{"type":"FeatureCollection","features":[{"type":"Feature","geometry":{"type":"Point","coordinates":[121.52676199994748,25.003400999113854]},"properties":{"supply_id":"new_taipei-parking-040063","city":"new_taipei","district":"永和區","display_name":"啟源停車場","address":"新北市永和區成功路1段78號B5","facility_kind":"public_parking","symbol_text":"S","type_reference":"一般停車場","type_confidence":1,"price_raw":"小型車月租4000元;","price_value":4000,"capacity_total":1,"available_total":null,"occupied_total":null,"status_label":"狀態未知","data_time":"2026-05-03 06:08:01.942681+08:00","city_label":"新北市","facility_kind_label":"停車場","available_rate":null,"occupancy_rate":null,"price_tier":"premium","price_tier_label":"極高價"}},{"type":"Feature","geometry":{"type":"Point","coordinates":[121.5196887146607,25.005515217405456]},"properties":{"supply_id":"new_taipei-parking-040032","city":"new_taipei","district":"永和區","display_name":"宏達經營管理顧問有限公司永利停車場","address":"新北市永和區永利路47號與永貞路70巷5號1~3F","facility_kind":"public_parking","symbol_text":"S","type_reference":"一般停車場","type_confidence":1,"price_raw":"小型車計時80元;小型車月租9000元;","price_value":9000,"capacity_total":126,"available_total":null,"occupied_total":null,"status_label":"狀態未知","data_time":"2026-05-03 06:08:01.942681+08:00","city_label":"新北市","facility_kind_label":"停車場","available_rate":null,"occupancy_rate":null,"price_tier":"premium","price_tier_label":"極高價"}},{"type":"Feature","geometry":{"type":"Point","coordinates":[121.52137327070078,24.998088192095615]},"properties":{"supply_id":"new_taipei-parking-040039","city":"new_taipei","district":"永和區","display_name":"香檳停車場","address":"新北市永和區民權路49巷5弄27號B1","facility_kind":"public_parking","symbol_text":"S","type_reference":"一般停車場","type_confidence":1,"price_raw":"小型車月租4000元;","price_value":4000,"capacity_total":19,"available_total":null,"occupied_total":null,"status_label":"狀態未知","data_time":"2026-05-03 06:08:01.942681+08:00","city_label":"新北市","facility_kind_label":"停車場","available_rate":null,"occupancy_rate":null,"price_tier":"premium","price_tier_label":"極高價"}},{"type":"Feature","geometry":{"type":"Point","coordinates":[121.52441854997221,25.010464086677324]},"properties":{"supply_id":"new_taipei-parking-040058","city":"new_taipei","district":"永和區","display_name":"帥帥停車場","address":"新北市永和區永福水門進入後右轉","facility_kind":"public_parking","symbol_text":"S","type_reference":"一般停車場","type_confidence":1,"price_raw":"小型車月租2500元;","price_value":2500,"capacity_total":70,"available_total":null,"occupied_total":null,"status_label":"狀態未知","data_time":"2026-05-03 06:08:01.942681+08:00","city_label":"新北市","facility_kind_label":"停車場","available_rate":null,"occupancy_rate":null,"price_tier":"premium","price_tier_label":"極高價"}},{"type":"Feature","geometry":{"type":"Point","coordinates":[121.51598024783343,25.008299766777125]},"properties":{"supply_id":"new_taipei-parking-040076","city":"new_taipei","district":"永和區","display_name":"Times永和大新街停車場","address":"新北市永和區大新街50-1號旁","facility_kind":"public_parking","symbol_text":"S","type_reference":"一般停車場","type_confidence":1,"price_raw":"小型車計時80元;小型車月租8000元;","price_value":8000,"capacity_total":4,"available_total":null,"occupied_total":null,"status_label":"狀態未知","data_time":"2026-05-03 06:08:01.942681+08:00","city_label":"新北市","facility_kind_label":"停車場","available_rate":null,"occupancy_rate":null,"price_tier":"premium","price_tier_label":"極高價"}},{"type":"Feature","geometry":{"type":"Point","coordinates":[121.529217866228,24.99963138874314]},"properties":{"supply_id":"new_taipei-parking-170053","city":"new_taipei","district":"永和區","display_name":"致和停車場","address":"新北市永和區環河東路4段20號對面堤防外高灘地","facility_kind":"public_parking","symbol_text":"S","type_reference":"一般停車場","type_confidence":1,"price_raw":"小型車月租4000元;","price_value":4000,"capacity_total":321,"available_total":null,"occupied_total":null,"status_label":"狀態未知","data_time":"2026-05-03 06:08:01.942681+08:00","city_label":"新北市","facility_kind_label":"停車場","available_rate":null,"occupancy_rate":null,"price_tier":"premium","price_tier_label":"極高價"}},{"type":"Feature","geometry":{"type":"Point","coordinates":[121.506648489366,25.00006657866255]},"properties":{"supply_id":"new_taipei-parking-040026","city":"new_taipei","district":"永和區","display_name":"双和停車場","address":"新北市永和區中和路305巷口西側旁空地","facility_kind":"public_parking","symbol_text":"S","type_reference":"一般停車場","type_confidence":1,"price_raw":"小型車計時40元;小型車月租3500元;","price_value":3500,"capacity_total":69,"available_total":null,"occupied_total":null,"status_label":"狀態未知","data_time":"2026-05-03 06:08:01.942681+08:00","city_label":"新北市","facility_kind_label":"停車場","available_rate":null,"occupancy_rate":null,"price_tier":"premium","price_tier_label":"極高價"}},{"type":"Feature","geometry":{"type":"Point","coordinates":[121.52920900739555,24.99871957868233]},"properties":{"supply_id":"new_taipei-parking-040060","city":"new_taipei","district":"永和區","display_name":"欣欣停車場","address":"新北市永和區環河東路4段48號對面","facility_kind":"public_parking","symbol_text":"S","type_reference":"一般停車場","type_confidence":1,"price_raw":"小型車月租4000元;","price_value":4000,"capacity_total":152,"available_total":null,"occupied_total":null,"status_label":"狀態未知","data_time":"2026-05-03 06:08:01.942681+08:00","city_label":"新北市","facility_kind_label":"停車場","available_rate":null,"occupancy_rate":null,"price_tier":"premium","price_tier_label":"極高價"}},{"type":"Feature","geometry":{"type":"Point","coordinates":[121.5301690300049,25.00201702613009]},"properties":{"supply_id":"new_taipei-parking-040068","city":"new_taipei","district":"永和區","display_name":"玉清宮停車場","address":"新北市永和區民樂街31巷17弄對面堤外高灘地","facility_kind":"public_parking","symbol_text":"S","type_reference":"一般停車場","type_confidence":1,"price_raw":"小型車月租2200元;","price_value":2200,"capacity_total":77,"available_total":null,"occupied_total":null,"status_label":"狀態未知","data_time":"2026-05-03 06:08:01.942681+08:00","city_label":"新北市","facility_kind_label":"停車場","available_rate":null,"occupancy_rate":null,"price_tier":"premium","price_tier_label":"極高價"}},{"type":"Feature","geometry":{"type":"Point","coordinates":[121.5301690300049,25.00201702613009]},"properties":{"supply_id":"new_taipei-parking-040068","city":"new_taipei","district":"永和區","display_name":"玉清宮停車場","address":"新北市永和區民樂街31巷17弄對面堤外高灘地","facility_kind":"public_parking","symbol_text":"S","type_reference":"一般停車場","type_confidence":1,"price_raw":"小型車月租2200元;","price_value":2200,"capacity_total":77,"available_total":null,"occupied_total":null,"status_label":"狀態未知","data_time":"2026-05-03 06:08:01.942681+08:00","city_label":"新北市","facility_kind_label":"停車場","available_rate":null,"occupancy_rate":null,"price_tier":"premium","price_tier_label":"極高價"}},{"type":"Feature","geometry":{"type":"Point","coordinates":[121.5025835740662,25.007316432340694]},"properties":{"supply_id":"new_taipei-parking-040062","city":"new_taipei","district":"永和區","display_name":"Times 永和仁愛路停車場","address":"新北市永和區仁愛路318號旁","facility_kind":"public_parking","symbol_text":"S","type_reference":"一般停車場","type_confidence":1,"price_raw":"小型車計時80元;小型車月租8000元;","price_value":8000,"capacity_total":23,"available_total":null,"occupied_total":null,"status_label":"狀態未知","data_time":"2026-05-03 06:08:01.942681+08:00","city_label":"新北市","facility_kind_label":"停車場","available_rate":null,"occupancy_rate":null,"price_tier":"premium","price_tier_label":"極高價"}},{"type":"Feature","geometry":{"type":"Point","coordinates":[121.52919270794746,24.998846030552308]},"properties":{"supply_id":"new_taipei-parking-040061","city":"new_taipei","district":"永和區","display_name":"天琴停車場","address":"新北市永和區環河東路4段對面河堤內停車場","facility_kind":"public_parking","symbol_text":"S","type_reference":"一般停車場","type_confidence":1,"price_raw":"小型車月租2500元;","price_value":2500,"capacity_total":192,"available_total":null,"occupied_total":null,"status_label":"狀態未知","data_time":"2026-05-03 06:08:01.942681+08:00","city_label":"新北市","facility_kind_label":"停車場","available_rate":null,"occupancy_rate":null,"price_tier":"premium","price_tier_label":"極高價"}},{"type":"Feature","geometry":{"type":"Point","coordinates":[121.51062553457592,25.002350644481787]},"properties":{"supply_id":"new_taipei-parking-040025","city":"new_taipei","district":"永和區","display_name":"漢傑企業-永安站停車場","address":"新北市永和區中和路499號B2/86~137號車位","facility_kind":"public_parking","symbol_text":"S","type_reference":"一般停車場","type_confidence":1,"price_raw":"小型車計時50元;小型車計時60元;小型車月租6000元;","price_value":6000,"capacity_total":52,"available_total":null,"occupied_total":null,"status_label":"狀態未知","data_time":"2026-05-03 06:08:01.942681+08:00","city_label":"新北市","facility_kind_label":"停車場","available_rate":null,"occupancy_rate":null,"price_tier":"premium","price_tier_label":"極高價"}},{"type":"Feature","geometry":{"type":"Point","coordinates":[121.52009790649038,25.01399120137085]},"properties":{"supply_id":"new_taipei-parking-040054","city":"new_taipei","district":"永和區","display_name":"網溪國小地下停車場","address":"新北市永和區竹林路79號B1~B3","facility_kind":"public_parking","symbol_text":"S","type_reference":"一般停車場","type_confidence":1,"price_raw":"小型車計時30元;小型車月租4000元;小型車月租2000元;","price_value":4000,"capacity_total":652,"available_total":76,"occupied_total":576,"status_label":"空位","data_time":"2026-05-03 06:08:01.942681+08:00","city_label":"新北市","facility_kind_label":"停車場","available_rate":0.1165644171779141,"occupancy_rate":0.8834355828220859,"price_tier":"premium","price_tier_label":"極高價"}},{"type":"Feature","geometry":{"type":"Point","coordinates":[121.50947141846778,25.00740133530212]},"properties":{"supply_id":"new_taipei-parking-040077","city":"new_taipei","district":"永和區","display_name":"永和保平停車場","address":"新北市永和區永貞路390號旁空地","facility_kind":"public_parking","symbol_text":"S","type_reference":"一般停車場","type_confidence":1,"price_raw":"小型車計時60元;小型車月租6000元;","price_value":6000,"capacity_total":12,"available_total":null,"occupied_total":null,"status_label":"狀態未知","data_time":"2026-05-03 06:08:01.942681+08:00","city_label":"新北市","facility_kind_label":"停車場","available_rate":null,"occupancy_rate":null,"price_tier":"premium","price_tier_label":"極高價"}},{"type":"Feature","geometry":{"type":"Point","coordinates":[121.51076122283636,25.015756965934578]},"properties":{"supply_id":"new_taipei-parking-040056","city":"new_taipei","district":"永和區","display_name":"頂溪國小地下停車場","address":"新北市永和區文化路133號B1~B3","facility_kind":"public_parking","symbol_text":"S","type_reference":"一般停車場","type_confidence":1,"price_raw":"小型車計時30元;小型車月租4000元;身障車月租2000元;重型機車計時30元;重型機車月租1500元;機車計次10元;機車月租300元;身障機車月租150元;","price_value":4000,"capacity_total":436,"available_total":29,"occupied_total":407,"status_label":"空位","data_time":"2026-05-03 06:08:01.942681+08:00","city_label":"新北市","facility_kind_label":"停車場","available_rate":0.06651376146788991,"occupancy_rate":0.9334862385321101,"price_tier":"premium","price_tier_label":"極高價"}},{"type":"Feature","geometry":{"type":"Point","coordinates":[121.51845225475493,25.013524777103424]},"properties":{"supply_id":"new_taipei-parking-040071","city":"new_taipei","district":"永和區","display_name":"吉美一品收費停車場","address":"新北市永和區竹林路68號B1/283~301號汽車格位及1~19號機車格位","facility_kind":"public_parking","symbol_text":"S","type_reference":"一般停車場","type_confidence":1,"price_raw":"小型車月租4000元;機車月租700元;","price_value":4000,"capacity_total":19,"available_total":null,"occupied_total":null,"status_label":"狀態未知","data_time":"2026-05-03 06:08:01.942681+08:00","city_label":"新北市","facility_kind_label":"停車場","available_rate":null,"occupancy_rate":null,"price_tier":"premium","price_tier_label":"極高價"}},{"type":"Feature","geometry":{"type":"Point","coordinates":[121.50653492985496,25.011027136618942]},"properties":{"supply_id":"new_taipei-parking-040001","city":"new_taipei","district":"永和區","display_name":"永和仁愛公園地下停車場","address":"新北市永和區仁愛路244-1號B1、B2","facility_kind":"public_parking","symbol_text":"S","type_reference":"一般停車場","type_confidence":1,"price_raw":"小型車計時30元;小型車月租4000元;身障車月租2000元;","price_value":4000,"capacity_total":645,"available_total":102,"occupied_total":543,"status_label":"空位","data_time":"2026-05-03 06:08:01.942681+08:00","city_label":"新北市","facility_kind_label":"停車場","available_rate":0.15813953488372093,"occupancy_rate":0.8418604651162791,"price_tier":"premium","price_tier_label":"極高價"}},{"type":"Feature","geometry":{"type":"Point","coordinates":[121.52510291947856,25.003184999772518]},"properties":{"supply_id":"new_taipei-parking-110064","city":"new_taipei","district":"永和區","display_name":"永和國民運動中心地下停車場","address":"新北市永和區永利路250號B1~B3","facility_kind":"public_parking","symbol_text":"S","type_reference":"一般停車場","type_confidence":1,"price_raw":"小型車計時30元;小型車月租4000元;身障車月租2000元;機車計次50元;","price_value":4000,"capacity_total":288,"available_total":null,"occupied_total":null,"status_label":"狀態未知","data_time":"2026-05-03 06:08:01.942681+08:00","city_label":"新北市","facility_kind_label":"停車場","available_rate":null,"occupancy_rate":null,"price_tier":"premium","price_tier_label":"極高價"}},{"type":"Feature","geometry":{"type":"Point","coordinates":[121.51517402194453,25.01880227704247]},"properties":{"supply_id":"new_taipei-parking-040048","city":"new_taipei","district":"永和區","display_name":"振順停車場","address":"新北市永和區環河西路1段中正水門進入向左轉","facility_kind":"public_parking","symbol_text":"S","type_reference":"一般停車場","type_confidence":1,"price_raw":"小型車月租3000元;","price_value":3000,"capacity_total":75,"available_total":null,"occupied_total":null,"status_label":"狀態未知","data_time":"2026-05-03 06:08:01.942681+08:00","city_label":"新北市","facility_kind_label":"停車場","available_rate":null,"occupancy_rate":null,"price_tier":"premium","price_tier_label":"極高價"}},{"type":"Feature","geometry":{"type":"Point","coordinates":[121.50930369105076,25.00732968461441]},"properties":{"supply_id":"new_taipei-parking-040078","city":"new_taipei","district":"永和區","display_name":"Times永和永貞路停車場","address":"新北市永和區永貞路349號旁","facility_kind":"public_parking","symbol_text":"S","type_reference":"一般停車場","type_confidence":1,"price_raw":"小型車計時80元;小型車月租8000元;","price_value":8000,"capacity_total":72,"available_total":null,"occupied_total":null,"status_label":"狀態未知","data_time":"2026-05-03 06:08:01.942681+08:00","city_label":"新北市","facility_kind_label":"停車場","available_rate":null,"occupancy_rate":null,"price_tier":"premium","price_tier_label":"極高價"}},{"type":"Feature","geometry":{"type":"Point","coordinates":[121.52929100168171,25.00120500294589]},"properties":{"supply_id":"new_taipei-parking-040069","city":"new_taipei","district":"永和區","display_name":"永和花園停車場","address":"新北市永和區環河東路4段20號對面高灘地","facility_kind":"public_parking","symbol_text":"S","type_reference":"一般停車場","type_confidence":1,"price_raw":"小型車月租2000元;","price_value":2000,"capacity_total":96,"available_total":null,"occupied_total":null,"status_label":"狀態未知","data_time":"2026-05-03 06:08:01.942681+08:00","city_label":"新北市","facility_kind_label":"停車場","available_rate":null,"occupancy_rate":null,"price_tier":"premium","price_tier_label":"極高價"}},{"type":"Feature","geometry":{"type":"Point","coordinates":[121.52936999990497,25.00072000142638]},"properties":{"supply_id":"new_taipei-parking-040070","city":"new_taipei","district":"永和區","display_name":"永和花園停車二場","address":"新北市永和區環河東路4段20號對面高灘地","facility_kind":"public_parking","symbol_text":"S","type_reference":"一般停車場","type_confidence":1,"price_raw":"小型車月租2000元;","price_value":2000,"capacity_total":50,"available_total":null,"occupied_total":null,"status_label":"狀態未知","data_time":"2026-05-03 06:08:01.942681+08:00","city_label":"新北市","facility_kind_label":"停車場","available_rate":null,"occupancy_rate":null,"price_tier":"premium","price_tier_label":"極高價"}},{"type":"Feature","geometry":{"type":"Point","coordinates":[121.50577899111038,25.007883401462763]},"properties":{"supply_id":"new_taipei-parking-040009","city":"new_taipei","district":"永和區","display_name":"永平國小平面停車場","address":"新北市永和區保生路25號1F/1~36號車格位","facility_kind":"public_parking","symbol_text":"S","type_reference":"一般停車場","type_confidence":1,"price_raw":"小型車計時100元;小型車月租4000元;","price_value":4000,"capacity_total":36,"available_total":null,"occupied_total":null,"status_label":"狀態未知","data_time":"2026-05-03 06:08:01.942681+08:00","city_label":"新北市","facility_kind_label":"停車場","available_rate":null,"occupancy_rate":null,"price_tier":"premium","price_tier_label":"極高價"}},{"type":"Feature","geometry":{"type":"Point","coordinates":[121.52951724843712,25.0022213972871]},"properties":{"supply_id":"new_taipei-parking-040074","city":"new_taipei","district":"永和區","display_name":"鴻霖停車場","address":"新北市永和區環河東路3段與成功路1段93巷交叉口對面河堤內","facility_kind":"public_parking","symbol_text":"S","type_reference":"一般停車場","type_confidence":1,"price_raw":"小型車月租2500元;","price_value":2500,"capacity_total":10,"available_total":null,"occupied_total":null,"status_label":"狀態未知","data_time":"2026-05-03 06:08:01.942681+08:00","city_label":"新北市","facility_kind_label":"停車場","available_rate":null,"occupancy_rate":null,"price_tier":"premium","price_tier_label":"極高價"}},{"type":"Feature","geometry":{"type":"Point","coordinates":[121.51741475220017,25.0026070562074]},"properties":{"supply_id":"new_taipei-parking-040050","city":"new_taipei","district":"永和區","display_name":"永和國小平面停車場","address":"新北市永和區秀朗路1段120號(1樓)","facility_kind":"public_parking","symbol_text":"S","type_reference":"一般停車場","type_confidence":1,"price_raw":"小型車月租2000元;","price_value":2000,"capacity_total":51,"available_total":null,"occupied_total":null,"status_label":"狀態未知","data_time":"2026-05-03 06:08:01.942681+08:00","city_label":"新北市","facility_kind_label":"停車場","available_rate":null,"occupancy_rate":null,"price_tier":"premium","price_tier_label":"極高價"}},{"type":"Feature","geometry":{"type":"Point","coordinates":[121.5292999999393,25.00145999939944]},"properties":{"supply_id":"new_taipei-parking-040064","city":"new_taipei","district":"永和區","display_name":"永龍停車場","address":"新北市永和區環河東路3段與民樂街31巷口對面堤外高灘地","facility_kind":"public_parking","symbol_text":"S","type_reference":"一般停車場","type_confidence":1,"price_raw":"小型車月租2000元;","price_value":2000,"capacity_total":54,"available_total":null,"occupied_total":null,"status_label":"狀態未知","data_time":"2026-05-03 06:08:01.942681+08:00","city_label":"新北市","facility_kind_label":"停車場","available_rate":null,"occupancy_rate":null,"price_tier":"premium","price_tier_label":"極高價"}},{"type":"Feature","geometry":{"type":"Point","coordinates":[121.51742444408606,25.011305631554293]},"properties":{"supply_id":"new_taipei-parking-040027","city":"new_taipei","district":"永和區","display_name":"USPACE永和耕莘醫院停車場","address":"新北市永和區中興街52巷1弄28號1樓及B3","facility_kind":"public_parking","symbol_text":"S","type_reference":"一般停車場","type_confidence":1,"price_raw":"小型車計時60元;小型車月租8000元;","price_value":8000,"capacity_total":38,"available_total":null,"occupied_total":null,"status_label":"狀態未知","data_time":"2026-05-03 06:08:01.942681+08:00","city_label":"新北市","facility_kind_label":"停車場","available_rate":null,"occupancy_rate":null,"price_tier":"premium","price_tier_label":"極高價"}},{"type":"Feature","geometry":{"type":"Point","coordinates":[121.51234566687457,25.00433633853674]},"properties":{"supply_id":"new_taipei-parking-040079","city":"new_taipei","district":"永和區","display_name":"Times永和中和路停車場","address":"新北市永和區中和路599號旁","facility_kind":"public_parking","symbol_text":"S","type_reference":"一般停車場","type_confidence":1,"price_raw":"小型車計時80元;小型車月租8000元;","price_value":8000,"capacity_total":6,"available_total":null,"occupied_total":null,"status_label":"狀態未知","data_time":"2026-05-03 06:08:01.942681+08:00","city_label":"新北市","facility_kind_label":"停車場","available_rate":null,"occupancy_rate":null,"price_tier":"premium","price_tier_label":"極高價"}},{"type":"Feature","geometry":{"type":"Point","coordinates":[121.51395052399633,25.008604723299083]},"properties":{"supply_id":"new_taipei-parking-010250","city":"new_taipei","district":"永和區","display_name":"錢櫃永和店停車場","address":"新北市永和區永和路1段129號B1、B2","facility_kind":"public_parking","symbol_text":"S","type_reference":"一般停車場","type_confidence":1,"price_raw":"小型車計時70元;小型車計時90元;","price_value":90,"capacity_total":29,"available_total":null,"occupied_total":null,"status_label":"狀態未知","data_time":"2026-05-03 06:08:01.942681+08:00","city_label":"新北市","facility_kind_label":"停車場","available_rate":null,"occupancy_rate":null,"price_tier":"premium","price_tier_label":"極高價"}},{"type":"Feature","geometry":{"type":"Point","coordinates":[121.529233812816,25.004741254026133]},"properties":{"supply_id":"new_taipei-parking-040043","city":"new_taipei","district":"永和區","display_name":"大家停車二場","address":"新北市永和區民樂街31巷前堤外","facility_kind":"public_parking","symbol_text":"S","type_reference":"一般停車場","type_confidence":1,"price_raw":"小型車計次100元;小型車月租2500元;小型車月租3000元;","price_value":3000,"capacity_total":480,"available_total":null,"occupied_total":null,"status_label":"狀態未知","data_time":"2026-05-03 06:08:01.942681+08:00","city_label":"新北市","facility_kind_label":"停車場","available_rate":null,"occupancy_rate":null,"price_tier":"premium","price_tier_label":"極高價"}},{"type":"Feature","geometry":{"type":"Point","coordinates":[121.5152083364784,25.012067174761007]},"properties":{"supply_id":"new_taipei-parking-040028","city":"new_taipei","district":"永和區","display_name":"台灣聯通永一停車場","address":"新北市永和區永和路2段116號B1","facility_kind":"public_parking","symbol_text":"S","type_reference":"一般停車場","type_confidence":1,"price_raw":"小型車計時80元;小型車月租8000元;","price_value":8000,"capacity_total":19,"available_total":null,"occupied_total":null,"status_label":"狀態未知","data_time":"2026-05-03 06:08:01.942681+08:00","city_label":"新北市","facility_kind_label":"停車場","available_rate":null,"occupancy_rate":null,"price_tier":"premium","price_tier_label":"極高價"}},{"type":"Feature","geometry":{"type":"Point","coordinates":[121.51647853349705,25.003075259133244]},"properties":{"supply_id":"new_taipei-parking-040003","city":"new_taipei","district":"永和區","display_name":"永和國小地下停車場","address":"新北市永和區中正路299號B1、B2","facility_kind":"public_parking","symbol_text":"S","type_reference":"一般停車場","type_confidence":1,"price_raw":"小型車計時30元;小型車月租4200元;身障車月租2000元;重型機車計時30元;重型機車月租1500元;","price_value":4200,"capacity_total":283,"available_total":38,"occupied_total":245,"status_label":"空位","data_time":"2026-05-03 06:08:01.942681+08:00","city_label":"新北市","facility_kind_label":"停車場","available_rate":0.13427561837455831,"occupancy_rate":0.8657243816254417,"price_tier":"premium","price_tier_label":"極高價"}},{"type":"Feature","geometry":{"type":"Point","coordinates":[121.52961202290014,25.005841339287283]},"properties":{"supply_id":"new_taipei-parking-040080","city":"new_taipei","district":"永和區","display_name":"茂霖停車場","address":"新北市永和區福和橋下福和市集東北側後方","facility_kind":"public_parking","symbol_text":"S","type_reference":"一般停車場","type_confidence":1,"price_raw":"小型車月租2000元;","price_value":2000,"capacity_total":23,"available_total":null,"occupied_total":null,"status_label":"狀態未知","data_time":"2026-05-03 06:08:01.942681+08:00","city_label":"新北市","facility_kind_label":"停車場","available_rate":null,"occupancy_rate":null,"price_tier":"premium","price_tier_label":"極高價"}},{"type":"Feature","geometry":{"type":"Point","coordinates":[121.52463649874854,25.00299705477346]},"properties":{"supply_id":"new_taipei-parking-040034","city":"new_taipei","district":"永和區","display_name":"秀朗福利站附設平面停車場","address":"新北市永和區永利路248號附設平面停車場","facility_kind":"public_parking","symbol_text":"S","type_reference":"一般停車場","type_confidence":1,"price_raw":"小型車計時60元;小型車月租4000元;","price_value":4000,"capacity_total":131,"available_total":null,"occupied_total":null,"status_label":"狀態未知","data_time":"2026-05-03 06:08:01.942681+08:00","city_label":"新北市","facility_kind_label":"停車場","available_rate":null,"occupancy_rate":null,"price_tier":"premium","price_tier_label":"極高價"}},{"type":"Feature","geometry":{"type":"Point","coordinates":[121.51945823270205,24.996645873784278]},"properties":{"supply_id":"new_taipei-parking-040023","city":"new_taipei","district":"永和區","display_name":"大誠停車場","address":"新北市永和區民權路102號B1","facility_kind":"public_parking","symbol_text":"S","type_reference":"一般停車場","type_confidence":1,"price_raw":"小型車月租3700元;","price_value":3700,"capacity_total":32,"available_total":null,"occupied_total":null,"status_label":"狀態未知","data_time":"2026-05-03 06:08:01.942681+08:00","city_label":"新北市","facility_kind_label":"停車場","available_rate":null,"occupancy_rate":null,"price_tier":"premium","price_tier_label":"極高價"}},{"type":"Feature","geometry":{"type":"Point","coordinates":[121.51939650708692,25.010003220313944]},"properties":{"supply_id":"new_taipei-parking-040081","city":"new_taipei","district":"永和區","display_name":"Times永和豫溪街停車場","address":"新北市永和區豫溪街110號旁","facility_kind":"public_parking","symbol_text":"S","type_reference":"一般停車場","type_confidence":1,"price_raw":"小型車計時80元;小型車月租8000元;","price_value":8000,"capacity_total":50,"available_total":null,"occupied_total":null,"status_label":"狀態未知","data_time":"2026-05-03 06:08:01.942681+08:00","city_label":"新北市","facility_kind_label":"停車場","available_rate":null,"occupancy_rate":null,"price_tier":"premium","price_tier_label":"極高價"}},{"type":"Feature","geometry":{"type":"Point","coordinates":[121.51848882199265,25.012087371629097]},"properties":{"supply_id":"new_taipei-parking-040082","city":"new_taipei","district":"永和區","display_name":"永和中興停車場","address":"新北市永和區中興街88號旁","facility_kind":"public_parking","symbol_text":"S","type_reference":"一般停車場","type_confidence":1,"price_raw":"小型車計時120元;小型車月租8000元;","price_value":8000,"capacity_total":5,"available_total":null,"occupied_total":null,"status_label":"狀態未知","data_time":"2026-05-03 06:08:01.942681+08:00","city_label":"新北市","facility_kind_label":"停車場","available_rate":null,"occupancy_rate":null,"price_tier":"premium","price_tier_label":"極高價"}},{"type":"Feature","geometry":{"type":"Point","coordinates":[121.5267778852377,25.003350611926543]},"properties":{"supply_id":"new_taipei-parking-040030","city":"new_taipei","district":"永和區","display_name":"永安停車場","address":"新北市永和區成功路1段80號B3","facility_kind":"public_parking","symbol_text":"S","type_reference":"一般停車場","type_confidence":1,"price_raw":"小型車計時30元;小型車月租4000元;","price_value":4000,"capacity_total":72,"available_total":null,"occupied_total":null,"status_label":"狀態未知","data_time":"2026-05-03 06:08:01.942681+08:00","city_label":"新北市","facility_kind_label":"停車場","available_rate":null,"occupancy_rate":null,"price_tier":"premium","price_tier_label":"極高價"}},{"type":"Feature","geometry":{"type":"Point","coordinates":[121.51900542759611,25.01265885565989]},"properties":{"supply_id":"new_taipei-parking-040013","city":"new_taipei","district":"永和區","display_name":"中信平面汽車停車場","address":"新北市永和區中興街88號對面空地","facility_kind":"public_parking","symbol_text":"S","type_reference":"一般停車場","type_confidence":1,"price_raw":"小型車計時40元;小型車計時50元;小型車月租6500元;身障車月租3250元;小型車月租1625元 ;","price_value":6500,"capacity_total":72,"available_total":36,"occupied_total":36,"status_label":"空位","data_time":"2026-05-03 06:08:01.942681+08:00","city_label":"新北市","facility_kind_label":"停車場","available_rate":0.5,"occupancy_rate":0.5,"price_tier":"premium","price_tier_label":"極高價"}},{"type":"Feature","geometry":{"type":"Point","coordinates":[121.5049732814214,25.01218353564937]},"properties":{"supply_id":"new_taipei-parking-040044","city":"new_taipei","district":"永和區","display_name":"永和區保生路平面停車場","address":"新北市永和區保安路292號旁","facility_kind":"public_parking","symbol_text":"S","type_reference":"一般停車場","type_confidence":1,"price_raw":"小型車計時30元;小型車月租3500元;身障車月租1650元;機車免費;","price_value":3500,"capacity_total":31,"available_total":24,"occupied_total":7,"status_label":"空位","data_time":"2026-05-03 06:08:01.942681+08:00","city_label":"新北市","facility_kind_label":"停車場","available_rate":0.7741935483870968,"occupancy_rate":0.22580645161290322,"price_tier":"premium","price_tier_label":"極高價"}},{"type":"Feature","geometry":{"type":"Point","coordinates":[121.51846569044164,25.00822973181211]},"properties":{"supply_id":"new_taipei-parking-040075","city":"new_taipei","district":"永和區","display_name":"停佳安國光停車場","address":"新北市永和區大新街73巷32號旁","facility_kind":"public_parking","symbol_text":"S","type_reference":"一般停車場","type_confidence":1,"price_raw":"小型車計時60元;小型車月租7000元;","price_value":7000,"capacity_total":38,"available_total":null,"occupied_total":null,"status_label":"狀態未知","data_time":"2026-05-03 06:08:01.942681+08:00","city_label":"新北市","facility_kind_label":"停車場","available_rate":null,"occupancy_rate":null,"price_tier":"premium","price_tier_label":"極高價"}},{"type":"Feature","geometry":{"type":"Point","coordinates":[121.5301690300049,25.00201702613009]},"properties":{"supply_id":"new_taipei-parking-040067","city":"new_taipei","district":"永和區","display_name":"珍珍停車場","address":"新北市永和區民樂街31巷17弄對面堤外高灘地","facility_kind":"public_parking","symbol_text":"S","type_reference":"一般停車場","type_confidence":1,"price_raw":"小型車月租2200元;","price_value":2200,"capacity_total":56,"available_total":null,"occupied_total":null,"status_label":"狀態未知","data_time":"2026-05-03 06:08:01.942681+08:00","city_label":"新北市","facility_kind_label":"停車場","available_rate":null,"occupancy_rate":null,"price_tier":"premium","price_tier_label":"極高價"}},{"type":"Feature","geometry":{"type":"Point","coordinates":[121.5301690300049,25.00201702613009]},"properties":{"supply_id":"new_taipei-parking-040068","city":"new_taipei","district":"永和區","display_name":"玉清宮停車場","address":"新北市永和區民樂街31巷17弄對面堤外高灘地","facility_kind":"public_parking","symbol_text":"S","type_reference":"一般停車場","type_confidence":1,"price_raw":"小型車月租2200元;","price_value":2200,"capacity_total":77,"available_total":null,"occupied_total":null,"status_label":"狀態未知","data_time":"2026-05-03 06:08:01.942681+08:00","city_label":"新北市","facility_kind_label":"停車場","available_rate":null,"occupancy_rate":null,"price_tier":"premium","price_tier_label":"極高價"}},{"type":"Feature","geometry":{"type":"Point","coordinates":[121.5301690300049,25.00201702613009]},"properties":{"supply_id":"new_taipei-parking-040068","city":"new_taipei","district":"永和區","display_name":"玉清宮停車場","address":"新北市永和區民樂街31巷17弄對面堤外高灘地","facility_kind":"public_parking","symbol_text":"S","type_reference":"一般停車場","type_confidence":1,"price_raw":"小型車月租2200元;","price_value":2200,"capacity_total":77,"available_total":null,"occupied_total":null,"status_label":"狀態未知","data_time":"2026-05-03 06:08:01.942681+08:00","city_label":"新北市","facility_kind_label":"停車場","available_rate":null,"occupancy_rate":null,"price_tier":"premium","price_tier_label":"極高價"}},{"type":"Feature","geometry":{"type":"Point","coordinates":[121.52863838633004,25.00751500628646]},"properties":{"supply_id":"new_taipei-parking-040072","city":"new_taipei","district":"永和區","display_name":"福和停車場","address":"新北市永和區福和橋下假日花市左方","facility_kind":"public_parking","symbol_text":"S","type_reference":"一般停車場","type_confidence":1,"price_raw":"小型車月租2500元;","price_value":2500,"capacity_total":102,"available_total":null,"occupied_total":null,"status_label":"狀態未知","data_time":"2026-05-03 06:08:01.942681+08:00","city_label":"新北市","facility_kind_label":"停車場","available_rate":null,"occupancy_rate":null,"price_tier":"premium","price_tier_label":"極高價"}},{"type":"Feature","geometry":{"type":"Point","coordinates":[121.51452701873488,25.01975247050337]},"properties":{"supply_id":"new_taipei-parking-040014","city":"new_taipei","district":"永和區","display_name":"綠寶石區停車場","address":"新北市永和區中正橋下綠寶石區高灘地","facility_kind":"public_parking","symbol_text":"S","type_reference":"一般停車場","type_confidence":1,"price_raw":"大型車月租6000元;小型車計時20元;小型車計時40元;小型車月租2200元;身障車月租1100元;機車免費;","price_value":6000,"capacity_total":764,"available_total":64,"occupied_total":700,"status_label":"空位","data_time":"2026-05-03 06:08:01.942681+08:00","city_label":"新北市","facility_kind_label":"停車場","available_rate":0.08376963350785341,"occupancy_rate":0.9162303664921466,"price_tier":"premium","price_tier_label":"極高價"}},{"type":"Feature","geometry":{"type":"Point","coordinates":[121.51452701873488,25.01975247050337]},"properties":{"supply_id":"new_taipei-parking-040014","city":"new_taipei","district":"永和區","display_name":"綠寶石區停車場","address":"新北市永和區中正橋下綠寶石區高灘地","facility_kind":"public_parking","symbol_text":"S","type_reference":"一般停車場","type_confidence":1,"price_raw":"大型車月租6000元;小型車計時20元;小型車計時40元;小型車月租2200元;身障車月租1100元;機車免費;","price_value":6000,"capacity_total":764,"available_total":64,"occupied_total":700,"status_label":"空位","data_time":"2026-05-03 06:08:01.942681+08:00","city_label":"新北市","facility_kind_label":"停車場","available_rate":0.08376963350785341,"occupancy_rate":0.9162303664921466,"price_tier":"premium","price_tier_label":"極高價"}},{"type":"Feature","geometry":{"type":"Point","coordinates":[121.51452701873488,25.01975247050337]},"properties":{"supply_id":"new_taipei-parking-040014","city":"new_taipei","district":"永和區","display_name":"綠寶石區停車場","address":"新北市永和區中正橋下綠寶石區高灘地","facility_kind":"public_parking","symbol_text":"S","type_reference":"一般停車場","type_confidence":1,"price_raw":"大型車月租6000元;小型車計時20元;小型車計時40元;小型車月租2200元;身障車月租1100元;機車免費;","price_value":6000,"capacity_total":787,"available_total":64,"occupied_total":723,"status_label":"空位","data_time":"2026-05-03 06:08:01.942681+08:00","city_label":"新北市","facility_kind_label":"停車場","available_rate":0.08132147395171538,"occupancy_rate":0.9186785260482846,"price_tier":"premium","price_tier_label":"極高價"}},{"type":"Feature","geometry":{"type":"Point","coordinates":[121.51452701873488,25.01975247050337]},"properties":{"supply_id":"new_taipei-parking-040014","city":"new_taipei","district":"永和區","display_name":"綠寶石區停車場","address":"新北市永和區中正橋下綠寶石區高灘地","facility_kind":"public_parking","symbol_text":"S","type_reference":"一般停車場","type_confidence":1,"price_raw":"大型車月租6000元;小型車計時20元;小型車計時40元;小型車月租2200元;身障車月租1100元;機車免費;","price_value":6000,"capacity_total":787,"available_total":64,"occupied_total":723,"status_label":"空位","data_time":"2026-05-03 06:08:01.942681+08:00","city_label":"新北市","facility_kind_label":"停車場","available_rate":0.08132147395171538,"occupancy_rate":0.9186785260482846,"price_tier":"premium","price_tier_label":"極高價"}},{"type":"Feature","geometry":{"type":"Point","coordinates":[121.51620269688367,25.018852877864568]},"properties":{"supply_id":"new_taipei-parking-040037","city":"new_taipei","district":"永和區","display_name":"綠光河岸區停車場","address":"新北市永和區中正橋下綠光河岸區高灘地","facility_kind":"public_parking","symbol_text":"S","type_reference":"一般停車場","type_confidence":1,"price_raw":"小型車計時20元;小型車計時40元;小型車月租2200元;身障車月租1100元;機車免費;","price_value":2200,"capacity_total":442,"available_total":19,"occupied_total":423,"status_label":"空位","data_time":"2026-05-03 06:08:01.942681+08:00","city_label":"新北市","facility_kind_label":"停車場","available_rate":0.042986425339366516,"occupancy_rate":0.9570135746606335,"price_tier":"premium","price_tier_label":"極高價"}},{"type":"Feature","geometry":{"type":"Point","coordinates":[121.51620269688367,25.018852877864568]},"properties":{"supply_id":"new_taipei-parking-040037","city":"new_taipei","district":"永和區","display_name":"綠光河岸區停車場","address":"新北市永和區中正橋下綠光河岸區高灘地","facility_kind":"public_parking","symbol_text":"S","type_reference":"一般停車場","type_confidence":1,"price_raw":"小型車計時20元;小型車計時40元;小型車月租2200元;身障車月租1100元;機車免費;","price_value":2200,"capacity_total":442,"available_total":19,"occupied_total":423,"status_label":"空位","data_time":"2026-05-03 06:08:01.942681+08:00","city_label":"新北市","facility_kind_label":"停車場","available_rate":0.042986425339366516,"occupancy_rate":0.9570135746606335,"price_tier":"premium","price_tier_label":"極高價"}},{"type":"Feature","geometry":{"type":"Point","coordinates":[121.513882,25.012152]},"properties":{"supply_id":"new_taipei-onstreet-94069","city":"new_taipei","district":"永和區","display_name":"信義路 車格 94069","address":"信義路","facility_kind":"onstreet","symbol_text":null,"type_reference":"路邊停車格","type_confidence":0.6,"price_raw":null,"price_value":null,"capacity_total":1,"available_total":1,"occupied_total":0,"status_label":"空位","data_time":"2026-05-02 15:53:29+08:00","city_label":"新北市","facility_kind_label":"路邊車格","available_rate":1,"occupancy_rate":0,"price_tier":"unknown","price_tier_label":"價格未知"}},{"type":"Feature","geometry":{"type":"Point","coordinates":[121.509456,25.006298]},"properties":{"supply_id":"new_taipei-onstreet-108464","city":"new_taipei","district":"永和區","display_name":"保平路214巷 車格 108464","address":"保平路214巷","facility_kind":"onstreet","symbol_text":null,"type_reference":"路邊停車格","type_confidence":0.6,"price_raw":null,"price_value":null,"capacity_total":1,"available_total":1,"occupied_total":0,"status_label":"空位","data_time":"2026-05-02 15:53:29+08:00","city_label":"新北市","facility_kind_label":"路邊車格","available_rate":1,"occupancy_rate":0,"price_tier":"unknown","price_tier_label":"價格未知"}},{"type":"Feature","geometry":{"type":"Point","coordinates":[121.508907,25.007428]},"properties":{"supply_id":"new_taipei-onstreet-132319","city":"new_taipei","district":"永和區","display_name":"永貞路355巷 車格 132319","address":"永貞路355巷","facility_kind":"onstreet","symbol_text":null,"type_reference":"路邊停車格","type_confidence":0.6,"price_raw":null,"price_value":null,"capacity_total":1,"available_total":1,"occupied_total":0,"status_label":"空位","data_time":"2026-05-02 15:53:29+08:00","city_label":"新北市","facility_kind_label":"路邊車格","available_rate":1,"occupancy_rate":0,"price_tier":"unknown","price_tier_label":"價格未知"}},{"type":"Feature","geometry":{"type":"Point","coordinates":[121.517923,24.998934]},"properties":{"supply_id":"new_taipei-onstreet-129255","city":"new_taipei","district":"永和區","display_name":"智光街 車格 129255","address":"智光街","facility_kind":"onstreet","symbol_text":null,"type_reference":"路邊停車格","type_confidence":0.6,"price_raw":null,"price_value":null,"capacity_total":1,"available_total":1,"occupied_total":0,"status_label":"空位","data_time":"2026-05-02 15:53:29+08:00","city_label":"新北市","facility_kind_label":"路邊車格","available_rate":1,"occupancy_rate":0,"price_tier":"unknown","price_tier_label":"價格未知"}},{"type":"Feature","geometry":{"type":"Point","coordinates":[121.518558,24.999676]},"properties":{"supply_id":"new_taipei-onstreet-145951","city":"new_taipei","district":"永和區","display_name":"智光街10巷 車格 145951","address":"智光街10巷","facility_kind":"onstreet","symbol_text":null,"type_reference":"路邊停車格","type_confidence":0.6,"price_raw":null,"price_value":null,"capacity_total":1,"available_total":1,"occupied_total":0,"status_label":"空位","data_time":"2026-05-02 15:53:29+08:00","city_label":"新北市","facility_kind_label":"路邊車格","available_rate":1,"occupancy_rate":0,"price_tier":"unknown","price_tier_label":"價格未知"}},{"type":"Feature","geometry":{"type":"Point","coordinates":[121.510877,25.009464]},"properties":{"supply_id":"new_taipei-onstreet-106526","city":"new_taipei","district":"永和區","display_name":"永平路180巷 車格 106526","address":"永平路180巷","facility_kind":"onstreet","symbol_text":null,"type_reference":"路邊停車格","type_confidence":0.6,"price_raw":null,"price_value":null,"capacity_total":1,"available_total":1,"occupied_total":0,"status_label":"空位","data_time":"2026-05-02 15:53:29+08:00","city_label":"新北市","facility_kind_label":"路邊車格","available_rate":1,"occupancy_rate":0,"price_tier":"unknown","price_tier_label":"價格未知"}},{"type":"Feature","geometry":{"type":"Point","coordinates":[121.511496,25.015695]},"properties":{"supply_id":"new_taipei-onstreet-94204","city":"new_taipei","district":"永和區","display_name":"文化路 車格 94204","address":"文化路","facility_kind":"onstreet","symbol_text":null,"type_reference":"路邊停車格","type_confidence":0.6,"price_raw":null,"price_value":null,"capacity_total":1,"available_total":1,"occupied_total":0,"status_label":"空位","data_time":"2026-05-02 15:53:29+08:00","city_label":"新北市","facility_kind_label":"路邊車格","available_rate":1,"occupancy_rate":0,"price_tier":"unknown","price_tier_label":"價格未知"}},{"type":"Feature","geometry":{"type":"Point","coordinates":[121.517733,25.011032]},"properties":{"supply_id":"new_taipei-onstreet-142246","city":"new_taipei","district":"永和區","display_name":"國光路 車格 142246","address":"國光路","facility_kind":"onstreet","symbol_text":null,"type_reference":"路邊停車格","type_confidence":0.6,"price_raw":null,"price_value":null,"capacity_total":1,"available_total":0,"occupied_total":1,"status_label":"已停","data_time":"2026-05-02 15:53:29+08:00","city_label":"新北市","facility_kind_label":"路邊車格","available_rate":0,"occupancy_rate":1,"price_tier":"unknown","price_tier_label":"價格未知"}},{"type":"Feature","geometry":{"type":"Point","coordinates":[121.517773,25.010918]},"properties":{"supply_id":"new_taipei-onstreet-27287","city":"new_taipei","district":"永和區","display_name":"國光路 車格 27287","address":"國光路","facility_kind":"onstreet","symbol_text":null,"type_reference":"路邊停車格","type_confidence":0.6,"price_raw":null,"price_value":null,"capacity_total":1,"available_total":0,"occupied_total":1,"status_label":"已停","data_time":"2026-05-02 15:53:29+08:00","city_label":"新北市","facility_kind_label":"路邊車格","available_rate":0,"occupancy_rate":1,"price_tier":"unknown","price_tier_label":"價格未知"}},{"type":"Feature","geometry":{"type":"Point","coordinates":[121.52018,25.005519]},"properties":{"supply_id":"new_taipei-onstreet-14383","city":"new_taipei","district":"永和區","display_name":"永貞路70巷 車格 14383","address":"永貞路70巷","facility_kind":"onstreet","symbol_text":null,"type_reference":"路邊停車格","type_confidence":0.6,"price_raw":null,"price_value":null,"capacity_total":1,"available_total":0,"occupied_total":1,"status_label":"已停","data_time":"2026-05-02 15:53:29+08:00","city_label":"新北市","facility_kind_label":"路邊車格","available_rate":0,"occupancy_rate":1,"price_tier":"unknown","price_tier_label":"價格未知"}},{"type":"Feature","geometry":{"type":"Point","coordinates":[121.524568,25.003985]},"properties":{"supply_id":"new_taipei-onstreet-83226","city":"new_taipei","district":"永和區","display_name":"永亨路 車格 83226","address":"永亨路","facility_kind":"onstreet","symbol_text":null,"type_reference":"路邊停車格","type_confidence":0.6,"price_raw":null,"price_value":null,"capacity_total":1,"available_total":1,"occupied_total":0,"status_label":"空位","data_time":"2026-05-02 15:53:29+08:00","city_label":"新北市","facility_kind_label":"路邊車格","available_rate":1,"occupancy_rate":0,"price_tier":"unknown","price_tier_label":"價格未知"}},{"type":"Feature","geometry":{"type":"Point","coordinates":[121.519125,25.012415]},"properties":{"supply_id":"new_taipei-onstreet-83604","city":"new_taipei","district":"永和區","display_name":"中興街 車格 83604","address":"中興街","facility_kind":"onstreet","symbol_text":null,"type_reference":"路邊停車格","type_confidence":0.6,"price_raw":null,"price_value":null,"capacity_total":1,"available_total":1,"occupied_total":0,"status_label":"空位","data_time":"2026-05-02 15:53:29+08:00","city_label":"新北市","facility_kind_label":"路邊車格","available_rate":1,"occupancy_rate":0,"price_tier":"unknown","price_tier_label":"價格未知"}},{"type":"Feature","geometry":{"type":"Point","coordinates":[121.504946,25.01045]},"properties":{"supply_id":"new_taipei-onstreet-84837","city":"new_taipei","district":"永和區","display_name":"保生路 車格 84837","address":"保生路","facility_kind":"onstreet","symbol_text":null,"type_reference":"路邊停車格","type_confidence":0.6,"price_raw":null,"price_value":null,"capacity_total":1,"available_total":0,"occupied_total":1,"status_label":"已停","data_time":"2026-05-02 15:53:29+08:00","city_label":"新北市","facility_kind_label":"路邊車格","available_rate":0,"occupancy_rate":1,"price_tier":"unknown","price_tier_label":"價格未知"}},{"type":"Feature","geometry":{"type":"Point","coordinates":[121.509699,25.010199]},"properties":{"supply_id":"new_taipei-onstreet-120684","city":"new_taipei","district":"永和區","display_name":"永平路206巷 車格 120684","address":"永平路206巷","facility_kind":"onstreet","symbol_text":null,"type_reference":"路邊停車格","type_confidence":0.6,"price_raw":null,"price_value":null,"capacity_total":1,"available_total":1,"occupied_total":0,"status_label":"空位","data_time":"2026-05-02 15:53:29+08:00","city_label":"新北市","facility_kind_label":"路邊車格","available_rate":1,"occupancy_rate":0,"price_tier":"unknown","price_tier_label":"價格未知"}},{"type":"Feature","geometry":{"type":"Point","coordinates":[121.519028,25.012383]},"properties":{"supply_id":"new_taipei-onstreet-83606","city":"new_taipei","district":"永和區","display_name":"中興街 車格 83606","address":"中興街","facility_kind":"onstreet","symbol_text":null,"type_reference":"路邊停車格","type_confidence":0.6,"price_raw":null,"price_value":null,"capacity_total":1,"available_total":1,"occupied_total":0,"status_label":"空位","data_time":"2026-05-02 15:53:29+08:00","city_label":"新北市","facility_kind_label":"路邊車格","available_rate":1,"occupancy_rate":0,"price_tier":"unknown","price_tier_label":"價格未知"}},{"type":"Feature","geometry":{"type":"Point","coordinates":[121.504947,25.010576]},"properties":{"supply_id":"new_taipei-onstreet-84835","city":"new_taipei","district":"永和區","display_name":"保生路 車格 84835","address":"保生路","facility_kind":"onstreet","symbol_text":null,"type_reference":"路邊停車格","type_confidence":0.6,"price_raw":null,"price_value":null,"capacity_total":1,"available_total":1,"occupied_total":0,"status_label":"空位","data_time":"2026-05-02 15:53:29+08:00","city_label":"新北市","facility_kind_label":"路邊車格","available_rate":1,"occupancy_rate":0,"price_tier":"unknown","price_tier_label":"價格未知"}},{"type":"Feature","geometry":{"type":"Point","coordinates":[121.513574,25.012233]},"properties":{"supply_id":"new_taipei-onstreet-81549","city":"new_taipei","district":"永和區","display_name":"信義路 車格 81549","address":"信義路","facility_kind":"onstreet","symbol_text":null,"type_reference":"路邊停車格","type_confidence":0.6,"price_raw":null,"price_value":null,"capacity_total":1,"available_total":1,"occupied_total":0,"status_label":"空位","data_time":"2026-05-02 15:53:29+08:00","city_label":"新北市","facility_kind_label":"路邊車格","available_rate":1,"occupancy_rate":0,"price_tier":"unknown","price_tier_label":"價格未知"}},{"type":"Feature","geometry":{"type":"Point","coordinates":[121.524448,25.004013]},"properties":{"supply_id":"new_taipei-onstreet-62406","city":"new_taipei","district":"永和區","display_name":"永亨路 車格 62406","address":"永亨路","facility_kind":"onstreet","symbol_text":null,"type_reference":"路邊停車格","type_confidence":0.6,"price_raw":null,"price_value":null,"capacity_total":1,"available_total":1,"occupied_total":0,"status_label":"空位","data_time":"2026-05-02 15:53:29+08:00","city_label":"新北市","facility_kind_label":"路邊車格","available_rate":1,"occupancy_rate":0,"price_tier":"unknown","price_tier_label":"價格未知"}},{"type":"Feature","geometry":{"type":"Point","coordinates":[121.518501,25.001956]},"properties":{"supply_id":"new_taipei-onstreet-12928","city":"new_taipei","district":"永和區","display_name":"中正路412巷20弄 車格 12928","address":"中正路412巷20弄","facility_kind":"onstreet","symbol_text":null,"type_reference":"路邊停車格","type_confidence":0.6,"price_raw":null,"price_value":null,"capacity_total":1,"available_total":1,"occupied_total":0,"status_label":"空位","data_time":"2026-05-02 15:53:29+08:00","city_label":"新北市","facility_kind_label":"路邊車格","available_rate":1,"occupancy_rate":0,"price_tier":"unknown","price_tier_label":"價格未知"}},{"type":"Feature","geometry":{"type":"Point","coordinates":[121.523642,24.998867]},"properties":{"supply_id":"new_taipei-onstreet-8761","city":"new_taipei","district":"永和區","display_name":"厚德街 車格 8761","address":"厚德街","facility_kind":"onstreet","symbol_text":null,"type_reference":"路邊停車格","type_confidence":0.6,"price_raw":null,"price_value":null,"capacity_total":1,"available_total":1,"occupied_total":0,"status_label":"空位","data_time":"2026-05-02 15:53:29+08:00","city_label":"新北市","facility_kind_label":"路邊車格","available_rate":1,"occupancy_rate":0,"price_tier":"unknown","price_tier_label":"價格未知"}},{"type":"Feature","geometry":{"type":"Point","coordinates":[121.509788,25.010273]},"properties":{"supply_id":"new_taipei-onstreet-120683","city":"new_taipei","district":"永和區","display_name":"永平路206巷 車格 120683","address":"永平路206巷","facility_kind":"onstreet","symbol_text":null,"type_reference":"路邊停車格","type_confidence":0.6,"price_raw":null,"price_value":null,"capacity_total":1,"available_total":0,"occupied_total":1,"status_label":"已停","data_time":"2026-05-02 15:53:29+08:00","city_label":"新北市","facility_kind_label":"路邊車格","available_rate":0,"occupancy_rate":1,"price_tier":"unknown","price_tier_label":"價格未知"}},{"type":"Feature","geometry":{"type":"Point","coordinates":[121.527542,24.997721]},"properties":{"supply_id":"new_taipei-onstreet-133272","city":"new_taipei","district":"永和區","display_name":"民樂街69巷 車格 133272","address":"民樂街69巷","facility_kind":"onstreet","symbol_text":null,"type_reference":"路邊停車格","type_confidence":0.6,"price_raw":null,"price_value":null,"capacity_total":1,"available_total":1,"occupied_total":0,"status_label":"空位","data_time":"2026-05-02 15:53:29+08:00","city_label":"新北市","facility_kind_label":"路邊車格","available_rate":1,"occupancy_rate":0,"price_tier":"unknown","price_tier_label":"價格未知"}},{"type":"Feature","geometry":{"type":"Point","coordinates":[121.518981,24.999628]},"properties":{"supply_id":"new_taipei-onstreet-195","city":"new_taipei","district":"永和區","display_name":"民族街27巷 車格 195","address":"民族街27巷","facility_kind":"onstreet","symbol_text":null,"type_reference":"路邊停車格","type_confidence":0.6,"price_raw":null,"price_value":null,"capacity_total":1,"available_total":1,"occupied_total":0,"status_label":"空位","data_time":"2026-05-02 15:53:29+08:00","city_label":"新北市","facility_kind_label":"路邊車格","available_rate":1,"occupancy_rate":0,"price_tier":"unknown","price_tier_label":"價格未知"}},{"type":"Feature","geometry":{"type":"Point","coordinates":[121.517462,24.996448]},"properties":{"supply_id":"new_taipei-onstreet-105883","city":"new_taipei","district":"永和區","display_name":"民有街25巷 車格 105883","address":"民有街25巷","facility_kind":"onstreet","symbol_text":null,"type_reference":"路邊停車格","type_confidence":0.6,"price_raw":null,"price_value":null,"capacity_total":1,"available_total":1,"occupied_total":0,"status_label":"空位","data_time":"2026-05-02 15:53:29+08:00","city_label":"新北市","facility_kind_label":"路邊車格","available_rate":1,"occupancy_rate":0,"price_tier":"unknown","price_tier_label":"價格未知"}},{"type":"Feature","geometry":{"type":"Point","coordinates":[121.523327,24.998387]},"properties":{"supply_id":"new_taipei-onstreet-159498","city":"new_taipei","district":"永和區","display_name":"四維街 車格 159498","address":"四維街","facility_kind":"onstreet","symbol_text":null,"type_reference":"路邊停車格","type_confidence":0.6,"price_raw":null,"price_value":null,"capacity_total":1,"available_total":1,"occupied_total":0,"status_label":"空位","data_time":"2026-05-02 15:53:29+08:00","city_label":"新北市","facility_kind_label":"路邊車格","available_rate":1,"occupancy_rate":0,"price_tier":"unknown","price_tier_label":"價格未知"}},{"type":"Feature","geometry":{"type":"Point","coordinates":[121.527863,24.997726]},"properties":{"supply_id":"new_taipei-onstreet-133270","city":"new_taipei","district":"永和區","display_name":"民樂街69巷 車格 133270","address":"民樂街69巷","facility_kind":"onstreet","symbol_text":null,"type_reference":"路邊停車格","type_confidence":0.6,"price_raw":null,"price_value":null,"capacity_total":1,"available_total":0,"occupied_total":1,"status_label":"已停","data_time":"2026-05-02 15:53:29+08:00","city_label":"新北市","facility_kind_label":"路邊車格","available_rate":0,"occupancy_rate":1,"price_tier":"unknown","price_tier_label":"價格未知"}},{"type":"Feature","geometry":{"type":"Point","coordinates":[121.508098,25.005844]},"properties":{"supply_id":"new_taipei-onstreet-115045","city":"new_taipei","district":"永和區","display_name":"保平路268巷 車格 115045","address":"保平路268巷","facility_kind":"onstreet","symbol_text":null,"type_reference":"路邊停車格","type_confidence":0.6,"price_raw":null,"price_value":null,"capacity_total":1,"available_total":1,"occupied_total":0,"status_label":"空位","data_time":"2026-05-02 15:53:29+08:00","city_label":"新北市","facility_kind_label":"路邊車格","available_rate":1,"occupancy_rate":0,"price_tier":"unknown","price_tier_label":"價格未知"}},{"type":"Feature","geometry":{"type":"Point","coordinates":[121.527969,24.997726]},"properties":{"supply_id":"new_taipei-onstreet-133268","city":"new_taipei","district":"永和區","display_name":"民樂街69巷 車格 133268","address":"民樂街69巷","facility_kind":"onstreet","symbol_text":null,"type_reference":"路邊停車格","type_confidence":0.6,"price_raw":null,"price_value":null,"capacity_total":1,"available_total":1,"occupied_total":0,"status_label":"空位","data_time":"2026-05-02 15:53:29+08:00","city_label":"新北市","facility_kind_label":"路邊車格","available_rate":1,"occupancy_rate":0,"price_tier":"unknown","price_tier_label":"價格未知"}},{"type":"Feature","geometry":{"type":"Point","coordinates":[121.517745,24.998636]},"properties":{"supply_id":"new_taipei-onstreet-110019","city":"new_taipei","district":"永和區","display_name":"智光街 車格 110019","address":"智光街","facility_kind":"onstreet","symbol_text":null,"type_reference":"路邊停車格","type_confidence":0.6,"price_raw":null,"price_value":null,"capacity_total":1,"available_total":1,"occupied_total":0,"status_label":"空位","data_time":"2026-05-02 15:53:29+08:00","city_label":"新北市","facility_kind_label":"路邊車格","available_rate":1,"occupancy_rate":0,"price_tier":"unknown","price_tier_label":"價格未知"}},{"type":"Feature","geometry":{"type":"Point","coordinates":[121.519207,25.012442]},"properties":{"supply_id":"new_taipei-onstreet-83605","city":"new_taipei","district":"永和區","display_name":"中興街 車格 83605","address":"中興街","facility_kind":"onstreet","symbol_text":null,"type_reference":"路邊停車格","type_confidence":0.6,"price_raw":null,"price_value":null,"capacity_total":1,"available_total":1,"occupied_total":0,"status_label":"空位","data_time":"2026-05-02 15:53:29+08:00","city_label":"新北市","facility_kind_label":"路邊車格","available_rate":1,"occupancy_rate":0,"price_tier":"unknown","price_tier_label":"價格未知"}},{"type":"Feature","geometry":{"type":"Point","coordinates":[121.504945,25.010324]},"properties":{"supply_id":"new_taipei-onstreet-84836","city":"new_taipei","district":"永和區","display_name":"保生路 車格 84836","address":"保生路","facility_kind":"onstreet","symbol_text":null,"type_reference":"路邊停車格","type_confidence":0.6,"price_raw":null,"price_value":null,"capacity_total":1,"available_total":1,"occupied_total":0,"status_label":"空位","data_time":"2026-05-02 15:53:29+08:00","city_label":"新北市","facility_kind_label":"路邊車格","available_rate":1,"occupancy_rate":0,"price_tier":"unknown","price_tier_label":"價格未知"}},{"type":"Feature","geometry":{"type":"Point","coordinates":[121.518541,24.998485]},"properties":{"supply_id":"new_taipei-onstreet-20729","city":"new_taipei","district":"永和區","display_name":"民族街43巷 車格 20729","address":"民族街43巷","facility_kind":"onstreet","symbol_text":null,"type_reference":"路邊停車格","type_confidence":0.6,"price_raw":null,"price_value":null,"capacity_total":1,"available_total":1,"occupied_total":0,"status_label":"空位","data_time":"2026-05-02 15:53:29+08:00","city_label":"新北市","facility_kind_label":"路邊車格","available_rate":1,"occupancy_rate":0,"price_tier":"unknown","price_tier_label":"價格未知"}},{"type":"Feature","geometry":{"type":"Point","coordinates":[121.507564,25.012558]},"properties":{"supply_id":"new_taipei-onstreet-40870","city":"new_taipei","district":"永和區","display_name":"永平路302巷 車格 40870","address":"永平路302巷","facility_kind":"onstreet","symbol_text":null,"type_reference":"路邊停車格","type_confidence":0.6,"price_raw":null,"price_value":null,"capacity_total":1,"available_total":1,"occupied_total":0,"status_label":"空位","data_time":"2026-05-02 15:53:29+08:00","city_label":"新北市","facility_kind_label":"路邊車格","available_rate":1,"occupancy_rate":0,"price_tier":"unknown","price_tier_label":"價格未知"}},{"type":"Feature","geometry":{"type":"Point","coordinates":[121.509158,25.005689]},"properties":{"supply_id":"new_taipei-onstreet-15743","city":"new_taipei","district":"永和區","display_name":"保平路236巷 車格 15743","address":"保平路236巷","facility_kind":"onstreet","symbol_text":null,"type_reference":"路邊停車格","type_confidence":0.6,"price_raw":null,"price_value":null,"capacity_total":1,"available_total":1,"occupied_total":0,"status_label":"空位","data_time":"2026-05-02 15:53:29+08:00","city_label":"新北市","facility_kind_label":"路邊車格","available_rate":1,"occupancy_rate":0,"price_tier":"unknown","price_tier_label":"價格未知"}},{"type":"Feature","geometry":{"type":"Point","coordinates":[121.520221,25.005486]},"properties":{"supply_id":"new_taipei-onstreet-14384","city":"new_taipei","district":"永和區","display_name":"永貞路70巷 車格 14384","address":"永貞路70巷","facility_kind":"onstreet","symbol_text":null,"type_reference":"路邊停車格","type_confidence":0.6,"price_raw":null,"price_value":null,"capacity_total":1,"available_total":1,"occupied_total":0,"status_label":"空位","data_time":"2026-05-02 15:53:29+08:00","city_label":"新北市","facility_kind_label":"路邊車格","available_rate":1,"occupancy_rate":0,"price_tier":"unknown","price_tier_label":"價格未知"}},{"type":"Feature","geometry":{"type":"Point","coordinates":[121.520883,25.006978]},"properties":{"supply_id":"new_taipei-onstreet-5281","city":"new_taipei","district":"永和區","display_name":"永貞路 車格 5281","address":"永貞路","facility_kind":"onstreet","symbol_text":null,"type_reference":"路邊停車格","type_confidence":0.6,"price_raw":null,"price_value":null,"capacity_total":1,"available_total":0,"occupied_total":1,"status_label":"已停","data_time":"2026-05-02 15:53:29+08:00","city_label":"新北市","facility_kind_label":"路邊車格","available_rate":0,"occupancy_rate":1,"price_tier":"unknown","price_tier_label":"價格未知"}},{"type":"Feature","geometry":{"type":"Point","coordinates":[121.507519,25.012601]},"properties":{"supply_id":"new_taipei-onstreet-40864","city":"new_taipei","district":"永和區","display_name":"永平路302巷 車格 40864","address":"永平路302巷","facility_kind":"onstreet","symbol_text":null,"type_reference":"路邊停車格","type_confidence":0.6,"price_raw":null,"price_value":null,"capacity_total":1,"available_total":1,"occupied_total":0,"status_label":"空位","data_time":"2026-05-02 15:53:29+08:00","city_label":"新北市","facility_kind_label":"路邊車格","available_rate":1,"occupancy_rate":0,"price_tier":"unknown","price_tier_label":"價格未知"}},{"type":"Feature","geometry":{"type":"Point","coordinates":[121.508923,25.005948]},"properties":{"supply_id":"new_taipei-onstreet-115030","city":"new_taipei","district":"永和區","display_name":"保平路236巷 車格 115030","address":"保平路236巷","facility_kind":"onstreet","symbol_text":null,"type_reference":"路邊停車格","type_confidence":0.6,"price_raw":null,"price_value":null,"capacity_total":1,"available_total":1,"occupied_total":0,"status_label":"空位","data_time":"2026-05-02 15:53:29+08:00","city_label":"新北市","facility_kind_label":"路邊車格","available_rate":1,"occupancy_rate":0,"price_tier":"unknown","price_tier_label":"價格未知"}},{"type":"Feature","geometry":{"type":"Point","coordinates":[121.527329,24.997519]},"properties":{"supply_id":"new_taipei-onstreet-133253","city":"new_taipei","district":"永和區","display_name":"民樂街 車格 133253","address":"民樂街","facility_kind":"onstreet","symbol_text":null,"type_reference":"路邊停車格","type_confidence":0.6,"price_raw":null,"price_value":null,"capacity_total":1,"available_total":1,"occupied_total":0,"status_label":"空位","data_time":"2026-05-02 15:53:29+08:00","city_label":"新北市","facility_kind_label":"路邊車格","available_rate":1,"occupancy_rate":0,"price_tier":"unknown","price_tier_label":"價格未知"}},{"type":"Feature","geometry":{"type":"Point","coordinates":[121.518566,24.999725]},"properties":{"supply_id":"new_taipei-onstreet-145952","city":"new_taipei","district":"永和區","display_name":"智光街10巷 車格 145952","address":"智光街10巷","facility_kind":"onstreet","symbol_text":null,"type_reference":"路邊停車格","type_confidence":0.6,"price_raw":null,"price_value":null,"capacity_total":1,"available_total":0,"occupied_total":1,"status_label":"已停","data_time":"2026-05-02 15:53:29+08:00","city_label":"新北市","facility_kind_label":"路邊車格","available_rate":0,"occupancy_rate":1,"price_tier":"unknown","price_tier_label":"價格未知"}},{"type":"Feature","geometry":{"type":"Point","coordinates":[121.523711,24.998859]},"properties":{"supply_id":"new_taipei-onstreet-8760","city":"new_taipei","district":"永和區","display_name":"厚德街 車格 8760","address":"厚德街","facility_kind":"onstreet","symbol_text":null,"type_reference":"路邊停車格","type_confidence":0.6,"price_raw":null,"price_value":null,"capacity_total":1,"available_total":1,"occupied_total":0,"status_label":"空位","data_time":"2026-05-02 15:53:29+08:00","city_label":"新北市","facility_kind_label":"路邊車格","available_rate":1,"occupancy_rate":0,"price_tier":"unknown","price_tier_label":"價格未知"}},{"type":"Feature","geometry":{"type":"Point","coordinates":[121.52361,24.998346]},"properties":{"supply_id":"new_taipei-onstreet-159500","city":"new_taipei","district":"永和區","display_name":"四維街 車格 159500","address":"四維街","facility_kind":"onstreet","symbol_text":null,"type_reference":"路邊停車格","type_confidence":0.6,"price_raw":null,"price_value":null,"capacity_total":1,"available_total":1,"occupied_total":0,"status_label":"空位","data_time":"2026-05-02 15:53:29+08:00","city_label":"新北市","facility_kind_label":"路邊車格","available_rate":1,"occupancy_rate":0,"price_tier":"unknown","price_tier_label":"價格未知"}},{"type":"Feature","geometry":{"type":"Point","coordinates":[121.520546,24.996374]},"properties":{"supply_id":"new_taipei-onstreet-66061","city":"new_taipei","district":"永和區","display_name":"更生街 車格 66061","address":"更生街","facility_kind":"onstreet","symbol_text":null,"type_reference":"路邊停車格","type_confidence":0.6,"price_raw":null,"price_value":null,"capacity_total":1,"available_total":1,"occupied_total":0,"status_label":"空位","data_time":"2026-05-02 15:53:29+08:00","city_label":"新北市","facility_kind_label":"路邊車格","available_rate":1,"occupancy_rate":0,"price_tier":"unknown","price_tier_label":"價格未知"}},{"type":"Feature","geometry":{"type":"Point","coordinates":[121.508948,25.007461]},"properties":{"supply_id":"new_taipei-onstreet-132320","city":"new_taipei","district":"永和區","display_name":"永貞路355巷 車格 132320","address":"永貞路355巷","facility_kind":"onstreet","symbol_text":null,"type_reference":"路邊停車格","type_confidence":0.6,"price_raw":null,"price_value":null,"capacity_total":1,"available_total":1,"occupied_total":0,"status_label":"空位","data_time":"2026-05-02 15:53:29+08:00","city_label":"新北市","facility_kind_label":"路邊車格","available_rate":1,"occupancy_rate":0,"price_tier":"unknown","price_tier_label":"價格未知"}},{"type":"Feature","geometry":{"type":"Point","coordinates":[121.509989,25.01633]},"properties":{"supply_id":"new_taipei-onstreet-47809","city":"new_taipei","district":"永和區","display_name":"保安路 車格 47809","address":"保安路","facility_kind":"onstreet","symbol_text":null,"type_reference":"路邊停車格","type_confidence":0.6,"price_raw":null,"price_value":null,"capacity_total":1,"available_total":1,"occupied_total":0,"status_label":"空位","data_time":"2026-05-02 15:53:29+08:00","city_label":"新北市","facility_kind_label":"路邊車格","available_rate":1,"occupancy_rate":0,"price_tier":"unknown","price_tier_label":"價格未知"}},{"type":"Feature","geometry":{"type":"Point","coordinates":[121.508518,25.011781]},"properties":{"supply_id":"new_taipei-onstreet-83450","city":"new_taipei","district":"永和區","display_name":"仁愛路 車格 83450","address":"仁愛路","facility_kind":"onstreet","symbol_text":null,"type_reference":"路邊停車格","type_confidence":0.6,"price_raw":null,"price_value":null,"capacity_total":1,"available_total":1,"occupied_total":0,"status_label":"空位","data_time":"2026-05-02 15:53:29+08:00","city_label":"新北市","facility_kind_label":"路邊車格","available_rate":1,"occupancy_rate":0,"price_tier":"unknown","price_tier_label":"價格未知"}},{"type":"Feature","geometry":{"type":"Point","coordinates":[121.511846,25.007287]},"properties":{"supply_id":"new_taipei-onstreet-53847","city":"new_taipei","district":"永和區","display_name":"保平路 車格 53847","address":"保平路","facility_kind":"onstreet","symbol_text":null,"type_reference":"路邊停車格","type_confidence":0.6,"price_raw":null,"price_value":null,"capacity_total":1,"available_total":1,"occupied_total":0,"status_label":"空位","data_time":"2026-05-02 15:53:29+08:00","city_label":"新北市","facility_kind_label":"路邊車格","available_rate":1,"occupancy_rate":0,"price_tier":"unknown","price_tier_label":"價格未知"}},{"type":"Feature","geometry":{"type":"Point","coordinates":[121.50942,25.006336]},"properties":{"supply_id":"new_taipei-onstreet-115000","city":"new_taipei","district":"永和區","display_name":"保平路214巷 車格 115000","address":"保平路214巷","facility_kind":"onstreet","symbol_text":null,"type_reference":"路邊停車格","type_confidence":0.6,"price_raw":null,"price_value":null,"capacity_total":1,"available_total":1,"occupied_total":0,"status_label":"空位","data_time":"2026-05-02 15:53:29+08:00","city_label":"新北市","facility_kind_label":"路邊車格","available_rate":1,"occupancy_rate":0,"price_tier":"unknown","price_tier_label":"價格未知"}},{"type":"Feature","geometry":{"type":"Point","coordinates":[121.507607,25.005296]},"properties":{"supply_id":"new_taipei-onstreet-115064","city":"new_taipei","district":"永和區","display_name":"保平路292巷 車格 115064","address":"保平路292巷","facility_kind":"onstreet","symbol_text":null,"type_reference":"路邊停車格","type_confidence":0.6,"price_raw":null,"price_value":null,"capacity_total":1,"available_total":1,"occupied_total":0,"status_label":"空位","data_time":"2026-05-02 15:53:29+08:00","city_label":"新北市","facility_kind_label":"路邊車格","available_rate":1,"occupancy_rate":0,"price_tier":"unknown","price_tier_label":"價格未知"}},{"type":"Feature","geometry":{"type":"Point","coordinates":[121.527308,24.997149]},"properties":{"supply_id":"new_taipei-onstreet-133256","city":"new_taipei","district":"永和區","display_name":"民樂街 車格 133256","address":"民樂街","facility_kind":"onstreet","symbol_text":null,"type_reference":"路邊停車格","type_confidence":0.6,"price_raw":null,"price_value":null,"capacity_total":1,"available_total":1,"occupied_total":0,"status_label":"空位","data_time":"2026-05-02 15:53:29+08:00","city_label":"新北市","facility_kind_label":"路邊車格","available_rate":1,"occupancy_rate":0,"price_tier":"unknown","price_tier_label":"價格未知"}},{"type":"Feature","geometry":{"type":"Point","coordinates":[121.519551,24.998359]},"properties":{"supply_id":"new_taipei-onstreet-103041","city":"new_taipei","district":"永和區","display_name":"民族街43巷 車格 103041","address":"民族街43巷","facility_kind":"onstreet","symbol_text":null,"type_reference":"路邊停車格","type_confidence":0.6,"price_raw":null,"price_value":null,"capacity_total":1,"available_total":1,"occupied_total":0,"status_label":"空位","data_time":"2026-05-02 15:53:29+08:00","city_label":"新北市","facility_kind_label":"路邊車格","available_rate":1,"occupancy_rate":0,"price_tier":"unknown","price_tier_label":"價格未知"}},{"type":"Feature","geometry":{"type":"Point","coordinates":[121.520888,25.006929]},"properties":{"supply_id":"new_taipei-onstreet-83274","city":"new_taipei","district":"永和區","display_name":"永貞路 車格 83274","address":"永貞路","facility_kind":"onstreet","symbol_text":null,"type_reference":"路邊停車格","type_confidence":0.6,"price_raw":null,"price_value":null,"capacity_total":1,"available_total":1,"occupied_total":0,"status_label":"空位","data_time":"2026-05-02 15:53:29+08:00","city_label":"新北市","facility_kind_label":"路邊車格","available_rate":1,"occupancy_rate":0,"price_tier":"unknown","price_tier_label":"價格未知"}},{"type":"Feature","geometry":{"type":"Point","coordinates":[121.520877,25.007037]},"properties":{"supply_id":"new_taipei-onstreet-27061","city":"new_taipei","district":"永和區","display_name":"永貞路 車格 27061","address":"永貞路","facility_kind":"onstreet","symbol_text":null,"type_reference":"路邊停車格","type_confidence":0.6,"price_raw":null,"price_value":null,"capacity_total":1,"available_total":1,"occupied_total":0,"status_label":"空位","data_time":"2026-05-02 15:53:29+08:00","city_label":"新北市","facility_kind_label":"路邊車格","available_rate":1,"occupancy_rate":0,"price_tier":"unknown","price_tier_label":"價格未知"}},{"type":"Feature","geometry":{"type":"Point","coordinates":[121.518568,25.001774]},"properties":{"supply_id":"new_taipei-onstreet-20873","city":"new_taipei","district":"永和區","display_name":"中正路412巷 車格 20873","address":"中正路412巷","facility_kind":"onstreet","symbol_text":null,"type_reference":"路邊停車格","type_confidence":0.6,"price_raw":null,"price_value":null,"capacity_total":1,"available_total":1,"occupied_total":0,"status_label":"空位","data_time":"2026-05-02 15:53:29+08:00","city_label":"新北市","facility_kind_label":"路邊車格","available_rate":1,"occupancy_rate":0,"price_tier":"unknown","price_tier_label":"價格未知"}},{"type":"Feature","geometry":{"type":"Point","coordinates":[121.51921,24.998402]},"properties":{"supply_id":"new_taipei-onstreet-20720","city":"new_taipei","district":"永和區","display_name":"民族街43巷 車格 20720","address":"民族街43巷","facility_kind":"onstreet","symbol_text":null,"type_reference":"路邊停車格","type_confidence":0.6,"price_raw":null,"price_value":null,"capacity_total":1,"available_total":1,"occupied_total":0,"status_label":"空位","data_time":"2026-05-02 15:53:29+08:00","city_label":"新北市","facility_kind_label":"路邊車格","available_rate":1,"occupancy_rate":0,"price_tier":"unknown","price_tier_label":"價格未知"}},{"type":"Feature","geometry":{"type":"Point","coordinates":[121.509854,25.016185]},"properties":{"supply_id":"new_taipei-onstreet-8693","city":"new_taipei","district":"永和區","display_name":"保安路 車格 8693","address":"保安路","facility_kind":"onstreet","symbol_text":null,"type_reference":"路邊停車格","type_confidence":0.6,"price_raw":null,"price_value":null,"capacity_total":1,"available_total":0,"occupied_total":1,"status_label":"已停","data_time":"2026-05-02 15:53:29+08:00","city_label":"新北市","facility_kind_label":"路邊車格","available_rate":0,"occupancy_rate":1,"price_tier":"unknown","price_tier_label":"價格未知"}},{"type":"Feature","geometry":{"type":"Point","coordinates":[121.518639,24.99842]},"properties":{"supply_id":"new_taipei-onstreet-20732","city":"new_taipei","district":"永和區","display_name":"民族街43巷 車格 20732","address":"民族街43巷","facility_kind":"onstreet","symbol_text":null,"type_reference":"路邊停車格","type_confidence":0.6,"price_raw":null,"price_value":null,"capacity_total":1,"available_total":1,"occupied_total":0,"status_label":"空位","data_time":"2026-05-02 15:53:29+08:00","city_label":"新北市","facility_kind_label":"路邊車格","available_rate":1,"occupancy_rate":0,"price_tier":"unknown","price_tier_label":"價格未知"}},{"type":"Feature","geometry":{"type":"Point","coordinates":[121.511559,25.007143]},"properties":{"supply_id":"new_taipei-onstreet-83359","city":"new_taipei","district":"永和區","display_name":"保平路 車格 83359","address":"保平路","facility_kind":"onstreet","symbol_text":null,"type_reference":"路邊停車格","type_confidence":0.6,"price_raw":null,"price_value":null,"capacity_total":1,"available_total":1,"occupied_total":0,"status_label":"空位","data_time":"2026-05-02 15:53:29+08:00","city_label":"新北市","facility_kind_label":"路邊車格","available_rate":1,"occupancy_rate":0,"price_tier":"unknown","price_tier_label":"價格未知"}},{"type":"Feature","geometry":{"type":"Point","coordinates":[121.508691,25.006126]},"properties":{"supply_id":"new_taipei-onstreet-76466","city":"new_taipei","district":"永和區","display_name":"保平路236巷 車格 76466","address":"保平路236巷","facility_kind":"onstreet","symbol_text":null,"type_reference":"路邊停車格","type_confidence":0.6,"price_raw":null,"price_value":null,"capacity_total":1,"available_total":1,"occupied_total":0,"status_label":"空位","data_time":"2026-05-02 15:53:29+08:00","city_label":"新北市","facility_kind_label":"路邊車格","available_rate":1,"occupancy_rate":0,"price_tier":"unknown","price_tier_label":"價格未知"}},{"type":"Feature","geometry":{"type":"Point","coordinates":[121.517805,25.010823]},"properties":{"supply_id":"new_taipei-onstreet-73341","city":"new_taipei","district":"永和區","display_name":"國光路 車格 73341","address":"國光路","facility_kind":"onstreet","symbol_text":null,"type_reference":"路邊停車格","type_confidence":0.6,"price_raw":null,"price_value":null,"capacity_total":1,"available_total":1,"occupied_total":0,"status_label":"空位","data_time":"2026-05-02 15:53:29+08:00","city_label":"新北市","facility_kind_label":"路邊車格","available_rate":1,"occupancy_rate":0,"price_tier":"unknown","price_tier_label":"價格未知"}},{"type":"Feature","geometry":{"type":"Point","coordinates":[121.524628,25.003973]},"properties":{"supply_id":"new_taipei-onstreet-47845","city":"new_taipei","district":"永和區","display_name":"永亨路 車格 47845","address":"永亨路","facility_kind":"onstreet","symbol_text":null,"type_reference":"路邊停車格","type_confidence":0.6,"price_raw":null,"price_value":null,"capacity_total":1,"available_total":1,"occupied_total":0,"status_label":"空位","data_time":"2026-05-02 15:53:29+08:00","city_label":"新北市","facility_kind_label":"路邊車格","available_rate":1,"occupancy_rate":0,"price_tier":"unknown","price_tier_label":"價格未知"}},{"type":"Feature","geometry":{"type":"Point","coordinates":[121.517789,25.010871]},"properties":{"supply_id":"new_taipei-onstreet-52083","city":"new_taipei","district":"永和區","display_name":"國光路 車格 52083","address":"國光路","facility_kind":"onstreet","symbol_text":null,"type_reference":"路邊停車格","type_confidence":0.6,"price_raw":null,"price_value":null,"capacity_total":1,"available_total":1,"occupied_total":0,"status_label":"空位","data_time":"2026-05-02 15:53:29+08:00","city_label":"新北市","facility_kind_label":"路邊車格","available_rate":1,"occupancy_rate":0,"price_tier":"unknown","price_tier_label":"價格未知"}},{"type":"Feature","geometry":{"type":"Point","coordinates":[121.518571,25.001619]},"properties":{"supply_id":"new_taipei-onstreet-20872","city":"new_taipei","district":"永和區","display_name":"中正路412巷 車格 20872","address":"中正路412巷","facility_kind":"onstreet","symbol_text":null,"type_reference":"路邊停車格","type_confidence":0.6,"price_raw":null,"price_value":null,"capacity_total":1,"available_total":1,"occupied_total":0,"status_label":"空位","data_time":"2026-05-02 15:53:29+08:00","city_label":"新北市","facility_kind_label":"路邊車格","available_rate":1,"occupancy_rate":0,"price_tier":"unknown","price_tier_label":"價格未知"}},{"type":"Feature","geometry":{"type":"Point","coordinates":[121.517885,25.01055]},"properties":{"supply_id":"new_taipei-onstreet-84257","city":"new_taipei","district":"永和區","display_name":"國光路 車格 84257","address":"國光路","facility_kind":"onstreet","symbol_text":null,"type_reference":"路邊停車格","type_confidence":0.6,"price_raw":null,"price_value":null,"capacity_total":1,"available_total":1,"occupied_total":0,"status_label":"空位","data_time":"2026-05-02 15:53:29+08:00","city_label":"新北市","facility_kind_label":"路邊車格","available_rate":1,"occupancy_rate":0,"price_tier":"unknown","price_tier_label":"價格未知"}},{"type":"Feature","geometry":{"type":"Point","coordinates":[121.509937,25.016275]},"properties":{"supply_id":"new_taipei-onstreet-47807","city":"new_taipei","district":"永和區","display_name":"保安路 車格 47807","address":"保安路","facility_kind":"onstreet","symbol_text":null,"type_reference":"路邊停車格","type_confidence":0.6,"price_raw":null,"price_value":null,"capacity_total":1,"available_total":1,"occupied_total":0,"status_label":"空位","data_time":"2026-05-02 15:53:29+08:00","city_label":"新北市","facility_kind_label":"路邊車格","available_rate":1,"occupancy_rate":0,"price_tier":"unknown","price_tier_label":"價格未知"}},{"type":"Feature","geometry":{"type":"Point","coordinates":[121.508584,25.011832]},"properties":{"supply_id":"new_taipei-onstreet-83449","city":"new_taipei","district":"永和區","display_name":"仁愛路 車格 83449","address":"仁愛路","facility_kind":"onstreet","symbol_text":null,"type_reference":"路邊停車格","type_confidence":0.6,"price_raw":null,"price_value":null,"capacity_total":1,"available_total":1,"occupied_total":0,"status_label":"空位","data_time":"2026-05-02 15:53:29+08:00","city_label":"新北市","facility_kind_label":"路邊車格","available_rate":1,"occupancy_rate":0,"price_tier":"unknown","price_tier_label":"價格未知"}},{"type":"Feature","geometry":{"type":"Point","coordinates":[121.511791,25.00726]},"properties":{"supply_id":"new_taipei-onstreet-83356","city":"new_taipei","district":"永和區","display_name":"保平路 車格 83356","address":"保平路","facility_kind":"onstreet","symbol_text":null,"type_reference":"路邊停車格","type_confidence":0.6,"price_raw":null,"price_value":null,"capacity_total":1,"available_total":1,"occupied_total":0,"status_label":"空位","data_time":"2026-05-02 15:53:29+08:00","city_label":"新北市","facility_kind_label":"路邊車格","available_rate":1,"occupancy_rate":0,"price_tier":"unknown","price_tier_label":"價格未知"}},{"type":"Feature","geometry":{"type":"Point","coordinates":[121.509133,25.006656]},"properties":{"supply_id":"new_taipei-onstreet-115014","city":"new_taipei","district":"永和區","display_name":"保平路214巷 車格 115014","address":"保平路214巷","facility_kind":"onstreet","symbol_text":null,"type_reference":"路邊停車格","type_confidence":0.6,"price_raw":null,"price_value":null,"capacity_total":1,"available_total":1,"occupied_total":0,"status_label":"空位","data_time":"2026-05-02 15:53:29+08:00","city_label":"新北市","facility_kind_label":"路邊車格","available_rate":1,"occupancy_rate":0,"price_tier":"unknown","price_tier_label":"價格未知"}},{"type":"Feature","geometry":{"type":"Point","coordinates":[121.507372,25.005601]},"properties":{"supply_id":"new_taipei-onstreet-115061","city":"new_taipei","district":"永和區","display_name":"保平路292巷 車格 115061","address":"保平路292巷","facility_kind":"onstreet","symbol_text":null,"type_reference":"路邊停車格","type_confidence":0.6,"price_raw":null,"price_value":null,"capacity_total":1,"available_total":0,"occupied_total":1,"status_label":"已停","data_time":"2026-05-02 15:53:29+08:00","city_label":"新北市","facility_kind_label":"路邊車格","available_rate":0,"occupancy_rate":1,"price_tier":"unknown","price_tier_label":"價格未知"}},{"type":"Feature","geometry":{"type":"Point","coordinates":[121.511675,25.007202]},"properties":{"supply_id":"new_taipei-onstreet-83358","city":"new_taipei","district":"永和區","display_name":"保平路 車格 83358","address":"保平路","facility_kind":"onstreet","symbol_text":null,"type_reference":"路邊停車格","type_confidence":0.6,"price_raw":null,"price_value":null,"capacity_total":1,"available_total":1,"occupied_total":0,"status_label":"空位","data_time":"2026-05-02 15:53:29+08:00","city_label":"新北市","facility_kind_label":"路邊車格","available_rate":1,"occupancy_rate":0,"price_tier":"unknown","price_tier_label":"價格未知"}},{"type":"Feature","geometry":{"type":"Point","coordinates":[121.50906,25.006646]},"properties":{"supply_id":"new_taipei-onstreet-115010","city":"new_taipei","district":"永和區","display_name":"保平路214巷 車格 115010","address":"保平路214巷","facility_kind":"onstreet","symbol_text":null,"type_reference":"路邊停車格","type_confidence":0.6,"price_raw":null,"price_value":null,"capacity_total":1,"available_total":0,"occupied_total":1,"status_label":"已停","data_time":"2026-05-02 15:53:29+08:00","city_label":"新北市","facility_kind_label":"路邊車格","available_rate":0,"occupancy_rate":1,"price_tier":"unknown","price_tier_label":"價格未知"}},{"type":"Feature","geometry":{"type":"Point","coordinates":[121.513521,25.012248]},"properties":{"supply_id":"new_taipei-onstreet-138078","city":"new_taipei","district":"永和區","display_name":"信義路 車格 138078","address":"信義路","facility_kind":"onstreet","symbol_text":null,"type_reference":"路邊停車格","type_confidence":0.6,"price_raw":null,"price_value":null,"capacity_total":1,"available_total":1,"occupied_total":0,"status_label":"空位","data_time":"2026-05-02 15:53:29+08:00","city_label":"新北市","facility_kind_label":"路邊車格","available_rate":1,"occupancy_rate":0,"price_tier":"unknown","price_tier_label":"價格未知"}},{"type":"Feature","geometry":{"type":"Point","coordinates":[121.509098,25.006693]},"properties":{"supply_id":"new_taipei-onstreet-115015","city":"new_taipei","district":"永和區","display_name":"保平路214巷 車格 115015","address":"保平路214巷","facility_kind":"onstreet","symbol_text":null,"type_reference":"路邊停車格","type_confidence":0.6,"price_raw":null,"price_value":null,"capacity_total":1,"available_total":1,"occupied_total":0,"status_label":"空位","data_time":"2026-05-02 15:53:29+08:00","city_label":"新北市","facility_kind_label":"路邊車格","available_rate":1,"occupancy_rate":0,"price_tier":"unknown","price_tier_label":"價格未知"}},{"type":"Feature","geometry":{"type":"Point","coordinates":[121.507302,25.005676]},"properties":{"supply_id":"new_taipei-onstreet-115062","city":"new_taipei","district":"永和區","display_name":"保平路292巷 車格 115062","address":"保平路292巷","facility_kind":"onstreet","symbol_text":null,"type_reference":"路邊停車格","type_confidence":0.6,"price_raw":null,"price_value":null,"capacity_total":1,"available_total":1,"occupied_total":0,"status_label":"空位","data_time":"2026-05-02 15:53:29+08:00","city_label":"新北市","facility_kind_label":"路邊車格","available_rate":1,"occupancy_rate":0,"price_tier":"unknown","price_tier_label":"價格未知"}},{"type":"Feature","geometry":{"type":"Point","coordinates":[121.504951,25.011081]},"properties":{"supply_id":"new_taipei-onstreet-27840","city":"new_taipei","district":"永和區","display_name":"保生路 車格 27840","address":"保生路","facility_kind":"onstreet","symbol_text":null,"type_reference":"路邊停車格","type_confidence":0.6,"price_raw":null,"price_value":null,"capacity_total":1,"available_total":0,"occupied_total":1,"status_label":"已停","data_time":"2026-05-02 15:53:29+08:00","city_label":"新北市","facility_kind_label":"路邊車格","available_rate":0,"occupancy_rate":1,"price_tier":"unknown","price_tier_label":"價格未知"}},{"type":"Feature","geometry":{"type":"Point","coordinates":[121.508963,25.012104]},"properties":{"supply_id":"new_taipei-onstreet-63067","city":"new_taipei","district":"永和區","display_name":"仁愛路 車格 63067","address":"仁愛路","facility_kind":"onstreet","symbol_text":null,"type_reference":"路邊停車格","type_confidence":0.6,"price_raw":null,"price_value":null,"capacity_total":1,"available_total":1,"occupied_total":0,"status_label":"空位","data_time":"2026-05-02 15:53:29+08:00","city_label":"新北市","facility_kind_label":"路邊車格","available_rate":1,"occupancy_rate":0,"price_tier":"unknown","price_tier_label":"價格未知"}},{"type":"Feature","geometry":{"type":"Point","coordinates":[121.511492,25.007111]},"properties":{"supply_id":"new_taipei-onstreet-83360","city":"new_taipei","district":"永和區","display_name":"保平路 車格 83360","address":"保平路","facility_kind":"onstreet","symbol_text":null,"type_reference":"路邊停車格","type_confidence":0.6,"price_raw":null,"price_value":null,"capacity_total":1,"available_total":1,"occupied_total":0,"status_label":"空位","data_time":"2026-05-02 15:53:29+08:00","city_label":"新北市","facility_kind_label":"路邊車格","available_rate":1,"occupancy_rate":0,"price_tier":"unknown","price_tier_label":"價格未知"}},{"type":"Feature","geometry":{"type":"Point","coordinates":[121.508569,25.005251]},"properties":{"supply_id":"new_taipei-onstreet-115047","city":"new_taipei","district":"永和區","display_name":"保平路268巷 車格 115047","address":"保平路268巷","facility_kind":"onstreet","symbol_text":null,"type_reference":"路邊停車格","type_confidence":0.6,"price_raw":null,"price_value":null,"capacity_total":1,"available_total":0,"occupied_total":1,"status_label":"已停","data_time":"2026-05-02 15:53:29+08:00","city_label":"新北市","facility_kind_label":"路邊車格","available_rate":0,"occupancy_rate":1,"price_tier":"unknown","price_tier_label":"價格未知"}},{"type":"Feature","geometry":{"type":"Point","coordinates":[121.508919,25.012074]},"properties":{"supply_id":"new_taipei-onstreet-63053","city":"new_taipei","district":"永和區","display_name":"仁愛路 車格 63053","address":"仁愛路","facility_kind":"onstreet","symbol_text":null,"type_reference":"路邊停車格","type_confidence":0.6,"price_raw":null,"price_value":null,"capacity_total":1,"available_total":0,"occupied_total":1,"status_label":"已停","data_time":"2026-05-02 15:53:29+08:00","city_label":"新北市","facility_kind_label":"路邊車格","available_rate":0,"occupancy_rate":1,"price_tier":"unknown","price_tier_label":"價格未知"}},{"type":"Feature","geometry":{"type":"Point","coordinates":[121.508533,25.005288]},"properties":{"supply_id":"new_taipei-onstreet-108711","city":"new_taipei","district":"永和區","display_name":"保平路268巷 車格 108711","address":"保平路268巷","facility_kind":"onstreet","symbol_text":null,"type_reference":"路邊停車格","type_confidence":0.6,"price_raw":null,"price_value":null,"capacity_total":1,"available_total":1,"occupied_total":0,"status_label":"空位","data_time":"2026-05-02 15:53:29+08:00","city_label":"新北市","facility_kind_label":"路邊車格","available_rate":1,"occupancy_rate":0,"price_tier":"unknown","price_tier_label":"價格未知"}},{"type":"Feature","geometry":{"type":"Point","coordinates":[121.52792,24.99777]},"properties":{"supply_id":"new_taipei-onstreet-133265","city":"new_taipei","district":"永和區","display_name":"民樂街69巷 車格 133265","address":"民樂街69巷","facility_kind":"onstreet","symbol_text":null,"type_reference":"路邊停車格","type_confidence":0.6,"price_raw":null,"price_value":null,"capacity_total":1,"available_total":1,"occupied_total":0,"status_label":"空位","data_time":"2026-05-02 15:53:29+08:00","city_label":"新北市","facility_kind_label":"路邊車格","available_rate":1,"occupancy_rate":0,"price_tier":"unknown","price_tier_label":"價格未知"}},{"type":"Feature","geometry":{"type":"Point","coordinates":[121.524758,25.00395]},"properties":{"supply_id":"new_taipei-onstreet-29735","city":"new_taipei","district":"永和區","display_name":"永亨路 車格 29735","address":"永亨路","facility_kind":"onstreet","symbol_text":null,"type_reference":"路邊停車格","type_confidence":0.6,"price_raw":null,"price_value":null,"capacity_total":1,"available_total":1,"occupied_total":0,"status_label":"空位","data_time":"2026-05-02 15:53:29+08:00","city_label":"新北市","facility_kind_label":"路邊車格","available_rate":1,"occupancy_rate":0,"price_tier":"unknown","price_tier_label":"價格未知"}},{"type":"Feature","geometry":{"type":"Point","coordinates":[121.519382,25.005083]},"properties":{"supply_id":"new_taipei-onstreet-4634","city":"new_taipei","district":"永和區","display_name":"永利路 車格 4634","address":"永利路","facility_kind":"onstreet","symbol_text":null,"type_reference":"路邊停車格","type_confidence":0.6,"price_raw":null,"price_value":null,"capacity_total":1,"available_total":1,"occupied_total":0,"status_label":"空位","data_time":"2026-05-02 15:53:29+08:00","city_label":"新北市","facility_kind_label":"路邊車格","available_rate":1,"occupancy_rate":0,"price_tier":"unknown","price_tier_label":"價格未知"}},{"type":"Feature","geometry":{"type":"Point","coordinates":[121.518901,25.012341]},"properties":{"supply_id":"new_taipei-onstreet-83607","city":"new_taipei","district":"永和區","display_name":"中興街 車格 83607","address":"中興街","facility_kind":"onstreet","symbol_text":null,"type_reference":"路邊停車格","type_confidence":0.6,"price_raw":null,"price_value":null,"capacity_total":1,"available_total":1,"occupied_total":0,"status_label":"空位","data_time":"2026-05-02 15:53:29+08:00","city_label":"新北市","facility_kind_label":"路邊車格","available_rate":1,"occupancy_rate":0,"price_tier":"unknown","price_tier_label":"價格未知"}},{"type":"Feature","geometry":{"type":"Point","coordinates":[121.504948,25.010698]},"properties":{"supply_id":"new_taipei-onstreet-65252","city":"new_taipei","district":"永和區","display_name":"保生路 車格 65252","address":"保生路","facility_kind":"onstreet","symbol_text":null,"type_reference":"路邊停車格","type_confidence":0.6,"price_raw":null,"price_value":null,"capacity_total":1,"available_total":1,"occupied_total":0,"status_label":"空位","data_time":"2026-05-02 15:53:29+08:00","city_label":"新北市","facility_kind_label":"路邊車格","available_rate":1,"occupancy_rate":0,"price_tier":"unknown","price_tier_label":"價格未知"}},{"type":"Feature","geometry":{"type":"Point","coordinates":[121.508624,25.011865]},"properties":{"supply_id":"new_taipei-onstreet-99051","city":"new_taipei","district":"永和區","display_name":"仁愛路 車格 99051","address":"仁愛路","facility_kind":"onstreet","symbol_text":null,"type_reference":"路邊停車格","type_confidence":0.6,"price_raw":null,"price_value":null,"capacity_total":1,"available_total":1,"occupied_total":0,"status_label":"空位","data_time":"2026-05-02 15:53:29+08:00","city_label":"新北市","facility_kind_label":"路邊車格","available_rate":1,"occupancy_rate":0,"price_tier":"unknown","price_tier_label":"價格未知"}},{"type":"Feature","geometry":{"type":"Point","coordinates":[121.511729,25.007228]},"properties":{"supply_id":"new_taipei-onstreet-83357","city":"new_taipei","district":"永和區","display_name":"保平路 車格 83357","address":"保平路","facility_kind":"onstreet","symbol_text":null,"type_reference":"路邊停車格","type_confidence":0.6,"price_raw":null,"price_value":null,"capacity_total":1,"available_total":1,"occupied_total":0,"status_label":"空位","data_time":"2026-05-02 15:53:29+08:00","city_label":"新北市","facility_kind_label":"路邊車格","available_rate":1,"occupancy_rate":0,"price_tier":"unknown","price_tier_label":"價格未知"}},{"type":"Feature","geometry":{"type":"Point","coordinates":[121.508064,25.005883]},"properties":{"supply_id":"new_taipei-onstreet-115046","city":"new_taipei","district":"永和區","display_name":"保平路268巷 車格 115046","address":"保平路268巷","facility_kind":"onstreet","symbol_text":null,"type_reference":"路邊停車格","type_confidence":0.6,"price_raw":null,"price_value":null,"capacity_total":1,"available_total":1,"occupied_total":0,"status_label":"空位","data_time":"2026-05-02 15:53:29+08:00","city_label":"新北市","facility_kind_label":"路邊車格","available_rate":1,"occupancy_rate":0,"price_tier":"unknown","price_tier_label":"價格未知"}},{"type":"Feature","geometry":{"type":"Point","coordinates":[121.528024,24.997727]},"properties":{"supply_id":"new_taipei-onstreet-133269","city":"new_taipei","district":"永和區","display_name":"民樂街69巷 車格 133269","address":"民樂街69巷","facility_kind":"onstreet","symbol_text":null,"type_reference":"路邊停車格","type_confidence":0.6,"price_raw":null,"price_value":null,"capacity_total":1,"available_total":1,"occupied_total":0,"status_label":"空位","data_time":"2026-05-02 15:53:29+08:00","city_label":"新北市","facility_kind_label":"路邊車格","available_rate":1,"occupancy_rate":0,"price_tier":"unknown","price_tier_label":"價格未知"}},{"type":"Feature","geometry":{"type":"Point","coordinates":[121.511452,25.015725]},"properties":{"supply_id":"new_taipei-onstreet-99290","city":"new_taipei","district":"永和區","display_name":"文化路 車格 99290","address":"文化路","facility_kind":"onstreet","symbol_text":null,"type_reference":"路邊停車格","type_confidence":0.6,"price_raw":null,"price_value":null,"capacity_total":1,"available_total":1,"occupied_total":0,"status_label":"空位","data_time":"2026-05-02 15:53:29+08:00","city_label":"新北市","facility_kind_label":"路邊車格","available_rate":1,"occupancy_rate":0,"price_tier":"unknown","price_tier_label":"價格未知"}},{"type":"Feature","geometry":{"type":"Point","coordinates":[121.523832,24.998844]},"properties":{"supply_id":"new_taipei-onstreet-8753","city":"new_taipei","district":"永和區","display_name":"厚德街 車格 8753","address":"厚德街","facility_kind":"onstreet","symbol_text":null,"type_reference":"路邊停車格","type_confidence":0.6,"price_raw":null,"price_value":null,"capacity_total":1,"available_total":1,"occupied_total":0,"status_label":"空位","data_time":"2026-05-02 15:53:29+08:00","city_label":"新北市","facility_kind_label":"路邊車格","available_rate":1,"occupancy_rate":0,"price_tier":"unknown","price_tier_label":"價格未知"}},{"type":"Feature","geometry":{"type":"Point","coordinates":[121.52089,25.006655]},"properties":{"supply_id":"new_taipei-onstreet-83277","city":"new_taipei","district":"永和區","display_name":"永貞路 車格 83277","address":"永貞路","facility_kind":"onstreet","symbol_text":null,"type_reference":"路邊停車格","type_confidence":0.6,"price_raw":null,"price_value":null,"capacity_total":1,"available_total":1,"occupied_total":0,"status_label":"空位","data_time":"2026-05-02 15:53:29+08:00","city_label":"新北市","facility_kind_label":"路邊車格","available_rate":1,"occupancy_rate":0,"price_tier":"unknown","price_tier_label":"價格未知"}},{"type":"Feature","geometry":{"type":"Point","coordinates":[121.509905,25.01624]},"properties":{"supply_id":"new_taipei-onstreet-47808","city":"new_taipei","district":"永和區","display_name":"保安路 車格 47808","address":"保安路","facility_kind":"onstreet","symbol_text":null,"type_reference":"路邊停車格","type_confidence":0.6,"price_raw":null,"price_value":null,"capacity_total":1,"available_total":0,"occupied_total":1,"status_label":"已停","data_time":"2026-05-02 15:53:29+08:00","city_label":"新北市","facility_kind_label":"路邊車格","available_rate":0,"occupancy_rate":1,"price_tier":"unknown","price_tier_label":"價格未知"}},{"type":"Feature","geometry":{"type":"Point","coordinates":[121.519301,25.00515]},"properties":{"supply_id":"new_taipei-onstreet-135986","city":"new_taipei","district":"永和區","display_name":"永利路 車格 135986","address":"永利路","facility_kind":"onstreet","symbol_text":null,"type_reference":"路邊停車格","type_confidence":0.6,"price_raw":null,"price_value":null,"capacity_total":1,"available_total":1,"occupied_total":0,"status_label":"空位","data_time":"2026-05-02 15:53:29+08:00","city_label":"新北市","facility_kind_label":"路邊車格","available_rate":1,"occupancy_rate":0,"price_tier":"unknown","price_tier_label":"價格未知"}},{"type":"Feature","geometry":{"type":"Point","coordinates":[121.520708,24.996351]},"properties":{"supply_id":"new_taipei-onstreet-85977","city":"new_taipei","district":"永和區","display_name":"更生街 車格 85977","address":"更生街","facility_kind":"onstreet","symbol_text":null,"type_reference":"路邊停車格","type_confidence":0.6,"price_raw":null,"price_value":null,"capacity_total":1,"available_total":1,"occupied_total":0,"status_label":"空位","data_time":"2026-05-02 15:53:29+08:00","city_label":"新北市","facility_kind_label":"路邊車格","available_rate":1,"occupancy_rate":0,"price_tier":"unknown","price_tier_label":"價格未知"}},{"type":"Feature","geometry":{"type":"Point","coordinates":[121.519423,25.00505]},"properties":{"supply_id":"new_taipei-onstreet-142073","city":"new_taipei","district":"永和區","display_name":"永利路 車格 142073","address":"永利路","facility_kind":"onstreet","symbol_text":null,"type_reference":"路邊停車格","type_confidence":0.6,"price_raw":null,"price_value":null,"capacity_total":1,"available_total":0,"occupied_total":1,"status_label":"已停","data_time":"2026-05-02 15:53:29+08:00","city_label":"新北市","facility_kind_label":"路邊車格","available_rate":0,"occupancy_rate":1,"price_tier":"unknown","price_tier_label":"價格未知"}},{"type":"Feature","geometry":{"type":"Point","coordinates":[121.523673,24.998904]},"properties":{"supply_id":"new_taipei-onstreet-8789","city":"new_taipei","district":"永和區","display_name":"厚德街 車格 8789","address":"厚德街","facility_kind":"onstreet","symbol_text":null,"type_reference":"路邊停車格","type_confidence":0.6,"price_raw":null,"price_value":null,"capacity_total":1,"available_total":1,"occupied_total":0,"status_label":"空位","data_time":"2026-05-02 15:53:29+08:00","city_label":"新北市","facility_kind_label":"路邊車格","available_rate":1,"occupancy_rate":0,"price_tier":"unknown","price_tier_label":"價格未知"}},{"type":"Feature","geometry":{"type":"Point","coordinates":[121.509155,25.006535]},"properties":{"supply_id":"new_taipei-onstreet-115006","city":"new_taipei","district":"永和區","display_name":"保平路214巷 車格 115006","address":"保平路214巷","facility_kind":"onstreet","symbol_text":null,"type_reference":"路邊停車格","type_confidence":0.6,"price_raw":null,"price_value":null,"capacity_total":1,"available_total":1,"occupied_total":0,"status_label":"空位","data_time":"2026-05-02 15:53:29+08:00","city_label":"新北市","facility_kind_label":"路邊車格","available_rate":1,"occupancy_rate":0,"price_tier":"unknown","price_tier_label":"價格未知"}},{"type":"Feature","geometry":{"type":"Point","coordinates":[121.507029,25.005972]},"properties":{"supply_id":"new_taipei-onstreet-115058","city":"new_taipei","district":"永和區","display_name":"保平路292巷 車格 115058","address":"保平路292巷","facility_kind":"onstreet","symbol_text":null,"type_reference":"路邊停車格","type_confidence":0.6,"price_raw":null,"price_value":null,"capacity_total":1,"available_total":1,"occupied_total":0,"status_label":"空位","data_time":"2026-05-02 15:53:29+08:00","city_label":"新北市","facility_kind_label":"路邊車格","available_rate":1,"occupancy_rate":0,"price_tier":"unknown","price_tier_label":"價格未知"}},{"type":"Feature","geometry":{"type":"Point","coordinates":[121.518849,25.012324]},"properties":{"supply_id":"new_taipei-onstreet-83608","city":"new_taipei","district":"永和區","display_name":"中興街 車格 83608","address":"中興街","facility_kind":"onstreet","symbol_text":null,"type_reference":"路邊停車格","type_confidence":0.6,"price_raw":null,"price_value":null,"capacity_total":1,"available_total":1,"occupied_total":0,"status_label":"空位","data_time":"2026-05-02 15:53:29+08:00","city_label":"新北市","facility_kind_label":"路邊車格","available_rate":1,"occupancy_rate":0,"price_tier":"unknown","price_tier_label":"價格未知"}},{"type":"Feature","geometry":{"type":"Point","coordinates":[121.504949,25.010826]},"properties":{"supply_id":"new_taipei-onstreet-65251","city":"new_taipei","district":"永和區","display_name":"保生路 車格 65251","address":"保生路","facility_kind":"onstreet","symbol_text":null,"type_reference":"路邊停車格","type_confidence":0.6,"price_raw":null,"price_value":null,"capacity_total":1,"available_total":1,"occupied_total":0,"status_label":"空位","data_time":"2026-05-02 15:53:29+08:00","city_label":"新北市","facility_kind_label":"路邊車格","available_rate":1,"occupancy_rate":0,"price_tier":"unknown","price_tier_label":"價格未知"}},{"type":"Feature","geometry":{"type":"Point","coordinates":[121.508654,25.006163]},"properties":{"supply_id":"new_taipei-onstreet-15756","city":"new_taipei","district":"永和區","display_name":"保平路236巷 車格 15756","address":"保平路236巷","facility_kind":"onstreet","symbol_text":null,"type_reference":"路邊停車格","type_confidence":0.6,"price_raw":null,"price_value":null,"capacity_total":1,"available_total":1,"occupied_total":0,"status_label":"空位","data_time":"2026-05-02 15:53:29+08:00","city_label":"新北市","facility_kind_label":"路邊車格","available_rate":1,"occupancy_rate":0,"price_tier":"unknown","price_tier_label":"價格未知"}},{"type":"Feature","geometry":{"type":"Point","coordinates":[121.527302,24.997047]},"properties":{"supply_id":"new_taipei-onstreet-133257","city":"new_taipei","district":"永和區","display_name":"民樂街 車格 133257","address":"民樂街","facility_kind":"onstreet","symbol_text":null,"type_reference":"路邊停車格","type_confidence":0.6,"price_raw":null,"price_value":null,"capacity_total":1,"available_total":1,"occupied_total":0,"status_label":"空位","data_time":"2026-05-02 15:53:29+08:00","city_label":"新北市","facility_kind_label":"路邊車格","available_rate":1,"occupancy_rate":0,"price_tier":"unknown","price_tier_label":"價格未知"}},{"type":"Feature","geometry":{"type":"Point","coordinates":[121.528129,24.997771]},"properties":{"supply_id":"new_taipei-onstreet-133263","city":"new_taipei","district":"永和區","display_name":"民樂街69巷 車格 133263","address":"民樂街69巷","facility_kind":"onstreet","symbol_text":null,"type_reference":"路邊停車格","type_confidence":0.6,"price_raw":null,"price_value":null,"capacity_total":1,"available_total":0,"occupied_total":1,"status_label":"已停","data_time":"2026-05-02 15:53:29+08:00","city_label":"新北市","facility_kind_label":"路邊車格","available_rate":0,"occupancy_rate":1,"price_tier":"unknown","price_tier_label":"價格未知"}},{"type":"Feature","geometry":{"type":"Point","coordinates":[121.525026,25.003915]},"properties":{"supply_id":"new_taipei-onstreet-47847","city":"new_taipei","district":"永和區","display_name":"永亨路 車格 47847","address":"永亨路","facility_kind":"onstreet","symbol_text":null,"type_reference":"路邊停車格","type_confidence":0.6,"price_raw":null,"price_value":null,"capacity_total":1,"available_total":1,"occupied_total":0,"status_label":"空位","data_time":"2026-05-02 15:53:29+08:00","city_label":"新北市","facility_kind_label":"路邊車格","available_rate":1,"occupancy_rate":0,"price_tier":"unknown","price_tier_label":"價格未知"}},{"type":"Feature","geometry":{"type":"Point","coordinates":[121.508796,25.006018]},"properties":{"supply_id":"new_taipei-onstreet-76465","city":"new_taipei","district":"永和區","display_name":"保平路236巷 車格 76465","address":"保平路236巷","facility_kind":"onstreet","symbol_text":null,"type_reference":"路邊停車格","type_confidence":0.6,"price_raw":null,"price_value":null,"capacity_total":1,"available_total":1,"occupied_total":0,"status_label":"空位","data_time":"2026-05-02 15:53:29+08:00","city_label":"新北市","facility_kind_label":"路邊車格","available_rate":1,"occupancy_rate":0,"price_tier":"unknown","price_tier_label":"價格未知"}},{"type":"Feature","geometry":{"type":"Point","coordinates":[121.504949,25.010953]},"properties":{"supply_id":"new_taipei-onstreet-65248","city":"new_taipei","district":"永和區","display_name":"保生路 車格 65248","address":"保生路","facility_kind":"onstreet","symbol_text":null,"type_reference":"路邊停車格","type_confidence":0.6,"price_raw":null,"price_value":null,"capacity_total":1,"available_total":0,"occupied_total":1,"status_label":"已停","data_time":"2026-05-02 15:53:29+08:00","city_label":"新北市","facility_kind_label":"路邊車格","available_rate":0,"occupancy_rate":1,"price_tier":"unknown","price_tier_label":"價格未知"}},{"type":"Feature","geometry":{"type":"Point","coordinates":[121.513317,25.012305]},"properties":{"supply_id":"new_taipei-onstreet-94188","city":"new_taipei","district":"永和區","display_name":"信義路 車格 94188","address":"信義路","facility_kind":"onstreet","symbol_text":null,"type_reference":"路邊停車格","type_confidence":0.6,"price_raw":null,"price_value":null,"capacity_total":1,"available_total":1,"occupied_total":0,"status_label":"空位","data_time":"2026-05-02 15:53:29+08:00","city_label":"新北市","facility_kind_label":"路邊車格","available_rate":1,"occupancy_rate":0,"price_tier":"unknown","price_tier_label":"價格未知"}},{"type":"Feature","geometry":{"type":"Point","coordinates":[121.517872,25.010598]},"properties":{"supply_id":"new_taipei-onstreet-84259","city":"new_taipei","district":"永和區","display_name":"國光路 車格 84259","address":"國光路","facility_kind":"onstreet","symbol_text":null,"type_reference":"路邊停車格","type_confidence":0.6,"price_raw":null,"price_value":null,"capacity_total":1,"available_total":1,"occupied_total":0,"status_label":"空位","data_time":"2026-05-02 15:53:29+08:00","city_label":"新北市","facility_kind_label":"路邊車格","available_rate":1,"occupancy_rate":0,"price_tier":"unknown","price_tier_label":"價格未知"}},{"type":"Feature","geometry":{"type":"Point","coordinates":[121.524821,25.003939]},"properties":{"supply_id":"new_taipei-onstreet-67036","city":"new_taipei","district":"永和區","display_name":"永亨路 車格 67036","address":"永亨路","facility_kind":"onstreet","symbol_text":null,"type_reference":"路邊停車格","type_confidence":0.6,"price_raw":null,"price_value":null,"capacity_total":1,"available_total":1,"occupied_total":0,"status_label":"空位","data_time":"2026-05-02 15:53:29+08:00","city_label":"新北市","facility_kind_label":"路邊車格","available_rate":1,"occupancy_rate":0,"price_tier":"unknown","price_tier_label":"價格未知"}},{"type":"Feature","geometry":{"type":"Point","coordinates":[121.519342,25.005116]},"properties":{"supply_id":"new_taipei-onstreet-135987","city":"new_taipei","district":"永和區","display_name":"永利路 車格 135987","address":"永利路","facility_kind":"onstreet","symbol_text":null,"type_reference":"路邊停車格","type_confidence":0.6,"price_raw":null,"price_value":null,"capacity_total":1,"available_total":0,"occupied_total":1,"status_label":"已停","data_time":"2026-05-02 15:53:29+08:00","city_label":"新北市","facility_kind_label":"路邊車格","available_rate":0,"occupancy_rate":1,"price_tier":"unknown","price_tier_label":"價格未知"}},{"type":"Feature","geometry":{"type":"Point","coordinates":[121.517954,25.010252]},"properties":{"supply_id":"new_taipei-onstreet-84225","city":"new_taipei","district":"永和區","display_name":"國光路 車格 84225","address":"國光路","facility_kind":"onstreet","symbol_text":null,"type_reference":"路邊停車格","type_confidence":0.6,"price_raw":null,"price_value":null,"capacity_total":1,"available_total":1,"occupied_total":0,"status_label":"空位","data_time":"2026-05-02 15:53:29+08:00","city_label":"新北市","facility_kind_label":"路邊車格","available_rate":1,"occupancy_rate":0,"price_tier":"unknown","price_tier_label":"價格未知"}},{"type":"Feature","geometry":{"type":"Point","coordinates":[121.520875,25.006557]},"properties":{"supply_id":"new_taipei-onstreet-83278","city":"new_taipei","district":"永和區","display_name":"永貞路 車格 83278","address":"永貞路","facility_kind":"onstreet","symbol_text":null,"type_reference":"路邊停車格","type_confidence":0.6,"price_raw":null,"price_value":null,"capacity_total":1,"available_total":1,"occupied_total":0,"status_label":"空位","data_time":"2026-05-02 15:53:29+08:00","city_label":"新北市","facility_kind_label":"路邊車格","available_rate":1,"occupancy_rate":0,"price_tier":"unknown","price_tier_label":"價格未知"}},{"type":"Feature","geometry":{"type":"Point","coordinates":[121.509493,25.015806]},"properties":{"supply_id":"new_taipei-onstreet-76010","city":"new_taipei","district":"永和區","display_name":"保安路 車格 76010","address":"保安路","facility_kind":"onstreet","symbol_text":null,"type_reference":"路邊停車格","type_confidence":0.6,"price_raw":null,"price_value":null,"capacity_total":1,"available_total":0,"occupied_total":1,"status_label":"已停","data_time":"2026-05-02 15:53:29+08:00","city_label":"新北市","facility_kind_label":"路邊車格","available_rate":0,"occupancy_rate":1,"price_tier":"unknown","price_tier_label":"價格未知"}},{"type":"Feature","geometry":{"type":"Point","coordinates":[121.510969,25.012228]},"properties":{"supply_id":"new_taipei-onstreet-83377","city":"new_taipei","district":"永和區","display_name":"保福路二段 車格 83377","address":"保福路二段","facility_kind":"onstreet","symbol_text":null,"type_reference":"路邊停車格","type_confidence":0.6,"price_raw":null,"price_value":null,"capacity_total":1,"available_total":1,"occupied_total":0,"status_label":"空位","data_time":"2026-05-02 15:53:29+08:00","city_label":"新北市","facility_kind_label":"路邊車格","available_rate":1,"occupancy_rate":0,"price_tier":"unknown","price_tier_label":"價格未知"}},{"type":"Feature","geometry":{"type":"Point","coordinates":[121.520889,25.006787]},"properties":{"supply_id":"new_taipei-onstreet-83275","city":"new_taipei","district":"永和區","display_name":"永貞路 車格 83275","address":"永貞路","facility_kind":"onstreet","symbol_text":null,"type_reference":"路邊停車格","type_confidence":0.6,"price_raw":null,"price_value":null,"capacity_total":1,"available_total":1,"occupied_total":0,"status_label":"空位","data_time":"2026-05-02 15:53:29+08:00","city_label":"新北市","facility_kind_label":"路邊車格","available_rate":1,"occupancy_rate":0,"price_tier":"unknown","price_tier_label":"價格未知"}},{"type":"Feature","geometry":{"type":"Point","coordinates":[121.518042,25.009874]},"properties":{"supply_id":"new_taipei-onstreet-40900","city":"new_taipei","district":"永和區","display_name":"國光路 車格 40900","address":"國光路","facility_kind":"onstreet","symbol_text":null,"type_reference":"路邊停車格","type_confidence":0.6,"price_raw":null,"price_value":null,"capacity_total":1,"available_total":1,"occupied_total":0,"status_label":"空位","data_time":"2026-05-02 15:53:29+08:00","city_label":"新北市","facility_kind_label":"路邊車格","available_rate":1,"occupancy_rate":0,"price_tier":"unknown","price_tier_label":"價格未知"}},{"type":"Feature","geometry":{"type":"Point","coordinates":[121.520847,25.006408]},"properties":{"supply_id":"new_taipei-onstreet-62584","city":"new_taipei","district":"永和區","display_name":"永貞路 車格 62584","address":"永貞路","facility_kind":"onstreet","symbol_text":null,"type_reference":"路邊停車格","type_confidence":0.6,"price_raw":null,"price_value":null,"capacity_total":1,"available_total":0,"occupied_total":1,"status_label":"已停","data_time":"2026-05-02 15:53:29+08:00","city_label":"新北市","facility_kind_label":"路邊車格","available_rate":0,"occupancy_rate":1,"price_tier":"unknown","price_tier_label":"價格未知"}},{"type":"Feature","geometry":{"type":"Point","coordinates":[121.517845,25.010697]},"properties":{"supply_id":"new_taipei-onstreet-155419","city":"new_taipei","district":"永和區","display_name":"國光路 車格 155419","address":"國光路","facility_kind":"onstreet","symbol_text":null,"type_reference":"路邊停車格","type_confidence":0.6,"price_raw":null,"price_value":null,"capacity_total":1,"available_total":1,"occupied_total":0,"status_label":"空位","data_time":"2026-05-02 15:53:29+08:00","city_label":"新北市","facility_kind_label":"路邊車格","available_rate":1,"occupancy_rate":0,"price_tier":"unknown","price_tier_label":"價格未知"}},{"type":"Feature","geometry":{"type":"Point","coordinates":[121.517929,25.010359]},"properties":{"supply_id":"new_taipei-onstreet-84224","city":"new_taipei","district":"永和區","display_name":"國光路 車格 84224","address":"國光路","facility_kind":"onstreet","symbol_text":null,"type_reference":"路邊停車格","type_confidence":0.6,"price_raw":null,"price_value":null,"capacity_total":1,"available_total":1,"occupied_total":0,"status_label":"空位","data_time":"2026-05-02 15:53:29+08:00","city_label":"新北市","facility_kind_label":"路邊車格","available_rate":1,"occupancy_rate":0,"price_tier":"unknown","price_tier_label":"價格未知"}},{"type":"Feature","geometry":{"type":"Point","coordinates":[121.51307,25.01243]},"properties":{"supply_id":"new_taipei-onstreet-94187","city":"new_taipei","district":"永和區","display_name":"信義路 車格 94187","address":"信義路","facility_kind":"onstreet","symbol_text":null,"type_reference":"路邊停車格","type_confidence":0.6,"price_raw":null,"price_value":null,"capacity_total":1,"available_total":0,"occupied_total":1,"status_label":"已停","data_time":"2026-05-02 15:53:29+08:00","city_label":"新北市","facility_kind_label":"路邊車格","available_rate":0,"occupancy_rate":1,"price_tier":"unknown","price_tier_label":"價格未知"}},{"type":"Feature","geometry":{"type":"Point","coordinates":[121.509443,25.006184]},"properties":{"supply_id":"new_taipei-onstreet-108465","city":"new_taipei","district":"永和區","display_name":"保平路214巷 車格 108465","address":"保平路214巷","facility_kind":"onstreet","symbol_text":null,"type_reference":"路邊停車格","type_confidence":0.6,"price_raw":null,"price_value":null,"capacity_total":1,"available_total":1,"occupied_total":0,"status_label":"空位","data_time":"2026-05-02 15:53:29+08:00","city_label":"新北市","facility_kind_label":"路邊車格","available_rate":1,"occupancy_rate":0,"price_tier":"unknown","price_tier_label":"價格未知"}},{"type":"Feature","geometry":{"type":"Point","coordinates":[121.510391,25.01639]},"properties":{"supply_id":"new_taipei-onstreet-94203","city":"new_taipei","district":"永和區","display_name":"文化路 車格 94203","address":"文化路","facility_kind":"onstreet","symbol_text":null,"type_reference":"路邊停車格","type_confidence":0.6,"price_raw":null,"price_value":null,"capacity_total":1,"available_total":0,"occupied_total":1,"status_label":"已停","data_time":"2026-05-02 15:53:29+08:00","city_label":"新北市","facility_kind_label":"路邊車格","available_rate":0,"occupancy_rate":1,"price_tier":"unknown","price_tier_label":"價格未知"}},{"type":"Feature","geometry":{"type":"Point","coordinates":[121.510938,25.012293]},"properties":{"supply_id":"new_taipei-onstreet-60270","city":"new_taipei","district":"永和區","display_name":"保福路二段 車格 60270","address":"保福路二段","facility_kind":"onstreet","symbol_text":null,"type_reference":"路邊停車格","type_confidence":0.6,"price_raw":null,"price_value":null,"capacity_total":1,"available_total":1,"occupied_total":0,"status_label":"空位","data_time":"2026-05-02 15:53:29+08:00","city_label":"新北市","facility_kind_label":"路邊車格","available_rate":1,"occupancy_rate":0,"price_tier":"unknown","price_tier_label":"價格未知"}},{"type":"Feature","geometry":{"type":"Point","coordinates":[121.512665,25.012819]},"properties":{"supply_id":"new_taipei-onstreet-83634","city":"new_taipei","district":"永和區","display_name":"信義路 車格 83634","address":"信義路","facility_kind":"onstreet","symbol_text":null,"type_reference":"路邊停車格","type_confidence":0.6,"price_raw":null,"price_value":null,"capacity_total":1,"available_total":1,"occupied_total":0,"status_label":"空位","data_time":"2026-05-02 15:53:29+08:00","city_label":"新北市","facility_kind_label":"路邊車格","available_rate":1,"occupancy_rate":0,"price_tier":"unknown","price_tier_label":"價格未知"}},{"type":"Feature","geometry":{"type":"Point","coordinates":[121.524972,25.003922]},"properties":{"supply_id":"new_taipei-onstreet-47846","city":"new_taipei","district":"永和區","display_name":"永亨路 車格 47846","address":"永亨路","facility_kind":"onstreet","symbol_text":null,"type_reference":"路邊停車格","type_confidence":0.6,"price_raw":null,"price_value":null,"capacity_total":1,"available_total":0,"occupied_total":1,"status_label":"已停","data_time":"2026-05-02 15:53:29+08:00","city_label":"新北市","facility_kind_label":"路邊車格","available_rate":0,"occupancy_rate":1,"price_tier":"unknown","price_tier_label":"價格未知"}},{"type":"Feature","geometry":{"type":"Point","coordinates":[121.509653,25.015975]},"properties":{"supply_id":"new_taipei-onstreet-76011","city":"new_taipei","district":"永和區","display_name":"保安路 車格 76011","address":"保安路","facility_kind":"onstreet","symbol_text":null,"type_reference":"路邊停車格","type_confidence":0.6,"price_raw":null,"price_value":null,"capacity_total":1,"available_total":0,"occupied_total":1,"status_label":"已停","data_time":"2026-05-02 15:53:29+08:00","city_label":"新北市","facility_kind_label":"路邊車格","available_rate":0,"occupancy_rate":1,"price_tier":"unknown","price_tier_label":"價格未知"}},{"type":"Feature","geometry":{"type":"Point","coordinates":[121.513117,25.012405]},"properties":{"supply_id":"new_taipei-onstreet-94173","city":"new_taipei","district":"永和區","display_name":"信義路 車格 94173","address":"信義路","facility_kind":"onstreet","symbol_text":null,"type_reference":"路邊停車格","type_confidence":0.6,"price_raw":null,"price_value":null,"capacity_total":1,"available_total":1,"occupied_total":0,"status_label":"空位","data_time":"2026-05-02 15:53:29+08:00","city_label":"新北市","facility_kind_label":"路邊車格","available_rate":1,"occupancy_rate":0,"price_tier":"unknown","price_tier_label":"價格未知"}},{"type":"Feature","geometry":{"type":"Point","coordinates":[121.509396,25.006236]},"properties":{"supply_id":"new_taipei-onstreet-108466","city":"new_taipei","district":"永和區","display_name":"保平路214巷 車格 108466","address":"保平路214巷","facility_kind":"onstreet","symbol_text":null,"type_reference":"路邊停車格","type_confidence":0.6,"price_raw":null,"price_value":null,"capacity_total":1,"available_total":1,"occupied_total":0,"status_label":"空位","data_time":"2026-05-02 15:53:29+08:00","city_label":"新北市","facility_kind_label":"路邊車格","available_rate":1,"occupancy_rate":0,"price_tier":"unknown","price_tier_label":"價格未知"}},{"type":"Feature","geometry":{"type":"Point","coordinates":[121.50786,25.005875]},"properties":{"supply_id":"new_taipei-onstreet-259","city":"new_taipei","district":"永和區","display_name":"保平路292巷46弄 車格 259","address":"保平路292巷46弄","facility_kind":"onstreet","symbol_text":null,"type_reference":"路邊停車格","type_confidence":0.6,"price_raw":null,"price_value":null,"capacity_total":1,"available_total":1,"occupied_total":0,"status_label":"空位","data_time":"2026-05-02 15:53:29+08:00","city_label":"新北市","facility_kind_label":"路邊車格","available_rate":1,"occupancy_rate":0,"price_tier":"unknown","price_tier_label":"價格未知"}},{"type":"Feature","geometry":{"type":"Point","coordinates":[121.518053,25.009825]},"properties":{"supply_id":"new_taipei-onstreet-40015","city":"new_taipei","district":"永和區","display_name":"國光路 車格 40015","address":"國光路","facility_kind":"onstreet","symbol_text":null,"type_reference":"路邊停車格","type_confidence":0.6,"price_raw":null,"price_value":null,"capacity_total":1,"available_total":1,"occupied_total":0,"status_label":"空位","data_time":"2026-05-02 15:53:29+08:00","city_label":"新北市","facility_kind_label":"路邊車格","available_rate":1,"occupancy_rate":0,"price_tier":"unknown","price_tier_label":"價格未知"}},{"type":"Feature","geometry":{"type":"Point","coordinates":[121.511018,25.012121]},"properties":{"supply_id":"new_taipei-onstreet-96025","city":"new_taipei","district":"永和區","display_name":"保福路二段 車格 96025","address":"保福路二段","facility_kind":"onstreet","symbol_text":null,"type_reference":"路邊停車格","type_confidence":0.6,"price_raw":null,"price_value":null,"capacity_total":1,"available_total":1,"occupied_total":0,"status_label":"空位","data_time":"2026-05-02 15:53:29+08:00","city_label":"新北市","facility_kind_label":"路邊車格","available_rate":1,"occupancy_rate":0,"price_tier":"unknown","price_tier_label":"價格未知"}},{"type":"Feature","geometry":{"type":"Point","coordinates":[121.508887,25.005916]},"properties":{"supply_id":"new_taipei-onstreet-76463","city":"new_taipei","district":"永和區","display_name":"保平路236巷 車格 76463","address":"保平路236巷","facility_kind":"onstreet","symbol_text":null,"type_reference":"路邊停車格","type_confidence":0.6,"price_raw":null,"price_value":null,"capacity_total":1,"available_total":1,"occupied_total":0,"status_label":"空位","data_time":"2026-05-02 15:53:29+08:00","city_label":"新北市","facility_kind_label":"路邊車格","available_rate":1,"occupancy_rate":0,"price_tier":"unknown","price_tier_label":"價格未知"}},{"type":"Feature","geometry":{"type":"Point","coordinates":[121.50471,25.010439]},"properties":{"supply_id":"new_taipei-onstreet-116037","city":"new_taipei","district":"永和區","display_name":"保生路 車格 116037","address":"保生路","facility_kind":"onstreet","symbol_text":null,"type_reference":"路邊停車格","type_confidence":0.6,"price_raw":null,"price_value":null,"capacity_total":1,"available_total":1,"occupied_total":0,"status_label":"空位","data_time":"2026-05-02 15:53:29+08:00","city_label":"新北市","facility_kind_label":"路邊車格","available_rate":1,"occupancy_rate":0,"price_tier":"unknown","price_tier_label":"價格未知"}},{"type":"Feature","geometry":{"type":"Point","coordinates":[121.511267,25.006976]},"properties":{"supply_id":"new_taipei-onstreet-94295","city":"new_taipei","district":"永和區","display_name":"保平路 車格 94295","address":"保平路","facility_kind":"onstreet","symbol_text":null,"type_reference":"路邊停車格","type_confidence":0.6,"price_raw":null,"price_value":null,"capacity_total":1,"available_total":1,"occupied_total":0,"status_label":"空位","data_time":"2026-05-02 15:53:29+08:00","city_label":"新北市","facility_kind_label":"路邊車格","available_rate":1,"occupancy_rate":0,"price_tier":"unknown","price_tier_label":"價格未知"}},{"type":"Feature","geometry":{"type":"Point","coordinates":[121.508921,25.005877]},"properties":{"supply_id":"new_taipei-onstreet-15755","city":"new_taipei","district":"永和區","display_name":"保平路236巷 車格 15755","address":"保平路236巷","facility_kind":"onstreet","symbol_text":null,"type_reference":"路邊停車格","type_confidence":0.6,"price_raw":null,"price_value":null,"capacity_total":1,"available_total":1,"occupied_total":0,"status_label":"空位","data_time":"2026-05-02 15:53:29+08:00","city_label":"新北市","facility_kind_label":"路邊車格","available_rate":1,"occupancy_rate":0,"price_tier":"unknown","price_tier_label":"價格未知"}},{"type":"Feature","geometry":{"type":"Point","coordinates":[121.508641,25.005177]},"properties":{"supply_id":"new_taipei-onstreet-115052","city":"new_taipei","district":"永和區","display_name":"保平路268巷 車格 115052","address":"保平路268巷","facility_kind":"onstreet","symbol_text":null,"type_reference":"路邊停車格","type_confidence":0.6,"price_raw":null,"price_value":null,"capacity_total":1,"available_total":0,"occupied_total":1,"status_label":"已停","data_time":"2026-05-02 15:53:29+08:00","city_label":"新北市","facility_kind_label":"路邊車格","available_rate":0,"occupancy_rate":1,"price_tier":"unknown","price_tier_label":"價格未知"}},{"type":"Feature","geometry":{"type":"Point","coordinates":[121.504951,25.011208]},"properties":{"supply_id":"new_taipei-onstreet-65258","city":"new_taipei","district":"永和區","display_name":"保生路 車格 65258","address":"保生路","facility_kind":"onstreet","symbol_text":null,"type_reference":"路邊停車格","type_confidence":0.6,"price_raw":null,"price_value":null,"capacity_total":1,"available_total":1,"occupied_total":0,"status_label":"空位","data_time":"2026-05-02 15:53:29+08:00","city_label":"新北市","facility_kind_label":"路邊車格","available_rate":1,"occupancy_rate":0,"price_tier":"unknown","price_tier_label":"價格未知"}},{"type":"Feature","geometry":{"type":"Point","coordinates":[121.509015,25.012138]},"properties":{"supply_id":"new_taipei-onstreet-27872","city":"new_taipei","district":"永和區","display_name":"仁愛路 車格 27872","address":"仁愛路","facility_kind":"onstreet","symbol_text":null,"type_reference":"路邊停車格","type_confidence":0.6,"price_raw":null,"price_value":null,"capacity_total":1,"available_total":1,"occupied_total":0,"status_label":"空位","data_time":"2026-05-02 15:53:29+08:00","city_label":"新北市","facility_kind_label":"路邊車格","available_rate":1,"occupancy_rate":0,"price_tier":"unknown","price_tier_label":"價格未知"}},{"type":"Feature","geometry":{"type":"Point","coordinates":[121.511328,25.007012]},"properties":{"supply_id":"new_taipei-onstreet-94294","city":"new_taipei","district":"永和區","display_name":"保平路 車格 94294","address":"保平路","facility_kind":"onstreet","symbol_text":null,"type_reference":"路邊停車格","type_confidence":0.6,"price_raw":null,"price_value":null,"capacity_total":1,"available_total":1,"occupied_total":0,"status_label":"空位","data_time":"2026-05-02 15:53:29+08:00","city_label":"新北市","facility_kind_label":"路邊車格","available_rate":1,"occupancy_rate":0,"price_tier":"unknown","price_tier_label":"價格未知"}},{"type":"Feature","geometry":{"type":"Point","coordinates":[121.508605,25.005214]},"properties":{"supply_id":"new_taipei-onstreet-115051","city":"new_taipei","district":"永和區","display_name":"保平路268巷 車格 115051","address":"保平路268巷","facility_kind":"onstreet","symbol_text":null,"type_reference":"路邊停車格","type_confidence":0.6,"price_raw":null,"price_value":null,"capacity_total":1,"available_total":0,"occupied_total":1,"status_label":"已停","data_time":"2026-05-02 15:53:29+08:00","city_label":"新北市","facility_kind_label":"路邊車格","available_rate":0,"occupancy_rate":1,"price_tier":"unknown","price_tier_label":"價格未知"}},{"type":"Feature","geometry":{"type":"Point","coordinates":[121.5149,25.001346]},"properties":{"supply_id":"new_taipei-onstreet-105522","city":"new_taipei","district":"永和區","display_name":"安樂路 車格 105522","address":"安樂路","facility_kind":"onstreet","symbol_text":null,"type_reference":"路邊停車格","type_confidence":0.6,"price_raw":null,"price_value":null,"capacity_total":1,"available_total":1,"occupied_total":0,"status_label":"空位","data_time":"2026-05-02 15:53:29+08:00","city_label":"新北市","facility_kind_label":"路邊車格","available_rate":1,"occupancy_rate":0,"price_tier":"unknown","price_tier_label":"價格未知"}},{"type":"Feature","geometry":{"type":"Point","coordinates":[121.510446,25.016356]},"properties":{"supply_id":"new_taipei-onstreet-94198","city":"new_taipei","district":"永和區","display_name":"文化路 車格 94198","address":"文化路","facility_kind":"onstreet","symbol_text":null,"type_reference":"路邊停車格","type_confidence":0.6,"price_raw":null,"price_value":null,"capacity_total":1,"available_total":1,"occupied_total":0,"status_label":"空位","data_time":"2026-05-02 15:53:29+08:00","city_label":"新北市","facility_kind_label":"路邊車格","available_rate":1,"occupancy_rate":0,"price_tier":"unknown","price_tier_label":"價格未知"}},{"type":"Feature","geometry":{"type":"Point","coordinates":[121.509146,25.00562]},"properties":{"supply_id":"new_taipei-onstreet-15752","city":"new_taipei","district":"永和區","display_name":"保平路236巷 車格 15752","address":"保平路236巷","facility_kind":"onstreet","symbol_text":null,"type_reference":"路邊停車格","type_confidence":0.6,"price_raw":null,"price_value":null,"capacity_total":1,"available_total":1,"occupied_total":0,"status_label":"空位","data_time":"2026-05-02 15:53:29+08:00","city_label":"新北市","facility_kind_label":"路邊車格","available_rate":1,"occupancy_rate":0,"price_tier":"unknown","price_tier_label":"價格未知"}},{"type":"Feature","geometry":{"type":"Point","coordinates":[121.525468,25.003857]},"properties":{"supply_id":"new_taipei-onstreet-47848","city":"new_taipei","district":"永和區","display_name":"永亨路 車格 47848","address":"永亨路","facility_kind":"onstreet","symbol_text":null,"type_reference":"路邊停車格","type_confidence":0.6,"price_raw":null,"price_value":null,"capacity_total":1,"available_total":1,"occupied_total":0,"status_label":"空位","data_time":"2026-05-02 15:53:29+08:00","city_label":"新北市","facility_kind_label":"路邊車格","available_rate":1,"occupancy_rate":0,"price_tier":"unknown","price_tier_label":"價格未知"}},{"type":"Feature","geometry":{"type":"Point","coordinates":[121.509405,25.015715]},"properties":{"supply_id":"new_taipei-onstreet-39793","city":"new_taipei","district":"永和區","display_name":"保安路 車格 39793","address":"保安路","facility_kind":"onstreet","symbol_text":null,"type_reference":"路邊停車格","type_confidence":0.6,"price_raw":null,"price_value":null,"capacity_total":1,"available_total":1,"occupied_total":0,"status_label":"空位","data_time":"2026-05-02 15:53:29+08:00","city_label":"新北市","facility_kind_label":"路邊車格","available_rate":1,"occupancy_rate":0,"price_tier":"unknown","price_tier_label":"價格未知"}},{"type":"Feature","geometry":{"type":"Point","coordinates":[121.512557,25.013015]},"properties":{"supply_id":"new_taipei-onstreet-83631","city":"new_taipei","district":"永和區","display_name":"信義路 車格 83631","address":"信義路","facility_kind":"onstreet","symbol_text":null,"type_reference":"路邊停車格","type_confidence":0.6,"price_raw":null,"price_value":null,"capacity_total":1,"available_total":1,"occupied_total":0,"status_label":"空位","data_time":"2026-05-02 15:53:29+08:00","city_label":"新北市","facility_kind_label":"路邊車格","available_rate":1,"occupancy_rate":0,"price_tier":"unknown","price_tier_label":"價格未知"}},{"type":"Feature","geometry":{"type":"Point","coordinates":[121.51921,25.005223]},"properties":{"supply_id":"new_taipei-onstreet-135984","city":"new_taipei","district":"永和區","display_name":"永利路 車格 135984","address":"永利路","facility_kind":"onstreet","symbol_text":null,"type_reference":"路邊停車格","type_confidence":0.6,"price_raw":null,"price_value":null,"capacity_total":1,"available_total":1,"occupied_total":0,"status_label":"空位","data_time":"2026-05-02 15:53:29+08:00","city_label":"新北市","facility_kind_label":"路邊車格","available_rate":1,"occupancy_rate":0,"price_tier":"unknown","price_tier_label":"價格未知"}},{"type":"Feature","geometry":{"type":"Point","coordinates":[121.510499,25.016322]},"properties":{"supply_id":"new_taipei-onstreet-4359","city":"new_taipei","district":"永和區","display_name":"文化路 車格 4359","address":"文化路","facility_kind":"onstreet","symbol_text":null,"type_reference":"路邊停車格","type_confidence":0.6,"price_raw":null,"price_value":null,"capacity_total":1,"available_total":1,"occupied_total":0,"status_label":"空位","data_time":"2026-05-02 15:53:29+08:00","city_label":"新北市","facility_kind_label":"路邊車格","available_rate":1,"occupancy_rate":0,"price_tier":"unknown","price_tier_label":"價格未知"}},{"type":"Feature","geometry":{"type":"Point","coordinates":[121.51803,25.012065]},"properties":{"supply_id":"new_taipei-onstreet-26312","city":"new_taipei","district":"永和區","display_name":"中興街 車格 26312","address":"中興街","facility_kind":"onstreet","symbol_text":null,"type_reference":"路邊停車格","type_confidence":0.6,"price_raw":null,"price_value":null,"capacity_total":1,"available_total":1,"occupied_total":0,"status_label":"空位","data_time":"2026-05-02 15:53:29+08:00","city_label":"新北市","facility_kind_label":"路邊車格","available_rate":1,"occupancy_rate":0,"price_tier":"unknown","price_tier_label":"價格未知"}},{"type":"Feature","geometry":{"type":"Point","coordinates":[121.504709,25.010242]},"properties":{"supply_id":"new_taipei-onstreet-116036","city":"new_taipei","district":"永和區","display_name":"保生路 車格 116036","address":"保生路","facility_kind":"onstreet","symbol_text":null,"type_reference":"路邊停車格","type_confidence":0.6,"price_raw":null,"price_value":null,"capacity_total":1,"available_total":1,"occupied_total":0,"status_label":"空位","data_time":"2026-05-02 15:53:29+08:00","city_label":"新北市","facility_kind_label":"路邊車格","available_rate":1,"occupancy_rate":0,"price_tier":"unknown","price_tier_label":"價格未知"}},{"type":"Feature","geometry":{"type":"Point","coordinates":[121.512533,25.013059]},"properties":{"supply_id":"new_taipei-onstreet-83632","city":"new_taipei","district":"永和區","display_name":"信義路 車格 83632","address":"信義路","facility_kind":"onstreet","symbol_text":null,"type_reference":"路邊停車格","type_confidence":0.6,"price_raw":null,"price_value":null,"capacity_total":1,"available_total":1,"occupied_total":0,"status_label":"空位","data_time":"2026-05-02 15:53:29+08:00","city_label":"新北市","facility_kind_label":"路邊車格","available_rate":1,"occupancy_rate":0,"price_tier":"unknown","price_tier_label":"價格未知"}},{"type":"Feature","geometry":{"type":"Point","coordinates":[121.509524,25.015841]},"properties":{"supply_id":"new_taipei-onstreet-76007","city":"new_taipei","district":"永和區","display_name":"保安路 車格 76007","address":"保安路","facility_kind":"onstreet","symbol_text":null,"type_reference":"路邊停車格","type_confidence":0.6,"price_raw":null,"price_value":null,"capacity_total":1,"available_total":1,"occupied_total":0,"status_label":"空位","data_time":"2026-05-02 15:53:29+08:00","city_label":"新北市","facility_kind_label":"路邊車格","available_rate":1,"occupancy_rate":0,"price_tier":"unknown","price_tier_label":"價格未知"}},{"type":"Feature","geometry":{"type":"Point","coordinates":[121.51099,25.012182]},"properties":{"supply_id":"new_taipei-onstreet-93773","city":"new_taipei","district":"永和區","display_name":"保福路二段 車格 93773","address":"保福路二段","facility_kind":"onstreet","symbol_text":null,"type_reference":"路邊停車格","type_confidence":0.6,"price_raw":null,"price_value":null,"capacity_total":1,"available_total":1,"occupied_total":0,"status_label":"空位","data_time":"2026-05-02 15:53:29+08:00","city_label":"新北市","facility_kind_label":"路邊車格","available_rate":1,"occupancy_rate":0,"price_tier":"unknown","price_tier_label":"價格未知"}},{"type":"Feature","geometry":{"type":"Point","coordinates":[121.509117,25.012206]},"properties":{"supply_id":"new_taipei-onstreet-63070","city":"new_taipei","district":"永和區","display_name":"仁愛路 車格 63070","address":"仁愛路","facility_kind":"onstreet","symbol_text":null,"type_reference":"路邊停車格","type_confidence":0.6,"price_raw":null,"price_value":null,"capacity_total":1,"available_total":1,"occupied_total":0,"status_label":"空位","data_time":"2026-05-02 15:53:29+08:00","city_label":"新北市","facility_kind_label":"路邊車格","available_rate":1,"occupancy_rate":0,"price_tier":"unknown","price_tier_label":"價格未知"}},{"type":"Feature","geometry":{"type":"Point","coordinates":[121.510917,25.012338]},"properties":{"supply_id":"new_taipei-onstreet-83378","city":"new_taipei","district":"永和區","display_name":"保福路二段 車格 83378","address":"保福路二段","facility_kind":"onstreet","symbol_text":null,"type_reference":"路邊停車格","type_confidence":0.6,"price_raw":null,"price_value":null,"capacity_total":1,"available_total":1,"occupied_total":0,"status_label":"空位","data_time":"2026-05-02 15:53:29+08:00","city_label":"新北市","facility_kind_label":"路邊車格","available_rate":1,"occupancy_rate":0,"price_tier":"unknown","price_tier_label":"價格未知"}},{"type":"Feature","geometry":{"type":"Point","coordinates":[121.508664,25.006536]},"properties":{"supply_id":"new_taipei-onstreet-115035","city":"new_taipei","district":"永和區","display_name":"保平路236巷12弄 車格 115035","address":"保平路236巷12弄","facility_kind":"onstreet","symbol_text":null,"type_reference":"路邊停車格","type_confidence":0.6,"price_raw":null,"price_value":null,"capacity_total":1,"available_total":1,"occupied_total":0,"status_label":"空位","data_time":"2026-05-02 15:53:29+08:00","city_label":"新北市","facility_kind_label":"路邊車格","available_rate":1,"occupancy_rate":0,"price_tier":"unknown","price_tier_label":"價格未知"}},{"type":"Feature","geometry":{"type":"Point","coordinates":[121.517991,25.010112]},"properties":{"supply_id":"new_taipei-onstreet-159354","city":"new_taipei","district":"永和區","display_name":"國光路 車格 159354","address":"國光路","facility_kind":"onstreet","symbol_text":null,"type_reference":"路邊停車格","type_confidence":0.6,"price_raw":null,"price_value":null,"capacity_total":1,"available_total":1,"occupied_total":0,"status_label":"空位","data_time":"2026-05-02 15:53:29+08:00","city_label":"新北市","facility_kind_label":"路邊車格","available_rate":1,"occupancy_rate":0,"price_tier":"unknown","price_tier_label":"價格未知"}},{"type":"Feature","geometry":{"type":"Point","coordinates":[121.509088,25.005684]},"properties":{"supply_id":"new_taipei-onstreet-15751","city":"new_taipei","district":"永和區","display_name":"保平路236巷 車格 15751","address":"保平路236巷","facility_kind":"onstreet","symbol_text":null,"type_reference":"路邊停車格","type_confidence":0.6,"price_raw":null,"price_value":null,"capacity_total":1,"available_total":1,"occupied_total":0,"status_label":"空位","data_time":"2026-05-02 15:53:29+08:00","city_label":"新北市","facility_kind_label":"路邊車格","available_rate":1,"occupancy_rate":0,"price_tier":"unknown","price_tier_label":"價格未知"}},{"type":"Feature","geometry":{"type":"Point","coordinates":[121.513005,25.012467]},"properties":{"supply_id":"new_taipei-onstreet-83636","city":"new_taipei","district":"永和區","display_name":"信義路 車格 83636","address":"信義路","facility_kind":"onstreet","symbol_text":null,"type_reference":"路邊停車格","type_confidence":0.6,"price_raw":null,"price_value":null,"capacity_total":1,"available_total":1,"occupied_total":0,"status_label":"空位","data_time":"2026-05-02 15:53:29+08:00","city_label":"新北市","facility_kind_label":"路邊車格","available_rate":1,"occupancy_rate":0,"price_tier":"unknown","price_tier_label":"價格未知"}},{"type":"Feature","geometry":{"type":"Point","coordinates":[121.509544,25.006075]},"properties":{"supply_id":"new_taipei-onstreet-41022","city":"new_taipei","district":"永和區","display_name":"保平路214巷 車格 41022","address":"保平路214巷","facility_kind":"onstreet","symbol_text":null,"type_reference":"路邊停車格","type_confidence":0.6,"price_raw":null,"price_value":null,"capacity_total":1,"available_total":1,"occupied_total":0,"status_label":"空位","data_time":"2026-05-02 15:53:29+08:00","city_label":"新北市","facility_kind_label":"路邊車格","available_rate":1,"occupancy_rate":0,"price_tier":"unknown","price_tier_label":"價格未知"}},{"type":"Feature","geometry":{"type":"Point","coordinates":[121.518099,25.009644]},"properties":{"supply_id":"new_taipei-onstreet-121456","city":"new_taipei","district":"永和區","display_name":"國光路 車格 121456","address":"國光路","facility_kind":"onstreet","symbol_text":null,"type_reference":"路邊停車格","type_confidence":0.6,"price_raw":null,"price_value":null,"capacity_total":1,"available_total":1,"occupied_total":0,"status_label":"空位","data_time":"2026-05-02 15:53:29+08:00","city_label":"新北市","facility_kind_label":"路邊車格","available_rate":1,"occupancy_rate":0,"price_tier":"unknown","price_tier_label":"價格未知"}},{"type":"Feature","geometry":{"type":"Point","coordinates":[121.509065,25.012171]},"properties":{"supply_id":"new_taipei-onstreet-27871","city":"new_taipei","district":"永和區","display_name":"仁愛路 車格 27871","address":"仁愛路","facility_kind":"onstreet","symbol_text":null,"type_reference":"路邊停車格","type_confidence":0.6,"price_raw":null,"price_value":null,"capacity_total":1,"available_total":1,"occupied_total":0,"status_label":"空位","data_time":"2026-05-02 15:53:29+08:00","city_label":"新北市","facility_kind_label":"路邊車格","available_rate":1,"occupancy_rate":0,"price_tier":"unknown","price_tier_label":"價格未知"}},{"type":"Feature","geometry":{"type":"Point","coordinates":[121.510822,25.01255]},"properties":{"supply_id":"new_taipei-onstreet-83380","city":"new_taipei","district":"永和區","display_name":"保福路二段 車格 83380","address":"保福路二段","facility_kind":"onstreet","symbol_text":null,"type_reference":"路邊停車格","type_confidence":0.6,"price_raw":null,"price_value":null,"capacity_total":1,"available_total":1,"occupied_total":0,"status_label":"空位","data_time":"2026-05-02 15:53:29+08:00","city_label":"新北市","facility_kind_label":"路邊車格","available_rate":1,"occupancy_rate":0,"price_tier":"unknown","price_tier_label":"價格未知"}},{"type":"Feature","geometry":{"type":"Point","coordinates":[121.508128,25.006099]},"properties":{"supply_id":"new_taipei-onstreet-108614","city":"new_taipei","district":"永和區","display_name":"保平路236巷15弄 車格 108614","address":"保平路236巷15弄","facility_kind":"onstreet","symbol_text":null,"type_reference":"路邊停車格","type_confidence":0.6,"price_raw":null,"price_value":null,"capacity_total":1,"available_total":1,"occupied_total":0,"status_label":"空位","data_time":"2026-05-02 15:53:29+08:00","city_label":"新北市","facility_kind_label":"路邊車格","available_rate":1,"occupancy_rate":0,"price_tier":"unknown","price_tier_label":"價格未知"}},{"type":"Feature","geometry":{"type":"Point","coordinates":[121.510474,25.01647]},"properties":{"supply_id":"new_taipei-onstreet-94200","city":"new_taipei","district":"永和區","display_name":"文化路 車格 94200","address":"文化路","facility_kind":"onstreet","symbol_text":null,"type_reference":"路邊停車格","type_confidence":0.6,"price_raw":null,"price_value":null,"capacity_total":1,"available_total":1,"occupied_total":0,"status_label":"空位","data_time":"2026-05-02 15:53:29+08:00","city_label":"新北市","facility_kind_label":"路邊車格","available_rate":1,"occupancy_rate":0,"price_tier":"unknown","price_tier_label":"價格未知"}},{"type":"Feature","geometry":{"type":"Point","coordinates":[121.52086,25.006481]},"properties":{"supply_id":"new_taipei-onstreet-62582","city":"new_taipei","district":"永和區","display_name":"永貞路 車格 62582","address":"永貞路","facility_kind":"onstreet","symbol_text":null,"type_reference":"路邊停車格","type_confidence":0.6,"price_raw":null,"price_value":null,"capacity_total":1,"available_total":0,"occupied_total":1,"status_label":"已停","data_time":"2026-05-02 15:53:29+08:00","city_label":"新北市","facility_kind_label":"路邊車格","available_rate":0,"occupancy_rate":1,"price_tier":"unknown","price_tier_label":"價格未知"}},{"type":"Feature","geometry":{"type":"Point","coordinates":[121.525746,25.003729]},"properties":{"supply_id":"new_taipei-onstreet-32901","city":"new_taipei","district":"永和區","display_name":"永亨路 車格 32901","address":"永亨路","facility_kind":"onstreet","symbol_text":null,"type_reference":"路邊停車格","type_confidence":0.6,"price_raw":null,"price_value":null,"capacity_total":1,"available_total":0,"occupied_total":1,"status_label":"已停","data_time":"2026-05-02 15:53:29+08:00","city_label":"新北市","facility_kind_label":"路邊車格","available_rate":0,"occupancy_rate":1,"price_tier":"unknown","price_tier_label":"價格未知"}},{"type":"Feature","geometry":{"type":"Point","coordinates":[121.518435,25.005674]},"properties":{"supply_id":"new_taipei-onstreet-47657","city":"new_taipei","district":"永和區","display_name":"永利路 車格 47657","address":"永利路","facility_kind":"onstreet","symbol_text":null,"type_reference":"路邊停車格","type_confidence":0.6,"price_raw":null,"price_value":null,"capacity_total":1,"available_total":1,"occupied_total":0,"status_label":"空位","data_time":"2026-05-02 15:53:29+08:00","city_label":"新北市","facility_kind_label":"路邊車格","available_rate":1,"occupancy_rate":0,"price_tier":"unknown","price_tier_label":"價格未知"}},{"type":"Feature","geometry":{"type":"Point","coordinates":[121.525409,25.003874]},"properties":{"supply_id":"new_taipei-onstreet-62408","city":"new_taipei","district":"永和區","display_name":"永亨路 車格 62408","address":"永亨路","facility_kind":"onstreet","symbol_text":null,"type_reference":"路邊停車格","type_confidence":0.6,"price_raw":null,"price_value":null,"capacity_total":1,"available_total":1,"occupied_total":0,"status_label":"空位","data_time":"2026-05-02 15:53:29+08:00","city_label":"新北市","facility_kind_label":"路邊車格","available_rate":1,"occupancy_rate":0,"price_tier":"unknown","price_tier_label":"價格未知"}},{"type":"Feature","geometry":{"type":"Point","coordinates":[121.517885,25.006022]},"properties":{"supply_id":"new_taipei-onstreet-85255","city":"new_taipei","district":"永和區","display_name":"永利路 車格 85255","address":"永利路","facility_kind":"onstreet","symbol_text":null,"type_reference":"路邊停車格","type_confidence":0.6,"price_raw":null,"price_value":null,"capacity_total":1,"available_total":1,"occupied_total":0,"status_label":"空位","data_time":"2026-05-02 15:53:29+08:00","city_label":"新北市","facility_kind_label":"路邊車格","available_rate":1,"occupancy_rate":0,"price_tier":"unknown","price_tier_label":"價格未知"}},{"type":"Feature","geometry":{"type":"Point","coordinates":[121.509168,25.01224]},"properties":{"supply_id":"new_taipei-onstreet-63069","city":"new_taipei","district":"永和區","display_name":"仁愛路 車格 63069","address":"仁愛路","facility_kind":"onstreet","symbol_text":null,"type_reference":"路邊停車格","type_confidence":0.6,"price_raw":null,"price_value":null,"capacity_total":1,"available_total":1,"occupied_total":0,"status_label":"空位","data_time":"2026-05-02 15:53:29+08:00","city_label":"新北市","facility_kind_label":"路邊車格","available_rate":1,"occupancy_rate":0,"price_tier":"unknown","price_tier_label":"價格未知"}},{"type":"Feature","geometry":{"type":"Point","coordinates":[121.525157,25.003897]},"properties":{"supply_id":"new_taipei-onstreet-37164","city":"new_taipei","district":"永和區","display_name":"永亨路 車格 37164","address":"永亨路","facility_kind":"onstreet","symbol_text":null,"type_reference":"路邊停車格","type_confidence":0.6,"price_raw":null,"price_value":null,"capacity_total":1,"available_total":0,"occupied_total":1,"status_label":"已停","data_time":"2026-05-02 15:53:29+08:00","city_label":"新北市","facility_kind_label":"路邊車格","available_rate":0,"occupancy_rate":1,"price_tier":"unknown","price_tier_label":"價格未知"}},{"type":"Feature","geometry":{"type":"Point","coordinates":[121.518132,25.005982]},"properties":{"supply_id":"new_taipei-onstreet-47658","city":"new_taipei","district":"永和區","display_name":"永利路 車格 47658","address":"永利路","facility_kind":"onstreet","symbol_text":null,"type_reference":"路邊停車格","type_confidence":0.6,"price_raw":null,"price_value":null,"capacity_total":1,"available_total":1,"occupied_total":0,"status_label":"空位","data_time":"2026-05-02 15:53:29+08:00","city_label":"新北市","facility_kind_label":"路邊車格","available_rate":1,"occupancy_rate":0,"price_tier":"unknown","price_tier_label":"價格未知"}},{"type":"Feature","geometry":{"type":"Point","coordinates":[121.504709,25.01039]},"properties":{"supply_id":"new_taipei-onstreet-116039","city":"new_taipei","district":"永和區","display_name":"保生路 車格 116039","address":"保生路","facility_kind":"onstreet","symbol_text":null,"type_reference":"路邊停車格","type_confidence":0.6,"price_raw":null,"price_value":null,"capacity_total":1,"available_total":1,"occupied_total":0,"status_label":"空位","data_time":"2026-05-02 15:53:29+08:00","city_label":"新北市","facility_kind_label":"路邊車格","available_rate":1,"occupancy_rate":0,"price_tier":"unknown","price_tier_label":"價格未知"}},{"type":"Feature","geometry":{"type":"Point","coordinates":[121.517964,25.012045]},"properties":{"supply_id":"new_taipei-onstreet-81339","city":"new_taipei","district":"永和區","display_name":"中興街 車格 81339","address":"中興街","facility_kind":"onstreet","symbol_text":null,"type_reference":"路邊停車格","type_confidence":0.6,"price_raw":null,"price_value":null,"capacity_total":1,"available_total":1,"occupied_total":0,"status_label":"空位","data_time":"2026-05-02 15:53:29+08:00","city_label":"新北市","facility_kind_label":"路邊車格","available_rate":1,"occupancy_rate":0,"price_tier":"unknown","price_tier_label":"價格未知"}},{"type":"Feature","geometry":{"type":"Point","coordinates":[121.504709,25.010192]},"properties":{"supply_id":"new_taipei-onstreet-116032","city":"new_taipei","district":"永和區","display_name":"保生路 車格 116032","address":"保生路","facility_kind":"onstreet","symbol_text":null,"type_reference":"路邊停車格","type_confidence":0.6,"price_raw":null,"price_value":null,"capacity_total":1,"available_total":1,"occupied_total":0,"status_label":"空位","data_time":"2026-05-02 15:53:29+08:00","city_label":"新北市","facility_kind_label":"路邊車格","available_rate":1,"occupancy_rate":0,"price_tier":"unknown","price_tier_label":"價格未知"}},{"type":"Feature","geometry":{"type":"Point","coordinates":[121.51242,25.013447]},"properties":{"supply_id":"new_taipei-onstreet-83585","city":"new_taipei","district":"永和區","display_name":"信義路 車格 83585","address":"信義路","facility_kind":"onstreet","symbol_text":null,"type_reference":"路邊停車格","type_confidence":0.6,"price_raw":null,"price_value":null,"capacity_total":1,"available_total":1,"occupied_total":0,"status_label":"空位","data_time":"2026-05-02 15:53:29+08:00","city_label":"新北市","facility_kind_label":"路邊車格","available_rate":1,"occupancy_rate":0,"price_tier":"unknown","price_tier_label":"價格未知"}},{"type":"Feature","geometry":{"type":"Point","coordinates":[121.509465,25.012398]},"properties":{"supply_id":"new_taipei-onstreet-30832","city":"new_taipei","district":"永和區","display_name":"仁愛路 車格 30832","address":"仁愛路","facility_kind":"onstreet","symbol_text":null,"type_reference":"路邊停車格","type_confidence":0.6,"price_raw":null,"price_value":null,"capacity_total":1,"available_total":1,"occupied_total":0,"status_label":"空位","data_time":"2026-05-02 15:53:29+08:00","city_label":"新北市","facility_kind_label":"路邊車格","available_rate":1,"occupancy_rate":0,"price_tier":"unknown","price_tier_label":"價格未知"}},{"type":"Feature","geometry":{"type":"Point","coordinates":[121.520834,25.006339]},"properties":{"supply_id":"new_taipei-onstreet-83394","city":"new_taipei","district":"永和區","display_name":"永貞路 車格 83394","address":"永貞路","facility_kind":"onstreet","symbol_text":null,"type_reference":"路邊停車格","type_confidence":0.6,"price_raw":null,"price_value":null,"capacity_total":1,"available_total":0,"occupied_total":1,"status_label":"已停","data_time":"2026-05-02 15:53:29+08:00","city_label":"新北市","facility_kind_label":"路邊車格","available_rate":0,"occupancy_rate":1,"price_tier":"unknown","price_tier_label":"價格未知"}},{"type":"Feature","geometry":{"type":"Point","coordinates":[121.511216,25.006947]},"properties":{"supply_id":"new_taipei-onstreet-26654","city":"new_taipei","district":"永和區","display_name":"保平路 車格 26654","address":"保平路","facility_kind":"onstreet","symbol_text":null,"type_reference":"路邊停車格","type_confidence":0.6,"price_raw":null,"price_value":null,"capacity_total":1,"available_total":1,"occupied_total":0,"status_label":"空位","data_time":"2026-05-02 15:53:29+08:00","city_label":"新北市","facility_kind_label":"路邊車格","available_rate":1,"occupancy_rate":0,"price_tier":"unknown","price_tier_label":"價格未知"}},{"type":"Feature","geometry":{"type":"Point","coordinates":[121.510666,25.016349]},"properties":{"supply_id":"new_taipei-onstreet-84974","city":"new_taipei","district":"永和區","display_name":"文化路 車格 84974","address":"文化路","facility_kind":"onstreet","symbol_text":null,"type_reference":"路邊停車格","type_confidence":0.6,"price_raw":null,"price_value":null,"capacity_total":1,"available_total":1,"occupied_total":0,"status_label":"空位","data_time":"2026-05-02 15:53:29+08:00","city_label":"新北市","facility_kind_label":"路邊車格","available_rate":1,"occupancy_rate":0,"price_tier":"unknown","price_tier_label":"價格未知"}},{"type":"Feature","geometry":{"type":"Point","coordinates":[121.510343,25.016421]},"properties":{"supply_id":"new_taipei-onstreet-81355","city":"new_taipei","district":"永和區","display_name":"文化路 車格 81355","address":"文化路","facility_kind":"onstreet","symbol_text":null,"type_reference":"路邊停車格","type_confidence":0.6,"price_raw":null,"price_value":null,"capacity_total":1,"available_total":1,"occupied_total":0,"status_label":"空位","data_time":"2026-05-02 15:53:29+08:00","city_label":"新北市","facility_kind_label":"路邊車格","available_rate":1,"occupancy_rate":0,"price_tier":"unknown","price_tier_label":"價格未知"}},{"type":"Feature","geometry":{"type":"Point","coordinates":[121.528061,24.996431]},"properties":{"supply_id":"new_taipei-onstreet-91136","city":"new_taipei","district":"永和區","display_name":"環河東路四段 車格 91136","address":"環河東路四段","facility_kind":"onstreet","symbol_text":null,"type_reference":"路邊停車格","type_confidence":0.6,"price_raw":null,"price_value":null,"capacity_total":1,"available_total":1,"occupied_total":0,"status_label":"空位","data_time":"2026-05-02 15:53:29+08:00","city_label":"新北市","facility_kind_label":"路邊車格","available_rate":1,"occupancy_rate":0,"price_tier":"unknown","price_tier_label":"價格未知"}},{"type":"Feature","geometry":{"type":"Point","coordinates":[121.518181,25.01211]},"properties":{"supply_id":"new_taipei-onstreet-65077","city":"new_taipei","district":"永和區","display_name":"中興街 車格 65077","address":"中興街","facility_kind":"onstreet","symbol_text":null,"type_reference":"路邊停車格","type_confidence":0.6,"price_raw":null,"price_value":null,"capacity_total":1,"available_total":1,"occupied_total":0,"status_label":"空位","data_time":"2026-05-02 15:53:29+08:00","city_label":"新北市","facility_kind_label":"路邊車格","available_rate":1,"occupancy_rate":0,"price_tier":"unknown","price_tier_label":"價格未知"}},{"type":"Feature","geometry":{"type":"Point","coordinates":[121.504709,25.01034]},"properties":{"supply_id":"new_taipei-onstreet-116038","city":"new_taipei","district":"永和區","display_name":"保生路 車格 116038","address":"保生路","facility_kind":"onstreet","symbol_text":null,"type_reference":"路邊停車格","type_confidence":0.6,"price_raw":null,"price_value":null,"capacity_total":1,"available_total":1,"occupied_total":0,"status_label":"空位","data_time":"2026-05-02 15:53:29+08:00","city_label":"新北市","facility_kind_label":"路邊車格","available_rate":1,"occupancy_rate":0,"price_tier":"unknown","price_tier_label":"價格未知"}},{"type":"Feature","geometry":{"type":"Point","coordinates":[121.511105,25.006879]},"properties":{"supply_id":"new_taipei-onstreet-157259","city":"new_taipei","district":"永和區","display_name":"保平路 車格 157259","address":"保平路","facility_kind":"onstreet","symbol_text":null,"type_reference":"路邊停車格","type_confidence":0.6,"price_raw":null,"price_value":null,"capacity_total":1,"available_total":0,"occupied_total":1,"status_label":"已停","data_time":"2026-05-02 15:53:29+08:00","city_label":"新北市","facility_kind_label":"路邊車格","available_rate":0,"occupancy_rate":1,"price_tier":"unknown","price_tier_label":"價格未知"}},{"type":"Feature","geometry":{"type":"Point","coordinates":[121.52799,24.996286]},"properties":{"supply_id":"new_taipei-onstreet-91135","city":"new_taipei","district":"永和區","display_name":"環河東路四段 車格 91135","address":"環河東路四段","facility_kind":"onstreet","symbol_text":null,"type_reference":"路邊停車格","type_confidence":0.6,"price_raw":null,"price_value":null,"capacity_total":1,"available_total":1,"occupied_total":0,"status_label":"空位","data_time":"2026-05-02 15:53:29+08:00","city_label":"新北市","facility_kind_label":"路邊車格","available_rate":1,"occupancy_rate":0,"price_tier":"unknown","price_tier_label":"價格未知"}},{"type":"Feature","geometry":{"type":"Point","coordinates":[121.520742,25.005876]},"properties":{"supply_id":"new_taipei-onstreet-27006","city":"new_taipei","district":"永和區","display_name":"永貞路 車格 27006","address":"永貞路","facility_kind":"onstreet","symbol_text":null,"type_reference":"路邊停車格","type_confidence":0.6,"price_raw":null,"price_value":null,"capacity_total":1,"available_total":1,"occupied_total":0,"status_label":"空位","data_time":"2026-05-02 15:53:29+08:00","city_label":"新北市","facility_kind_label":"路邊車格","available_rate":1,"occupancy_rate":0,"price_tier":"unknown","price_tier_label":"價格未知"}},{"type":"Feature","geometry":{"type":"Point","coordinates":[121.510849,25.012493]},"properties":{"supply_id":"new_taipei-onstreet-83379","city":"new_taipei","district":"永和區","display_name":"保福路二段 車格 83379","address":"保福路二段","facility_kind":"onstreet","symbol_text":null,"type_reference":"路邊停車格","type_confidence":0.6,"price_raw":null,"price_value":null,"capacity_total":1,"available_total":1,"occupied_total":0,"status_label":"空位","data_time":"2026-05-02 15:53:29+08:00","city_label":"新北市","facility_kind_label":"路邊車格","available_rate":1,"occupancy_rate":0,"price_tier":"unknown","price_tier_label":"價格未知"}},{"type":"Feature","geometry":{"type":"Point","coordinates":[121.510291,25.016453]},"properties":{"supply_id":"new_taipei-onstreet-94196","city":"new_taipei","district":"永和區","display_name":"文化路 車格 94196","address":"文化路","facility_kind":"onstreet","symbol_text":null,"type_reference":"路邊停車格","type_confidence":0.6,"price_raw":null,"price_value":null,"capacity_total":1,"available_total":1,"occupied_total":0,"status_label":"空位","data_time":"2026-05-02 15:53:29+08:00","city_label":"新北市","facility_kind_label":"路邊車格","available_rate":1,"occupancy_rate":0,"price_tier":"unknown","price_tier_label":"價格未知"}},{"type":"Feature","geometry":{"type":"Point","coordinates":[121.50909,25.015386]},"properties":{"supply_id":"new_taipei-onstreet-86009","city":"new_taipei","district":"永和區","display_name":"保安路 車格 86009","address":"保安路","facility_kind":"onstreet","symbol_text":null,"type_reference":"路邊停車格","type_confidence":0.6,"price_raw":null,"price_value":null,"capacity_total":1,"available_total":1,"occupied_total":0,"status_label":"空位","data_time":"2026-05-02 15:53:29+08:00","city_label":"新北市","facility_kind_label":"路邊車格","available_rate":1,"occupancy_rate":0,"price_tier":"unknown","price_tier_label":"價格未知"}},{"type":"Feature","geometry":{"type":"Point","coordinates":[121.510565,25.013083]},"properties":{"supply_id":"new_taipei-onstreet-32994","city":"new_taipei","district":"永和區","display_name":"保福路二段 車格 32994","address":"保福路二段","facility_kind":"onstreet","symbol_text":null,"type_reference":"路邊停車格","type_confidence":0.6,"price_raw":null,"price_value":null,"capacity_total":1,"available_total":1,"occupied_total":0,"status_label":"空位","data_time":"2026-05-02 15:53:29+08:00","city_label":"新北市","facility_kind_label":"路邊車格","available_rate":1,"occupancy_rate":0,"price_tier":"unknown","price_tier_label":"價格未知"}},{"type":"Feature","geometry":{"type":"Point","coordinates":[121.518102,25.012086]},"properties":{"supply_id":"new_taipei-onstreet-83558","city":"new_taipei","district":"永和區","display_name":"中興街 車格 83558","address":"中興街","facility_kind":"onstreet","symbol_text":null,"type_reference":"路邊停車格","type_confidence":0.6,"price_raw":null,"price_value":null,"capacity_total":1,"available_total":1,"occupied_total":0,"status_label":"空位","data_time":"2026-05-02 15:53:29+08:00","city_label":"新北市","facility_kind_label":"路邊車格","available_rate":1,"occupancy_rate":0,"price_tier":"unknown","price_tier_label":"價格未知"}},{"type":"Feature","geometry":{"type":"Point","coordinates":[121.504709,25.010291]},"properties":{"supply_id":"new_taipei-onstreet-116035","city":"new_taipei","district":"永和區","display_name":"保生路 車格 116035","address":"保生路","facility_kind":"onstreet","symbol_text":null,"type_reference":"路邊停車格","type_confidence":0.6,"price_raw":null,"price_value":null,"capacity_total":1,"available_total":1,"occupied_total":0,"status_label":"空位","data_time":"2026-05-02 15:53:29+08:00","city_label":"新北市","facility_kind_label":"路邊車格","available_rate":1,"occupancy_rate":0,"price_tier":"unknown","price_tier_label":"價格未知"}},{"type":"Feature","geometry":{"type":"Point","coordinates":[121.50922,25.012276]},"properties":{"supply_id":"new_taipei-onstreet-63068","city":"new_taipei","district":"永和區","display_name":"仁愛路 車格 63068","address":"仁愛路","facility_kind":"onstreet","symbol_text":null,"type_reference":"路邊停車格","type_confidence":0.6,"price_raw":null,"price_value":null,"capacity_total":1,"available_total":0,"occupied_total":1,"status_label":"已停","data_time":"2026-05-02 15:53:29+08:00","city_label":"新北市","facility_kind_label":"路邊車格","available_rate":0,"occupancy_rate":1,"price_tier":"unknown","price_tier_label":"價格未知"}},{"type":"Feature","geometry":{"type":"Point","coordinates":[121.509347,25.015653]},"properties":{"supply_id":"new_taipei-onstreet-47806","city":"new_taipei","district":"永和區","display_name":"保安路 車格 47806","address":"保安路","facility_kind":"onstreet","symbol_text":null,"type_reference":"路邊停車格","type_confidence":0.6,"price_raw":null,"price_value":null,"capacity_total":1,"available_total":0,"occupied_total":1,"status_label":"已停","data_time":"2026-05-02 15:53:29+08:00","city_label":"新北市","facility_kind_label":"路邊車格","available_rate":0,"occupancy_rate":1,"price_tier":"unknown","price_tier_label":"價格未知"}},{"type":"Feature","geometry":{"type":"Point","coordinates":[121.510777,25.006679]},"properties":{"supply_id":"new_taipei-onstreet-14720","city":"new_taipei","district":"永和區","display_name":"保平路 車格 14720","address":"保平路","facility_kind":"onstreet","symbol_text":null,"type_reference":"路邊停車格","type_confidence":0.6,"price_raw":null,"price_value":null,"capacity_total":1,"available_total":1,"occupied_total":0,"status_label":"空位","data_time":"2026-05-02 15:53:29+08:00","city_label":"新北市","facility_kind_label":"路邊車格","available_rate":1,"occupancy_rate":0,"price_tier":"unknown","price_tier_label":"價格未知"}},{"type":"Feature","geometry":{"type":"Point","coordinates":[121.525792,25.003703]},"properties":{"supply_id":"new_taipei-onstreet-96000","city":"new_taipei","district":"永和區","display_name":"永亨路 車格 96000","address":"永亨路","facility_kind":"onstreet","symbol_text":null,"type_reference":"路邊停車格","type_confidence":0.6,"price_raw":null,"price_value":null,"capacity_total":1,"available_total":1,"occupied_total":0,"status_label":"空位","data_time":"2026-05-02 15:53:29+08:00","city_label":"新北市","facility_kind_label":"路邊車格","available_rate":1,"occupancy_rate":0,"price_tier":"unknown","price_tier_label":"價格未知"}},{"type":"Feature","geometry":{"type":"Point","coordinates":[121.518502,25.005626]},"properties":{"supply_id":"new_taipei-onstreet-143065","city":"new_taipei","district":"永和區","display_name":"永利路 車格 143065","address":"永利路","facility_kind":"onstreet","symbol_text":null,"type_reference":"路邊停車格","type_confidence":0.6,"price_raw":null,"price_value":null,"capacity_total":1,"available_total":1,"occupied_total":0,"status_label":"空位","data_time":"2026-05-02 15:53:29+08:00","city_label":"新北市","facility_kind_label":"路邊車格","available_rate":1,"occupancy_rate":0,"price_tier":"unknown","price_tier_label":"價格未知"}},{"type":"Feature","geometry":{"type":"Point","coordinates":[121.516775,25.007423]},"properties":{"supply_id":"new_taipei-onstreet-87687","city":"new_taipei","district":"永和區","display_name":"福和路 車格 87687","address":"福和路","facility_kind":"onstreet","symbol_text":null,"type_reference":"路邊停車格","type_confidence":0.6,"price_raw":null,"price_value":null,"capacity_total":1,"available_total":0,"occupied_total":1,"status_label":"已停","data_time":"2026-05-02 15:53:29+08:00","city_label":"新北市","facility_kind_label":"路邊車格","available_rate":0,"occupancy_rate":1,"price_tier":"unknown","price_tier_label":"價格未知"}},{"type":"Feature","geometry":{"type":"Point","coordinates":[121.508169,25.006131]},"properties":{"supply_id":"new_taipei-onstreet-108613","city":"new_taipei","district":"永和區","display_name":"保平路236巷15弄 車格 108613","address":"保平路236巷15弄","facility_kind":"onstreet","symbol_text":null,"type_reference":"路邊停車格","type_confidence":0.6,"price_raw":null,"price_value":null,"capacity_total":1,"available_total":1,"occupied_total":0,"status_label":"空位","data_time":"2026-05-02 15:53:29+08:00","city_label":"新北市","facility_kind_label":"路邊車格","available_rate":1,"occupancy_rate":0,"price_tier":"unknown","price_tier_label":"價格未知"}},{"type":"Feature","geometry":{"type":"Point","coordinates":[121.518111,25.009595]},"properties":{"supply_id":"new_taipei-onstreet-121457","city":"new_taipei","district":"永和區","display_name":"國光路 車格 121457","address":"國光路","facility_kind":"onstreet","symbol_text":null,"type_reference":"路邊停車格","type_confidence":0.6,"price_raw":null,"price_value":null,"capacity_total":1,"available_total":1,"occupied_total":0,"status_label":"空位","data_time":"2026-05-02 15:53:29+08:00","city_label":"新北市","facility_kind_label":"路邊車格","available_rate":1,"occupancy_rate":0,"price_tier":"unknown","price_tier_label":"價格未知"}},{"type":"Feature","geometry":{"type":"Point","coordinates":[121.525883,25.003651]},"properties":{"supply_id":"new_taipei-onstreet-90765","city":"new_taipei","district":"永和區","display_name":"永亨路 車格 90765","address":"永亨路","facility_kind":"onstreet","symbol_text":null,"type_reference":"路邊停車格","type_confidence":0.6,"price_raw":null,"price_value":null,"capacity_total":1,"available_total":1,"occupied_total":0,"status_label":"空位","data_time":"2026-05-02 15:53:29+08:00","city_label":"新北市","facility_kind_label":"路邊車格","available_rate":1,"occupancy_rate":0,"price_tier":"unknown","price_tier_label":"價格未知"}},{"type":"Feature","geometry":{"type":"Point","coordinates":[121.512384,25.013615]},"properties":{"supply_id":"new_taipei-onstreet-83581","city":"new_taipei","district":"永和區","display_name":"信義路 車格 83581","address":"信義路","facility_kind":"onstreet","symbol_text":null,"type_reference":"路邊停車格","type_confidence":0.6,"price_raw":null,"price_value":null,"capacity_total":1,"available_total":0,"occupied_total":1,"status_label":"已停","data_time":"2026-05-02 15:53:29+08:00","city_label":"新北市","facility_kind_label":"路邊車格","available_rate":0,"occupancy_rate":1,"price_tier":"unknown","price_tier_label":"價格未知"}},{"type":"Feature","geometry":{"type":"Point","coordinates":[121.510711,25.016321]},"properties":{"supply_id":"new_taipei-onstreet-94202","city":"new_taipei","district":"永和區","display_name":"文化路 車格 94202","address":"文化路","facility_kind":"onstreet","symbol_text":null,"type_reference":"路邊停車格","type_confidence":0.6,"price_raw":null,"price_value":null,"capacity_total":1,"available_total":1,"occupied_total":0,"status_label":"空位","data_time":"2026-05-02 15:53:29+08:00","city_label":"新北市","facility_kind_label":"路邊車格","available_rate":1,"occupancy_rate":0,"price_tier":"unknown","price_tier_label":"價格未知"}},{"type":"Feature","geometry":{"type":"Point","coordinates":[121.509302,25.015606]},"properties":{"supply_id":"new_taipei-onstreet-86006","city":"new_taipei","district":"永和區","display_name":"保安路 車格 86006","address":"保安路","facility_kind":"onstreet","symbol_text":null,"type_reference":"路邊停車格","type_confidence":0.6,"price_raw":null,"price_value":null,"capacity_total":1,"available_total":0,"occupied_total":1,"status_label":"已停","data_time":"2026-05-02 15:53:29+08:00","city_label":"新北市","facility_kind_label":"路邊車格","available_rate":0,"occupancy_rate":1,"price_tier":"unknown","price_tier_label":"價格未知"}},{"type":"Feature","geometry":{"type":"Point","coordinates":[121.510712,25.006634]},"properties":{"supply_id":"new_taipei-onstreet-83300","city":"new_taipei","district":"永和區","display_name":"保平路 車格 83300","address":"保平路","facility_kind":"onstreet","symbol_text":null,"type_reference":"路邊停車格","type_confidence":0.6,"price_raw":null,"price_value":null,"capacity_total":1,"available_total":1,"occupied_total":0,"status_label":"空位","data_time":"2026-05-02 15:53:29+08:00","city_label":"新北市","facility_kind_label":"路邊車格","available_rate":1,"occupancy_rate":0,"price_tier":"unknown","price_tier_label":"價格未知"}},{"type":"Feature","geometry":{"type":"Point","coordinates":[121.528014,24.996334]},"properties":{"supply_id":"new_taipei-onstreet-19622","city":"new_taipei","district":"永和區","display_name":"環河東路四段 車格 19622","address":"環河東路四段","facility_kind":"onstreet","symbol_text":null,"type_reference":"路邊停車格","type_confidence":0.6,"price_raw":null,"price_value":null,"capacity_total":1,"available_total":0,"occupied_total":1,"status_label":"已停","data_time":"2026-05-02 15:53:29+08:00","city_label":"新北市","facility_kind_label":"路邊車格","available_rate":0,"occupancy_rate":1,"price_tier":"unknown","price_tier_label":"價格未知"}},{"type":"Feature","geometry":{"type":"Point","coordinates":[121.517091,25.011759]},"properties":{"supply_id":"new_taipei-onstreet-83597","city":"new_taipei","district":"永和區","display_name":"中興街 車格 83597","address":"中興街","facility_kind":"onstreet","symbol_text":null,"type_reference":"路邊停車格","type_confidence":0.6,"price_raw":null,"price_value":null,"capacity_total":1,"available_total":1,"occupied_total":0,"status_label":"空位","data_time":"2026-05-02 15:53:29+08:00","city_label":"新北市","facility_kind_label":"路邊車格","available_rate":1,"occupancy_rate":0,"price_tier":"unknown","price_tier_label":"價格未知"}},{"type":"Feature","geometry":{"type":"Point","coordinates":[121.504707,25.009945]},"properties":{"supply_id":"new_taipei-onstreet-116030","city":"new_taipei","district":"永和區","display_name":"保生路 車格 116030","address":"保生路","facility_kind":"onstreet","symbol_text":null,"type_reference":"路邊停車格","type_confidence":0.6,"price_raw":null,"price_value":null,"capacity_total":1,"available_total":1,"occupied_total":0,"status_label":"空位","data_time":"2026-05-02 15:53:29+08:00","city_label":"新北市","facility_kind_label":"路邊車格","available_rate":1,"occupancy_rate":0,"price_tier":"unknown","price_tier_label":"價格未知"}},{"type":"Feature","geometry":{"type":"Point","coordinates":[121.528038,24.996383]},"properties":{"supply_id":"new_taipei-onstreet-71112","city":"new_taipei","district":"永和區","display_name":"環河東路四段 車格 71112","address":"環河東路四段","facility_kind":"onstreet","symbol_text":null,"type_reference":"路邊停車格","type_confidence":0.6,"price_raw":null,"price_value":null,"capacity_total":1,"available_total":0,"occupied_total":1,"status_label":"已停","data_time":"2026-05-02 15:53:29+08:00","city_label":"新北市","facility_kind_label":"路邊車格","available_rate":0,"occupancy_rate":1,"price_tier":"unknown","price_tier_label":"價格未知"}},{"type":"Feature","geometry":{"type":"Point","coordinates":[121.520715,25.005814]},"properties":{"supply_id":"new_taipei-onstreet-15308","city":"new_taipei","district":"永和區","display_name":"永貞路 車格 15308","address":"永貞路","facility_kind":"onstreet","symbol_text":null,"type_reference":"路邊停車格","type_confidence":0.6,"price_raw":null,"price_value":null,"capacity_total":1,"available_total":1,"occupied_total":0,"status_label":"空位","data_time":"2026-05-02 15:53:29+08:00","city_label":"新北市","facility_kind_label":"路邊車格","available_rate":1,"occupancy_rate":0,"price_tier":"unknown","price_tier_label":"價格未知"}},{"type":"Feature","geometry":{"type":"Point","coordinates":[121.517345,25.011841]},"properties":{"supply_id":"new_taipei-onstreet-65217","city":"new_taipei","district":"永和區","display_name":"中興街 車格 65217","address":"中興街","facility_kind":"onstreet","symbol_text":null,"type_reference":"路邊停車格","type_confidence":0.6,"price_raw":null,"price_value":null,"capacity_total":1,"available_total":1,"occupied_total":0,"status_label":"空位","data_time":"2026-05-02 15:53:29+08:00","city_label":"新北市","facility_kind_label":"路邊車格","available_rate":1,"occupancy_rate":0,"price_tier":"unknown","price_tier_label":"價格未知"}},{"type":"Feature","geometry":{"type":"Point","coordinates":[121.504709,25.010143]},"properties":{"supply_id":"new_taipei-onstreet-116034","city":"new_taipei","district":"永和區","display_name":"保生路 車格 116034","address":"保生路","facility_kind":"onstreet","symbol_text":null,"type_reference":"路邊停車格","type_confidence":0.6,"price_raw":null,"price_value":null,"capacity_total":1,"available_total":1,"occupied_total":0,"status_label":"空位","data_time":"2026-05-02 15:53:29+08:00","city_label":"新北市","facility_kind_label":"路邊車格","available_rate":1,"occupancy_rate":0,"price_tier":"unknown","price_tier_label":"價格未知"}},{"type":"Feature","geometry":{"type":"Point","coordinates":[121.510662,25.006599]},"properties":{"supply_id":"new_taipei-onstreet-83301","city":"new_taipei","district":"永和區","display_name":"保平路 車格 83301","address":"保平路","facility_kind":"onstreet","symbol_text":null,"type_reference":"路邊停車格","type_confidence":0.6,"price_raw":null,"price_value":null,"capacity_total":1,"available_total":1,"occupied_total":0,"status_label":"空位","data_time":"2026-05-02 15:53:29+08:00","city_label":"新北市","facility_kind_label":"路邊車格","available_rate":1,"occupancy_rate":0,"price_tier":"unknown","price_tier_label":"價格未知"}},{"type":"Feature","geometry":{"type":"Point","coordinates":[121.510518,25.013176]},"properties":{"supply_id":"new_taipei-onstreet-83609","city":"new_taipei","district":"永和區","display_name":"保福路二段 車格 83609","address":"保福路二段","facility_kind":"onstreet","symbol_text":null,"type_reference":"路邊停車格","type_confidence":0.6,"price_raw":null,"price_value":null,"capacity_total":1,"available_total":0,"occupied_total":1,"status_label":"已停","data_time":"2026-05-02 15:53:29+08:00","city_label":"新北市","facility_kind_label":"路邊車格","available_rate":0,"occupancy_rate":1,"price_tier":"unknown","price_tier_label":"價格未知"}},{"type":"Feature","geometry":{"type":"Point","coordinates":[121.520681,25.00576]},"properties":{"supply_id":"new_taipei-onstreet-15309","city":"new_taipei","district":"永和區","display_name":"永貞路 車格 15309","address":"永貞路","facility_kind":"onstreet","symbol_text":null,"type_reference":"路邊停車格","type_confidence":0.6,"price_raw":null,"price_value":null,"capacity_total":1,"available_total":1,"occupied_total":0,"status_label":"空位","data_time":"2026-05-02 15:53:29+08:00","city_label":"新北市","facility_kind_label":"路邊車格","available_rate":1,"occupancy_rate":0,"price_tier":"unknown","price_tier_label":"價格未知"}},{"type":"Feature","geometry":{"type":"Point","coordinates":[121.52593,25.003625]},"properties":{"supply_id":"new_taipei-onstreet-156394","city":"new_taipei","district":"永和區","display_name":"永亨路 車格 156394","address":"永亨路","facility_kind":"onstreet","symbol_text":null,"type_reference":"路邊停車格","type_confidence":0.6,"price_raw":null,"price_value":null,"capacity_total":1,"available_total":0,"occupied_total":1,"status_label":"已停","data_time":"2026-05-02 15:53:29+08:00","city_label":"新北市","facility_kind_label":"路邊車格","available_rate":0,"occupancy_rate":1,"price_tier":"unknown","price_tier_label":"價格未知"}},{"type":"Feature","geometry":{"type":"Point","coordinates":[121.518764,25.005441]},"properties":{"supply_id":"new_taipei-onstreet-27809","city":"new_taipei","district":"永和區","display_name":"永利路 車格 27809","address":"永利路","facility_kind":"onstreet","symbol_text":null,"type_reference":"路邊停車格","type_confidence":0.6,"price_raw":null,"price_value":null,"capacity_total":1,"available_total":1,"occupied_total":0,"status_label":"空位","data_time":"2026-05-02 15:53:29+08:00","city_label":"新北市","facility_kind_label":"路邊車格","available_rate":1,"occupancy_rate":0,"price_tier":"unknown","price_tier_label":"價格未知"}},{"type":"Feature","geometry":{"type":"Point","coordinates":[121.509527,25.012428]},"properties":{"supply_id":"new_taipei-onstreet-90919","city":"new_taipei","district":"永和區","display_name":"仁愛路 車格 90919","address":"仁愛路","facility_kind":"onstreet","symbol_text":null,"type_reference":"路邊停車格","type_confidence":0.6,"price_raw":null,"price_value":null,"capacity_total":1,"available_total":0,"occupied_total":1,"status_label":"已停","data_time":"2026-05-02 15:53:29+08:00","city_label":"新北市","facility_kind_label":"路邊車格","available_rate":0,"occupancy_rate":1,"price_tier":"unknown","price_tier_label":"價格未知"}},{"type":"Feature","geometry":{"type":"Point","coordinates":[121.509269,25.015572]},"properties":{"supply_id":"new_taipei-onstreet-86008","city":"new_taipei","district":"永和區","display_name":"保安路 車格 86008","address":"保安路","facility_kind":"onstreet","symbol_text":null,"type_reference":"路邊停車格","type_confidence":0.6,"price_raw":null,"price_value":null,"capacity_total":1,"available_total":0,"occupied_total":1,"status_label":"已停","data_time":"2026-05-02 15:53:29+08:00","city_label":"新北市","facility_kind_label":"路邊車格","available_rate":0,"occupancy_rate":1,"price_tier":"unknown","price_tier_label":"價格未知"}},{"type":"Feature","geometry":{"type":"Point","coordinates":[121.525687,25.003762]},"properties":{"supply_id":"new_taipei-onstreet-47850","city":"new_taipei","district":"永和區","display_name":"永亨路 車格 47850","address":"永亨路","facility_kind":"onstreet","symbol_text":null,"type_reference":"路邊停車格","type_confidence":0.6,"price_raw":null,"price_value":null,"capacity_total":1,"available_total":1,"occupied_total":0,"status_label":"空位","data_time":"2026-05-02 15:53:29+08:00","city_label":"新北市","facility_kind_label":"路邊車格","available_rate":1,"occupancy_rate":0,"price_tier":"unknown","price_tier_label":"價格未知"}},{"type":"Feature","geometry":{"type":"Point","coordinates":[121.510548,25.016423]},"properties":{"supply_id":"new_taipei-onstreet-94201","city":"new_taipei","district":"永和區","display_name":"文化路 車格 94201","address":"文化路","facility_kind":"onstreet","symbol_text":null,"type_reference":"路邊停車格","type_confidence":0.6,"price_raw":null,"price_value":null,"capacity_total":1,"available_total":1,"occupied_total":0,"status_label":"空位","data_time":"2026-05-02 15:53:29+08:00","city_label":"新北市","facility_kind_label":"路邊車格","available_rate":1,"occupancy_rate":0,"price_tier":"unknown","price_tier_label":"價格未知"}},{"type":"Feature","geometry":{"type":"Point","coordinates":[121.51597,25.007342]},"properties":{"supply_id":"new_taipei-onstreet-48634","city":"new_taipei","district":"永和區","display_name":"福和路 車格 48634","address":"福和路","facility_kind":"onstreet","symbol_text":null,"type_reference":"路邊停車格","type_confidence":0.6,"price_raw":null,"price_value":null,"capacity_total":1,"available_total":1,"occupied_total":0,"status_label":"空位","data_time":"2026-05-02 15:53:29+08:00","city_label":"新北市","facility_kind_label":"路邊車格","available_rate":1,"occupancy_rate":0,"price_tier":"unknown","price_tier_label":"價格未知"}},{"type":"Feature","geometry":{"type":"Point","coordinates":[121.510609,25.012995]},"properties":{"supply_id":"new_taipei-onstreet-93453","city":"new_taipei","district":"永和區","display_name":"保福路二段 車格 93453","address":"保福路二段","facility_kind":"onstreet","symbol_text":null,"type_reference":"路邊停車格","type_confidence":0.6,"price_raw":null,"price_value":null,"capacity_total":1,"available_total":0,"occupied_total":1,"status_label":"已停","data_time":"2026-05-02 15:53:29+08:00","city_label":"新北市","facility_kind_label":"路邊車格","available_rate":0,"occupancy_rate":1,"price_tier":"unknown","price_tier_label":"價格未知"}},{"type":"Feature","geometry":{"type":"Point","coordinates":[121.512408,25.013501]},"properties":{"supply_id":"new_taipei-onstreet-83584","city":"new_taipei","district":"永和區","display_name":"信義路 車格 83584","address":"信義路","facility_kind":"onstreet","symbol_text":null,"type_reference":"路邊停車格","type_confidence":0.6,"price_raw":null,"price_value":null,"capacity_total":1,"available_total":1,"occupied_total":0,"status_label":"空位","data_time":"2026-05-02 15:53:29+08:00","city_label":"新北市","facility_kind_label":"路邊車格","available_rate":1,"occupancy_rate":0,"price_tier":"unknown","price_tier_label":"價格未知"}},{"type":"Feature","geometry":{"type":"Point","coordinates":[121.504708,25.010093]},"properties":{"supply_id":"new_taipei-onstreet-116033","city":"new_taipei","district":"永和區","display_name":"保生路 車格 116033","address":"保生路","facility_kind":"onstreet","symbol_text":null,"type_reference":"路邊停車格","type_confidence":0.6,"price_raw":null,"price_value":null,"capacity_total":1,"available_total":1,"occupied_total":0,"status_label":"空位","data_time":"2026-05-02 15:53:29+08:00","city_label":"新北市","facility_kind_label":"路邊車格","available_rate":1,"occupancy_rate":0,"price_tier":"unknown","price_tier_label":"價格未知"}},{"type":"Feature","geometry":{"type":"Point","coordinates":[121.509575,25.012451]},"properties":{"supply_id":"new_taipei-onstreet-90918","city":"new_taipei","district":"永和區","display_name":"仁愛路 車格 90918","address":"仁愛路","facility_kind":"onstreet","symbol_text":null,"type_reference":"路邊停車格","type_confidence":0.6,"price_raw":null,"price_value":null,"capacity_total":1,"available_total":0,"occupied_total":1,"status_label":"已停","data_time":"2026-05-02 15:53:29+08:00","city_label":"新北市","facility_kind_label":"路邊車格","available_rate":0,"occupancy_rate":1,"price_tier":"unknown","price_tier_label":"價格未知"}},{"type":"Feature","geometry":{"type":"Point","coordinates":[121.510611,25.006564]},"properties":{"supply_id":"new_taipei-onstreet-83302","city":"new_taipei","district":"永和區","display_name":"保平路 車格 83302","address":"保平路","facility_kind":"onstreet","symbol_text":null,"type_reference":"路邊停車格","type_confidence":0.6,"price_raw":null,"price_value":null,"capacity_total":1,"available_total":1,"occupied_total":0,"status_label":"空位","data_time":"2026-05-02 15:53:29+08:00","city_label":"新北市","facility_kind_label":"路邊車格","available_rate":1,"occupancy_rate":0,"price_tier":"unknown","price_tier_label":"價格未知"}},{"type":"Feature","geometry":{"type":"Point","coordinates":[121.518371,25.008752]},"properties":{"supply_id":"new_taipei-onstreet-84509","city":"new_taipei","district":"永和區","display_name":"國光路 車格 84509","address":"國光路","facility_kind":"onstreet","symbol_text":null,"type_reference":"路邊停車格","type_confidence":0.6,"price_raw":null,"price_value":null,"capacity_total":1,"available_total":1,"occupied_total":0,"status_label":"空位","data_time":"2026-05-02 15:53:29+08:00","city_label":"新北市","facility_kind_label":"路邊車格","available_rate":1,"occupancy_rate":0,"price_tier":"unknown","price_tier_label":"價格未知"}},{"type":"Feature","geometry":{"type":"Point","coordinates":[121.520608,25.005654]},"properties":{"supply_id":"new_taipei-onstreet-15322","city":"new_taipei","district":"永和區","display_name":"永貞路 車格 15322","address":"永貞路","facility_kind":"onstreet","symbol_text":null,"type_reference":"路邊停車格","type_confidence":0.6,"price_raw":null,"price_value":null,"capacity_total":1,"available_total":1,"occupied_total":0,"status_label":"空位","data_time":"2026-05-02 15:53:29+08:00","city_label":"新北市","facility_kind_label":"路邊車格","available_rate":1,"occupancy_rate":0,"price_tier":"unknown","price_tier_label":"價格未知"}},{"type":"Feature","geometry":{"type":"Point","coordinates":[121.528083,24.996476]},"properties":{"supply_id":"new_taipei-onstreet-91137","city":"new_taipei","district":"永和區","display_name":"環河東路四段 車格 91137","address":"環河東路四段","facility_kind":"onstreet","symbol_text":null,"type_reference":"路邊停車格","type_confidence":0.6,"price_raw":null,"price_value":null,"capacity_total":1,"available_total":1,"occupied_total":0,"status_label":"空位","data_time":"2026-05-02 15:53:29+08:00","city_label":"新北市","facility_kind_label":"路邊車格","available_rate":1,"occupancy_rate":0,"price_tier":"unknown","price_tier_label":"價格未知"}},{"type":"Feature","geometry":{"type":"Point","coordinates":[121.512397,25.013555]},"properties":{"supply_id":"new_taipei-onstreet-83586","city":"new_taipei","district":"永和區","display_name":"信義路 車格 83586","address":"信義路","facility_kind":"onstreet","symbol_text":null,"type_reference":"路邊停車格","type_confidence":0.6,"price_raw":null,"price_value":null,"capacity_total":1,"available_total":1,"occupied_total":0,"status_label":"空位","data_time":"2026-05-02 15:53:29+08:00","city_label":"新北市","facility_kind_label":"路邊車格","available_rate":1,"occupancy_rate":0,"price_tier":"unknown","price_tier_label":"價格未知"}},{"type":"Feature","geometry":{"type":"Point","coordinates":[121.516086,25.007354]},"properties":{"supply_id":"new_taipei-onstreet-83464","city":"new_taipei","district":"永和區","display_name":"福和路 車格 83464","address":"福和路","facility_kind":"onstreet","symbol_text":null,"type_reference":"路邊停車格","type_confidence":0.6,"price_raw":null,"price_value":null,"capacity_total":1,"available_total":1,"occupied_total":0,"status_label":"空位","data_time":"2026-05-02 15:53:29+08:00","city_label":"新北市","facility_kind_label":"路邊車格","available_rate":1,"occupancy_rate":0,"price_tier":"unknown","price_tier_label":"價格未知"}},{"type":"Feature","geometry":{"type":"Point","coordinates":[121.508223,25.006876]},"properties":{"supply_id":"new_taipei-onstreet-132321","city":"new_taipei","district":"永和區","display_name":"保平路236巷24弄 車格 132321","address":"保平路236巷24弄","facility_kind":"onstreet","symbol_text":null,"type_reference":"路邊停車格","type_confidence":0.6,"price_raw":null,"price_value":null,"capacity_total":1,"available_total":1,"occupied_total":0,"status_label":"空位","data_time":"2026-05-02 15:53:29+08:00","city_label":"新北市","facility_kind_label":"路邊車格","available_rate":1,"occupancy_rate":0,"price_tier":"unknown","price_tier_label":"價格未知"}},{"type":"Feature","geometry":{"type":"Point","coordinates":[121.508086,25.006066]},"properties":{"supply_id":"new_taipei-onstreet-115041","city":"new_taipei","district":"永和區","display_name":"保平路236巷15弄 車格 115041","address":"保平路236巷15弄","facility_kind":"onstreet","symbol_text":null,"type_reference":"路邊停車格","type_confidence":0.6,"price_raw":null,"price_value":null,"capacity_total":1,"available_total":1,"occupied_total":0,"status_label":"空位","data_time":"2026-05-02 15:53:29+08:00","city_label":"新北市","facility_kind_label":"路邊車格","available_rate":1,"occupancy_rate":0,"price_tier":"unknown","price_tier_label":"價格未知"}},{"type":"Feature","geometry":{"type":"Point","coordinates":[121.520566,25.005602]},"properties":{"supply_id":"new_taipei-onstreet-15323","city":"new_taipei","district":"永和區","display_name":"永貞路 車格 15323","address":"永貞路","facility_kind":"onstreet","symbol_text":null,"type_reference":"路邊停車格","type_confidence":0.6,"price_raw":null,"price_value":null,"capacity_total":1,"available_total":1,"occupied_total":0,"status_label":"空位","data_time":"2026-05-02 15:53:29+08:00","city_label":"新北市","facility_kind_label":"路邊車格","available_rate":1,"occupancy_rate":0,"price_tier":"unknown","price_tier_label":"價格未知"}},{"type":"Feature","geometry":{"type":"Point","coordinates":[121.518558,25.005587]},"properties":{"supply_id":"new_taipei-onstreet-143066","city":"new_taipei","district":"永和區","display_name":"永利路 車格 143066","address":"永利路","facility_kind":"onstreet","symbol_text":null,"type_reference":"路邊停車格","type_confidence":0.6,"price_raw":null,"price_value":null,"capacity_total":1,"available_total":1,"occupied_total":0,"status_label":"空位","data_time":"2026-05-02 15:53:29+08:00","city_label":"新北市","facility_kind_label":"路邊車格","available_rate":1,"occupancy_rate":0,"price_tier":"unknown","price_tier_label":"價格未知"}},{"type":"Feature","geometry":{"type":"Point","coordinates":[121.510544,25.013124]},"properties":{"supply_id":"new_taipei-onstreet-47373","city":"new_taipei","district":"永和區","display_name":"保福路二段 車格 47373","address":"保福路二段","facility_kind":"onstreet","symbol_text":null,"type_reference":"路邊停車格","type_confidence":0.6,"price_raw":null,"price_value":null,"capacity_total":1,"available_total":0,"occupied_total":1,"status_label":"已停","data_time":"2026-05-02 15:53:29+08:00","city_label":"新北市","facility_kind_label":"路邊車格","available_rate":0,"occupancy_rate":1,"price_tier":"unknown","price_tier_label":"價格未知"}},{"type":"Feature","geometry":{"type":"Point","coordinates":[121.508291,25.006155]},"properties":{"supply_id":"new_taipei-onstreet-108626","city":"new_taipei","district":"永和區","display_name":"保平路236巷15弄 車格 108626","address":"保平路236巷15弄","facility_kind":"onstreet","symbol_text":null,"type_reference":"路邊停車格","type_confidence":0.6,"price_raw":null,"price_value":null,"capacity_total":1,"available_total":1,"occupied_total":0,"status_label":"空位","data_time":"2026-05-02 15:53:29+08:00","city_label":"新北市","facility_kind_label":"路邊車格","available_rate":1,"occupancy_rate":0,"price_tier":"unknown","price_tier_label":"價格未知"}},{"type":"Feature","geometry":{"type":"Point","coordinates":[121.518294,25.008971]},"properties":{"supply_id":"new_taipei-onstreet-83328","city":"new_taipei","district":"永和區","display_name":"國光路 車格 83328","address":"國光路","facility_kind":"onstreet","symbol_text":null,"type_reference":"路邊停車格","type_confidence":0.6,"price_raw":null,"price_value":null,"capacity_total":1,"available_total":1,"occupied_total":0,"status_label":"空位","data_time":"2026-05-02 15:53:29+08:00","city_label":"新北市","facility_kind_label":"路邊車格","available_rate":1,"occupancy_rate":0,"price_tier":"unknown","price_tier_label":"價格未知"}},{"type":"Feature","geometry":{"type":"Point","coordinates":[121.509684,25.012503]},"properties":{"supply_id":"new_taipei-onstreet-90916","city":"new_taipei","district":"永和區","display_name":"仁愛路 車格 90916","address":"仁愛路","facility_kind":"onstreet","symbol_text":null,"type_reference":"路邊停車格","type_confidence":0.6,"price_raw":null,"price_value":null,"capacity_total":1,"available_total":1,"occupied_total":0,"status_label":"空位","data_time":"2026-05-02 15:53:29+08:00","city_label":"新北市","facility_kind_label":"路邊車格","available_rate":1,"occupancy_rate":0,"price_tier":"unknown","price_tier_label":"價格未知"}},{"type":"Feature","geometry":{"type":"Point","coordinates":[121.510518,25.006499]},"properties":{"supply_id":"new_taipei-onstreet-47927","city":"new_taipei","district":"永和區","display_name":"保平路 車格 47927","address":"保平路","facility_kind":"onstreet","symbol_text":null,"type_reference":"路邊停車格","type_confidence":0.6,"price_raw":null,"price_value":null,"capacity_total":1,"available_total":0,"occupied_total":1,"status_label":"已停","data_time":"2026-05-02 15:53:29+08:00","city_label":"新北市","facility_kind_label":"路邊車格","available_rate":0,"occupancy_rate":1,"price_tier":"unknown","price_tier_label":"價格未知"}},{"type":"Feature","geometry":{"type":"Point","coordinates":[121.518319,25.0089]},"properties":{"supply_id":"new_taipei-onstreet-83329","city":"new_taipei","district":"永和區","display_name":"國光路 車格 83329","address":"國光路","facility_kind":"onstreet","symbol_text":null,"type_reference":"路邊停車格","type_confidence":0.6,"price_raw":null,"price_value":null,"capacity_total":1,"available_total":1,"occupied_total":0,"status_label":"空位","data_time":"2026-05-02 15:53:29+08:00","city_label":"新北市","facility_kind_label":"路邊車格","available_rate":1,"occupancy_rate":0,"price_tier":"unknown","price_tier_label":"價格未知"}},{"type":"Feature","geometry":{"type":"Point","coordinates":[121.516031,25.007348]},"properties":{"supply_id":"new_taipei-onstreet-83466","city":"new_taipei","district":"永和區","display_name":"福和路 車格 83466","address":"福和路","facility_kind":"onstreet","symbol_text":null,"type_reference":"路邊停車格","type_confidence":0.6,"price_raw":null,"price_value":null,"capacity_total":1,"available_total":1,"occupied_total":0,"status_label":"空位","data_time":"2026-05-02 15:53:29+08:00","city_label":"新北市","facility_kind_label":"路邊車格","available_rate":1,"occupancy_rate":0,"price_tier":"unknown","price_tier_label":"價格未知"}},{"type":"Feature","geometry":{"type":"Point","coordinates":[121.51237,25.013676]},"properties":{"supply_id":"new_taipei-onstreet-83583","city":"new_taipei","district":"永和區","display_name":"信義路 車格 83583","address":"信義路","facility_kind":"onstreet","symbol_text":null,"type_reference":"路邊停車格","type_confidence":0.6,"price_raw":null,"price_value":null,"capacity_total":1,"available_total":1,"occupied_total":0,"status_label":"空位","data_time":"2026-05-02 15:53:29+08:00","city_label":"新北市","facility_kind_label":"路邊車格","available_rate":1,"occupancy_rate":0,"price_tier":"unknown","price_tier_label":"價格未知"}},{"type":"Feature","geometry":{"type":"Point","coordinates":[121.517221,25.011801]},"properties":{"supply_id":"new_taipei-onstreet-88926","city":"new_taipei","district":"永和區","display_name":"中興街 車格 88926","address":"中興街","facility_kind":"onstreet","symbol_text":null,"type_reference":"路邊停車格","type_confidence":0.6,"price_raw":null,"price_value":null,"capacity_total":1,"available_total":1,"occupied_total":0,"status_label":"空位","data_time":"2026-05-02 15:53:29+08:00","city_label":"新北市","facility_kind_label":"路邊車格","available_rate":1,"occupancy_rate":0,"price_tier":"unknown","price_tier_label":"價格未知"}},{"type":"Feature","geometry":{"type":"Point","coordinates":[121.504708,25.010044]},"properties":{"supply_id":"new_taipei-onstreet-116029","city":"new_taipei","district":"永和區","display_name":"保生路 車格 116029","address":"保生路","facility_kind":"onstreet","symbol_text":null,"type_reference":"路邊停車格","type_confidence":0.6,"price_raw":null,"price_value":null,"capacity_total":1,"available_total":1,"occupied_total":0,"status_label":"空位","data_time":"2026-05-02 15:53:29+08:00","city_label":"新北市","facility_kind_label":"路邊車格","available_rate":1,"occupancy_rate":0,"price_tier":"unknown","price_tier_label":"價格未知"}},{"type":"Feature","geometry":{"type":"Point","coordinates":[121.509627,25.012476]},"properties":{"supply_id":"new_taipei-onstreet-90917","city":"new_taipei","district":"永和區","display_name":"仁愛路 車格 90917","address":"仁愛路","facility_kind":"onstreet","symbol_text":null,"type_reference":"路邊停車格","type_confidence":0.6,"price_raw":null,"price_value":null,"capacity_total":1,"available_total":1,"occupied_total":0,"status_label":"空位","data_time":"2026-05-02 15:53:29+08:00","city_label":"新北市","facility_kind_label":"路邊車格","available_rate":1,"occupancy_rate":0,"price_tier":"unknown","price_tier_label":"價格未知"}},{"type":"Feature","geometry":{"type":"Point","coordinates":[121.510561,25.006529]},"properties":{"supply_id":"new_taipei-onstreet-47930","city":"new_taipei","district":"永和區","display_name":"保平路 車格 47930","address":"保平路","facility_kind":"onstreet","symbol_text":null,"type_reference":"路邊停車格","type_confidence":0.6,"price_raw":null,"price_value":null,"capacity_total":1,"available_total":1,"occupied_total":0,"status_label":"空位","data_time":"2026-05-02 15:53:29+08:00","city_label":"新北市","facility_kind_label":"路邊車格","available_rate":1,"occupancy_rate":0,"price_tier":"unknown","price_tier_label":"價格未知"}},{"type":"Feature","geometry":{"type":"Point","coordinates":[121.520532,25.005563]},"properties":{"supply_id":"new_taipei-onstreet-15324","city":"new_taipei","district":"永和區","display_name":"永貞路 車格 15324","address":"永貞路","facility_kind":"onstreet","symbol_text":null,"type_reference":"路邊停車格","type_confidence":0.6,"price_raw":null,"price_value":null,"capacity_total":1,"available_total":1,"occupied_total":0,"status_label":"空位","data_time":"2026-05-02 15:53:29+08:00","city_label":"新北市","facility_kind_label":"路邊車格","available_rate":1,"occupancy_rate":0,"price_tier":"unknown","price_tier_label":"價格未知"}},{"type":"Feature","geometry":{"type":"Point","coordinates":[121.517142,25.011776]},"properties":{"supply_id":"new_taipei-onstreet-83582","city":"new_taipei","district":"永和區","display_name":"中興街 車格 83582","address":"中興街","facility_kind":"onstreet","symbol_text":null,"type_reference":"路邊停車格","type_confidence":0.6,"price_raw":null,"price_value":null,"capacity_total":1,"available_total":1,"occupied_total":0,"status_label":"空位","data_time":"2026-05-02 15:53:29+08:00","city_label":"新北市","facility_kind_label":"路邊車格","available_rate":1,"occupancy_rate":0,"price_tier":"unknown","price_tier_label":"價格未知"}},{"type":"Feature","geometry":{"type":"Point","coordinates":[121.504708,25.009994]},"properties":{"supply_id":"new_taipei-onstreet-116031","city":"new_taipei","district":"永和區","display_name":"保生路 車格 116031","address":"保生路","facility_kind":"onstreet","symbol_text":null,"type_reference":"路邊停車格","type_confidence":0.6,"price_raw":null,"price_value":null,"capacity_total":1,"available_total":1,"occupied_total":0,"status_label":"空位","data_time":"2026-05-02 15:53:29+08:00","city_label":"新北市","facility_kind_label":"路邊車格","available_rate":1,"occupancy_rate":0,"price_tier":"unknown","price_tier_label":"價格未知"}},{"type":"Feature","geometry":{"type":"Point","coordinates":[121.518805,25.005408]},"properties":{"supply_id":"new_taipei-onstreet-27810","city":"new_taipei","district":"永和區","display_name":"永利路 車格 27810","address":"永利路","facility_kind":"onstreet","symbol_text":null,"type_reference":"路邊停車格","type_confidence":0.6,"price_raw":null,"price_value":null,"capacity_total":1,"available_total":1,"occupied_total":0,"status_label":"空位","data_time":"2026-05-02 15:53:29+08:00","city_label":"新北市","facility_kind_label":"路邊車格","available_rate":1,"occupancy_rate":0,"price_tier":"unknown","price_tier_label":"價格未知"}},{"type":"Feature","geometry":{"type":"Point","coordinates":[121.526182,25.002969]},"properties":{"supply_id":"new_taipei-onstreet-29379","city":"new_taipei","district":"永和區","display_name":"永亨路 車格 29379","address":"永亨路","facility_kind":"onstreet","symbol_text":null,"type_reference":"路邊停車格","type_confidence":0.6,"price_raw":null,"price_value":null,"capacity_total":1,"available_total":0,"occupied_total":1,"status_label":"已停","data_time":"2026-05-02 15:53:29+08:00","city_label":"新北市","facility_kind_label":"路邊車格","available_rate":0,"occupancy_rate":1,"price_tier":"unknown","price_tier_label":"價格未知"}},{"type":"Feature","geometry":{"type":"Point","coordinates":[121.508675,25.014924]},"properties":{"supply_id":"new_taipei-onstreet-47610","city":"new_taipei","district":"永和區","display_name":"保安路 車格 47610","address":"保安路","facility_kind":"onstreet","symbol_text":null,"type_reference":"路邊停車格","type_confidence":0.6,"price_raw":null,"price_value":null,"capacity_total":1,"available_total":1,"occupied_total":0,"status_label":"空位","data_time":"2026-05-02 15:53:29+08:00","city_label":"新北市","facility_kind_label":"路邊車格","available_rate":1,"occupancy_rate":0,"price_tier":"unknown","price_tier_label":"價格未知"}},{"type":"Feature","geometry":{"type":"Point","coordinates":[121.509742,25.01253]},"properties":{"supply_id":"new_taipei-onstreet-27842","city":"new_taipei","district":"永和區","display_name":"仁愛路 車格 27842","address":"仁愛路","facility_kind":"onstreet","symbol_text":null,"type_reference":"路邊停車格","type_confidence":0.6,"price_raw":null,"price_value":null,"capacity_total":1,"available_total":0,"occupied_total":1,"status_label":"已停","data_time":"2026-05-02 15:53:29+08:00","city_label":"新北市","facility_kind_label":"路邊車格","available_rate":0,"occupancy_rate":1,"price_tier":"unknown","price_tier_label":"價格未知"}},{"type":"Feature","geometry":{"type":"Point","coordinates":[121.510162,25.006226]},"properties":{"supply_id":"new_taipei-onstreet-83406","city":"new_taipei","district":"永和區","display_name":"保平路 車格 83406","address":"保平路","facility_kind":"onstreet","symbol_text":null,"type_reference":"路邊停車格","type_confidence":0.6,"price_raw":null,"price_value":null,"capacity_total":1,"available_total":1,"occupied_total":0,"status_label":"空位","data_time":"2026-05-02 15:53:29+08:00","city_label":"新北市","facility_kind_label":"路邊車格","available_rate":1,"occupancy_rate":0,"price_tier":"unknown","price_tier_label":"價格未知"}},{"type":"Feature","geometry":{"type":"Point","coordinates":[121.518396,25.008684]},"properties":{"supply_id":"new_taipei-onstreet-83343","city":"new_taipei","district":"永和區","display_name":"國光路 車格 83343","address":"國光路","facility_kind":"onstreet","symbol_text":null,"type_reference":"路邊停車格","type_confidence":0.6,"price_raw":null,"price_value":null,"capacity_total":1,"available_total":1,"occupied_total":0,"status_label":"空位","data_time":"2026-05-02 15:53:29+08:00","city_label":"新北市","facility_kind_label":"路邊車格","available_rate":1,"occupancy_rate":0,"price_tier":"unknown","price_tier_label":"價格未知"}},{"type":"Feature","geometry":{"type":"Point","coordinates":[121.526185,25.003014]},"properties":{"supply_id":"new_taipei-onstreet-60488","city":"new_taipei","district":"永和區","display_name":"永亨路 車格 60488","address":"永亨路","facility_kind":"onstreet","symbol_text":null,"type_reference":"路邊停車格","type_confidence":0.6,"price_raw":null,"price_value":null,"capacity_total":1,"available_total":1,"occupied_total":0,"status_label":"空位","data_time":"2026-05-02 15:53:29+08:00","city_label":"新北市","facility_kind_label":"路邊車格","available_rate":1,"occupancy_rate":0,"price_tier":"unknown","price_tier_label":"價格未知"}},{"type":"Feature","geometry":{"type":"Point","coordinates":[121.517011,25.011733]},"properties":{"supply_id":"new_taipei-onstreet-54334","city":"new_taipei","district":"永和區","display_name":"中興街 車格 54334","address":"中興街","facility_kind":"onstreet","symbol_text":null,"type_reference":"路邊停車格","type_confidence":0.6,"price_raw":null,"price_value":null,"capacity_total":1,"available_total":1,"occupied_total":0,"status_label":"空位","data_time":"2026-05-02 15:53:29+08:00","city_label":"新北市","facility_kind_label":"路邊車格","available_rate":1,"occupancy_rate":0,"price_tier":"unknown","price_tier_label":"價格未知"}},{"type":"Feature","geometry":{"type":"Point","coordinates":[121.504707,25.009835]},"properties":{"supply_id":"new_taipei-onstreet-116028","city":"new_taipei","district":"永和區","display_name":"保生路 車格 116028","address":"保生路","facility_kind":"onstreet","symbol_text":null,"type_reference":"路邊停車格","type_confidence":0.6,"price_raw":null,"price_value":null,"capacity_total":1,"available_total":1,"occupied_total":0,"status_label":"空位","data_time":"2026-05-02 15:53:29+08:00","city_label":"新北市","facility_kind_label":"路邊車格","available_rate":1,"occupancy_rate":0,"price_tier":"unknown","price_tier_label":"價格未知"}},{"type":"Feature","geometry":{"type":"Point","coordinates":[121.519261,25.005183]},"properties":{"supply_id":"new_taipei-onstreet-151521","city":"new_taipei","district":"永和區","display_name":"永利路 車格 151521","address":"永利路","facility_kind":"onstreet","symbol_text":null,"type_reference":"路邊停車格","type_confidence":0.6,"price_raw":null,"price_value":null,"capacity_total":1,"available_total":1,"occupied_total":0,"status_label":"空位","data_time":"2026-05-02 15:53:29+08:00","city_label":"新北市","facility_kind_label":"路邊車格","available_rate":1,"occupancy_rate":0,"price_tier":"unknown","price_tier_label":"價格未知"}},{"type":"Feature","geometry":{"type":"Point","coordinates":[121.515915,25.007336]},"properties":{"supply_id":"new_taipei-onstreet-48636","city":"new_taipei","district":"永和區","display_name":"福和路 車格 48636","address":"福和路","facility_kind":"onstreet","symbol_text":null,"type_reference":"路邊停車格","type_confidence":0.6,"price_raw":null,"price_value":null,"capacity_total":1,"available_total":1,"occupied_total":0,"status_label":"空位","data_time":"2026-05-02 15:53:29+08:00","city_label":"新北市","facility_kind_label":"路邊車格","available_rate":1,"occupancy_rate":0,"price_tier":"unknown","price_tier_label":"價格未知"}},{"type":"Feature","geometry":{"type":"Point","coordinates":[121.520086,25.005115]},"properties":{"supply_id":"new_taipei-onstreet-83381","city":"new_taipei","district":"永和區","display_name":"永貞路 車格 83381","address":"永貞路","facility_kind":"onstreet","symbol_text":null,"type_reference":"路邊停車格","type_confidence":0.6,"price_raw":null,"price_value":null,"capacity_total":1,"available_total":1,"occupied_total":0,"status_label":"空位","data_time":"2026-05-02 15:53:29+08:00","city_label":"新北市","facility_kind_label":"路邊車格","available_rate":1,"occupancy_rate":0,"price_tier":"unknown","price_tier_label":"價格未知"}},{"type":"Feature","geometry":{"type":"Point","coordinates":[121.508572,25.014814]},"properties":{"supply_id":"new_taipei-onstreet-60222","city":"new_taipei","district":"永和區","display_name":"保安路 車格 60222","address":"保安路","facility_kind":"onstreet","symbol_text":null,"type_reference":"路邊停車格","type_confidence":0.6,"price_raw":null,"price_value":null,"capacity_total":1,"available_total":1,"occupied_total":0,"status_label":"空位","data_time":"2026-05-02 15:53:29+08:00","city_label":"新北市","facility_kind_label":"路邊車格","available_rate":1,"occupancy_rate":0,"price_tier":"unknown","price_tier_label":"價格未知"}},{"type":"Feature","geometry":{"type":"Point","coordinates":[121.510113,25.006188]},"properties":{"supply_id":"new_taipei-onstreet-27057","city":"new_taipei","district":"永和區","display_name":"保平路 車格 27057","address":"保平路","facility_kind":"onstreet","symbol_text":null,"type_reference":"路邊停車格","type_confidence":0.6,"price_raw":null,"price_value":null,"capacity_total":1,"available_total":1,"occupied_total":0,"status_label":"空位","data_time":"2026-05-02 15:53:29+08:00","city_label":"新北市","facility_kind_label":"路邊車格","available_rate":1,"occupancy_rate":0,"price_tier":"unknown","price_tier_label":"價格未知"}},{"type":"Feature","geometry":{"type":"Point","coordinates":[121.504707,25.009786]},"properties":{"supply_id":"new_taipei-onstreet-116027","city":"new_taipei","district":"永和區","display_name":"保生路 車格 116027","address":"保生路","facility_kind":"onstreet","symbol_text":null,"type_reference":"路邊停車格","type_confidence":0.6,"price_raw":null,"price_value":null,"capacity_total":1,"available_total":1,"occupied_total":0,"status_label":"空位","data_time":"2026-05-02 15:53:29+08:00","city_label":"新北市","facility_kind_label":"路邊車格","available_rate":1,"occupancy_rate":0,"price_tier":"unknown","price_tier_label":"價格未知"}},{"type":"Feature","geometry":{"type":"Point","coordinates":[121.50853,25.014769]},"properties":{"supply_id":"new_taipei-onstreet-47609","city":"new_taipei","district":"永和區","display_name":"保安路 車格 47609","address":"保安路","facility_kind":"onstreet","symbol_text":null,"type_reference":"路邊停車格","type_confidence":0.6,"price_raw":null,"price_value":null,"capacity_total":1,"available_total":1,"occupied_total":0,"status_label":"空位","data_time":"2026-05-02 15:53:29+08:00","city_label":"新北市","facility_kind_label":"路邊車格","available_rate":1,"occupancy_rate":0,"price_tier":"unknown","price_tier_label":"價格未知"}},{"type":"Feature","geometry":{"type":"Point","coordinates":[121.510058,25.006144]},"properties":{"supply_id":"new_taipei-onstreet-27058","city":"new_taipei","district":"永和區","display_name":"保平路 車格 27058","address":"保平路","facility_kind":"onstreet","symbol_text":null,"type_reference":"路邊停車格","type_confidence":0.6,"price_raw":null,"price_value":null,"capacity_total":1,"available_total":1,"occupied_total":0,"status_label":"空位","data_time":"2026-05-02 15:53:29+08:00","city_label":"新北市","facility_kind_label":"路邊車格","available_rate":1,"occupancy_rate":0,"price_tier":"unknown","price_tier_label":"價格未知"}},{"type":"Feature","geometry":{"type":"Point","coordinates":[121.526189,25.003059]},"properties":{"supply_id":"new_taipei-onstreet-60487","city":"new_taipei","district":"永和區","display_name":"永亨路 車格 60487","address":"永亨路","facility_kind":"onstreet","symbol_text":null,"type_reference":"路邊停車格","type_confidence":0.6,"price_raw":null,"price_value":null,"capacity_total":1,"available_total":1,"occupied_total":0,"status_label":"空位","data_time":"2026-05-02 15:53:29+08:00","city_label":"新北市","facility_kind_label":"路邊車格","available_rate":1,"occupancy_rate":0,"price_tier":"unknown","price_tier_label":"價格未知"}},{"type":"Feature","geometry":{"type":"Point","coordinates":[121.519326,25.004983]},"properties":{"supply_id":"new_taipei-onstreet-58187","city":"new_taipei","district":"永和區","display_name":"永利路 車格 58187","address":"永利路","facility_kind":"onstreet","symbol_text":null,"type_reference":"路邊停車格","type_confidence":0.6,"price_raw":null,"price_value":null,"capacity_total":1,"available_total":0,"occupied_total":1,"status_label":"已停","data_time":"2026-05-02 15:53:29+08:00","city_label":"新北市","facility_kind_label":"路邊車格","available_rate":0,"occupancy_rate":1,"price_tier":"unknown","price_tier_label":"價格未知"}},{"type":"Feature","geometry":{"type":"Point","coordinates":[121.512298,25.014069]},"properties":{"supply_id":"new_taipei-onstreet-83580","city":"new_taipei","district":"永和區","display_name":"信義路 車格 83580","address":"信義路","facility_kind":"onstreet","symbol_text":null,"type_reference":"路邊停車格","type_confidence":0.6,"price_raw":null,"price_value":null,"capacity_total":1,"available_total":0,"occupied_total":1,"status_label":"已停","data_time":"2026-05-02 15:53:29+08:00","city_label":"新北市","facility_kind_label":"路邊車格","available_rate":0,"occupancy_rate":1,"price_tier":"unknown","price_tier_label":"價格未知"}},{"type":"Feature","geometry":{"type":"Point","coordinates":[121.519942,25.004971]},"properties":{"supply_id":"new_taipei-onstreet-48215","city":"new_taipei","district":"永和區","display_name":"永貞路 車格 48215","address":"永貞路","facility_kind":"onstreet","symbol_text":null,"type_reference":"路邊停車格","type_confidence":0.6,"price_raw":null,"price_value":null,"capacity_total":1,"available_total":1,"occupied_total":0,"status_label":"空位","data_time":"2026-05-02 15:53:29+08:00","city_label":"新北市","facility_kind_label":"路邊車格","available_rate":1,"occupancy_rate":0,"price_tier":"unknown","price_tier_label":"價格未知"}},{"type":"Feature","geometry":{"type":"Point","coordinates":[121.518545,25.008408]},"properties":{"supply_id":"new_taipei-onstreet-83344","city":"new_taipei","district":"永和區","display_name":"國光路 車格 83344","address":"國光路","facility_kind":"onstreet","symbol_text":null,"type_reference":"路邊停車格","type_confidence":0.6,"price_raw":null,"price_value":null,"capacity_total":1,"available_total":1,"occupied_total":0,"status_label":"空位","data_time":"2026-05-02 15:53:29+08:00","city_label":"新北市","facility_kind_label":"路邊車格","available_rate":1,"occupancy_rate":0,"price_tier":"unknown","price_tier_label":"價格未知"}},{"type":"Feature","geometry":{"type":"Point","coordinates":[121.508487,25.014721]},"properties":{"supply_id":"new_taipei-onstreet-65962","city":"new_taipei","district":"永和區","display_name":"保安路 車格 65962","address":"保安路","facility_kind":"onstreet","symbol_text":null,"type_reference":"路邊停車格","type_confidence":0.6,"price_raw":null,"price_value":null,"capacity_total":1,"available_total":1,"occupied_total":0,"status_label":"空位","data_time":"2026-05-02 15:53:29+08:00","city_label":"新北市","facility_kind_label":"路邊車格","available_rate":1,"occupancy_rate":0,"price_tier":"unknown","price_tier_label":"價格未知"}},{"type":"Feature","geometry":{"type":"Point","coordinates":[121.509936,25.006046]},"properties":{"supply_id":"new_taipei-onstreet-84500","city":"new_taipei","district":"永和區","display_name":"保平路 車格 84500","address":"保平路","facility_kind":"onstreet","symbol_text":null,"type_reference":"路邊停車格","type_confidence":0.6,"price_raw":null,"price_value":null,"capacity_total":1,"available_total":1,"occupied_total":0,"status_label":"空位","data_time":"2026-05-02 15:53:29+08:00","city_label":"新北市","facility_kind_label":"路邊車格","available_rate":1,"occupancy_rate":0,"price_tier":"unknown","price_tier_label":"價格未知"}},{"type":"Feature","geometry":{"type":"Point","coordinates":[121.519905,25.004935]},"properties":{"supply_id":"new_taipei-onstreet-50511","city":"new_taipei","district":"永和區","display_name":"永貞路 車格 50511","address":"永貞路","facility_kind":"onstreet","symbol_text":null,"type_reference":"路邊停車格","type_confidence":0.6,"price_raw":null,"price_value":null,"capacity_total":1,"available_total":0,"occupied_total":1,"status_label":"已停","data_time":"2026-05-02 15:53:29+08:00","city_label":"新北市","facility_kind_label":"路邊車格","available_rate":0,"occupancy_rate":1,"price_tier":"unknown","price_tier_label":"價格未知"}},{"type":"Feature","geometry":{"type":"Point","coordinates":[121.519386,25.004933]},"properties":{"supply_id":"new_taipei-onstreet-88605","city":"new_taipei","district":"永和區","display_name":"永利路 車格 88605","address":"永利路","facility_kind":"onstreet","symbol_text":null,"type_reference":"路邊停車格","type_confidence":0.6,"price_raw":null,"price_value":null,"capacity_total":1,"available_total":1,"occupied_total":0,"status_label":"空位","data_time":"2026-05-02 15:53:29+08:00","city_label":"新北市","facility_kind_label":"路邊車格","available_rate":1,"occupancy_rate":0,"price_tier":"unknown","price_tier_label":"價格未知"}},{"type":"Feature","geometry":{"type":"Point","coordinates":[121.518413,25.008638]},"properties":{"supply_id":"new_taipei-onstreet-40027","city":"new_taipei","district":"永和區","display_name":"國光路 車格 40027","address":"國光路","facility_kind":"onstreet","symbol_text":null,"type_reference":"路邊停車格","type_confidence":0.6,"price_raw":null,"price_value":null,"capacity_total":1,"available_total":1,"occupied_total":0,"status_label":"空位","data_time":"2026-05-02 15:53:29+08:00","city_label":"新北市","facility_kind_label":"路邊車格","available_rate":1,"occupancy_rate":0,"price_tier":"unknown","price_tier_label":"價格未知"}},{"type":"Feature","geometry":{"type":"Point","coordinates":[121.510152,25.013598]},"properties":{"supply_id":"new_taipei-onstreet-93461","city":"new_taipei","district":"永和區","display_name":"保福路二段 車格 93461","address":"保福路二段","facility_kind":"onstreet","symbol_text":null,"type_reference":"路邊停車格","type_confidence":0.6,"price_raw":null,"price_value":null,"capacity_total":1,"available_total":0,"occupied_total":1,"status_label":"已停","data_time":"2026-05-02 15:53:29+08:00","city_label":"新北市","facility_kind_label":"路邊車格","available_rate":0,"occupancy_rate":1,"price_tier":"unknown","price_tier_label":"價格未知"}},{"type":"Feature","geometry":{"type":"Point","coordinates":[121.526193,25.003104]},"properties":{"supply_id":"new_taipei-onstreet-88878","city":"new_taipei","district":"永和區","display_name":"永亨路 車格 88878","address":"永亨路","facility_kind":"onstreet","symbol_text":null,"type_reference":"路邊停車格","type_confidence":0.6,"price_raw":null,"price_value":null,"capacity_total":1,"available_total":0,"occupied_total":1,"status_label":"已停","data_time":"2026-05-02 15:53:29+08:00","city_label":"新北市","facility_kind_label":"路邊車格","available_rate":0,"occupancy_rate":1,"price_tier":"unknown","price_tier_label":"價格未知"}},{"type":"Feature","geometry":{"type":"Point","coordinates":[121.504706,25.009736]},"properties":{"supply_id":"new_taipei-onstreet-116026","city":"new_taipei","district":"永和區","display_name":"保生路 車格 116026","address":"保生路","facility_kind":"onstreet","symbol_text":null,"type_reference":"路邊停車格","type_confidence":0.6,"price_raw":null,"price_value":null,"capacity_total":1,"available_total":1,"occupied_total":0,"status_label":"空位","data_time":"2026-05-02 15:53:29+08:00","city_label":"新北市","facility_kind_label":"路邊車格","available_rate":1,"occupancy_rate":0,"price_tier":"unknown","price_tier_label":"價格未知"}},{"type":"Feature","geometry":{"type":"Point","coordinates":[121.512292,25.014119]},"properties":{"supply_id":"new_taipei-onstreet-83575","city":"new_taipei","district":"永和區","display_name":"信義路 車格 83575","address":"信義路","facility_kind":"onstreet","symbol_text":null,"type_reference":"路邊停車格","type_confidence":0.6,"price_raw":null,"price_value":null,"capacity_total":1,"available_total":1,"occupied_total":0,"status_label":"空位","data_time":"2026-05-02 15:53:29+08:00","city_label":"新北市","facility_kind_label":"路邊車格","available_rate":1,"occupancy_rate":0,"price_tier":"unknown","price_tier_label":"價格未知"}},{"type":"Feature","geometry":{"type":"Point","coordinates":[121.510093,25.013646]},"properties":{"supply_id":"new_taipei-onstreet-93542","city":"new_taipei","district":"永和區","display_name":"保福路二段 車格 93542","address":"保福路二段","facility_kind":"onstreet","symbol_text":null,"type_reference":"路邊停車格","type_confidence":0.6,"price_raw":null,"price_value":null,"capacity_total":1,"available_total":0,"occupied_total":1,"status_label":"已停","data_time":"2026-05-02 15:53:29+08:00","city_label":"新北市","facility_kind_label":"路邊車格","available_rate":0,"occupancy_rate":1,"price_tier":"unknown","price_tier_label":"價格未知"}},{"type":"Feature","geometry":{"type":"Point","coordinates":[121.522876,25.002616]},"properties":{"supply_id":"new_taipei-onstreet-17809","city":"new_taipei","district":"永和區","display_name":"永利路 車格 17809","address":"永利路","facility_kind":"onstreet","symbol_text":null,"type_reference":"路邊停車格","type_confidence":0.6,"price_raw":null,"price_value":null,"capacity_total":1,"available_total":1,"occupied_total":0,"status_label":"空位","data_time":"2026-05-02 15:53:29+08:00","city_label":"新北市","facility_kind_label":"路邊車格","available_rate":1,"occupancy_rate":0,"price_tier":"unknown","price_tier_label":"價格未知"}},{"type":"Feature","geometry":{"type":"Point","coordinates":[121.514987,25.002341]},"properties":{"supply_id":"new_taipei-onstreet-41419","city":"new_taipei","district":"永和區","display_name":"安樂路 車格 41419","address":"安樂路","facility_kind":"onstreet","symbol_text":null,"type_reference":"路邊停車格","type_confidence":0.6,"price_raw":null,"price_value":null,"capacity_total":1,"available_total":1,"occupied_total":0,"status_label":"空位","data_time":"2026-05-02 15:53:29+08:00","city_label":"新北市","facility_kind_label":"路邊車格","available_rate":1,"occupancy_rate":0,"price_tier":"unknown","price_tier_label":"價格未知"}},{"type":"Feature","geometry":{"type":"Point","coordinates":[121.518657,25.008331]},"properties":{"supply_id":"new_taipei-onstreet-40889","city":"new_taipei","district":"永和區","display_name":"國光路 車格 40889","address":"國光路","facility_kind":"onstreet","symbol_text":null,"type_reference":"路邊停車格","type_confidence":0.6,"price_raw":null,"price_value":null,"capacity_total":1,"available_total":1,"occupied_total":0,"status_label":"空位","data_time":"2026-05-02 15:53:29+08:00","city_label":"新北市","facility_kind_label":"路邊車格","available_rate":1,"occupancy_rate":0,"price_tier":"unknown","price_tier_label":"價格未知"}},{"type":"Feature","geometry":{"type":"Point","coordinates":[121.519341,25.004557]},"properties":{"supply_id":"new_taipei-onstreet-62824","city":"new_taipei","district":"永和區","display_name":"永貞路 車格 62824","address":"永貞路","facility_kind":"onstreet","symbol_text":null,"type_reference":"路邊停車格","type_confidence":0.6,"price_raw":null,"price_value":null,"capacity_total":1,"available_total":0,"occupied_total":1,"status_label":"已停","data_time":"2026-05-02 15:53:29+08:00","city_label":"新北市","facility_kind_label":"路邊車格","available_rate":0,"occupancy_rate":1,"price_tier":"unknown","price_tier_label":"價格未知"}},{"type":"Feature","geometry":{"type":"Point","coordinates":[121.515009,25.002259]},"properties":{"supply_id":"new_taipei-onstreet-41418","city":"new_taipei","district":"永和區","display_name":"安樂路 車格 41418","address":"安樂路","facility_kind":"onstreet","symbol_text":null,"type_reference":"路邊停車格","type_confidence":0.6,"price_raw":null,"price_value":null,"capacity_total":1,"available_total":1,"occupied_total":0,"status_label":"空位","data_time":"2026-05-02 15:53:29+08:00","city_label":"新北市","facility_kind_label":"路邊車格","available_rate":1,"occupancy_rate":0,"price_tier":"unknown","price_tier_label":"價格未知"}},{"type":"Feature","geometry":{"type":"Point","coordinates":[121.508335,25.014557]},"properties":{"supply_id":"new_taipei-onstreet-84909","city":"new_taipei","district":"永和區","display_name":"保安路 車格 84909","address":"保安路","facility_kind":"onstreet","symbol_text":null,"type_reference":"路邊停車格","type_confidence":0.6,"price_raw":null,"price_value":null,"capacity_total":1,"available_total":1,"occupied_total":0,"status_label":"空位","data_time":"2026-05-02 15:53:29+08:00","city_label":"新北市","facility_kind_label":"路邊車格","available_rate":1,"occupancy_rate":0,"price_tier":"unknown","price_tier_label":"價格未知"}},{"type":"Feature","geometry":{"type":"Point","coordinates":[121.5083,25.014519]},"properties":{"supply_id":"new_taipei-onstreet-85992","city":"new_taipei","district":"永和區","display_name":"保安路 車格 85992","address":"保安路","facility_kind":"onstreet","symbol_text":null,"type_reference":"路邊停車格","type_confidence":0.6,"price_raw":null,"price_value":null,"capacity_total":1,"available_total":1,"occupied_total":0,"status_label":"空位","data_time":"2026-05-02 15:53:29+08:00","city_label":"新北市","facility_kind_label":"路邊車格","available_rate":1,"occupancy_rate":0,"price_tier":"unknown","price_tier_label":"價格未知"}},{"type":"Feature","geometry":{"type":"Point","coordinates":[121.518601,25.008369]},"properties":{"supply_id":"new_taipei-onstreet-84640","city":"new_taipei","district":"永和區","display_name":"國光路 車格 84640","address":"國光路","facility_kind":"onstreet","symbol_text":null,"type_reference":"路邊停車格","type_confidence":0.6,"price_raw":null,"price_value":null,"capacity_total":1,"available_total":1,"occupied_total":0,"status_label":"空位","data_time":"2026-05-02 15:53:29+08:00","city_label":"新北市","facility_kind_label":"路邊車格","available_rate":1,"occupancy_rate":0,"price_tier":"unknown","price_tier_label":"價格未知"}},{"type":"Feature","geometry":{"type":"Point","coordinates":[121.519868,25.004898]},"properties":{"supply_id":"new_taipei-onstreet-48214","city":"new_taipei","district":"永和區","display_name":"永貞路 車格 48214","address":"永貞路","facility_kind":"onstreet","symbol_text":null,"type_reference":"路邊停車格","type_confidence":0.6,"price_raw":null,"price_value":null,"capacity_total":1,"available_total":1,"occupied_total":0,"status_label":"空位","data_time":"2026-05-02 15:53:29+08:00","city_label":"新北市","facility_kind_label":"路邊車格","available_rate":1,"occupancy_rate":0,"price_tier":"unknown","price_tier_label":"價格未知"}},{"type":"Feature","geometry":{"type":"Point","coordinates":[121.509688,25.005841]},"properties":{"supply_id":"new_taipei-onstreet-27065","city":"new_taipei","district":"永和區","display_name":"保平路 車格 27065","address":"保平路","facility_kind":"onstreet","symbol_text":null,"type_reference":"路邊停車格","type_confidence":0.6,"price_raw":null,"price_value":null,"capacity_total":1,"available_total":0,"occupied_total":1,"status_label":"已停","data_time":"2026-05-02 15:53:29+08:00","city_label":"新北市","facility_kind_label":"路邊車格","available_rate":0,"occupancy_rate":1,"price_tier":"unknown","price_tier_label":"價格未知"}},{"type":"Feature","geometry":{"type":"Point","coordinates":[121.511395,25.015864]},"properties":{"supply_id":"new_taipei-onstreet-94197","city":"new_taipei","district":"永和區","display_name":"文化路 車格 94197","address":"文化路","facility_kind":"onstreet","symbol_text":null,"type_reference":"路邊停車格","type_confidence":0.6,"price_raw":null,"price_value":null,"capacity_total":1,"available_total":1,"occupied_total":0,"status_label":"空位","data_time":"2026-05-02 15:53:29+08:00","city_label":"新北市","facility_kind_label":"路邊車格","available_rate":1,"occupancy_rate":0,"price_tier":"unknown","price_tier_label":"價格未知"}},{"type":"Feature","geometry":{"type":"Point","coordinates":[121.519287,25.004552]},"properties":{"supply_id":"new_taipei-onstreet-27025","city":"new_taipei","district":"永和區","display_name":"永貞路 車格 27025","address":"永貞路","facility_kind":"onstreet","symbol_text":null,"type_reference":"路邊停車格","type_confidence":0.6,"price_raw":null,"price_value":null,"capacity_total":1,"available_total":0,"occupied_total":1,"status_label":"已停","data_time":"2026-05-02 15:53:29+08:00","city_label":"新北市","facility_kind_label":"路邊車格","available_rate":0,"occupancy_rate":1,"price_tier":"unknown","price_tier_label":"價格未知"}},{"type":"Feature","geometry":{"type":"Point","coordinates":[121.514966,25.002424]},"properties":{"supply_id":"new_taipei-onstreet-4168","city":"new_taipei","district":"永和區","display_name":"安樂路 車格 4168","address":"安樂路","facility_kind":"onstreet","symbol_text":null,"type_reference":"路邊停車格","type_confidence":0.6,"price_raw":null,"price_value":null,"capacity_total":1,"available_total":1,"occupied_total":0,"status_label":"空位","data_time":"2026-05-02 15:53:29+08:00","city_label":"新北市","facility_kind_label":"路邊車格","available_rate":1,"occupancy_rate":0,"price_tier":"unknown","price_tier_label":"價格未知"}},{"type":"Feature","geometry":{"type":"Point","coordinates":[121.511474,25.015814]},"properties":{"supply_id":"new_taipei-onstreet-95743","city":"new_taipei","district":"永和區","display_name":"文化路 車格 95743","address":"文化路","facility_kind":"onstreet","symbol_text":null,"type_reference":"路邊停車格","type_confidence":0.6,"price_raw":null,"price_value":null,"capacity_total":1,"available_total":0,"occupied_total":1,"status_label":"已停","data_time":"2026-05-02 15:53:29+08:00","city_label":"新北市","facility_kind_label":"路邊車格","available_rate":0,"occupancy_rate":1,"price_tier":"unknown","price_tier_label":"價格未知"}},{"type":"Feature","geometry":{"type":"Point","coordinates":[121.509993,25.013737]},"properties":{"supply_id":"new_taipei-onstreet-93541","city":"new_taipei","district":"永和區","display_name":"保福路二段 車格 93541","address":"保福路二段","facility_kind":"onstreet","symbol_text":null,"type_reference":"路邊停車格","type_confidence":0.6,"price_raw":null,"price_value":null,"capacity_total":1,"available_total":1,"occupied_total":0,"status_label":"空位","data_time":"2026-05-02 15:53:29+08:00","city_label":"新北市","facility_kind_label":"路邊車格","available_rate":1,"occupancy_rate":0,"price_tier":"unknown","price_tier_label":"價格未知"}},{"type":"Feature","geometry":{"type":"Point","coordinates":[121.518857,25.008275]},"properties":{"supply_id":"new_taipei-onstreet-83345","city":"new_taipei","district":"永和區","display_name":"國光路 車格 83345","address":"國光路","facility_kind":"onstreet","symbol_text":null,"type_reference":"路邊停車格","type_confidence":0.6,"price_raw":null,"price_value":null,"capacity_total":1,"available_total":1,"occupied_total":0,"status_label":"空位","data_time":"2026-05-02 15:53:29+08:00","city_label":"新北市","facility_kind_label":"路邊車格","available_rate":1,"occupancy_rate":0,"price_tier":"unknown","price_tier_label":"價格未知"}},{"type":"Feature","geometry":{"type":"Point","coordinates":[121.515516,25.007293]},"properties":{"supply_id":"new_taipei-onstreet-83474","city":"new_taipei","district":"永和區","display_name":"福和路 車格 83474","address":"福和路","facility_kind":"onstreet","symbol_text":null,"type_reference":"路邊停車格","type_confidence":0.6,"price_raw":null,"price_value":null,"capacity_total":1,"available_total":1,"occupied_total":0,"status_label":"空位","data_time":"2026-05-02 15:53:29+08:00","city_label":"新北市","facility_kind_label":"路邊車格","available_rate":1,"occupancy_rate":0,"price_tier":"unknown","price_tier_label":"價格未知"}},{"type":"Feature","geometry":{"type":"Point","coordinates":[121.516262,25.011738]},"properties":{"supply_id":"new_taipei-onstreet-83616","city":"new_taipei","district":"永和區","display_name":"中興街 車格 83616","address":"中興街","facility_kind":"onstreet","symbol_text":null,"type_reference":"路邊停車格","type_confidence":0.6,"price_raw":null,"price_value":null,"capacity_total":1,"available_total":1,"occupied_total":0,"status_label":"空位","data_time":"2026-05-02 15:53:29+08:00","city_label":"新北市","facility_kind_label":"路邊車格","available_rate":1,"occupancy_rate":0,"price_tier":"unknown","price_tier_label":"價格未知"}},{"type":"Feature","geometry":{"type":"Point","coordinates":[121.51098,25.01296]},"properties":{"supply_id":"new_taipei-onstreet-95884","city":"new_taipei","district":"永和區","display_name":"仁愛路 車格 95884","address":"仁愛路","facility_kind":"onstreet","symbol_text":null,"type_reference":"路邊停車格","type_confidence":0.6,"price_raw":null,"price_value":null,"capacity_total":1,"available_total":0,"occupied_total":1,"status_label":"已停","data_time":"2026-05-02 15:53:29+08:00","city_label":"新北市","facility_kind_label":"路邊車格","available_rate":0,"occupancy_rate":1,"price_tier":"unknown","price_tier_label":"價格未知"}},{"type":"Feature","geometry":{"type":"Point","coordinates":[121.52293,25.002609]},"properties":{"supply_id":"new_taipei-onstreet-17810","city":"new_taipei","district":"永和區","display_name":"永利路 車格 17810","address":"永利路","facility_kind":"onstreet","symbol_text":null,"type_reference":"路邊停車格","type_confidence":0.6,"price_raw":null,"price_value":null,"capacity_total":1,"available_total":1,"occupied_total":0,"status_label":"空位","data_time":"2026-05-02 15:53:29+08:00","city_label":"新北市","facility_kind_label":"路邊車格","available_rate":1,"occupancy_rate":0,"price_tier":"unknown","price_tier_label":"價格未知"}},{"type":"Feature","geometry":{"type":"Point","coordinates":[121.512271,25.014493]},"properties":{"supply_id":"new_taipei-onstreet-83578","city":"new_taipei","district":"永和區","display_name":"信義路 車格 83578","address":"信義路","facility_kind":"onstreet","symbol_text":null,"type_reference":"路邊停車格","type_confidence":0.6,"price_raw":null,"price_value":null,"capacity_total":1,"available_total":1,"occupied_total":0,"status_label":"空位","data_time":"2026-05-02 15:53:29+08:00","city_label":"新北市","facility_kind_label":"路邊車格","available_rate":1,"occupancy_rate":0,"price_tier":"unknown","price_tier_label":"價格未知"}},{"type":"Feature","geometry":{"type":"Point","coordinates":[121.510052,25.013679]},"properties":{"supply_id":"new_taipei-onstreet-93581","city":"new_taipei","district":"永和區","display_name":"保福路二段 車格 93581","address":"保福路二段","facility_kind":"onstreet","symbol_text":null,"type_reference":"路邊停車格","type_confidence":0.6,"price_raw":null,"price_value":null,"capacity_total":1,"available_total":0,"occupied_total":1,"status_label":"已停","data_time":"2026-05-02 15:53:29+08:00","city_label":"新北市","facility_kind_label":"路邊車格","available_rate":0,"occupancy_rate":1,"price_tier":"unknown","price_tier_label":"價格未知"}},{"type":"Feature","geometry":{"type":"Point","coordinates":[121.511077,25.012979]},"properties":{"supply_id":"new_taipei-onstreet-83376","city":"new_taipei","district":"永和區","display_name":"仁愛路 車格 83376","address":"仁愛路","facility_kind":"onstreet","symbol_text":null,"type_reference":"路邊停車格","type_confidence":0.6,"price_raw":null,"price_value":null,"capacity_total":1,"available_total":1,"occupied_total":0,"status_label":"空位","data_time":"2026-05-02 15:53:29+08:00","city_label":"新北市","facility_kind_label":"路邊車格","available_rate":1,"occupancy_rate":0,"price_tier":"unknown","price_tier_label":"價格未知"}},{"type":"Feature","geometry":{"type":"Point","coordinates":[121.509165,25.005412]},"properties":{"supply_id":"new_taipei-onstreet-94302","city":"new_taipei","district":"永和區","display_name":"保平路 車格 94302","address":"保平路","facility_kind":"onstreet","symbol_text":null,"type_reference":"路邊停車格","type_confidence":0.6,"price_raw":null,"price_value":null,"capacity_total":1,"available_total":1,"occupied_total":0,"status_label":"空位","data_time":"2026-05-02 15:53:29+08:00","city_label":"新北市","facility_kind_label":"路邊車格","available_rate":1,"occupancy_rate":0,"price_tier":"unknown","price_tier_label":"價格未知"}},{"type":"Feature","geometry":{"type":"Point","coordinates":[121.511557,25.015759]},"properties":{"supply_id":"new_taipei-onstreet-37982","city":"new_taipei","district":"永和區","display_name":"文化路 車格 37982","address":"文化路","facility_kind":"onstreet","symbol_text":null,"type_reference":"路邊停車格","type_confidence":0.6,"price_raw":null,"price_value":null,"capacity_total":1,"available_total":0,"occupied_total":1,"status_label":"已停","data_time":"2026-05-02 15:53:29+08:00","city_label":"新北市","facility_kind_label":"路邊車格","available_rate":0,"occupancy_rate":1,"price_tier":"unknown","price_tier_label":"價格未知"}},{"type":"Feature","geometry":{"type":"Point","coordinates":[121.514945,25.002508]},"properties":{"supply_id":"new_taipei-onstreet-94480","city":"new_taipei","district":"永和區","display_name":"安樂路 車格 94480","address":"安樂路","facility_kind":"onstreet","symbol_text":null,"type_reference":"路邊停車格","type_confidence":0.6,"price_raw":null,"price_value":null,"capacity_total":1,"available_total":1,"occupied_total":0,"status_label":"空位","data_time":"2026-05-02 15:53:29+08:00","city_label":"新北市","facility_kind_label":"路邊車格","available_rate":1,"occupancy_rate":0,"price_tier":"unknown","price_tier_label":"價格未知"}},{"type":"Feature","geometry":{"type":"Point","coordinates":[121.50861,25.014855]},"properties":{"supply_id":"new_taipei-onstreet-38095","city":"new_taipei","district":"永和區","display_name":"保安路 車格 38095","address":"保安路","facility_kind":"onstreet","symbol_text":null,"type_reference":"路邊停車格","type_confidence":0.6,"price_raw":null,"price_value":null,"capacity_total":1,"available_total":1,"occupied_total":0,"status_label":"空位","data_time":"2026-05-02 15:53:29+08:00","city_label":"新北市","facility_kind_label":"路邊車格","available_rate":1,"occupancy_rate":0,"price_tier":"unknown","price_tier_label":"價格未知"}},{"type":"Feature","geometry":{"type":"Point","coordinates":[121.509911,25.013843]},"properties":{"supply_id":"new_taipei-onstreet-47925","city":"new_taipei","district":"永和區","display_name":"保福路二段 車格 47925","address":"保福路二段","facility_kind":"onstreet","symbol_text":null,"type_reference":"路邊停車格","type_confidence":0.6,"price_raw":null,"price_value":null,"capacity_total":1,"available_total":0,"occupied_total":1,"status_label":"已停","data_time":"2026-05-02 15:53:29+08:00","city_label":"新北市","facility_kind_label":"路邊車格","available_rate":0,"occupancy_rate":1,"price_tier":"unknown","price_tier_label":"價格未知"}},{"type":"Feature","geometry":{"type":"Point","coordinates":[121.525573,25.003965]},"properties":{"supply_id":"new_taipei-onstreet-90767","city":"new_taipei","district":"永和區","display_name":"永亨路 車格 90767","address":"永亨路","facility_kind":"onstreet","symbol_text":null,"type_reference":"路邊停車格","type_confidence":0.6,"price_raw":null,"price_value":null,"capacity_total":1,"available_total":0,"occupied_total":1,"status_label":"已停","data_time":"2026-05-02 15:53:29+08:00","city_label":"新北市","facility_kind_label":"路邊車格","available_rate":0,"occupancy_rate":1,"price_tier":"unknown","price_tier_label":"價格未知"}},{"type":"Feature","geometry":{"type":"Point","coordinates":[121.512276,25.014645]},"properties":{"supply_id":"new_taipei-onstreet-83587","city":"new_taipei","district":"永和區","display_name":"信義路 車格 83587","address":"信義路","facility_kind":"onstreet","symbol_text":null,"type_reference":"路邊停車格","type_confidence":0.6,"price_raw":null,"price_value":null,"capacity_total":1,"available_total":1,"occupied_total":0,"status_label":"空位","data_time":"2026-05-02 15:53:29+08:00","city_label":"新北市","facility_kind_label":"路邊車格","available_rate":1,"occupancy_rate":0,"price_tier":"unknown","price_tier_label":"價格未知"}},{"type":"Feature","geometry":{"type":"Point","coordinates":[121.516394,25.011699]},"properties":{"supply_id":"new_taipei-onstreet-83612","city":"new_taipei","district":"永和區","display_name":"中興街 車格 83612","address":"中興街","facility_kind":"onstreet","symbol_text":null,"type_reference":"路邊停車格","type_confidence":0.6,"price_raw":null,"price_value":null,"capacity_total":1,"available_total":1,"occupied_total":0,"status_label":"空位","data_time":"2026-05-02 15:53:29+08:00","city_label":"新北市","facility_kind_label":"路邊車格","available_rate":1,"occupancy_rate":0,"price_tier":"unknown","price_tier_label":"價格未知"}},{"type":"Feature","geometry":{"type":"Point","coordinates":[121.518445,25.008861]},"properties":{"supply_id":"new_taipei-onstreet-27854","city":"new_taipei","district":"永和區","display_name":"國光路 車格 27854","address":"國光路","facility_kind":"onstreet","symbol_text":null,"type_reference":"路邊停車格","type_confidence":0.6,"price_raw":null,"price_value":null,"capacity_total":1,"available_total":1,"occupied_total":0,"status_label":"空位","data_time":"2026-05-02 15:53:29+08:00","city_label":"新北市","facility_kind_label":"路邊車格","available_rate":1,"occupancy_rate":0,"price_tier":"unknown","price_tier_label":"價格未知"}},{"type":"Feature","geometry":{"type":"Point","coordinates":[121.515439,25.007285]},"properties":{"supply_id":"new_taipei-onstreet-83475","city":"new_taipei","district":"永和區","display_name":"福和路 車格 83475","address":"福和路","facility_kind":"onstreet","symbol_text":null,"type_reference":"路邊停車格","type_confidence":0.6,"price_raw":null,"price_value":null,"capacity_total":1,"available_total":1,"occupied_total":0,"status_label":"空位","data_time":"2026-05-02 15:53:29+08:00","city_label":"新北市","facility_kind_label":"路邊車格","available_rate":1,"occupancy_rate":0,"price_tier":"unknown","price_tier_label":"價格未知"}},{"type":"Feature","geometry":{"type":"Point","coordinates":[121.514928,25.002574]},"properties":{"supply_id":"new_taipei-onstreet-94481","city":"new_taipei","district":"永和區","display_name":"安樂路 車格 94481","address":"安樂路","facility_kind":"onstreet","symbol_text":null,"type_reference":"路邊停車格","type_confidence":0.6,"price_raw":null,"price_value":null,"capacity_total":1,"available_total":1,"occupied_total":0,"status_label":"空位","data_time":"2026-05-02 15:53:29+08:00","city_label":"新北市","facility_kind_label":"路邊車格","available_rate":1,"occupancy_rate":0,"price_tier":"unknown","price_tier_label":"價格未知"}},{"type":"Feature","geometry":{"type":"Point","coordinates":[121.508174,25.014383]},"properties":{"supply_id":"new_taipei-onstreet-27892","city":"new_taipei","district":"永和區","display_name":"保安路 車格 27892","address":"保安路","facility_kind":"onstreet","symbol_text":null,"type_reference":"路邊停車格","type_confidence":0.6,"price_raw":null,"price_value":null,"capacity_total":1,"available_total":1,"occupied_total":0,"status_label":"空位","data_time":"2026-05-02 15:53:29+08:00","city_label":"新北市","facility_kind_label":"路邊車格","available_rate":1,"occupancy_rate":0,"price_tier":"unknown","price_tier_label":"價格未知"}},{"type":"Feature","geometry":{"type":"Point","coordinates":[121.509106,25.005363]},"properties":{"supply_id":"new_taipei-onstreet-83366","city":"new_taipei","district":"永和區","display_name":"保平路 車格 83366","address":"保平路","facility_kind":"onstreet","symbol_text":null,"type_reference":"路邊停車格","type_confidence":0.6,"price_raw":null,"price_value":null,"capacity_total":1,"available_total":1,"occupied_total":0,"status_label":"空位","data_time":"2026-05-02 15:53:29+08:00","city_label":"新北市","facility_kind_label":"路邊車格","available_rate":1,"occupancy_rate":0,"price_tier":"unknown","price_tier_label":"價格未知"}},{"type":"Feature","geometry":{"type":"Point","coordinates":[121.525515,25.003982]},"properties":{"supply_id":"new_taipei-onstreet-90768","city":"new_taipei","district":"永和區","display_name":"永亨路 車格 90768","address":"永亨路","facility_kind":"onstreet","symbol_text":null,"type_reference":"路邊停車格","type_confidence":0.6,"price_raw":null,"price_value":null,"capacity_total":1,"available_total":1,"occupied_total":0,"status_label":"空位","data_time":"2026-05-02 15:53:29+08:00","city_label":"新北市","facility_kind_label":"路邊車格","available_rate":1,"occupancy_rate":0,"price_tier":"unknown","price_tier_label":"價格未知"}},{"type":"Feature","geometry":{"type":"Point","coordinates":[121.525438,25.003996]},"properties":{"supply_id":"new_taipei-onstreet-76888","city":"new_taipei","district":"永和區","display_name":"永亨路 車格 76888","address":"永亨路","facility_kind":"onstreet","symbol_text":null,"type_reference":"路邊停車格","type_confidence":0.6,"price_raw":null,"price_value":null,"capacity_total":1,"available_total":1,"occupied_total":0,"status_label":"空位","data_time":"2026-05-02 15:53:29+08:00","city_label":"新北市","facility_kind_label":"路邊車格","available_rate":1,"occupancy_rate":0,"price_tier":"unknown","price_tier_label":"價格未知"}},{"type":"Feature","geometry":{"type":"Point","coordinates":[121.518306,25.009321]},"properties":{"supply_id":"new_taipei-onstreet-69311","city":"new_taipei","district":"永和區","display_name":"國光路 車格 69311","address":"國光路","facility_kind":"onstreet","symbol_text":null,"type_reference":"路邊停車格","type_confidence":0.6,"price_raw":null,"price_value":null,"capacity_total":1,"available_total":1,"occupied_total":0,"status_label":"空位","data_time":"2026-05-02 15:53:29+08:00","city_label":"新北市","facility_kind_label":"路邊車格","available_rate":1,"occupancy_rate":0,"price_tier":"unknown","price_tier_label":"價格未知"}},{"type":"Feature","geometry":{"type":"Point","coordinates":[121.519043,25.004532]},"properties":{"supply_id":"new_taipei-onstreet-151510","city":"new_taipei","district":"永和區","display_name":"永貞路 車格 151510","address":"永貞路","facility_kind":"onstreet","symbol_text":null,"type_reference":"路邊停車格","type_confidence":0.6,"price_raw":null,"price_value":null,"capacity_total":1,"available_total":0,"occupied_total":1,"status_label":"已停","data_time":"2026-05-02 15:53:29+08:00","city_label":"新北市","facility_kind_label":"路邊車格","available_rate":0,"occupancy_rate":1,"price_tier":"unknown","price_tier_label":"價格未知"}},{"type":"Feature","geometry":{"type":"Point","coordinates":[121.516548,25.011652]},"properties":{"supply_id":"new_taipei-onstreet-124320","city":"new_taipei","district":"永和區","display_name":"中興街 車格 124320","address":"中興街","facility_kind":"onstreet","symbol_text":null,"type_reference":"路邊停車格","type_confidence":0.6,"price_raw":null,"price_value":null,"capacity_total":1,"available_total":1,"occupied_total":0,"status_label":"空位","data_time":"2026-05-02 15:53:29+08:00","city_label":"新北市","facility_kind_label":"路邊車格","available_rate":1,"occupancy_rate":0,"price_tier":"unknown","price_tier_label":"價格未知"}},{"type":"Feature","geometry":{"type":"Point","coordinates":[121.511196,25.013004]},"properties":{"supply_id":"new_taipei-onstreet-83375","city":"new_taipei","district":"永和區","display_name":"仁愛路 車格 83375","address":"仁愛路","facility_kind":"onstreet","symbol_text":null,"type_reference":"路邊停車格","type_confidence":0.6,"price_raw":null,"price_value":null,"capacity_total":1,"available_total":1,"occupied_total":0,"status_label":"空位","data_time":"2026-05-02 15:53:29+08:00","city_label":"新北市","facility_kind_label":"路邊車格","available_rate":1,"occupancy_rate":0,"price_tier":"unknown","price_tier_label":"價格未知"}},{"type":"Feature","geometry":{"type":"Point","coordinates":[121.514903,25.002673]},"properties":{"supply_id":"new_taipei-onstreet-94482","city":"new_taipei","district":"永和區","display_name":"安樂路 車格 94482","address":"安樂路","facility_kind":"onstreet","symbol_text":null,"type_reference":"路邊停車格","type_confidence":0.6,"price_raw":null,"price_value":null,"capacity_total":1,"available_total":1,"occupied_total":0,"status_label":"空位","data_time":"2026-05-02 15:53:29+08:00","city_label":"新北市","facility_kind_label":"路邊車格","available_rate":1,"occupancy_rate":0,"price_tier":"unknown","price_tier_label":"價格未知"}},{"type":"Feature","geometry":{"type":"Point","coordinates":[121.508139,25.014342]},"properties":{"supply_id":"new_taipei-onstreet-47722","city":"new_taipei","district":"永和區","display_name":"保安路 車格 47722","address":"保安路","facility_kind":"onstreet","symbol_text":null,"type_reference":"路邊停車格","type_confidence":0.6,"price_raw":null,"price_value":null,"capacity_total":1,"available_total":1,"occupied_total":0,"status_label":"空位","data_time":"2026-05-02 15:53:29+08:00","city_label":"新北市","facility_kind_label":"路邊車格","available_rate":1,"occupancy_rate":0,"price_tier":"unknown","price_tier_label":"價格未知"}},{"type":"Feature","geometry":{"type":"Point","coordinates":[121.5166,25.011636]},"properties":{"supply_id":"new_taipei-onstreet-130925","city":"new_taipei","district":"永和區","display_name":"中興街 車格 130925","address":"中興街","facility_kind":"onstreet","symbol_text":null,"type_reference":"路邊停車格","type_confidence":0.6,"price_raw":null,"price_value":null,"capacity_total":1,"available_total":1,"occupied_total":0,"status_label":"空位","data_time":"2026-05-02 15:53:29+08:00","city_label":"新北市","facility_kind_label":"路邊車格","available_rate":1,"occupancy_rate":0,"price_tier":"unknown","price_tier_label":"價格未知"}},{"type":"Feature","geometry":{"type":"Point","coordinates":[121.508101,25.0143]},"properties":{"supply_id":"new_taipei-onstreet-47721","city":"new_taipei","district":"永和區","display_name":"保安路 車格 47721","address":"保安路","facility_kind":"onstreet","symbol_text":null,"type_reference":"路邊停車格","type_confidence":0.6,"price_raw":null,"price_value":null,"capacity_total":1,"available_total":1,"occupied_total":0,"status_label":"空位","data_time":"2026-05-02 15:53:29+08:00","city_label":"新北市","facility_kind_label":"路邊車格","available_rate":1,"occupancy_rate":0,"price_tier":"unknown","price_tier_label":"價格未知"}},{"type":"Feature","geometry":{"type":"Point","coordinates":[121.509782,25.014101]},"properties":{"supply_id":"new_taipei-onstreet-95968","city":"new_taipei","district":"永和區","display_name":"保福路二段 車格 95968","address":"保福路二段","facility_kind":"onstreet","symbol_text":null,"type_reference":"路邊停車格","type_confidence":0.6,"price_raw":null,"price_value":null,"capacity_total":1,"available_total":1,"occupied_total":0,"status_label":"空位","data_time":"2026-05-02 15:53:29+08:00","city_label":"新北市","facility_kind_label":"路邊車格","available_rate":1,"occupancy_rate":0,"price_tier":"unknown","price_tier_label":"價格未知"}},{"type":"Feature","geometry":{"type":"Point","coordinates":[121.512288,25.014821]},"properties":{"supply_id":"new_taipei-onstreet-83569","city":"new_taipei","district":"永和區","display_name":"信義路 車格 83569","address":"信義路","facility_kind":"onstreet","symbol_text":null,"type_reference":"路邊停車格","type_confidence":0.6,"price_raw":null,"price_value":null,"capacity_total":1,"available_total":1,"occupied_total":0,"status_label":"空位","data_time":"2026-05-02 15:53:29+08:00","city_label":"新北市","facility_kind_label":"路邊車格","available_rate":1,"occupancy_rate":0,"price_tier":"unknown","price_tier_label":"價格未知"}},{"type":"Feature","geometry":{"type":"Point","coordinates":[121.516479,25.011673]},"properties":{"supply_id":"new_taipei-onstreet-92024","city":"new_taipei","district":"永和區","display_name":"中興街 車格 92024","address":"中興街","facility_kind":"onstreet","symbol_text":null,"type_reference":"路邊停車格","type_confidence":0.6,"price_raw":null,"price_value":null,"capacity_total":1,"available_total":0,"occupied_total":1,"status_label":"已停","data_time":"2026-05-02 15:53:29+08:00","city_label":"新北市","facility_kind_label":"路邊車格","available_rate":0,"occupancy_rate":1,"price_tier":"unknown","price_tier_label":"價格未知"}},{"type":"Feature","geometry":{"type":"Point","coordinates":[121.509877,25.013904]},"properties":{"supply_id":"new_taipei-onstreet-47926","city":"new_taipei","district":"永和區","display_name":"保福路二段 車格 47926","address":"保福路二段","facility_kind":"onstreet","symbol_text":null,"type_reference":"路邊停車格","type_confidence":0.6,"price_raw":null,"price_value":null,"capacity_total":1,"available_total":0,"occupied_total":1,"status_label":"已停","data_time":"2026-05-02 15:53:29+08:00","city_label":"新北市","facility_kind_label":"路邊車格","available_rate":0,"occupancy_rate":1,"price_tier":"unknown","price_tier_label":"價格未知"}},{"type":"Feature","geometry":{"type":"Point","coordinates":[121.512279,25.014717]},"properties":{"supply_id":"new_taipei-onstreet-94180","city":"new_taipei","district":"永和區","display_name":"信義路 車格 94180","address":"信義路","facility_kind":"onstreet","symbol_text":null,"type_reference":"路邊停車格","type_confidence":0.6,"price_raw":null,"price_value":null,"capacity_total":1,"available_total":1,"occupied_total":0,"status_label":"空位","data_time":"2026-05-02 15:53:29+08:00","city_label":"新北市","facility_kind_label":"路邊車格","available_rate":1,"occupancy_rate":0,"price_tier":"unknown","price_tier_label":"價格未知"}},{"type":"Feature","geometry":{"type":"Point","coordinates":[121.516679,25.011613]},"properties":{"supply_id":"new_taipei-onstreet-65393","city":"new_taipei","district":"永和區","display_name":"中興街 車格 65393","address":"中興街","facility_kind":"onstreet","symbol_text":null,"type_reference":"路邊停車格","type_confidence":0.6,"price_raw":null,"price_value":null,"capacity_total":1,"available_total":1,"occupied_total":0,"status_label":"空位","data_time":"2026-05-02 15:53:29+08:00","city_label":"新北市","facility_kind_label":"路邊車格","available_rate":1,"occupancy_rate":0,"price_tier":"unknown","price_tier_label":"價格未知"}},{"type":"Feature","geometry":{"type":"Point","coordinates":[121.512297,25.014893]},"properties":{"supply_id":"new_taipei-onstreet-94179","city":"new_taipei","district":"永和區","display_name":"信義路 車格 94179","address":"信義路","facility_kind":"onstreet","symbol_text":null,"type_reference":"路邊停車格","type_confidence":0.6,"price_raw":null,"price_value":null,"capacity_total":1,"available_total":1,"occupied_total":0,"status_label":"空位","data_time":"2026-05-02 15:53:29+08:00","city_label":"新北市","facility_kind_label":"路邊車格","available_rate":1,"occupancy_rate":0,"price_tier":"unknown","price_tier_label":"價格未知"}},{"type":"Feature","geometry":{"type":"Point","coordinates":[121.5252,25.004014]},"properties":{"supply_id":"new_taipei-onstreet-90770","city":"new_taipei","district":"永和區","display_name":"永亨路 車格 90770","address":"永亨路","facility_kind":"onstreet","symbol_text":null,"type_reference":"路邊停車格","type_confidence":0.6,"price_raw":null,"price_value":null,"capacity_total":1,"available_total":0,"occupied_total":1,"status_label":"已停","data_time":"2026-05-02 15:53:29+08:00","city_label":"新北市","facility_kind_label":"路邊車格","available_rate":0,"occupancy_rate":1,"price_tier":"unknown","price_tier_label":"價格未知"}},{"type":"Feature","geometry":{"type":"Point","coordinates":[121.518281,25.009418]},"properties":{"supply_id":"new_taipei-onstreet-84239","city":"new_taipei","district":"永和區","display_name":"國光路 車格 84239","address":"國光路","facility_kind":"onstreet","symbol_text":null,"type_reference":"路邊停車格","type_confidence":0.6,"price_raw":null,"price_value":null,"capacity_total":1,"available_total":1,"occupied_total":0,"status_label":"空位","data_time":"2026-05-02 15:53:29+08:00","city_label":"新北市","facility_kind_label":"路邊車格","available_rate":1,"occupancy_rate":0,"price_tier":"unknown","price_tier_label":"價格未知"}},{"type":"Feature","geometry":{"type":"Point","coordinates":[121.511365,25.013037]},"properties":{"supply_id":"new_taipei-onstreet-91396","city":"new_taipei","district":"永和區","display_name":"仁愛路 車格 91396","address":"仁愛路","facility_kind":"onstreet","symbol_text":null,"type_reference":"路邊停車格","type_confidence":0.6,"price_raw":null,"price_value":null,"capacity_total":1,"available_total":1,"occupied_total":0,"status_label":"空位","data_time":"2026-05-02 15:53:29+08:00","city_label":"新北市","facility_kind_label":"路邊車格","available_rate":1,"occupancy_rate":0,"price_tier":"unknown","price_tier_label":"價格未知"}},{"type":"Feature","geometry":{"type":"Point","coordinates":[121.512307,25.014961]},"properties":{"supply_id":"new_taipei-onstreet-47317","city":"new_taipei","district":"永和區","display_name":"信義路 車格 47317","address":"信義路","facility_kind":"onstreet","symbol_text":null,"type_reference":"路邊停車格","type_confidence":0.6,"price_raw":null,"price_value":null,"capacity_total":1,"available_total":1,"occupied_total":0,"status_label":"空位","data_time":"2026-05-02 15:53:29+08:00","city_label":"新北市","facility_kind_label":"路邊車格","available_rate":1,"occupancy_rate":0,"price_tier":"unknown","price_tier_label":"價格未知"}},{"type":"Feature","geometry":{"type":"Point","coordinates":[121.518294,25.00937]},"properties":{"supply_id":"new_taipei-onstreet-69326","city":"new_taipei","district":"永和區","display_name":"國光路 車格 69326","address":"國光路","facility_kind":"onstreet","symbol_text":null,"type_reference":"路邊停車格","type_confidence":0.6,"price_raw":null,"price_value":null,"capacity_total":1,"available_total":1,"occupied_total":0,"status_label":"空位","data_time":"2026-05-02 15:53:29+08:00","city_label":"新北市","facility_kind_label":"路邊車格","available_rate":1,"occupancy_rate":0,"price_tier":"unknown","price_tier_label":"價格未知"}},{"type":"Feature","geometry":{"type":"Point","coordinates":[121.518952,25.004524]},"properties":{"supply_id":"new_taipei-onstreet-154354","city":"new_taipei","district":"永和區","display_name":"永貞路 車格 154354","address":"永貞路","facility_kind":"onstreet","symbol_text":null,"type_reference":"路邊停車格","type_confidence":0.6,"price_raw":null,"price_value":null,"capacity_total":1,"available_total":0,"occupied_total":1,"status_label":"已停","data_time":"2026-05-02 15:53:29+08:00","city_label":"新北市","facility_kind_label":"路邊車格","available_rate":0,"occupancy_rate":1,"price_tier":"unknown","price_tier_label":"價格未知"}},{"type":"Feature","geometry":{"type":"Point","coordinates":[121.516947,25.011611]},"properties":{"supply_id":"new_taipei-onstreet-83592","city":"new_taipei","district":"永和區","display_name":"中興街 車格 83592","address":"中興街","facility_kind":"onstreet","symbol_text":null,"type_reference":"路邊停車格","type_confidence":0.6,"price_raw":null,"price_value":null,"capacity_total":1,"available_total":1,"occupied_total":0,"status_label":"空位","data_time":"2026-05-02 15:53:29+08:00","city_label":"新北市","facility_kind_label":"路邊車格","available_rate":1,"occupancy_rate":0,"price_tier":"unknown","price_tier_label":"價格未知"}},{"type":"Feature","geometry":{"type":"Point","coordinates":[121.525147,25.004019]},"properties":{"supply_id":"new_taipei-onstreet-67038","city":"new_taipei","district":"永和區","display_name":"永亨路 車格 67038","address":"永亨路","facility_kind":"onstreet","symbol_text":null,"type_reference":"路邊停車格","type_confidence":0.6,"price_raw":null,"price_value":null,"capacity_total":1,"available_total":0,"occupied_total":1,"status_label":"已停","data_time":"2026-05-02 15:53:29+08:00","city_label":"新北市","facility_kind_label":"路邊車格","available_rate":0,"occupancy_rate":1,"price_tier":"unknown","price_tier_label":"價格未知"}},{"type":"Feature","geometry":{"type":"Point","coordinates":[121.523552,25.002539]},"properties":{"supply_id":"new_taipei-onstreet-71457","city":"new_taipei","district":"永和區","display_name":"永利路 車格 71457","address":"永利路","facility_kind":"onstreet","symbol_text":null,"type_reference":"路邊停車格","type_confidence":0.6,"price_raw":null,"price_value":null,"capacity_total":1,"available_total":0,"occupied_total":1,"status_label":"已停","data_time":"2026-05-02 15:53:29+08:00","city_label":"新北市","facility_kind_label":"路邊車格","available_rate":0,"occupancy_rate":1,"price_tier":"unknown","price_tier_label":"價格未知"}},{"type":"Feature","geometry":{"type":"Point","coordinates":[121.517027,25.011639]},"properties":{"supply_id":"new_taipei-onstreet-83598","city":"new_taipei","district":"永和區","display_name":"中興街 車格 83598","address":"中興街","facility_kind":"onstreet","symbol_text":null,"type_reference":"路邊停車格","type_confidence":0.6,"price_raw":null,"price_value":null,"capacity_total":1,"available_total":1,"occupied_total":0,"status_label":"空位","data_time":"2026-05-02 15:53:29+08:00","city_label":"新北市","facility_kind_label":"路邊車格","available_rate":1,"occupancy_rate":0,"price_tier":"unknown","price_tier_label":"價格未知"}},{"type":"Feature","geometry":{"type":"Point","coordinates":[121.512319,25.015026]},"properties":{"supply_id":"new_taipei-onstreet-83577","city":"new_taipei","district":"永和區","display_name":"信義路 車格 83577","address":"信義路","facility_kind":"onstreet","symbol_text":null,"type_reference":"路邊停車格","type_confidence":0.6,"price_raw":null,"price_value":null,"capacity_total":1,"available_total":1,"occupied_total":0,"status_label":"空位","data_time":"2026-05-02 15:53:29+08:00","city_label":"新北市","facility_kind_label":"路邊車格","available_rate":1,"occupancy_rate":0,"price_tier":"unknown","price_tier_label":"價格未知"}},{"type":"Feature","geometry":{"type":"Point","coordinates":[121.525066,25.004026]},"properties":{"supply_id":"new_taipei-onstreet-90769","city":"new_taipei","district":"永和區","display_name":"永亨路 車格 90769","address":"永亨路","facility_kind":"onstreet","symbol_text":null,"type_reference":"路邊停車格","type_confidence":0.6,"price_raw":null,"price_value":null,"capacity_total":1,"available_total":0,"occupied_total":1,"status_label":"已停","data_time":"2026-05-02 15:53:29+08:00","city_label":"新北市","facility_kind_label":"路邊車格","available_rate":0,"occupancy_rate":1,"price_tier":"unknown","price_tier_label":"價格未知"}},{"type":"Feature","geometry":{"type":"Point","coordinates":[121.523642,25.002532]},"properties":{"supply_id":"new_taipei-onstreet-62753","city":"new_taipei","district":"永和區","display_name":"永利路 車格 62753","address":"永利路","facility_kind":"onstreet","symbol_text":null,"type_reference":"路邊停車格","type_confidence":0.6,"price_raw":null,"price_value":null,"capacity_total":1,"available_total":1,"occupied_total":0,"status_label":"空位","data_time":"2026-05-02 15:53:29+08:00","city_label":"新北市","facility_kind_label":"路邊車格","available_rate":1,"occupancy_rate":0,"price_tier":"unknown","price_tier_label":"價格未知"}},{"type":"Feature","geometry":{"type":"Point","coordinates":[121.507945,25.014121]},"properties":{"supply_id":"new_taipei-onstreet-47720","city":"new_taipei","district":"永和區","display_name":"保安路 車格 47720","address":"保安路","facility_kind":"onstreet","symbol_text":null,"type_reference":"路邊停車格","type_confidence":0.6,"price_raw":null,"price_value":null,"capacity_total":1,"available_total":1,"occupied_total":0,"status_label":"空位","data_time":"2026-05-02 15:53:29+08:00","city_label":"新北市","facility_kind_label":"路邊車格","available_rate":1,"occupancy_rate":0,"price_tier":"unknown","price_tier_label":"價格未知"}},{"type":"Feature","geometry":{"type":"Point","coordinates":[121.511312,25.013026]},"properties":{"supply_id":"new_taipei-onstreet-62930","city":"new_taipei","district":"永和區","display_name":"仁愛路 車格 62930","address":"仁愛路","facility_kind":"onstreet","symbol_text":null,"type_reference":"路邊停車格","type_confidence":0.6,"price_raw":null,"price_value":null,"capacity_total":1,"available_total":1,"occupied_total":0,"status_label":"空位","data_time":"2026-05-02 15:53:29+08:00","city_label":"新北市","facility_kind_label":"路邊車格","available_rate":1,"occupancy_rate":0,"price_tier":"unknown","price_tier_label":"價格未知"}},{"type":"Feature","geometry":{"type":"Point","coordinates":[121.518255,25.009515]},"properties":{"supply_id":"new_taipei-onstreet-40029","city":"new_taipei","district":"永和區","display_name":"國光路 車格 40029","address":"國光路","facility_kind":"onstreet","symbol_text":null,"type_reference":"路邊停車格","type_confidence":0.6,"price_raw":null,"price_value":null,"capacity_total":1,"available_total":1,"occupied_total":0,"status_label":"空位","data_time":"2026-05-02 15:53:29+08:00","city_label":"新北市","facility_kind_label":"路邊車格","available_rate":1,"occupancy_rate":0,"price_tier":"unknown","price_tier_label":"價格未知"}},{"type":"Feature","geometry":{"type":"Point","coordinates":[121.518242,25.009563]},"properties":{"supply_id":"new_taipei-onstreet-40030","city":"new_taipei","district":"永和區","display_name":"國光路 車格 40030","address":"國光路","facility_kind":"onstreet","symbol_text":null,"type_reference":"路邊停車格","type_confidence":0.6,"price_raw":null,"price_value":null,"capacity_total":1,"available_total":1,"occupied_total":0,"status_label":"空位","data_time":"2026-05-02 15:53:29+08:00","city_label":"新北市","facility_kind_label":"路邊車格","available_rate":1,"occupancy_rate":0,"price_tier":"unknown","price_tier_label":"價格未知"}},{"type":"Feature","geometry":{"type":"Point","coordinates":[121.507772,25.013933]},"properties":{"supply_id":"new_taipei-onstreet-4671","city":"new_taipei","district":"永和區","display_name":"保安路 車格 4671","address":"保安路","facility_kind":"onstreet","symbol_text":null,"type_reference":"路邊停車格","type_confidence":0.6,"price_raw":null,"price_value":null,"capacity_total":1,"available_total":1,"occupied_total":0,"status_label":"空位","data_time":"2026-05-02 15:53:29+08:00","city_label":"新北市","facility_kind_label":"路邊車格","available_rate":1,"occupancy_rate":0,"price_tier":"unknown","price_tier_label":"價格未知"}},{"type":"Feature","geometry":{"type":"Point","coordinates":[121.508629,25.004959]},"properties":{"supply_id":"new_taipei-onstreet-94297","city":"new_taipei","district":"永和區","display_name":"保平路 車格 94297","address":"保平路","facility_kind":"onstreet","symbol_text":null,"type_reference":"路邊停車格","type_confidence":0.6,"price_raw":null,"price_value":null,"capacity_total":1,"available_total":1,"occupied_total":0,"status_label":"空位","data_time":"2026-05-02 15:53:29+08:00","city_label":"新北市","facility_kind_label":"路邊車格","available_rate":1,"occupancy_rate":0,"price_tier":"unknown","price_tier_label":"價格未知"}},{"type":"Feature","geometry":{"type":"Point","coordinates":[121.514811,25.003035]},"properties":{"supply_id":"new_taipei-onstreet-24849","city":"new_taipei","district":"永和區","display_name":"安樂路 車格 24849","address":"安樂路","facility_kind":"onstreet","symbol_text":null,"type_reference":"路邊停車格","type_confidence":0.6,"price_raw":null,"price_value":null,"capacity_total":1,"available_total":1,"occupied_total":0,"status_label":"空位","data_time":"2026-05-02 15:53:29+08:00","city_label":"新北市","facility_kind_label":"路邊車格","available_rate":1,"occupancy_rate":0,"price_tier":"unknown","price_tier_label":"價格未知"}},{"type":"Feature","geometry":{"type":"Point","coordinates":[121.507831,25.013996]},"properties":{"supply_id":"new_taipei-onstreet-47719","city":"new_taipei","district":"永和區","display_name":"保安路 車格 47719","address":"保安路","facility_kind":"onstreet","symbol_text":null,"type_reference":"路邊停車格","type_confidence":0.6,"price_raw":null,"price_value":null,"capacity_total":1,"available_total":1,"occupied_total":0,"status_label":"空位","data_time":"2026-05-02 15:53:29+08:00","city_label":"新北市","facility_kind_label":"路邊車格","available_rate":1,"occupancy_rate":0,"price_tier":"unknown","price_tier_label":"價格未知"}},{"type":"Feature","geometry":{"type":"Point","coordinates":[121.509652,25.014371]},"properties":{"supply_id":"new_taipei-onstreet-93591","city":"new_taipei","district":"永和區","display_name":"保福路二段 車格 93591","address":"保福路二段","facility_kind":"onstreet","symbol_text":null,"type_reference":"路邊停車格","type_confidence":0.6,"price_raw":null,"price_value":null,"capacity_total":1,"available_total":0,"occupied_total":1,"status_label":"已停","data_time":"2026-05-02 15:53:29+08:00","city_label":"新北市","facility_kind_label":"路邊車格","available_rate":0,"occupancy_rate":1,"price_tier":"unknown","price_tier_label":"價格未知"}},{"type":"Feature","geometry":{"type":"Point","coordinates":[121.524754,25.004064]},"properties":{"supply_id":"new_taipei-onstreet-147303","city":"new_taipei","district":"永和區","display_name":"永亨路 車格 147303","address":"永亨路","facility_kind":"onstreet","symbol_text":null,"type_reference":"路邊停車格","type_confidence":0.6,"price_raw":null,"price_value":null,"capacity_total":1,"available_total":1,"occupied_total":0,"status_label":"空位","data_time":"2026-05-02 15:53:29+08:00","city_label":"新北市","facility_kind_label":"路邊車格","available_rate":1,"occupancy_rate":0,"price_tier":"unknown","price_tier_label":"價格未知"}},{"type":"Feature","geometry":{"type":"Point","coordinates":[121.523729,25.002526]},"properties":{"supply_id":"new_taipei-onstreet-62754","city":"new_taipei","district":"永和區","display_name":"永利路 車格 62754","address":"永利路","facility_kind":"onstreet","symbol_text":null,"type_reference":"路邊停車格","type_confidence":0.6,"price_raw":null,"price_value":null,"capacity_total":1,"available_total":0,"occupied_total":1,"status_label":"已停","data_time":"2026-05-02 15:53:29+08:00","city_label":"新北市","facility_kind_label":"路邊車格","available_rate":0,"occupancy_rate":1,"price_tier":"unknown","price_tier_label":"價格未知"}},{"type":"Feature","geometry":{"type":"Point","coordinates":[121.518229,25.009611]},"properties":{"supply_id":"new_taipei-onstreet-60538","city":"new_taipei","district":"永和區","display_name":"國光路 車格 60538","address":"國光路","facility_kind":"onstreet","symbol_text":null,"type_reference":"路邊停車格","type_confidence":0.6,"price_raw":null,"price_value":null,"capacity_total":1,"available_total":1,"occupied_total":0,"status_label":"空位","data_time":"2026-05-02 15:53:29+08:00","city_label":"新北市","facility_kind_label":"路邊車格","available_rate":1,"occupancy_rate":0,"price_tier":"unknown","price_tier_label":"價格未知"}},{"type":"Feature","geometry":{"type":"Point","coordinates":[121.515384,25.007152]},"properties":{"supply_id":"new_taipei-onstreet-156842","city":"new_taipei","district":"永和區","display_name":"福和路 車格 156842","address":"福和路","facility_kind":"onstreet","symbol_text":null,"type_reference":"路邊停車格","type_confidence":0.6,"price_raw":null,"price_value":null,"capacity_total":1,"available_total":1,"occupied_total":0,"status_label":"空位","data_time":"2026-05-02 15:53:29+08:00","city_label":"新北市","facility_kind_label":"路邊車格","available_rate":1,"occupancy_rate":0,"price_tier":"unknown","price_tier_label":"價格未知"}},{"type":"Feature","geometry":{"type":"Point","coordinates":[121.520624,24.996436]},"properties":{"supply_id":"new_taipei-onstreet-65990","city":"new_taipei","district":"永和區","display_name":"更生街 車格 65990","address":"更生街","facility_kind":"onstreet","symbol_text":null,"type_reference":"路邊停車格","type_confidence":0.6,"price_raw":null,"price_value":null,"capacity_total":1,"available_total":1,"occupied_total":0,"status_label":"空位","data_time":"2026-05-02 15:53:29+08:00","city_label":"新北市","facility_kind_label":"路邊車格","available_rate":1,"occupancy_rate":0,"price_tier":"unknown","price_tier_label":"價格未知"}},{"type":"Feature","geometry":{"type":"Point","coordinates":[121.518268,25.009467]},"properties":{"supply_id":"new_taipei-onstreet-84240","city":"new_taipei","district":"永和區","display_name":"國光路 車格 84240","address":"國光路","facility_kind":"onstreet","symbol_text":null,"type_reference":"路邊停車格","type_confidence":0.6,"price_raw":null,"price_value":null,"capacity_total":1,"available_total":1,"occupied_total":0,"status_label":"空位","data_time":"2026-05-02 15:53:29+08:00","city_label":"新北市","facility_kind_label":"路邊車格","available_rate":1,"occupancy_rate":0,"price_tier":"unknown","price_tier_label":"價格未知"}},{"type":"Feature","geometry":{"type":"Point","coordinates":[121.518455,25.004491]},"properties":{"supply_id":"new_taipei-onstreet-40721","city":"new_taipei","district":"永和區","display_name":"永貞路 車格 40721","address":"永貞路","facility_kind":"onstreet","symbol_text":null,"type_reference":"路邊停車格","type_confidence":0.6,"price_raw":null,"price_value":null,"capacity_total":1,"available_total":1,"occupied_total":0,"status_label":"空位","data_time":"2026-05-02 15:53:29+08:00","city_label":"新北市","facility_kind_label":"路邊車格","available_rate":1,"occupancy_rate":0,"price_tier":"unknown","price_tier_label":"價格未知"}},{"type":"Feature","geometry":{"type":"Point","coordinates":[121.525506,25.002426]},"properties":{"supply_id":"new_taipei-onstreet-35001","city":"new_taipei","district":"永和區","display_name":"永亨路 車格 35001","address":"永亨路","facility_kind":"onstreet","symbol_text":null,"type_reference":"路邊停車格","type_confidence":0.6,"price_raw":null,"price_value":null,"capacity_total":1,"available_total":0,"occupied_total":1,"status_label":"已停","data_time":"2026-05-02 15:53:29+08:00","city_label":"新北市","facility_kind_label":"路邊車格","available_rate":0,"occupancy_rate":1,"price_tier":"unknown","price_tier_label":"價格未知"}},{"type":"Feature","geometry":{"type":"Point","coordinates":[121.512417,25.015017]},"properties":{"supply_id":"new_taipei-onstreet-94183","city":"new_taipei","district":"永和區","display_name":"信義路 車格 94183","address":"信義路","facility_kind":"onstreet","symbol_text":null,"type_reference":"路邊停車格","type_confidence":0.6,"price_raw":null,"price_value":null,"capacity_total":1,"available_total":1,"occupied_total":0,"status_label":"空位","data_time":"2026-05-02 15:53:29+08:00","city_label":"新北市","facility_kind_label":"路邊車格","available_rate":1,"occupancy_rate":0,"price_tier":"unknown","price_tier_label":"價格未知"}},{"type":"Feature","geometry":{"type":"Point","coordinates":[121.524693,25.004075]},"properties":{"supply_id":"new_taipei-onstreet-155427","city":"new_taipei","district":"永和區","display_name":"永亨路 車格 155427","address":"永亨路","facility_kind":"onstreet","symbol_text":null,"type_reference":"路邊停車格","type_confidence":0.6,"price_raw":null,"price_value":null,"capacity_total":1,"available_total":0,"occupied_total":1,"status_label":"已停","data_time":"2026-05-02 15:53:29+08:00","city_label":"新北市","facility_kind_label":"路邊車格","available_rate":0,"occupancy_rate":1,"price_tier":"unknown","price_tier_label":"價格未知"}},{"type":"Feature","geometry":{"type":"Point","coordinates":[121.523915,25.002512]},"properties":{"supply_id":"new_taipei-onstreet-98995","city":"new_taipei","district":"永和區","display_name":"永利路 車格 98995","address":"永利路","facility_kind":"onstreet","symbol_text":null,"type_reference":"路邊停車格","type_confidence":0.6,"price_raw":null,"price_value":null,"capacity_total":1,"available_total":1,"occupied_total":0,"status_label":"空位","data_time":"2026-05-02 15:53:29+08:00","city_label":"新北市","facility_kind_label":"路邊車格","available_rate":1,"occupancy_rate":0,"price_tier":"unknown","price_tier_label":"價格未知"}},{"type":"Feature","geometry":{"type":"Point","coordinates":[121.511832,25.013131]},"properties":{"supply_id":"new_taipei-onstreet-83393","city":"new_taipei","district":"永和區","display_name":"仁愛路 車格 83393","address":"仁愛路","facility_kind":"onstreet","symbol_text":null,"type_reference":"路邊停車格","type_confidence":0.6,"price_raw":null,"price_value":null,"capacity_total":1,"available_total":1,"occupied_total":0,"status_label":"空位","data_time":"2026-05-02 15:53:29+08:00","city_label":"新北市","facility_kind_label":"路邊車格","available_rate":1,"occupancy_rate":0,"price_tier":"unknown","price_tier_label":"價格未知"}},{"type":"Feature","geometry":{"type":"Point","coordinates":[121.514703,25.003461]},"properties":{"supply_id":"new_taipei-onstreet-94478","city":"new_taipei","district":"永和區","display_name":"安樂路 車格 94478","address":"安樂路","facility_kind":"onstreet","symbol_text":null,"type_reference":"路邊停車格","type_confidence":0.6,"price_raw":null,"price_value":null,"capacity_total":1,"available_total":1,"occupied_total":0,"status_label":"空位","data_time":"2026-05-02 15:53:29+08:00","city_label":"新北市","facility_kind_label":"路邊車格","available_rate":1,"occupancy_rate":0,"price_tier":"unknown","price_tier_label":"價格未知"}},{"type":"Feature","geometry":{"type":"Point","coordinates":[121.511416,25.013048]},"properties":{"supply_id":"new_taipei-onstreet-91397","city":"new_taipei","district":"永和區","display_name":"仁愛路 車格 91397","address":"仁愛路","facility_kind":"onstreet","symbol_text":null,"type_reference":"路邊停車格","type_confidence":0.6,"price_raw":null,"price_value":null,"capacity_total":1,"available_total":1,"occupied_total":0,"status_label":"空位","data_time":"2026-05-02 15:53:29+08:00","city_label":"新北市","facility_kind_label":"路邊車格","available_rate":1,"occupancy_rate":0,"price_tier":"unknown","price_tier_label":"價格未知"}},{"type":"Feature","geometry":{"type":"Point","coordinates":[121.508669,25.004993]},"properties":{"supply_id":"new_taipei-onstreet-94296","city":"new_taipei","district":"永和區","display_name":"保平路 車格 94296","address":"保平路","facility_kind":"onstreet","symbol_text":null,"type_reference":"路邊停車格","type_confidence":0.6,"price_raw":null,"price_value":null,"capacity_total":1,"available_total":0,"occupied_total":1,"status_label":"已停","data_time":"2026-05-02 15:53:29+08:00","city_label":"新北市","facility_kind_label":"路邊車格","available_rate":0,"occupancy_rate":1,"price_tier":"unknown","price_tier_label":"價格未知"}},{"type":"Feature","geometry":{"type":"Point","coordinates":[121.517216,25.011707]},"properties":{"supply_id":"new_taipei-onstreet-71206","city":"new_taipei","district":"永和區","display_name":"中興街 車格 71206","address":"中興街","facility_kind":"onstreet","symbol_text":null,"type_reference":"路邊停車格","type_confidence":0.6,"price_raw":null,"price_value":null,"capacity_total":1,"available_total":1,"occupied_total":0,"status_label":"空位","data_time":"2026-05-02 15:53:29+08:00","city_label":"新北市","facility_kind_label":"路邊車格","available_rate":1,"occupancy_rate":0,"price_tier":"unknown","price_tier_label":"價格未知"}},{"type":"Feature","geometry":{"type":"Point","coordinates":[121.514796,25.003095]},"properties":{"supply_id":"new_taipei-onstreet-94483","city":"new_taipei","district":"永和區","display_name":"安樂路 車格 94483","address":"安樂路","facility_kind":"onstreet","symbol_text":null,"type_reference":"路邊停車格","type_confidence":0.6,"price_raw":null,"price_value":null,"capacity_total":1,"available_total":1,"occupied_total":0,"status_label":"空位","data_time":"2026-05-02 15:53:29+08:00","city_label":"新北市","facility_kind_label":"路邊車格","available_rate":1,"occupancy_rate":0,"price_tier":"unknown","price_tier_label":"價格未知"}},{"type":"Feature","geometry":{"type":"Point","coordinates":[121.517089,25.011661]},"properties":{"supply_id":"new_taipei-onstreet-83599","city":"new_taipei","district":"永和區","display_name":"中興街 車格 83599","address":"中興街","facility_kind":"onstreet","symbol_text":null,"type_reference":"路邊停車格","type_confidence":0.6,"price_raw":null,"price_value":null,"capacity_total":1,"available_total":0,"occupied_total":1,"status_label":"已停","data_time":"2026-05-02 15:53:29+08:00","city_label":"新北市","facility_kind_label":"路邊車格","available_rate":0,"occupancy_rate":1,"price_tier":"unknown","price_tier_label":"價格未知"}},{"type":"Feature","geometry":{"type":"Point","coordinates":[121.509627,25.014422]},"properties":{"supply_id":"new_taipei-onstreet-93631","city":"new_taipei","district":"永和區","display_name":"保福路二段 車格 93631","address":"保福路二段","facility_kind":"onstreet","symbol_text":null,"type_reference":"路邊停車格","type_confidence":0.6,"price_raw":null,"price_value":null,"capacity_total":1,"available_total":0,"occupied_total":1,"status_label":"已停","data_time":"2026-05-02 15:53:29+08:00","city_label":"新北市","facility_kind_label":"路邊車格","available_rate":0,"occupancy_rate":1,"price_tier":"unknown","price_tier_label":"價格未知"}},{"type":"Feature","geometry":{"type":"Point","coordinates":[121.512326,25.015075]},"properties":{"supply_id":"new_taipei-onstreet-83576","city":"new_taipei","district":"永和區","display_name":"信義路 車格 83576","address":"信義路","facility_kind":"onstreet","symbol_text":null,"type_reference":"路邊停車格","type_confidence":0.6,"price_raw":null,"price_value":null,"capacity_total":1,"available_total":1,"occupied_total":0,"status_label":"空位","data_time":"2026-05-02 15:53:29+08:00","city_label":"新北市","facility_kind_label":"路邊車格","available_rate":1,"occupancy_rate":0,"price_tier":"unknown","price_tier_label":"價格未知"}},{"type":"Feature","geometry":{"type":"Point","coordinates":[121.514683,25.003536]},"properties":{"supply_id":"new_taipei-onstreet-64969","city":"new_taipei","district":"永和區","display_name":"安樂路 車格 64969","address":"安樂路","facility_kind":"onstreet","symbol_text":null,"type_reference":"路邊停車格","type_confidence":0.6,"price_raw":null,"price_value":null,"capacity_total":1,"available_total":1,"occupied_total":0,"status_label":"空位","data_time":"2026-05-02 15:53:29+08:00","city_label":"新北市","facility_kind_label":"路邊車格","available_rate":1,"occupancy_rate":0,"price_tier":"unknown","price_tier_label":"價格未知"}},{"type":"Feature","geometry":{"type":"Point","coordinates":[121.506928,25.01316]},"properties":{"supply_id":"new_taipei-onstreet-100892","city":"new_taipei","district":"永和區","display_name":"保安路 車格 100892","address":"保安路","facility_kind":"onstreet","symbol_text":null,"type_reference":"路邊停車格","type_confidence":0.6,"price_raw":null,"price_value":null,"capacity_total":1,"available_total":0,"occupied_total":1,"status_label":"已停","data_time":"2026-05-02 15:53:29+08:00","city_label":"新北市","facility_kind_label":"路邊車格","available_rate":0,"occupancy_rate":1,"price_tier":"unknown","price_tier_label":"價格未知"}},{"type":"Feature","geometry":{"type":"Point","coordinates":[121.512403,25.014896]},"properties":{"supply_id":"new_taipei-onstreet-94182","city":"new_taipei","district":"永和區","display_name":"信義路 車格 94182","address":"信義路","facility_kind":"onstreet","symbol_text":null,"type_reference":"路邊停車格","type_confidence":0.6,"price_raw":null,"price_value":null,"capacity_total":1,"available_total":1,"occupied_total":0,"status_label":"空位","data_time":"2026-05-02 15:53:29+08:00","city_label":"新北市","facility_kind_label":"路邊車格","available_rate":1,"occupancy_rate":0,"price_tier":"unknown","price_tier_label":"價格未知"}},{"type":"Feature","geometry":{"type":"Point","coordinates":[121.512019,25.013169]},"properties":{"supply_id":"new_taipei-onstreet-83391","city":"new_taipei","district":"永和區","display_name":"仁愛路 車格 83391","address":"仁愛路","facility_kind":"onstreet","symbol_text":null,"type_reference":"路邊停車格","type_confidence":0.6,"price_raw":null,"price_value":null,"capacity_total":1,"available_total":1,"occupied_total":0,"status_label":"空位","data_time":"2026-05-02 15:53:29+08:00","city_label":"新北市","facility_kind_label":"路邊車格","available_rate":1,"occupancy_rate":0,"price_tier":"unknown","price_tier_label":"價格未知"}},{"type":"Feature","geometry":{"type":"Point","coordinates":[121.516081,25.007221]},"properties":{"supply_id":"new_taipei-onstreet-156844","city":"new_taipei","district":"永和區","display_name":"福和路 車格 156844","address":"福和路","facility_kind":"onstreet","symbol_text":null,"type_reference":"路邊停車格","type_confidence":0.6,"price_raw":null,"price_value":null,"capacity_total":1,"available_total":1,"occupied_total":0,"status_label":"空位","data_time":"2026-05-02 15:53:29+08:00","city_label":"新北市","facility_kind_label":"路邊車格","available_rate":1,"occupancy_rate":0,"price_tier":"unknown","price_tier_label":"價格未知"}},{"type":"Feature","geometry":{"type":"Point","coordinates":[121.520544,24.996448]},"properties":{"supply_id":"new_taipei-onstreet-87509","city":"new_taipei","district":"永和區","display_name":"更生街 車格 87509","address":"更生街","facility_kind":"onstreet","symbol_text":null,"type_reference":"路邊停車格","type_confidence":0.6,"price_raw":null,"price_value":null,"capacity_total":1,"available_total":1,"occupied_total":0,"status_label":"空位","data_time":"2026-05-02 15:53:29+08:00","city_label":"新北市","facility_kind_label":"路邊車格","available_rate":1,"occupancy_rate":0,"price_tier":"unknown","price_tier_label":"價格未知"}},{"type":"Feature","geometry":{"type":"Point","coordinates":[121.507394,25.013535]},"properties":{"supply_id":"new_taipei-onstreet-149676","city":"new_taipei","district":"永和區","display_name":"保安路 車格 149676","address":"保安路","facility_kind":"onstreet","symbol_text":null,"type_reference":"路邊停車格","type_confidence":0.6,"price_raw":null,"price_value":null,"capacity_total":1,"available_total":1,"occupied_total":0,"status_label":"空位","data_time":"2026-05-02 15:53:29+08:00","city_label":"新北市","facility_kind_label":"路邊車格","available_rate":1,"occupancy_rate":0,"price_tier":"unknown","price_tier_label":"價格未知"}},{"type":"Feature","geometry":{"type":"Point","coordinates":[121.509563,25.014546]},"properties":{"supply_id":"new_taipei-onstreet-93634","city":"new_taipei","district":"永和區","display_name":"保福路二段 車格 93634","address":"保福路二段","facility_kind":"onstreet","symbol_text":null,"type_reference":"路邊停車格","type_confidence":0.6,"price_raw":null,"price_value":null,"capacity_total":1,"available_total":1,"occupied_total":0,"status_label":"空位","data_time":"2026-05-02 15:53:29+08:00","city_label":"新北市","facility_kind_label":"路邊車格","available_rate":1,"occupancy_rate":0,"price_tier":"unknown","price_tier_label":"價格未知"}},{"type":"Feature","geometry":{"type":"Point","coordinates":[121.51716,25.011686]},"properties":{"supply_id":"new_taipei-onstreet-117416","city":"new_taipei","district":"永和區","display_name":"中興街 車格 117416","address":"中興街","facility_kind":"onstreet","symbol_text":null,"type_reference":"路邊停車格","type_confidence":0.6,"price_raw":null,"price_value":null,"capacity_total":1,"available_total":1,"occupied_total":0,"status_label":"空位","data_time":"2026-05-02 15:53:29+08:00","city_label":"新北市","facility_kind_label":"路邊車格","available_rate":1,"occupancy_rate":0,"price_tier":"unknown","price_tier_label":"價格未知"}},{"type":"Feature","geometry":{"type":"Point","coordinates":[121.512423,25.015067]},"properties":{"supply_id":"new_taipei-onstreet-94184","city":"new_taipei","district":"永和區","display_name":"信義路 車格 94184","address":"信義路","facility_kind":"onstreet","symbol_text":null,"type_reference":"路邊停車格","type_confidence":0.6,"price_raw":null,"price_value":null,"capacity_total":1,"available_total":1,"occupied_total":0,"status_label":"空位","data_time":"2026-05-02 15:53:29+08:00","city_label":"新北市","facility_kind_label":"路邊車格","available_rate":1,"occupancy_rate":0,"price_tier":"unknown","price_tier_label":"價格未知"}},{"type":"Feature","geometry":{"type":"Point","coordinates":[121.518203,25.009708]},"properties":{"supply_id":"new_taipei-onstreet-63523","city":"new_taipei","district":"永和區","display_name":"國光路 車格 63523","address":"國光路","facility_kind":"onstreet","symbol_text":null,"type_reference":"路邊停車格","type_confidence":0.6,"price_raw":null,"price_value":null,"capacity_total":1,"available_total":1,"occupied_total":0,"status_label":"空位","data_time":"2026-05-02 15:53:29+08:00","city_label":"新北市","facility_kind_label":"路邊車格","available_rate":1,"occupancy_rate":0,"price_tier":"unknown","price_tier_label":"價格未知"}},{"type":"Feature","geometry":{"type":"Point","coordinates":[121.518255,25.004478]},"properties":{"supply_id":"new_taipei-onstreet-27028","city":"new_taipei","district":"永和區","display_name":"永貞路 車格 27028","address":"永貞路","facility_kind":"onstreet","symbol_text":null,"type_reference":"路邊停車格","type_confidence":0.6,"price_raw":null,"price_value":null,"capacity_total":1,"available_total":0,"occupied_total":1,"status_label":"已停","data_time":"2026-05-02 15:53:29+08:00","city_label":"新北市","facility_kind_label":"路邊車格","available_rate":0,"occupancy_rate":1,"price_tier":"unknown","price_tier_label":"價格未知"}},{"type":"Feature","geometry":{"type":"Point","coordinates":[121.520093,24.996513]},"properties":{"supply_id":"new_taipei-onstreet-65333","city":"new_taipei","district":"永和區","display_name":"更生街 車格 65333","address":"更生街","facility_kind":"onstreet","symbol_text":null,"type_reference":"路邊停車格","type_confidence":0.6,"price_raw":null,"price_value":null,"capacity_total":1,"available_total":1,"occupied_total":0,"status_label":"空位","data_time":"2026-05-02 15:53:29+08:00","city_label":"新北市","facility_kind_label":"路邊車格","available_rate":1,"occupancy_rate":0,"price_tier":"unknown","price_tier_label":"價格未知"}},{"type":"Feature","geometry":{"type":"Point","coordinates":[121.512157,25.013196]},"properties":{"supply_id":"new_taipei-onstreet-27492","city":"new_taipei","district":"永和區","display_name":"仁愛路 車格 27492","address":"仁愛路","facility_kind":"onstreet","symbol_text":null,"type_reference":"路邊停車格","type_confidence":0.6,"price_raw":null,"price_value":null,"capacity_total":1,"available_total":1,"occupied_total":0,"status_label":"空位","data_time":"2026-05-02 15:53:29+08:00","city_label":"新北市","facility_kind_label":"路邊車格","available_rate":1,"occupancy_rate":0,"price_tier":"unknown","price_tier_label":"價格未知"}},{"type":"Feature","geometry":{"type":"Point","coordinates":[121.508332,25.004567]},"properties":{"supply_id":"new_taipei-onstreet-94300","city":"new_taipei","district":"永和區","display_name":"保平路 車格 94300","address":"保平路","facility_kind":"onstreet","symbol_text":null,"type_reference":"路邊停車格","type_confidence":0.6,"price_raw":null,"price_value":null,"capacity_total":1,"available_total":1,"occupied_total":0,"status_label":"空位","data_time":"2026-05-02 15:53:29+08:00","city_label":"新北市","facility_kind_label":"路邊車格","available_rate":1,"occupancy_rate":0,"price_tier":"unknown","price_tier_label":"價格未知"}},{"type":"Feature","geometry":{"type":"Point","coordinates":[121.520147,24.996505]},"properties":{"supply_id":"new_taipei-onstreet-65334","city":"new_taipei","district":"永和區","display_name":"更生街 車格 65334","address":"更生街","facility_kind":"onstreet","symbol_text":null,"type_reference":"路邊停車格","type_confidence":0.6,"price_raw":null,"price_value":null,"capacity_total":1,"available_total":1,"occupied_total":0,"status_label":"空位","data_time":"2026-05-02 15:53:29+08:00","city_label":"新北市","facility_kind_label":"路邊車格","available_rate":1,"occupancy_rate":0,"price_tier":"unknown","price_tier_label":"價格未知"}},{"type":"Feature","geometry":{"type":"Point","coordinates":[121.525456,25.002428]},"properties":{"supply_id":"new_taipei-onstreet-53911","city":"new_taipei","district":"永和區","display_name":"永亨路 車格 53911","address":"永亨路","facility_kind":"onstreet","symbol_text":null,"type_reference":"路邊停車格","type_confidence":0.6,"price_raw":null,"price_value":null,"capacity_total":1,"available_total":1,"occupied_total":0,"status_label":"空位","data_time":"2026-05-02 15:53:29+08:00","city_label":"新北市","facility_kind_label":"路邊車格","available_rate":1,"occupancy_rate":0,"price_tier":"unknown","price_tier_label":"價格未知"}},{"type":"Feature","geometry":{"type":"Point","coordinates":[121.509542,25.014592]},"properties":{"supply_id":"new_taipei-onstreet-93633","city":"new_taipei","district":"永和區","display_name":"保福路二段 車格 93633","address":"保福路二段","facility_kind":"onstreet","symbol_text":null,"type_reference":"路邊停車格","type_confidence":0.6,"price_raw":null,"price_value":null,"capacity_total":1,"available_total":0,"occupied_total":1,"status_label":"已停","data_time":"2026-05-02 15:53:29+08:00","city_label":"新北市","facility_kind_label":"路邊車格","available_rate":0,"occupancy_rate":1,"price_tier":"unknown","price_tier_label":"價格未知"}},{"type":"Feature","geometry":{"type":"Point","coordinates":[121.509594,25.01449]},"properties":{"supply_id":"new_taipei-onstreet-93632","city":"new_taipei","district":"永和區","display_name":"保福路二段 車格 93632","address":"保福路二段","facility_kind":"onstreet","symbol_text":null,"type_reference":"路邊停車格","type_confidence":0.6,"price_raw":null,"price_value":null,"capacity_total":1,"available_total":0,"occupied_total":1,"status_label":"已停","data_time":"2026-05-02 15:53:29+08:00","city_label":"新北市","facility_kind_label":"路邊車格","available_rate":0,"occupancy_rate":1,"price_tier":"unknown","price_tier_label":"價格未知"}},{"type":"Feature","geometry":{"type":"Point","coordinates":[121.525402,25.00243]},"properties":{"supply_id":"new_taipei-onstreet-134719","city":"new_taipei","district":"永和區","display_name":"永亨路 車格 134719","address":"永亨路","facility_kind":"onstreet","symbol_text":null,"type_reference":"路邊停車格","type_confidence":0.6,"price_raw":null,"price_value":null,"capacity_total":1,"available_total":1,"occupied_total":0,"status_label":"空位","data_time":"2026-05-02 15:53:29+08:00","city_label":"新北市","facility_kind_label":"路邊車格","available_rate":1,"occupancy_rate":0,"price_tier":"unknown","price_tier_label":"價格未知"}},{"type":"Feature","geometry":{"type":"Point","coordinates":[121.511956,25.013156]},"properties":{"supply_id":"new_taipei-onstreet-83392","city":"new_taipei","district":"永和區","display_name":"仁愛路 車格 83392","address":"仁愛路","facility_kind":"onstreet","symbol_text":null,"type_reference":"路邊停車格","type_confidence":0.6,"price_raw":null,"price_value":null,"capacity_total":1,"available_total":1,"occupied_total":0,"status_label":"空位","data_time":"2026-05-02 15:53:29+08:00","city_label":"新北市","facility_kind_label":"路邊車格","available_rate":1,"occupancy_rate":0,"price_tier":"unknown","price_tier_label":"價格未知"}},{"type":"Feature","geometry":{"type":"Point","coordinates":[121.5084,25.004766]},"properties":{"supply_id":"new_taipei-onstreet-94298","city":"new_taipei","district":"永和區","display_name":"保平路 車格 94298","address":"保平路","facility_kind":"onstreet","symbol_text":null,"type_reference":"路邊停車格","type_confidence":0.6,"price_raw":null,"price_value":null,"capacity_total":1,"available_total":0,"occupied_total":1,"status_label":"已停","data_time":"2026-05-02 15:53:29+08:00","city_label":"新北市","facility_kind_label":"路邊車格","available_rate":0,"occupancy_rate":1,"price_tier":"unknown","price_tier_label":"價格未知"}},{"type":"Feature","geometry":{"type":"Point","coordinates":[121.518216,25.00966]},"properties":{"supply_id":"new_taipei-onstreet-92201","city":"new_taipei","district":"永和區","display_name":"國光路 車格 92201","address":"國光路","facility_kind":"onstreet","symbol_text":null,"type_reference":"路邊停車格","type_confidence":0.6,"price_raw":null,"price_value":null,"capacity_total":1,"available_total":1,"occupied_total":0,"status_label":"空位","data_time":"2026-05-02 15:53:29+08:00","city_label":"新北市","facility_kind_label":"路邊車格","available_rate":1,"occupancy_rate":0,"price_tier":"unknown","price_tier_label":"價格未知"}},{"type":"Feature","geometry":{"type":"Point","coordinates":[121.515969,25.007199]},"properties":{"supply_id":"new_taipei-onstreet-83463","city":"new_taipei","district":"永和區","display_name":"福和路 車格 83463","address":"福和路","facility_kind":"onstreet","symbol_text":null,"type_reference":"路邊停車格","type_confidence":0.6,"price_raw":null,"price_value":null,"capacity_total":1,"available_total":1,"occupied_total":0,"status_label":"空位","data_time":"2026-05-02 15:53:29+08:00","city_label":"新北市","facility_kind_label":"路邊車格","available_rate":1,"occupancy_rate":0,"price_tier":"unknown","price_tier_label":"價格未知"}},{"type":"Feature","geometry":{"type":"Point","coordinates":[121.525352,25.002432]},"properties":{"supply_id":"new_taipei-onstreet-134718","city":"new_taipei","district":"永和區","display_name":"永亨路 車格 134718","address":"永亨路","facility_kind":"onstreet","symbol_text":null,"type_reference":"路邊停車格","type_confidence":0.6,"price_raw":null,"price_value":null,"capacity_total":1,"available_total":1,"occupied_total":0,"status_label":"空位","data_time":"2026-05-02 15:53:29+08:00","city_label":"新北市","facility_kind_label":"路邊車格","available_rate":1,"occupancy_rate":0,"price_tier":"unknown","price_tier_label":"價格未知"}},{"type":"Feature","geometry":{"type":"Point","coordinates":[121.512366,25.014481]},"properties":{"supply_id":"new_taipei-onstreet-83589","city":"new_taipei","district":"永和區","display_name":"信義路 車格 83589","address":"信義路","facility_kind":"onstreet","symbol_text":null,"type_reference":"路邊停車格","type_confidence":0.6,"price_raw":null,"price_value":null,"capacity_total":1,"available_total":0,"occupied_total":1,"status_label":"已停","data_time":"2026-05-02 15:53:29+08:00","city_label":"新北市","facility_kind_label":"路邊車格","available_rate":0,"occupancy_rate":1,"price_tier":"unknown","price_tier_label":"價格未知"}},{"type":"Feature","geometry":{"type":"Point","coordinates":[121.518116,25.010058]},"properties":{"supply_id":"new_taipei-onstreet-87053","city":"new_taipei","district":"永和區","display_name":"國光路 車格 87053","address":"國光路","facility_kind":"onstreet","symbol_text":null,"type_reference":"路邊停車格","type_confidence":0.6,"price_raw":null,"price_value":null,"capacity_total":1,"available_total":1,"occupied_total":0,"status_label":"空位","data_time":"2026-05-02 15:53:29+08:00","city_label":"新北市","facility_kind_label":"路邊車格","available_rate":1,"occupancy_rate":0,"price_tier":"unknown","price_tier_label":"價格未知"}},{"type":"Feature","geometry":{"type":"Point","coordinates":[121.507359,25.013497]},"properties":{"supply_id":"new_taipei-onstreet-149678","city":"new_taipei","district":"永和區","display_name":"保安路 車格 149678","address":"保安路","facility_kind":"onstreet","symbol_text":null,"type_reference":"路邊停車格","type_confidence":0.6,"price_raw":null,"price_value":null,"capacity_total":1,"available_total":1,"occupied_total":0,"status_label":"空位","data_time":"2026-05-02 15:53:29+08:00","city_label":"新北市","facility_kind_label":"路邊車格","available_rate":1,"occupancy_rate":0,"price_tier":"unknown","price_tier_label":"價格未知"}},{"type":"Feature","geometry":{"type":"Point","coordinates":[121.517991,25.004456]},"properties":{"supply_id":"new_taipei-onstreet-83332","city":"new_taipei","district":"永和區","display_name":"永貞路 車格 83332","address":"永貞路","facility_kind":"onstreet","symbol_text":null,"type_reference":"路邊停車格","type_confidence":0.6,"price_raw":null,"price_value":null,"capacity_total":1,"available_total":1,"occupied_total":0,"status_label":"空位","data_time":"2026-05-02 15:53:29+08:00","city_label":"新北市","facility_kind_label":"路邊車格","available_rate":1,"occupancy_rate":0,"price_tier":"unknown","price_tier_label":"價格未知"}},{"type":"Feature","geometry":{"type":"Point","coordinates":[121.517267,25.011725]},"properties":{"supply_id":"new_taipei-onstreet-65218","city":"new_taipei","district":"永和區","display_name":"中興街 車格 65218","address":"中興街","facility_kind":"onstreet","symbol_text":null,"type_reference":"路邊停車格","type_confidence":0.6,"price_raw":null,"price_value":null,"capacity_total":1,"available_total":1,"occupied_total":0,"status_label":"空位","data_time":"2026-05-02 15:53:29+08:00","city_label":"新北市","facility_kind_label":"路邊車格","available_rate":1,"occupancy_rate":0,"price_tier":"unknown","price_tier_label":"價格未知"}},{"type":"Feature","geometry":{"type":"Point","coordinates":[121.508295,25.004679]},"properties":{"supply_id":"new_taipei-onstreet-94299","city":"new_taipei","district":"永和區","display_name":"保平路 車格 94299","address":"保平路","facility_kind":"onstreet","symbol_text":null,"type_reference":"路邊停車格","type_confidence":0.6,"price_raw":null,"price_value":null,"capacity_total":1,"available_total":0,"occupied_total":1,"status_label":"已停","data_time":"2026-05-02 15:53:29+08:00","city_label":"新北市","facility_kind_label":"路邊車格","available_rate":0,"occupancy_rate":1,"price_tier":"unknown","price_tier_label":"價格未知"}},{"type":"Feature","geometry":{"type":"Point","coordinates":[121.51819,25.009756]},"properties":{"supply_id":"new_taipei-onstreet-63524","city":"new_taipei","district":"永和區","display_name":"國光路 車格 63524","address":"國光路","facility_kind":"onstreet","symbol_text":null,"type_reference":"路邊停車格","type_confidence":0.6,"price_raw":null,"price_value":null,"capacity_total":1,"available_total":1,"occupied_total":0,"status_label":"空位","data_time":"2026-05-02 15:53:29+08:00","city_label":"新北市","facility_kind_label":"路邊車格","available_rate":1,"occupancy_rate":0,"price_tier":"unknown","price_tier_label":"價格未知"}},{"type":"Feature","geometry":{"type":"Point","coordinates":[121.519985,24.996528]},"properties":{"supply_id":"new_taipei-onstreet-26895","city":"new_taipei","district":"永和區","display_name":"更生街 車格 26895","address":"更生街","facility_kind":"onstreet","symbol_text":null,"type_reference":"路邊停車格","type_confidence":0.6,"price_raw":null,"price_value":null,"capacity_total":1,"available_total":0,"occupied_total":1,"status_label":"已停","data_time":"2026-05-02 15:53:29+08:00","city_label":"新北市","facility_kind_label":"路邊車格","available_rate":0,"occupancy_rate":1,"price_tier":"unknown","price_tier_label":"價格未知"}},{"type":"Feature","geometry":{"type":"Point","coordinates":[121.509497,25.01452]},"properties":{"supply_id":"new_taipei-onstreet-93636","city":"new_taipei","district":"永和區","display_name":"保福路二段 車格 93636","address":"保福路二段","facility_kind":"onstreet","symbol_text":null,"type_reference":"路邊停車格","type_confidence":0.6,"price_raw":null,"price_value":null,"capacity_total":1,"available_total":0,"occupied_total":1,"status_label":"已停","data_time":"2026-05-02 15:53:29+08:00","city_label":"新北市","facility_kind_label":"路邊車格","available_rate":0,"occupancy_rate":1,"price_tier":"unknown","price_tier_label":"價格未知"}},{"type":"Feature","geometry":{"type":"Point","coordinates":[121.517936,25.004452]},"properties":{"supply_id":"new_taipei-onstreet-83333","city":"new_taipei","district":"永和區","display_name":"永貞路 車格 83333","address":"永貞路","facility_kind":"onstreet","symbol_text":null,"type_reference":"路邊停車格","type_confidence":0.6,"price_raw":null,"price_value":null,"capacity_total":1,"available_total":1,"occupied_total":0,"status_label":"空位","data_time":"2026-05-02 15:53:29+08:00","city_label":"新北市","facility_kind_label":"路邊車格","available_rate":1,"occupancy_rate":0,"price_tier":"unknown","price_tier_label":"價格未知"}},{"type":"Feature","geometry":{"type":"Point","coordinates":[121.520039,24.996521]},"properties":{"supply_id":"new_taipei-onstreet-38656","city":"new_taipei","district":"永和區","display_name":"更生街 車格 38656","address":"更生街","facility_kind":"onstreet","symbol_text":null,"type_reference":"路邊停車格","type_confidence":0.6,"price_raw":null,"price_value":null,"capacity_total":1,"available_total":1,"occupied_total":0,"status_label":"空位","data_time":"2026-05-02 15:53:29+08:00","city_label":"新北市","facility_kind_label":"路邊車格","available_rate":1,"occupancy_rate":0,"price_tier":"unknown","price_tier_label":"價格未知"}},{"type":"Feature","geometry":{"type":"Point","coordinates":[121.512226,25.013208]},"properties":{"supply_id":"new_taipei-onstreet-83327","city":"new_taipei","district":"永和區","display_name":"仁愛路 車格 83327","address":"仁愛路","facility_kind":"onstreet","symbol_text":null,"type_reference":"路邊停車格","type_confidence":0.6,"price_raw":null,"price_value":null,"capacity_total":1,"available_total":1,"occupied_total":0,"status_label":"空位","data_time":"2026-05-02 15:53:29+08:00","city_label":"新北市","facility_kind_label":"路邊車格","available_rate":1,"occupancy_rate":0,"price_tier":"unknown","price_tier_label":"價格未知"}},{"type":"Feature","geometry":{"type":"Point","coordinates":[121.508397,25.004621]},"properties":{"supply_id":"new_taipei-onstreet-4948","city":"new_taipei","district":"永和區","display_name":"保平路 車格 4948","address":"保平路","facility_kind":"onstreet","symbol_text":null,"type_reference":"路邊停車格","type_confidence":0.6,"price_raw":null,"price_value":null,"capacity_total":1,"available_total":0,"occupied_total":1,"status_label":"已停","data_time":"2026-05-02 15:53:29+08:00","city_label":"新北市","facility_kind_label":"路邊車格","available_rate":0,"occupancy_rate":1,"price_tier":"unknown","price_tier_label":"價格未知"}},{"type":"Feature","geometry":{"type":"Point","coordinates":[121.512365,25.014537]},"properties":{"supply_id":"new_taipei-onstreet-83590","city":"new_taipei","district":"永和區","display_name":"信義路 車格 83590","address":"信義路","facility_kind":"onstreet","symbol_text":null,"type_reference":"路邊停車格","type_confidence":0.6,"price_raw":null,"price_value":null,"capacity_total":1,"available_total":1,"occupied_total":0,"status_label":"空位","data_time":"2026-05-02 15:53:29+08:00","city_label":"新北市","facility_kind_label":"路邊車格","available_rate":1,"occupancy_rate":0,"price_tier":"unknown","price_tier_label":"價格未知"}},{"type":"Feature","geometry":{"type":"Point","coordinates":[121.509515,25.014648]},"properties":{"supply_id":"new_taipei-onstreet-74825","city":"new_taipei","district":"永和區","display_name":"保福路二段 車格 74825","address":"保福路二段","facility_kind":"onstreet","symbol_text":null,"type_reference":"路邊停車格","type_confidence":0.6,"price_raw":null,"price_value":null,"capacity_total":1,"available_total":1,"occupied_total":0,"status_label":"空位","data_time":"2026-05-02 15:53:29+08:00","city_label":"新北市","facility_kind_label":"路邊車格","available_rate":1,"occupancy_rate":0,"price_tier":"unknown","price_tier_label":"價格未知"}},{"type":"Feature","geometry":{"type":"Point","coordinates":[121.518049,25.01198]},"properties":{"supply_id":"new_taipei-onstreet-151198","city":"new_taipei","district":"永和區","display_name":"中興街 車格 151198","address":"中興街","facility_kind":"onstreet","symbol_text":null,"type_reference":"路邊停車格","type_confidence":0.6,"price_raw":null,"price_value":null,"capacity_total":1,"available_total":1,"occupied_total":0,"status_label":"空位","data_time":"2026-05-02 15:53:29+08:00","city_label":"新北市","facility_kind_label":"路邊車格","available_rate":1,"occupancy_rate":0,"price_tier":"unknown","price_tier_label":"價格未知"}},{"type":"Feature","geometry":{"type":"Point","coordinates":[121.512369,25.014424]},"properties":{"supply_id":"new_taipei-onstreet-83588","city":"new_taipei","district":"永和區","display_name":"信義路 車格 83588","address":"信義路","facility_kind":"onstreet","symbol_text":null,"type_reference":"路邊停車格","type_confidence":0.6,"price_raw":null,"price_value":null,"capacity_total":1,"available_total":1,"occupied_total":0,"status_label":"空位","data_time":"2026-05-02 15:53:29+08:00","city_label":"新北市","facility_kind_label":"路邊車格","available_rate":1,"occupancy_rate":0,"price_tier":"unknown","price_tier_label":"價格未知"}},{"type":"Feature","geometry":{"type":"Point","coordinates":[121.509524,25.01446]},"properties":{"supply_id":"new_taipei-onstreet-27353","city":"new_taipei","district":"永和區","display_name":"保福路二段 車格 27353","address":"保福路二段","facility_kind":"onstreet","symbol_text":null,"type_reference":"路邊停車格","type_confidence":0.6,"price_raw":null,"price_value":null,"capacity_total":1,"available_total":0,"occupied_total":1,"status_label":"已停","data_time":"2026-05-02 15:53:29+08:00","city_label":"新北市","facility_kind_label":"路邊車格","available_rate":0,"occupancy_rate":1,"price_tier":"unknown","price_tier_label":"價格未知"}},{"type":"Feature","geometry":{"type":"Point","coordinates":[121.518103,25.010118]},"properties":{"supply_id":"new_taipei-onstreet-73330","city":"new_taipei","district":"永和區","display_name":"國光路 車格 73330","address":"國光路","facility_kind":"onstreet","symbol_text":null,"type_reference":"路邊停車格","type_confidence":0.6,"price_raw":null,"price_value":null,"capacity_total":1,"available_total":1,"occupied_total":0,"status_label":"空位","data_time":"2026-05-02 15:53:29+08:00","city_label":"新北市","facility_kind_label":"路邊車格","available_rate":1,"occupancy_rate":0,"price_tier":"unknown","price_tier_label":"價格未知"}},{"type":"Feature","geometry":{"type":"Point","coordinates":[121.518291,25.012055]},"properties":{"supply_id":"new_taipei-onstreet-65074","city":"new_taipei","district":"永和區","display_name":"中興街 車格 65074","address":"中興街","facility_kind":"onstreet","symbol_text":null,"type_reference":"路邊停車格","type_confidence":0.6,"price_raw":null,"price_value":null,"capacity_total":1,"available_total":1,"occupied_total":0,"status_label":"空位","data_time":"2026-05-02 15:53:29+08:00","city_label":"新北市","facility_kind_label":"路邊車格","available_rate":1,"occupancy_rate":0,"price_tier":"unknown","price_tier_label":"價格未知"}},{"type":"Feature","geometry":{"type":"Point","coordinates":[121.508501,25.004707]},"properties":{"supply_id":"new_taipei-onstreet-94301","city":"new_taipei","district":"永和區","display_name":"保平路 車格 94301","address":"保平路","facility_kind":"onstreet","symbol_text":null,"type_reference":"路邊停車格","type_confidence":0.6,"price_raw":null,"price_value":null,"capacity_total":1,"available_total":1,"occupied_total":0,"status_label":"空位","data_time":"2026-05-02 15:53:29+08:00","city_label":"新北市","facility_kind_label":"路邊車格","available_rate":1,"occupancy_rate":0,"price_tier":"unknown","price_tier_label":"價格未知"}},{"type":"Feature","geometry":{"type":"Point","coordinates":[121.518177,25.009804]},"properties":{"supply_id":"new_taipei-onstreet-92211","city":"new_taipei","district":"永和區","display_name":"國光路 車格 92211","address":"國光路","facility_kind":"onstreet","symbol_text":null,"type_reference":"路邊停車格","type_confidence":0.6,"price_raw":null,"price_value":null,"capacity_total":1,"available_total":0,"occupied_total":1,"status_label":"已停","data_time":"2026-05-02 15:53:29+08:00","city_label":"新北市","facility_kind_label":"路邊車格","available_rate":0,"occupancy_rate":1,"price_tier":"unknown","price_tier_label":"價格未知"}},{"type":"Feature","geometry":{"type":"Point","coordinates":[121.525402,25.002356]},"properties":{"supply_id":"new_taipei-onstreet-55048","city":"new_taipei","district":"永和區","display_name":"永亨路 車格 55048","address":"永亨路","facility_kind":"onstreet","symbol_text":null,"type_reference":"路邊停車格","type_confidence":0.6,"price_raw":null,"price_value":null,"capacity_total":1,"available_total":0,"occupied_total":1,"status_label":"已停","data_time":"2026-05-02 15:53:29+08:00","city_label":"新北市","facility_kind_label":"路邊車格","available_rate":0,"occupancy_rate":1,"price_tier":"unknown","price_tier_label":"價格未知"}},{"type":"Feature","geometry":{"type":"Point","coordinates":[121.512292,25.013219]},"properties":{"supply_id":"new_taipei-onstreet-83326","city":"new_taipei","district":"永和區","display_name":"仁愛路 車格 83326","address":"仁愛路","facility_kind":"onstreet","symbol_text":null,"type_reference":"路邊停車格","type_confidence":0.6,"price_raw":null,"price_value":null,"capacity_total":1,"available_total":0,"occupied_total":1,"status_label":"已停","data_time":"2026-05-02 15:53:29+08:00","city_label":"新北市","facility_kind_label":"路邊車格","available_rate":0,"occupancy_rate":1,"price_tier":"unknown","price_tier_label":"價格未知"}},{"type":"Feature","geometry":{"type":"Point","coordinates":[121.518088,25.010185]},"properties":{"supply_id":"new_taipei-onstreet-73329","city":"new_taipei","district":"永和區","display_name":"國光路 車格 73329","address":"國光路","facility_kind":"onstreet","symbol_text":null,"type_reference":"路邊停車格","type_confidence":0.6,"price_raw":null,"price_value":null,"capacity_total":1,"available_total":1,"occupied_total":0,"status_label":"空位","data_time":"2026-05-02 15:53:29+08:00","city_label":"新北市","facility_kind_label":"路邊車格","available_rate":1,"occupancy_rate":0,"price_tier":"unknown","price_tier_label":"價格未知"}},{"type":"Feature","geometry":{"type":"Point","coordinates":[121.517862,25.004446]},"properties":{"supply_id":"new_taipei-onstreet-83334","city":"new_taipei","district":"永和區","display_name":"永貞路 車格 83334","address":"永貞路","facility_kind":"onstreet","symbol_text":null,"type_reference":"路邊停車格","type_confidence":0.6,"price_raw":null,"price_value":null,"capacity_total":1,"available_total":0,"occupied_total":1,"status_label":"已停","data_time":"2026-05-02 15:53:29+08:00","city_label":"新北市","facility_kind_label":"路邊車格","available_rate":0,"occupancy_rate":1,"price_tier":"unknown","price_tier_label":"價格未知"}},{"type":"Feature","geometry":{"type":"Point","coordinates":[121.513403,25.01338]},"properties":{"supply_id":"new_taipei-onstreet-90904","city":"new_taipei","district":"永和區","display_name":"仁愛路 車格 90904","address":"仁愛路","facility_kind":"onstreet","symbol_text":null,"type_reference":"路邊停車格","type_confidence":0.6,"price_raw":null,"price_value":null,"capacity_total":1,"available_total":0,"occupied_total":1,"status_label":"已停","data_time":"2026-05-02 15:53:29+08:00","city_label":"新北市","facility_kind_label":"路邊車格","available_rate":0,"occupancy_rate":1,"price_tier":"unknown","price_tier_label":"價格未知"}},{"type":"Feature","geometry":{"type":"Point","coordinates":[121.509465,25.014588]},"properties":{"supply_id":"new_taipei-onstreet-93635","city":"new_taipei","district":"永和區","display_name":"保福路二段 車格 93635","address":"保福路二段","facility_kind":"onstreet","symbol_text":null,"type_reference":"路邊停車格","type_confidence":0.6,"price_raw":null,"price_value":null,"capacity_total":1,"available_total":0,"occupied_total":1,"status_label":"已停","data_time":"2026-05-02 15:53:29+08:00","city_label":"新北市","facility_kind_label":"路邊車格","available_rate":0,"occupancy_rate":1,"price_tier":"unknown","price_tier_label":"價格未知"}},{"type":"Feature","geometry":{"type":"Point","coordinates":[121.509557,25.01439]},"properties":{"supply_id":"new_taipei-onstreet-93657","city":"new_taipei","district":"永和區","display_name":"保福路二段 車格 93657","address":"保福路二段","facility_kind":"onstreet","symbol_text":null,"type_reference":"路邊停車格","type_confidence":0.6,"price_raw":null,"price_value":null,"capacity_total":1,"available_total":0,"occupied_total":1,"status_label":"已停","data_time":"2026-05-02 15:53:29+08:00","city_label":"新北市","facility_kind_label":"路邊車格","available_rate":0,"occupancy_rate":1,"price_tier":"unknown","price_tier_label":"價格未知"}},{"type":"Feature","geometry":{"type":"Point","coordinates":[121.512379,25.014229]},"properties":{"supply_id":"new_taipei-onstreet-41296","city":"new_taipei","district":"永和區","display_name":"信義路 車格 41296","address":"信義路","facility_kind":"onstreet","symbol_text":null,"type_reference":"路邊停車格","type_confidence":0.6,"price_raw":null,"price_value":null,"capacity_total":1,"available_total":1,"occupied_total":0,"status_label":"空位","data_time":"2026-05-02 15:53:29+08:00","city_label":"新北市","facility_kind_label":"路邊車格","available_rate":1,"occupancy_rate":0,"price_tier":"unknown","price_tier_label":"價格未知"}},{"type":"Feature","geometry":{"type":"Point","coordinates":[121.525831,25.002388]},"properties":{"supply_id":"new_taipei-onstreet-55047","city":"new_taipei","district":"永和區","display_name":"永亨路 車格 55047","address":"永亨路","facility_kind":"onstreet","symbol_text":null,"type_reference":"路邊停車格","type_confidence":0.6,"price_raw":null,"price_value":null,"capacity_total":1,"available_total":0,"occupied_total":1,"status_label":"已停","data_time":"2026-05-02 15:53:29+08:00","city_label":"新北市","facility_kind_label":"路邊車格","available_rate":0,"occupancy_rate":1,"price_tier":"unknown","price_tier_label":"價格未知"}},{"type":"Feature","geometry":{"type":"Point","coordinates":[121.52551,25.002349]},"properties":{"supply_id":"new_taipei-onstreet-85105","city":"new_taipei","district":"永和區","display_name":"永亨路 車格 85105","address":"永亨路","facility_kind":"onstreet","symbol_text":null,"type_reference":"路邊停車格","type_confidence":0.6,"price_raw":null,"price_value":null,"capacity_total":1,"available_total":1,"occupied_total":0,"status_label":"空位","data_time":"2026-05-02 15:53:29+08:00","city_label":"新北市","facility_kind_label":"路邊車格","available_rate":1,"occupancy_rate":0,"price_tier":"unknown","price_tier_label":"價格未知"}},{"type":"Feature","geometry":{"type":"Point","coordinates":[121.512384,25.014157]},"properties":{"supply_id":"new_taipei-onstreet-83596","city":"new_taipei","district":"永和區","display_name":"信義路 車格 83596","address":"信義路","facility_kind":"onstreet","symbol_text":null,"type_reference":"路邊停車格","type_confidence":0.6,"price_raw":null,"price_value":null,"capacity_total":1,"available_total":1,"occupied_total":0,"status_label":"空位","data_time":"2026-05-02 15:53:29+08:00","city_label":"新北市","facility_kind_label":"路邊車格","available_rate":1,"occupancy_rate":0,"price_tier":"unknown","price_tier_label":"價格未知"}},{"type":"Feature","geometry":{"type":"Point","coordinates":[121.509666,25.014156]},"properties":{"supply_id":"new_taipei-onstreet-93741","city":"new_taipei","district":"永和區","display_name":"保福路二段 車格 93741","address":"保福路二段","facility_kind":"onstreet","symbol_text":null,"type_reference":"路邊停車格","type_confidence":0.6,"price_raw":null,"price_value":null,"capacity_total":1,"available_total":1,"occupied_total":0,"status_label":"空位","data_time":"2026-05-02 15:53:29+08:00","city_label":"新北市","facility_kind_label":"路邊車格","available_rate":1,"occupancy_rate":0,"price_tier":"unknown","price_tier_label":"價格未知"}},{"type":"Feature","geometry":{"type":"Point","coordinates":[121.518747,25.012198]},"properties":{"supply_id":"new_taipei-onstreet-27106","city":"new_taipei","district":"永和區","display_name":"中興街 車格 27106","address":"中興街","facility_kind":"onstreet","symbol_text":null,"type_reference":"路邊停車格","type_confidence":0.6,"price_raw":null,"price_value":null,"capacity_total":1,"available_total":1,"occupied_total":0,"status_label":"空位","data_time":"2026-05-02 15:53:29+08:00","city_label":"新北市","facility_kind_label":"路邊車格","available_rate":1,"occupancy_rate":0,"price_tier":"unknown","price_tier_label":"價格未知"}},{"type":"Feature","geometry":{"type":"Point","coordinates":[121.509609,25.01428]},"properties":{"supply_id":"new_taipei-onstreet-93693","city":"new_taipei","district":"永和區","display_name":"保福路二段 車格 93693","address":"保福路二段","facility_kind":"onstreet","symbol_text":null,"type_reference":"路邊停車格","type_confidence":0.6,"price_raw":null,"price_value":null,"capacity_total":1,"available_total":1,"occupied_total":0,"status_label":"空位","data_time":"2026-05-02 15:53:29+08:00","city_label":"新北市","facility_kind_label":"路邊車格","available_rate":1,"occupancy_rate":0,"price_tier":"unknown","price_tier_label":"價格未知"}},{"type":"Feature","geometry":{"type":"Point","coordinates":[121.518816,25.012219]},"properties":{"supply_id":"new_taipei-onstreet-99188","city":"new_taipei","district":"永和區","display_name":"中興街 車格 99188","address":"中興街","facility_kind":"onstreet","symbol_text":null,"type_reference":"路邊停車格","type_confidence":0.6,"price_raw":null,"price_value":null,"capacity_total":1,"available_total":1,"occupied_total":0,"status_label":"空位","data_time":"2026-05-02 15:53:29+08:00","city_label":"新北市","facility_kind_label":"路邊車格","available_rate":1,"occupancy_rate":0,"price_tier":"unknown","price_tier_label":"價格未知"}},{"type":"Feature","geometry":{"type":"Point","coordinates":[121.509038,25.005161]},"properties":{"supply_id":"new_taipei-onstreet-83364","city":"new_taipei","district":"永和區","display_name":"保平路 車格 83364","address":"保平路","facility_kind":"onstreet","symbol_text":null,"type_reference":"路邊停車格","type_confidence":0.6,"price_raw":null,"price_value":null,"capacity_total":1,"available_total":0,"occupied_total":1,"status_label":"已停","data_time":"2026-05-02 15:53:29+08:00","city_label":"新北市","facility_kind_label":"路邊車格","available_rate":0,"occupancy_rate":1,"price_tier":"unknown","price_tier_label":"價格未知"}},{"type":"Feature","geometry":{"type":"Point","coordinates":[121.517808,25.004442]},"properties":{"supply_id":"new_taipei-onstreet-149256","city":"new_taipei","district":"永和區","display_name":"永貞路 車格 149256","address":"永貞路","facility_kind":"onstreet","symbol_text":null,"type_reference":"路邊停車格","type_confidence":0.6,"price_raw":null,"price_value":null,"capacity_total":1,"available_total":1,"occupied_total":0,"status_label":"空位","data_time":"2026-05-02 15:53:29+08:00","city_label":"新北市","facility_kind_label":"路邊車格","available_rate":1,"occupancy_rate":0,"price_tier":"unknown","price_tier_label":"價格未知"}},{"type":"Feature","geometry":{"type":"Point","coordinates":[121.51806,25.010312]},"properties":{"supply_id":"new_taipei-onstreet-92200","city":"new_taipei","district":"永和區","display_name":"國光路 車格 92200","address":"國光路","facility_kind":"onstreet","symbol_text":null,"type_reference":"路邊停車格","type_confidence":0.6,"price_raw":null,"price_value":null,"capacity_total":1,"available_total":1,"occupied_total":0,"status_label":"空位","data_time":"2026-05-02 15:53:29+08:00","city_label":"新北市","facility_kind_label":"路邊車格","available_rate":1,"occupancy_rate":0,"price_tier":"unknown","price_tier_label":"價格未知"}},{"type":"Feature","geometry":{"type":"Point","coordinates":[121.525456,25.002352]},"properties":{"supply_id":"new_taipei-onstreet-87360","city":"new_taipei","district":"永和區","display_name":"永亨路 車格 87360","address":"永亨路","facility_kind":"onstreet","symbol_text":null,"type_reference":"路邊停車格","type_confidence":0.6,"price_raw":null,"price_value":null,"capacity_total":1,"available_total":1,"occupied_total":0,"status_label":"空位","data_time":"2026-05-02 15:53:29+08:00","city_label":"新北市","facility_kind_label":"路邊車格","available_rate":1,"occupancy_rate":0,"price_tier":"unknown","price_tier_label":"價格未知"}},{"type":"Feature","geometry":{"type":"Point","coordinates":[121.518077,25.010234]},"properties":{"supply_id":"new_taipei-onstreet-92213","city":"new_taipei","district":"永和區","display_name":"國光路 車格 92213","address":"國光路","facility_kind":"onstreet","symbol_text":null,"type_reference":"路邊停車格","type_confidence":0.6,"price_raw":null,"price_value":null,"capacity_total":1,"available_total":0,"occupied_total":1,"status_label":"已停","data_time":"2026-05-02 15:53:29+08:00","city_label":"新北市","facility_kind_label":"路邊車格","available_rate":0,"occupancy_rate":1,"price_tier":"unknown","price_tier_label":"價格未知"}},{"type":"Feature","geometry":{"type":"Point","coordinates":[121.506983,25.013219]},"properties":{"supply_id":"new_taipei-onstreet-100893","city":"new_taipei","district":"永和區","display_name":"保安路 車格 100893","address":"保安路","facility_kind":"onstreet","symbol_text":null,"type_reference":"路邊停車格","type_confidence":0.6,"price_raw":null,"price_value":null,"capacity_total":1,"available_total":1,"occupied_total":0,"status_label":"空位","data_time":"2026-05-02 15:53:29+08:00","city_label":"新北市","facility_kind_label":"路邊車格","available_rate":1,"occupancy_rate":0,"price_tier":"unknown","price_tier_label":"價格未知"}},{"type":"Feature","geometry":{"type":"Point","coordinates":[121.509691,25.014103]},"properties":{"supply_id":"new_taipei-onstreet-93457","city":"new_taipei","district":"永和區","display_name":"保福路二段 車格 93457","address":"保福路二段","facility_kind":"onstreet","symbol_text":null,"type_reference":"路邊停車格","type_confidence":0.6,"price_raw":null,"price_value":null,"capacity_total":1,"available_total":1,"occupied_total":0,"status_label":"空位","data_time":"2026-05-02 15:53:29+08:00","city_label":"新北市","facility_kind_label":"路邊車格","available_rate":1,"occupancy_rate":0,"price_tier":"unknown","price_tier_label":"價格未知"}},{"type":"Feature","geometry":{"type":"Point","coordinates":[121.507285,25.01355]},"properties":{"supply_id":"new_taipei-onstreet-151768","city":"new_taipei","district":"永和區","display_name":"保安路 車格 151768","address":"保安路","facility_kind":"onstreet","symbol_text":null,"type_reference":"路邊停車格","type_confidence":0.6,"price_raw":null,"price_value":null,"capacity_total":1,"available_total":1,"occupied_total":0,"status_label":"空位","data_time":"2026-05-02 15:53:29+08:00","city_label":"新北市","facility_kind_label":"路邊車格","available_rate":1,"occupancy_rate":0,"price_tier":"unknown","price_tier_label":"價格未知"}},{"type":"Feature","geometry":{"type":"Point","coordinates":[121.509718,25.014047]},"properties":{"supply_id":"new_taipei-onstreet-95841","city":"new_taipei","district":"永和區","display_name":"保福路二段 車格 95841","address":"保福路二段","facility_kind":"onstreet","symbol_text":null,"type_reference":"路邊停車格","type_confidence":0.6,"price_raw":null,"price_value":null,"capacity_total":1,"available_total":0,"occupied_total":1,"status_label":"已停","data_time":"2026-05-02 15:53:29+08:00","city_label":"新北市","facility_kind_label":"路邊車格","available_rate":0,"occupancy_rate":1,"price_tier":"unknown","price_tier_label":"價格未知"}},{"type":"Feature","geometry":{"type":"Point","coordinates":[121.509634,25.014225]},"properties":{"supply_id":"new_taipei-onstreet-93694","city":"new_taipei","district":"永和區","display_name":"保福路二段 車格 93694","address":"保福路二段","facility_kind":"onstreet","symbol_text":null,"type_reference":"路邊停車格","type_confidence":0.6,"price_raw":null,"price_value":null,"capacity_total":1,"available_total":1,"occupied_total":0,"status_label":"空位","data_time":"2026-05-02 15:53:29+08:00","city_label":"新北市","facility_kind_label":"路邊車格","available_rate":1,"occupancy_rate":0,"price_tier":"unknown","price_tier_label":"價格未知"}},{"type":"Feature","geometry":{"type":"Point","coordinates":[121.518022,25.010488]},"properties":{"supply_id":"new_taipei-onstreet-81564","city":"new_taipei","district":"永和區","display_name":"國光路 車格 81564","address":"國光路","facility_kind":"onstreet","symbol_text":null,"type_reference":"路邊停車格","type_confidence":0.6,"price_raw":null,"price_value":null,"capacity_total":1,"available_total":1,"occupied_total":0,"status_label":"空位","data_time":"2026-05-02 15:53:29+08:00","city_label":"新北市","facility_kind_label":"路邊車格","available_rate":1,"occupancy_rate":0,"price_tier":"unknown","price_tier_label":"價格未知"}},{"type":"Feature","geometry":{"type":"Point","coordinates":[121.518932,25.012256]},"properties":{"supply_id":"new_taipei-onstreet-99190","city":"new_taipei","district":"永和區","display_name":"中興街 車格 99190","address":"中興街","facility_kind":"onstreet","symbol_text":null,"type_reference":"路邊停車格","type_confidence":0.6,"price_raw":null,"price_value":null,"capacity_total":1,"available_total":1,"occupied_total":0,"status_label":"空位","data_time":"2026-05-02 15:53:29+08:00","city_label":"新北市","facility_kind_label":"路邊車格","available_rate":1,"occupancy_rate":0,"price_tier":"unknown","price_tier_label":"價格未知"}},{"type":"Feature","geometry":{"type":"Point","coordinates":[121.517859,25.010646]},"properties":{"supply_id":"new_taipei-onstreet-133425","city":"new_taipei","district":"永和區","display_name":"國光路 車格 133425","address":"國光路","facility_kind":"onstreet","symbol_text":null,"type_reference":"路邊停車格","type_confidence":0.6,"price_raw":null,"price_value":null,"capacity_total":1,"available_total":0,"occupied_total":1,"status_label":"已停","data_time":"2026-05-02 15:53:29+08:00","city_label":"新北市","facility_kind_label":"路邊車格","available_rate":0,"occupancy_rate":1,"price_tier":"unknown","price_tier_label":"價格未知"}},{"type":"Feature","geometry":{"type":"Point","coordinates":[121.518867,25.012236]},"properties":{"supply_id":"new_taipei-onstreet-99189","city":"new_taipei","district":"永和區","display_name":"中興街 車格 99189","address":"中興街","facility_kind":"onstreet","symbol_text":null,"type_reference":"路邊停車格","type_confidence":0.6,"price_raw":null,"price_value":null,"capacity_total":1,"available_total":1,"occupied_total":0,"status_label":"空位","data_time":"2026-05-02 15:53:29+08:00","city_label":"新北市","facility_kind_label":"路邊車格","available_rate":1,"occupancy_rate":0,"price_tier":"unknown","price_tier_label":"價格未知"}},{"type":"Feature","geometry":{"type":"Point","coordinates":[121.512496,25.01356]},"properties":{"supply_id":"new_taipei-onstreet-94174","city":"new_taipei","district":"永和區","display_name":"信義路 車格 94174","address":"信義路","facility_kind":"onstreet","symbol_text":null,"type_reference":"路邊停車格","type_confidence":0.6,"price_raw":null,"price_value":null,"capacity_total":1,"available_total":0,"occupied_total":1,"status_label":"已停","data_time":"2026-05-02 15:53:29+08:00","city_label":"新北市","facility_kind_label":"路邊車格","available_rate":0,"occupancy_rate":1,"price_tier":"unknown","price_tier_label":"價格未知"}},{"type":"Feature","geometry":{"type":"Point","coordinates":[121.513559,25.013394]},"properties":{"supply_id":"new_taipei-onstreet-84481","city":"new_taipei","district":"永和區","display_name":"仁愛路 車格 84481","address":"仁愛路","facility_kind":"onstreet","symbol_text":null,"type_reference":"路邊停車格","type_confidence":0.6,"price_raw":null,"price_value":null,"capacity_total":1,"available_total":1,"occupied_total":0,"status_label":"空位","data_time":"2026-05-02 15:53:29+08:00","city_label":"新北市","facility_kind_label":"路邊車格","available_rate":1,"occupancy_rate":0,"price_tier":"unknown","price_tier_label":"價格未知"}},{"type":"Feature","geometry":{"type":"Point","coordinates":[121.518696,25.012181]},"properties":{"supply_id":"new_taipei-onstreet-65075","city":"new_taipei","district":"永和區","display_name":"中興街 車格 65075","address":"中興街","facility_kind":"onstreet","symbol_text":null,"type_reference":"路邊停車格","type_confidence":0.6,"price_raw":null,"price_value":null,"capacity_total":1,"available_total":1,"occupied_total":0,"status_label":"空位","data_time":"2026-05-02 15:53:29+08:00","city_label":"新北市","facility_kind_label":"路邊車格","available_rate":1,"occupancy_rate":0,"price_tier":"unknown","price_tier_label":"價格未知"}},{"type":"Feature","geometry":{"type":"Point","coordinates":[121.517927,25.010826]},"properties":{"supply_id":"new_taipei-onstreet-84253","city":"new_taipei","district":"永和區","display_name":"國光路 車格 84253","address":"國光路","facility_kind":"onstreet","symbol_text":null,"type_reference":"路邊停車格","type_confidence":0.6,"price_raw":null,"price_value":null,"capacity_total":1,"available_total":1,"occupied_total":0,"status_label":"空位","data_time":"2026-05-02 15:53:29+08:00","city_label":"新北市","facility_kind_label":"路邊車格","available_rate":1,"occupancy_rate":0,"price_tier":"unknown","price_tier_label":"價格未知"}},{"type":"Feature","geometry":{"type":"Point","coordinates":[121.513476,25.013386]},"properties":{"supply_id":"new_taipei-onstreet-85334","city":"new_taipei","district":"永和區","display_name":"仁愛路 車格 85334","address":"仁愛路","facility_kind":"onstreet","symbol_text":null,"type_reference":"路邊停車格","type_confidence":0.6,"price_raw":null,"price_value":null,"capacity_total":1,"available_total":1,"occupied_total":0,"status_label":"空位","data_time":"2026-05-02 15:53:29+08:00","city_label":"新北市","facility_kind_label":"路邊車格","available_rate":1,"occupancy_rate":0,"price_tier":"unknown","price_tier_label":"價格未知"}},{"type":"Feature","geometry":{"type":"Point","coordinates":[121.508987,25.005119]},"properties":{"supply_id":"new_taipei-onstreet-83363","city":"new_taipei","district":"永和區","display_name":"保平路 車格 83363","address":"保平路","facility_kind":"onstreet","symbol_text":null,"type_reference":"路邊停車格","type_confidence":0.6,"price_raw":null,"price_value":null,"capacity_total":1,"available_total":1,"occupied_total":0,"status_label":"空位","data_time":"2026-05-02 15:53:29+08:00","city_label":"新北市","facility_kind_label":"路邊車格","available_rate":1,"occupancy_rate":0,"price_tier":"unknown","price_tier_label":"價格未知"}},{"type":"Feature","geometry":{"type":"Point","coordinates":[121.506956,25.013045]},"properties":{"supply_id":"new_taipei-onstreet-18435","city":"new_taipei","district":"永和區","display_name":"保安路 車格 18435","address":"保安路","facility_kind":"onstreet","symbol_text":null,"type_reference":"路邊停車格","type_confidence":0.6,"price_raw":null,"price_value":null,"capacity_total":1,"available_total":1,"occupied_total":0,"status_label":"空位","data_time":"2026-05-02 15:53:29+08:00","city_label":"新北市","facility_kind_label":"路邊車格","available_rate":1,"occupancy_rate":0,"price_tier":"unknown","price_tier_label":"價格未知"}},{"type":"Feature","geometry":{"type":"Point","coordinates":[121.512464,25.013694]},"properties":{"supply_id":"new_taipei-onstreet-15628","city":"new_taipei","district":"永和區","display_name":"信義路 車格 15628","address":"信義路","facility_kind":"onstreet","symbol_text":null,"type_reference":"路邊停車格","type_confidence":0.6,"price_raw":null,"price_value":null,"capacity_total":1,"available_total":1,"occupied_total":0,"status_label":"空位","data_time":"2026-05-02 15:53:29+08:00","city_label":"新北市","facility_kind_label":"路邊車格","available_rate":1,"occupancy_rate":0,"price_tier":"unknown","price_tier_label":"價格未知"}},{"type":"Feature","geometry":{"type":"Point","coordinates":[121.509138,25.005243]},"properties":{"supply_id":"new_taipei-onstreet-72784","city":"new_taipei","district":"永和區","display_name":"保平路 車格 72784","address":"保平路","facility_kind":"onstreet","symbol_text":null,"type_reference":"路邊停車格","type_confidence":0.6,"price_raw":null,"price_value":null,"capacity_total":1,"available_total":0,"occupied_total":1,"status_label":"已停","data_time":"2026-05-02 15:53:29+08:00","city_label":"新北市","facility_kind_label":"路邊車格","available_rate":0,"occupancy_rate":1,"price_tier":"unknown","price_tier_label":"價格未知"}},{"type":"Feature","geometry":{"type":"Point","coordinates":[121.517986,25.010633]},"properties":{"supply_id":"new_taipei-onstreet-40912","city":"new_taipei","district":"永和區","display_name":"國光路 車格 40912","address":"國光路","facility_kind":"onstreet","symbol_text":null,"type_reference":"路邊停車格","type_confidence":0.6,"price_raw":null,"price_value":null,"capacity_total":1,"available_total":0,"occupied_total":1,"status_label":"已停","data_time":"2026-05-02 15:53:29+08:00","city_label":"新北市","facility_kind_label":"路邊車格","available_rate":0,"occupancy_rate":1,"price_tier":"unknown","price_tier_label":"價格未知"}},{"type":"Feature","geometry":{"type":"Point","coordinates":[121.525786,25.002361]},"properties":{"supply_id":"new_taipei-onstreet-37483","city":"new_taipei","district":"永和區","display_name":"永亨路 車格 37483","address":"永亨路","facility_kind":"onstreet","symbol_text":null,"type_reference":"路邊停車格","type_confidence":0.6,"price_raw":null,"price_value":null,"capacity_total":1,"available_total":1,"occupied_total":0,"status_label":"空位","data_time":"2026-05-02 15:53:29+08:00","city_label":"新北市","facility_kind_label":"路邊車格","available_rate":1,"occupancy_rate":0,"price_tier":"unknown","price_tier_label":"價格未知"}},{"type":"Feature","geometry":{"type":"Point","coordinates":[121.519766,25.006031]},"properties":{"supply_id":"new_taipei-onstreet-142929","city":"new_taipei","district":"永和區","display_name":"永亨路 車格 142929","address":"永亨路","facility_kind":"onstreet","symbol_text":null,"type_reference":"路邊停車格","type_confidence":0.6,"price_raw":null,"price_value":null,"capacity_total":1,"available_total":1,"occupied_total":0,"status_label":"空位","data_time":"2026-05-02 15:53:29+08:00","city_label":"新北市","facility_kind_label":"路邊車格","available_rate":1,"occupancy_rate":0,"price_tier":"unknown","price_tier_label":"價格未知"}},{"type":"Feature","geometry":{"type":"Point","coordinates":[121.516289,25.00429]},"properties":{"supply_id":"new_taipei-onstreet-27488","city":"new_taipei","district":"永和區","display_name":"永貞路 車格 27488","address":"永貞路","facility_kind":"onstreet","symbol_text":null,"type_reference":"路邊停車格","type_confidence":0.6,"price_raw":null,"price_value":null,"capacity_total":1,"available_total":1,"occupied_total":0,"status_label":"空位","data_time":"2026-05-02 15:53:29+08:00","city_label":"新北市","facility_kind_label":"路邊車格","available_rate":1,"occupancy_rate":0,"price_tier":"unknown","price_tier_label":"價格未知"}},{"type":"Feature","geometry":{"type":"Point","coordinates":[121.525878,25.002413]},"properties":{"supply_id":"new_taipei-onstreet-55046","city":"new_taipei","district":"永和區","display_name":"永亨路 車格 55046","address":"永亨路","facility_kind":"onstreet","symbol_text":null,"type_reference":"路邊停車格","type_confidence":0.6,"price_raw":null,"price_value":null,"capacity_total":1,"available_total":0,"occupied_total":1,"status_label":"已停","data_time":"2026-05-02 15:53:29+08:00","city_label":"新北市","facility_kind_label":"路邊車格","available_rate":0,"occupancy_rate":1,"price_tier":"unknown","price_tier_label":"價格未知"}},{"type":"Feature","geometry":{"type":"Point","coordinates":[121.506924,25.01301]},"properties":{"supply_id":"new_taipei-onstreet-18436","city":"new_taipei","district":"永和區","display_name":"保安路 車格 18436","address":"保安路","facility_kind":"onstreet","symbol_text":null,"type_reference":"路邊停車格","type_confidence":0.6,"price_raw":null,"price_value":null,"capacity_total":1,"available_total":1,"occupied_total":0,"status_label":"空位","data_time":"2026-05-02 15:53:29+08:00","city_label":"新北市","facility_kind_label":"路邊車格","available_rate":1,"occupancy_rate":0,"price_tier":"unknown","price_tier_label":"價格未知"}},{"type":"Feature","geometry":{"type":"Point","coordinates":[121.517891,25.010933]},"properties":{"supply_id":"new_taipei-onstreet-84254","city":"new_taipei","district":"永和區","display_name":"國光路 車格 84254","address":"國光路","facility_kind":"onstreet","symbol_text":null,"type_reference":"路邊停車格","type_confidence":0.6,"price_raw":null,"price_value":null,"capacity_total":1,"available_total":1,"occupied_total":0,"status_label":"空位","data_time":"2026-05-02 15:53:29+08:00","city_label":"新北市","facility_kind_label":"路邊車格","available_rate":1,"occupancy_rate":0,"price_tier":"unknown","price_tier_label":"價格未知"}},{"type":"Feature","geometry":{"type":"Point","coordinates":[121.515984,25.004217]},"properties":{"supply_id":"new_taipei-onstreet-27489","city":"new_taipei","district":"永和區","display_name":"永貞路 車格 27489","address":"永貞路","facility_kind":"onstreet","symbol_text":null,"type_reference":"路邊停車格","type_confidence":0.6,"price_raw":null,"price_value":null,"capacity_total":1,"available_total":1,"occupied_total":0,"status_label":"空位","data_time":"2026-05-02 15:53:29+08:00","city_label":"新北市","facility_kind_label":"路邊車格","available_rate":1,"occupancy_rate":0,"price_tier":"unknown","price_tier_label":"價格未知"}},{"type":"Feature","geometry":{"type":"Point","coordinates":[121.516883,25.004373]},"properties":{"supply_id":"new_taipei-onstreet-26645","city":"new_taipei","district":"永和區","display_name":"永貞路 車格 26645","address":"永貞路","facility_kind":"onstreet","symbol_text":null,"type_reference":"路邊停車格","type_confidence":0.6,"price_raw":null,"price_value":null,"capacity_total":1,"available_total":1,"occupied_total":0,"status_label":"空位","data_time":"2026-05-02 15:53:29+08:00","city_label":"新北市","facility_kind_label":"路邊車格","available_rate":1,"occupancy_rate":0,"price_tier":"unknown","price_tier_label":"價格未知"}},{"type":"Feature","geometry":{"type":"Point","coordinates":[121.516738,25.004357]},"properties":{"supply_id":"new_taipei-onstreet-26646","city":"new_taipei","district":"永和區","display_name":"永貞路 車格 26646","address":"永貞路","facility_kind":"onstreet","symbol_text":null,"type_reference":"路邊停車格","type_confidence":0.6,"price_raw":null,"price_value":null,"capacity_total":1,"available_total":1,"occupied_total":0,"status_label":"空位","data_time":"2026-05-02 15:53:29+08:00","city_label":"新北市","facility_kind_label":"路邊車格","available_rate":1,"occupancy_rate":0,"price_tier":"unknown","price_tier_label":"價格未知"}},{"type":"Feature","geometry":{"type":"Point","coordinates":[121.509203,25.005296]},"properties":{"supply_id":"new_taipei-onstreet-83370","city":"new_taipei","district":"永和區","display_name":"保平路 車格 83370","address":"保平路","facility_kind":"onstreet","symbol_text":null,"type_reference":"路邊停車格","type_confidence":0.6,"price_raw":null,"price_value":null,"capacity_total":1,"available_total":1,"occupied_total":0,"status_label":"空位","data_time":"2026-05-02 15:53:29+08:00","city_label":"新北市","facility_kind_label":"路邊車格","available_rate":1,"occupancy_rate":0,"price_tier":"unknown","price_tier_label":"價格未知"}},{"type":"Feature","geometry":{"type":"Point","coordinates":[121.51915,25.012325]},"properties":{"supply_id":"new_taipei-onstreet-83603","city":"new_taipei","district":"永和區","display_name":"中興街 車格 83603","address":"中興街","facility_kind":"onstreet","symbol_text":null,"type_reference":"路邊停車格","type_confidence":0.6,"price_raw":null,"price_value":null,"capacity_total":1,"available_total":0,"occupied_total":1,"status_label":"已停","data_time":"2026-05-02 15:53:29+08:00","city_label":"新北市","facility_kind_label":"路邊車格","available_rate":0,"occupancy_rate":1,"price_tier":"unknown","price_tier_label":"價格未知"}},{"type":"Feature","geometry":{"type":"Point","coordinates":[121.509286,25.005363]},"properties":{"supply_id":"new_taipei-onstreet-94303","city":"new_taipei","district":"永和區","display_name":"保平路 車格 94303","address":"保平路","facility_kind":"onstreet","symbol_text":null,"type_reference":"路邊停車格","type_confidence":0.6,"price_raw":null,"price_value":null,"capacity_total":1,"available_total":0,"occupied_total":1,"status_label":"已停","data_time":"2026-05-02 15:53:29+08:00","city_label":"新北市","facility_kind_label":"路邊車格","available_rate":0,"occupancy_rate":1,"price_tier":"unknown","price_tier_label":"價格未知"}},{"type":"Feature","geometry":{"type":"Point","coordinates":[121.512509,25.013504]},"properties":{"supply_id":"new_taipei-onstreet-94181","city":"new_taipei","district":"永和區","display_name":"信義路 車格 94181","address":"信義路","facility_kind":"onstreet","symbol_text":null,"type_reference":"路邊停車格","type_confidence":0.6,"price_raw":null,"price_value":null,"capacity_total":1,"available_total":1,"occupied_total":0,"status_label":"空位","data_time":"2026-05-02 15:53:29+08:00","city_label":"新北市","facility_kind_label":"路邊車格","available_rate":1,"occupancy_rate":0,"price_tier":"unknown","price_tier_label":"價格未知"}},{"type":"Feature","geometry":{"type":"Point","coordinates":[121.513652,25.013406]},"properties":{"supply_id":"new_taipei-onstreet-90903","city":"new_taipei","district":"永和區","display_name":"仁愛路 車格 90903","address":"仁愛路","facility_kind":"onstreet","symbol_text":null,"type_reference":"路邊停車格","type_confidence":0.6,"price_raw":null,"price_value":null,"capacity_total":1,"available_total":1,"occupied_total":0,"status_label":"空位","data_time":"2026-05-02 15:53:29+08:00","city_label":"新北市","facility_kind_label":"路邊車格","available_rate":1,"occupancy_rate":0,"price_tier":"unknown","price_tier_label":"價格未知"}},{"type":"Feature","geometry":{"type":"Point","coordinates":[121.509089,25.005203]},"properties":{"supply_id":"new_taipei-onstreet-83369","city":"new_taipei","district":"永和區","display_name":"保平路 車格 83369","address":"保平路","facility_kind":"onstreet","symbol_text":null,"type_reference":"路邊停車格","type_confidence":0.6,"price_raw":null,"price_value":null,"capacity_total":1,"available_total":1,"occupied_total":0,"status_label":"空位","data_time":"2026-05-02 15:53:29+08:00","city_label":"新北市","facility_kind_label":"路邊車格","available_rate":1,"occupancy_rate":0,"price_tier":"unknown","price_tier_label":"價格未知"}},{"type":"Feature","geometry":{"type":"Point","coordinates":[121.514167,25.013472]},"properties":{"supply_id":"new_taipei-onstreet-62583","city":"new_taipei","district":"永和區","display_name":"仁愛路 車格 62583","address":"仁愛路","facility_kind":"onstreet","symbol_text":null,"type_reference":"路邊停車格","type_confidence":0.6,"price_raw":null,"price_value":null,"capacity_total":1,"available_total":0,"occupied_total":1,"status_label":"已停","data_time":"2026-05-02 15:53:29+08:00","city_label":"新北市","facility_kind_label":"路邊車格","available_rate":0,"occupancy_rate":1,"price_tier":"unknown","price_tier_label":"價格未知"}},{"type":"Feature","geometry":{"type":"Point","coordinates":[121.509386,25.005439]},"properties":{"supply_id":"new_taipei-onstreet-62968","city":"new_taipei","district":"永和區","display_name":"保平路 車格 62968","address":"保平路","facility_kind":"onstreet","symbol_text":null,"type_reference":"路邊停車格","type_confidence":0.6,"price_raw":null,"price_value":null,"capacity_total":1,"available_total":1,"occupied_total":0,"status_label":"空位","data_time":"2026-05-02 15:53:29+08:00","city_label":"新北市","facility_kind_label":"路邊車格","available_rate":1,"occupancy_rate":0,"price_tier":"unknown","price_tier_label":"價格未知"}},{"type":"Feature","geometry":{"type":"Point","coordinates":[121.517875,25.010981]},"properties":{"supply_id":"new_taipei-onstreet-84258","city":"new_taipei","district":"永和區","display_name":"國光路 車格 84258","address":"國光路","facility_kind":"onstreet","symbol_text":null,"type_reference":"路邊停車格","type_confidence":0.6,"price_raw":null,"price_value":null,"capacity_total":1,"available_total":1,"occupied_total":0,"status_label":"空位","data_time":"2026-05-02 15:53:29+08:00","city_label":"新北市","facility_kind_label":"路邊車格","available_rate":1,"occupancy_rate":0,"price_tier":"unknown","price_tier_label":"價格未知"}},{"type":"Feature","geometry":{"type":"Point","coordinates":[121.520694,25.006109]},"properties":{"supply_id":"new_taipei-onstreet-149840","city":"new_taipei","district":"永和區","display_name":"永亨路 車格 149840","address":"永亨路","facility_kind":"onstreet","symbol_text":null,"type_reference":"路邊停車格","type_confidence":0.6,"price_raw":null,"price_value":null,"capacity_total":1,"available_total":0,"occupied_total":1,"status_label":"已停","data_time":"2026-05-02 15:53:29+08:00","city_label":"新北市","facility_kind_label":"路邊車格","available_rate":0,"occupancy_rate":1,"price_tier":"unknown","price_tier_label":"價格未知"}},{"type":"Feature","geometry":{"type":"Point","coordinates":[121.518011,25.010536]},"properties":{"supply_id":"new_taipei-onstreet-88927","city":"new_taipei","district":"永和區","display_name":"國光路 車格 88927","address":"國光路","facility_kind":"onstreet","symbol_text":null,"type_reference":"路邊停車格","type_confidence":0.6,"price_raw":null,"price_value":null,"capacity_total":1,"available_total":0,"occupied_total":1,"status_label":"已停","data_time":"2026-05-02 15:53:29+08:00","city_label":"新北市","facility_kind_label":"路邊車格","available_rate":0,"occupancy_rate":1,"price_tier":"unknown","price_tier_label":"價格未知"}},{"type":"Feature","geometry":{"type":"Point","coordinates":[121.518996,25.012276]},"properties":{"supply_id":"new_taipei-onstreet-83601","city":"new_taipei","district":"永和區","display_name":"中興街 車格 83601","address":"中興街","facility_kind":"onstreet","symbol_text":null,"type_reference":"路邊停車格","type_confidence":0.6,"price_raw":null,"price_value":null,"capacity_total":1,"available_total":1,"occupied_total":0,"status_label":"空位","data_time":"2026-05-02 15:53:29+08:00","city_label":"新北市","facility_kind_label":"路邊車格","available_rate":1,"occupancy_rate":0,"price_tier":"unknown","price_tier_label":"價格未知"}},{"type":"Feature","geometry":{"type":"Point","coordinates":[121.51253,25.013416]},"properties":{"supply_id":"new_taipei-onstreet-32645","city":"new_taipei","district":"永和區","display_name":"信義路 車格 32645","address":"信義路","facility_kind":"onstreet","symbol_text":null,"type_reference":"路邊停車格","type_confidence":0.6,"price_raw":null,"price_value":null,"capacity_total":1,"available_total":1,"occupied_total":0,"status_label":"空位","data_time":"2026-05-02 15:53:29+08:00","city_label":"新北市","facility_kind_label":"路邊車格","available_rate":1,"occupancy_rate":0,"price_tier":"unknown","price_tier_label":"價格未知"}},{"type":"Feature","geometry":{"type":"Point","coordinates":[121.51766,25.011541]},"properties":{"supply_id":"new_taipei-onstreet-155160","city":"new_taipei","district":"永和區","display_name":"國光路 車格 155160","address":"國光路","facility_kind":"onstreet","symbol_text":null,"type_reference":"路邊停車格","type_confidence":0.6,"price_raw":null,"price_value":null,"capacity_total":1,"available_total":0,"occupied_total":1,"status_label":"已停","data_time":"2026-05-02 15:53:29+08:00","city_label":"新北市","facility_kind_label":"路邊車格","available_rate":0,"occupancy_rate":1,"price_tier":"unknown","price_tier_label":"價格未知"}},{"type":"Feature","geometry":{"type":"Point","coordinates":[121.51588,25.004192]},"properties":{"supply_id":"new_taipei-onstreet-27490","city":"new_taipei","district":"永和區","display_name":"永貞路 車格 27490","address":"永貞路","facility_kind":"onstreet","symbol_text":null,"type_reference":"路邊停車格","type_confidence":0.6,"price_raw":null,"price_value":null,"capacity_total":1,"available_total":1,"occupied_total":0,"status_label":"空位","data_time":"2026-05-02 15:53:29+08:00","city_label":"新北市","facility_kind_label":"路邊車格","available_rate":1,"occupancy_rate":0,"price_tier":"unknown","price_tier_label":"價格未知"}},{"type":"Feature","geometry":{"type":"Point","coordinates":[121.519091,25.012307]},"properties":{"supply_id":"new_taipei-onstreet-83602","city":"new_taipei","district":"永和區","display_name":"中興街 車格 83602","address":"中興街","facility_kind":"onstreet","symbol_text":null,"type_reference":"路邊停車格","type_confidence":0.6,"price_raw":null,"price_value":null,"capacity_total":1,"available_total":1,"occupied_total":0,"status_label":"空位","data_time":"2026-05-02 15:53:29+08:00","city_label":"新北市","facility_kind_label":"路邊車格","available_rate":1,"occupancy_rate":0,"price_tier":"unknown","price_tier_label":"價格未知"}},{"type":"Feature","geometry":{"type":"Point","coordinates":[121.509932,25.013658]},"properties":{"supply_id":"new_taipei-onstreet-93458","city":"new_taipei","district":"永和區","display_name":"保福路二段 車格 93458","address":"保福路二段","facility_kind":"onstreet","symbol_text":null,"type_reference":"路邊停車格","type_confidence":0.6,"price_raw":null,"price_value":null,"capacity_total":1,"available_total":1,"occupied_total":0,"status_label":"空位","data_time":"2026-05-02 15:53:29+08:00","city_label":"新北市","facility_kind_label":"路邊車格","available_rate":1,"occupancy_rate":0,"price_tier":"unknown","price_tier_label":"價格未知"}},{"type":"Feature","geometry":{"type":"Point","coordinates":[121.51414,25.013365]},"properties":{"supply_id":"new_taipei-onstreet-90905","city":"new_taipei","district":"永和區","display_name":"仁愛路 車格 90905","address":"仁愛路","facility_kind":"onstreet","symbol_text":null,"type_reference":"路邊停車格","type_confidence":0.6,"price_raw":null,"price_value":null,"capacity_total":1,"available_total":1,"occupied_total":0,"status_label":"空位","data_time":"2026-05-02 15:53:29+08:00","city_label":"新北市","facility_kind_label":"路邊車格","available_rate":1,"occupancy_rate":0,"price_tier":"unknown","price_tier_label":"價格未知"}},{"type":"Feature","geometry":{"type":"Point","coordinates":[121.509518,25.005548]},"properties":{"supply_id":"new_taipei-onstreet-83414","city":"new_taipei","district":"永和區","display_name":"保平路 車格 83414","address":"保平路","facility_kind":"onstreet","symbol_text":null,"type_reference":"路邊停車格","type_confidence":0.6,"price_raw":null,"price_value":null,"capacity_total":1,"available_total":0,"occupied_total":1,"status_label":"已停","data_time":"2026-05-02 15:53:29+08:00","city_label":"新北市","facility_kind_label":"路邊車格","available_rate":0,"occupancy_rate":1,"price_tier":"unknown","price_tier_label":"價格未知"}},{"type":"Feature","geometry":{"type":"Point","coordinates":[121.52463,25.004089]},"properties":{"supply_id":"new_taipei-onstreet-155428","city":"new_taipei","district":"永和區","display_name":"永亨路 車格 155428","address":"永亨路","facility_kind":"onstreet","symbol_text":null,"type_reference":"路邊停車格","type_confidence":0.6,"price_raw":null,"price_value":null,"capacity_total":1,"available_total":1,"occupied_total":0,"status_label":"空位","data_time":"2026-05-02 15:53:29+08:00","city_label":"新北市","facility_kind_label":"路邊車格","available_rate":1,"occupancy_rate":0,"price_tier":"unknown","price_tier_label":"價格未知"}},{"type":"Feature","geometry":{"type":"Point","coordinates":[121.512664,25.013009]},"properties":{"supply_id":"new_taipei-onstreet-64535","city":"new_taipei","district":"永和區","display_name":"信義路 車格 64535","address":"信義路","facility_kind":"onstreet","symbol_text":null,"type_reference":"路邊停車格","type_confidence":0.6,"price_raw":null,"price_value":null,"capacity_total":1,"available_total":1,"occupied_total":0,"status_label":"空位","data_time":"2026-05-02 15:53:29+08:00","city_label":"新北市","facility_kind_label":"路邊車格","available_rate":1,"occupancy_rate":0,"price_tier":"unknown","price_tier_label":"價格未知"}},{"type":"Feature","geometry":{"type":"Point","coordinates":[121.517912,25.010873]},"properties":{"supply_id":"new_taipei-onstreet-84641","city":"new_taipei","district":"永和區","display_name":"國光路 車格 84641","address":"國光路","facility_kind":"onstreet","symbol_text":null,"type_reference":"路邊停車格","type_confidence":0.6,"price_raw":null,"price_value":null,"capacity_total":1,"available_total":0,"occupied_total":1,"status_label":"已停","data_time":"2026-05-02 15:53:29+08:00","city_label":"新北市","facility_kind_label":"路邊車格","available_rate":0,"occupancy_rate":1,"price_tier":"unknown","price_tier_label":"價格未知"}},{"type":"Feature","geometry":{"type":"Point","coordinates":[121.507932,25.014251]},"properties":{"supply_id":"new_taipei-onstreet-4694","city":"new_taipei","district":"永和區","display_name":"保安路 車格 4694","address":"保安路","facility_kind":"onstreet","symbol_text":null,"type_reference":"路邊停車格","type_confidence":0.6,"price_raw":null,"price_value":null,"capacity_total":1,"available_total":1,"occupied_total":0,"status_label":"空位","data_time":"2026-05-02 15:53:29+08:00","city_label":"新北市","facility_kind_label":"路邊車格","available_rate":1,"occupancy_rate":0,"price_tier":"unknown","price_tier_label":"價格未知"}},{"type":"Feature","geometry":{"type":"Point","coordinates":[121.510459,25.01306]},"properties":{"supply_id":"new_taipei-onstreet-83322","city":"new_taipei","district":"永和區","display_name":"保福路二段 車格 83322","address":"保福路二段","facility_kind":"onstreet","symbol_text":null,"type_reference":"路邊停車格","type_confidence":0.6,"price_raw":null,"price_value":null,"capacity_total":1,"available_total":1,"occupied_total":0,"status_label":"空位","data_time":"2026-05-02 15:53:29+08:00","city_label":"新北市","facility_kind_label":"路邊車格","available_rate":1,"occupancy_rate":0,"price_tier":"unknown","price_tier_label":"價格未知"}},{"type":"Feature","geometry":{"type":"Point","coordinates":[121.513029,25.012574]},"properties":{"supply_id":"new_taipei-onstreet-83639","city":"new_taipei","district":"永和區","display_name":"信義路 車格 83639","address":"信義路","facility_kind":"onstreet","symbol_text":null,"type_reference":"路邊停車格","type_confidence":0.6,"price_raw":null,"price_value":null,"capacity_total":1,"available_total":1,"occupied_total":0,"status_label":"空位","data_time":"2026-05-02 15:53:29+08:00","city_label":"新北市","facility_kind_label":"路邊車格","available_rate":1,"occupancy_rate":0,"price_tier":"unknown","price_tier_label":"價格未知"}},{"type":"Feature","geometry":{"type":"Point","coordinates":[121.513863,25.013339]},"properties":{"supply_id":"new_taipei-onstreet-83283","city":"new_taipei","district":"永和區","display_name":"仁愛路 車格 83283","address":"仁愛路","facility_kind":"onstreet","symbol_text":null,"type_reference":"路邊停車格","type_confidence":0.6,"price_raw":null,"price_value":null,"capacity_total":1,"available_total":1,"occupied_total":0,"status_label":"空位","data_time":"2026-05-02 15:53:29+08:00","city_label":"新北市","facility_kind_label":"路邊車格","available_rate":1,"occupancy_rate":0,"price_tier":"unknown","price_tier_label":"價格未知"}},{"type":"Feature","geometry":{"type":"Point","coordinates":[121.509705,25.0057]},"properties":{"supply_id":"new_taipei-onstreet-83418","city":"new_taipei","district":"永和區","display_name":"保平路 車格 83418","address":"保平路","facility_kind":"onstreet","symbol_text":null,"type_reference":"路邊停車格","type_confidence":0.6,"price_raw":null,"price_value":null,"capacity_total":1,"available_total":0,"occupied_total":1,"status_label":"已停","data_time":"2026-05-02 15:53:29+08:00","city_label":"新北市","facility_kind_label":"路邊車格","available_rate":0,"occupancy_rate":1,"price_tier":"unknown","price_tier_label":"價格未知"}},{"type":"Feature","geometry":{"type":"Point","coordinates":[121.507845,25.014158]},"properties":{"supply_id":"new_taipei-onstreet-47724","city":"new_taipei","district":"永和區","display_name":"保安路 車格 47724","address":"保安路","facility_kind":"onstreet","symbol_text":null,"type_reference":"路邊停車格","type_confidence":0.6,"price_raw":null,"price_value":null,"capacity_total":1,"available_total":1,"occupied_total":0,"status_label":"空位","data_time":"2026-05-02 15:53:29+08:00","city_label":"新北市","facility_kind_label":"路邊車格","available_rate":1,"occupancy_rate":0,"price_tier":"unknown","price_tier_label":"價格未知"}},{"type":"Feature","geometry":{"type":"Point","coordinates":[121.507887,25.014203]},"properties":{"supply_id":"new_taipei-onstreet-85998","city":"new_taipei","district":"永和區","display_name":"保安路 車格 85998","address":"保安路","facility_kind":"onstreet","symbol_text":null,"type_reference":"路邊停車格","type_confidence":0.6,"price_raw":null,"price_value":null,"capacity_total":1,"available_total":1,"occupied_total":0,"status_label":"空位","data_time":"2026-05-02 15:53:29+08:00","city_label":"新北市","facility_kind_label":"路邊車格","available_rate":1,"occupancy_rate":0,"price_tier":"unknown","price_tier_label":"價格未知"}},{"type":"Feature","geometry":{"type":"Point","coordinates":[121.51401,25.013353]},"properties":{"supply_id":"new_taipei-onstreet-90908","city":"new_taipei","district":"永和區","display_name":"仁愛路 車格 90908","address":"仁愛路","facility_kind":"onstreet","symbol_text":null,"type_reference":"路邊停車格","type_confidence":0.6,"price_raw":null,"price_value":null,"capacity_total":1,"available_total":1,"occupied_total":0,"status_label":"空位","data_time":"2026-05-02 15:53:29+08:00","city_label":"新北市","facility_kind_label":"路邊車格","available_rate":1,"occupancy_rate":0,"price_tier":"unknown","price_tier_label":"價格未知"}},{"type":"Feature","geometry":{"type":"Point","coordinates":[121.509615,25.005628]},"properties":{"supply_id":"new_taipei-onstreet-83416","city":"new_taipei","district":"永和區","display_name":"保平路 車格 83416","address":"保平路","facility_kind":"onstreet","symbol_text":null,"type_reference":"路邊停車格","type_confidence":0.6,"price_raw":null,"price_value":null,"capacity_total":1,"available_total":0,"occupied_total":1,"status_label":"已停","data_time":"2026-05-02 15:53:29+08:00","city_label":"新北市","facility_kind_label":"路邊車格","available_rate":0,"occupancy_rate":1,"price_tier":"unknown","price_tier_label":"價格未知"}},{"type":"Feature","geometry":{"type":"Point","coordinates":[121.509469,25.005508]},"properties":{"supply_id":"new_taipei-onstreet-27068","city":"new_taipei","district":"永和區","display_name":"保平路 車格 27068","address":"保平路","facility_kind":"onstreet","symbol_text":null,"type_reference":"路邊停車格","type_confidence":0.6,"price_raw":null,"price_value":null,"capacity_total":1,"available_total":1,"occupied_total":0,"status_label":"空位","data_time":"2026-05-02 15:53:29+08:00","city_label":"新北市","facility_kind_label":"路邊車格","available_rate":1,"occupancy_rate":0,"price_tier":"unknown","price_tier_label":"價格未知"}},{"type":"Feature","geometry":{"type":"Point","coordinates":[121.514074,25.013359]},"properties":{"supply_id":"new_taipei-onstreet-90907","city":"new_taipei","district":"永和區","display_name":"仁愛路 車格 90907","address":"仁愛路","facility_kind":"onstreet","symbol_text":null,"type_reference":"路邊停車格","type_confidence":0.6,"price_raw":null,"price_value":null,"capacity_total":1,"available_total":1,"occupied_total":0,"status_label":"空位","data_time":"2026-05-02 15:53:29+08:00","city_label":"新北市","facility_kind_label":"路邊車格","available_rate":1,"occupancy_rate":0,"price_tier":"unknown","price_tier_label":"價格未知"}},{"type":"Feature","geometry":{"type":"Point","coordinates":[121.509567,25.005588]},"properties":{"supply_id":"new_taipei-onstreet-83415","city":"new_taipei","district":"永和區","display_name":"保平路 車格 83415","address":"保平路","facility_kind":"onstreet","symbol_text":null,"type_reference":"路邊停車格","type_confidence":0.6,"price_raw":null,"price_value":null,"capacity_total":1,"available_total":1,"occupied_total":0,"status_label":"空位","data_time":"2026-05-02 15:53:29+08:00","city_label":"新北市","facility_kind_label":"路邊車格","available_rate":1,"occupancy_rate":0,"price_tier":"unknown","price_tier_label":"價格未知"}},{"type":"Feature","geometry":{"type":"Point","coordinates":[121.517723,25.01136]},"properties":{"supply_id":"new_taipei-onstreet-155162","city":"new_taipei","district":"永和區","display_name":"國光路 車格 155162","address":"國光路","facility_kind":"onstreet","symbol_text":null,"type_reference":"路邊停車格","type_confidence":0.6,"price_raw":null,"price_value":null,"capacity_total":1,"available_total":0,"occupied_total":1,"status_label":"已停","data_time":"2026-05-02 15:53:29+08:00","city_label":"新北市","facility_kind_label":"路邊車格","available_rate":0,"occupancy_rate":1,"price_tier":"unknown","price_tier_label":"價格未知"}},{"type":"Feature","geometry":{"type":"Point","coordinates":[121.517644,25.011588]},"properties":{"supply_id":"new_taipei-onstreet-155159","city":"new_taipei","district":"永和區","display_name":"國光路 車格 155159","address":"國光路","facility_kind":"onstreet","symbol_text":null,"type_reference":"路邊停車格","type_confidence":0.6,"price_raw":null,"price_value":null,"capacity_total":1,"available_total":0,"occupied_total":1,"status_label":"已停","data_time":"2026-05-02 15:53:29+08:00","city_label":"新北市","facility_kind_label":"路邊車格","available_rate":0,"occupancy_rate":1,"price_tier":"unknown","price_tier_label":"價格未知"}},{"type":"Feature","geometry":{"type":"Point","coordinates":[121.515551,25.004111]},"properties":{"supply_id":"new_taipei-onstreet-26965","city":"new_taipei","district":"永和區","display_name":"永貞路 車格 26965","address":"永貞路","facility_kind":"onstreet","symbol_text":null,"type_reference":"路邊停車格","type_confidence":0.6,"price_raw":null,"price_value":null,"capacity_total":1,"available_total":1,"occupied_total":0,"status_label":"空位","data_time":"2026-05-02 15:53:29+08:00","city_label":"新北市","facility_kind_label":"路邊車格","available_rate":1,"occupancy_rate":0,"price_tier":"unknown","price_tier_label":"價格未知"}},{"type":"Feature","geometry":{"type":"Point","coordinates":[121.513917,25.013344]},"properties":{"supply_id":"new_taipei-onstreet-90910","city":"new_taipei","district":"永和區","display_name":"仁愛路 車格 90910","address":"仁愛路","facility_kind":"onstreet","symbol_text":null,"type_reference":"路邊停車格","type_confidence":0.6,"price_raw":null,"price_value":null,"capacity_total":1,"available_total":1,"occupied_total":0,"status_label":"空位","data_time":"2026-05-02 15:53:29+08:00","city_label":"新北市","facility_kind_label":"路邊車格","available_rate":1,"occupancy_rate":0,"price_tier":"unknown","price_tier_label":"價格未知"}},{"type":"Feature","geometry":{"type":"Point","coordinates":[121.515757,25.004163]},"properties":{"supply_id":"new_taipei-onstreet-80983","city":"new_taipei","district":"永和區","display_name":"永貞路 車格 80983","address":"永貞路","facility_kind":"onstreet","symbol_text":null,"type_reference":"路邊停車格","type_confidence":0.6,"price_raw":null,"price_value":null,"capacity_total":1,"available_total":1,"occupied_total":0,"status_label":"空位","data_time":"2026-05-02 15:53:29+08:00","city_label":"新北市","facility_kind_label":"路邊車格","available_rate":1,"occupancy_rate":0,"price_tier":"unknown","price_tier_label":"價格未知"}},{"type":"Feature","geometry":{"type":"Point","coordinates":[121.515614,25.004127]},"properties":{"supply_id":"new_taipei-onstreet-83230","city":"new_taipei","district":"永和區","display_name":"永貞路 車格 83230","address":"永貞路","facility_kind":"onstreet","symbol_text":null,"type_reference":"路邊停車格","type_confidence":0.6,"price_raw":null,"price_value":null,"capacity_total":1,"available_total":1,"occupied_total":0,"status_label":"空位","data_time":"2026-05-02 15:53:29+08:00","city_label":"新北市","facility_kind_label":"路邊車格","available_rate":1,"occupancy_rate":0,"price_tier":"unknown","price_tier_label":"價格未知"}},{"type":"Feature","geometry":{"type":"Point","coordinates":[121.51315,25.012488]},"properties":{"supply_id":"new_taipei-onstreet-83637","city":"new_taipei","district":"永和區","display_name":"信義路 車格 83637","address":"信義路","facility_kind":"onstreet","symbol_text":null,"type_reference":"路邊停車格","type_confidence":0.6,"price_raw":null,"price_value":null,"capacity_total":1,"available_total":1,"occupied_total":0,"status_label":"空位","data_time":"2026-05-02 15:53:29+08:00","city_label":"新北市","facility_kind_label":"路邊車格","available_rate":1,"occupancy_rate":0,"price_tier":"unknown","price_tier_label":"價格未知"}},{"type":"Feature","geometry":{"type":"Point","coordinates":[121.509662,25.005666]},"properties":{"supply_id":"new_taipei-onstreet-83417","city":"new_taipei","district":"永和區","display_name":"保平路 車格 83417","address":"保平路","facility_kind":"onstreet","symbol_text":null,"type_reference":"路邊停車格","type_confidence":0.6,"price_raw":null,"price_value":null,"capacity_total":1,"available_total":0,"occupied_total":1,"status_label":"已停","data_time":"2026-05-02 15:53:29+08:00","city_label":"新北市","facility_kind_label":"路邊車格","available_rate":0,"occupancy_rate":1,"price_tier":"unknown","price_tier_label":"價格未知"}},{"type":"Feature","geometry":{"type":"Point","coordinates":[121.514989,25.003978]},"properties":{"supply_id":"new_taipei-onstreet-121199","city":"new_taipei","district":"永和區","display_name":"永貞路 車格 121199","address":"永貞路","facility_kind":"onstreet","symbol_text":null,"type_reference":"路邊停車格","type_confidence":0.6,"price_raw":null,"price_value":null,"capacity_total":1,"available_total":1,"occupied_total":0,"status_label":"空位","data_time":"2026-05-02 15:53:29+08:00","city_label":"新北市","facility_kind_label":"路邊車格","available_rate":1,"occupancy_rate":0,"price_tier":"unknown","price_tier_label":"價格未知"}},{"type":"Feature","geometry":{"type":"Point","coordinates":[121.510933,25.012109]},"properties":{"supply_id":"new_taipei-onstreet-81004","city":"new_taipei","district":"永和區","display_name":"保福路二段 車格 81004","address":"保福路二段","facility_kind":"onstreet","symbol_text":null,"type_reference":"路邊停車格","type_confidence":0.6,"price_raw":null,"price_value":null,"capacity_total":1,"available_total":1,"occupied_total":0,"status_label":"空位","data_time":"2026-05-02 15:53:29+08:00","city_label":"新北市","facility_kind_label":"路邊車格","available_rate":1,"occupancy_rate":0,"price_tier":"unknown","price_tier_label":"價格未知"}},{"type":"Feature","geometry":{"type":"Point","coordinates":[121.515207,25.00403]},"properties":{"supply_id":"new_taipei-onstreet-66591","city":"new_taipei","district":"永和區","display_name":"永貞路 車格 66591","address":"永貞路","facility_kind":"onstreet","symbol_text":null,"type_reference":"路邊停車格","type_confidence":0.6,"price_raw":null,"price_value":null,"capacity_total":1,"available_total":1,"occupied_total":0,"status_label":"空位","data_time":"2026-05-02 15:53:29+08:00","city_label":"新北市","facility_kind_label":"路邊車格","available_rate":1,"occupancy_rate":0,"price_tier":"unknown","price_tier_label":"價格未知"}},{"type":"Feature","geometry":{"type":"Point","coordinates":[121.510369,25.01322]},"properties":{"supply_id":"new_taipei-onstreet-83323","city":"new_taipei","district":"永和區","display_name":"保福路二段 車格 83323","address":"保福路二段","facility_kind":"onstreet","symbol_text":null,"type_reference":"路邊停車格","type_confidence":0.6,"price_raw":null,"price_value":null,"capacity_total":1,"available_total":0,"occupied_total":1,"status_label":"已停","data_time":"2026-05-02 15:53:29+08:00","city_label":"新北市","facility_kind_label":"路邊車格","available_rate":0,"occupancy_rate":1,"price_tier":"unknown","price_tier_label":"價格未知"}},{"type":"Feature","geometry":{"type":"Point","coordinates":[121.512945,25.012638]},"properties":{"supply_id":"new_taipei-onstreet-27122","city":"new_taipei","district":"永和區","display_name":"信義路 車格 27122","address":"信義路","facility_kind":"onstreet","symbol_text":null,"type_reference":"路邊停車格","type_confidence":0.6,"price_raw":null,"price_value":null,"capacity_total":1,"available_total":1,"occupied_total":0,"status_label":"空位","data_time":"2026-05-02 15:53:29+08:00","city_label":"新北市","facility_kind_label":"路邊車格","available_rate":1,"occupancy_rate":0,"price_tier":"unknown","price_tier_label":"價格未知"}},{"type":"Feature","geometry":{"type":"Point","coordinates":[121.512987,25.012606]},"properties":{"supply_id":"new_taipei-onstreet-83638","city":"new_taipei","district":"永和區","display_name":"信義路 車格 83638","address":"信義路","facility_kind":"onstreet","symbol_text":null,"type_reference":"路邊停車格","type_confidence":0.6,"price_raw":null,"price_value":null,"capacity_total":1,"available_total":0,"occupied_total":1,"status_label":"已停","data_time":"2026-05-02 15:53:29+08:00","city_label":"新北市","facility_kind_label":"路邊車格","available_rate":0,"occupancy_rate":1,"price_tier":"unknown","price_tier_label":"價格未知"}},{"type":"Feature","geometry":{"type":"Point","coordinates":[121.507964,25.014285]},"properties":{"supply_id":"new_taipei-onstreet-47725","city":"new_taipei","district":"永和區","display_name":"保安路 車格 47725","address":"保安路","facility_kind":"onstreet","symbol_text":null,"type_reference":"路邊停車格","type_confidence":0.6,"price_raw":null,"price_value":null,"capacity_total":1,"available_total":1,"occupied_total":0,"status_label":"空位","data_time":"2026-05-02 15:53:29+08:00","city_label":"新北市","facility_kind_label":"路邊車格","available_rate":1,"occupancy_rate":0,"price_tier":"unknown","price_tier_label":"價格未知"}},{"type":"Feature","geometry":{"type":"Point","coordinates":[121.515313,25.004055]},"properties":{"supply_id":"new_taipei-onstreet-94267","city":"new_taipei","district":"永和區","display_name":"永貞路 車格 94267","address":"永貞路","facility_kind":"onstreet","symbol_text":null,"type_reference":"路邊停車格","type_confidence":0.6,"price_raw":null,"price_value":null,"capacity_total":1,"available_total":1,"occupied_total":0,"status_label":"空位","data_time":"2026-05-02 15:53:29+08:00","city_label":"新北市","facility_kind_label":"路邊車格","available_rate":1,"occupancy_rate":0,"price_tier":"unknown","price_tier_label":"價格未知"}},{"type":"Feature","geometry":{"type":"Point","coordinates":[121.508089,25.014422]},"properties":{"supply_id":"new_taipei-onstreet-85997","city":"new_taipei","district":"永和區","display_name":"保安路 車格 85997","address":"保安路","facility_kind":"onstreet","symbol_text":null,"type_reference":"路邊停車格","type_confidence":0.6,"price_raw":null,"price_value":null,"capacity_total":1,"available_total":1,"occupied_total":0,"status_label":"空位","data_time":"2026-05-02 15:53:29+08:00","city_label":"新北市","facility_kind_label":"路邊車格","available_rate":1,"occupancy_rate":0,"price_tier":"unknown","price_tier_label":"價格未知"}},{"type":"Feature","geometry":{"type":"Point","coordinates":[121.508132,25.01447]},"properties":{"supply_id":"new_taipei-onstreet-47728","city":"new_taipei","district":"永和區","display_name":"保安路 車格 47728","address":"保安路","facility_kind":"onstreet","symbol_text":null,"type_reference":"路邊停車格","type_confidence":0.6,"price_raw":null,"price_value":null,"capacity_total":1,"available_total":1,"occupied_total":0,"status_label":"空位","data_time":"2026-05-02 15:53:29+08:00","city_label":"新北市","facility_kind_label":"路邊車格","available_rate":1,"occupancy_rate":0,"price_tier":"unknown","price_tier_label":"價格未知"}},{"type":"Feature","geometry":{"type":"Point","coordinates":[121.510055,25.005987]},"properties":{"supply_id":"new_taipei-onstreet-27060","city":"new_taipei","district":"永和區","display_name":"保平路 車格 27060","address":"保平路","facility_kind":"onstreet","symbol_text":null,"type_reference":"路邊停車格","type_confidence":0.6,"price_raw":null,"price_value":null,"capacity_total":1,"available_total":1,"occupied_total":0,"status_label":"空位","data_time":"2026-05-02 15:53:29+08:00","city_label":"新北市","facility_kind_label":"路邊車格","available_rate":1,"occupancy_rate":0,"price_tier":"unknown","price_tier_label":"價格未知"}},{"type":"Feature","geometry":{"type":"Point","coordinates":[121.510777,25.012428]},"properties":{"supply_id":"new_taipei-onstreet-93790","city":"new_taipei","district":"永和區","display_name":"保福路二段 車格 93790","address":"保福路二段","facility_kind":"onstreet","symbol_text":null,"type_reference":"路邊停車格","type_confidence":0.6,"price_raw":null,"price_value":null,"capacity_total":1,"available_total":1,"occupied_total":0,"status_label":"空位","data_time":"2026-05-02 15:53:29+08:00","city_label":"新北市","facility_kind_label":"路邊車格","available_rate":1,"occupancy_rate":0,"price_tier":"unknown","price_tier_label":"價格未知"}},{"type":"Feature","geometry":{"type":"Point","coordinates":[121.513104,25.012515]},"properties":{"supply_id":"new_taipei-onstreet-83644","city":"new_taipei","district":"永和區","display_name":"信義路 車格 83644","address":"信義路","facility_kind":"onstreet","symbol_text":null,"type_reference":"路邊停車格","type_confidence":0.6,"price_raw":null,"price_value":null,"capacity_total":1,"available_total":1,"occupied_total":0,"status_label":"空位","data_time":"2026-05-02 15:53:29+08:00","city_label":"新北市","facility_kind_label":"路邊車格","available_rate":1,"occupancy_rate":0,"price_tier":"unknown","price_tier_label":"價格未知"}},{"type":"Feature","geometry":{"type":"Point","coordinates":[121.508043,25.014372]},"properties":{"supply_id":"new_taipei-onstreet-75900","city":"new_taipei","district":"永和區","display_name":"保安路 車格 75900","address":"保安路","facility_kind":"onstreet","symbol_text":null,"type_reference":"路邊停車格","type_confidence":0.6,"price_raw":null,"price_value":null,"capacity_total":1,"available_total":1,"occupied_total":0,"status_label":"空位","data_time":"2026-05-02 15:53:29+08:00","city_label":"新北市","facility_kind_label":"路邊車格","available_rate":1,"occupancy_rate":0,"price_tier":"unknown","price_tier_label":"價格未知"}},{"type":"Feature","geometry":{"type":"Point","coordinates":[121.510828,25.012334]},"properties":{"supply_id":"new_taipei-onstreet-148253","city":"new_taipei","district":"永和區","display_name":"保福路二段 車格 148253","address":"保福路二段","facility_kind":"onstreet","symbol_text":null,"type_reference":"路邊停車格","type_confidence":0.6,"price_raw":null,"price_value":null,"capacity_total":1,"available_total":1,"occupied_total":0,"status_label":"空位","data_time":"2026-05-02 15:53:29+08:00","city_label":"新北市","facility_kind_label":"路邊車格","available_rate":1,"occupancy_rate":0,"price_tier":"unknown","price_tier_label":"價格未知"}},{"type":"Feature","geometry":{"type":"Point","coordinates":[121.51526,25.004043]},"properties":{"supply_id":"new_taipei-onstreet-94268","city":"new_taipei","district":"永和區","display_name":"永貞路 車格 94268","address":"永貞路","facility_kind":"onstreet","symbol_text":null,"type_reference":"路邊停車格","type_confidence":0.6,"price_raw":null,"price_value":null,"capacity_total":1,"available_total":1,"occupied_total":0,"status_label":"空位","data_time":"2026-05-02 15:53:29+08:00","city_label":"新北市","facility_kind_label":"路邊車格","available_rate":1,"occupancy_rate":0,"price_tier":"unknown","price_tier_label":"價格未知"}},{"type":"Feature","geometry":{"type":"Point","coordinates":[121.525237,25.003246]},"properties":{"supply_id":"new_taipei-onstreet-53550","city":"new_taipei","district":"永和區","display_name":"永利路 車格 53550","address":"永利路","facility_kind":"onstreet","symbol_text":null,"type_reference":"路邊停車格","type_confidence":0.6,"price_raw":null,"price_value":null,"capacity_total":1,"available_total":1,"occupied_total":0,"status_label":"空位","data_time":"2026-05-02 15:53:29+08:00","city_label":"新北市","facility_kind_label":"路邊車格","available_rate":1,"occupancy_rate":0,"price_tier":"unknown","price_tier_label":"價格未知"}},{"type":"Feature","geometry":{"type":"Point","coordinates":[121.514936,25.003967]},"properties":{"supply_id":"new_taipei-onstreet-94270","city":"new_taipei","district":"永和區","display_name":"永貞路 車格 94270","address":"永貞路","facility_kind":"onstreet","symbol_text":null,"type_reference":"路邊停車格","type_confidence":0.6,"price_raw":null,"price_value":null,"capacity_total":1,"available_total":1,"occupied_total":0,"status_label":"空位","data_time":"2026-05-02 15:53:29+08:00","city_label":"新北市","facility_kind_label":"路邊車格","available_rate":1,"occupancy_rate":0,"price_tier":"unknown","price_tier_label":"價格未知"}},{"type":"Feature","geometry":{"type":"Point","coordinates":[121.513727,25.013326]},"properties":{"supply_id":"new_taipei-onstreet-67049","city":"new_taipei","district":"永和區","display_name":"仁愛路 車格 67049","address":"仁愛路","facility_kind":"onstreet","symbol_text":null,"type_reference":"路邊停車格","type_confidence":0.6,"price_raw":null,"price_value":null,"capacity_total":1,"available_total":1,"occupied_total":0,"status_label":"空位","data_time":"2026-05-02 15:53:29+08:00","city_label":"新北市","facility_kind_label":"路邊車格","available_rate":1,"occupancy_rate":0,"price_tier":"unknown","price_tier_label":"價格未知"}},{"type":"Feature","geometry":{"type":"Point","coordinates":[121.509786,25.005768]},"properties":{"supply_id":"new_taipei-onstreet-72783","city":"new_taipei","district":"永和區","display_name":"保平路 車格 72783","address":"保平路","facility_kind":"onstreet","symbol_text":null,"type_reference":"路邊停車格","type_confidence":0.6,"price_raw":null,"price_value":null,"capacity_total":1,"available_total":1,"occupied_total":0,"status_label":"空位","data_time":"2026-05-02 15:53:29+08:00","city_label":"新北市","facility_kind_label":"路邊車格","available_rate":1,"occupancy_rate":0,"price_tier":"unknown","price_tier_label":"價格未知"}},{"type":"Feature","geometry":{"type":"Point","coordinates":[121.510801,25.012383]},"properties":{"supply_id":"new_taipei-onstreet-93791","city":"new_taipei","district":"永和區","display_name":"保福路二段 車格 93791","address":"保福路二段","facility_kind":"onstreet","symbol_text":null,"type_reference":"路邊停車格","type_confidence":0.6,"price_raw":null,"price_value":null,"capacity_total":1,"available_total":1,"occupied_total":0,"status_label":"空位","data_time":"2026-05-02 15:53:29+08:00","city_label":"新北市","facility_kind_label":"路邊車格","available_rate":1,"occupancy_rate":0,"price_tier":"unknown","price_tier_label":"價格未知"}},{"type":"Feature","geometry":{"type":"Point","coordinates":[121.513794,25.013333]},"properties":{"supply_id":"new_taipei-onstreet-90909","city":"new_taipei","district":"永和區","display_name":"仁愛路 車格 90909","address":"仁愛路","facility_kind":"onstreet","symbol_text":null,"type_reference":"路邊停車格","type_confidence":0.6,"price_raw":null,"price_value":null,"capacity_total":1,"available_total":1,"occupied_total":0,"status_label":"空位","data_time":"2026-05-02 15:53:29+08:00","city_label":"新北市","facility_kind_label":"路邊車格","available_rate":1,"occupancy_rate":0,"price_tier":"unknown","price_tier_label":"價格未知"}},{"type":"Feature","geometry":{"type":"Point","coordinates":[121.509745,25.005734]},"properties":{"supply_id":"new_taipei-onstreet-147551","city":"new_taipei","district":"永和區","display_name":"保平路 車格 147551","address":"保平路","facility_kind":"onstreet","symbol_text":null,"type_reference":"路邊停車格","type_confidence":0.6,"price_raw":null,"price_value":null,"capacity_total":1,"available_total":0,"occupied_total":1,"status_label":"已停","data_time":"2026-05-02 15:53:29+08:00","city_label":"新北市","facility_kind_label":"路邊車格","available_rate":0,"occupancy_rate":1,"price_tier":"unknown","price_tier_label":"價格未知"}},{"type":"Feature","geometry":{"type":"Point","coordinates":[121.510922,25.011704]},"properties":{"supply_id":"new_taipei-onstreet-93816","city":"new_taipei","district":"永和區","display_name":"保福路二段 車格 93816","address":"保福路二段","facility_kind":"onstreet","symbol_text":null,"type_reference":"路邊停車格","type_confidence":0.6,"price_raw":null,"price_value":null,"capacity_total":1,"available_total":1,"occupied_total":0,"status_label":"空位","data_time":"2026-05-02 15:53:29+08:00","city_label":"新北市","facility_kind_label":"路邊車格","available_rate":1,"occupancy_rate":0,"price_tier":"unknown","price_tier_label":"價格未知"}},{"type":"Feature","geometry":{"type":"Point","coordinates":[121.513341,25.012403]},"properties":{"supply_id":"new_taipei-onstreet-68489","city":"new_taipei","district":"永和區","display_name":"信義路 車格 68489","address":"信義路","facility_kind":"onstreet","symbol_text":null,"type_reference":"路邊停車格","type_confidence":0.6,"price_raw":null,"price_value":null,"capacity_total":1,"available_total":1,"occupied_total":0,"status_label":"空位","data_time":"2026-05-02 15:53:29+08:00","city_label":"新北市","facility_kind_label":"路邊車格","available_rate":1,"occupancy_rate":0,"price_tier":"unknown","price_tier_label":"價格未知"}},{"type":"Feature","geometry":{"type":"Point","coordinates":[121.510948,25.011876]},"properties":{"supply_id":"new_taipei-onstreet-93808","city":"new_taipei","district":"永和區","display_name":"保福路二段 車格 93808","address":"保福路二段","facility_kind":"onstreet","symbol_text":null,"type_reference":"路邊停車格","type_confidence":0.6,"price_raw":null,"price_value":null,"capacity_total":1,"available_total":1,"occupied_total":0,"status_label":"空位","data_time":"2026-05-02 15:53:29+08:00","city_label":"新北市","facility_kind_label":"路邊車格","available_rate":1,"occupancy_rate":0,"price_tier":"unknown","price_tier_label":"價格未知"}},{"type":"Feature","geometry":{"type":"Point","coordinates":[121.509939,25.005898]},"properties":{"supply_id":"new_taipei-onstreet-27059","city":"new_taipei","district":"永和區","display_name":"保平路 車格 27059","address":"保平路","facility_kind":"onstreet","symbol_text":null,"type_reference":"路邊停車格","type_confidence":0.6,"price_raw":null,"price_value":null,"capacity_total":1,"available_total":1,"occupied_total":0,"status_label":"空位","data_time":"2026-05-02 15:53:29+08:00","city_label":"新北市","facility_kind_label":"路邊車格","available_rate":1,"occupancy_rate":0,"price_tier":"unknown","price_tier_label":"價格未知"}},{"type":"Feature","geometry":{"type":"Point","coordinates":[121.513575,25.013312]},"properties":{"supply_id":"new_taipei-onstreet-9057","city":"new_taipei","district":"永和區","display_name":"仁愛路 車格 9057","address":"仁愛路","facility_kind":"onstreet","symbol_text":null,"type_reference":"路邊停車格","type_confidence":0.6,"price_raw":null,"price_value":null,"capacity_total":1,"available_total":1,"occupied_total":0,"status_label":"空位","data_time":"2026-05-02 15:53:29+08:00","city_label":"新北市","facility_kind_label":"路邊車格","available_rate":1,"occupancy_rate":0,"price_tier":"unknown","price_tier_label":"價格未知"}},{"type":"Feature","geometry":{"type":"Point","coordinates":[121.514756,25.003925]},"properties":{"supply_id":"new_taipei-onstreet-94272","city":"new_taipei","district":"永和區","display_name":"永貞路 車格 94272","address":"永貞路","facility_kind":"onstreet","symbol_text":null,"type_reference":"路邊停車格","type_confidence":0.6,"price_raw":null,"price_value":null,"capacity_total":1,"available_total":1,"occupied_total":0,"status_label":"空位","data_time":"2026-05-02 15:53:29+08:00","city_label":"新北市","facility_kind_label":"路邊車格","available_rate":1,"occupancy_rate":0,"price_tier":"unknown","price_tier_label":"價格未知"}},{"type":"Feature","geometry":{"type":"Point","coordinates":[121.525119,25.002516]},"properties":{"supply_id":"new_taipei-onstreet-134725","city":"new_taipei","district":"永和區","display_name":"永利路 車格 134725","address":"永利路","facility_kind":"onstreet","symbol_text":null,"type_reference":"路邊停車格","type_confidence":0.6,"price_raw":null,"price_value":null,"capacity_total":1,"available_total":1,"occupied_total":0,"status_label":"空位","data_time":"2026-05-02 15:53:29+08:00","city_label":"新北市","facility_kind_label":"路邊車格","available_rate":1,"occupancy_rate":0,"price_tier":"unknown","price_tier_label":"價格未知"}},{"type":"Feature","geometry":{"type":"Point","coordinates":[121.513028,25.013245]},"properties":{"supply_id":"new_taipei-onstreet-95787","city":"new_taipei","district":"永和區","display_name":"仁愛路 車格 95787","address":"仁愛路","facility_kind":"onstreet","symbol_text":null,"type_reference":"路邊停車格","type_confidence":0.6,"price_raw":null,"price_value":null,"capacity_total":1,"available_total":1,"occupied_total":0,"status_label":"空位","data_time":"2026-05-02 15:53:29+08:00","city_label":"新北市","facility_kind_label":"路邊車格","available_rate":1,"occupancy_rate":0,"price_tier":"unknown","price_tier_label":"價格未知"}},{"type":"Feature","geometry":{"type":"Point","coordinates":[121.508377,25.014742]},"properties":{"supply_id":"new_taipei-onstreet-4582","city":"new_taipei","district":"永和區","display_name":"保安路 車格 4582","address":"保安路","facility_kind":"onstreet","symbol_text":null,"type_reference":"路邊停車格","type_confidence":0.6,"price_raw":null,"price_value":null,"capacity_total":1,"available_total":0,"occupied_total":1,"status_label":"已停","data_time":"2026-05-02 15:53:29+08:00","city_label":"新北市","facility_kind_label":"路邊車格","available_rate":0,"occupancy_rate":1,"price_tier":"unknown","price_tier_label":"價格未知"}},{"type":"Feature","geometry":{"type":"Point","coordinates":[121.525126,25.002561]},"properties":{"supply_id":"new_taipei-onstreet-134724","city":"new_taipei","district":"永和區","display_name":"永利路 車格 134724","address":"永利路","facility_kind":"onstreet","symbol_text":null,"type_reference":"路邊停車格","type_confidence":0.6,"price_raw":null,"price_value":null,"capacity_total":1,"available_total":1,"occupied_total":0,"status_label":"空位","data_time":"2026-05-02 15:53:29+08:00","city_label":"新北市","facility_kind_label":"路邊車格","available_rate":1,"occupancy_rate":0,"price_tier":"unknown","price_tier_label":"價格未知"}},{"type":"Feature","geometry":{"type":"Point","coordinates":[121.51292,25.013227]},"properties":{"supply_id":"new_taipei-onstreet-84498","city":"new_taipei","district":"永和區","display_name":"仁愛路 車格 84498","address":"仁愛路","facility_kind":"onstreet","symbol_text":null,"type_reference":"路邊停車格","type_confidence":0.6,"price_raw":null,"price_value":null,"capacity_total":1,"available_total":1,"occupied_total":0,"status_label":"空位","data_time":"2026-05-02 15:53:29+08:00","city_label":"新北市","facility_kind_label":"路邊車格","available_rate":1,"occupancy_rate":0,"price_tier":"unknown","price_tier_label":"價格未知"}},{"type":"Feature","geometry":{"type":"Point","coordinates":[121.525154,25.002995]},"properties":{"supply_id":"new_taipei-onstreet-95837","city":"new_taipei","district":"永和區","display_name":"永利路 車格 95837","address":"永利路","facility_kind":"onstreet","symbol_text":null,"type_reference":"路邊停車格","type_confidence":0.6,"price_raw":null,"price_value":null,"capacity_total":1,"available_total":1,"occupied_total":0,"status_label":"空位","data_time":"2026-05-02 15:53:29+08:00","city_label":"新北市","facility_kind_label":"路邊車格","available_rate":1,"occupancy_rate":0,"price_tier":"unknown","price_tier_label":"價格未知"}},{"type":"Feature","geometry":{"type":"Point","coordinates":[121.508258,25.014611]},"properties":{"supply_id":"new_taipei-onstreet-87490","city":"new_taipei","district":"永和區","display_name":"保安路 車格 87490","address":"保安路","facility_kind":"onstreet","symbol_text":null,"type_reference":"路邊停車格","type_confidence":0.6,"price_raw":null,"price_value":null,"capacity_total":1,"available_total":1,"occupied_total":0,"status_label":"空位","data_time":"2026-05-02 15:53:29+08:00","city_label":"新北市","facility_kind_label":"路邊車格","available_rate":1,"occupancy_rate":0,"price_tier":"unknown","price_tier_label":"價格未知"}},{"type":"Feature","geometry":{"type":"Point","coordinates":[121.513491,25.013304]},"properties":{"supply_id":"new_taipei-onstreet-90911","city":"new_taipei","district":"永和區","display_name":"仁愛路 車格 90911","address":"仁愛路","facility_kind":"onstreet","symbol_text":null,"type_reference":"路邊停車格","type_confidence":0.6,"price_raw":null,"price_value":null,"capacity_total":1,"available_total":1,"occupied_total":0,"status_label":"空位","data_time":"2026-05-02 15:53:29+08:00","city_label":"新北市","facility_kind_label":"路邊車格","available_rate":1,"occupancy_rate":0,"price_tier":"unknown","price_tier_label":"價格未知"}},{"type":"Feature","geometry":{"type":"Point","coordinates":[121.510119,25.006035]},"properties":{"supply_id":"new_taipei-onstreet-83407","city":"new_taipei","district":"永和區","display_name":"保平路 車格 83407","address":"保平路","facility_kind":"onstreet","symbol_text":null,"type_reference":"路邊停車格","type_confidence":0.6,"price_raw":null,"price_value":null,"capacity_total":1,"available_total":1,"occupied_total":0,"status_label":"空位","data_time":"2026-05-02 15:53:29+08:00","city_label":"新北市","facility_kind_label":"路邊車格","available_rate":1,"occupancy_rate":0,"price_tier":"unknown","price_tier_label":"價格未知"}},{"type":"Feature","geometry":{"type":"Point","coordinates":[121.510709,25.006483]},"properties":{"supply_id":"new_taipei-onstreet-76073","city":"new_taipei","district":"永和區","display_name":"保平路 車格 76073","address":"保平路","facility_kind":"onstreet","symbol_text":null,"type_reference":"路邊停車格","type_confidence":0.6,"price_raw":null,"price_value":null,"capacity_total":1,"available_total":0,"occupied_total":1,"status_label":"已停","data_time":"2026-05-02 15:53:29+08:00","city_label":"新北市","facility_kind_label":"路邊車格","available_rate":0,"occupancy_rate":1,"price_tier":"unknown","price_tier_label":"價格未知"}},{"type":"Feature","geometry":{"type":"Point","coordinates":[121.514819,25.00394]},"properties":{"supply_id":"new_taipei-onstreet-94271","city":"new_taipei","district":"永和區","display_name":"永貞路 車格 94271","address":"永貞路","facility_kind":"onstreet","symbol_text":null,"type_reference":"路邊停車格","type_confidence":0.6,"price_raw":null,"price_value":null,"capacity_total":1,"available_total":1,"occupied_total":0,"status_label":"空位","data_time":"2026-05-02 15:53:29+08:00","city_label":"新北市","facility_kind_label":"路邊車格","available_rate":1,"occupancy_rate":0,"price_tier":"unknown","price_tier_label":"價格未知"}},{"type":"Feature","geometry":{"type":"Point","coordinates":[121.513391,25.012385]},"properties":{"supply_id":"new_taipei-onstreet-94191","city":"new_taipei","district":"永和區","display_name":"信義路 車格 94191","address":"信義路","facility_kind":"onstreet","symbol_text":null,"type_reference":"路邊停車格","type_confidence":0.6,"price_raw":null,"price_value":null,"capacity_total":1,"available_total":0,"occupied_total":1,"status_label":"已停","data_time":"2026-05-02 15:53:29+08:00","city_label":"新北市","facility_kind_label":"路邊車格","available_rate":0,"occupancy_rate":1,"price_tier":"unknown","price_tier_label":"價格未知"}},{"type":"Feature","geometry":{"type":"Point","coordinates":[121.513563,25.012334]},"properties":{"supply_id":"new_taipei-onstreet-94125","city":"new_taipei","district":"永和區","display_name":"信義路 車格 94125","address":"信義路","facility_kind":"onstreet","symbol_text":null,"type_reference":"路邊停車格","type_confidence":0.6,"price_raw":null,"price_value":null,"capacity_total":1,"available_total":1,"occupied_total":0,"status_label":"空位","data_time":"2026-05-02 15:53:29+08:00","city_label":"新北市","facility_kind_label":"路邊車格","available_rate":1,"occupancy_rate":0,"price_tier":"unknown","price_tier_label":"價格未知"}},{"type":"Feature","geometry":{"type":"Point","coordinates":[121.509134,25.015566]},"properties":{"supply_id":"new_taipei-onstreet-86017","city":"new_taipei","district":"永和區","display_name":"保安路 車格 86017","address":"保安路","facility_kind":"onstreet","symbol_text":null,"type_reference":"路邊停車格","type_confidence":0.6,"price_raw":null,"price_value":null,"capacity_total":1,"available_total":1,"occupied_total":0,"status_label":"空位","data_time":"2026-05-02 15:53:29+08:00","city_label":"新北市","facility_kind_label":"路邊車格","available_rate":1,"occupancy_rate":0,"price_tier":"unknown","price_tier_label":"價格未知"}},{"type":"Feature","geometry":{"type":"Point","coordinates":[121.513298,25.013286]},"properties":{"supply_id":"new_taipei-onstreet-84359","city":"new_taipei","district":"永和區","display_name":"仁愛路 車格 84359","address":"仁愛路","facility_kind":"onstreet","symbol_text":null,"type_reference":"路邊停車格","type_confidence":0.6,"price_raw":null,"price_value":null,"capacity_total":1,"available_total":1,"occupied_total":0,"status_label":"空位","data_time":"2026-05-02 15:53:29+08:00","city_label":"新北市","facility_kind_label":"路邊車格","available_rate":1,"occupancy_rate":0,"price_tier":"unknown","price_tier_label":"價格未知"}},{"type":"Feature","geometry":{"type":"Point","coordinates":[121.509025,25.015446]},"properties":{"supply_id":"new_taipei-onstreet-18876","city":"new_taipei","district":"永和區","display_name":"保安路 車格 18876","address":"保安路","facility_kind":"onstreet","symbol_text":null,"type_reference":"路邊停車格","type_confidence":0.6,"price_raw":null,"price_value":null,"capacity_total":1,"available_total":0,"occupied_total":1,"status_label":"已停","data_time":"2026-05-02 15:53:29+08:00","city_label":"新北市","facility_kind_label":"路邊車格","available_rate":0,"occupancy_rate":1,"price_tier":"unknown","price_tier_label":"價格未知"}},{"type":"Feature","geometry":{"type":"Point","coordinates":[121.513896,25.012255]},"properties":{"supply_id":"new_taipei-onstreet-94124","city":"new_taipei","district":"永和區","display_name":"信義路 車格 94124","address":"信義路","facility_kind":"onstreet","symbol_text":null,"type_reference":"路邊停車格","type_confidence":0.6,"price_raw":null,"price_value":null,"capacity_total":1,"available_total":1,"occupied_total":0,"status_label":"空位","data_time":"2026-05-02 15:53:29+08:00","city_label":"新北市","facility_kind_label":"路邊車格","available_rate":1,"occupancy_rate":0,"price_tier":"unknown","price_tier_label":"價格未知"}},{"type":"Feature","geometry":{"type":"Point","coordinates":[121.508501,25.014876]},"properties":{"supply_id":"new_taipei-onstreet-47611","city":"new_taipei","district":"永和區","display_name":"保安路 車格 47611","address":"保安路","facility_kind":"onstreet","symbol_text":null,"type_reference":"路邊停車格","type_confidence":0.6,"price_raw":null,"price_value":null,"capacity_total":1,"available_total":0,"occupied_total":1,"status_label":"已停","data_time":"2026-05-02 15:53:29+08:00","city_label":"新北市","facility_kind_label":"路邊車格","available_rate":0,"occupancy_rate":1,"price_tier":"unknown","price_tier_label":"價格未知"}},{"type":"Feature","geometry":{"type":"Point","coordinates":[121.510931,25.011761]},"properties":{"supply_id":"new_taipei-onstreet-93815","city":"new_taipei","district":"永和區","display_name":"保福路二段 車格 93815","address":"保福路二段","facility_kind":"onstreet","symbol_text":null,"type_reference":"路邊停車格","type_confidence":0.6,"price_raw":null,"price_value":null,"capacity_total":1,"available_total":1,"occupied_total":0,"status_label":"空位","data_time":"2026-05-02 15:53:29+08:00","city_label":"新北市","facility_kind_label":"路邊車格","available_rate":1,"occupancy_rate":0,"price_tier":"unknown","price_tier_label":"價格未知"}},{"type":"Feature","geometry":{"type":"Point","coordinates":[121.513949,25.012242]},"properties":{"supply_id":"new_taipei-onstreet-78387","city":"new_taipei","district":"永和區","display_name":"信義路 車格 78387","address":"信義路","facility_kind":"onstreet","symbol_text":null,"type_reference":"路邊停車格","type_confidence":0.6,"price_raw":null,"price_value":null,"capacity_total":1,"available_total":1,"occupied_total":0,"status_label":"空位","data_time":"2026-05-02 15:53:29+08:00","city_label":"新北市","facility_kind_label":"路邊車格","available_rate":1,"occupancy_rate":0,"price_tier":"unknown","price_tier_label":"價格未知"}},{"type":"Feature","geometry":{"type":"Point","coordinates":[121.512175,25.013103]},"properties":{"supply_id":"new_taipei-onstreet-84601","city":"new_taipei","district":"永和區","display_name":"仁愛路 車格 84601","address":"仁愛路","facility_kind":"onstreet","symbol_text":null,"type_reference":"路邊停車格","type_confidence":0.6,"price_raw":null,"price_value":null,"capacity_total":1,"available_total":1,"occupied_total":0,"status_label":"空位","data_time":"2026-05-02 15:53:29+08:00","city_label":"新北市","facility_kind_label":"路邊車格","available_rate":1,"occupancy_rate":0,"price_tier":"unknown","price_tier_label":"價格未知"}},{"type":"Feature","geometry":{"type":"Point","coordinates":[121.511228,25.006822]},"properties":{"supply_id":"new_taipei-onstreet-83292","city":"new_taipei","district":"永和區","display_name":"保平路 車格 83292","address":"保平路","facility_kind":"onstreet","symbol_text":null,"type_reference":"路邊停車格","type_confidence":0.6,"price_raw":null,"price_value":null,"capacity_total":1,"available_total":1,"occupied_total":0,"status_label":"空位","data_time":"2026-05-02 15:53:29+08:00","city_label":"新北市","facility_kind_label":"路邊車格","available_rate":1,"occupancy_rate":0,"price_tier":"unknown","price_tier_label":"價格未知"}},{"type":"Feature","geometry":{"type":"Point","coordinates":[121.512104,25.01309]},"properties":{"supply_id":"new_taipei-onstreet-27493","city":"new_taipei","district":"永和區","display_name":"仁愛路 車格 27493","address":"仁愛路","facility_kind":"onstreet","symbol_text":null,"type_reference":"路邊停車格","type_confidence":0.6,"price_raw":null,"price_value":null,"capacity_total":1,"available_total":1,"occupied_total":0,"status_label":"空位","data_time":"2026-05-02 15:53:29+08:00","city_label":"新北市","facility_kind_label":"路邊車格","available_rate":1,"occupancy_rate":0,"price_tier":"unknown","price_tier_label":"價格未知"}},{"type":"Feature","geometry":{"type":"Point","coordinates":[121.511286,25.006856]},"properties":{"supply_id":"new_taipei-onstreet-83293","city":"new_taipei","district":"永和區","display_name":"保平路 車格 83293","address":"保平路","facility_kind":"onstreet","symbol_text":null,"type_reference":"路邊停車格","type_confidence":0.6,"price_raw":null,"price_value":null,"capacity_total":1,"available_total":1,"occupied_total":0,"status_label":"空位","data_time":"2026-05-02 15:53:29+08:00","city_label":"新北市","facility_kind_label":"路邊車格","available_rate":1,"occupancy_rate":0,"price_tier":"unknown","price_tier_label":"價格未知"}},{"type":"Feature","geometry":{"type":"Point","coordinates":[121.51337,25.013293]},"properties":{"supply_id":"new_taipei-onstreet-90913","city":"new_taipei","district":"永和區","display_name":"仁愛路 車格 90913","address":"仁愛路","facility_kind":"onstreet","symbol_text":null,"type_reference":"路邊停車格","type_confidence":0.6,"price_raw":null,"price_value":null,"capacity_total":1,"available_total":1,"occupied_total":0,"status_label":"空位","data_time":"2026-05-02 15:53:29+08:00","city_label":"新北市","facility_kind_label":"路邊車格","available_rate":1,"occupancy_rate":0,"price_tier":"unknown","price_tier_label":"價格未知"}},{"type":"Feature","geometry":{"type":"Point","coordinates":[121.510192,25.006091]},"properties":{"supply_id":"new_taipei-onstreet-83408","city":"new_taipei","district":"永和區","display_name":"保平路 車格 83408","address":"保平路","facility_kind":"onstreet","symbol_text":null,"type_reference":"路邊停車格","type_confidence":0.6,"price_raw":null,"price_value":null,"capacity_total":1,"available_total":1,"occupied_total":0,"status_label":"空位","data_time":"2026-05-02 15:53:29+08:00","city_label":"新北市","facility_kind_label":"路邊車格","available_rate":1,"occupancy_rate":0,"price_tier":"unknown","price_tier_label":"價格未知"}},{"type":"Feature","geometry":{"type":"Point","coordinates":[121.508461,25.014833]},"properties":{"supply_id":"new_taipei-onstreet-47612","city":"new_taipei","district":"永和區","display_name":"保安路 車格 47612","address":"保安路","facility_kind":"onstreet","symbol_text":null,"type_reference":"路邊停車格","type_confidence":0.6,"price_raw":null,"price_value":null,"capacity_total":1,"available_total":1,"occupied_total":0,"status_label":"空位","data_time":"2026-05-02 15:53:29+08:00","city_label":"新北市","facility_kind_label":"路邊車格","available_rate":1,"occupancy_rate":0,"price_tier":"unknown","price_tier_label":"價格未知"}},{"type":"Feature","geometry":{"type":"Point","coordinates":[121.510578,25.006392]},"properties":{"supply_id":"new_taipei-onstreet-76068","city":"new_taipei","district":"永和區","display_name":"保平路 車格 76068","address":"保平路","facility_kind":"onstreet","symbol_text":null,"type_reference":"路邊停車格","type_confidence":0.6,"price_raw":null,"price_value":null,"capacity_total":1,"available_total":1,"occupied_total":0,"status_label":"空位","data_time":"2026-05-02 15:53:29+08:00","city_label":"新北市","facility_kind_label":"路邊車格","available_rate":1,"occupancy_rate":0,"price_tier":"unknown","price_tier_label":"價格未知"}},{"type":"Feature","geometry":{"type":"Point","coordinates":[121.50842,25.01479]},"properties":{"supply_id":"new_taipei-onstreet-47608","city":"new_taipei","district":"永和區","display_name":"保安路 車格 47608","address":"保安路","facility_kind":"onstreet","symbol_text":null,"type_reference":"路邊停車格","type_confidence":0.6,"price_raw":null,"price_value":null,"capacity_total":1,"available_total":1,"occupied_total":0,"status_label":"空位","data_time":"2026-05-02 15:53:29+08:00","city_label":"新北市","facility_kind_label":"路邊車格","available_rate":1,"occupancy_rate":0,"price_tier":"unknown","price_tier_label":"價格未知"}},{"type":"Feature","geometry":{"type":"Point","coordinates":[121.512974,25.013236]},"properties":{"supply_id":"new_taipei-onstreet-84499","city":"new_taipei","district":"永和區","display_name":"仁愛路 車格 84499","address":"仁愛路","facility_kind":"onstreet","symbol_text":null,"type_reference":"路邊停車格","type_confidence":0.6,"price_raw":null,"price_value":null,"capacity_total":1,"available_total":1,"occupied_total":0,"status_label":"空位","data_time":"2026-05-02 15:53:29+08:00","city_label":"新北市","facility_kind_label":"路邊車格","available_rate":1,"occupancy_rate":0,"price_tier":"unknown","price_tier_label":"價格未知"}},{"type":"Feature","geometry":{"type":"Point","coordinates":[121.510648,25.00644]},"properties":{"supply_id":"new_taipei-onstreet-76072","city":"new_taipei","district":"永和區","display_name":"保平路 車格 76072","address":"保平路","facility_kind":"onstreet","symbol_text":null,"type_reference":"路邊停車格","type_confidence":0.6,"price_raw":null,"price_value":null,"capacity_total":1,"available_total":1,"occupied_total":0,"status_label":"空位","data_time":"2026-05-02 15:53:29+08:00","city_label":"新北市","facility_kind_label":"路邊車格","available_rate":1,"occupancy_rate":0,"price_tier":"unknown","price_tier_label":"價格未知"}},{"type":"Feature","geometry":{"type":"Point","coordinates":[121.525159,25.002685]},"properties":{"supply_id":"new_taipei-onstreet-134721","city":"new_taipei","district":"永和區","display_name":"永利路 車格 134721","address":"永利路","facility_kind":"onstreet","symbol_text":null,"type_reference":"路邊停車格","type_confidence":0.6,"price_raw":null,"price_value":null,"capacity_total":1,"available_total":1,"occupied_total":0,"status_label":"空位","data_time":"2026-05-02 15:53:29+08:00","city_label":"新北市","facility_kind_label":"路邊車格","available_rate":1,"occupancy_rate":0,"price_tier":"unknown","price_tier_label":"價格未知"}},{"type":"Feature","geometry":{"type":"Point","coordinates":[121.525311,25.003341]},"properties":{"supply_id":"new_taipei-onstreet-91101","city":"new_taipei","district":"永和區","display_name":"永利路 車格 91101","address":"永利路","facility_kind":"onstreet","symbol_text":null,"type_reference":"路邊停車格","type_confidence":0.6,"price_raw":null,"price_value":null,"capacity_total":1,"available_total":1,"occupied_total":0,"status_label":"空位","data_time":"2026-05-02 15:53:29+08:00","city_label":"新北市","facility_kind_label":"路邊車格","available_rate":1,"occupancy_rate":0,"price_tier":"unknown","price_tier_label":"價格未知"}},{"type":"Feature","geometry":{"type":"Point","coordinates":[121.509248,25.015691]},"properties":{"supply_id":"new_taipei-onstreet-74822","city":"new_taipei","district":"永和區","display_name":"保安路 車格 74822","address":"保安路","facility_kind":"onstreet","symbol_text":null,"type_reference":"路邊停車格","type_confidence":0.6,"price_raw":null,"price_value":null,"capacity_total":1,"available_total":1,"occupied_total":0,"status_label":"空位","data_time":"2026-05-02 15:53:29+08:00","city_label":"新北市","facility_kind_label":"路邊車格","available_rate":1,"occupancy_rate":0,"price_tier":"unknown","price_tier_label":"價格未知"}},{"type":"Feature","geometry":{"type":"Point","coordinates":[121.511042,25.010848]},"properties":{"supply_id":"new_taipei-onstreet-93454","city":"new_taipei","district":"永和區","display_name":"保福路二段 車格 93454","address":"保福路二段","facility_kind":"onstreet","symbol_text":null,"type_reference":"路邊停車格","type_confidence":0.6,"price_raw":null,"price_value":null,"capacity_total":1,"available_total":1,"occupied_total":0,"status_label":"空位","data_time":"2026-05-02 15:53:29+08:00","city_label":"新北市","facility_kind_label":"路邊車格","available_rate":1,"occupancy_rate":0,"price_tier":"unknown","price_tier_label":"價格未知"}},{"type":"Feature","geometry":{"type":"Point","coordinates":[121.512749,25.013198]},"properties":{"supply_id":"new_taipei-onstreet-62809","city":"new_taipei","district":"永和區","display_name":"仁愛路 車格 62809","address":"仁愛路","facility_kind":"onstreet","symbol_text":null,"type_reference":"路邊停車格","type_confidence":0.6,"price_raw":null,"price_value":null,"capacity_total":1,"available_total":1,"occupied_total":0,"status_label":"空位","data_time":"2026-05-02 15:53:29+08:00","city_label":"新北市","facility_kind_label":"路邊車格","available_rate":1,"occupancy_rate":0,"price_tier":"unknown","price_tier_label":"價格未知"}},{"type":"Feature","geometry":{"type":"Point","coordinates":[121.511066,25.006735]},"properties":{"supply_id":"new_taipei-onstreet-83290","city":"new_taipei","district":"永和區","display_name":"保平路 車格 83290","address":"保平路","facility_kind":"onstreet","symbol_text":null,"type_reference":"路邊停車格","type_confidence":0.6,"price_raw":null,"price_value":null,"capacity_total":1,"available_total":1,"occupied_total":0,"status_label":"空位","data_time":"2026-05-02 15:53:29+08:00","city_label":"新北市","facility_kind_label":"路邊車格","available_rate":1,"occupancy_rate":0,"price_tier":"unknown","price_tier_label":"價格未知"}},{"type":"Feature","geometry":{"type":"Point","coordinates":[121.512867,25.013218]},"properties":{"supply_id":"new_taipei-onstreet-84292","city":"new_taipei","district":"永和區","display_name":"仁愛路 車格 84292","address":"仁愛路","facility_kind":"onstreet","symbol_text":null,"type_reference":"路邊停車格","type_confidence":0.6,"price_raw":null,"price_value":null,"capacity_total":1,"available_total":1,"occupied_total":0,"status_label":"空位","data_time":"2026-05-02 15:53:29+08:00","city_label":"新北市","facility_kind_label":"路邊車格","available_rate":1,"occupancy_rate":0,"price_tier":"unknown","price_tier_label":"價格未知"}},{"type":"Feature","geometry":{"type":"Point","coordinates":[121.509642,25.016125]},"properties":{"supply_id":"new_taipei-onstreet-86010","city":"new_taipei","district":"永和區","display_name":"保安路 車格 86010","address":"保安路","facility_kind":"onstreet","symbol_text":null,"type_reference":"路邊停車格","type_confidence":0.6,"price_raw":null,"price_value":null,"capacity_total":1,"available_total":0,"occupied_total":1,"status_label":"已停","data_time":"2026-05-02 15:53:29+08:00","city_label":"新北市","facility_kind_label":"路邊車格","available_rate":0,"occupancy_rate":1,"price_tier":"unknown","price_tier_label":"價格未知"}},{"type":"Feature","geometry":{"type":"Point","coordinates":[121.511603,25.012998]},"properties":{"supply_id":"new_taipei-onstreet-91401","city":"new_taipei","district":"永和區","display_name":"仁愛路 車格 91401","address":"仁愛路","facility_kind":"onstreet","symbol_text":null,"type_reference":"路邊停車格","type_confidence":0.6,"price_raw":null,"price_value":null,"capacity_total":1,"available_total":1,"occupied_total":0,"status_label":"空位","data_time":"2026-05-02 15:53:29+08:00","city_label":"新北市","facility_kind_label":"路邊車格","available_rate":1,"occupancy_rate":0,"price_tier":"unknown","price_tier_label":"價格未知"}},{"type":"Feature","geometry":{"type":"Point","coordinates":[121.52517,25.00273]},"properties":{"supply_id":"new_taipei-onstreet-134722","city":"new_taipei","district":"永和區","display_name":"永利路322巷 車格 134722","address":"永利路322巷","facility_kind":"onstreet","symbol_text":null,"type_reference":"路邊停車格","type_confidence":0.6,"price_raw":null,"price_value":null,"capacity_total":1,"available_total":1,"occupied_total":0,"status_label":"空位","data_time":"2026-05-02 15:53:29+08:00","city_label":"新北市","facility_kind_label":"路邊車格","available_rate":1,"occupancy_rate":0,"price_tier":"unknown","price_tier_label":"價格未知"}},{"type":"Feature","geometry":{"type":"Point","coordinates":[121.525403,25.003336]},"properties":{"supply_id":"new_taipei-onstreet-91104","city":"new_taipei","district":"永和區","display_name":"永利路 車格 91104","address":"永利路","facility_kind":"onstreet","symbol_text":null,"type_reference":"路邊停車格","type_confidence":0.6,"price_raw":null,"price_value":null,"capacity_total":1,"available_total":1,"occupied_total":0,"status_label":"空位","data_time":"2026-05-02 15:53:29+08:00","city_label":"新北市","facility_kind_label":"路邊車格","available_rate":1,"occupancy_rate":0,"price_tier":"unknown","price_tier_label":"價格未知"}},{"type":"Feature","geometry":{"type":"Point","coordinates":[121.51205,25.01308]},"properties":{"supply_id":"new_taipei-onstreet-62931","city":"new_taipei","district":"永和區","display_name":"仁愛路 車格 62931","address":"仁愛路","facility_kind":"onstreet","symbol_text":null,"type_reference":"路邊停車格","type_confidence":0.6,"price_raw":null,"price_value":null,"capacity_total":1,"available_total":1,"occupied_total":0,"status_label":"空位","data_time":"2026-05-02 15:53:29+08:00","city_label":"新北市","facility_kind_label":"路邊車格","available_rate":1,"occupancy_rate":0,"price_tier":"unknown","price_tier_label":"價格未知"}},{"type":"Feature","geometry":{"type":"Point","coordinates":[121.51134,25.006887]},"properties":{"supply_id":"new_taipei-onstreet-83294","city":"new_taipei","district":"永和區","display_name":"保平路 車格 83294","address":"保平路","facility_kind":"onstreet","symbol_text":null,"type_reference":"路邊停車格","type_confidence":0.6,"price_raw":null,"price_value":null,"capacity_total":1,"available_total":1,"occupied_total":0,"status_label":"空位","data_time":"2026-05-02 15:53:29+08:00","city_label":"新北市","facility_kind_label":"路邊車格","available_rate":1,"occupancy_rate":0,"price_tier":"unknown","price_tier_label":"價格未知"}},{"type":"Feature","geometry":{"type":"Point","coordinates":[121.512351,25.004589]},"properties":{"supply_id":"new_taipei-onstreet-83317","city":"new_taipei","district":"永和區","display_name":"永貞路 車格 83317","address":"永貞路","facility_kind":"onstreet","symbol_text":null,"type_reference":"路邊停車格","type_confidence":0.6,"price_raw":null,"price_value":null,"capacity_total":1,"available_total":1,"occupied_total":0,"status_label":"空位","data_time":"2026-05-02 15:53:29+08:00","city_label":"新北市","facility_kind_label":"路邊車格","available_rate":1,"occupancy_rate":0,"price_tier":"unknown","price_tier_label":"價格未知"}},{"type":"Feature","geometry":{"type":"Point","coordinates":[121.509702,25.016192]},"properties":{"supply_id":"new_taipei-onstreet-76013","city":"new_taipei","district":"永和區","display_name":"保安路 車格 76013","address":"保安路","facility_kind":"onstreet","symbol_text":null,"type_reference":"路邊停車格","type_confidence":0.6,"price_raw":null,"price_value":null,"capacity_total":1,"available_total":0,"occupied_total":1,"status_label":"已停","data_time":"2026-05-02 15:53:29+08:00","city_label":"新北市","facility_kind_label":"路邊車格","available_rate":0,"occupancy_rate":1,"price_tier":"unknown","price_tier_label":"價格未知"}},{"type":"Feature","geometry":{"type":"Point","coordinates":[121.525157,25.00295]},"properties":{"supply_id":"new_taipei-onstreet-47356","city":"new_taipei","district":"永和區","display_name":"永利路 車格 47356","address":"永利路","facility_kind":"onstreet","symbol_text":null,"type_reference":"路邊停車格","type_confidence":0.6,"price_raw":null,"price_value":null,"capacity_total":1,"available_total":1,"occupied_total":0,"status_label":"空位","data_time":"2026-05-02 15:53:29+08:00","city_label":"新北市","facility_kind_label":"路邊車格","available_rate":1,"occupancy_rate":0,"price_tier":"unknown","price_tier_label":"價格未知"}},{"type":"Feature","geometry":{"type":"Point","coordinates":[121.510914,25.011645]},"properties":{"supply_id":"new_taipei-onstreet-93810","city":"new_taipei","district":"永和區","display_name":"保福路二段 車格 93810","address":"保福路二段","facility_kind":"onstreet","symbol_text":null,"type_reference":"路邊停車格","type_confidence":0.6,"price_raw":null,"price_value":null,"capacity_total":1,"available_total":1,"occupied_total":0,"status_label":"空位","data_time":"2026-05-02 15:53:29+08:00","city_label":"新北市","facility_kind_label":"路邊車格","available_rate":1,"occupancy_rate":0,"price_tier":"unknown","price_tier_label":"價格未知"}},{"type":"Feature","geometry":{"type":"Point","coordinates":[121.52515,25.003041]},"properties":{"supply_id":"new_taipei-onstreet-27473","city":"new_taipei","district":"永和區","display_name":"永利路 車格 27473","address":"永利路","facility_kind":"onstreet","symbol_text":null,"type_reference":"路邊停車格","type_confidence":0.6,"price_raw":null,"price_value":null,"capacity_total":1,"available_total":0,"occupied_total":1,"status_label":"已停","data_time":"2026-05-02 15:53:29+08:00","city_label":"新北市","facility_kind_label":"路邊車格","available_rate":0,"occupancy_rate":1,"price_tier":"unknown","price_tier_label":"價格未知"}},{"type":"Feature","geometry":{"type":"Point","coordinates":[121.525241,25.003167]},"properties":{"supply_id":"new_taipei-onstreet-53551","city":"new_taipei","district":"永和區","display_name":"永利路 車格 53551","address":"永利路","facility_kind":"onstreet","symbol_text":null,"type_reference":"路邊停車格","type_confidence":0.6,"price_raw":null,"price_value":null,"capacity_total":1,"available_total":1,"occupied_total":0,"status_label":"空位","data_time":"2026-05-02 15:53:29+08:00","city_label":"新北市","facility_kind_label":"路邊車格","available_rate":1,"occupancy_rate":0,"price_tier":"unknown","price_tier_label":"價格未知"}},{"type":"Feature","geometry":{"type":"Point","coordinates":[121.512252,25.004645]},"properties":{"supply_id":"new_taipei-onstreet-83312","city":"new_taipei","district":"永和區","display_name":"永貞路 車格 83312","address":"永貞路","facility_kind":"onstreet","symbol_text":null,"type_reference":"路邊停車格","type_confidence":0.6,"price_raw":null,"price_value":null,"capacity_total":1,"available_total":1,"occupied_total":0,"status_label":"空位","data_time":"2026-05-02 15:53:29+08:00","city_label":"新北市","facility_kind_label":"路邊車格","available_rate":1,"occupancy_rate":0,"price_tier":"unknown","price_tier_label":"價格未知"}},{"type":"Feature","geometry":{"type":"Point","coordinates":[121.510855,25.006586]},"properties":{"supply_id":"new_taipei-onstreet-47928","city":"new_taipei","district":"永和區","display_name":"保平路 車格 47928","address":"保平路","facility_kind":"onstreet","symbol_text":null,"type_reference":"路邊停車格","type_confidence":0.6,"price_raw":null,"price_value":null,"capacity_total":1,"available_total":1,"occupied_total":0,"status_label":"空位","data_time":"2026-05-02 15:53:29+08:00","city_label":"新北市","facility_kind_label":"路邊車格","available_rate":1,"occupancy_rate":0,"price_tier":"unknown","price_tier_label":"價格未知"}},{"type":"Feature","geometry":{"type":"Point","coordinates":[121.525944,25.0033]},"properties":{"supply_id":"new_taipei-onstreet-34489","city":"new_taipei","district":"永和區","display_name":"永利路 車格 34489","address":"永利路","facility_kind":"onstreet","symbol_text":null,"type_reference":"路邊停車格","type_confidence":0.6,"price_raw":null,"price_value":null,"capacity_total":1,"available_total":0,"occupied_total":1,"status_label":"已停","data_time":"2026-05-02 15:53:29+08:00","city_label":"新北市","facility_kind_label":"路邊車格","available_rate":0,"occupancy_rate":1,"price_tier":"unknown","price_tier_label":"價格未知"}},{"type":"Feature","geometry":{"type":"Point","coordinates":[121.525968,25.003408]},"properties":{"supply_id":"new_taipei-onstreet-156396","city":"new_taipei","district":"永和區","display_name":"永利路 車格 156396","address":"永利路","facility_kind":"onstreet","symbol_text":null,"type_reference":"路邊停車格","type_confidence":0.6,"price_raw":null,"price_value":null,"capacity_total":1,"available_total":1,"occupied_total":0,"status_label":"空位","data_time":"2026-05-02 15:53:29+08:00","city_label":"新北市","facility_kind_label":"路邊車格","available_rate":1,"occupancy_rate":0,"price_tier":"unknown","price_tier_label":"價格未知"}},{"type":"Feature","geometry":{"type":"Point","coordinates":[121.525161,25.002905]},"properties":{"supply_id":"new_taipei-onstreet-47357","city":"new_taipei","district":"永和區","display_name":"永利路 車格 47357","address":"永利路","facility_kind":"onstreet","symbol_text":null,"type_reference":"路邊停車格","type_confidence":0.6,"price_raw":null,"price_value":null,"capacity_total":1,"available_total":1,"occupied_total":0,"status_label":"空位","data_time":"2026-05-02 15:53:29+08:00","city_label":"新北市","facility_kind_label":"路邊車格","available_rate":1,"occupancy_rate":0,"price_tier":"unknown","price_tier_label":"價格未知"}},{"type":"Feature","geometry":{"type":"Point","coordinates":[121.51132,25.012941]},"properties":{"supply_id":"new_taipei-onstreet-91286","city":"new_taipei","district":"永和區","display_name":"仁愛路 車格 91286","address":"仁愛路","facility_kind":"onstreet","symbol_text":null,"type_reference":"路邊停車格","type_confidence":0.6,"price_raw":null,"price_value":null,"capacity_total":1,"available_total":1,"occupied_total":0,"status_label":"空位","data_time":"2026-05-02 15:53:29+08:00","city_label":"新北市","facility_kind_label":"路邊車格","available_rate":1,"occupancy_rate":0,"price_tier":"unknown","price_tier_label":"價格未知"}},{"type":"Feature","geometry":{"type":"Point","coordinates":[121.512251,25.007342]},"properties":{"supply_id":"new_taipei-onstreet-83305","city":"new_taipei","district":"永和區","display_name":"保平路 車格 83305","address":"保平路","facility_kind":"onstreet","symbol_text":null,"type_reference":"路邊停車格","type_confidence":0.6,"price_raw":null,"price_value":null,"capacity_total":1,"available_total":1,"occupied_total":0,"status_label":"空位","data_time":"2026-05-02 15:53:29+08:00","city_label":"新北市","facility_kind_label":"路邊車格","available_rate":1,"occupancy_rate":0,"price_tier":"unknown","price_tier_label":"價格未知"}},{"type":"Feature","geometry":{"type":"Point","coordinates":[121.509065,25.015491]},"properties":{"supply_id":"new_taipei-onstreet-86015","city":"new_taipei","district":"永和區","display_name":"保安路 車格 86015","address":"保安路","facility_kind":"onstreet","symbol_text":null,"type_reference":"路邊停車格","type_confidence":0.6,"price_raw":null,"price_value":null,"capacity_total":1,"available_total":1,"occupied_total":0,"status_label":"空位","data_time":"2026-05-02 15:53:29+08:00","city_label":"新北市","facility_kind_label":"路邊車格","available_rate":1,"occupancy_rate":0,"price_tier":"unknown","price_tier_label":"價格未知"}},{"type":"Feature","geometry":{"type":"Point","coordinates":[121.511076,25.01081]},"properties":{"supply_id":"new_taipei-onstreet-27026","city":"new_taipei","district":"永和區","display_name":"保福路二段 車格 27026","address":"保福路二段","facility_kind":"onstreet","symbol_text":null,"type_reference":"路邊停車格","type_confidence":0.6,"price_raw":null,"price_value":null,"capacity_total":1,"available_total":1,"occupied_total":0,"status_label":"空位","data_time":"2026-05-02 15:53:29+08:00","city_label":"新北市","facility_kind_label":"路邊車格","available_rate":1,"occupancy_rate":0,"price_tier":"unknown","price_tier_label":"價格未知"}},{"type":"Feature","geometry":{"type":"Point","coordinates":[121.509604,25.016083]},"properties":{"supply_id":"new_taipei-onstreet-86011","city":"new_taipei","district":"永和區","display_name":"保安路 車格 86011","address":"保安路","facility_kind":"onstreet","symbol_text":null,"type_reference":"路邊停車格","type_confidence":0.6,"price_raw":null,"price_value":null,"capacity_total":1,"available_total":0,"occupied_total":1,"status_label":"已停","data_time":"2026-05-02 15:53:29+08:00","city_label":"新北市","facility_kind_label":"路邊車格","available_rate":0,"occupancy_rate":1,"price_tier":"unknown","price_tier_label":"價格未知"}},{"type":"Feature","geometry":{"type":"Point","coordinates":[121.511111,25.010771]},"properties":{"supply_id":"new_taipei-onstreet-27027","city":"new_taipei","district":"永和區","display_name":"保福路二段 車格 27027","address":"保福路二段","facility_kind":"onstreet","symbol_text":null,"type_reference":"路邊停車格","type_confidence":0.6,"price_raw":null,"price_value":null,"capacity_total":1,"available_total":1,"occupied_total":0,"status_label":"空位","data_time":"2026-05-02 15:53:29+08:00","city_label":"新北市","facility_kind_label":"路邊車格","available_rate":1,"occupancy_rate":0,"price_tier":"unknown","price_tier_label":"價格未知"}},{"type":"Feature","geometry":{"type":"Point","coordinates":[121.511727,25.007094]},"properties":{"supply_id":"new_taipei-onstreet-15387","city":"new_taipei","district":"永和區","display_name":"保平路 車格 15387","address":"保平路","facility_kind":"onstreet","symbol_text":null,"type_reference":"路邊停車格","type_confidence":0.6,"price_raw":null,"price_value":null,"capacity_total":1,"available_total":1,"occupied_total":0,"status_label":"空位","data_time":"2026-05-02 15:53:29+08:00","city_label":"新北市","facility_kind_label":"路邊車格","available_rate":1,"occupancy_rate":0,"price_tier":"unknown","price_tier_label":"價格未知"}},{"type":"Feature","geometry":{"type":"Point","coordinates":[121.511126,25.012896]},"properties":{"supply_id":"new_taipei-onstreet-27041","city":"new_taipei","district":"永和區","display_name":"仁愛路 車格 27041","address":"仁愛路","facility_kind":"onstreet","symbol_text":null,"type_reference":"路邊停車格","type_confidence":0.6,"price_raw":null,"price_value":null,"capacity_total":1,"available_total":1,"occupied_total":0,"status_label":"空位","data_time":"2026-05-02 15:53:29+08:00","city_label":"新北市","facility_kind_label":"路邊車格","available_rate":1,"occupancy_rate":0,"price_tier":"unknown","price_tier_label":"價格未知"}},{"type":"Feature","geometry":{"type":"Point","coordinates":[121.512454,25.007418]},"properties":{"supply_id":"new_taipei-onstreet-62590","city":"new_taipei","district":"永和區","display_name":"保平路 車格 62590","address":"保平路","facility_kind":"onstreet","symbol_text":null,"type_reference":"路邊停車格","type_confidence":0.6,"price_raw":null,"price_value":null,"capacity_total":1,"available_total":1,"occupied_total":0,"status_label":"空位","data_time":"2026-05-02 15:53:29+08:00","city_label":"新北市","facility_kind_label":"路邊車格","available_rate":1,"occupancy_rate":0,"price_tier":"unknown","price_tier_label":"價格未知"}},{"type":"Feature","geometry":{"type":"Point","coordinates":[121.511454,25.005258]},"properties":{"supply_id":"new_taipei-onstreet-83285","city":"new_taipei","district":"永和區","display_name":"永貞路 車格 83285","address":"永貞路","facility_kind":"onstreet","symbol_text":null,"type_reference":"路邊停車格","type_confidence":0.6,"price_raw":null,"price_value":null,"capacity_total":1,"available_total":1,"occupied_total":0,"status_label":"空位","data_time":"2026-05-02 15:53:29+08:00","city_label":"新北市","facility_kind_label":"路邊車格","available_rate":1,"occupancy_rate":0,"price_tier":"unknown","price_tier_label":"價格未知"}},{"type":"Feature","geometry":{"type":"Point","coordinates":[121.512387,25.007393]},"properties":{"supply_id":"new_taipei-onstreet-67132","city":"new_taipei","district":"永和區","display_name":"保平路 車格 67132","address":"保平路","facility_kind":"onstreet","symbol_text":null,"type_reference":"路邊停車格","type_confidence":0.6,"price_raw":null,"price_value":null,"capacity_total":1,"available_total":1,"occupied_total":0,"status_label":"空位","data_time":"2026-05-02 15:53:29+08:00","city_label":"新北市","facility_kind_label":"路邊車格","available_rate":1,"occupancy_rate":0,"price_tier":"unknown","price_tier_label":"價格未知"}},{"type":"Feature","geometry":{"type":"Point","coordinates":[121.512316,25.007366]},"properties":{"supply_id":"new_taipei-onstreet-83309","city":"new_taipei","district":"永和區","display_name":"保平路 車格 83309","address":"保平路","facility_kind":"onstreet","symbol_text":null,"type_reference":"路邊停車格","type_confidence":0.6,"price_raw":null,"price_value":null,"capacity_total":1,"available_total":1,"occupied_total":0,"status_label":"空位","data_time":"2026-05-02 15:53:29+08:00","city_label":"新北市","facility_kind_label":"路邊車格","available_rate":1,"occupancy_rate":0,"price_tier":"unknown","price_tier_label":"價格未知"}},{"type":"Feature","geometry":{"type":"Point","coordinates":[121.511191,25.012911]},"properties":{"supply_id":"new_taipei-onstreet-91284","city":"new_taipei","district":"永和區","display_name":"仁愛路 車格 91284","address":"仁愛路","facility_kind":"onstreet","symbol_text":null,"type_reference":"路邊停車格","type_confidence":0.6,"price_raw":null,"price_value":null,"capacity_total":1,"available_total":1,"occupied_total":0,"status_label":"空位","data_time":"2026-05-02 15:53:29+08:00","city_label":"新北市","facility_kind_label":"路邊車格","available_rate":1,"occupancy_rate":0,"price_tier":"unknown","price_tier_label":"價格未知"}},{"type":"Feature","geometry":{"type":"Point","coordinates":[121.50917,25.015607]},"properties":{"supply_id":"new_taipei-onstreet-86016","city":"new_taipei","district":"永和區","display_name":"保安路 車格 86016","address":"保安路","facility_kind":"onstreet","symbol_text":null,"type_reference":"路邊停車格","type_confidence":0.6,"price_raw":null,"price_value":null,"capacity_total":1,"available_total":0,"occupied_total":1,"status_label":"已停","data_time":"2026-05-02 15:53:29+08:00","city_label":"新北市","facility_kind_label":"路邊車格","available_rate":0,"occupancy_rate":1,"price_tier":"unknown","price_tier_label":"價格未知"}},{"type":"Feature","geometry":{"type":"Point","coordinates":[121.511811,25.007137]},"properties":{"supply_id":"new_taipei-onstreet-64945","city":"new_taipei","district":"永和區","display_name":"保平路 車格 64945","address":"保平路","facility_kind":"onstreet","symbol_text":null,"type_reference":"路邊停車格","type_confidence":0.6,"price_raw":null,"price_value":null,"capacity_total":1,"available_total":1,"occupied_total":0,"status_label":"空位","data_time":"2026-05-02 15:53:29+08:00","city_label":"新北市","facility_kind_label":"路邊車格","available_rate":1,"occupancy_rate":0,"price_tier":"unknown","price_tier_label":"價格未知"}},{"type":"Feature","geometry":{"type":"Point","coordinates":[121.512412,25.004554]},"properties":{"supply_id":"new_taipei-onstreet-27853","city":"new_taipei","district":"永和區","display_name":"永貞路 車格 27853","address":"永貞路","facility_kind":"onstreet","symbol_text":null,"type_reference":"路邊停車格","type_confidence":0.6,"price_raw":null,"price_value":null,"capacity_total":1,"available_total":1,"occupied_total":0,"status_label":"空位","data_time":"2026-05-02 15:53:29+08:00","city_label":"新北市","facility_kind_label":"路邊車格","available_rate":1,"occupancy_rate":0,"price_tier":"unknown","price_tier_label":"價格未知"}},{"type":"Feature","geometry":{"type":"Point","coordinates":[121.50928,25.015725]},"properties":{"supply_id":"new_taipei-onstreet-66180","city":"new_taipei","district":"永和區","display_name":"保安路 車格 66180","address":"保安路","facility_kind":"onstreet","symbol_text":null,"type_reference":"路邊停車格","type_confidence":0.6,"price_raw":null,"price_value":null,"capacity_total":1,"available_total":1,"occupied_total":0,"status_label":"空位","data_time":"2026-05-02 15:53:29+08:00","city_label":"新北市","facility_kind_label":"路邊車格","available_rate":1,"occupancy_rate":0,"price_tier":"unknown","price_tier_label":"價格未知"}},{"type":"Feature","geometry":{"type":"Point","coordinates":[121.511603,25.007029]},"properties":{"supply_id":"new_taipei-onstreet-83361","city":"new_taipei","district":"永和區","display_name":"保平路 車格 83361","address":"保平路","facility_kind":"onstreet","symbol_text":null,"type_reference":"路邊停車格","type_confidence":0.6,"price_raw":null,"price_value":null,"capacity_total":1,"available_total":1,"occupied_total":0,"status_label":"空位","data_time":"2026-05-02 15:53:29+08:00","city_label":"新北市","facility_kind_label":"路邊車格","available_rate":1,"occupancy_rate":0,"price_tier":"unknown","price_tier_label":"價格未知"}},{"type":"Feature","geometry":{"type":"Point","coordinates":[121.511992,25.013069]},"properties":{"supply_id":"new_taipei-onstreet-91398","city":"new_taipei","district":"永和區","display_name":"仁愛路 車格 91398","address":"仁愛路","facility_kind":"onstreet","symbol_text":null,"type_reference":"路邊停車格","type_confidence":0.6,"price_raw":null,"price_value":null,"capacity_total":1,"available_total":1,"occupied_total":0,"status_label":"空位","data_time":"2026-05-02 15:53:29+08:00","city_label":"新北市","facility_kind_label":"路邊車格","available_rate":1,"occupancy_rate":0,"price_tier":"unknown","price_tier_label":"價格未知"}},{"type":"Feature","geometry":{"type":"Point","coordinates":[121.509202,25.015642]},"properties":{"supply_id":"new_taipei-onstreet-86014","city":"new_taipei","district":"永和區","display_name":"保安路 車格 86014","address":"保安路","facility_kind":"onstreet","symbol_text":null,"type_reference":"路邊停車格","type_confidence":0.6,"price_raw":null,"price_value":null,"capacity_total":1,"available_total":1,"occupied_total":0,"status_label":"空位","data_time":"2026-05-02 15:53:29+08:00","city_label":"新北市","facility_kind_label":"路邊車格","available_rate":1,"occupancy_rate":0,"price_tier":"unknown","price_tier_label":"價格未知"}},{"type":"Feature","geometry":{"type":"Point","coordinates":[121.525815,25.003418]},"properties":{"supply_id":"new_taipei-onstreet-91095","city":"new_taipei","district":"永和區","display_name":"永利路 車格 91095","address":"永利路","facility_kind":"onstreet","symbol_text":null,"type_reference":"路邊停車格","type_confidence":0.6,"price_raw":null,"price_value":null,"capacity_total":1,"available_total":1,"occupied_total":0,"status_label":"空位","data_time":"2026-05-02 15:53:29+08:00","city_label":"新北市","facility_kind_label":"路邊車格","available_rate":1,"occupancy_rate":0,"price_tier":"unknown","price_tier_label":"價格未知"}},{"type":"Feature","geometry":{"type":"Point","coordinates":[121.509574,25.012345]},"properties":{"supply_id":"new_taipei-onstreet-90914","city":"new_taipei","district":"永和區","display_name":"仁愛路 車格 90914","address":"仁愛路","facility_kind":"onstreet","symbol_text":null,"type_reference":"路邊停車格","type_confidence":0.6,"price_raw":null,"price_value":null,"capacity_total":1,"available_total":1,"occupied_total":0,"status_label":"空位","data_time":"2026-05-02 15:53:29+08:00","city_label":"新北市","facility_kind_label":"路邊車格","available_rate":1,"occupancy_rate":0,"price_tier":"unknown","price_tier_label":"價格未知"}},{"type":"Feature","geometry":{"type":"Point","coordinates":[121.511257,25.012926]},"properties":{"supply_id":"new_taipei-onstreet-91285","city":"new_taipei","district":"永和區","display_name":"仁愛路 車格 91285","address":"仁愛路","facility_kind":"onstreet","symbol_text":null,"type_reference":"路邊停車格","type_confidence":0.6,"price_raw":null,"price_value":null,"capacity_total":1,"available_total":1,"occupied_total":0,"status_label":"空位","data_time":"2026-05-02 15:53:29+08:00","city_label":"新北市","facility_kind_label":"路邊車格","available_rate":1,"occupancy_rate":0,"price_tier":"unknown","price_tier_label":"價格未知"}},{"type":"Feature","geometry":{"type":"Point","coordinates":[121.511609,25.005112]},"properties":{"supply_id":"new_taipei-onstreet-83281","city":"new_taipei","district":"永和區","display_name":"永貞路 車格 83281","address":"永貞路","facility_kind":"onstreet","symbol_text":null,"type_reference":"路邊停車格","type_confidence":0.6,"price_raw":null,"price_value":null,"capacity_total":1,"available_total":1,"occupied_total":0,"status_label":"空位","data_time":"2026-05-02 15:53:29+08:00","city_label":"新北市","facility_kind_label":"路邊車格","available_rate":1,"occupancy_rate":0,"price_tier":"unknown","price_tier_label":"價格未知"}},{"type":"Feature","geometry":{"type":"Point","coordinates":[121.509971,25.016485]},"properties":{"supply_id":"new_taipei-onstreet-86018","city":"new_taipei","district":"永和區","display_name":"保安路 車格 86018","address":"保安路","facility_kind":"onstreet","symbol_text":null,"type_reference":"路邊停車格","type_confidence":0.6,"price_raw":null,"price_value":null,"capacity_total":1,"available_total":1,"occupied_total":0,"status_label":"空位","data_time":"2026-05-02 15:53:29+08:00","city_label":"新北市","facility_kind_label":"路邊車格","available_rate":1,"occupancy_rate":0,"price_tier":"unknown","price_tier_label":"價格未知"}},{"type":"Feature","geometry":{"type":"Point","coordinates":[121.511725,25.01302]},"properties":{"supply_id":"new_taipei-onstreet-91399","city":"new_taipei","district":"永和區","display_name":"仁愛路 車格 91399","address":"仁愛路","facility_kind":"onstreet","symbol_text":null,"type_reference":"路邊停車格","type_confidence":0.6,"price_raw":null,"price_value":null,"capacity_total":1,"available_total":1,"occupied_total":0,"status_label":"空位","data_time":"2026-05-02 15:53:29+08:00","city_label":"新北市","facility_kind_label":"路邊車格","available_rate":1,"occupancy_rate":0,"price_tier":"unknown","price_tier_label":"價格未知"}},{"type":"Feature","geometry":{"type":"Point","coordinates":[121.511664,25.00706]},"properties":{"supply_id":"new_taipei-onstreet-83362","city":"new_taipei","district":"永和區","display_name":"保平路 車格 83362","address":"保平路","facility_kind":"onstreet","symbol_text":null,"type_reference":"路邊停車格","type_confidence":0.6,"price_raw":null,"price_value":null,"capacity_total":1,"available_total":1,"occupied_total":0,"status_label":"空位","data_time":"2026-05-02 15:53:29+08:00","city_label":"新北市","facility_kind_label":"路邊車格","available_rate":1,"occupancy_rate":0,"price_tier":"unknown","price_tier_label":"價格未知"}},{"type":"Feature","geometry":{"type":"Point","coordinates":[121.52556,25.003325]},"properties":{"supply_id":"new_taipei-onstreet-5243","city":"new_taipei","district":"永和區","display_name":"永利路 車格 5243","address":"永利路","facility_kind":"onstreet","symbol_text":null,"type_reference":"路邊停車格","type_confidence":0.6,"price_raw":null,"price_value":null,"capacity_total":1,"available_total":1,"occupied_total":0,"status_label":"空位","data_time":"2026-05-02 15:53:29+08:00","city_label":"新北市","facility_kind_label":"路邊車格","available_rate":1,"occupancy_rate":0,"price_tier":"unknown","price_tier_label":"價格未知"}},{"type":"Feature","geometry":{"type":"Point","coordinates":[121.512298,25.004618]},"properties":{"supply_id":"new_taipei-onstreet-83318","city":"new_taipei","district":"永和區","display_name":"永貞路 車格 83318","address":"永貞路","facility_kind":"onstreet","symbol_text":null,"type_reference":"路邊停車格","type_confidence":0.6,"price_raw":null,"price_value":null,"capacity_total":1,"available_total":1,"occupied_total":0,"status_label":"空位","data_time":"2026-05-02 15:53:29+08:00","city_label":"新北市","facility_kind_label":"路邊車格","available_rate":1,"occupancy_rate":0,"price_tier":"unknown","price_tier_label":"價格未知"}},{"type":"Feature","geometry":{"type":"Point","coordinates":[121.525411,25.003448]},"properties":{"supply_id":"new_taipei-onstreet-91096","city":"new_taipei","district":"永和區","display_name":"永利路 車格 91096","address":"永利路","facility_kind":"onstreet","symbol_text":null,"type_reference":"路邊停車格","type_confidence":0.6,"price_raw":null,"price_value":null,"capacity_total":1,"available_total":0,"occupied_total":1,"status_label":"已停","data_time":"2026-05-02 15:53:29+08:00","city_label":"新北市","facility_kind_label":"路邊車格","available_rate":0,"occupancy_rate":1,"price_tier":"unknown","price_tier_label":"價格未知"}},{"type":"Feature","geometry":{"type":"Point","coordinates":[121.511403,25.005307]},"properties":{"supply_id":"new_taipei-onstreet-83365","city":"new_taipei","district":"永和區","display_name":"永貞路 車格 83365","address":"永貞路","facility_kind":"onstreet","symbol_text":null,"type_reference":"路邊停車格","type_confidence":0.6,"price_raw":null,"price_value":null,"capacity_total":1,"available_total":1,"occupied_total":0,"status_label":"空位","data_time":"2026-05-02 15:53:29+08:00","city_label":"新北市","facility_kind_label":"路邊車格","available_rate":1,"occupancy_rate":0,"price_tier":"unknown","price_tier_label":"價格未知"}},{"type":"Feature","geometry":{"type":"Point","coordinates":[121.511385,25.012956]},"properties":{"supply_id":"new_taipei-onstreet-91402","city":"new_taipei","district":"永和區","display_name":"仁愛路 車格 91402","address":"仁愛路","facility_kind":"onstreet","symbol_text":null,"type_reference":"路邊停車格","type_confidence":0.6,"price_raw":null,"price_value":null,"capacity_total":1,"available_total":1,"occupied_total":0,"status_label":"空位","data_time":"2026-05-02 15:53:29+08:00","city_label":"新北市","facility_kind_label":"路邊車格","available_rate":1,"occupancy_rate":0,"price_tier":"unknown","price_tier_label":"價格未知"}},{"type":"Feature","geometry":{"type":"Point","coordinates":[121.525869,25.003304]},"properties":{"supply_id":"new_taipei-onstreet-34217","city":"new_taipei","district":"永和區","display_name":"永利路 車格 34217","address":"永利路","facility_kind":"onstreet","symbol_text":null,"type_reference":"路邊停車格","type_confidence":0.6,"price_raw":null,"price_value":null,"capacity_total":1,"available_total":1,"occupied_total":0,"status_label":"空位","data_time":"2026-05-02 15:53:29+08:00","city_label":"新北市","facility_kind_label":"路邊車格","available_rate":1,"occupancy_rate":0,"price_tier":"unknown","price_tier_label":"價格未知"}},{"type":"Feature","geometry":{"type":"Point","coordinates":[121.524597,25.0036]},"properties":{"supply_id":"new_taipei-onstreet-91407","city":"new_taipei","district":"永和區","display_name":"永利路 車格 91407","address":"永利路","facility_kind":"onstreet","symbol_text":null,"type_reference":"路邊停車格","type_confidence":0.6,"price_raw":null,"price_value":null,"capacity_total":1,"available_total":1,"occupied_total":0,"status_label":"空位","data_time":"2026-05-02 15:53:29+08:00","city_label":"新北市","facility_kind_label":"路邊車格","available_rate":1,"occupancy_rate":0,"price_tier":"unknown","price_tier_label":"價格未知"}},{"type":"Feature","geometry":{"type":"Point","coordinates":[121.511665,25.013009]},"properties":{"supply_id":"new_taipei-onstreet-91400","city":"new_taipei","district":"永和區","display_name":"仁愛路 車格 91400","address":"仁愛路","facility_kind":"onstreet","symbol_text":null,"type_reference":"路邊停車格","type_confidence":0.6,"price_raw":null,"price_value":null,"capacity_total":1,"available_total":1,"occupied_total":0,"status_label":"空位","data_time":"2026-05-02 15:53:29+08:00","city_label":"新北市","facility_kind_label":"路邊車格","available_rate":1,"occupancy_rate":0,"price_tier":"unknown","price_tier_label":"價格未知"}},{"type":"Feature","geometry":{"type":"Point","coordinates":[121.510892,25.005831]},"properties":{"supply_id":"new_taipei-onstreet-83245","city":"new_taipei","district":"永和區","display_name":"永貞路 車格 83245","address":"永貞路","facility_kind":"onstreet","symbol_text":null,"type_reference":"路邊停車格","type_confidence":0.6,"price_raw":null,"price_value":null,"capacity_total":1,"available_total":1,"occupied_total":0,"status_label":"空位","data_time":"2026-05-02 15:53:29+08:00","city_label":"新北市","facility_kind_label":"路邊車格","available_rate":1,"occupancy_rate":0,"price_tier":"unknown","price_tier_label":"價格未知"}},{"type":"Feature","geometry":{"type":"Point","coordinates":[121.511058,25.01288]},"properties":{"supply_id":"new_taipei-onstreet-83374","city":"new_taipei","district":"永和區","display_name":"仁愛路 車格 83374","address":"仁愛路","facility_kind":"onstreet","symbol_text":null,"type_reference":"路邊停車格","type_confidence":0.6,"price_raw":null,"price_value":null,"capacity_total":1,"available_total":1,"occupied_total":0,"status_label":"空位","data_time":"2026-05-02 15:53:29+08:00","city_label":"新北市","facility_kind_label":"路邊車格","available_rate":1,"occupancy_rate":0,"price_tier":"unknown","price_tier_label":"價格未知"}},{"type":"Feature","geometry":{"type":"Point","coordinates":[121.509748,25.016243]},"properties":{"supply_id":"new_taipei-onstreet-76012","city":"new_taipei","district":"永和區","display_name":"保安路 車格 76012","address":"保安路","facility_kind":"onstreet","symbol_text":null,"type_reference":"路邊停車格","type_confidence":0.6,"price_raw":null,"price_value":null,"capacity_total":1,"available_total":0,"occupied_total":1,"status_label":"已停","data_time":"2026-05-02 15:53:29+08:00","city_label":"新北市","facility_kind_label":"路邊車格","available_rate":0,"occupancy_rate":1,"price_tier":"unknown","price_tier_label":"價格未知"}},{"type":"Feature","geometry":{"type":"Point","coordinates":[121.509785,25.007018]},"properties":{"supply_id":"new_taipei-onstreet-148186","city":"new_taipei","district":"永和區","display_name":"永貞路 車格 148186","address":"永貞路","facility_kind":"onstreet","symbol_text":null,"type_reference":"路邊停車格","type_confidence":0.6,"price_raw":null,"price_value":null,"capacity_total":1,"available_total":1,"occupied_total":0,"status_label":"空位","data_time":"2026-05-02 15:53:29+08:00","city_label":"新北市","facility_kind_label":"路邊車格","available_rate":1,"occupancy_rate":0,"price_tier":"unknown","price_tier_label":"價格未知"}},{"type":"Feature","geometry":{"type":"Point","coordinates":[121.525032,25.003552]},"properties":{"supply_id":"new_taipei-onstreet-85367","city":"new_taipei","district":"永和區","display_name":"永利路 車格 85367","address":"永利路","facility_kind":"onstreet","symbol_text":null,"type_reference":"路邊停車格","type_confidence":0.6,"price_raw":null,"price_value":null,"capacity_total":1,"available_total":1,"occupied_total":0,"status_label":"空位","data_time":"2026-05-02 15:53:29+08:00","city_label":"新北市","facility_kind_label":"路邊車格","available_rate":1,"occupancy_rate":0,"price_tier":"unknown","price_tier_label":"價格未知"}},{"type":"Feature","geometry":{"type":"Point","coordinates":[121.511005,25.012868]},"properties":{"supply_id":"new_taipei-onstreet-83373","city":"new_taipei","district":"永和區","display_name":"仁愛路 車格 83373","address":"仁愛路","facility_kind":"onstreet","symbol_text":null,"type_reference":"路邊停車格","type_confidence":0.6,"price_raw":null,"price_value":null,"capacity_total":1,"available_total":1,"occupied_total":0,"status_label":"空位","data_time":"2026-05-02 15:53:29+08:00","city_label":"新北市","facility_kind_label":"路邊車格","available_rate":1,"occupancy_rate":0,"price_tier":"unknown","price_tier_label":"價格未知"}},{"type":"Feature","geometry":{"type":"Point","coordinates":[121.510874,25.012838]},"properties":{"supply_id":"new_taipei-onstreet-83371","city":"new_taipei","district":"永和區","display_name":"仁愛路 車格 83371","address":"仁愛路","facility_kind":"onstreet","symbol_text":null,"type_reference":"路邊停車格","type_confidence":0.6,"price_raw":null,"price_value":null,"capacity_total":1,"available_total":1,"occupied_total":0,"status_label":"空位","data_time":"2026-05-02 15:53:29+08:00","city_label":"新北市","facility_kind_label":"路邊車格","available_rate":1,"occupancy_rate":0,"price_tier":"unknown","price_tier_label":"價格未知"}},{"type":"Feature","geometry":{"type":"Point","coordinates":[121.51156,25.005159]},"properties":{"supply_id":"new_taipei-onstreet-83282","city":"new_taipei","district":"永和區","display_name":"永貞路 車格 83282","address":"永貞路","facility_kind":"onstreet","symbol_text":null,"type_reference":"路邊停車格","type_confidence":0.6,"price_raw":null,"price_value":null,"capacity_total":1,"available_total":1,"occupied_total":0,"status_label":"空位","data_time":"2026-05-02 15:53:29+08:00","city_label":"新北市","facility_kind_label":"路邊車格","available_rate":1,"occupancy_rate":0,"price_tier":"unknown","price_tier_label":"價格未知"}},{"type":"Feature","geometry":{"type":"Point","coordinates":[121.511511,25.005206]},"properties":{"supply_id":"new_taipei-onstreet-83284","city":"new_taipei","district":"永和區","display_name":"永貞路 車格 83284","address":"永貞路","facility_kind":"onstreet","symbol_text":null,"type_reference":"路邊停車格","type_confidence":0.6,"price_raw":null,"price_value":null,"capacity_total":1,"available_total":1,"occupied_total":0,"status_label":"空位","data_time":"2026-05-02 15:53:29+08:00","city_label":"新北市","facility_kind_label":"路邊車格","available_rate":1,"occupancy_rate":0,"price_tier":"unknown","price_tier_label":"價格未知"}},{"type":"Feature","geometry":{"type":"Point","coordinates":[121.525888,25.003413]},"properties":{"supply_id":"new_taipei-onstreet-156395","city":"new_taipei","district":"永和區","display_name":"永利路 車格 156395","address":"永利路","facility_kind":"onstreet","symbol_text":null,"type_reference":"路邊停車格","type_confidence":0.6,"price_raw":null,"price_value":null,"capacity_total":1,"available_total":0,"occupied_total":1,"status_label":"已停","data_time":"2026-05-02 15:53:29+08:00","city_label":"新北市","facility_kind_label":"路邊車格","available_rate":0,"occupancy_rate":1,"price_tier":"unknown","price_tier_label":"價格未知"}},{"type":"Feature","geometry":{"type":"Point","coordinates":[121.525341,25.003459]},"properties":{"supply_id":"new_taipei-onstreet-91099","city":"new_taipei","district":"永和區","display_name":"永利路 車格 91099","address":"永利路","facility_kind":"onstreet","symbol_text":null,"type_reference":"路邊停車格","type_confidence":0.6,"price_raw":null,"price_value":null,"capacity_total":1,"available_total":1,"occupied_total":0,"status_label":"空位","data_time":"2026-05-02 15:53:29+08:00","city_label":"新北市","facility_kind_label":"路邊車格","available_rate":1,"occupancy_rate":0,"price_tier":"unknown","price_tier_label":"價格未知"}},{"type":"Feature","geometry":{"type":"Point","coordinates":[121.511354,25.005352]},"properties":{"supply_id":"new_taipei-onstreet-26647","city":"new_taipei","district":"永和區","display_name":"永貞路 車格 26647","address":"永貞路","facility_kind":"onstreet","symbol_text":null,"type_reference":"路邊停車格","type_confidence":0.6,"price_raw":null,"price_value":null,"capacity_total":1,"available_total":1,"occupied_total":0,"status_label":"空位","data_time":"2026-05-02 15:53:29+08:00","city_label":"新北市","facility_kind_label":"路邊車格","available_rate":1,"occupancy_rate":0,"price_tier":"unknown","price_tier_label":"價格未知"}},{"type":"Feature","geometry":{"type":"Point","coordinates":[121.510938,25.012853]},"properties":{"supply_id":"new_taipei-onstreet-83372","city":"new_taipei","district":"永和區","display_name":"仁愛路 車格 83372","address":"仁愛路","facility_kind":"onstreet","symbol_text":null,"type_reference":"路邊停車格","type_confidence":0.6,"price_raw":null,"price_value":null,"capacity_total":1,"available_total":1,"occupied_total":0,"status_label":"空位","data_time":"2026-05-02 15:53:29+08:00","city_label":"新北市","facility_kind_label":"路邊車格","available_rate":1,"occupancy_rate":0,"price_tier":"unknown","price_tier_label":"價格未知"}},{"type":"Feature","geometry":{"type":"Point","coordinates":[121.525088,25.003527]},"properties":{"supply_id":"new_taipei-onstreet-85361","city":"new_taipei","district":"永和區","display_name":"永利路 車格 85361","address":"永利路","facility_kind":"onstreet","symbol_text":null,"type_reference":"路邊停車格","type_confidence":0.6,"price_raw":null,"price_value":null,"capacity_total":1,"available_total":1,"occupied_total":0,"status_label":"空位","data_time":"2026-05-02 15:53:29+08:00","city_label":"新北市","facility_kind_label":"路邊車格","available_rate":1,"occupancy_rate":0,"price_tier":"unknown","price_tier_label":"價格未知"}},{"type":"Feature","geometry":{"type":"Point","coordinates":[121.509722,25.012415]},"properties":{"supply_id":"new_taipei-onstreet-90920","city":"new_taipei","district":"永和區","display_name":"仁愛路 車格 90920","address":"仁愛路","facility_kind":"onstreet","symbol_text":null,"type_reference":"路邊停車格","type_confidence":0.6,"price_raw":null,"price_value":null,"capacity_total":1,"available_total":1,"occupied_total":0,"status_label":"空位","data_time":"2026-05-02 15:53:29+08:00","city_label":"新北市","facility_kind_label":"路邊車格","available_rate":1,"occupancy_rate":0,"price_tier":"unknown","price_tier_label":"價格未知"}},{"type":"Feature","geometry":{"type":"Point","coordinates":[121.524682,25.003598]},"properties":{"supply_id":"new_taipei-onstreet-95840","city":"new_taipei","district":"永和區","display_name":"永利路 車格 95840","address":"永利路","facility_kind":"onstreet","symbol_text":null,"type_reference":"路邊停車格","type_confidence":0.6,"price_raw":null,"price_value":null,"capacity_total":1,"available_total":1,"occupied_total":0,"status_label":"空位","data_time":"2026-05-02 15:53:29+08:00","city_label":"新北市","facility_kind_label":"路邊車格","available_rate":1,"occupancy_rate":0,"price_tier":"unknown","price_tier_label":"價格未知"}},{"type":"Feature","geometry":{"type":"Point","coordinates":[121.524521,25.003602]},"properties":{"supply_id":"new_taipei-onstreet-91406","city":"new_taipei","district":"永和區","display_name":"永利路 車格 91406","address":"永利路","facility_kind":"onstreet","symbol_text":null,"type_reference":"路邊停車格","type_confidence":0.6,"price_raw":null,"price_value":null,"capacity_total":1,"available_total":1,"occupied_total":0,"status_label":"空位","data_time":"2026-05-02 15:53:29+08:00","city_label":"新北市","facility_kind_label":"路邊車格","available_rate":1,"occupancy_rate":0,"price_tier":"unknown","price_tier_label":"價格未知"}},{"type":"Feature","geometry":{"type":"Point","coordinates":[121.511056,25.005654]},"properties":{"supply_id":"new_taipei-onstreet-83244","city":"new_taipei","district":"永和區","display_name":"永貞路 車格 83244","address":"永貞路","facility_kind":"onstreet","symbol_text":null,"type_reference":"路邊停車格","type_confidence":0.6,"price_raw":null,"price_value":null,"capacity_total":1,"available_total":1,"occupied_total":0,"status_label":"空位","data_time":"2026-05-02 15:53:29+08:00","city_label":"新北市","facility_kind_label":"路邊車格","available_rate":1,"occupancy_rate":0,"price_tier":"unknown","price_tier_label":"價格未知"}},{"type":"Feature","geometry":{"type":"Point","coordinates":[121.509269,25.012188]},"properties":{"supply_id":"new_taipei-onstreet-16793","city":"new_taipei","district":"永和區","display_name":"仁愛路 車格 16793","address":"仁愛路","facility_kind":"onstreet","symbol_text":null,"type_reference":"路邊停車格","type_confidence":0.6,"price_raw":null,"price_value":null,"capacity_total":1,"available_total":0,"occupied_total":1,"status_label":"已停","data_time":"2026-05-02 15:53:29+08:00","city_label":"新北市","facility_kind_label":"路邊車格","available_rate":0,"occupancy_rate":1,"price_tier":"unknown","price_tier_label":"價格未知"}},{"type":"Feature","geometry":{"type":"Point","coordinates":[121.509511,25.012316]},"properties":{"supply_id":"new_taipei-onstreet-90921","city":"new_taipei","district":"永和區","display_name":"仁愛路 車格 90921","address":"仁愛路","facility_kind":"onstreet","symbol_text":null,"type_reference":"路邊停車格","type_confidence":0.6,"price_raw":null,"price_value":null,"capacity_total":1,"available_total":0,"occupied_total":1,"status_label":"已停","data_time":"2026-05-02 15:53:29+08:00","city_label":"新北市","facility_kind_label":"路邊車格","available_rate":0,"occupancy_rate":1,"price_tier":"unknown","price_tier_label":"價格未知"}},{"type":"Feature","geometry":{"type":"Point","coordinates":[121.510856,25.005869]},"properties":{"supply_id":"new_taipei-onstreet-83246","city":"new_taipei","district":"永和區","display_name":"永貞路 車格 83246","address":"永貞路","facility_kind":"onstreet","symbol_text":null,"type_reference":"路邊停車格","type_confidence":0.6,"price_raw":null,"price_value":null,"capacity_total":1,"available_total":1,"occupied_total":0,"status_label":"空位","data_time":"2026-05-02 15:53:29+08:00","city_label":"新北市","facility_kind_label":"路邊車格","available_rate":1,"occupancy_rate":0,"price_tier":"unknown","price_tier_label":"價格未知"}},{"type":"Feature","geometry":{"type":"Point","coordinates":[121.509009,25.01202]},"properties":{"supply_id":"new_taipei-onstreet-83456","city":"new_taipei","district":"永和區","display_name":"仁愛路 車格 83456","address":"仁愛路","facility_kind":"onstreet","symbol_text":null,"type_reference":"路邊停車格","type_confidence":0.6,"price_raw":null,"price_value":null,"capacity_total":1,"available_total":1,"occupied_total":0,"status_label":"空位","data_time":"2026-05-02 15:53:29+08:00","city_label":"新北市","facility_kind_label":"路邊車格","available_rate":1,"occupancy_rate":0,"price_tier":"unknown","price_tier_label":"價格未知"}},{"type":"Feature","geometry":{"type":"Point","coordinates":[121.509107,25.012083]},"properties":{"supply_id":"new_taipei-onstreet-83455","city":"new_taipei","district":"永和區","display_name":"仁愛路 車格 83455","address":"仁愛路","facility_kind":"onstreet","symbol_text":null,"type_reference":"路邊停車格","type_confidence":0.6,"price_raw":null,"price_value":null,"capacity_total":1,"available_total":1,"occupied_total":0,"status_label":"空位","data_time":"2026-05-02 15:53:29+08:00","city_label":"新北市","facility_kind_label":"路邊車格","available_rate":1,"occupancy_rate":0,"price_tier":"unknown","price_tier_label":"價格未知"}},{"type":"Feature","geometry":{"type":"Point","coordinates":[121.509325,25.012225]},"properties":{"supply_id":"new_taipei-onstreet-83454","city":"new_taipei","district":"永和區","display_name":"仁愛路 車格 83454","address":"仁愛路","facility_kind":"onstreet","symbol_text":null,"type_reference":"路邊停車格","type_confidence":0.6,"price_raw":null,"price_value":null,"capacity_total":1,"available_total":1,"occupied_total":0,"status_label":"空位","data_time":"2026-05-02 15:53:29+08:00","city_label":"新北市","facility_kind_label":"路邊車格","available_rate":1,"occupancy_rate":0,"price_tier":"unknown","price_tier_label":"價格未知"}},{"type":"Feature","geometry":{"type":"Point","coordinates":[121.523996,25.003418]},"properties":{"supply_id":"new_taipei-onstreet-91277","city":"new_taipei","district":"永和區","display_name":"永利路 車格 91277","address":"永利路","facility_kind":"onstreet","symbol_text":null,"type_reference":"路邊停車格","type_confidence":0.6,"price_raw":null,"price_value":null,"capacity_total":1,"available_total":1,"occupied_total":0,"status_label":"空位","data_time":"2026-05-02 15:53:29+08:00","city_label":"新北市","facility_kind_label":"路邊車格","available_rate":1,"occupancy_rate":0,"price_tier":"unknown","price_tier_label":"價格未知"}},{"type":"Feature","geometry":{"type":"Point","coordinates":[121.508874,25.011932]},"properties":{"supply_id":"new_taipei-onstreet-83452","city":"new_taipei","district":"永和區","display_name":"仁愛路 車格 83452","address":"仁愛路","facility_kind":"onstreet","symbol_text":null,"type_reference":"路邊停車格","type_confidence":0.6,"price_raw":null,"price_value":null,"capacity_total":1,"available_total":1,"occupied_total":0,"status_label":"空位","data_time":"2026-05-02 15:53:29+08:00","city_label":"新北市","facility_kind_label":"路邊車格","available_rate":1,"occupancy_rate":0,"price_tier":"unknown","price_tier_label":"價格未知"}},{"type":"Feature","geometry":{"type":"Point","coordinates":[121.508767,25.011853]},"properties":{"supply_id":"new_taipei-onstreet-82814","city":"new_taipei","district":"永和區","display_name":"仁愛路 車格 82814","address":"仁愛路","facility_kind":"onstreet","symbol_text":null,"type_reference":"路邊停車格","type_confidence":0.6,"price_raw":null,"price_value":null,"capacity_total":1,"available_total":1,"occupied_total":0,"status_label":"空位","data_time":"2026-05-02 15:53:29+08:00","city_label":"新北市","facility_kind_label":"路邊車格","available_rate":1,"occupancy_rate":0,"price_tier":"unknown","price_tier_label":"價格未知"}},{"type":"Feature","geometry":{"type":"Point","coordinates":[121.508928,25.011967]},"properties":{"supply_id":"new_taipei-onstreet-83451","city":"new_taipei","district":"永和區","display_name":"仁愛路 車格 83451","address":"仁愛路","facility_kind":"onstreet","symbol_text":null,"type_reference":"路邊停車格","type_confidence":0.6,"price_raw":null,"price_value":null,"capacity_total":1,"available_total":1,"occupied_total":0,"status_label":"空位","data_time":"2026-05-02 15:53:29+08:00","city_label":"新北市","facility_kind_label":"路邊車格","available_rate":1,"occupancy_rate":0,"price_tier":"unknown","price_tier_label":"價格未知"}},{"type":"Feature","geometry":{"type":"Point","coordinates":[121.509287,25.007526]},"properties":{"supply_id":"new_taipei-onstreet-83432","city":"new_taipei","district":"永和區","display_name":"永貞路 車格 83432","address":"永貞路","facility_kind":"onstreet","symbol_text":null,"type_reference":"路邊停車格","type_confidence":0.6,"price_raw":null,"price_value":null,"capacity_total":1,"available_total":1,"occupied_total":0,"status_label":"空位","data_time":"2026-05-02 15:53:29+08:00","city_label":"新北市","facility_kind_label":"路邊車格","available_rate":1,"occupancy_rate":0,"price_tier":"unknown","price_tier_label":"價格未知"}},{"type":"Feature","geometry":{"type":"Point","coordinates":[121.5037,25.008039]},"properties":{"supply_id":"new_taipei-onstreet-93172","city":"new_taipei","district":"永和區","display_name":"仁愛路 車格 93172","address":"仁愛路","facility_kind":"onstreet","symbol_text":null,"type_reference":"路邊停車格","type_confidence":0.6,"price_raw":null,"price_value":null,"capacity_total":1,"available_total":1,"occupied_total":0,"status_label":"空位","data_time":"2026-05-02 15:53:29+08:00","city_label":"新北市","facility_kind_label":"路邊車格","available_rate":1,"occupancy_rate":0,"price_tier":"unknown","price_tier_label":"價格未知"}},{"type":"Feature","geometry":{"type":"Point","coordinates":[121.509748,25.007054]},"properties":{"supply_id":"new_taipei-onstreet-148185","city":"new_taipei","district":"永和區","display_name":"永貞路 車格 148185","address":"永貞路","facility_kind":"onstreet","symbol_text":null,"type_reference":"路邊停車格","type_confidence":0.6,"price_raw":null,"price_value":null,"capacity_total":1,"available_total":1,"occupied_total":0,"status_label":"空位","data_time":"2026-05-02 15:53:29+08:00","city_label":"新北市","facility_kind_label":"路邊車格","available_rate":1,"occupancy_rate":0,"price_tier":"unknown","price_tier_label":"價格未知"}},{"type":"Feature","geometry":{"type":"Point","coordinates":[121.523997,25.003318]},"properties":{"supply_id":"new_taipei-onstreet-27862","city":"new_taipei","district":"永和區","display_name":"永利路 車格 27862","address":"永利路","facility_kind":"onstreet","symbol_text":null,"type_reference":"路邊停車格","type_confidence":0.6,"price_raw":null,"price_value":null,"capacity_total":1,"available_total":0,"occupied_total":1,"status_label":"已停","data_time":"2026-05-02 15:53:29+08:00","city_label":"新北市","facility_kind_label":"路邊車格","available_rate":0,"occupancy_rate":1,"price_tier":"unknown","price_tier_label":"價格未知"}},{"type":"Feature","geometry":{"type":"Point","coordinates":[121.508472,25.011623]},"properties":{"supply_id":"new_taipei-onstreet-83453","city":"new_taipei","district":"永和區","display_name":"仁愛路 車格 83453","address":"仁愛路","facility_kind":"onstreet","symbol_text":null,"type_reference":"路邊停車格","type_confidence":0.6,"price_raw":null,"price_value":null,"capacity_total":1,"available_total":1,"occupied_total":0,"status_label":"空位","data_time":"2026-05-02 15:53:29+08:00","city_label":"新北市","facility_kind_label":"路邊車格","available_rate":1,"occupancy_rate":0,"price_tier":"unknown","price_tier_label":"價格未知"}},{"type":"Feature","geometry":{"type":"Point","coordinates":[121.523996,25.003368]},"properties":{"supply_id":"new_taipei-onstreet-27861","city":"new_taipei","district":"永和區","display_name":"永利路 車格 27861","address":"永利路","facility_kind":"onstreet","symbol_text":null,"type_reference":"路邊停車格","type_confidence":0.6,"price_raw":null,"price_value":null,"capacity_total":1,"available_total":0,"occupied_total":1,"status_label":"已停","data_time":"2026-05-02 15:53:29+08:00","city_label":"新北市","facility_kind_label":"路邊車格","available_rate":0,"occupancy_rate":1,"price_tier":"unknown","price_tier_label":"價格未知"}},{"type":"Feature","geometry":{"type":"Point","coordinates":[121.509335,25.007474]},"properties":{"supply_id":"new_taipei-onstreet-83431","city":"new_taipei","district":"永和區","display_name":"永貞路 車格 83431","address":"永貞路","facility_kind":"onstreet","symbol_text":null,"type_reference":"路邊停車格","type_confidence":0.6,"price_raw":null,"price_value":null,"capacity_total":1,"available_total":1,"occupied_total":0,"status_label":"空位","data_time":"2026-05-02 15:53:29+08:00","city_label":"新北市","facility_kind_label":"路邊車格","available_rate":1,"occupancy_rate":0,"price_tier":"unknown","price_tier_label":"價格未知"}},{"type":"Feature","geometry":{"type":"Point","coordinates":[121.509226,25.007591]},"properties":{"supply_id":"new_taipei-onstreet-84145","city":"new_taipei","district":"永和區","display_name":"永貞路 車格 84145","address":"永貞路","facility_kind":"onstreet","symbol_text":null,"type_reference":"路邊停車格","type_confidence":0.6,"price_raw":null,"price_value":null,"capacity_total":1,"available_total":1,"occupied_total":0,"status_label":"空位","data_time":"2026-05-02 15:53:29+08:00","city_label":"新北市","facility_kind_label":"路邊車格","available_rate":1,"occupancy_rate":0,"price_tier":"unknown","price_tier_label":"價格未知"}},{"type":"Feature","geometry":{"type":"Point","coordinates":[121.503659,25.008006]},"properties":{"supply_id":"new_taipei-onstreet-93171","city":"new_taipei","district":"永和區","display_name":"仁愛路 車格 93171","address":"仁愛路","facility_kind":"onstreet","symbol_text":null,"type_reference":"路邊停車格","type_confidence":0.6,"price_raw":null,"price_value":null,"capacity_total":1,"available_total":0,"occupied_total":1,"status_label":"已停","data_time":"2026-05-02 15:53:29+08:00","city_label":"新北市","facility_kind_label":"路邊車格","available_rate":0,"occupancy_rate":1,"price_tier":"unknown","price_tier_label":"價格未知"}},{"type":"Feature","geometry":{"type":"Point","coordinates":[121.523997,25.003269]},"properties":{"supply_id":"new_taipei-onstreet-85353","city":"new_taipei","district":"永和區","display_name":"永利路 車格 85353","address":"永利路","facility_kind":"onstreet","symbol_text":null,"type_reference":"路邊停車格","type_confidence":0.6,"price_raw":null,"price_value":null,"capacity_total":1,"available_total":0,"occupied_total":1,"status_label":"已停","data_time":"2026-05-02 15:53:29+08:00","city_label":"新北市","facility_kind_label":"路邊車格","available_rate":0,"occupancy_rate":1,"price_tier":"unknown","price_tier_label":"價格未知"}},{"type":"Feature","geometry":{"type":"Point","coordinates":[121.508417,25.011581]},"properties":{"supply_id":"new_taipei-onstreet-27612","city":"new_taipei","district":"永和區","display_name":"仁愛路 車格 27612","address":"仁愛路","facility_kind":"onstreet","symbol_text":null,"type_reference":"路邊停車格","type_confidence":0.6,"price_raw":null,"price_value":null,"capacity_total":1,"available_total":0,"occupied_total":1,"status_label":"已停","data_time":"2026-05-02 15:53:29+08:00","city_label":"新北市","facility_kind_label":"路邊車格","available_rate":0,"occupancy_rate":1,"price_tier":"unknown","price_tier_label":"價格未知"}},{"type":"Feature","geometry":{"type":"Point","coordinates":[121.509106,25.007723]},"properties":{"supply_id":"new_taipei-onstreet-62854","city":"new_taipei","district":"永和區","display_name":"永貞路 車格 62854","address":"永貞路","facility_kind":"onstreet","symbol_text":null,"type_reference":"路邊停車格","type_confidence":0.6,"price_raw":null,"price_value":null,"capacity_total":1,"available_total":1,"occupied_total":0,"status_label":"空位","data_time":"2026-05-02 15:53:29+08:00","city_label":"新北市","facility_kind_label":"路邊車格","available_rate":1,"occupancy_rate":0,"price_tier":"unknown","price_tier_label":"價格未知"}},{"type":"Feature","geometry":{"type":"Point","coordinates":[121.523846,25.002632]},"properties":{"supply_id":"new_taipei-onstreet-71456","city":"new_taipei","district":"永和區","display_name":"永利路 車格 71456","address":"永利路","facility_kind":"onstreet","symbol_text":null,"type_reference":"路邊停車格","type_confidence":0.6,"price_raw":null,"price_value":null,"capacity_total":1,"available_total":0,"occupied_total":1,"status_label":"已停","data_time":"2026-05-02 15:53:29+08:00","city_label":"新北市","facility_kind_label":"路邊車格","available_rate":0,"occupancy_rate":1,"price_tier":"unknown","price_tier_label":"價格未知"}},{"type":"Feature","geometry":{"type":"Point","coordinates":[121.523673,25.002648]},"properties":{"supply_id":"new_taipei-onstreet-85354","city":"new_taipei","district":"永和區","display_name":"永利路 車格 85354","address":"永利路","facility_kind":"onstreet","symbol_text":null,"type_reference":"路邊停車格","type_confidence":0.6,"price_raw":null,"price_value":null,"capacity_total":1,"available_total":0,"occupied_total":1,"status_label":"已停","data_time":"2026-05-02 15:53:29+08:00","city_label":"新北市","facility_kind_label":"路邊車格","available_rate":0,"occupancy_rate":1,"price_tier":"unknown","price_tier_label":"價格未知"}},{"type":"Feature","geometry":{"type":"Point","coordinates":[121.503576,25.007941]},"properties":{"supply_id":"new_taipei-onstreet-87918","city":"new_taipei","district":"永和區","display_name":"仁愛路 車格 87918","address":"仁愛路","facility_kind":"onstreet","symbol_text":null,"type_reference":"路邊停車格","type_confidence":0.6,"price_raw":null,"price_value":null,"capacity_total":1,"available_total":1,"occupied_total":0,"status_label":"空位","data_time":"2026-05-02 15:53:29+08:00","city_label":"新北市","facility_kind_label":"路邊車格","available_rate":1,"occupancy_rate":0,"price_tier":"unknown","price_tier_label":"價格未知"}},{"type":"Feature","geometry":{"type":"Point","coordinates":[121.50914,25.007498]},"properties":{"supply_id":"new_taipei-onstreet-67452","city":"new_taipei","district":"永和區","display_name":"永貞路 車格 67452","address":"永貞路","facility_kind":"onstreet","symbol_text":null,"type_reference":"路邊停車格","type_confidence":0.6,"price_raw":null,"price_value":null,"capacity_total":1,"available_total":1,"occupied_total":0,"status_label":"空位","data_time":"2026-05-02 15:53:29+08:00","city_label":"新北市","facility_kind_label":"路邊車格","available_rate":1,"occupancy_rate":0,"price_tier":"unknown","price_tier_label":"價格未知"}},{"type":"Feature","geometry":{"type":"Point","coordinates":[121.523998,25.003219]},"properties":{"supply_id":"new_taipei-onstreet-34558","city":"new_taipei","district":"永和區","display_name":"永利路 車格 34558","address":"永利路","facility_kind":"onstreet","symbol_text":null,"type_reference":"路邊停車格","type_confidence":0.6,"price_raw":null,"price_value":null,"capacity_total":1,"available_total":0,"occupied_total":1,"status_label":"已停","data_time":"2026-05-02 15:53:29+08:00","city_label":"新北市","facility_kind_label":"路邊車格","available_rate":0,"occupancy_rate":1,"price_tier":"unknown","price_tier_label":"價格未知"}},{"type":"Feature","geometry":{"type":"Point","coordinates":[121.523253,25.002693]},"properties":{"supply_id":"new_taipei-onstreet-81393","city":"new_taipei","district":"永和區","display_name":"永利路 車格 81393","address":"永利路","facility_kind":"onstreet","symbol_text":null,"type_reference":"路邊停車格","type_confidence":0.6,"price_raw":null,"price_value":null,"capacity_total":1,"available_total":1,"occupied_total":0,"status_label":"空位","data_time":"2026-05-02 15:53:29+08:00","city_label":"新北市","facility_kind_label":"路邊車格","available_rate":1,"occupancy_rate":0,"price_tier":"unknown","price_tier_label":"價格未知"}},{"type":"Feature","geometry":{"type":"Point","coordinates":[121.523767,25.002639]},"properties":{"supply_id":"new_taipei-onstreet-85355","city":"new_taipei","district":"永和區","display_name":"永利路 車格 85355","address":"永利路","facility_kind":"onstreet","symbol_text":null,"type_reference":"路邊停車格","type_confidence":0.6,"price_raw":null,"price_value":null,"capacity_total":1,"available_total":0,"occupied_total":1,"status_label":"已停","data_time":"2026-05-02 15:53:29+08:00","city_label":"新北市","facility_kind_label":"路邊車格","available_rate":0,"occupancy_rate":1,"price_tier":"unknown","price_tier_label":"價格未知"}},{"type":"Feature","geometry":{"type":"Point","coordinates":[121.523518,25.002663]},"properties":{"supply_id":"new_taipei-onstreet-85345","city":"new_taipei","district":"永和區","display_name":"永利路 車格 85345","address":"永利路","facility_kind":"onstreet","symbol_text":null,"type_reference":"路邊停車格","type_confidence":0.6,"price_raw":null,"price_value":null,"capacity_total":1,"available_total":1,"occupied_total":0,"status_label":"空位","data_time":"2026-05-02 15:53:29+08:00","city_label":"新北市","facility_kind_label":"路邊車格","available_rate":1,"occupancy_rate":0,"price_tier":"unknown","price_tier_label":"價格未知"}},{"type":"Feature","geometry":{"type":"Point","coordinates":[121.508972,25.00769]},"properties":{"supply_id":"new_taipei-onstreet-62856","city":"new_taipei","district":"永和區","display_name":"永貞路 車格 62856","address":"永貞路","facility_kind":"onstreet","symbol_text":null,"type_reference":"路邊停車格","type_confidence":0.6,"price_raw":null,"price_value":null,"capacity_total":1,"available_total":1,"occupied_total":0,"status_label":"空位","data_time":"2026-05-02 15:53:29+08:00","city_label":"新北市","facility_kind_label":"路邊車格","available_rate":1,"occupancy_rate":0,"price_tier":"unknown","price_tier_label":"價格未知"}},{"type":"Feature","geometry":{"type":"Point","coordinates":[121.502787,25.007307]},"properties":{"supply_id":"new_taipei-onstreet-83447","city":"new_taipei","district":"永和區","display_name":"仁愛路 車格 83447","address":"仁愛路","facility_kind":"onstreet","symbol_text":null,"type_reference":"路邊停車格","type_confidence":0.6,"price_raw":null,"price_value":null,"capacity_total":1,"available_total":1,"occupied_total":0,"status_label":"空位","data_time":"2026-05-02 15:53:29+08:00","city_label":"新北市","facility_kind_label":"路邊車格","available_rate":1,"occupancy_rate":0,"price_tier":"unknown","price_tier_label":"價格未知"}},{"type":"Feature","geometry":{"type":"Point","coordinates":[121.502746,25.007274]},"properties":{"supply_id":"new_taipei-onstreet-15320","city":"new_taipei","district":"永和區","display_name":"仁愛路 車格 15320","address":"仁愛路","facility_kind":"onstreet","symbol_text":null,"type_reference":"路邊停車格","type_confidence":0.6,"price_raw":null,"price_value":null,"capacity_total":1,"available_total":1,"occupied_total":0,"status_label":"空位","data_time":"2026-05-02 15:53:29+08:00","city_label":"新北市","facility_kind_label":"路邊車格","available_rate":1,"occupancy_rate":0,"price_tier":"unknown","price_tier_label":"價格未知"}},{"type":"Feature","geometry":{"type":"Point","coordinates":[121.523368,25.002678]},"properties":{"supply_id":"new_taipei-onstreet-83400","city":"new_taipei","district":"永和區","display_name":"永利路 車格 83400","address":"永利路","facility_kind":"onstreet","symbol_text":null,"type_reference":"路邊停車格","type_confidence":0.6,"price_raw":null,"price_value":null,"capacity_total":1,"available_total":1,"occupied_total":0,"status_label":"空位","data_time":"2026-05-02 15:53:29+08:00","city_label":"新北市","facility_kind_label":"路邊車格","available_rate":1,"occupancy_rate":0,"price_tier":"unknown","price_tier_label":"價格未知"}},{"type":"Feature","geometry":{"type":"Point","coordinates":[121.503319,25.007731]},"properties":{"supply_id":"new_taipei-onstreet-74029","city":"new_taipei","district":"永和區","display_name":"仁愛路 車格 74029","address":"仁愛路","facility_kind":"onstreet","symbol_text":null,"type_reference":"路邊停車格","type_confidence":0.6,"price_raw":null,"price_value":null,"capacity_total":1,"available_total":0,"occupied_total":1,"status_label":"已停","data_time":"2026-05-02 15:53:29+08:00","city_label":"新北市","facility_kind_label":"路邊車格","available_rate":0,"occupancy_rate":1,"price_tier":"unknown","price_tier_label":"價格未知"}},{"type":"Feature","geometry":{"type":"Point","coordinates":[121.503618,25.007974]},"properties":{"supply_id":"new_taipei-onstreet-87919","city":"new_taipei","district":"永和區","display_name":"仁愛路 車格 87919","address":"仁愛路","facility_kind":"onstreet","symbol_text":null,"type_reference":"路邊停車格","type_confidence":0.6,"price_raw":null,"price_value":null,"capacity_total":1,"available_total":0,"occupied_total":1,"status_label":"已停","data_time":"2026-05-02 15:53:29+08:00","city_label":"新北市","facility_kind_label":"路邊車格","available_rate":0,"occupancy_rate":1,"price_tier":"unknown","price_tier_label":"價格未知"}},{"type":"Feature","geometry":{"type":"Point","coordinates":[121.509627,25.006974]},"properties":{"supply_id":"new_taipei-onstreet-83307","city":"new_taipei","district":"永和區","display_name":"永貞路 車格 83307","address":"永貞路","facility_kind":"onstreet","symbol_text":null,"type_reference":"路邊停車格","type_confidence":0.6,"price_raw":null,"price_value":null,"capacity_total":1,"available_total":0,"occupied_total":1,"status_label":"已停","data_time":"2026-05-02 15:53:29+08:00","city_label":"新北市","facility_kind_label":"路邊車格","available_rate":0,"occupancy_rate":1,"price_tier":"unknown","price_tier_label":"價格未知"}},{"type":"Feature","geometry":{"type":"Point","coordinates":[121.50293,25.007424]},"properties":{"supply_id":"new_taipei-onstreet-63052","city":"new_taipei","district":"永和區","display_name":"仁愛路 車格 63052","address":"仁愛路","facility_kind":"onstreet","symbol_text":null,"type_reference":"路邊停車格","type_confidence":0.6,"price_raw":null,"price_value":null,"capacity_total":1,"available_total":1,"occupied_total":0,"status_label":"空位","data_time":"2026-05-02 15:53:29+08:00","city_label":"新北市","facility_kind_label":"路邊車格","available_rate":1,"occupancy_rate":0,"price_tier":"unknown","price_tier_label":"價格未知"}},{"type":"Feature","geometry":{"type":"Point","coordinates":[121.50289,25.00739]},"properties":{"supply_id":"new_taipei-onstreet-83441","city":"new_taipei","district":"永和區","display_name":"仁愛路 車格 83441","address":"仁愛路","facility_kind":"onstreet","symbol_text":null,"type_reference":"路邊停車格","type_confidence":0.6,"price_raw":null,"price_value":null,"capacity_total":1,"available_total":0,"occupied_total":1,"status_label":"已停","data_time":"2026-05-02 15:53:29+08:00","city_label":"新北市","facility_kind_label":"路邊車格","available_rate":0,"occupancy_rate":1,"price_tier":"unknown","price_tier_label":"價格未知"}},{"type":"Feature","geometry":{"type":"Point","coordinates":[121.523143,25.002707]},"properties":{"supply_id":"new_taipei-onstreet-141460","city":"new_taipei","district":"永和區","display_name":"永利路 車格 141460","address":"永利路","facility_kind":"onstreet","symbol_text":null,"type_reference":"路邊停車格","type_confidence":0.6,"price_raw":null,"price_value":null,"capacity_total":1,"available_total":0,"occupied_total":1,"status_label":"已停","data_time":"2026-05-02 15:53:29+08:00","city_label":"新北市","facility_kind_label":"路邊車格","available_rate":0,"occupancy_rate":1,"price_tier":"unknown","price_tier_label":"價格未知"}},{"type":"Feature","geometry":{"type":"Point","coordinates":[121.50375,25.008078]},"properties":{"supply_id":"new_taipei-onstreet-15319","city":"new_taipei","district":"永和區","display_name":"仁愛路 車格 15319","address":"仁愛路","facility_kind":"onstreet","symbol_text":null,"type_reference":"路邊停車格","type_confidence":0.6,"price_raw":null,"price_value":null,"capacity_total":1,"available_total":0,"occupied_total":1,"status_label":"已停","data_time":"2026-05-02 15:53:29+08:00","city_label":"新北市","facility_kind_label":"路邊車格","available_rate":0,"occupancy_rate":1,"price_tier":"unknown","price_tier_label":"價格未知"}},{"type":"Feature","geometry":{"type":"Point","coordinates":[121.509787,25.006803]},"properties":{"supply_id":"new_taipei-onstreet-83308","city":"new_taipei","district":"永和區","display_name":"永貞路 車格 83308","address":"永貞路","facility_kind":"onstreet","symbol_text":null,"type_reference":"路邊停車格","type_confidence":0.6,"price_raw":null,"price_value":null,"capacity_total":1,"available_total":1,"occupied_total":0,"status_label":"空位","data_time":"2026-05-02 15:53:29+08:00","city_label":"新北市","facility_kind_label":"路邊車格","available_rate":1,"occupancy_rate":0,"price_tier":"unknown","price_tier_label":"價格未知"}},{"type":"Feature","geometry":{"type":"Point","coordinates":[121.509576,25.007029]},"properties":{"supply_id":"new_taipei-onstreet-83306","city":"new_taipei","district":"永和區","display_name":"永貞路 車格 83306","address":"永貞路","facility_kind":"onstreet","symbol_text":null,"type_reference":"路邊停車格","type_confidence":0.6,"price_raw":null,"price_value":null,"capacity_total":1,"available_total":1,"occupied_total":0,"status_label":"空位","data_time":"2026-05-02 15:53:29+08:00","city_label":"新北市","facility_kind_label":"路邊車格","available_rate":1,"occupancy_rate":0,"price_tier":"unknown","price_tier_label":"價格未知"}},{"type":"Feature","geometry":{"type":"Point","coordinates":[121.509878,25.006701]},"properties":{"supply_id":"new_taipei-onstreet-90936","city":"new_taipei","district":"永和區","display_name":"永貞路 車格 90936","address":"永貞路","facility_kind":"onstreet","symbol_text":null,"type_reference":"路邊停車格","type_confidence":0.6,"price_raw":null,"price_value":null,"capacity_total":1,"available_total":1,"occupied_total":0,"status_label":"空位","data_time":"2026-05-02 15:53:29+08:00","city_label":"新北市","facility_kind_label":"路邊車格","available_rate":1,"occupancy_rate":0,"price_tier":"unknown","price_tier_label":"價格未知"}},{"type":"Feature","geometry":{"type":"Point","coordinates":[121.509833,25.006752]},"properties":{"supply_id":"new_taipei-onstreet-26642","city":"new_taipei","district":"永和區","display_name":"永貞路 車格 26642","address":"永貞路","facility_kind":"onstreet","symbol_text":null,"type_reference":"路邊停車格","type_confidence":0.6,"price_raw":null,"price_value":null,"capacity_total":1,"available_total":1,"occupied_total":0,"status_label":"空位","data_time":"2026-05-02 15:53:29+08:00","city_label":"新北市","facility_kind_label":"路邊車格","available_rate":1,"occupancy_rate":0,"price_tier":"unknown","price_tier_label":"價格未知"}},{"type":"Feature","geometry":{"type":"Point","coordinates":[121.509533,25.007075]},"properties":{"supply_id":"new_taipei-onstreet-83299","city":"new_taipei","district":"永和區","display_name":"永貞路 車格 83299","address":"永貞路","facility_kind":"onstreet","symbol_text":null,"type_reference":"路邊停車格","type_confidence":0.6,"price_raw":null,"price_value":null,"capacity_total":1,"available_total":0,"occupied_total":1,"status_label":"已停","data_time":"2026-05-02 15:53:29+08:00","city_label":"新北市","facility_kind_label":"路邊車格","available_rate":0,"occupancy_rate":1,"price_tier":"unknown","price_tier_label":"價格未知"}},{"type":"Feature","geometry":{"type":"Point","coordinates":[121.510797,25.005714]},"properties":{"supply_id":"new_taipei-onstreet-83241","city":"new_taipei","district":"永和區","display_name":"永貞路 車格 83241","address":"永貞路","facility_kind":"onstreet","symbol_text":null,"type_reference":"路邊停車格","type_confidence":0.6,"price_raw":null,"price_value":null,"capacity_total":1,"available_total":1,"occupied_total":0,"status_label":"空位","data_time":"2026-05-02 15:53:29+08:00","city_label":"新北市","facility_kind_label":"路邊車格","available_rate":1,"occupancy_rate":0,"price_tier":"unknown","price_tier_label":"價格未知"}},{"type":"Feature","geometry":{"type":"Point","coordinates":[121.510718,25.005799]},"properties":{"supply_id":"new_taipei-onstreet-83247","city":"new_taipei","district":"永和區","display_name":"永貞路 車格 83247","address":"永貞路","facility_kind":"onstreet","symbol_text":null,"type_reference":"路邊停車格","type_confidence":0.6,"price_raw":null,"price_value":null,"capacity_total":1,"available_total":1,"occupied_total":0,"status_label":"空位","data_time":"2026-05-02 15:53:29+08:00","city_label":"新北市","facility_kind_label":"路邊車格","available_rate":1,"occupancy_rate":0,"price_tier":"unknown","price_tier_label":"價格未知"}},{"type":"Feature","geometry":{"type":"Point","coordinates":[121.510838,25.005671]},"properties":{"supply_id":"new_taipei-onstreet-47864","city":"new_taipei","district":"永和區","display_name":"永貞路 車格 47864","address":"永貞路","facility_kind":"onstreet","symbol_text":null,"type_reference":"路邊停車格","type_confidence":0.6,"price_raw":null,"price_value":null,"capacity_total":1,"available_total":1,"occupied_total":0,"status_label":"空位","data_time":"2026-05-02 15:53:29+08:00","city_label":"新北市","facility_kind_label":"路邊車格","available_rate":1,"occupancy_rate":0,"price_tier":"unknown","price_tier_label":"價格未知"}},{"type":"Feature","geometry":{"type":"Point","coordinates":[121.510759,25.005756]},"properties":{"supply_id":"new_taipei-onstreet-83240","city":"new_taipei","district":"永和區","display_name":"永貞路 車格 83240","address":"永貞路","facility_kind":"onstreet","symbol_text":null,"type_reference":"路邊停車格","type_confidence":0.6,"price_raw":null,"price_value":null,"capacity_total":1,"available_total":1,"occupied_total":0,"status_label":"空位","data_time":"2026-05-02 15:53:29+08:00","city_label":"新北市","facility_kind_label":"路邊車格","available_rate":1,"occupancy_rate":0,"price_tier":"unknown","price_tier_label":"價格未知"}},{"type":"Feature","geometry":{"type":"Point","coordinates":[121.510963,25.005536]},"properties":{"supply_id":"new_taipei-onstreet-26641","city":"new_taipei","district":"永和區","display_name":"永貞路 車格 26641","address":"永貞路","facility_kind":"onstreet","symbol_text":null,"type_reference":"路邊停車格","type_confidence":0.6,"price_raw":null,"price_value":null,"capacity_total":1,"available_total":1,"occupied_total":0,"status_label":"空位","data_time":"2026-05-02 15:53:29+08:00","city_label":"新北市","facility_kind_label":"路邊車格","available_rate":1,"occupancy_rate":0,"price_tier":"unknown","price_tier_label":"價格未知"}},{"type":"Feature","geometry":{"type":"Point","coordinates":[121.511318,25.005174]},"properties":{"supply_id":"new_taipei-onstreet-26649","city":"new_taipei","district":"永和區","display_name":"永貞路 車格 26649","address":"永貞路","facility_kind":"onstreet","symbol_text":null,"type_reference":"路邊停車格","type_confidence":0.6,"price_raw":null,"price_value":null,"capacity_total":1,"available_total":1,"occupied_total":0,"status_label":"空位","data_time":"2026-05-02 15:53:29+08:00","city_label":"新北市","facility_kind_label":"路邊車格","available_rate":1,"occupancy_rate":0,"price_tier":"unknown","price_tier_label":"價格未知"}},{"type":"Feature","geometry":{"type":"Point","coordinates":[121.511392,25.005101]},"properties":{"supply_id":"new_taipei-onstreet-136974","city":"new_taipei","district":"永和區","display_name":"永貞路 車格 136974","address":"永貞路","facility_kind":"onstreet","symbol_text":null,"type_reference":"路邊停車格","type_confidence":0.6,"price_raw":null,"price_value":null,"capacity_total":1,"available_total":0,"occupied_total":1,"status_label":"已停","data_time":"2026-05-02 15:53:29+08:00","city_label":"新北市","facility_kind_label":"路邊車格","available_rate":0,"occupancy_rate":1,"price_tier":"unknown","price_tier_label":"價格未知"}},{"type":"Feature","geometry":{"type":"Point","coordinates":[121.511225,25.005261]},"properties":{"supply_id":"new_taipei-onstreet-26648","city":"new_taipei","district":"永和區","display_name":"永貞路 車格 26648","address":"永貞路","facility_kind":"onstreet","symbol_text":null,"type_reference":"路邊停車格","type_confidence":0.6,"price_raw":null,"price_value":null,"capacity_total":1,"available_total":0,"occupied_total":1,"status_label":"已停","data_time":"2026-05-02 15:53:29+08:00","city_label":"新北市","facility_kind_label":"路邊車格","available_rate":0,"occupancy_rate":1,"price_tier":"unknown","price_tier_label":"價格未知"}},{"type":"Feature","geometry":{"type":"Point","coordinates":[121.511355,25.005137]},"properties":{"supply_id":"new_taipei-onstreet-136973","city":"new_taipei","district":"永和區","display_name":"永貞路 車格 136973","address":"永貞路","facility_kind":"onstreet","symbol_text":null,"type_reference":"路邊停車格","type_confidence":0.6,"price_raw":null,"price_value":null,"capacity_total":1,"available_total":1,"occupied_total":0,"status_label":"空位","data_time":"2026-05-02 15:53:29+08:00","city_label":"新北市","facility_kind_label":"路邊車格","available_rate":1,"occupancy_rate":0,"price_tier":"unknown","price_tier_label":"價格未知"}},{"type":"Feature","geometry":{"type":"Point","coordinates":[121.510877,25.005629]},"properties":{"supply_id":"new_taipei-onstreet-94278","city":"new_taipei","district":"永和區","display_name":"永貞路 車格 94278","address":"永貞路","facility_kind":"onstreet","symbol_text":null,"type_reference":"路邊停車格","type_confidence":0.6,"price_raw":null,"price_value":null,"capacity_total":1,"available_total":1,"occupied_total":0,"status_label":"空位","data_time":"2026-05-02 15:53:29+08:00","city_label":"新北市","facility_kind_label":"路邊車格","available_rate":1,"occupancy_rate":0,"price_tier":"unknown","price_tier_label":"價格未知"}},{"type":"Feature","geometry":{"type":"Point","coordinates":[121.510921,25.005582]},"properties":{"supply_id":"new_taipei-onstreet-26640","city":"new_taipei","district":"永和區","display_name":"永貞路 車格 26640","address":"永貞路","facility_kind":"onstreet","symbol_text":null,"type_reference":"路邊停車格","type_confidence":0.6,"price_raw":null,"price_value":null,"capacity_total":1,"available_total":1,"occupied_total":0,"status_label":"空位","data_time":"2026-05-02 15:53:29+08:00","city_label":"新北市","facility_kind_label":"路邊車格","available_rate":1,"occupancy_rate":0,"price_tier":"unknown","price_tier_label":"價格未知"}},{"type":"Feature","geometry":{"type":"Point","coordinates":[121.512097,25.004569]},"properties":{"supply_id":"new_taipei-onstreet-141498","city":"new_taipei","district":"永和區","display_name":"永貞路 車格 141498","address":"永貞路","facility_kind":"onstreet","symbol_text":null,"type_reference":"路邊停車格","type_confidence":0.6,"price_raw":null,"price_value":null,"capacity_total":1,"available_total":0,"occupied_total":1,"status_label":"已停","data_time":"2026-05-02 15:53:29+08:00","city_label":"新北市","facility_kind_label":"路邊車格","available_rate":0,"occupancy_rate":1,"price_tier":"unknown","price_tier_label":"價格未知"}},{"type":"Feature","geometry":{"type":"Point","coordinates":[121.512141,25.004539]},"properties":{"supply_id":"new_taipei-onstreet-141497","city":"new_taipei","district":"永和區","display_name":"永貞路 車格 141497","address":"永貞路","facility_kind":"onstreet","symbol_text":null,"type_reference":"路邊停車格","type_confidence":0.6,"price_raw":null,"price_value":null,"capacity_total":1,"available_total":1,"occupied_total":0,"status_label":"空位","data_time":"2026-05-02 15:53:29+08:00","city_label":"新北市","facility_kind_label":"路邊車格","available_rate":1,"occupancy_rate":0,"price_tier":"unknown","price_tier_label":"價格未知"}},{"type":"Feature","geometry":{"type":"Point","coordinates":[121.515411,25.003925]},"properties":{"supply_id":"new_taipei-onstreet-83234","city":"new_taipei","district":"永和區","display_name":"永貞路 車格 83234","address":"永貞路","facility_kind":"onstreet","symbol_text":null,"type_reference":"路邊停車格","type_confidence":0.6,"price_raw":null,"price_value":null,"capacity_total":1,"available_total":1,"occupied_total":0,"status_label":"空位","data_time":"2026-05-02 15:53:29+08:00","city_label":"新北市","facility_kind_label":"路邊車格","available_rate":1,"occupancy_rate":0,"price_tier":"unknown","price_tier_label":"價格未知"}},{"type":"Feature","geometry":{"type":"Point","coordinates":[121.514908,25.003801]},"properties":{"supply_id":"new_taipei-onstreet-94274","city":"new_taipei","district":"永和區","display_name":"永貞路 車格 94274","address":"永貞路","facility_kind":"onstreet","symbol_text":null,"type_reference":"路邊停車格","type_confidence":0.6,"price_raw":null,"price_value":null,"capacity_total":1,"available_total":1,"occupied_total":0,"status_label":"空位","data_time":"2026-05-02 15:53:29+08:00","city_label":"新北市","facility_kind_label":"路邊車格","available_rate":1,"occupancy_rate":0,"price_tier":"unknown","price_tier_label":"價格未知"}},{"type":"Feature","geometry":{"type":"Point","coordinates":[121.51535,25.003909]},"properties":{"supply_id":"new_taipei-onstreet-76594","city":"new_taipei","district":"永和區","display_name":"永貞路 車格 76594","address":"永貞路","facility_kind":"onstreet","symbol_text":null,"type_reference":"路邊停車格","type_confidence":0.6,"price_raw":null,"price_value":null,"capacity_total":1,"available_total":1,"occupied_total":0,"status_label":"空位","data_time":"2026-05-02 15:53:29+08:00","city_label":"新北市","facility_kind_label":"路邊車格","available_rate":1,"occupancy_rate":0,"price_tier":"unknown","price_tier_label":"價格未知"}},{"type":"Feature","geometry":{"type":"Point","coordinates":[121.515846,25.00403]},"properties":{"supply_id":"new_taipei-onstreet-83231","city":"new_taipei","district":"永和區","display_name":"永貞路 車格 83231","address":"永貞路","facility_kind":"onstreet","symbol_text":null,"type_reference":"路邊停車格","type_confidence":0.6,"price_raw":null,"price_value":null,"capacity_total":1,"available_total":1,"occupied_total":0,"status_label":"空位","data_time":"2026-05-02 15:53:29+08:00","city_label":"新北市","facility_kind_label":"路邊車格","available_rate":1,"occupancy_rate":0,"price_tier":"unknown","price_tier_label":"價格未知"}},{"type":"Feature","geometry":{"type":"Point","coordinates":[121.51496,25.003813]},"properties":{"supply_id":"new_taipei-onstreet-47854","city":"new_taipei","district":"永和區","display_name":"永貞路 車格 47854","address":"永貞路","facility_kind":"onstreet","symbol_text":null,"type_reference":"路邊停車格","type_confidence":0.6,"price_raw":null,"price_value":null,"capacity_total":1,"available_total":1,"occupied_total":0,"status_label":"空位","data_time":"2026-05-02 15:53:29+08:00","city_label":"新北市","facility_kind_label":"路邊車格","available_rate":1,"occupancy_rate":0,"price_tier":"unknown","price_tier_label":"價格未知"}},{"type":"Feature","geometry":{"type":"Point","coordinates":[121.51564,25.003981]},"properties":{"supply_id":"new_taipei-onstreet-23559","city":"new_taipei","district":"永和區","display_name":"永貞路 車格 23559","address":"永貞路","facility_kind":"onstreet","symbol_text":null,"type_reference":"路邊停車格","type_confidence":0.6,"price_raw":null,"price_value":null,"capacity_total":1,"available_total":1,"occupied_total":0,"status_label":"空位","data_time":"2026-05-02 15:53:29+08:00","city_label":"新北市","facility_kind_label":"路邊車格","available_rate":1,"occupancy_rate":0,"price_tier":"unknown","price_tier_label":"價格未知"}},{"type":"Feature","geometry":{"type":"Point","coordinates":[121.515912,25.004043]},"properties":{"supply_id":"new_taipei-onstreet-83232","city":"new_taipei","district":"永和區","display_name":"永貞路 車格 83232","address":"永貞路","facility_kind":"onstreet","symbol_text":null,"type_reference":"路邊停車格","type_confidence":0.6,"price_raw":null,"price_value":null,"capacity_total":1,"available_total":1,"occupied_total":0,"status_label":"空位","data_time":"2026-05-02 15:53:29+08:00","city_label":"新北市","facility_kind_label":"路邊車格","available_rate":1,"occupancy_rate":0,"price_tier":"unknown","price_tier_label":"價格未知"}},{"type":"Feature","geometry":{"type":"Point","coordinates":[121.516153,25.004101]},"properties":{"supply_id":"new_taipei-onstreet-62419","city":"new_taipei","district":"永和區","display_name":"永貞路 車格 62419","address":"永貞路","facility_kind":"onstreet","symbol_text":null,"type_reference":"路邊停車格","type_confidence":0.6,"price_raw":null,"price_value":null,"capacity_total":1,"available_total":1,"occupied_total":0,"status_label":"空位","data_time":"2026-05-02 15:53:29+08:00","city_label":"新北市","facility_kind_label":"路邊車格","available_rate":1,"occupancy_rate":0,"price_tier":"unknown","price_tier_label":"價格未知"}},{"type":"Feature","geometry":{"type":"Point","coordinates":[121.515793,25.004017]},"properties":{"supply_id":"new_taipei-onstreet-26966","city":"new_taipei","district":"永和區","display_name":"永貞路 車格 26966","address":"永貞路","facility_kind":"onstreet","symbol_text":null,"type_reference":"路邊停車格","type_confidence":0.6,"price_raw":null,"price_value":null,"capacity_total":1,"available_total":1,"occupied_total":0,"status_label":"空位","data_time":"2026-05-02 15:53:29+08:00","city_label":"新北市","facility_kind_label":"路邊車格","available_rate":1,"occupancy_rate":0,"price_tier":"unknown","price_tier_label":"價格未知"}},{"type":"Feature","geometry":{"type":"Point","coordinates":[121.515965,25.004055]},"properties":{"supply_id":"new_taipei-onstreet-83233","city":"new_taipei","district":"永和區","display_name":"永貞路 車格 83233","address":"永貞路","facility_kind":"onstreet","symbol_text":null,"type_reference":"路邊停車格","type_confidence":0.6,"price_raw":null,"price_value":null,"capacity_total":1,"available_total":1,"occupied_total":0,"status_label":"空位","data_time":"2026-05-02 15:53:29+08:00","city_label":"新北市","facility_kind_label":"路邊車格","available_rate":1,"occupancy_rate":0,"price_tier":"unknown","price_tier_label":"價格未知"}},{"type":"Feature","geometry":{"type":"Point","coordinates":[121.515588,25.003968]},"properties":{"supply_id":"new_taipei-onstreet-98759","city":"new_taipei","district":"永和區","display_name":"永貞路 車格 98759","address":"永貞路","facility_kind":"onstreet","symbol_text":null,"type_reference":"路邊停車格","type_confidence":0.6,"price_raw":null,"price_value":null,"capacity_total":1,"available_total":1,"occupied_total":0,"status_label":"空位","data_time":"2026-05-02 15:53:29+08:00","city_label":"新北市","facility_kind_label":"路邊車格","available_rate":1,"occupancy_rate":0,"price_tier":"unknown","price_tier_label":"價格未知"}},{"type":"Feature","geometry":{"type":"Point","coordinates":[121.517746,25.00429]},"properties":{"supply_id":"new_taipei-onstreet-83335","city":"new_taipei","district":"永和區","display_name":"永貞路 車格 83335","address":"永貞路","facility_kind":"onstreet","symbol_text":null,"type_reference":"路邊停車格","type_confidence":0.6,"price_raw":null,"price_value":null,"capacity_total":1,"available_total":1,"occupied_total":0,"status_label":"空位","data_time":"2026-05-02 15:53:29+08:00","city_label":"新北市","facility_kind_label":"路邊車格","available_rate":1,"occupancy_rate":0,"price_tier":"unknown","price_tier_label":"價格未知"}},{"type":"Feature","geometry":{"type":"Point","coordinates":[121.518358,25.004343]},"properties":{"supply_id":"new_taipei-onstreet-94282","city":"new_taipei","district":"永和區","display_name":"永貞路 車格 94282","address":"永貞路","facility_kind":"onstreet","symbol_text":null,"type_reference":"路邊停車格","type_confidence":0.6,"price_raw":null,"price_value":null,"capacity_total":1,"available_total":1,"occupied_total":0,"status_label":"空位","data_time":"2026-05-02 15:53:29+08:00","city_label":"新北市","facility_kind_label":"路邊車格","available_rate":1,"occupancy_rate":0,"price_tier":"unknown","price_tier_label":"價格未知"}},{"type":"Feature","geometry":{"type":"Point","coordinates":[121.517884,25.004304]},"properties":{"supply_id":"new_taipei-onstreet-48042","city":"new_taipei","district":"永和區","display_name":"永貞路 車格 48042","address":"永貞路","facility_kind":"onstreet","symbol_text":null,"type_reference":"路邊停車格","type_confidence":0.6,"price_raw":null,"price_value":null,"capacity_total":1,"available_total":1,"occupied_total":0,"status_label":"空位","data_time":"2026-05-02 15:53:29+08:00","city_label":"新北市","facility_kind_label":"路邊車格","available_rate":1,"occupancy_rate":0,"price_tier":"unknown","price_tier_label":"價格未知"}},{"type":"Feature","geometry":{"type":"Point","coordinates":[121.516786,25.004218]},"properties":{"supply_id":"new_taipei-onstreet-62697","city":"new_taipei","district":"永和區","display_name":"永貞路 車格 62697","address":"永貞路","facility_kind":"onstreet","symbol_text":null,"type_reference":"路邊停車格","type_confidence":0.6,"price_raw":null,"price_value":null,"capacity_total":1,"available_total":1,"occupied_total":0,"status_label":"空位","data_time":"2026-05-02 15:53:29+08:00","city_label":"新北市","facility_kind_label":"路邊車格","available_rate":1,"occupancy_rate":0,"price_tier":"unknown","price_tier_label":"價格未知"}},{"type":"Feature","geometry":{"type":"Point","coordinates":[121.516841,25.004222]},"properties":{"supply_id":"new_taipei-onstreet-94265","city":"new_taipei","district":"永和區","display_name":"永貞路 車格 94265","address":"永貞路","facility_kind":"onstreet","symbol_text":null,"type_reference":"路邊停車格","type_confidence":0.6,"price_raw":null,"price_value":null,"capacity_total":1,"available_total":1,"occupied_total":0,"status_label":"空位","data_time":"2026-05-02 15:53:29+08:00","city_label":"新北市","facility_kind_label":"路邊車格","available_rate":1,"occupancy_rate":0,"price_tier":"unknown","price_tier_label":"價格未知"}},{"type":"Feature","geometry":{"type":"Point","coordinates":[121.518421,25.004349]},"properties":{"supply_id":"new_taipei-onstreet-27031","city":"new_taipei","district":"永和區","display_name":"永貞路 車格 27031","address":"永貞路","facility_kind":"onstreet","symbol_text":null,"type_reference":"路邊停車格","type_confidence":0.6,"price_raw":null,"price_value":null,"capacity_total":1,"available_total":1,"occupied_total":0,"status_label":"空位","data_time":"2026-05-02 15:53:29+08:00","city_label":"新北市","facility_kind_label":"路邊車格","available_rate":1,"occupancy_rate":0,"price_tier":"unknown","price_tier_label":"價格未知"}},{"type":"Feature","geometry":{"type":"Point","coordinates":[121.518911,25.00439]},"properties":{"supply_id":"new_taipei-onstreet-27030","city":"new_taipei","district":"永和區","display_name":"永貞路 車格 27030","address":"永貞路","facility_kind":"onstreet","symbol_text":null,"type_reference":"路邊停車格","type_confidence":0.6,"price_raw":null,"price_value":null,"capacity_total":1,"available_total":1,"occupied_total":0,"status_label":"空位","data_time":"2026-05-02 15:53:29+08:00","city_label":"新北市","facility_kind_label":"路邊車格","available_rate":1,"occupancy_rate":0,"price_tier":"unknown","price_tier_label":"價格未知"}},{"type":"Feature","geometry":{"type":"Point","coordinates":[121.519046,25.004401]},"properties":{"supply_id":"new_taipei-onstreet-27032","city":"new_taipei","district":"永和區","display_name":"永貞路 車格 27032","address":"永貞路","facility_kind":"onstreet","symbol_text":null,"type_reference":"路邊停車格","type_confidence":0.6,"price_raw":null,"price_value":null,"capacity_total":1,"available_total":1,"occupied_total":0,"status_label":"空位","data_time":"2026-05-02 15:53:29+08:00","city_label":"新北市","facility_kind_label":"路邊車格","available_rate":1,"occupancy_rate":0,"price_tier":"unknown","price_tier_label":"價格未知"}},{"type":"Feature","geometry":{"type":"Point","coordinates":[121.519124,25.004408]},"properties":{"supply_id":"new_taipei-onstreet-94283","city":"new_taipei","district":"永和區","display_name":"永貞路 車格 94283","address":"永貞路","facility_kind":"onstreet","symbol_text":null,"type_reference":"路邊停車格","type_confidence":0.6,"price_raw":null,"price_value":null,"capacity_total":1,"available_total":0,"occupied_total":1,"status_label":"已停","data_time":"2026-05-02 15:53:29+08:00","city_label":"新北市","facility_kind_label":"路邊車格","available_rate":0,"occupancy_rate":1,"price_tier":"unknown","price_tier_label":"價格未知"}},{"type":"Feature","geometry":{"type":"Point","coordinates":[121.519982,25.004786]},"properties":{"supply_id":"new_taipei-onstreet-99599","city":"new_taipei","district":"永和區","display_name":"永貞路 車格 99599","address":"永貞路","facility_kind":"onstreet","symbol_text":null,"type_reference":"路邊停車格","type_confidence":0.6,"price_raw":null,"price_value":null,"capacity_total":1,"available_total":1,"occupied_total":0,"status_label":"空位","data_time":"2026-05-02 15:53:29+08:00","city_label":"新北市","facility_kind_label":"路邊車格","available_rate":1,"occupancy_rate":0,"price_tier":"unknown","price_tier_label":"價格未知"}},{"type":"Feature","geometry":{"type":"Point","coordinates":[121.520124,25.004936]},"properties":{"supply_id":"new_taipei-onstreet-94286","city":"new_taipei","district":"永和區","display_name":"永貞路 車格 94286","address":"永貞路","facility_kind":"onstreet","symbol_text":null,"type_reference":"路邊停車格","type_confidence":0.6,"price_raw":null,"price_value":null,"capacity_total":1,"available_total":1,"occupied_total":0,"status_label":"空位","data_time":"2026-05-02 15:53:29+08:00","city_label":"新北市","facility_kind_label":"路邊車格","available_rate":1,"occupancy_rate":0,"price_tier":"unknown","price_tier_label":"價格未知"}},{"type":"Feature","geometry":{"type":"Point","coordinates":[121.520053,25.004861]},"properties":{"supply_id":"new_taipei-onstreet-99600","city":"new_taipei","district":"永和區","display_name":"永貞路 車格 99600","address":"永貞路","facility_kind":"onstreet","symbol_text":null,"type_reference":"路邊停車格","type_confidence":0.6,"price_raw":null,"price_value":null,"capacity_total":1,"available_total":0,"occupied_total":1,"status_label":"已停","data_time":"2026-05-02 15:53:29+08:00","city_label":"新北市","facility_kind_label":"路邊車格","available_rate":0,"occupancy_rate":1,"price_tier":"unknown","price_tier_label":"價格未知"}},{"type":"Feature","geometry":{"type":"Point","coordinates":[121.518484,25.004354]},"properties":{"supply_id":"new_taipei-onstreet-27029","city":"new_taipei","district":"永和區","display_name":"永貞路 車格 27029","address":"永貞路","facility_kind":"onstreet","symbol_text":null,"type_reference":"路邊停車格","type_confidence":0.6,"price_raw":null,"price_value":null,"capacity_total":1,"available_total":1,"occupied_total":0,"status_label":"空位","data_time":"2026-05-02 15:53:29+08:00","city_label":"新北市","facility_kind_label":"路邊車格","available_rate":1,"occupancy_rate":0,"price_tier":"unknown","price_tier_label":"價格未知"}},{"type":"Feature","geometry":{"type":"Point","coordinates":[121.518992,25.004397]},"properties":{"supply_id":"new_taipei-onstreet-83353","city":"new_taipei","district":"永和區","display_name":"永貞路 車格 83353","address":"永貞路","facility_kind":"onstreet","symbol_text":null,"type_reference":"路邊停車格","type_confidence":0.6,"price_raw":null,"price_value":null,"capacity_total":1,"available_total":1,"occupied_total":0,"status_label":"空位","data_time":"2026-05-02 15:53:29+08:00","city_label":"新北市","facility_kind_label":"路邊車格","available_rate":1,"occupancy_rate":0,"price_tier":"unknown","price_tier_label":"價格未知"}},{"type":"Feature","geometry":{"type":"Point","coordinates":[121.52016,25.004973]},"properties":{"supply_id":"new_taipei-onstreet-94287","city":"new_taipei","district":"永和區","display_name":"永貞路 車格 94287","address":"永貞路","facility_kind":"onstreet","symbol_text":null,"type_reference":"路邊停車格","type_confidence":0.6,"price_raw":null,"price_value":null,"capacity_total":1,"available_total":0,"occupied_total":1,"status_label":"已停","data_time":"2026-05-02 15:53:29+08:00","city_label":"新北市","facility_kind_label":"路邊車格","available_rate":0,"occupancy_rate":1,"price_tier":"unknown","price_tier_label":"價格未知"}},{"type":"Feature","geometry":{"type":"Point","coordinates":[121.520088,25.004898]},"properties":{"supply_id":"new_taipei-onstreet-99617","city":"new_taipei","district":"永和區","display_name":"永貞路 車格 99617","address":"永貞路","facility_kind":"onstreet","symbol_text":null,"type_reference":"路邊停車格","type_confidence":0.6,"price_raw":null,"price_value":null,"capacity_total":1,"available_total":1,"occupied_total":0,"status_label":"空位","data_time":"2026-05-02 15:53:29+08:00","city_label":"新北市","facility_kind_label":"路邊車格","available_rate":1,"occupancy_rate":0,"price_tier":"unknown","price_tier_label":"價格未知"}},{"type":"Feature","geometry":{"type":"Point","coordinates":[121.520195,25.005011]},"properties":{"supply_id":"new_taipei-onstreet-94288","city":"new_taipei","district":"永和區","display_name":"永貞路 車格 94288","address":"永貞路","facility_kind":"onstreet","symbol_text":null,"type_reference":"路邊停車格","type_confidence":0.6,"price_raw":null,"price_value":null,"capacity_total":1,"available_total":0,"occupied_total":1,"status_label":"已停","data_time":"2026-05-02 15:53:29+08:00","city_label":"新北市","facility_kind_label":"路邊車格","available_rate":0,"occupancy_rate":1,"price_tier":"unknown","price_tier_label":"價格未知"}},{"type":"Feature","geometry":{"type":"Point","coordinates":[121.52081,25.005723]},"properties":{"supply_id":"new_taipei-onstreet-99580","city":"new_taipei","district":"永和區","display_name":"永貞路 車格 99580","address":"永貞路","facility_kind":"onstreet","symbol_text":null,"type_reference":"路邊停車格","type_confidence":0.6,"price_raw":null,"price_value":null,"capacity_total":1,"available_total":1,"occupied_total":0,"status_label":"空位","data_time":"2026-05-02 15:53:29+08:00","city_label":"新北市","facility_kind_label":"路邊車格","available_rate":1,"occupancy_rate":0,"price_tier":"unknown","price_tier_label":"價格未知"}},{"type":"Feature","geometry":{"type":"Point","coordinates":[121.520837,25.005767]},"properties":{"supply_id":"new_taipei-onstreet-99579","city":"new_taipei","district":"永和區","display_name":"永貞路 車格 99579","address":"永貞路","facility_kind":"onstreet","symbol_text":null,"type_reference":"路邊停車格","type_confidence":0.6,"price_raw":null,"price_value":null,"capacity_total":1,"available_total":1,"occupied_total":0,"status_label":"空位","data_time":"2026-05-02 15:53:29+08:00","city_label":"新北市","facility_kind_label":"路邊車格","available_rate":1,"occupancy_rate":0,"price_tier":"unknown","price_tier_label":"價格未知"}},{"type":"Feature","geometry":{"type":"Point","coordinates":[121.520449,25.005288]},"properties":{"supply_id":"new_taipei-onstreet-132447","city":"new_taipei","district":"永和區","display_name":"永貞路 車格 132447","address":"永貞路","facility_kind":"onstreet","symbol_text":null,"type_reference":"路邊停車格","type_confidence":0.6,"price_raw":null,"price_value":null,"capacity_total":1,"available_total":1,"occupied_total":0,"status_label":"空位","data_time":"2026-05-02 15:53:29+08:00","city_label":"新北市","facility_kind_label":"路邊車格","available_rate":1,"occupancy_rate":0,"price_tier":"unknown","price_tier_label":"價格未知"}},{"type":"Feature","geometry":{"type":"Point","coordinates":[121.520659,25.005515]},"properties":{"supply_id":"new_taipei-onstreet-26979","city":"new_taipei","district":"永和區","display_name":"永貞路 車格 26979","address":"永貞路","facility_kind":"onstreet","symbol_text":null,"type_reference":"路邊停車格","type_confidence":0.6,"price_raw":null,"price_value":null,"capacity_total":1,"available_total":1,"occupied_total":0,"status_label":"空位","data_time":"2026-05-02 15:53:29+08:00","city_label":"新北市","facility_kind_label":"路邊車格","available_rate":1,"occupancy_rate":0,"price_tier":"unknown","price_tier_label":"價格未知"}},{"type":"Feature","geometry":{"type":"Point","coordinates":[121.520265,25.005087]},"properties":{"supply_id":"new_taipei-onstreet-132449","city":"new_taipei","district":"永和區","display_name":"永貞路 車格 132449","address":"永貞路","facility_kind":"onstreet","symbol_text":null,"type_reference":"路邊停車格","type_confidence":0.6,"price_raw":null,"price_value":null,"capacity_total":1,"available_total":1,"occupied_total":0,"status_label":"空位","data_time":"2026-05-02 15:53:29+08:00","city_label":"新北市","facility_kind_label":"路邊車格","available_rate":1,"occupancy_rate":0,"price_tier":"unknown","price_tier_label":"價格未知"}},{"type":"Feature","geometry":{"type":"Point","coordinates":[121.520484,25.005326]},"properties":{"supply_id":"new_taipei-onstreet-132450","city":"new_taipei","district":"永和區","display_name":"永貞路 車格 132450","address":"永貞路","facility_kind":"onstreet","symbol_text":null,"type_reference":"路邊停車格","type_confidence":0.6,"price_raw":null,"price_value":null,"capacity_total":1,"available_total":1,"occupied_total":0,"status_label":"空位","data_time":"2026-05-02 15:53:29+08:00","city_label":"新北市","facility_kind_label":"路邊車格","available_rate":1,"occupancy_rate":0,"price_tier":"unknown","price_tier_label":"價格未知"}},{"type":"Feature","geometry":{"type":"Point","coordinates":[121.520722,25.005596]},"properties":{"supply_id":"new_taipei-onstreet-99568","city":"new_taipei","district":"永和區","display_name":"永貞路 車格 99568","address":"永貞路","facility_kind":"onstreet","symbol_text":null,"type_reference":"路邊停車格","type_confidence":0.6,"price_raw":null,"price_value":null,"capacity_total":1,"available_total":1,"occupied_total":0,"status_label":"空位","data_time":"2026-05-02 15:53:29+08:00","city_label":"新北市","facility_kind_label":"路邊車格","available_rate":1,"occupancy_rate":0,"price_tier":"unknown","price_tier_label":"價格未知"}},{"type":"Feature","geometry":{"type":"Point","coordinates":[121.520752,25.005637]},"properties":{"supply_id":"new_taipei-onstreet-99569","city":"new_taipei","district":"永和區","display_name":"永貞路 車格 99569","address":"永貞路","facility_kind":"onstreet","symbol_text":null,"type_reference":"路邊停車格","type_confidence":0.6,"price_raw":null,"price_value":null,"capacity_total":1,"available_total":1,"occupied_total":0,"status_label":"空位","data_time":"2026-05-02 15:53:29+08:00","city_label":"新北市","facility_kind_label":"路邊車格","available_rate":1,"occupancy_rate":0,"price_tier":"unknown","price_tier_label":"價格未知"}},{"type":"Feature","geometry":{"type":"Point","coordinates":[121.52078,25.00568]},"properties":{"supply_id":"new_taipei-onstreet-99570","city":"new_taipei","district":"永和區","display_name":"永貞路 車格 99570","address":"永貞路","facility_kind":"onstreet","symbol_text":null,"type_reference":"路邊停車格","type_confidence":0.6,"price_raw":null,"price_value":null,"capacity_total":1,"available_total":0,"occupied_total":1,"status_label":"已停","data_time":"2026-05-02 15:53:29+08:00","city_label":"新北市","facility_kind_label":"路邊車格","available_rate":0,"occupancy_rate":1,"price_tier":"unknown","price_tier_label":"價格未知"}},{"type":"Feature","geometry":{"type":"Point","coordinates":[121.519178,25.004413]},"properties":{"supply_id":"new_taipei-onstreet-94284","city":"new_taipei","district":"永和區","display_name":"永貞路 車格 94284","address":"永貞路","facility_kind":"onstreet","symbol_text":null,"type_reference":"路邊停車格","type_confidence":0.6,"price_raw":null,"price_value":null,"capacity_total":1,"available_total":1,"occupied_total":0,"status_label":"空位","data_time":"2026-05-02 15:53:29+08:00","city_label":"新北市","facility_kind_label":"路邊車格","available_rate":1,"occupancy_rate":0,"price_tier":"unknown","price_tier_label":"價格未知"}},{"type":"Feature","geometry":{"type":"Point","coordinates":[121.520017,25.004823]},"properties":{"supply_id":"new_taipei-onstreet-26910","city":"new_taipei","district":"永和區","display_name":"永貞路 車格 26910","address":"永貞路","facility_kind":"onstreet","symbol_text":null,"type_reference":"路邊停車格","type_confidence":0.6,"price_raw":null,"price_value":null,"capacity_total":1,"available_total":1,"occupied_total":0,"status_label":"空位","data_time":"2026-05-02 15:53:29+08:00","city_label":"新北市","facility_kind_label":"路邊車格","available_rate":1,"occupancy_rate":0,"price_tier":"unknown","price_tier_label":"價格未知"}},{"type":"Feature","geometry":{"type":"Point","coordinates":[121.520863,25.005813]},"properties":{"supply_id":"new_taipei-onstreet-19133","city":"new_taipei","district":"永和區","display_name":"永貞路 車格 19133","address":"永貞路","facility_kind":"onstreet","symbol_text":null,"type_reference":"路邊停車格","type_confidence":0.6,"price_raw":null,"price_value":null,"capacity_total":1,"available_total":0,"occupied_total":1,"status_label":"已停","data_time":"2026-05-02 15:53:29+08:00","city_label":"新北市","facility_kind_label":"路邊車格","available_rate":0,"occupancy_rate":1,"price_tier":"unknown","price_tier_label":"價格未知"}},{"type":"Feature","geometry":{"type":"Point","coordinates":[121.520905,25.005906]},"properties":{"supply_id":"new_taipei-onstreet-99598","city":"new_taipei","district":"永和區","display_name":"永貞路 車格 99598","address":"永貞路","facility_kind":"onstreet","symbol_text":null,"type_reference":"路邊停車格","type_confidence":0.6,"price_raw":null,"price_value":null,"capacity_total":1,"available_total":1,"occupied_total":0,"status_label":"空位","data_time":"2026-05-02 15:53:29+08:00","city_label":"新北市","facility_kind_label":"路邊車格","available_rate":1,"occupancy_rate":0,"price_tier":"unknown","price_tier_label":"價格未知"}},{"type":"Feature","geometry":{"type":"Point","coordinates":[121.521027,25.007087]},"properties":{"supply_id":"new_taipei-onstreet-27062","city":"new_taipei","district":"永和區","display_name":"永貞路 車格 27062","address":"永貞路","facility_kind":"onstreet","symbol_text":null,"type_reference":"路邊停車格","type_confidence":0.6,"price_raw":null,"price_value":null,"capacity_total":1,"available_total":1,"occupied_total":0,"status_label":"空位","data_time":"2026-05-02 15:53:29+08:00","city_label":"新北市","facility_kind_label":"路邊車格","available_rate":1,"occupancy_rate":0,"price_tier":"unknown","price_tier_label":"價格未知"}},{"type":"Feature","geometry":{"type":"Point","coordinates":[121.52069,25.005555]},"properties":{"supply_id":"new_taipei-onstreet-26980","city":"new_taipei","district":"永和區","display_name":"永貞路 車格 26980","address":"永貞路","facility_kind":"onstreet","symbol_text":null,"type_reference":"路邊停車格","type_confidence":0.6,"price_raw":null,"price_value":null,"capacity_total":1,"available_total":1,"occupied_total":0,"status_label":"空位","data_time":"2026-05-02 15:53:29+08:00","city_label":"新北市","facility_kind_label":"路邊車格","available_rate":1,"occupancy_rate":0,"price_tier":"unknown","price_tier_label":"價格未知"}},{"type":"Feature","geometry":{"type":"Point","coordinates":[121.52023,25.005049]},"properties":{"supply_id":"new_taipei-onstreet-132448","city":"new_taipei","district":"永和區","display_name":"永貞路 車格 132448","address":"永貞路","facility_kind":"onstreet","symbol_text":null,"type_reference":"路邊停車格","type_confidence":0.6,"price_raw":null,"price_value":null,"capacity_total":1,"available_total":1,"occupied_total":0,"status_label":"空位","data_time":"2026-05-02 15:53:29+08:00","city_label":"新北市","facility_kind_label":"路邊車格","available_rate":1,"occupancy_rate":0,"price_tier":"unknown","price_tier_label":"價格未知"}},{"type":"Feature","geometry":{"type":"Point","coordinates":[121.520413,25.00525]},"properties":{"supply_id":"new_taipei-onstreet-132452","city":"new_taipei","district":"永和區","display_name":"永貞路 車格 132452","address":"永貞路","facility_kind":"onstreet","symbol_text":null,"type_reference":"路邊停車格","type_confidence":0.6,"price_raw":null,"price_value":null,"capacity_total":1,"available_total":1,"occupied_total":0,"status_label":"空位","data_time":"2026-05-02 15:53:29+08:00","city_label":"新北市","facility_kind_label":"路邊車格","available_rate":1,"occupancy_rate":0,"price_tier":"unknown","price_tier_label":"價格未知"}},{"type":"Feature","geometry":{"type":"Point","coordinates":[121.521019,25.007165]},"properties":{"supply_id":"new_taipei-onstreet-27063","city":"new_taipei","district":"永和區","display_name":"永貞路 車格 27063","address":"永貞路","facility_kind":"onstreet","symbol_text":null,"type_reference":"路邊停車格","type_confidence":0.6,"price_raw":null,"price_value":null,"capacity_total":1,"available_total":1,"occupied_total":0,"status_label":"空位","data_time":"2026-05-02 15:53:29+08:00","city_label":"新北市","facility_kind_label":"路邊車格","available_rate":1,"occupancy_rate":0,"price_tier":"unknown","price_tier_label":"價格未知"}},{"type":"Feature","geometry":{"type":"Point","coordinates":[121.520999,25.007334]},"properties":{"supply_id":"new_taipei-onstreet-142975","city":"new_taipei","district":"永和區","display_name":"永貞路 車格 142975","address":"永貞路","facility_kind":"onstreet","symbol_text":null,"type_reference":"路邊停車格","type_confidence":0.6,"price_raw":null,"price_value":null,"capacity_total":1,"available_total":1,"occupied_total":0,"status_label":"空位","data_time":"2026-05-02 15:53:29+08:00","city_label":"新北市","facility_kind_label":"路邊車格","available_rate":1,"occupancy_rate":0,"price_tier":"unknown","price_tier_label":"價格未知"}},{"type":"Feature","geometry":{"type":"Point","coordinates":[121.52104,25.006634]},"properties":{"supply_id":"new_taipei-onstreet-130796","city":"new_taipei","district":"永和區","display_name":"永貞路 車格 130796","address":"永貞路","facility_kind":"onstreet","symbol_text":null,"type_reference":"路邊停車格","type_confidence":0.6,"price_raw":null,"price_value":null,"capacity_total":1,"available_total":0,"occupied_total":1,"status_label":"已停","data_time":"2026-05-02 15:53:29+08:00","city_label":"新北市","facility_kind_label":"路邊車格","available_rate":0,"occupancy_rate":1,"price_tier":"unknown","price_tier_label":"價格未知"}},{"type":"Feature","geometry":{"type":"Point","coordinates":[121.520992,25.007392]},"properties":{"supply_id":"new_taipei-onstreet-142974","city":"new_taipei","district":"永和區","display_name":"永貞路 車格 142974","address":"永貞路","facility_kind":"onstreet","symbol_text":null,"type_reference":"路邊停車格","type_confidence":0.6,"price_raw":null,"price_value":null,"capacity_total":1,"available_total":1,"occupied_total":0,"status_label":"空位","data_time":"2026-05-02 15:53:29+08:00","city_label":"新北市","facility_kind_label":"路邊車格","available_rate":1,"occupancy_rate":0,"price_tier":"unknown","price_tier_label":"價格未知"}},{"type":"Feature","geometry":{"type":"Point","coordinates":[121.521041,25.006684]},"properties":{"supply_id":"new_taipei-onstreet-130795","city":"new_taipei","district":"永和區","display_name":"永貞路 車格 130795","address":"永貞路","facility_kind":"onstreet","symbol_text":null,"type_reference":"路邊停車格","type_confidence":0.6,"price_raw":null,"price_value":null,"capacity_total":1,"available_total":1,"occupied_total":0,"status_label":"空位","data_time":"2026-05-02 15:53:29+08:00","city_label":"新北市","facility_kind_label":"路邊車格","available_rate":1,"occupancy_rate":0,"price_tier":"unknown","price_tier_label":"價格未知"}},{"type":"Feature","geometry":{"type":"Point","coordinates":[121.521042,25.006759]},"properties":{"supply_id":"new_taipei-onstreet-130794","city":"new_taipei","district":"永和區","display_name":"永貞路 車格 130794","address":"永貞路","facility_kind":"onstreet","symbol_text":null,"type_reference":"路邊停車格","type_confidence":0.6,"price_raw":null,"price_value":null,"capacity_total":1,"available_total":1,"occupied_total":0,"status_label":"空位","data_time":"2026-05-02 15:53:29+08:00","city_label":"新北市","facility_kind_label":"路邊車格","available_rate":1,"occupancy_rate":0,"price_tier":"unknown","price_tier_label":"價格未知"}},{"type":"Feature","geometry":{"type":"Point","coordinates":[121.52807,24.996641]},"properties":{"supply_id":"new_taipei-onstreet-62405","city":"new_taipei","district":"永和區","display_name":"環河東路四段 車格 62405","address":"環河東路四段","facility_kind":"onstreet","symbol_text":null,"type_reference":"路邊停車格","type_confidence":0.6,"price_raw":null,"price_value":null,"capacity_total":1,"available_total":0,"occupied_total":1,"status_label":"已停","data_time":"2026-05-02 15:53:29+08:00","city_label":"新北市","facility_kind_label":"路邊車格","available_rate":0,"occupancy_rate":1,"price_tier":"unknown","price_tier_label":"價格未知"}},{"type":"Feature","geometry":{"type":"Point","coordinates":[121.527984,24.996421]},"properties":{"supply_id":"new_taipei-onstreet-91148","city":"new_taipei","district":"永和區","display_name":"環河東路四段 車格 91148","address":"環河東路四段","facility_kind":"onstreet","symbol_text":null,"type_reference":"路邊停車格","type_confidence":0.6,"price_raw":null,"price_value":null,"capacity_total":1,"available_total":0,"occupied_total":1,"status_label":"已停","data_time":"2026-05-02 15:53:29+08:00","city_label":"新北市","facility_kind_label":"路邊車格","available_rate":0,"occupancy_rate":1,"price_tier":"unknown","price_tier_label":"價格未知"}},{"type":"Feature","geometry":{"type":"Point","coordinates":[121.527963,24.996376]},"properties":{"supply_id":"new_taipei-onstreet-91152","city":"new_taipei","district":"永和區","display_name":"環河東路四段 車格 91152","address":"環河東路四段","facility_kind":"onstreet","symbol_text":null,"type_reference":"路邊停車格","type_confidence":0.6,"price_raw":null,"price_value":null,"capacity_total":1,"available_total":1,"occupied_total":0,"status_label":"空位","data_time":"2026-05-02 15:53:29+08:00","city_label":"新北市","facility_kind_label":"路邊車格","available_rate":1,"occupancy_rate":0,"price_tier":"unknown","price_tier_label":"價格未知"}},{"type":"Feature","geometry":{"type":"Point","coordinates":[121.521004,25.007285]},"properties":{"supply_id":"new_taipei-onstreet-94289","city":"new_taipei","district":"永和區","display_name":"永貞路 車格 94289","address":"永貞路","facility_kind":"onstreet","symbol_text":null,"type_reference":"路邊停車格","type_confidence":0.6,"price_raw":null,"price_value":null,"capacity_total":1,"available_total":1,"occupied_total":0,"status_label":"空位","data_time":"2026-05-02 15:53:29+08:00","city_label":"新北市","facility_kind_label":"路邊車格","available_rate":1,"occupancy_rate":0,"price_tier":"unknown","price_tier_label":"價格未知"}},{"type":"Feature","geometry":{"type":"Point","coordinates":[121.527902,24.996237]},"properties":{"supply_id":"new_taipei-onstreet-91138","city":"new_taipei","district":"永和區","display_name":"環河東路四段 車格 91138","address":"環河東路四段","facility_kind":"onstreet","symbol_text":null,"type_reference":"路邊停車格","type_confidence":0.6,"price_raw":null,"price_value":null,"capacity_total":1,"available_total":1,"occupied_total":0,"status_label":"空位","data_time":"2026-05-02 15:53:29+08:00","city_label":"新北市","facility_kind_label":"路邊車格","available_rate":1,"occupancy_rate":0,"price_tier":"unknown","price_tier_label":"價格未知"}},{"type":"Feature","geometry":{"type":"Point","coordinates":[121.527943,24.99633]},"properties":{"supply_id":"new_taipei-onstreet-91140","city":"new_taipei","district":"永和區","display_name":"環河東路四段 車格 91140","address":"環河東路四段","facility_kind":"onstreet","symbol_text":null,"type_reference":"路邊停車格","type_confidence":0.6,"price_raw":null,"price_value":null,"capacity_total":1,"available_total":1,"occupied_total":0,"status_label":"空位","data_time":"2026-05-02 15:53:29+08:00","city_label":"新北市","facility_kind_label":"路邊車格","available_rate":1,"occupancy_rate":0,"price_tier":"unknown","price_tier_label":"價格未知"}},{"type":"Feature","geometry":{"type":"Point","coordinates":[121.528004,24.996467]},"properties":{"supply_id":"new_taipei-onstreet-27838","city":"new_taipei","district":"永和區","display_name":"環河東路四段 車格 27838","address":"環河東路四段","facility_kind":"onstreet","symbol_text":null,"type_reference":"路邊停車格","type_confidence":0.6,"price_raw":null,"price_value":null,"capacity_total":1,"available_total":1,"occupied_total":0,"status_label":"空位","data_time":"2026-05-02 15:53:29+08:00","city_label":"新北市","facility_kind_label":"路邊車格","available_rate":1,"occupancy_rate":0,"price_tier":"unknown","price_tier_label":"價格未知"}},{"type":"Feature","geometry":{"type":"Point","coordinates":[121.527922,24.996284]},"properties":{"supply_id":"new_taipei-onstreet-27645","city":"new_taipei","district":"永和區","display_name":"環河東路四段 車格 27645","address":"環河東路四段","facility_kind":"onstreet","symbol_text":null,"type_reference":"路邊停車格","type_confidence":0.6,"price_raw":null,"price_value":null,"capacity_total":1,"available_total":1,"occupied_total":0,"status_label":"空位","data_time":"2026-05-02 15:53:29+08:00","city_label":"新北市","facility_kind_label":"路邊車格","available_rate":1,"occupancy_rate":0,"price_tier":"unknown","price_tier_label":"價格未知"}},{"type":"Feature","geometry":{"type":"Point","coordinates":[121.509182,25.007639]},"properties":{"supply_id":"new_taipei-onstreet-44046","city":"new_taipei","district":"永和區","display_name":"永貞路 車格 44046","address":"永貞路","facility_kind":"onstreet","symbol_text":null,"type_reference":"路邊停車格","type_confidence":0.6,"price_raw":null,"price_value":null,"capacity_total":1,"available_total":0,"occupied_total":1,"status_label":"已停","data_time":"2026-05-02 15:53:29+08:00","city_label":"新北市","facility_kind_label":"路邊車格","available_rate":0,"occupancy_rate":1,"price_tier":"unknown","price_tier_label":"價格未知"}},{"type":"Feature","geometry":{"type":"Point","coordinates":[121.527814,24.996189]},"properties":{"supply_id":"new_taipei-onstreet-85871","city":"new_taipei","district":"永和區","display_name":"環河東路四段 車格 85871","address":"環河東路四段","facility_kind":"onstreet","symbol_text":null,"type_reference":"路邊停車格","type_confidence":0.6,"price_raw":null,"price_value":null,"capacity_total":1,"available_total":1,"occupied_total":0,"status_label":"空位","data_time":"2026-05-02 15:53:29+08:00","city_label":"新北市","facility_kind_label":"路邊車格","available_rate":1,"occupancy_rate":0,"price_tier":"unknown","price_tier_label":"價格未知"}},{"type":"Feature","geometry":{"type":"Point","coordinates":[121.528146,24.996992]},"properties":{"supply_id":"new_taipei-onstreet-91071","city":"new_taipei","district":"永和區","display_name":"環河東路四段 車格 91071","address":"環河東路四段","facility_kind":"onstreet","symbol_text":null,"type_reference":"路邊停車格","type_confidence":0.6,"price_raw":null,"price_value":null,"capacity_total":1,"available_total":1,"occupied_total":0,"status_label":"空位","data_time":"2026-05-02 15:53:29+08:00","city_label":"新北市","facility_kind_label":"路邊車格","available_rate":1,"occupancy_rate":0,"price_tier":"unknown","price_tier_label":"價格未知"}},{"type":"Feature","geometry":{"type":"Point","coordinates":[121.528183,24.997085]},"properties":{"supply_id":"new_taipei-onstreet-91068","city":"new_taipei","district":"永和區","display_name":"環河東路四段 車格 91068","address":"環河東路四段","facility_kind":"onstreet","symbol_text":null,"type_reference":"路邊停車格","type_confidence":0.6,"price_raw":null,"price_value":null,"capacity_total":1,"available_total":0,"occupied_total":1,"status_label":"已停","data_time":"2026-05-02 15:53:29+08:00","city_label":"新北市","facility_kind_label":"路邊車格","available_rate":0,"occupancy_rate":1,"price_tier":"unknown","price_tier_label":"價格未知"}},{"type":"Feature","geometry":{"type":"Point","coordinates":[121.528316,24.99741]},"properties":{"supply_id":"new_taipei-onstreet-87685","city":"new_taipei","district":"永和區","display_name":"環河東路四段 車格 87685","address":"環河東路四段","facility_kind":"onstreet","symbol_text":null,"type_reference":"路邊停車格","type_confidence":0.6,"price_raw":null,"price_value":null,"capacity_total":1,"available_total":null,"occupied_total":null,"status_label":"狀態未知","data_time":"2026-05-02 15:53:29+08:00","city_label":"新北市","facility_kind_label":"路邊車格","available_rate":null,"occupancy_rate":null,"price_tier":"unknown","price_tier_label":"價格未知"}},{"type":"Feature","geometry":{"type":"Point","coordinates":[121.528334,24.997457]},"properties":{"supply_id":"new_taipei-onstreet-157389","city":"new_taipei","district":"永和區","display_name":"環河東路四段 車格 157389","address":"環河東路四段","facility_kind":"onstreet","symbol_text":null,"type_reference":"路邊停車格","type_confidence":0.6,"price_raw":null,"price_value":null,"capacity_total":1,"available_total":1,"occupied_total":0,"status_label":"空位","data_time":"2026-05-02 15:53:29+08:00","city_label":"新北市","facility_kind_label":"路邊車格","available_rate":1,"occupancy_rate":0,"price_tier":"unknown","price_tier_label":"價格未知"}},{"type":"Feature","geometry":{"type":"Point","coordinates":[121.528547,24.998034]},"properties":{"supply_id":"new_taipei-onstreet-56703","city":"new_taipei","district":"永和區","display_name":"環河東路四段 車格 56703","address":"環河東路四段","facility_kind":"onstreet","symbol_text":null,"type_reference":"路邊停車格","type_confidence":0.6,"price_raw":null,"price_value":null,"capacity_total":1,"available_total":1,"occupied_total":0,"status_label":"空位","data_time":"2026-05-02 15:53:29+08:00","city_label":"新北市","facility_kind_label":"路邊車格","available_rate":1,"occupancy_rate":0,"price_tier":"unknown","price_tier_label":"價格未知"}},{"type":"Feature","geometry":{"type":"Point","coordinates":[121.527833,24.996235]},"properties":{"supply_id":"new_taipei-onstreet-18437","city":"new_taipei","district":"永和區","display_name":"環河東路四段 車格 18437","address":"環河東路四段","facility_kind":"onstreet","symbol_text":null,"type_reference":"路邊停車格","type_confidence":0.6,"price_raw":null,"price_value":null,"capacity_total":1,"available_total":1,"occupied_total":0,"status_label":"空位","data_time":"2026-05-02 15:53:29+08:00","city_label":"新北市","facility_kind_label":"路邊車格","available_rate":1,"occupancy_rate":0,"price_tier":"unknown","price_tier_label":"價格未知"}},{"type":"Feature","geometry":{"type":"Point","coordinates":[121.528127,24.996945]},"properties":{"supply_id":"new_taipei-onstreet-57249","city":"new_taipei","district":"永和區","display_name":"環河東路四段 車格 57249","address":"環河東路四段","facility_kind":"onstreet","symbol_text":null,"type_reference":"路邊停車格","type_confidence":0.6,"price_raw":null,"price_value":null,"capacity_total":1,"available_total":1,"occupied_total":0,"status_label":"空位","data_time":"2026-05-02 15:53:29+08:00","city_label":"新北市","facility_kind_label":"路邊車格","available_rate":1,"occupancy_rate":0,"price_tier":"unknown","price_tier_label":"價格未知"}},{"type":"Feature","geometry":{"type":"Point","coordinates":[121.526498,25.006778]},"properties":{"supply_id":"new_taipei-onstreet-81540","city":"new_taipei","district":"永和區","display_name":"環河東路三段 車格 81540","address":"環河東路三段","facility_kind":"onstreet","symbol_text":null,"type_reference":"路邊停車格","type_confidence":0.6,"price_raw":null,"price_value":null,"capacity_total":1,"available_total":0,"occupied_total":1,"status_label":"已停","data_time":"2026-05-02 15:53:29+08:00","city_label":"新北市","facility_kind_label":"路邊車格","available_rate":0,"occupancy_rate":1,"price_tier":"unknown","price_tier_label":"價格未知"}},{"type":"Feature","geometry":{"type":"Point","coordinates":[121.528315,24.997411]},"properties":{"supply_id":"new_taipei-onstreet-157391","city":"new_taipei","district":"永和區","display_name":"環河東路四段 車格 157391","address":"環河東路四段","facility_kind":"onstreet","symbol_text":null,"type_reference":"路邊停車格","type_confidence":0.6,"price_raw":null,"price_value":null,"capacity_total":1,"available_total":1,"occupied_total":0,"status_label":"空位","data_time":"2026-05-02 15:53:29+08:00","city_label":"新北市","facility_kind_label":"路邊車格","available_rate":1,"occupancy_rate":0,"price_tier":"unknown","price_tier_label":"價格未知"}},{"type":"Feature","geometry":{"type":"Point","coordinates":[121.528578,24.998129]},"properties":{"supply_id":"new_taipei-onstreet-56700","city":"new_taipei","district":"永和區","display_name":"環河東路四段 車格 56700","address":"環河東路四段","facility_kind":"onstreet","symbol_text":null,"type_reference":"路邊停車格","type_confidence":0.6,"price_raw":null,"price_value":null,"capacity_total":1,"available_total":1,"occupied_total":0,"status_label":"空位","data_time":"2026-05-02 15:53:29+08:00","city_label":"新北市","facility_kind_label":"路邊車格","available_rate":1,"occupancy_rate":0,"price_tier":"unknown","price_tier_label":"價格未知"}},{"type":"Feature","geometry":{"type":"Point","coordinates":[121.528592,24.998177]},"properties":{"supply_id":"new_taipei-onstreet-53517","city":"new_taipei","district":"永和區","display_name":"環河東路四段 車格 53517","address":"環河東路四段","facility_kind":"onstreet","symbol_text":null,"type_reference":"路邊停車格","type_confidence":0.6,"price_raw":null,"price_value":null,"capacity_total":1,"available_total":0,"occupied_total":1,"status_label":"已停","data_time":"2026-05-02 15:53:29+08:00","city_label":"新北市","facility_kind_label":"路邊車格","available_rate":0,"occupancy_rate":1,"price_tier":"unknown","price_tier_label":"價格未知"}},{"type":"Feature","geometry":{"type":"Point","coordinates":[121.528606,24.998225]},"properties":{"supply_id":"new_taipei-onstreet-53516","city":"new_taipei","district":"永和區","display_name":"環河東路四段 車格 53516","address":"環河東路四段","facility_kind":"onstreet","symbol_text":null,"type_reference":"路邊停車格","type_confidence":0.6,"price_raw":null,"price_value":null,"capacity_total":1,"available_total":0,"occupied_total":1,"status_label":"已停","data_time":"2026-05-02 15:53:29+08:00","city_label":"新北市","facility_kind_label":"路邊車格","available_rate":0,"occupancy_rate":1,"price_tier":"unknown","price_tier_label":"價格未知"}},{"type":"Feature","geometry":{"type":"Point","coordinates":[121.528634,24.998321]},"properties":{"supply_id":"new_taipei-onstreet-53514","city":"new_taipei","district":"永和區","display_name":"環河東路四段 車格 53514","address":"環河東路四段","facility_kind":"onstreet","symbol_text":null,"type_reference":"路邊停車格","type_confidence":0.6,"price_raw":null,"price_value":null,"capacity_total":1,"available_total":1,"occupied_total":0,"status_label":"空位","data_time":"2026-05-02 15:53:29+08:00","city_label":"新北市","facility_kind_label":"路邊車格","available_rate":1,"occupancy_rate":0,"price_tier":"unknown","price_tier_label":"價格未知"}},{"type":"Feature","geometry":{"type":"Point","coordinates":[121.528278,24.997318]},"properties":{"supply_id":"new_taipei-onstreet-157390","city":"new_taipei","district":"永和區","display_name":"環河東路四段 車格 157390","address":"環河東路四段","facility_kind":"onstreet","symbol_text":null,"type_reference":"路邊停車格","type_confidence":0.6,"price_raw":null,"price_value":null,"capacity_total":1,"available_total":1,"occupied_total":0,"status_label":"空位","data_time":"2026-05-02 15:53:29+08:00","city_label":"新北市","facility_kind_label":"路邊車格","available_rate":1,"occupancy_rate":0,"price_tier":"unknown","price_tier_label":"價格未知"}},{"type":"Feature","geometry":{"type":"Point","coordinates":[121.528297,24.997364]},"properties":{"supply_id":"new_taipei-onstreet-157392","city":"new_taipei","district":"永和區","display_name":"環河東路四段 車格 157392","address":"環河東路四段","facility_kind":"onstreet","symbol_text":null,"type_reference":"路邊停車格","type_confidence":0.6,"price_raw":null,"price_value":null,"capacity_total":1,"available_total":1,"occupied_total":0,"status_label":"空位","data_time":"2026-05-02 15:53:29+08:00","city_label":"新北市","facility_kind_label":"路邊車格","available_rate":1,"occupancy_rate":0,"price_tier":"unknown","price_tier_label":"價格未知"}},{"type":"Feature","geometry":{"type":"Point","coordinates":[121.528334,24.997457]},"properties":{"supply_id":"new_taipei-onstreet-57272","city":"new_taipei","district":"永和區","display_name":"環河東路四段 車格 57272","address":"環河東路四段","facility_kind":"onstreet","symbol_text":null,"type_reference":"路邊停車格","type_confidence":0.6,"price_raw":null,"price_value":null,"capacity_total":1,"available_total":null,"occupied_total":null,"status_label":"狀態未知","data_time":"2026-05-02 15:53:29+08:00","city_label":"新北市","facility_kind_label":"路邊車格","available_rate":null,"occupancy_rate":null,"price_tier":"unknown","price_tier_label":"價格未知"}},{"type":"Feature","geometry":{"type":"Point","coordinates":[121.528563,24.998081]},"properties":{"supply_id":"new_taipei-onstreet-56702","city":"new_taipei","district":"永和區","display_name":"環河東路四段 車格 56702","address":"環河東路四段","facility_kind":"onstreet","symbol_text":null,"type_reference":"路邊停車格","type_confidence":0.6,"price_raw":null,"price_value":null,"capacity_total":1,"available_total":1,"occupied_total":0,"status_label":"空位","data_time":"2026-05-02 15:53:29+08:00","city_label":"新北市","facility_kind_label":"路邊車格","available_rate":1,"occupancy_rate":0,"price_tier":"unknown","price_tier_label":"價格未知"}},{"type":"Feature","geometry":{"type":"Point","coordinates":[121.528107,24.996897]},"properties":{"supply_id":"new_taipei-onstreet-47844","city":"new_taipei","district":"永和區","display_name":"環河東路四段 車格 47844","address":"環河東路四段","facility_kind":"onstreet","symbol_text":null,"type_reference":"路邊停車格","type_confidence":0.6,"price_raw":null,"price_value":null,"capacity_total":1,"available_total":1,"occupied_total":0,"status_label":"空位","data_time":"2026-05-02 15:53:29+08:00","city_label":"新北市","facility_kind_label":"路邊車格","available_rate":1,"occupancy_rate":0,"price_tier":"unknown","price_tier_label":"價格未知"}},{"type":"Feature","geometry":{"type":"Point","coordinates":[121.520576,25.015427]},"properties":{"supply_id":"new_taipei-onstreet-130797","city":"new_taipei","district":"永和區","display_name":"竹林路39巷 車格 130797","address":"竹林路39巷","facility_kind":"onstreet","symbol_text":null,"type_reference":"路邊停車格","type_confidence":0.6,"price_raw":null,"price_value":null,"capacity_total":1,"available_total":1,"occupied_total":0,"status_label":"空位","data_time":"2026-05-02 15:53:29+08:00","city_label":"新北市","facility_kind_label":"路邊車格","available_rate":1,"occupancy_rate":0,"price_tier":"unknown","price_tier_label":"價格未知"}},{"type":"Feature","geometry":{"type":"Point","coordinates":[121.527871,24.996328]},"properties":{"supply_id":"new_taipei-onstreet-85872","city":"new_taipei","district":"永和區","display_name":"環河東路四段 車格 85872","address":"環河東路四段","facility_kind":"onstreet","symbol_text":null,"type_reference":"路邊停車格","type_confidence":0.6,"price_raw":null,"price_value":null,"capacity_total":1,"available_total":1,"occupied_total":0,"status_label":"空位","data_time":"2026-05-02 15:53:29+08:00","city_label":"新北市","facility_kind_label":"路邊車格","available_rate":1,"occupancy_rate":0,"price_tier":"unknown","price_tier_label":"價格未知"}},{"type":"Feature","geometry":{"type":"Point","coordinates":[121.528221,24.997178]},"properties":{"supply_id":"new_taipei-onstreet-87681","city":"new_taipei","district":"永和區","display_name":"環河東路四段 車格 87681","address":"環河東路四段","facility_kind":"onstreet","symbol_text":null,"type_reference":"路邊停車格","type_confidence":0.6,"price_raw":null,"price_value":null,"capacity_total":1,"available_total":0,"occupied_total":1,"status_label":"已停","data_time":"2026-05-02 15:53:29+08:00","city_label":"新北市","facility_kind_label":"路邊車格","available_rate":0,"occupancy_rate":1,"price_tier":"unknown","price_tier_label":"價格未知"}},{"type":"Feature","geometry":{"type":"Point","coordinates":[121.528259,24.997271]},"properties":{"supply_id":"new_taipei-onstreet-91069","city":"new_taipei","district":"永和區","display_name":"環河東路四段 車格 91069","address":"環河東路四段","facility_kind":"onstreet","symbol_text":null,"type_reference":"路邊停車格","type_confidence":0.6,"price_raw":null,"price_value":null,"capacity_total":1,"available_total":null,"occupied_total":null,"status_label":"狀態未知","data_time":"2026-05-02 15:53:29+08:00","city_label":"新北市","facility_kind_label":"路邊車格","available_rate":null,"occupancy_rate":null,"price_tier":"unknown","price_tier_label":"價格未知"}},{"type":"Feature","geometry":{"type":"Point","coordinates":[121.528514,24.997939]},"properties":{"supply_id":"new_taipei-onstreet-34760","city":"new_taipei","district":"永和區","display_name":"環河東路四段 車格 34760","address":"環河東路四段","facility_kind":"onstreet","symbol_text":null,"type_reference":"路邊停車格","type_confidence":0.6,"price_raw":null,"price_value":null,"capacity_total":1,"available_total":1,"occupied_total":0,"status_label":"空位","data_time":"2026-05-02 15:53:29+08:00","city_label":"新北市","facility_kind_label":"路邊車格","available_rate":1,"occupancy_rate":0,"price_tier":"unknown","price_tier_label":"價格未知"}},{"type":"Feature","geometry":{"type":"Point","coordinates":[121.518008,25.017428]},"properties":{"supply_id":"new_taipei-onstreet-81462","city":"new_taipei","district":"永和區","display_name":"環河東路一段 車格 81462","address":"環河東路一段","facility_kind":"onstreet","symbol_text":null,"type_reference":"路邊停車格","type_confidence":0.6,"price_raw":null,"price_value":null,"capacity_total":1,"available_total":0,"occupied_total":1,"status_label":"已停","data_time":"2026-05-02 15:53:29+08:00","city_label":"新北市","facility_kind_label":"路邊車格","available_rate":0,"occupancy_rate":1,"price_tier":"unknown","price_tier_label":"價格未知"}},{"type":"Feature","geometry":{"type":"Point","coordinates":[121.528165,24.997038]},"properties":{"supply_id":"new_taipei-onstreet-87683","city":"new_taipei","district":"永和區","display_name":"環河東路四段 車格 87683","address":"環河東路四段","facility_kind":"onstreet","symbol_text":null,"type_reference":"路邊停車格","type_confidence":0.6,"price_raw":null,"price_value":null,"capacity_total":1,"available_total":0,"occupied_total":1,"status_label":"已停","data_time":"2026-05-02 15:53:29+08:00","city_label":"新北市","facility_kind_label":"路邊車格","available_rate":0,"occupancy_rate":1,"price_tier":"unknown","price_tier_label":"價格未知"}},{"type":"Feature","geometry":{"type":"Point","coordinates":[121.528202,24.997131]},"properties":{"supply_id":"new_taipei-onstreet-87684","city":"new_taipei","district":"永和區","display_name":"環河東路四段 車格 87684","address":"環河東路四段","facility_kind":"onstreet","symbol_text":null,"type_reference":"路邊停車格","type_confidence":0.6,"price_raw":null,"price_value":null,"capacity_total":1,"available_total":1,"occupied_total":0,"status_label":"空位","data_time":"2026-05-02 15:53:29+08:00","city_label":"新北市","facility_kind_label":"路邊車格","available_rate":1,"occupancy_rate":0,"price_tier":"unknown","price_tier_label":"價格未知"}},{"type":"Feature","geometry":{"type":"Point","coordinates":[121.528278,24.997317]},"properties":{"supply_id":"new_taipei-onstreet-87682","city":"new_taipei","district":"永和區","display_name":"環河東路四段 車格 87682","address":"環河東路四段","facility_kind":"onstreet","symbol_text":null,"type_reference":"路邊停車格","type_confidence":0.6,"price_raw":null,"price_value":null,"capacity_total":1,"available_total":null,"occupied_total":null,"status_label":"狀態未知","data_time":"2026-05-02 15:53:29+08:00","city_label":"新北市","facility_kind_label":"路邊車格","available_rate":null,"occupancy_rate":null,"price_tier":"unknown","price_tier_label":"價格未知"}},{"type":"Feature","geometry":{"type":"Point","coordinates":[121.528297,24.997364]},"properties":{"supply_id":"new_taipei-onstreet-96013","city":"new_taipei","district":"永和區","display_name":"環河東路四段 車格 96013","address":"環河東路四段","facility_kind":"onstreet","symbol_text":null,"type_reference":"路邊停車格","type_confidence":0.6,"price_raw":null,"price_value":null,"capacity_total":1,"available_total":null,"occupied_total":null,"status_label":"狀態未知","data_time":"2026-05-02 15:53:29+08:00","city_label":"新北市","facility_kind_label":"路邊車格","available_rate":null,"occupancy_rate":null,"price_tier":"unknown","price_tier_label":"價格未知"}},{"type":"Feature","geometry":{"type":"Point","coordinates":[121.518568,25.017148]},"properties":{"supply_id":"new_taipei-onstreet-81473","city":"new_taipei","district":"永和區","display_name":"環河東路一段 車格 81473","address":"環河東路一段","facility_kind":"onstreet","symbol_text":null,"type_reference":"路邊停車格","type_confidence":0.6,"price_raw":null,"price_value":null,"capacity_total":1,"available_total":0,"occupied_total":1,"status_label":"已停","data_time":"2026-05-02 15:53:29+08:00","city_label":"新北市","facility_kind_label":"路邊車格","available_rate":0,"occupancy_rate":1,"price_tier":"unknown","price_tier_label":"價格未知"}},{"type":"Feature","geometry":{"type":"Point","coordinates":[121.52862,24.998273]},"properties":{"supply_id":"new_taipei-onstreet-53515","city":"new_taipei","district":"永和區","display_name":"環河東路四段 車格 53515","address":"環河東路四段","facility_kind":"onstreet","symbol_text":null,"type_reference":"路邊停車格","type_confidence":0.6,"price_raw":null,"price_value":null,"capacity_total":1,"available_total":1,"occupied_total":0,"status_label":"空位","data_time":"2026-05-02 15:53:29+08:00","city_label":"新北市","facility_kind_label":"路邊車格","available_rate":1,"occupancy_rate":0,"price_tier":"unknown","price_tier_label":"價格未知"}},{"type":"Feature","geometry":{"type":"Point","coordinates":[121.52843,24.998068]},"properties":{"supply_id":"new_taipei-onstreet-85343","city":"new_taipei","district":"永和區","display_name":"環河東路四段 車格 85343","address":"環河東路四段","facility_kind":"onstreet","symbol_text":null,"type_reference":"路邊停車格","type_confidence":0.6,"price_raw":null,"price_value":null,"capacity_total":1,"available_total":1,"occupied_total":0,"status_label":"空位","data_time":"2026-05-02 15:53:29+08:00","city_label":"新北市","facility_kind_label":"路邊車格","available_rate":1,"occupancy_rate":0,"price_tier":"unknown","price_tier_label":"價格未知"}},{"type":"Feature","geometry":{"type":"Point","coordinates":[121.527852,24.996282]},"properties":{"supply_id":"new_taipei-onstreet-18438","city":"new_taipei","district":"永和區","display_name":"環河東路四段 車格 18438","address":"環河東路四段","facility_kind":"onstreet","symbol_text":null,"type_reference":"路邊停車格","type_confidence":0.6,"price_raw":null,"price_value":null,"capacity_total":1,"available_total":1,"occupied_total":0,"status_label":"空位","data_time":"2026-05-02 15:53:29+08:00","city_label":"新北市","facility_kind_label":"路邊車格","available_rate":1,"occupancy_rate":0,"price_tier":"unknown","price_tier_label":"價格未知"}},{"type":"Feature","geometry":{"type":"Point","coordinates":[121.52824,24.997225]},"properties":{"supply_id":"new_taipei-onstreet-91070","city":"new_taipei","district":"永和區","display_name":"環河東路四段 車格 91070","address":"環河東路四段","facility_kind":"onstreet","symbol_text":null,"type_reference":"路邊停車格","type_confidence":0.6,"price_raw":null,"price_value":null,"capacity_total":1,"available_total":1,"occupied_total":0,"status_label":"空位","data_time":"2026-05-02 15:53:29+08:00","city_label":"新北市","facility_kind_label":"路邊車格","available_rate":1,"occupancy_rate":0,"price_tier":"unknown","price_tier_label":"價格未知"}},{"type":"Feature","geometry":{"type":"Point","coordinates":[121.528353,24.997504]},"properties":{"supply_id":"new_taipei-onstreet-157393","city":"new_taipei","district":"永和區","display_name":"環河東路四段 車格 157393","address":"環河東路四段","facility_kind":"onstreet","symbol_text":null,"type_reference":"路邊停車格","type_confidence":0.6,"price_raw":null,"price_value":null,"capacity_total":1,"available_total":1,"occupied_total":0,"status_label":"空位","data_time":"2026-05-02 15:53:29+08:00","city_label":"新北市","facility_kind_label":"路邊車格","available_rate":1,"occupancy_rate":0,"price_tier":"unknown","price_tier_label":"價格未知"}},{"type":"Feature","geometry":{"type":"Point","coordinates":[121.517274,25.017695]},"properties":{"supply_id":"new_taipei-onstreet-81461","city":"new_taipei","district":"永和區","display_name":"環河東路一段 車格 81461","address":"環河東路一段","facility_kind":"onstreet","symbol_text":null,"type_reference":"路邊停車格","type_confidence":0.6,"price_raw":null,"price_value":null,"capacity_total":1,"available_total":0,"occupied_total":1,"status_label":"已停","data_time":"2026-05-02 15:53:29+08:00","city_label":"新北市","facility_kind_label":"路邊車格","available_rate":0,"occupancy_rate":1,"price_tier":"unknown","price_tier_label":"價格未知"}},{"type":"Feature","geometry":{"type":"Point","coordinates":[121.527382,24.995365]},"properties":{"supply_id":"new_taipei-onstreet-127162","city":"new_taipei","district":"永和區","display_name":"環河東路四段 車格 127162","address":"環河東路四段","facility_kind":"onstreet","symbol_text":null,"type_reference":"路邊停車格","type_confidence":0.6,"price_raw":null,"price_value":null,"capacity_total":1,"available_total":0,"occupied_total":1,"status_label":"已停","data_time":"2026-05-02 15:53:29+08:00","city_label":"新北市","facility_kind_label":"路邊車格","available_rate":0,"occupancy_rate":1,"price_tier":"unknown","price_tier_label":"價格未知"}},{"type":"Feature","geometry":{"type":"Point","coordinates":[121.528259,24.997271]},"properties":{"supply_id":"new_taipei-onstreet-157394","city":"new_taipei","district":"永和區","display_name":"環河東路四段 車格 157394","address":"環河東路四段","facility_kind":"onstreet","symbol_text":null,"type_reference":"路邊停車格","type_confidence":0.6,"price_raw":null,"price_value":null,"capacity_total":1,"available_total":0,"occupied_total":1,"status_label":"已停","data_time":"2026-05-02 15:53:29+08:00","city_label":"新北市","facility_kind_label":"路邊車格","available_rate":0,"occupancy_rate":1,"price_tier":"unknown","price_tier_label":"價格未知"}},{"type":"Feature","geometry":{"type":"Point","coordinates":[121.52853,24.997986]},"properties":{"supply_id":"new_taipei-onstreet-53512","city":"new_taipei","district":"永和區","display_name":"環河東路四段 車格 53512","address":"環河東路四段","facility_kind":"onstreet","symbol_text":null,"type_reference":"路邊停車格","type_confidence":0.6,"price_raw":null,"price_value":null,"capacity_total":1,"available_total":1,"occupied_total":0,"status_label":"空位","data_time":"2026-05-02 15:53:29+08:00","city_label":"新北市","facility_kind_label":"路邊車格","available_rate":1,"occupancy_rate":0,"price_tier":"unknown","price_tier_label":"價格未知"}},{"type":"Feature","geometry":{"type":"Point","coordinates":[121.528641,24.998372]},"properties":{"supply_id":"new_taipei-onstreet-53513","city":"new_taipei","district":"永和區","display_name":"環河東路四段 車格 53513","address":"環河東路四段","facility_kind":"onstreet","symbol_text":null,"type_reference":"路邊停車格","type_confidence":0.6,"price_raw":null,"price_value":null,"capacity_total":1,"available_total":1,"occupied_total":0,"status_label":"空位","data_time":"2026-05-02 15:53:29+08:00","city_label":"新北市","facility_kind_label":"路邊車格","available_rate":1,"occupancy_rate":0,"price_tier":"unknown","price_tier_label":"價格未知"}}]}