{"type":"FeatureCollection","features":[{"type":"Feature","geometry":{"type":"Point","coordinates":[121.44906162246559,25.16595787436628]},"properties":{"supply_id":"new_taipei-parking-100028","city":"new_taipei","district":"淡水區","display_name":"竿蓁大型車停車場","address":"新北市淡水區竿蓁一街(海鷗段339地號)","facility_kind":"public_parking","symbol_text":"S","type_reference":"一般停車場","type_confidence":1,"price_raw":"大型車計時40元;","price_value":40,"capacity_total":0,"available_total":null,"occupied_total":null,"status_label":"狀態未知","data_time":"2026-05-03 06:08:01.942681+08:00","city_label":"新北市","facility_kind_label":"停車場","available_rate":null,"occupancy_rate":null,"price_tier":"medium","price_tier_label":"中價"}},{"type":"Feature","geometry":{"type":"Point","coordinates":[121.43477599994581,25.17386699921083]},"properties":{"supply_id":"new_taipei-parking-100048","city":"new_taipei","district":"淡水區","display_name":"海關碼頭對面機車場","address":"中正路與文化路口","facility_kind":"public_parking","symbol_text":"S","type_reference":"一般停車場","type_confidence":1,"price_raw":"機車計時30元;","price_value":30,"capacity_total":0,"available_total":null,"occupied_total":null,"status_label":"狀態未知","data_time":"2026-05-03 06:08:01.942681+08:00","city_label":"新北市","facility_kind_label":"停車場","available_rate":null,"occupancy_rate":null,"price_tier":"medium","price_tier_label":"中價"}},{"type":"Feature","geometry":{"type":"Point","coordinates":[121.43477599994581,25.17386699921083]},"properties":{"supply_id":"new_taipei-parking-010188","city":"new_taipei","district":"淡水區","display_name":"淡水稽徵所旁機車場","address":"淡水區中正路193號旁","facility_kind":"public_parking","symbol_text":"S","type_reference":"一般停車場","type_confidence":1,"price_raw":"機車計次30元;","price_value":30,"capacity_total":0,"available_total":null,"occupied_total":null,"status_label":"狀態未知","data_time":"2026-05-03 06:08:01.942681+08:00","city_label":"新北市","facility_kind_label":"停車場","available_rate":null,"occupancy_rate":null,"price_tier":"medium","price_tier_label":"中價"}},{"type":"Feature","geometry":{"type":"Point","coordinates":[121.44461999998695,25.18437999920234]},"properties":{"supply_id":"new_taipei-parking-100052","city":"new_taipei","district":"淡水區","display_name":"全聯淡水中山停車場","address":"新北市淡水區中山北路2段102號","facility_kind":"public_parking","symbol_text":"S","type_reference":"一般停車場","type_confidence":1,"price_raw":"小型車計時40元;小型車計時60元;","price_value":60,"capacity_total":9,"available_total":null,"occupied_total":null,"status_label":"狀態未知","data_time":"2026-05-03 06:08:01.942681+08:00","city_label":"新北市","facility_kind_label":"停車場","available_rate":null,"occupancy_rate":null,"price_tier":"high","price_tier_label":"高價"}},{"type":"Feature","geometry":{"type":"Point","coordinates":[121.44338744270188,25.1865497763295]},"properties":{"supply_id":"new_taipei-parking-100026","city":"new_taipei","district":"淡水區","display_name":"家福淡新店停車場","address":"新北市淡水區中山北路2段383號B1、B2","facility_kind":"public_parking","symbol_text":"S","type_reference":"一般停車場","type_confidence":1,"price_raw":"小型車計時30元;機車計時10元;","price_value":30,"capacity_total":292,"available_total":null,"occupied_total":null,"status_label":"狀態未知","data_time":"2026-05-03 06:08:01.942681+08:00","city_label":"新北市","facility_kind_label":"停車場","available_rate":null,"occupancy_rate":null,"price_tier":"medium","price_tier_label":"中價"}},{"type":"Feature","geometry":{"type":"Point","coordinates":[121.44842781465485,25.177642022305108]},"properties":{"supply_id":"new_taipei-parking-100039","city":"new_taipei","district":"淡水區","display_name":"叭叭房淡江複合學舍停車場","address":"新北市淡水區北新路182巷16-58號B3","facility_kind":"public_parking","symbol_text":"S","type_reference":"一般停車場","type_confidence":1,"price_raw":"小型車計時100元;小型車月租10000元;","price_value":10000,"capacity_total":88,"available_total":null,"occupied_total":null,"status_label":"狀態未知","data_time":"2026-05-03 06:08:01.942681+08:00","city_label":"新北市","facility_kind_label":"停車場","available_rate":null,"occupancy_rate":null,"price_tier":"premium","price_tier_label":"極高價"}},{"type":"Feature","geometry":{"type":"Point","coordinates":[121.44628260461154,25.17238518631299]},"properties":{"supply_id":"new_taipei-parking-100057","city":"new_taipei","district":"淡水區","display_name":"水源臨時停車場","address":"新北市淡水區水源街1段103號前","facility_kind":"public_parking","symbol_text":"S","type_reference":"一般停車場","type_confidence":1,"price_raw":"小型車計時40元;","price_value":40,"capacity_total":21,"available_total":null,"occupied_total":null,"status_label":"狀態未知","data_time":"2026-05-03 06:08:01.942681+08:00","city_label":"新北市","facility_kind_label":"停車場","available_rate":null,"occupancy_rate":null,"price_tier":"medium","price_tier_label":"中價"}},{"type":"Feature","geometry":{"type":"Point","coordinates":[121.44643551259514,25.17078676959825]},"properties":{"supply_id":"new_taipei-parking-100058","city":"new_taipei","district":"淡水區","display_name":"仁愛停車場","address":"新北市淡水區仁愛街17號","facility_kind":"public_parking","symbol_text":"S","type_reference":"一般停車場","type_confidence":1,"price_raw":"小型車計時40元;小型車月租4000元;","price_value":4000,"capacity_total":72,"available_total":null,"occupied_total":null,"status_label":"狀態未知","data_time":"2026-05-03 06:08:01.942681+08:00","city_label":"新北市","facility_kind_label":"停車場","available_rate":null,"occupancy_rate":null,"price_tier":"premium","price_tier_label":"極高價"}},{"type":"Feature","geometry":{"type":"Point","coordinates":[121.44604272323923,25.183887568870237]},"properties":{"supply_id":"new_taipei-parking-100040","city":"new_taipei","district":"淡水區","display_name":"淡水新市停車場","address":"新北市淡水區新市一路3段101巷與101巷17弄交接處","facility_kind":"public_parking","symbol_text":"S","type_reference":"一般停車場","type_confidence":1,"price_raw":"小型車計時30元;小型車月租1500元;","price_value":1500,"capacity_total":147,"available_total":null,"occupied_total":null,"status_label":"狀態未知","data_time":"2026-05-03 06:08:01.942681+08:00","city_label":"新北市","facility_kind_label":"停車場","available_rate":null,"occupancy_rate":null,"price_tier":"premium","price_tier_label":"極高價"}},{"type":"Feature","geometry":{"type":"Point","coordinates":[121.45997580979213,25.141395267150774]},"properties":{"supply_id":"new_taipei-parking-100053","city":"new_taipei","district":"淡水區","display_name":"USPACE正大竹圍停車場","address":"新北市淡水區民權路27號前棟5樓頂","facility_kind":"public_parking","symbol_text":"S","type_reference":"一般停車場","type_confidence":1,"price_raw":"小型車計時80元;小型車月租6000元;","price_value":6000,"capacity_total":82,"available_total":null,"occupied_total":null,"status_label":"狀態未知","data_time":"2026-05-03 06:08:01.942681+08:00","city_label":"新北市","facility_kind_label":"停車場","available_rate":null,"occupancy_rate":null,"price_tier":"premium","price_tier_label":"極高價"}},{"type":"Feature","geometry":{"type":"Point","coordinates":[121.44907254074009,25.17841647435885]},"properties":{"supply_id":"new_taipei-parking-100018","city":"new_taipei","district":"淡水區","display_name":"北新停車場","address":"新北市淡水區北新路184巷口","facility_kind":"public_parking","symbol_text":"S","type_reference":"一般停車場","type_confidence":1,"price_raw":"小型車計時每2小時50元;小型車月租2200元;機車免費;","price_value":2200,"capacity_total":65,"available_total":null,"occupied_total":null,"status_label":"狀態未知","data_time":"2026-05-03 06:08:01.942681+08:00","city_label":"新北市","facility_kind_label":"停車場","available_rate":null,"occupancy_rate":null,"price_tier":"premium","price_tier_label":"極高價"}},{"type":"Feature","geometry":{"type":"Point","coordinates":[121.44374034123724,25.178518324239764]},"properties":{"supply_id":"new_taipei-parking-100002","city":"new_taipei","district":"淡水區","display_name":"水碓立體停車場","address":"新北市淡水區中山北路1段189號","facility_kind":"public_parking","symbol_text":"S","type_reference":"一般停車場","type_confidence":1,"price_raw":"小型車計時30元;小型車月租2500元;","price_value":2500,"capacity_total":446,"available_total":87,"occupied_total":359,"status_label":"空位","data_time":"2026-05-03 06:08:01.942681+08:00","city_label":"新北市","facility_kind_label":"停車場","available_rate":0.19506726457399104,"occupancy_rate":0.804932735426009,"price_tier":"premium","price_tier_label":"極高價"}},{"type":"Feature","geometry":{"type":"Point","coordinates":[121.462762524209,25.13606456843092]},"properties":{"supply_id":"new_taipei-parking-100015","city":"new_taipei","district":"淡水區","display_name":"艾德蒙海外股份有限公司淡水竹圍第一期停車場","address":"新北市淡水區民族路33巷10號B2/28、29、60號車格位","facility_kind":"public_parking","symbol_text":"S","type_reference":"一般停車場","type_confidence":1,"price_raw":"小型車月租4500 元;","price_value":4500,"capacity_total":3,"available_total":null,"occupied_total":null,"status_label":"狀態未知","data_time":"2026-05-03 06:08:01.942681+08:00","city_label":"新北市","facility_kind_label":"停車場","available_rate":null,"occupancy_rate":null,"price_tier":"premium","price_tier_label":"極高價"}},{"type":"Feature","geometry":{"type":"Point","coordinates":[121.46296813072436,25.13667331799668]},"properties":{"supply_id":"new_taipei-parking-100014","city":"new_taipei","district":"淡水區","display_name":"艾德蒙海外股份有限公司淡水竹圍第二期停車場","address":"新北市淡水區民族路31巷28~100號B2、B3","facility_kind":"public_parking","symbol_text":"S","type_reference":"一般停車場","type_confidence":1,"price_raw":"小型車月租4500 元;","price_value":4500,"capacity_total":55,"available_total":null,"occupied_total":null,"status_label":"狀態未知","data_time":"2026-05-03 06:08:01.942681+08:00","city_label":"新北市","facility_kind_label":"停車場","available_rate":null,"occupancy_rate":null,"price_tier":"premium","price_tier_label":"極高價"}},{"type":"Feature","geometry":{"type":"Point","coordinates":[121.46151543005269,25.136736532060617]},"properties":{"supply_id":"new_taipei-parking-100013","city":"new_taipei","district":"淡水區","display_name":"艾德蒙海外股份有限公司淡水竹圍第三期停車場","address":"新北市淡水區民族路31巷1號B2、B3","facility_kind":"public_parking","symbol_text":"S","type_reference":"一般停車場","type_confidence":1,"price_raw":"小型車月租4500 元;","price_value":4500,"capacity_total":11,"available_total":null,"occupied_total":null,"status_label":"狀態未知","data_time":"2026-05-03 06:08:01.942681+08:00","city_label":"新北市","facility_kind_label":"停車場","available_rate":null,"occupancy_rate":null,"price_tier":"premium","price_tier_label":"極高價"}},{"type":"Feature","geometry":{"type":"Point","coordinates":[121.42855300197684,25.176032983998553]},"properties":{"supply_id":"new_taipei-parking-100054","city":"new_taipei","district":"淡水區","display_name":"新北市滬尾藝文休閒園區停車場","address":"新北市淡水區中正路1段2號B1、1F、2F","facility_kind":"public_parking","symbol_text":"S","type_reference":"一般停車場","type_confidence":1,"price_raw":"小型車計時60元;小型車計時120元;機車計次20元;","price_value":120,"capacity_total":195,"available_total":null,"occupied_total":null,"status_label":"狀態未知","data_time":"2026-05-03 06:08:01.942681+08:00","city_label":"新北市","facility_kind_label":"停車場","available_rate":null,"occupancy_rate":null,"price_tier":"premium","price_tier_label":"極高價"}},{"type":"Feature","geometry":{"type":"Point","coordinates":[121.43873538477072,25.170401175794186]},"properties":{"supply_id":"new_taipei-parking-100022","city":"new_taipei","district":"淡水區","display_name":"淡水中正機車停車場","address":"新北市淡水區中正路115號B1","facility_kind":"public_parking","symbol_text":"S","type_reference":"一般停車場","type_confidence":1,"price_raw":"機車計次20元;機車月租300元;身障機車月租150元;","price_value":300,"capacity_total":0,"available_total":null,"occupied_total":null,"status_label":"狀態未知","data_time":"2026-05-03 06:08:01.942681+08:00","city_label":"新北市","facility_kind_label":"停車場","available_rate":null,"occupancy_rate":null,"price_tier":"premium","price_tier_label":"極高價"}},{"type":"Feature","geometry":{"type":"Point","coordinates":[121.44301949833837,25.17039980051932]},"properties":{"supply_id":"new_taipei-parking-100031","city":"new_taipei","district":"淡水區","display_name":"淡水中山機車停車場","address":"新北市淡水區中山路77號2、3樓","facility_kind":"public_parking","symbol_text":"S","type_reference":"一般停車場","type_confidence":1,"price_raw":"機車計次20元;機車月租300元;身障機車月租150元;","price_value":300,"capacity_total":0,"available_total":null,"occupied_total":null,"status_label":"狀態未知","data_time":"2026-05-03 06:08:01.942681+08:00","city_label":"新北市","facility_kind_label":"停車場","available_rate":null,"occupancy_rate":null,"price_tier":"premium","price_tier_label":"極高價"}},{"type":"Feature","geometry":{"type":"Point","coordinates":[121.42623929493386,25.185570978692198]},"properties":{"supply_id":"new_taipei-parking-100229","city":"new_taipei","district":"淡水區","display_name":"佳美停車場","address":"新北市淡水區沙崙路257號隔壁","facility_kind":"public_parking","symbol_text":"S","type_reference":"一般停車場","type_confidence":1,"price_raw":"小型車計時30元;小型車計時40元;小型車月租2000元;","price_value":2000,"capacity_total":29,"available_total":null,"occupied_total":null,"status_label":"狀態未知","data_time":"2026-05-03 06:08:01.942681+08:00","city_label":"新北市","facility_kind_label":"停車場","available_rate":null,"occupancy_rate":null,"price_tier":"premium","price_tier_label":"極高價"}},{"type":"Feature","geometry":{"type":"Point","coordinates":[121.46201978166062,25.136351269104367]},"properties":{"supply_id":"new_taipei-parking-100016","city":"new_taipei","district":"淡水區","display_name":"忠佑停車場","address":"新北市淡水區民族路31巷1號B1","facility_kind":"public_parking","symbol_text":"S","type_reference":"一般停車場","type_confidence":1,"price_raw":"小型車計時40元;小型車月租3100元;","price_value":3100,"capacity_total":66,"available_total":null,"occupied_total":null,"status_label":"狀態未知","data_time":"2026-05-03 06:08:01.942681+08:00","city_label":"新北市","facility_kind_label":"停車場","available_rate":null,"occupancy_rate":null,"price_tier":"premium","price_tier_label":"極高價"}},{"type":"Feature","geometry":{"type":"Point","coordinates":[121.43503116308545,25.193196608140717]},"properties":{"supply_id":"new_taipei-parking-100232","city":"new_taipei","district":"淡水區","display_name":"嘟嘟房淡水新市站停車場","address":"新北市淡水區新市二路3段90號旁空地","facility_kind":"public_parking","symbol_text":"S","type_reference":"一般停車場","type_confidence":1,"price_raw":"小型車計時60元;小型車月租6000元;","price_value":6000,"capacity_total":58,"available_total":null,"occupied_total":null,"status_label":"狀態未知","data_time":"2026-05-03 06:08:01.942681+08:00","city_label":"新北市","facility_kind_label":"停車場","available_rate":null,"occupancy_rate":null,"price_tier":"premium","price_tier_label":"極高價"}},{"type":"Feature","geometry":{"type":"Point","coordinates":[121.41592174520218,25.182058653913074]},"properties":{"supply_id":"new_taipei-parking-100233","city":"new_taipei","district":"淡水區","display_name":"福容大飯店淡水漁人碼頭附設停車場","address":"新北市淡水區觀海路83號B1","facility_kind":"public_parking","symbol_text":"S","type_reference":"一般停車場","type_confidence":1,"price_raw":"小型車計時40元;","price_value":40,"capacity_total":124,"available_total":null,"occupied_total":null,"status_label":"狀態未知","data_time":"2026-05-03 06:08:01.942681+08:00","city_label":"新北市","facility_kind_label":"停車場","available_rate":null,"occupancy_rate":null,"price_tier":"medium","price_tier_label":"中價"}},{"type":"Feature","geometry":{"type":"Point","coordinates":[121.45892081364525,25.15367212796751]},"properties":{"supply_id":"new_taipei-parking-100009","city":"new_taipei","district":"淡水區","display_name":"嘟嘟房捷運紅樹林站停車場","address":"新北市淡水區中正東路2段68號","facility_kind":"public_parking","symbol_text":"S","type_reference":"一般停車場","type_confidence":1,"price_raw":"","price_value":null,"capacity_total":215,"available_total":142,"occupied_total":73,"status_label":"空位","data_time":"2026-05-03 06:08:01.942681+08:00","city_label":"新北市","facility_kind_label":"停車場","available_rate":0.6604651162790698,"occupancy_rate":0.3395348837209302,"price_tier":"unknown","price_tier_label":"價格未知"}},{"type":"Feature","geometry":{"type":"Point","coordinates":[121.43876099991253,25.199188999325667]},"properties":{"supply_id":"new_taipei-parking-100050","city":"new_taipei","district":"淡水區","display_name":"美麗新廣場淡海店停車場","address":"新北市淡水區義山路2段301、303、305號B1、B2","facility_kind":"public_parking","symbol_text":"S","type_reference":"一般停車場","type_confidence":1,"price_raw":"小型車計時40元;小型車月租4000元;機車計次30元;機車月租600元;","price_value":4000,"capacity_total":332,"available_total":null,"occupied_total":null,"status_label":"狀態未知","data_time":"2026-05-03 06:08:01.942681+08:00","city_label":"新北市","facility_kind_label":"停車場","available_rate":null,"occupancy_rate":null,"price_tier":"premium","price_tier_label":"極高價"}},{"type":"Feature","geometry":{"type":"Point","coordinates":[121.46151599998234,25.137984999009937]},"properties":{"supply_id":"new_taipei-parking-010181","city":"new_taipei","district":"淡水區","display_name":"淡水民生立體停車場","address":"新北市淡水區民生路27-1號","facility_kind":"public_parking","symbol_text":"S","type_reference":"一般停車場","type_confidence":1,"price_raw":"小型車計時30元;身障車計時40元;小型車計時40元;身障車月租2000元;機車計次20元;機車月租300元;身障機車月租150元;","price_value":2000,"capacity_total":134,"available_total":68,"occupied_total":66,"status_label":"空位","data_time":"2026-05-03 06:08:01.942681+08:00","city_label":"新北市","facility_kind_label":"停車場","available_rate":0.5074626865671642,"occupancy_rate":0.4925373134328358,"price_tier":"premium","price_tier_label":"極高價"}},{"type":"Feature","geometry":{"type":"Point","coordinates":[121.43015110606251,25.18718198847387]},"properties":{"supply_id":"new_taipei-parking-100235","city":"new_taipei","district":"淡水區","display_name":"Times淡水新市一路一段停車場","address":"新北市淡水區新市一路79號旁","facility_kind":"public_parking","symbol_text":"S","type_reference":"一般停車場","type_confidence":1,"price_raw":"小型車計時80元;小型車月租8000元;","price_value":8000,"capacity_total":48,"available_total":null,"occupied_total":null,"status_label":"狀態未知","data_time":"2026-05-03 06:08:01.942681+08:00","city_label":"新北市","facility_kind_label":"停車場","available_rate":null,"occupancy_rate":null,"price_tier":"premium","price_tier_label":"極高價"}},{"type":"Feature","geometry":{"type":"Point","coordinates":[121.44220639640088,25.171602955987716]},"properties":{"supply_id":"new_taipei-parking-100025","city":"new_taipei","district":"淡水區","display_name":"Times淡水原德路停車場","address":"新北市淡水區原德路8號旁","facility_kind":"public_parking","symbol_text":"S","type_reference":"一般停車場","type_confidence":1,"price_raw":"","price_value":null,"capacity_total":8,"available_total":null,"occupied_total":null,"status_label":"狀態未知","data_time":"2026-05-03 06:08:01.942681+08:00","city_label":"新北市","facility_kind_label":"停車場","available_rate":null,"occupancy_rate":null,"price_tier":"unknown","price_tier_label":"價格未知"}},{"type":"Feature","geometry":{"type":"Point","coordinates":[121.43610004843876,25.198283975812856]},"properties":{"supply_id":"new_taipei-parking-100055","city":"new_taipei","district":"淡水區","display_name":"淡海新市停車場","address":"新北市淡水區新市五路三段及崁頂二路交叉口","facility_kind":"public_parking","symbol_text":"S","type_reference":"一般停車場","type_confidence":1,"price_raw":"小型車計時60元;小型車月租4000元;","price_value":4000,"capacity_total":466,"available_total":null,"occupied_total":null,"status_label":"狀態未知","data_time":"2026-05-03 06:08:01.942681+08:00","city_label":"新北市","facility_kind_label":"停車場","available_rate":null,"occupancy_rate":null,"price_tier":"premium","price_tier_label":"極高價"}},{"type":"Feature","geometry":{"type":"Point","coordinates":[121.42427199535095,25.195643746469973]},"properties":{"supply_id":"new_taipei-parking-100236","city":"new_taipei","district":"淡水區","display_name":"淡水崁頂五路停車場","address":"新北市淡水區崁頂五路155號前方200公尺處","facility_kind":"public_parking","symbol_text":"S","type_reference":"一般停車場","type_confidence":1,"price_raw":"小型車計時20元;小型車月租1000元;","price_value":1000,"capacity_total":36,"available_total":null,"occupied_total":null,"status_label":"狀態未知","data_time":"2026-05-03 06:08:01.942681+08:00","city_label":"新北市","facility_kind_label":"停車場","available_rate":null,"occupancy_rate":null,"price_tier":"premium","price_tier_label":"極高價"}},{"type":"Feature","geometry":{"type":"Point","coordinates":[121.45772153175635,25.159236188961863]},"properties":{"supply_id":"new_taipei-parking-100237","city":"new_taipei","district":"淡水區","display_name":"尚海商場停車場","address":"新北市淡水區淡金路2、6、8、8-1、10、12、14號B1、B2/545~568、570~671、682~695、706~774、776~778號車格位","facility_kind":"public_parking","symbol_text":"S","type_reference":"一般停車場","type_confidence":1,"price_raw":"小型車計時80元;小型車月租6000元;","price_value":6000,"capacity_total":212,"available_total":null,"occupied_total":null,"status_label":"狀態未知","data_time":"2026-05-03 06:08:01.942681+08:00","city_label":"新北市","facility_kind_label":"停車場","available_rate":null,"occupancy_rate":null,"price_tier":"premium","price_tier_label":"極高價"}},{"type":"Feature","geometry":{"type":"Point","coordinates":[121.44087634777647,25.18960783516013]},"properties":{"supply_id":"new_taipei-parking-100238","city":"new_taipei","district":"淡水區","display_name":"Times淡水濱海路一段停車場","address":"新北市淡水區濱海路1段298號","facility_kind":"public_parking","symbol_text":"S","type_reference":"一般停車場","type_confidence":1,"price_raw":"小型車計時80元;小型車月租8000元;","price_value":8000,"capacity_total":13,"available_total":null,"occupied_total":null,"status_label":"狀態未知","data_time":"2026-05-03 06:08:01.942681+08:00","city_label":"新北市","facility_kind_label":"停車場","available_rate":null,"occupancy_rate":null,"price_tier":"premium","price_tier_label":"極高價"}},{"type":"Feature","geometry":{"type":"Point","coordinates":[121.43328602128058,25.20166094406862]},"properties":{"supply_id":"new_taipei-parking-100239","city":"new_taipei","district":"淡水區","display_name":"名軒海樂地B1地下停車場","address":"新北市淡水區沙崙路2段707號B1","facility_kind":"public_parking","symbol_text":"S","type_reference":"一般停車場","type_confidence":1,"price_raw":"小型車計時20元;小型車月租2500元;","price_value":2500,"capacity_total":128,"available_total":null,"occupied_total":null,"status_label":"狀態未知","data_time":"2026-05-03 06:08:01.942681+08:00","city_label":"新北市","facility_kind_label":"停車場","available_rate":null,"occupancy_rate":null,"price_tier":"premium","price_tier_label":"極高價"}},{"type":"Feature","geometry":{"type":"Point","coordinates":[121.43835923881421,25.174104322165842]},"properties":{"supply_id":"new_taipei-parking-100227","city":"new_taipei","district":"淡水區","display_name":"文強新民停車場","address":"新北市淡水區新民街19巷巷口空地","facility_kind":"public_parking","symbol_text":"S","type_reference":"一般停車場","type_confidence":1,"price_raw":"小型車計時80元;小型車月租5000元;","price_value":5000,"capacity_total":69,"available_total":null,"occupied_total":null,"status_label":"狀態未知","data_time":"2026-05-03 06:08:01.942681+08:00","city_label":"新北市","facility_kind_label":"停車場","available_rate":null,"occupancy_rate":null,"price_tier":"premium","price_tier_label":"極高價"}},{"type":"Feature","geometry":{"type":"Point","coordinates":[121.46195042793175,25.13900572511121]},"properties":{"supply_id":"new_taipei-parking-100017","city":"new_taipei","district":"淡水區","display_name":"淡水馬偕紀念醫院附設收費停車場","address":"新北市淡水區民權路47號/馬偕樓B2、B3及綜研大樓1F、B1、B3","facility_kind":"public_parking","symbol_text":"S","type_reference":"一般停車場","type_confidence":1,"price_raw":"小型車計時40元;小型車計時30元;小型車計時20元;","price_value":40,"capacity_total":360,"available_total":44,"occupied_total":316,"status_label":"空位","data_time":"2026-05-03 06:08:01.942681+08:00","city_label":"新北市","facility_kind_label":"停車場","available_rate":0.12222222222222222,"occupancy_rate":0.8777777777777778,"price_tier":"medium","price_tier_label":"中價"}},{"type":"Feature","geometry":{"type":"Point","coordinates":[121.45245799995023,25.18066099916062]},"properties":{"supply_id":"new_taipei-parking-100051","city":"new_taipei","district":"淡水區","display_name":"Times淡金北新站停車場","address":"新北市淡水區北新路221號旁","facility_kind":"public_parking","symbol_text":"S","type_reference":"一般停車場","type_confidence":1,"price_raw":"小型車計時80元;小型車月租8000元;","price_value":8000,"capacity_total":76,"available_total":null,"occupied_total":null,"status_label":"狀態未知","data_time":"2026-05-03 06:08:01.942681+08:00","city_label":"新北市","facility_kind_label":"停車場","available_rate":null,"occupancy_rate":null,"price_tier":"premium","price_tier_label":"極高價"}},{"type":"Feature","geometry":{"type":"Point","coordinates":[121.43580377357405,25.17301948001807]},"properties":{"supply_id":"new_taipei-parking-100230","city":"new_taipei","district":"淡水區","display_name":"淡水中正路平面停車場","address":"新北市淡水區中正路233號","facility_kind":"public_parking","symbol_text":"S","type_reference":"一般停車場","type_confidence":1,"price_raw":"小型車計時50元;小型車月租1萬元;身障車月租5000元;","price_value":5000,"capacity_total":17,"available_total":null,"occupied_total":null,"status_label":"狀態未知","data_time":"2026-05-03 06:08:01.942681+08:00","city_label":"新北市","facility_kind_label":"停車場","available_rate":null,"occupancy_rate":null,"price_tier":"premium","price_tier_label":"極高價"}},{"type":"Feature","geometry":{"type":"Point","coordinates":[121.43888061950895,25.19696615372471]},"properties":{"supply_id":"new_taipei-parking-100231","city":"new_taipei","district":"淡水區","display_name":"USPACE海洋都心停車場","address":"新北市淡水區新市五路3段350號~400號B1、B2","facility_kind":"public_parking","symbol_text":"S","type_reference":"一般停車場","type_confidence":1,"price_raw":"小型車計時80元;小型車月租8000元;機車計次50元;","price_value":8000,"capacity_total":144,"available_total":null,"occupied_total":null,"status_label":"狀態未知","data_time":"2026-05-03 06:08:01.942681+08:00","city_label":"新北市","facility_kind_label":"停車場","available_rate":null,"occupancy_rate":null,"price_tier":"premium","price_tier_label":"極高價"}},{"type":"Feature","geometry":{"type":"Point","coordinates":[121.4358543182063,25.196431618016426]},"properties":{"supply_id":"new_taipei-parking-100240","city":"new_taipei","district":"淡水區","display_name":"新市段平面停車場","address":"新北市淡水區崁頂二路250號旁","facility_kind":"public_parking","symbol_text":"S","type_reference":"一般停車場","type_confidence":1,"price_raw":"大型車計時40元;大型車月租4000元;小型車計時20元;小型車月租2000元;身障車月租月租1000元;機車計次20元;機車月租300元;機車月租240元;身障機車月租150元 ;","price_value":4000,"capacity_total":40,"available_total":null,"occupied_total":null,"status_label":"狀態未知","data_time":"2026-05-03 06:08:01.942681+08:00","city_label":"新北市","facility_kind_label":"停車場","available_rate":null,"occupancy_rate":null,"price_tier":"premium","price_tier_label":"極高價"}},{"type":"Feature","geometry":{"type":"Point","coordinates":[121.43920433601396,25.172401844206068]},"properties":{"supply_id":"new_taipei-parking-100008","city":"new_taipei","district":"淡水區","display_name":"淡水三民立體停車場","address":"新北市淡水區建設街6號","facility_kind":"public_parking","symbol_text":"S","type_reference":"一般停車場","type_confidence":1,"price_raw":"小型車計時50元;小型車月租1萬元;身障車月租5000元;","price_value":5000,"capacity_total":57,"available_total":0,"occupied_total":57,"status_label":"已停","data_time":"2026-05-03 06:08:01.942681+08:00","city_label":"新北市","facility_kind_label":"停車場","available_rate":0,"occupancy_rate":1,"price_tier":"premium","price_tier_label":"極高價"}},{"type":"Feature","geometry":{"type":"Point","coordinates":[121.448614,25.170053]},"properties":{"supply_id":"new_taipei-onstreet-61850","city":"new_taipei","district":"淡水區","display_name":"學府路 車格 61850","address":"學府路","facility_kind":"onstreet","symbol_text":null,"type_reference":"路邊停車格","type_confidence":0.6,"price_raw":null,"price_value":null,"capacity_total":1,"available_total":1,"occupied_total":0,"status_label":"空位","data_time":"2026-05-02 15:53:29+08:00","city_label":"新北市","facility_kind_label":"路邊車格","available_rate":1,"occupancy_rate":0,"price_tier":"unknown","price_tier_label":"價格未知"}},{"type":"Feature","geometry":{"type":"Point","coordinates":[121.436469,25.188029]},"properties":{"supply_id":"new_taipei-onstreet-102359","city":"new_taipei","district":"淡水區","display_name":"義山路一段163巷 車格 102359","address":"義山路一段163巷","facility_kind":"onstreet","symbol_text":null,"type_reference":"路邊停車格","type_confidence":0.6,"price_raw":null,"price_value":null,"capacity_total":1,"available_total":1,"occupied_total":0,"status_label":"空位","data_time":"2026-05-02 15:53:29+08:00","city_label":"新北市","facility_kind_label":"路邊車格","available_rate":1,"occupancy_rate":0,"price_tier":"unknown","price_tier_label":"價格未知"}},{"type":"Feature","geometry":{"type":"Point","coordinates":[121.445446,25.186109]},"properties":{"supply_id":"new_taipei-onstreet-140073","city":"new_taipei","district":"淡水區","display_name":"新市一路三段101巷 車格 140073","address":"新市一路三段101巷","facility_kind":"onstreet","symbol_text":null,"type_reference":"路邊停車格","type_confidence":0.6,"price_raw":null,"price_value":null,"capacity_total":1,"available_total":null,"occupied_total":null,"status_label":"不可用","data_time":"2026-05-02 15:53:29+08:00","city_label":"新北市","facility_kind_label":"路邊車格","available_rate":null,"occupancy_rate":null,"price_tier":"unknown","price_tier_label":"價格未知"}},{"type":"Feature","geometry":{"type":"Point","coordinates":[121.425721,25.196131]},"properties":{"supply_id":"new_taipei-onstreet-146223","city":"new_taipei","district":"淡水區","display_name":"新市二路一段 車格 146223","address":"新市二路一段","facility_kind":"onstreet","symbol_text":null,"type_reference":"路邊停車格","type_confidence":0.6,"price_raw":null,"price_value":null,"capacity_total":1,"available_total":0,"occupied_total":1,"status_label":"已停","data_time":"2026-05-02 15:53:29+08:00","city_label":"新北市","facility_kind_label":"路邊車格","available_rate":0,"occupancy_rate":1,"price_tier":"unknown","price_tier_label":"價格未知"}},{"type":"Feature","geometry":{"type":"Point","coordinates":[121.426749,25.182156]},"properties":{"supply_id":"new_taipei-onstreet-156026","city":"new_taipei","district":"淡水區","display_name":"中正路一段22巷 車格 156026","address":"中正路一段22巷","facility_kind":"onstreet","symbol_text":null,"type_reference":"路邊停車格","type_confidence":0.6,"price_raw":null,"price_value":null,"capacity_total":1,"available_total":1,"occupied_total":0,"status_label":"空位","data_time":"2026-05-02 15:53:29+08:00","city_label":"新北市","facility_kind_label":"路邊車格","available_rate":1,"occupancy_rate":0,"price_tier":"unknown","price_tier_label":"價格未知"}},{"type":"Feature","geometry":{"type":"Point","coordinates":[121.425111,25.200499]},"properties":{"supply_id":"new_taipei-onstreet-158591","city":"new_taipei","district":"淡水區","display_name":"崁頂五路 車格 158591","address":"崁頂五路","facility_kind":"onstreet","symbol_text":null,"type_reference":"路邊停車格","type_confidence":0.6,"price_raw":null,"price_value":null,"capacity_total":1,"available_total":1,"occupied_total":0,"status_label":"空位","data_time":"2026-05-02 15:53:29+08:00","city_label":"新北市","facility_kind_label":"路邊車格","available_rate":1,"occupancy_rate":0,"price_tier":"unknown","price_tier_label":"價格未知"}},{"type":"Feature","geometry":{"type":"Point","coordinates":[121.437492,25.186266]},"properties":{"supply_id":"new_taipei-onstreet-115182","city":"new_taipei","district":"淡水區","display_name":"義山路一段 車格 115182","address":"義山路一段","facility_kind":"onstreet","symbol_text":null,"type_reference":"路邊停車格","type_confidence":0.6,"price_raw":null,"price_value":null,"capacity_total":1,"available_total":0,"occupied_total":1,"status_label":"已停","data_time":"2026-05-02 15:53:29+08:00","city_label":"新北市","facility_kind_label":"路邊車格","available_rate":0,"occupancy_rate":1,"price_tier":"unknown","price_tier_label":"價格未知"}},{"type":"Feature","geometry":{"type":"Point","coordinates":[121.434624,25.187138]},"properties":{"supply_id":"new_taipei-onstreet-102700","city":"new_taipei","district":"淡水區","display_name":"新市一路一段281巷 車格 102700","address":"新市一路一段281巷","facility_kind":"onstreet","symbol_text":null,"type_reference":"路邊停車格","type_confidence":0.6,"price_raw":null,"price_value":null,"capacity_total":1,"available_total":1,"occupied_total":0,"status_label":"空位","data_time":"2026-05-02 15:53:29+08:00","city_label":"新北市","facility_kind_label":"路邊車格","available_rate":1,"occupancy_rate":0,"price_tier":"unknown","price_tier_label":"價格未知"}},{"type":"Feature","geometry":{"type":"Point","coordinates":[121.423109,25.184884]},"properties":{"supply_id":"new_taipei-onstreet-126820","city":"new_taipei","district":"淡水區","display_name":"淡海路184巷 車格 126820","address":"淡海路184巷","facility_kind":"onstreet","symbol_text":null,"type_reference":"路邊停車格","type_confidence":0.6,"price_raw":null,"price_value":null,"capacity_total":1,"available_total":0,"occupied_total":1,"status_label":"已停","data_time":"2026-05-02 15:53:29+08:00","city_label":"新北市","facility_kind_label":"路邊車格","available_rate":0,"occupancy_rate":1,"price_tier":"unknown","price_tier_label":"價格未知"}},{"type":"Feature","geometry":{"type":"Point","coordinates":[121.42872,25.19205]},"properties":{"supply_id":"new_taipei-onstreet-141832","city":"new_taipei","district":"淡水區","display_name":"濱海路三段148巷50弄 車格 141832","address":"濱海路三段148巷50弄","facility_kind":"onstreet","symbol_text":null,"type_reference":"路邊停車格","type_confidence":0.6,"price_raw":null,"price_value":null,"capacity_total":1,"available_total":1,"occupied_total":0,"status_label":"空位","data_time":"2026-05-02 15:53:29+08:00","city_label":"新北市","facility_kind_label":"路邊車格","available_rate":1,"occupancy_rate":0,"price_tier":"unknown","price_tier_label":"價格未知"}},{"type":"Feature","geometry":{"type":"Point","coordinates":[121.422063,25.180845]},"properties":{"supply_id":"new_taipei-onstreet-152750","city":"new_taipei","district":"淡水區","display_name":"淡海路63巷 車格 152750","address":"淡海路63巷","facility_kind":"onstreet","symbol_text":null,"type_reference":"路邊停車格","type_confidence":0.6,"price_raw":null,"price_value":null,"capacity_total":1,"available_total":0,"occupied_total":1,"status_label":"已停","data_time":"2026-05-02 15:53:29+08:00","city_label":"新北市","facility_kind_label":"路邊車格","available_rate":0,"occupancy_rate":1,"price_tier":"unknown","price_tier_label":"價格未知"}},{"type":"Feature","geometry":{"type":"Point","coordinates":[121.456632,25.17645]},"properties":{"supply_id":"new_taipei-onstreet-117090","city":"new_taipei","district":"淡水區","display_name":"淡金路一段 車格 117090","address":"淡金路一段","facility_kind":"onstreet","symbol_text":null,"type_reference":"路邊停車格","type_confidence":0.6,"price_raw":null,"price_value":null,"capacity_total":1,"available_total":1,"occupied_total":0,"status_label":"空位","data_time":"2026-05-02 15:53:29+08:00","city_label":"新北市","facility_kind_label":"路邊車格","available_rate":1,"occupancy_rate":0,"price_tier":"unknown","price_tier_label":"價格未知"}},{"type":"Feature","geometry":{"type":"Point","coordinates":[121.445694,25.19072]},"properties":{"supply_id":"new_taipei-onstreet-114330","city":"new_taipei","district":"淡水區","display_name":"新市二路四段230巷 車格 114330","address":"新市二路四段230巷","facility_kind":"onstreet","symbol_text":null,"type_reference":"路邊停車格","type_confidence":0.6,"price_raw":null,"price_value":null,"capacity_total":1,"available_total":1,"occupied_total":0,"status_label":"空位","data_time":"2026-05-02 15:53:29+08:00","city_label":"新北市","facility_kind_label":"路邊車格","available_rate":1,"occupancy_rate":0,"price_tier":"unknown","price_tier_label":"價格未知"}},{"type":"Feature","geometry":{"type":"Point","coordinates":[121.444272,25.185566]},"properties":{"supply_id":"new_taipei-onstreet-142358","city":"new_taipei","district":"淡水區","display_name":"中山北路二段 車格 142358","address":"中山北路二段","facility_kind":"onstreet","symbol_text":null,"type_reference":"路邊停車格","type_confidence":0.6,"price_raw":null,"price_value":null,"capacity_total":1,"available_total":0,"occupied_total":1,"status_label":"已停","data_time":"2026-05-02 15:53:29+08:00","city_label":"新北市","facility_kind_label":"路邊車格","available_rate":0,"occupancy_rate":1,"price_tier":"unknown","price_tier_label":"價格未知"}},{"type":"Feature","geometry":{"type":"Point","coordinates":[121.436365,25.192273]},"properties":{"supply_id":"new_taipei-onstreet-141909","city":"new_taipei","district":"淡水區","display_name":"新市二路三段172巷 車格 141909","address":"新市二路三段172巷","facility_kind":"onstreet","symbol_text":null,"type_reference":"路邊停車格","type_confidence":0.6,"price_raw":null,"price_value":null,"capacity_total":1,"available_total":1,"occupied_total":0,"status_label":"空位","data_time":"2026-05-02 15:53:29+08:00","city_label":"新北市","facility_kind_label":"路邊車格","available_rate":1,"occupancy_rate":0,"price_tier":"unknown","price_tier_label":"價格未知"}},{"type":"Feature","geometry":{"type":"Point","coordinates":[121.435886,25.186737]},"properties":{"supply_id":"new_taipei-onstreet-102677","city":"new_taipei","district":"淡水區","display_name":"新市一路一段331巷 車格 102677","address":"新市一路一段331巷","facility_kind":"onstreet","symbol_text":null,"type_reference":"路邊停車格","type_confidence":0.6,"price_raw":null,"price_value":null,"capacity_total":1,"available_total":0,"occupied_total":1,"status_label":"已停","data_time":"2026-05-02 15:53:29+08:00","city_label":"新北市","facility_kind_label":"路邊車格","available_rate":0,"occupancy_rate":1,"price_tier":"unknown","price_tier_label":"價格未知"}},{"type":"Feature","geometry":{"type":"Point","coordinates":[121.438036,25.195534]},"properties":{"supply_id":"new_taipei-onstreet-156825","city":"new_taipei","district":"淡水區","display_name":"新市三路二段 車格 156825","address":"新市三路二段","facility_kind":"onstreet","symbol_text":null,"type_reference":"路邊停車格","type_confidence":0.6,"price_raw":null,"price_value":null,"capacity_total":1,"available_total":1,"occupied_total":0,"status_label":"空位","data_time":"2026-05-02 15:53:29+08:00","city_label":"新北市","facility_kind_label":"路邊車格","available_rate":1,"occupancy_rate":0,"price_tier":"unknown","price_tier_label":"價格未知"}},{"type":"Feature","geometry":{"type":"Point","coordinates":[121.443238,25.18991]},"properties":{"supply_id":"new_taipei-onstreet-97005","city":"new_taipei","district":"淡水區","display_name":"中山路三段31巷 車格 97005","address":"中山路三段31巷","facility_kind":"onstreet","symbol_text":null,"type_reference":"路邊停車格","type_confidence":0.6,"price_raw":null,"price_value":null,"capacity_total":1,"available_total":1,"occupied_total":0,"status_label":"空位","data_time":"2026-05-02 15:53:29+08:00","city_label":"新北市","facility_kind_label":"路邊車格","available_rate":1,"occupancy_rate":0,"price_tier":"unknown","price_tier_label":"價格未知"}},{"type":"Feature","geometry":{"type":"Point","coordinates":[121.426203,25.195517]},"properties":{"supply_id":"new_taipei-onstreet-126575","city":"new_taipei","district":"淡水區","display_name":"後州路一段 車格 126575","address":"後州路一段","facility_kind":"onstreet","symbol_text":null,"type_reference":"路邊停車格","type_confidence":0.6,"price_raw":null,"price_value":null,"capacity_total":1,"available_total":1,"occupied_total":0,"status_label":"空位","data_time":"2026-05-02 15:53:29+08:00","city_label":"新北市","facility_kind_label":"路邊車格","available_rate":1,"occupancy_rate":0,"price_tier":"unknown","price_tier_label":"價格未知"}},{"type":"Feature","geometry":{"type":"Point","coordinates":[121.434846,25.191832]},"properties":{"supply_id":"new_taipei-onstreet-20766","city":"new_taipei","district":"淡水區","display_name":"濱海路二段202巷 車格 20766","address":"濱海路二段202巷","facility_kind":"onstreet","symbol_text":null,"type_reference":"路邊停車格","type_confidence":0.6,"price_raw":null,"price_value":null,"capacity_total":1,"available_total":1,"occupied_total":0,"status_label":"空位","data_time":"2026-05-02 15:53:29+08:00","city_label":"新北市","facility_kind_label":"路邊車格","available_rate":1,"occupancy_rate":0,"price_tier":"unknown","price_tier_label":"價格未知"}},{"type":"Feature","geometry":{"type":"Point","coordinates":[121.420213,25.186239]},"properties":{"supply_id":"new_taipei-onstreet-148086","city":"new_taipei","district":"淡水區","display_name":"淡海路 車格 148086","address":"淡海路","facility_kind":"onstreet","symbol_text":null,"type_reference":"路邊停車格","type_confidence":0.6,"price_raw":null,"price_value":null,"capacity_total":1,"available_total":1,"occupied_total":0,"status_label":"空位","data_time":"2026-05-02 15:53:29+08:00","city_label":"新北市","facility_kind_label":"路邊車格","available_rate":1,"occupancy_rate":0,"price_tier":"unknown","price_tier_label":"價格未知"}},{"type":"Feature","geometry":{"type":"Point","coordinates":[121.430176,25.195928]},"properties":{"supply_id":"new_taipei-onstreet-149720","city":"new_taipei","district":"淡水區","display_name":"崁頂三路 車格 149720","address":"崁頂三路","facility_kind":"onstreet","symbol_text":null,"type_reference":"路邊停車格","type_confidence":0.6,"price_raw":null,"price_value":null,"capacity_total":1,"available_total":null,"occupied_total":null,"status_label":"不可用","data_time":"2026-05-02 15:53:29+08:00","city_label":"新北市","facility_kind_label":"路邊車格","available_rate":null,"occupancy_rate":null,"price_tier":"unknown","price_tier_label":"價格未知"}},{"type":"Feature","geometry":{"type":"Point","coordinates":[121.430209,25.20305]},"properties":{"supply_id":"new_taipei-onstreet-149368","city":"new_taipei","district":"淡水區","display_name":"新市六路一段 車格 149368","address":"新市六路一段","facility_kind":"onstreet","symbol_text":null,"type_reference":"路邊停車格","type_confidence":0.6,"price_raw":null,"price_value":null,"capacity_total":1,"available_total":1,"occupied_total":0,"status_label":"空位","data_time":"2026-05-02 15:53:29+08:00","city_label":"新北市","facility_kind_label":"路邊車格","available_rate":1,"occupancy_rate":0,"price_tier":"unknown","price_tier_label":"價格未知"}},{"type":"Feature","geometry":{"type":"Point","coordinates":[121.424492,25.177364]},"properties":{"supply_id":"new_taipei-onstreet-155596","city":"new_taipei","district":"淡水區","display_name":"中正路一段 車格 155596","address":"中正路一段","facility_kind":"onstreet","symbol_text":null,"type_reference":"路邊停車格","type_confidence":0.6,"price_raw":null,"price_value":null,"capacity_total":1,"available_total":1,"occupied_total":0,"status_label":"空位","data_time":"2026-05-02 15:53:29+08:00","city_label":"新北市","facility_kind_label":"路邊車格","available_rate":1,"occupancy_rate":0,"price_tier":"unknown","price_tier_label":"價格未知"}},{"type":"Feature","geometry":{"type":"Point","coordinates":[121.427146,25.186664]},"properties":{"supply_id":"new_taipei-onstreet-148030","city":"new_taipei","district":"淡水區","display_name":"沙崙路 車格 148030","address":"沙崙路","facility_kind":"onstreet","symbol_text":null,"type_reference":"路邊停車格","type_confidence":0.6,"price_raw":null,"price_value":null,"capacity_total":1,"available_total":0,"occupied_total":1,"status_label":"已停","data_time":"2026-05-02 15:53:29+08:00","city_label":"新北市","facility_kind_label":"路邊車格","available_rate":0,"occupancy_rate":1,"price_tier":"unknown","price_tier_label":"價格未知"}},{"type":"Feature","geometry":{"type":"Point","coordinates":[121.422628,25.181545]},"properties":{"supply_id":"new_taipei-onstreet-148068","city":"new_taipei","district":"淡水區","display_name":"中正路一段156巷 車格 148068","address":"中正路一段156巷","facility_kind":"onstreet","symbol_text":null,"type_reference":"路邊停車格","type_confidence":0.6,"price_raw":null,"price_value":null,"capacity_total":1,"available_total":0,"occupied_total":1,"status_label":"已停","data_time":"2026-05-02 15:53:29+08:00","city_label":"新北市","facility_kind_label":"路邊車格","available_rate":0,"occupancy_rate":1,"price_tier":"unknown","price_tier_label":"價格未知"}},{"type":"Feature","geometry":{"type":"Point","coordinates":[121.420486,25.184297]},"properties":{"supply_id":"new_taipei-onstreet-148106","city":"new_taipei","district":"淡水區","display_name":"淡海路 車格 148106","address":"淡海路","facility_kind":"onstreet","symbol_text":null,"type_reference":"路邊停車格","type_confidence":0.6,"price_raw":null,"price_value":null,"capacity_total":1,"available_total":1,"occupied_total":0,"status_label":"空位","data_time":"2026-05-02 15:53:29+08:00","city_label":"新北市","facility_kind_label":"路邊車格","available_rate":1,"occupancy_rate":0,"price_tier":"unknown","price_tier_label":"價格未知"}},{"type":"Feature","geometry":{"type":"Point","coordinates":[121.428736,25.19798]},"properties":{"supply_id":"new_taipei-onstreet-152537","city":"new_taipei","district":"淡水區","display_name":"新市三路一段 車格 152537","address":"新市三路一段","facility_kind":"onstreet","symbol_text":null,"type_reference":"路邊停車格","type_confidence":0.6,"price_raw":null,"price_value":null,"capacity_total":1,"available_total":1,"occupied_total":0,"status_label":"空位","data_time":"2026-05-02 15:53:29+08:00","city_label":"新北市","facility_kind_label":"路邊車格","available_rate":1,"occupancy_rate":0,"price_tier":"unknown","price_tier_label":"價格未知"}},{"type":"Feature","geometry":{"type":"Point","coordinates":[121.450749,25.165545]},"properties":{"supply_id":"new_taipei-onstreet-92864","city":"new_taipei","district":"淡水區","display_name":"竿蓁大型停車場 車格 92864","address":"竿蓁大型停車場","facility_kind":"onstreet","symbol_text":null,"type_reference":"路邊停車格","type_confidence":0.6,"price_raw":null,"price_value":null,"capacity_total":1,"available_total":null,"occupied_total":null,"status_label":"不可用","data_time":"2026-05-02 15:53:29+08:00","city_label":"新北市","facility_kind_label":"路邊車格","available_rate":null,"occupancy_rate":null,"price_tier":"unknown","price_tier_label":"價格未知"}},{"type":"Feature","geometry":{"type":"Point","coordinates":[121.438216,25.187868]},"properties":{"supply_id":"new_taipei-onstreet-122065","city":"new_taipei","district":"淡水區","display_name":"濱海路一段111巷 車格 122065","address":"濱海路一段111巷","facility_kind":"onstreet","symbol_text":null,"type_reference":"路邊停車格","type_confidence":0.6,"price_raw":null,"price_value":null,"capacity_total":1,"available_total":1,"occupied_total":0,"status_label":"空位","data_time":"2026-05-02 15:53:29+08:00","city_label":"新北市","facility_kind_label":"路邊車格","available_rate":1,"occupancy_rate":0,"price_tier":"unknown","price_tier_label":"價格未知"}},{"type":"Feature","geometry":{"type":"Point","coordinates":[121.428687,25.1859]},"properties":{"supply_id":"new_taipei-onstreet-139615","city":"new_taipei","district":"淡水區","display_name":"大庄路 車格 139615","address":"大庄路","facility_kind":"onstreet","symbol_text":null,"type_reference":"路邊停車格","type_confidence":0.6,"price_raw":null,"price_value":null,"capacity_total":1,"available_total":1,"occupied_total":0,"status_label":"空位","data_time":"2026-05-02 15:53:29+08:00","city_label":"新北市","facility_kind_label":"路邊車格","available_rate":1,"occupancy_rate":0,"price_tier":"unknown","price_tier_label":"價格未知"}},{"type":"Feature","geometry":{"type":"Point","coordinates":[121.427544,25.191599]},"properties":{"supply_id":"new_taipei-onstreet-141837","city":"new_taipei","district":"淡水區","display_name":"濱海路三段148巷 車格 141837","address":"濱海路三段148巷","facility_kind":"onstreet","symbol_text":null,"type_reference":"路邊停車格","type_confidence":0.6,"price_raw":null,"price_value":null,"capacity_total":1,"available_total":0,"occupied_total":1,"status_label":"已停","data_time":"2026-05-02 15:53:29+08:00","city_label":"新北市","facility_kind_label":"路邊車格","available_rate":0,"occupancy_rate":1,"price_tier":"unknown","price_tier_label":"價格未知"}},{"type":"Feature","geometry":{"type":"Point","coordinates":[121.442895,25.191937]},"properties":{"supply_id":"new_taipei-onstreet-141918","city":"new_taipei","district":"淡水區","display_name":"濱海路一段306巷60弄 車格 141918","address":"濱海路一段306巷60弄","facility_kind":"onstreet","symbol_text":null,"type_reference":"路邊停車格","type_confidence":0.6,"price_raw":null,"price_value":null,"capacity_total":1,"available_total":1,"occupied_total":0,"status_label":"空位","data_time":"2026-05-02 15:53:29+08:00","city_label":"新北市","facility_kind_label":"路邊車格","available_rate":1,"occupancy_rate":0,"price_tier":"unknown","price_tier_label":"價格未知"}},{"type":"Feature","geometry":{"type":"Point","coordinates":[121.428036,25.188148]},"properties":{"supply_id":"new_taipei-onstreet-148042","city":"new_taipei","district":"淡水區","display_name":"新民街一段 車格 148042","address":"新民街一段","facility_kind":"onstreet","symbol_text":null,"type_reference":"路邊停車格","type_confidence":0.6,"price_raw":null,"price_value":null,"capacity_total":1,"available_total":1,"occupied_total":0,"status_label":"空位","data_time":"2026-05-02 15:53:29+08:00","city_label":"新北市","facility_kind_label":"路邊車格","available_rate":1,"occupancy_rate":0,"price_tier":"unknown","price_tier_label":"價格未知"}},{"type":"Feature","geometry":{"type":"Point","coordinates":[121.428697,25.195248]},"properties":{"supply_id":"new_taipei-onstreet-149718","city":"new_taipei","district":"淡水區","display_name":"新市二路二段 車格 149718","address":"新市二路二段","facility_kind":"onstreet","symbol_text":null,"type_reference":"路邊停車格","type_confidence":0.6,"price_raw":null,"price_value":null,"capacity_total":1,"available_total":1,"occupied_total":0,"status_label":"空位","data_time":"2026-05-02 15:53:29+08:00","city_label":"新北市","facility_kind_label":"路邊車格","available_rate":1,"occupancy_rate":0,"price_tier":"unknown","price_tier_label":"價格未知"}},{"type":"Feature","geometry":{"type":"Point","coordinates":[121.459253,25.157879]},"properties":{"supply_id":"new_taipei-onstreet-56816","city":"new_taipei","district":"淡水區","display_name":"中正東路二段25巷 車格 56816","address":"中正東路二段25巷","facility_kind":"onstreet","symbol_text":null,"type_reference":"路邊停車格","type_confidence":0.6,"price_raw":null,"price_value":null,"capacity_total":1,"available_total":1,"occupied_total":0,"status_label":"空位","data_time":"2026-05-02 15:53:29+08:00","city_label":"新北市","facility_kind_label":"路邊車格","available_rate":1,"occupancy_rate":0,"price_tier":"unknown","price_tier_label":"價格未知"}},{"type":"Feature","geometry":{"type":"Point","coordinates":[121.436773,25.197873]},"properties":{"supply_id":"new_taipei-onstreet-14761","city":"new_taipei","district":"淡水區","display_name":"新市五路三段 車格 14761","address":"新市五路三段","facility_kind":"onstreet","symbol_text":null,"type_reference":"路邊停車格","type_confidence":0.6,"price_raw":null,"price_value":null,"capacity_total":1,"available_total":1,"occupied_total":0,"status_label":"空位","data_time":"2026-05-02 15:53:29+08:00","city_label":"新北市","facility_kind_label":"路邊車格","available_rate":1,"occupancy_rate":0,"price_tier":"unknown","price_tier_label":"價格未知"}},{"type":"Feature","geometry":{"type":"Point","coordinates":[121.422976,25.184261]},"properties":{"supply_id":"new_taipei-onstreet-102603","city":"new_taipei","district":"淡水區","display_name":"沙崙路131巷13弄 車格 102603","address":"沙崙路131巷13弄","facility_kind":"onstreet","symbol_text":null,"type_reference":"路邊停車格","type_confidence":0.6,"price_raw":null,"price_value":null,"capacity_total":1,"available_total":1,"occupied_total":0,"status_label":"空位","data_time":"2026-05-02 15:53:29+08:00","city_label":"新北市","facility_kind_label":"路邊車格","available_rate":1,"occupancy_rate":0,"price_tier":"unknown","price_tier_label":"價格未知"}},{"type":"Feature","geometry":{"type":"Point","coordinates":[121.415664,25.187966]},"properties":{"supply_id":"new_taipei-onstreet-151602","city":"new_taipei","district":"淡水區","display_name":"觀海路 車格 151602","address":"觀海路","facility_kind":"onstreet","symbol_text":null,"type_reference":"路邊停車格","type_confidence":0.6,"price_raw":null,"price_value":null,"capacity_total":1,"available_total":null,"occupied_total":null,"status_label":"不可用","data_time":"2026-05-02 15:53:29+08:00","city_label":"新北市","facility_kind_label":"路邊車格","available_rate":null,"occupancy_rate":null,"price_tier":"unknown","price_tier_label":"價格未知"}},{"type":"Feature","geometry":{"type":"Point","coordinates":[121.43659,25.191291]},"properties":{"supply_id":"new_taipei-onstreet-141903","city":"new_taipei","district":"淡水區","display_name":"義山路一段401巷 車格 141903","address":"義山路一段401巷","facility_kind":"onstreet","symbol_text":null,"type_reference":"路邊停車格","type_confidence":0.6,"price_raw":null,"price_value":null,"capacity_total":1,"available_total":1,"occupied_total":0,"status_label":"空位","data_time":"2026-05-02 15:53:29+08:00","city_label":"新北市","facility_kind_label":"路邊車格","available_rate":1,"occupancy_rate":0,"price_tier":"unknown","price_tier_label":"價格未知"}},{"type":"Feature","geometry":{"type":"Point","coordinates":[121.422232,25.179401]},"properties":{"supply_id":"new_taipei-onstreet-155630","city":"new_taipei","district":"淡水區","display_name":"中正路一段132巷 車格 155630","address":"中正路一段132巷","facility_kind":"onstreet","symbol_text":null,"type_reference":"路邊停車格","type_confidence":0.6,"price_raw":null,"price_value":null,"capacity_total":1,"available_total":1,"occupied_total":0,"status_label":"空位","data_time":"2026-05-02 15:53:29+08:00","city_label":"新北市","facility_kind_label":"路邊車格","available_rate":1,"occupancy_rate":0,"price_tier":"unknown","price_tier_label":"價格未知"}},{"type":"Feature","geometry":{"type":"Point","coordinates":[121.443184,25.189915]},"properties":{"supply_id":"new_taipei-onstreet-97006","city":"new_taipei","district":"淡水區","display_name":"中山路三段31巷 車格 97006","address":"中山路三段31巷","facility_kind":"onstreet","symbol_text":null,"type_reference":"路邊停車格","type_confidence":0.6,"price_raw":null,"price_value":null,"capacity_total":1,"available_total":1,"occupied_total":0,"status_label":"空位","data_time":"2026-05-02 15:53:29+08:00","city_label":"新北市","facility_kind_label":"路邊車格","available_rate":1,"occupancy_rate":0,"price_tier":"unknown","price_tier_label":"價格未知"}},{"type":"Feature","geometry":{"type":"Point","coordinates":[121.42877,25.19203]},"properties":{"supply_id":"new_taipei-onstreet-141831","city":"new_taipei","district":"淡水區","display_name":"濱海路三段148巷50弄 車格 141831","address":"濱海路三段148巷50弄","facility_kind":"onstreet","symbol_text":null,"type_reference":"路邊停車格","type_confidence":0.6,"price_raw":null,"price_value":null,"capacity_total":1,"available_total":1,"occupied_total":0,"status_label":"空位","data_time":"2026-05-02 15:53:29+08:00","city_label":"新北市","facility_kind_label":"路邊車格","available_rate":1,"occupancy_rate":0,"price_tier":"unknown","price_tier_label":"價格未知"}},{"type":"Feature","geometry":{"type":"Point","coordinates":[121.420479,25.184346]},"properties":{"supply_id":"new_taipei-onstreet-148107","city":"new_taipei","district":"淡水區","display_name":"淡海路 車格 148107","address":"淡海路","facility_kind":"onstreet","symbol_text":null,"type_reference":"路邊停車格","type_confidence":0.6,"price_raw":null,"price_value":null,"capacity_total":1,"available_total":1,"occupied_total":0,"status_label":"空位","data_time":"2026-05-02 15:53:29+08:00","city_label":"新北市","facility_kind_label":"路邊車格","available_rate":1,"occupancy_rate":0,"price_tier":"unknown","price_tier_label":"價格未知"}},{"type":"Feature","geometry":{"type":"Point","coordinates":[121.425061,25.200518]},"properties":{"supply_id":"new_taipei-onstreet-158590","city":"new_taipei","district":"淡水區","display_name":"崁頂五路 車格 158590","address":"崁頂五路","facility_kind":"onstreet","symbol_text":null,"type_reference":"路邊停車格","type_confidence":0.6,"price_raw":null,"price_value":null,"capacity_total":1,"available_total":1,"occupied_total":0,"status_label":"空位","data_time":"2026-05-02 15:53:29+08:00","city_label":"新北市","facility_kind_label":"路邊車格","available_rate":1,"occupancy_rate":0,"price_tier":"unknown","price_tier_label":"價格未知"}},{"type":"Feature","geometry":{"type":"Point","coordinates":[121.424355,25.193748]},"properties":{"supply_id":"new_taipei-onstreet-149494","city":"new_taipei","district":"淡水區","display_name":"港坪公園周邊道路 車格 149494","address":"港坪公園周邊道路","facility_kind":"onstreet","symbol_text":null,"type_reference":"路邊停車格","type_confidence":0.6,"price_raw":null,"price_value":null,"capacity_total":1,"available_total":null,"occupied_total":null,"status_label":"狀態未知","data_time":"2026-05-02 15:53:29+08:00","city_label":"新北市","facility_kind_label":"路邊車格","available_rate":null,"occupancy_rate":null,"price_tier":"unknown","price_tier_label":"價格未知"}},{"type":"Feature","geometry":{"type":"Point","coordinates":[121.425313,25.182339]},"properties":{"supply_id":"new_taipei-onstreet-150879","city":"new_taipei","district":"淡水區","display_name":"淡海路72巷 車格 150879","address":"淡海路72巷","facility_kind":"onstreet","symbol_text":null,"type_reference":"路邊停車格","type_confidence":0.6,"price_raw":null,"price_value":null,"capacity_total":1,"available_total":0,"occupied_total":1,"status_label":"已停","data_time":"2026-05-02 15:53:29+08:00","city_label":"新北市","facility_kind_label":"路邊車格","available_rate":0,"occupancy_rate":1,"price_tier":"unknown","price_tier_label":"價格未知"}},{"type":"Feature","geometry":{"type":"Point","coordinates":[121.45928,25.157836]},"properties":{"supply_id":"new_taipei-onstreet-37034","city":"new_taipei","district":"淡水區","display_name":"中正東路二段25巷 車格 37034","address":"中正東路二段25巷","facility_kind":"onstreet","symbol_text":null,"type_reference":"路邊停車格","type_confidence":0.6,"price_raw":null,"price_value":null,"capacity_total":1,"available_total":1,"occupied_total":0,"status_label":"空位","data_time":"2026-05-02 15:53:29+08:00","city_label":"新北市","facility_kind_label":"路邊車格","available_rate":1,"occupancy_rate":0,"price_tier":"unknown","price_tier_label":"價格未知"}},{"type":"Feature","geometry":{"type":"Point","coordinates":[121.4375,25.186315]},"properties":{"supply_id":"new_taipei-onstreet-115183","city":"new_taipei","district":"淡水區","display_name":"義山路一段 車格 115183","address":"義山路一段","facility_kind":"onstreet","symbol_text":null,"type_reference":"路邊停車格","type_confidence":0.6,"price_raw":null,"price_value":null,"capacity_total":1,"available_total":1,"occupied_total":0,"status_label":"空位","data_time":"2026-05-02 15:53:29+08:00","city_label":"新北市","facility_kind_label":"路邊車格","available_rate":1,"occupancy_rate":0,"price_tier":"unknown","price_tier_label":"價格未知"}},{"type":"Feature","geometry":{"type":"Point","coordinates":[121.43797,25.195542]},"properties":{"supply_id":"new_taipei-onstreet-156826","city":"new_taipei","district":"淡水區","display_name":"新市三路二段 車格 156826","address":"新市三路二段","facility_kind":"onstreet","symbol_text":null,"type_reference":"路邊停車格","type_confidence":0.6,"price_raw":null,"price_value":null,"capacity_total":1,"available_total":0,"occupied_total":1,"status_label":"已停","data_time":"2026-05-02 15:53:29+08:00","city_label":"新北市","facility_kind_label":"路邊車格","available_rate":0,"occupancy_rate":1,"price_tier":"unknown","price_tier_label":"價格未知"}},{"type":"Feature","geometry":{"type":"Point","coordinates":[121.423002,25.184305]},"properties":{"supply_id":"new_taipei-onstreet-102604","city":"new_taipei","district":"淡水區","display_name":"沙崙路131巷13弄 車格 102604","address":"沙崙路131巷13弄","facility_kind":"onstreet","symbol_text":null,"type_reference":"路邊停車格","type_confidence":0.6,"price_raw":null,"price_value":null,"capacity_total":1,"available_total":1,"occupied_total":0,"status_label":"空位","data_time":"2026-05-02 15:53:29+08:00","city_label":"新北市","facility_kind_label":"路邊車格","available_rate":1,"occupancy_rate":0,"price_tier":"unknown","price_tier_label":"價格未知"}},{"type":"Feature","geometry":{"type":"Point","coordinates":[121.459962,25.159284]},"properties":{"supply_id":"new_taipei-onstreet-89025","city":"new_taipei","district":"淡水區","display_name":"竹圍6號道路 車格 89025","address":"竹圍6號道路","facility_kind":"onstreet","symbol_text":null,"type_reference":"路邊停車格","type_confidence":0.6,"price_raw":null,"price_value":null,"capacity_total":1,"available_total":1,"occupied_total":0,"status_label":"空位","data_time":"2026-05-02 15:53:29+08:00","city_label":"新北市","facility_kind_label":"路邊車格","available_rate":1,"occupancy_rate":0,"price_tier":"unknown","price_tier_label":"價格未知"}},{"type":"Feature","geometry":{"type":"Point","coordinates":[121.435305,25.193936]},"properties":{"supply_id":"new_taipei-onstreet-24995","city":"new_taipei","district":"淡水區","display_name":"崁頂二路 車格 24995","address":"崁頂二路","facility_kind":"onstreet","symbol_text":null,"type_reference":"路邊停車格","type_confidence":0.6,"price_raw":null,"price_value":null,"capacity_total":1,"available_total":1,"occupied_total":0,"status_label":"空位","data_time":"2026-05-02 15:53:29+08:00","city_label":"新北市","facility_kind_label":"路邊車格","available_rate":1,"occupancy_rate":0,"price_tier":"unknown","price_tier_label":"價格未知"}},{"type":"Feature","geometry":{"type":"Point","coordinates":[121.428351,25.189498]},"properties":{"supply_id":"new_taipei-onstreet-116754","city":"new_taipei","district":"淡水區","display_name":"無名 車格 116754","address":"無名","facility_kind":"onstreet","symbol_text":null,"type_reference":"路邊停車格","type_confidence":0.6,"price_raw":null,"price_value":null,"capacity_total":1,"available_total":0,"occupied_total":1,"status_label":"已停","data_time":"2026-05-02 15:53:29+08:00","city_label":"新北市","facility_kind_label":"路邊車格","available_rate":0,"occupancy_rate":1,"price_tier":"unknown","price_tier_label":"價格未知"}},{"type":"Feature","geometry":{"type":"Point","coordinates":[121.423485,25.185111]},"properties":{"supply_id":"new_taipei-onstreet-127035","city":"new_taipei","district":"淡水區","display_name":"沙崙路181巷 車格 127035","address":"沙崙路181巷","facility_kind":"onstreet","symbol_text":null,"type_reference":"路邊停車格","type_confidence":0.6,"price_raw":null,"price_value":null,"capacity_total":1,"available_total":1,"occupied_total":0,"status_label":"空位","data_time":"2026-05-02 15:53:29+08:00","city_label":"新北市","facility_kind_label":"路邊車格","available_rate":1,"occupancy_rate":0,"price_tier":"unknown","price_tier_label":"價格未知"}},{"type":"Feature","geometry":{"type":"Point","coordinates":[121.423711,25.186058]},"properties":{"supply_id":"new_taipei-onstreet-148545","city":"new_taipei","district":"淡水區","display_name":"中正路二段152巷 車格 148545","address":"中正路二段152巷","facility_kind":"onstreet","symbol_text":null,"type_reference":"路邊停車格","type_confidence":0.6,"price_raw":null,"price_value":null,"capacity_total":1,"available_total":1,"occupied_total":0,"status_label":"空位","data_time":"2026-05-02 15:53:29+08:00","city_label":"新北市","facility_kind_label":"路邊車格","available_rate":1,"occupancy_rate":0,"price_tier":"unknown","price_tier_label":"價格未知"}},{"type":"Feature","geometry":{"type":"Point","coordinates":[121.430193,25.175473]},"properties":{"supply_id":"new_taipei-onstreet-54299","city":"new_taipei","district":"淡水區","display_name":"中正路382號前迴轉道 車格 54299","address":"中正路382號前迴轉道","facility_kind":"onstreet","symbol_text":null,"type_reference":"路邊停車格","type_confidence":0.6,"price_raw":null,"price_value":null,"capacity_total":1,"available_total":0,"occupied_total":1,"status_label":"已停","data_time":"2026-05-02 15:53:29+08:00","city_label":"新北市","facility_kind_label":"路邊車格","available_rate":0,"occupancy_rate":1,"price_tier":"unknown","price_tier_label":"價格未知"}},{"type":"Feature","geometry":{"type":"Point","coordinates":[121.42871,25.185855]},"properties":{"supply_id":"new_taipei-onstreet-139616","city":"new_taipei","district":"淡水區","display_name":"大庄路 車格 139616","address":"大庄路","facility_kind":"onstreet","symbol_text":null,"type_reference":"路邊停車格","type_confidence":0.6,"price_raw":null,"price_value":null,"capacity_total":1,"available_total":1,"occupied_total":0,"status_label":"空位","data_time":"2026-05-02 15:53:29+08:00","city_label":"新北市","facility_kind_label":"路邊車格","available_rate":1,"occupancy_rate":0,"price_tier":"unknown","price_tier_label":"價格未知"}},{"type":"Feature","geometry":{"type":"Point","coordinates":[121.426171,25.195471]},"properties":{"supply_id":"new_taipei-onstreet-126577","city":"new_taipei","district":"淡水區","display_name":"後州路一段 車格 126577","address":"後州路一段","facility_kind":"onstreet","symbol_text":null,"type_reference":"路邊停車格","type_confidence":0.6,"price_raw":null,"price_value":null,"capacity_total":1,"available_total":1,"occupied_total":0,"status_label":"空位","data_time":"2026-05-02 15:53:29+08:00","city_label":"新北市","facility_kind_label":"路邊車格","available_rate":1,"occupancy_rate":0,"price_tier":"unknown","price_tier_label":"價格未知"}},{"type":"Feature","geometry":{"type":"Point","coordinates":[121.42756,25.191646]},"properties":{"supply_id":"new_taipei-onstreet-141838","city":"new_taipei","district":"淡水區","display_name":"濱海路三段148巷 車格 141838","address":"濱海路三段148巷","facility_kind":"onstreet","symbol_text":null,"type_reference":"路邊停車格","type_confidence":0.6,"price_raw":null,"price_value":null,"capacity_total":1,"available_total":1,"occupied_total":0,"status_label":"空位","data_time":"2026-05-02 15:53:29+08:00","city_label":"新北市","facility_kind_label":"路邊車格","available_rate":1,"occupancy_rate":0,"price_tier":"unknown","price_tier_label":"價格未知"}},{"type":"Feature","geometry":{"type":"Point","coordinates":[121.434834,25.191779]},"properties":{"supply_id":"new_taipei-onstreet-20765","city":"new_taipei","district":"淡水區","display_name":"濱海路二段202巷 車格 20765","address":"濱海路二段202巷","facility_kind":"onstreet","symbol_text":null,"type_reference":"路邊停車格","type_confidence":0.6,"price_raw":null,"price_value":null,"capacity_total":1,"available_total":1,"occupied_total":0,"status_label":"空位","data_time":"2026-05-02 15:53:29+08:00","city_label":"新北市","facility_kind_label":"路邊車格","available_rate":1,"occupancy_rate":0,"price_tier":"unknown","price_tier_label":"價格未知"}},{"type":"Feature","geometry":{"type":"Point","coordinates":[121.422587,25.181512]},"properties":{"supply_id":"new_taipei-onstreet-148069","city":"new_taipei","district":"淡水區","display_name":"中正路一段156巷 車格 148069","address":"中正路一段156巷","facility_kind":"onstreet","symbol_text":null,"type_reference":"路邊停車格","type_confidence":0.6,"price_raw":null,"price_value":null,"capacity_total":1,"available_total":1,"occupied_total":0,"status_label":"空位","data_time":"2026-05-02 15:53:29+08:00","city_label":"新北市","facility_kind_label":"路邊車格","available_rate":1,"occupancy_rate":0,"price_tier":"unknown","price_tier_label":"價格未知"}},{"type":"Feature","geometry":{"type":"Point","coordinates":[121.425302,25.182388]},"properties":{"supply_id":"new_taipei-onstreet-150878","city":"new_taipei","district":"淡水區","display_name":"淡海路72巷 車格 150878","address":"淡海路72巷","facility_kind":"onstreet","symbol_text":null,"type_reference":"路邊停車格","type_confidence":0.6,"price_raw":null,"price_value":null,"capacity_total":1,"available_total":1,"occupied_total":0,"status_label":"空位","data_time":"2026-05-02 15:53:29+08:00","city_label":"新北市","facility_kind_label":"路邊車格","available_rate":1,"occupancy_rate":0,"price_tier":"unknown","price_tier_label":"價格未知"}},{"type":"Feature","geometry":{"type":"Point","coordinates":[121.424033,25.183373]},"properties":{"supply_id":"new_taipei-onstreet-150885","city":"new_taipei","district":"淡水區","display_name":"沙崙路 車格 150885","address":"沙崙路","facility_kind":"onstreet","symbol_text":null,"type_reference":"路邊停車格","type_confidence":0.6,"price_raw":null,"price_value":null,"capacity_total":1,"available_total":1,"occupied_total":0,"status_label":"空位","data_time":"2026-05-02 15:53:29+08:00","city_label":"新北市","facility_kind_label":"路邊車格","available_rate":1,"occupancy_rate":0,"price_tier":"unknown","price_tier_label":"價格未知"}},{"type":"Feature","geometry":{"type":"Point","coordinates":[121.459306,25.157793]},"properties":{"supply_id":"new_taipei-onstreet-56815","city":"new_taipei","district":"淡水區","display_name":"中正東路二段25巷 車格 56815","address":"中正東路二段25巷","facility_kind":"onstreet","symbol_text":null,"type_reference":"路邊停車格","type_confidence":0.6,"price_raw":null,"price_value":null,"capacity_total":1,"available_total":1,"occupied_total":0,"status_label":"空位","data_time":"2026-05-02 15:53:29+08:00","city_label":"新北市","facility_kind_label":"路邊車格","available_rate":1,"occupancy_rate":0,"price_tier":"unknown","price_tier_label":"價格未知"}},{"type":"Feature","geometry":{"type":"Point","coordinates":[121.436481,25.191301]},"properties":{"supply_id":"new_taipei-onstreet-141906","city":"new_taipei","district":"淡水區","display_name":"義山路一段401巷 車格 141906","address":"義山路一段401巷","facility_kind":"onstreet","symbol_text":null,"type_reference":"路邊停車格","type_confidence":0.6,"price_raw":null,"price_value":null,"capacity_total":1,"available_total":1,"occupied_total":0,"status_label":"空位","data_time":"2026-05-02 15:53:29+08:00","city_label":"新北市","facility_kind_label":"路邊車格","available_rate":1,"occupancy_rate":0,"price_tier":"unknown","price_tier_label":"價格未知"}},{"type":"Feature","geometry":{"type":"Point","coordinates":[121.422428,25.181384]},"properties":{"supply_id":"new_taipei-onstreet-148070","city":"new_taipei","district":"淡水區","display_name":"中正路一段156巷 車格 148070","address":"中正路一段156巷","facility_kind":"onstreet","symbol_text":null,"type_reference":"路邊停車格","type_confidence":0.6,"price_raw":null,"price_value":null,"capacity_total":1,"available_total":1,"occupied_total":0,"status_label":"空位","data_time":"2026-05-02 15:53:29+08:00","city_label":"新北市","facility_kind_label":"路邊車格","available_rate":1,"occupancy_rate":0,"price_tier":"unknown","price_tier_label":"價格未知"}},{"type":"Feature","geometry":{"type":"Point","coordinates":[121.423057,25.184899]},"properties":{"supply_id":"new_taipei-onstreet-126821","city":"new_taipei","district":"淡水區","display_name":"淡海路184巷 車格 126821","address":"淡海路184巷","facility_kind":"onstreet","symbol_text":null,"type_reference":"路邊停車格","type_confidence":0.6,"price_raw":null,"price_value":null,"capacity_total":1,"available_total":0,"occupied_total":1,"status_label":"已停","data_time":"2026-05-02 15:53:29+08:00","city_label":"新北市","facility_kind_label":"路邊車格","available_rate":0,"occupancy_rate":1,"price_tier":"unknown","price_tier_label":"價格未知"}},{"type":"Feature","geometry":{"type":"Point","coordinates":[121.436535,25.191296]},"properties":{"supply_id":"new_taipei-onstreet-141904","city":"new_taipei","district":"淡水區","display_name":"義山路一段401巷 車格 141904","address":"義山路一段401巷","facility_kind":"onstreet","symbol_text":null,"type_reference":"路邊停車格","type_confidence":0.6,"price_raw":null,"price_value":null,"capacity_total":1,"available_total":1,"occupied_total":0,"status_label":"空位","data_time":"2026-05-02 15:53:29+08:00","city_label":"新北市","facility_kind_label":"路邊車格","available_rate":1,"occupancy_rate":0,"price_tier":"unknown","price_tier_label":"價格未知"}},{"type":"Feature","geometry":{"type":"Point","coordinates":[121.430153,25.195878]},"properties":{"supply_id":"new_taipei-onstreet-149721","city":"new_taipei","district":"淡水區","display_name":"崁頂三路 車格 149721","address":"崁頂三路","facility_kind":"onstreet","symbol_text":null,"type_reference":"路邊停車格","type_confidence":0.6,"price_raw":null,"price_value":null,"capacity_total":1,"available_total":null,"occupied_total":null,"status_label":"不可用","data_time":"2026-05-02 15:53:29+08:00","city_label":"新北市","facility_kind_label":"路邊車格","available_rate":null,"occupancy_rate":null,"price_tier":"unknown","price_tier_label":"價格未知"}},{"type":"Feature","geometry":{"type":"Point","coordinates":[121.43642,25.188026]},"properties":{"supply_id":"new_taipei-onstreet-102360","city":"new_taipei","district":"淡水區","display_name":"義山路一段163巷 車格 102360","address":"義山路一段163巷","facility_kind":"onstreet","symbol_text":null,"type_reference":"路邊停車格","type_confidence":0.6,"price_raw":null,"price_value":null,"capacity_total":1,"available_total":1,"occupied_total":0,"status_label":"空位","data_time":"2026-05-02 15:53:29+08:00","city_label":"新北市","facility_kind_label":"路邊車格","available_rate":1,"occupancy_rate":0,"price_tier":"unknown","price_tier_label":"價格未知"}},{"type":"Feature","geometry":{"type":"Point","coordinates":[121.438269,25.187859]},"properties":{"supply_id":"new_taipei-onstreet-102834","city":"new_taipei","district":"淡水區","display_name":"濱海路一段111巷 車格 102834","address":"濱海路一段111巷","facility_kind":"onstreet","symbol_text":null,"type_reference":"路邊停車格","type_confidence":0.6,"price_raw":null,"price_value":null,"capacity_total":1,"available_total":1,"occupied_total":0,"status_label":"空位","data_time":"2026-05-02 15:53:29+08:00","city_label":"新北市","facility_kind_label":"路邊車格","available_rate":1,"occupancy_rate":0,"price_tier":"unknown","price_tier_label":"價格未知"}},{"type":"Feature","geometry":{"type":"Point","coordinates":[121.44427,25.185616]},"properties":{"supply_id":"new_taipei-onstreet-142359","city":"new_taipei","district":"淡水區","display_name":"中山北路二段 車格 142359","address":"中山北路二段","facility_kind":"onstreet","symbol_text":null,"type_reference":"路邊停車格","type_confidence":0.6,"price_raw":null,"price_value":null,"capacity_total":1,"available_total":0,"occupied_total":1,"status_label":"已停","data_time":"2026-05-02 15:53:29+08:00","city_label":"新北市","facility_kind_label":"路邊車格","available_rate":0,"occupancy_rate":1,"price_tier":"unknown","price_tier_label":"價格未知"}},{"type":"Feature","geometry":{"type":"Point","coordinates":[121.436311,25.19228]},"properties":{"supply_id":"new_taipei-onstreet-141910","city":"new_taipei","district":"淡水區","display_name":"新市二路三段172巷 車格 141910","address":"新市二路三段172巷","facility_kind":"onstreet","symbol_text":null,"type_reference":"路邊停車格","type_confidence":0.6,"price_raw":null,"price_value":null,"capacity_total":1,"available_total":1,"occupied_total":0,"status_label":"空位","data_time":"2026-05-02 15:53:29+08:00","city_label":"新北市","facility_kind_label":"路邊車格","available_rate":1,"occupancy_rate":0,"price_tier":"unknown","price_tier_label":"價格未知"}},{"type":"Feature","geometry":{"type":"Point","coordinates":[121.427164,25.186711]},"properties":{"supply_id":"new_taipei-onstreet-148031","city":"new_taipei","district":"淡水區","display_name":"沙崙路 車格 148031","address":"沙崙路","facility_kind":"onstreet","symbol_text":null,"type_reference":"路邊停車格","type_confidence":0.6,"price_raw":null,"price_value":null,"capacity_total":1,"available_total":0,"occupied_total":1,"status_label":"已停","data_time":"2026-05-02 15:53:29+08:00","city_label":"新北市","facility_kind_label":"路邊車格","available_rate":0,"occupancy_rate":1,"price_tier":"unknown","price_tier_label":"價格未知"}},{"type":"Feature","geometry":{"type":"Point","coordinates":[121.428642,25.195268]},"properties":{"supply_id":"new_taipei-onstreet-149719","city":"new_taipei","district":"淡水區","display_name":"新市二路二段 車格 149719","address":"新市二路二段","facility_kind":"onstreet","symbol_text":null,"type_reference":"路邊停車格","type_confidence":0.6,"price_raw":null,"price_value":null,"capacity_total":1,"available_total":null,"occupied_total":null,"status_label":"不可用","data_time":"2026-05-02 15:53:29+08:00","city_label":"新北市","facility_kind_label":"路邊車格","available_rate":null,"occupancy_rate":null,"price_tier":"unknown","price_tier_label":"價格未知"}},{"type":"Feature","geometry":{"type":"Point","coordinates":[121.430259,25.203031]},"properties":{"supply_id":"new_taipei-onstreet-149369","city":"new_taipei","district":"淡水區","display_name":"新市六路一段 車格 149369","address":"新市六路一段","facility_kind":"onstreet","symbol_text":null,"type_reference":"路邊停車格","type_confidence":0.6,"price_raw":null,"price_value":null,"capacity_total":1,"available_total":0,"occupied_total":1,"status_label":"已停","data_time":"2026-05-02 15:53:29+08:00","city_label":"新北市","facility_kind_label":"路邊車格","available_rate":0,"occupancy_rate":1,"price_tier":"unknown","price_tier_label":"價格未知"}},{"type":"Feature","geometry":{"type":"Point","coordinates":[121.424448,25.177394]},"properties":{"supply_id":"new_taipei-onstreet-155597","city":"new_taipei","district":"淡水區","display_name":"中正路一段 車格 155597","address":"中正路一段","facility_kind":"onstreet","symbol_text":null,"type_reference":"路邊停車格","type_confidence":0.6,"price_raw":null,"price_value":null,"capacity_total":1,"available_total":0,"occupied_total":1,"status_label":"已停","data_time":"2026-05-02 15:53:29+08:00","city_label":"新北市","facility_kind_label":"路邊車格","available_rate":0,"occupancy_rate":1,"price_tier":"unknown","price_tier_label":"價格未知"}},{"type":"Feature","geometry":{"type":"Point","coordinates":[121.43461,25.187031]},"properties":{"supply_id":"new_taipei-onstreet-102702","city":"new_taipei","district":"淡水區","display_name":"新市一路一段281巷 車格 102702","address":"新市一路一段281巷","facility_kind":"onstreet","symbol_text":null,"type_reference":"路邊停車格","type_confidence":0.6,"price_raw":null,"price_value":null,"capacity_total":1,"available_total":1,"occupied_total":0,"status_label":"空位","data_time":"2026-05-02 15:53:29+08:00","city_label":"新北市","facility_kind_label":"路邊車格","available_rate":1,"occupancy_rate":0,"price_tier":"unknown","price_tier_label":"價格未知"}},{"type":"Feature","geometry":{"type":"Point","coordinates":[121.438016,25.197726]},"properties":{"supply_id":"new_taipei-onstreet-14772","city":"new_taipei","district":"淡水區","display_name":"新市五路三段 車格 14772","address":"新市五路三段","facility_kind":"onstreet","symbol_text":null,"type_reference":"路邊停車格","type_confidence":0.6,"price_raw":null,"price_value":null,"capacity_total":1,"available_total":0,"occupied_total":1,"status_label":"已停","data_time":"2026-05-02 15:53:29+08:00","city_label":"新北市","facility_kind_label":"路邊車格","available_rate":0,"occupancy_rate":1,"price_tier":"unknown","price_tier_label":"價格未知"}},{"type":"Feature","geometry":{"type":"Point","coordinates":[121.445451,25.18601]},"properties":{"supply_id":"new_taipei-onstreet-140075","city":"new_taipei","district":"淡水區","display_name":"新市一路三段101巷 車格 140075","address":"新市一路三段101巷","facility_kind":"onstreet","symbol_text":null,"type_reference":"路邊停車格","type_confidence":0.6,"price_raw":null,"price_value":null,"capacity_total":1,"available_total":null,"occupied_total":null,"status_label":"不可用","data_time":"2026-05-02 15:53:29+08:00","city_label":"新北市","facility_kind_label":"路邊車格","available_rate":null,"occupancy_rate":null,"price_tier":"unknown","price_tier_label":"價格未知"}},{"type":"Feature","geometry":{"type":"Point","coordinates":[121.42882,25.19201]},"properties":{"supply_id":"new_taipei-onstreet-141830","city":"new_taipei","district":"淡水區","display_name":"濱海路三段148巷50弄 車格 141830","address":"濱海路三段148巷50弄","facility_kind":"onstreet","symbol_text":null,"type_reference":"路邊停車格","type_confidence":0.6,"price_raw":null,"price_value":null,"capacity_total":1,"available_total":1,"occupied_total":0,"status_label":"空位","data_time":"2026-05-02 15:53:29+08:00","city_label":"新北市","facility_kind_label":"路邊車格","available_rate":1,"occupancy_rate":0,"price_tier":"unknown","price_tier_label":"價格未知"}},{"type":"Feature","geometry":{"type":"Point","coordinates":[121.428869,25.19199]},"properties":{"supply_id":"new_taipei-onstreet-141833","city":"new_taipei","district":"淡水區","display_name":"濱海路三段148巷50弄 車格 141833","address":"濱海路三段148巷50弄","facility_kind":"onstreet","symbol_text":null,"type_reference":"路邊停車格","type_confidence":0.6,"price_raw":null,"price_value":null,"capacity_total":1,"available_total":1,"occupied_total":0,"status_label":"空位","data_time":"2026-05-02 15:53:29+08:00","city_label":"新北市","facility_kind_label":"路邊車格","available_rate":1,"occupancy_rate":0,"price_tier":"unknown","price_tier_label":"價格未知"}},{"type":"Feature","geometry":{"type":"Point","coordinates":[121.420465,25.184445]},"properties":{"supply_id":"new_taipei-onstreet-148109","city":"new_taipei","district":"淡水區","display_name":"淡海路 車格 148109","address":"淡海路","facility_kind":"onstreet","symbol_text":null,"type_reference":"路邊停車格","type_confidence":0.6,"price_raw":null,"price_value":null,"capacity_total":1,"available_total":1,"occupied_total":0,"status_label":"空位","data_time":"2026-05-02 15:53:29+08:00","city_label":"新北市","facility_kind_label":"路邊車格","available_rate":1,"occupancy_rate":0,"price_tier":"unknown","price_tier_label":"價格未知"}},{"type":"Feature","geometry":{"type":"Point","coordinates":[121.423544,25.198718]},"properties":{"supply_id":"new_taipei-onstreet-148585","city":"new_taipei","district":"淡水區","display_name":"崁頂五路279巷 車格 148585","address":"崁頂五路279巷","facility_kind":"onstreet","symbol_text":null,"type_reference":"路邊停車格","type_confidence":0.6,"price_raw":null,"price_value":null,"capacity_total":1,"available_total":0,"occupied_total":1,"status_label":"已停","data_time":"2026-05-02 15:53:29+08:00","city_label":"新北市","facility_kind_label":"路邊車格","available_rate":0,"occupancy_rate":1,"price_tier":"unknown","price_tier_label":"價格未知"}},{"type":"Feature","geometry":{"type":"Point","coordinates":[121.45063,25.16549]},"properties":{"supply_id":"new_taipei-onstreet-92883","city":"new_taipei","district":"淡水區","display_name":"竿蓁大型停車場 車格 92883","address":"竿蓁大型停車場","facility_kind":"onstreet","symbol_text":null,"type_reference":"路邊停車格","type_confidence":0.6,"price_raw":null,"price_value":null,"capacity_total":1,"available_total":null,"occupied_total":null,"status_label":"不可用","data_time":"2026-05-02 15:53:29+08:00","city_label":"新北市","facility_kind_label":"路邊車格","available_rate":null,"occupancy_rate":null,"price_tier":"unknown","price_tier_label":"價格未知"}},{"type":"Feature","geometry":{"type":"Point","coordinates":[121.430134,25.175484]},"properties":{"supply_id":"new_taipei-onstreet-27316","city":"new_taipei","district":"淡水區","display_name":"中正路382號前迴轉道 車格 27316","address":"中正路382號前迴轉道","facility_kind":"onstreet","symbol_text":null,"type_reference":"路邊停車格","type_confidence":0.6,"price_raw":null,"price_value":null,"capacity_total":1,"available_total":1,"occupied_total":0,"status_label":"空位","data_time":"2026-05-02 15:53:29+08:00","city_label":"新北市","facility_kind_label":"路邊車格","available_rate":1,"occupancy_rate":0,"price_tier":"unknown","price_tier_label":"價格未知"}},{"type":"Feature","geometry":{"type":"Point","coordinates":[121.427576,25.191693]},"properties":{"supply_id":"new_taipei-onstreet-141839","city":"new_taipei","district":"淡水區","display_name":"濱海路三段148巷 車格 141839","address":"濱海路三段148巷","facility_kind":"onstreet","symbol_text":null,"type_reference":"路邊停車格","type_confidence":0.6,"price_raw":null,"price_value":null,"capacity_total":1,"available_total":0,"occupied_total":1,"status_label":"已停","data_time":"2026-05-02 15:53:29+08:00","city_label":"新北市","facility_kind_label":"路邊車格","available_rate":0,"occupancy_rate":1,"price_tier":"unknown","price_tier_label":"價格未知"}},{"type":"Feature","geometry":{"type":"Point","coordinates":[121.442878,25.191839]},"properties":{"supply_id":"new_taipei-onstreet-141916","city":"new_taipei","district":"淡水區","display_name":"濱海路一段306巷60弄 車格 141916","address":"濱海路一段306巷60弄","facility_kind":"onstreet","symbol_text":null,"type_reference":"路邊停車格","type_confidence":0.6,"price_raw":null,"price_value":null,"capacity_total":1,"available_total":1,"occupied_total":0,"status_label":"空位","data_time":"2026-05-02 15:53:29+08:00","city_label":"新北市","facility_kind_label":"路邊車格","available_rate":1,"occupancy_rate":0,"price_tier":"unknown","price_tier_label":"價格未知"}},{"type":"Feature","geometry":{"type":"Point","coordinates":[121.420472,25.184396]},"properties":{"supply_id":"new_taipei-onstreet-148108","city":"new_taipei","district":"淡水區","display_name":"淡海路 車格 148108","address":"淡海路","facility_kind":"onstreet","symbol_text":null,"type_reference":"路邊停車格","type_confidence":0.6,"price_raw":null,"price_value":null,"capacity_total":1,"available_total":0,"occupied_total":1,"status_label":"已停","data_time":"2026-05-02 15:53:29+08:00","city_label":"新北市","facility_kind_label":"路邊車格","available_rate":0,"occupancy_rate":1,"price_tier":"unknown","price_tier_label":"價格未知"}},{"type":"Feature","geometry":{"type":"Point","coordinates":[121.42357,25.198189]},"properties":{"supply_id":"new_taipei-onstreet-142287","city":"new_taipei","district":"淡水區","display_name":"崁頂五路279巷 車格 142287","address":"崁頂五路279巷","facility_kind":"onstreet","symbol_text":null,"type_reference":"路邊停車格","type_confidence":0.6,"price_raw":null,"price_value":null,"capacity_total":1,"available_total":0,"occupied_total":1,"status_label":"已停","data_time":"2026-05-02 15:53:29+08:00","city_label":"新北市","facility_kind_label":"路邊車格","available_rate":0,"occupancy_rate":1,"price_tier":"unknown","price_tier_label":"價格未知"}},{"type":"Feature","geometry":{"type":"Point","coordinates":[121.428806,25.197916]},"properties":{"supply_id":"new_taipei-onstreet-152539","city":"new_taipei","district":"淡水區","display_name":"新市三路一段 車格 152539","address":"新市三路一段","facility_kind":"onstreet","symbol_text":null,"type_reference":"路邊停車格","type_confidence":0.6,"price_raw":null,"price_value":null,"capacity_total":1,"available_total":null,"occupied_total":null,"status_label":"不可用","data_time":"2026-05-02 15:53:29+08:00","city_label":"新北市","facility_kind_label":"路邊車格","available_rate":null,"occupancy_rate":null,"price_tier":"unknown","price_tier_label":"價格未知"}},{"type":"Feature","geometry":{"type":"Point","coordinates":[121.422558,25.179608]},"properties":{"supply_id":"new_taipei-onstreet-155632","city":"new_taipei","district":"淡水區","display_name":"中正路一段132巷 車格 155632","address":"中正路一段132巷","facility_kind":"onstreet","symbol_text":null,"type_reference":"路邊停車格","type_confidence":0.6,"price_raw":null,"price_value":null,"capacity_total":1,"available_total":1,"occupied_total":0,"status_label":"空位","data_time":"2026-05-02 15:53:29+08:00","city_label":"新北市","facility_kind_label":"路邊車格","available_rate":1,"occupancy_rate":0,"price_tier":"unknown","price_tier_label":"價格未知"}},{"type":"Feature","geometry":{"type":"Point","coordinates":[121.474924,25.092505]},"properties":{"supply_id":"new_taipei-onstreet-84336","city":"new_taipei","district":"淡水區","display_name":"沙崙路181巷 車格 84336","address":"沙崙路181巷","facility_kind":"onstreet","symbol_text":null,"type_reference":"路邊停車格","type_confidence":0.6,"price_raw":null,"price_value":null,"capacity_total":1,"available_total":null,"occupied_total":null,"status_label":"狀態未知","data_time":"2026-05-02 15:53:29+08:00","city_label":"新北市","facility_kind_label":"路邊車格","available_rate":null,"occupancy_rate":null,"price_tier":"unknown","price_tier_label":"價格未知"}},{"type":"Feature","geometry":{"type":"Point","coordinates":[121.428305,25.189525]},"properties":{"supply_id":"new_taipei-onstreet-116755","city":"new_taipei","district":"淡水區","display_name":"無名 車格 116755","address":"無名","facility_kind":"onstreet","symbol_text":null,"type_reference":"路邊停車格","type_confidence":0.6,"price_raw":null,"price_value":null,"capacity_total":1,"available_total":1,"occupied_total":0,"status_label":"空位","data_time":"2026-05-02 15:53:29+08:00","city_label":"新北市","facility_kind_label":"路邊車格","available_rate":1,"occupancy_rate":0,"price_tier":"unknown","price_tier_label":"價格未知"}},{"type":"Feature","geometry":{"type":"Point","coordinates":[121.442886,25.191888]},"properties":{"supply_id":"new_taipei-onstreet-141917","city":"new_taipei","district":"淡水區","display_name":"濱海路一段306巷60弄 車格 141917","address":"濱海路一段306巷60弄","facility_kind":"onstreet","symbol_text":null,"type_reference":"路邊停車格","type_confidence":0.6,"price_raw":null,"price_value":null,"capacity_total":1,"available_total":1,"occupied_total":0,"status_label":"空位","data_time":"2026-05-02 15:53:29+08:00","city_label":"新北市","facility_kind_label":"路邊車格","available_rate":1,"occupancy_rate":0,"price_tier":"unknown","price_tier_label":"價格未知"}},{"type":"Feature","geometry":{"type":"Point","coordinates":[121.423713,25.186108]},"properties":{"supply_id":"new_taipei-onstreet-148547","city":"new_taipei","district":"淡水區","display_name":"中正路二段152巷 車格 148547","address":"中正路二段152巷","facility_kind":"onstreet","symbol_text":null,"type_reference":"路邊停車格","type_confidence":0.6,"price_raw":null,"price_value":null,"capacity_total":1,"available_total":1,"occupied_total":0,"status_label":"空位","data_time":"2026-05-02 15:53:29+08:00","city_label":"新北市","facility_kind_label":"路邊車格","available_rate":1,"occupancy_rate":0,"price_tier":"unknown","price_tier_label":"價格未知"}},{"type":"Feature","geometry":{"type":"Point","coordinates":[121.428756,25.197935]},"properties":{"supply_id":"new_taipei-onstreet-152538","city":"new_taipei","district":"淡水區","display_name":"新市三路一段 車格 152538","address":"新市三路一段","facility_kind":"onstreet","symbol_text":null,"type_reference":"路邊停車格","type_confidence":0.6,"price_raw":null,"price_value":null,"capacity_total":1,"available_total":null,"occupied_total":null,"status_label":"不可用","data_time":"2026-05-02 15:53:29+08:00","city_label":"新北市","facility_kind_label":"路邊車格","available_rate":null,"occupancy_rate":null,"price_tier":"unknown","price_tier_label":"價格未知"}},{"type":"Feature","geometry":{"type":"Point","coordinates":[121.422293,25.17944]},"properties":{"supply_id":"new_taipei-onstreet-155631","city":"new_taipei","district":"淡水區","display_name":"中正路一段132巷 車格 155631","address":"中正路一段132巷","facility_kind":"onstreet","symbol_text":null,"type_reference":"路邊停車格","type_confidence":0.6,"price_raw":null,"price_value":null,"capacity_total":1,"available_total":1,"occupied_total":0,"status_label":"空位","data_time":"2026-05-02 15:53:29+08:00","city_label":"新北市","facility_kind_label":"路邊車格","available_rate":1,"occupancy_rate":0,"price_tier":"unknown","price_tier_label":"價格未知"}},{"type":"Feature","geometry":{"type":"Point","coordinates":[121.448922,25.170499]},"properties":{"supply_id":"new_taipei-onstreet-114648","city":"new_taipei","district":"淡水區","display_name":"學府路 車格 114648","address":"學府路","facility_kind":"onstreet","symbol_text":null,"type_reference":"路邊停車格","type_confidence":0.6,"price_raw":null,"price_value":null,"capacity_total":1,"available_total":0,"occupied_total":1,"status_label":"已停","data_time":"2026-05-02 15:53:29+08:00","city_label":"新北市","facility_kind_label":"路邊車格","available_rate":0,"occupancy_rate":1,"price_tier":"unknown","price_tier_label":"價格未知"}},{"type":"Feature","geometry":{"type":"Point","coordinates":[121.446791,25.178424]},"properties":{"supply_id":"new_taipei-onstreet-22474","city":"new_taipei","district":"淡水區","display_name":"北新路 車格 22474","address":"北新路","facility_kind":"onstreet","symbol_text":null,"type_reference":"路邊停車格","type_confidence":0.6,"price_raw":null,"price_value":null,"capacity_total":1,"available_total":0,"occupied_total":1,"status_label":"已停","data_time":"2026-05-02 15:53:29+08:00","city_label":"新北市","facility_kind_label":"路邊車格","available_rate":0,"occupancy_rate":1,"price_tier":"unknown","price_tier_label":"價格未知"}},{"type":"Feature","geometry":{"type":"Point","coordinates":[121.434617,25.187084]},"properties":{"supply_id":"new_taipei-onstreet-102701","city":"new_taipei","district":"淡水區","display_name":"新市一路一段281巷 車格 102701","address":"新市一路一段281巷","facility_kind":"onstreet","symbol_text":null,"type_reference":"路邊停車格","type_confidence":0.6,"price_raw":null,"price_value":null,"capacity_total":1,"available_total":1,"occupied_total":0,"status_label":"空位","data_time":"2026-05-02 15:53:29+08:00","city_label":"新北市","facility_kind_label":"路邊車格","available_rate":1,"occupancy_rate":0,"price_tier":"unknown","price_tier_label":"價格未知"}},{"type":"Feature","geometry":{"type":"Point","coordinates":[121.436827,25.197866]},"properties":{"supply_id":"new_taipei-onstreet-14760","city":"new_taipei","district":"淡水區","display_name":"新市五路三段 車格 14760","address":"新市五路三段","facility_kind":"onstreet","symbol_text":null,"type_reference":"路邊停車格","type_confidence":0.6,"price_raw":null,"price_value":null,"capacity_total":1,"available_total":1,"occupied_total":0,"status_label":"空位","data_time":"2026-05-02 15:53:29+08:00","city_label":"新北市","facility_kind_label":"路邊車格","available_rate":1,"occupancy_rate":0,"price_tier":"unknown","price_tier_label":"價格未知"}},{"type":"Feature","geometry":{"type":"Point","coordinates":[121.41561,25.187961]},"properties":{"supply_id":"new_taipei-onstreet-151603","city":"new_taipei","district":"淡水區","display_name":"觀海路 車格 151603","address":"觀海路","facility_kind":"onstreet","symbol_text":null,"type_reference":"路邊停車格","type_confidence":0.6,"price_raw":null,"price_value":null,"capacity_total":1,"available_total":null,"occupied_total":null,"status_label":"不可用","data_time":"2026-05-02 15:53:29+08:00","city_label":"新北市","facility_kind_label":"路邊車格","available_rate":null,"occupancy_rate":null,"price_tier":"unknown","price_tier_label":"價格未知"}},{"type":"Feature","geometry":{"type":"Point","coordinates":[121.426776,25.182199]},"properties":{"supply_id":"new_taipei-onstreet-156025","city":"new_taipei","district":"淡水區","display_name":"中正路一段22巷 車格 156025","address":"中正路一段22巷","facility_kind":"onstreet","symbol_text":null,"type_reference":"路邊停車格","type_confidence":0.6,"price_raw":null,"price_value":null,"capacity_total":1,"available_total":0,"occupied_total":1,"status_label":"已停","data_time":"2026-05-02 15:53:29+08:00","city_label":"新北市","facility_kind_label":"路邊車格","available_rate":0,"occupancy_rate":1,"price_tier":"unknown","price_tier_label":"價格未知"}},{"type":"Feature","geometry":{"type":"Point","coordinates":[121.450648,25.165512]},"properties":{"supply_id":"new_taipei-onstreet-92884","city":"new_taipei","district":"淡水區","display_name":"竿蓁大型停車場 車格 92884","address":"竿蓁大型停車場","facility_kind":"onstreet","symbol_text":null,"type_reference":"路邊停車格","type_confidence":0.6,"price_raw":null,"price_value":null,"capacity_total":1,"available_total":null,"occupied_total":null,"status_label":"不可用","data_time":"2026-05-02 15:53:29+08:00","city_label":"新北市","facility_kind_label":"路邊車格","available_rate":null,"occupancy_rate":null,"price_tier":"unknown","price_tier_label":"價格未知"}},{"type":"Feature","geometry":{"type":"Point","coordinates":[121.435877,25.186683]},"properties":{"supply_id":"new_taipei-onstreet-102678","city":"new_taipei","district":"淡水區","display_name":"新市一路一段331巷 車格 102678","address":"新市一路一段331巷","facility_kind":"onstreet","symbol_text":null,"type_reference":"路邊停車格","type_confidence":0.6,"price_raw":null,"price_value":null,"capacity_total":1,"available_total":1,"occupied_total":0,"status_label":"空位","data_time":"2026-05-02 15:53:29+08:00","city_label":"新北市","facility_kind_label":"路邊車格","available_rate":1,"occupancy_rate":0,"price_tier":"unknown","price_tier_label":"價格未知"}},{"type":"Feature","geometry":{"type":"Point","coordinates":[121.423593,25.185356]},"properties":{"supply_id":"new_taipei-onstreet-126847","city":"new_taipei","district":"淡水區","display_name":"沙崙路181巷 車格 126847","address":"沙崙路181巷","facility_kind":"onstreet","symbol_text":null,"type_reference":"路邊停車格","type_confidence":0.6,"price_raw":null,"price_value":null,"capacity_total":1,"available_total":1,"occupied_total":0,"status_label":"空位","data_time":"2026-05-02 15:53:29+08:00","city_label":"新北市","facility_kind_label":"路邊車格","available_rate":1,"occupancy_rate":0,"price_tier":"unknown","price_tier_label":"價格未知"}},{"type":"Feature","geometry":{"type":"Point","coordinates":[121.445695,25.190674]},"properties":{"supply_id":"new_taipei-onstreet-114328","city":"new_taipei","district":"淡水區","display_name":"新市二路四段230巷 車格 114328","address":"新市二路四段230巷","facility_kind":"onstreet","symbol_text":null,"type_reference":"路邊停車格","type_confidence":0.6,"price_raw":null,"price_value":null,"capacity_total":1,"available_total":1,"occupied_total":0,"status_label":"空位","data_time":"2026-05-02 15:53:29+08:00","city_label":"新北市","facility_kind_label":"路邊車格","available_rate":1,"occupancy_rate":0,"price_tier":"unknown","price_tier_label":"價格未知"}},{"type":"Feature","geometry":{"type":"Point","coordinates":[121.428009,25.188191]},"properties":{"supply_id":"new_taipei-onstreet-148041","city":"new_taipei","district":"淡水區","display_name":"新民街一段 車格 148041","address":"新民街一段","facility_kind":"onstreet","symbol_text":null,"type_reference":"路邊停車格","type_confidence":0.6,"price_raw":null,"price_value":null,"capacity_total":1,"available_total":1,"occupied_total":0,"status_label":"空位","data_time":"2026-05-02 15:53:29+08:00","city_label":"新北市","facility_kind_label":"路邊車格","available_rate":1,"occupancy_rate":0,"price_tier":"unknown","price_tier_label":"價格未知"}},{"type":"Feature","geometry":{"type":"Point","coordinates":[121.420204,25.186353]},"properties":{"supply_id":"new_taipei-onstreet-148084","city":"new_taipei","district":"淡水區","display_name":"淡海路 車格 148084","address":"淡海路","facility_kind":"onstreet","symbol_text":null,"type_reference":"路邊停車格","type_confidence":0.6,"price_raw":null,"price_value":null,"capacity_total":1,"available_total":0,"occupied_total":1,"status_label":"已停","data_time":"2026-05-02 15:53:29+08:00","city_label":"新北市","facility_kind_label":"路邊車格","available_rate":0,"occupancy_rate":1,"price_tier":"unknown","price_tier_label":"價格未知"}},{"type":"Feature","geometry":{"type":"Point","coordinates":[121.422099,25.180807]},"properties":{"supply_id":"new_taipei-onstreet-152751","city":"new_taipei","district":"淡水區","display_name":"淡海路63巷 車格 152751","address":"淡海路63巷","facility_kind":"onstreet","symbol_text":null,"type_reference":"路邊停車格","type_confidence":0.6,"price_raw":null,"price_value":null,"capacity_total":1,"available_total":1,"occupied_total":0,"status_label":"空位","data_time":"2026-05-02 15:53:29+08:00","city_label":"新北市","facility_kind_label":"路邊車格","available_rate":1,"occupancy_rate":0,"price_tier":"unknown","price_tier_label":"價格未知"}},{"type":"Feature","geometry":{"type":"Point","coordinates":[121.519731,24.963427]},"properties":{"supply_id":"new_taipei-onstreet-87865","city":"new_taipei","district":"淡水區","display_name":"沙崙路181巷 車格 87865","address":"沙崙路181巷","facility_kind":"onstreet","symbol_text":null,"type_reference":"路邊停車格","type_confidence":0.6,"price_raw":null,"price_value":null,"capacity_total":1,"available_total":0,"occupied_total":1,"status_label":"已停","data_time":"2026-05-02 15:53:29+08:00","city_label":"新北市","facility_kind_label":"路邊車格","available_rate":0,"occupancy_rate":1,"price_tier":"unknown","price_tier_label":"價格未知"}},{"type":"Feature","geometry":{"type":"Point","coordinates":[121.430758,24.989974]},"properties":{"supply_id":"new_taipei-onstreet-137222","city":"new_taipei","district":"淡水區","display_name":"沙崙路181巷 車格 137222","address":"沙崙路181巷","facility_kind":"onstreet","symbol_text":null,"type_reference":"路邊停車格","type_confidence":0.6,"price_raw":null,"price_value":null,"capacity_total":1,"available_total":null,"occupied_total":null,"status_label":"狀態未知","data_time":"2026-05-02 15:53:29+08:00","city_label":"新北市","facility_kind_label":"路邊車格","available_rate":null,"occupancy_rate":null,"price_tier":"unknown","price_tier_label":"價格未知"}},{"type":"Feature","geometry":{"type":"Point","coordinates":[121.484916,25.073885]},"properties":{"supply_id":"new_taipei-onstreet-155577","city":"new_taipei","district":"淡水區","display_name":"沙崙路181巷 車格 155577","address":"沙崙路181巷","facility_kind":"onstreet","symbol_text":null,"type_reference":"路邊停車格","type_confidence":0.6,"price_raw":null,"price_value":null,"capacity_total":1,"available_total":null,"occupied_total":null,"status_label":"狀態未知","data_time":"2026-05-02 15:53:29+08:00","city_label":"新北市","facility_kind_label":"路邊車格","available_rate":null,"occupancy_rate":null,"price_tier":"unknown","price_tier_label":"價格未知"}},{"type":"Feature","geometry":{"type":"Point","coordinates":[121.424134,25.18413]},"properties":{"supply_id":"new_taipei-onstreet-159195","city":"new_taipei","district":"淡水區","display_name":"沙崙路181巷 車格 159195","address":"沙崙路181巷","facility_kind":"onstreet","symbol_text":null,"type_reference":"路邊停車格","type_confidence":0.6,"price_raw":null,"price_value":null,"capacity_total":1,"available_total":null,"occupied_total":null,"status_label":"狀態未知","data_time":"2026-05-02 15:53:29+08:00","city_label":"新北市","facility_kind_label":"路邊車格","available_rate":null,"occupancy_rate":null,"price_tier":"unknown","price_tier_label":"價格未知"}},{"type":"Feature","geometry":{"type":"Point","coordinates":[121.45993,25.159324]},"properties":{"supply_id":"new_taipei-onstreet-89023","city":"new_taipei","district":"淡水區","display_name":"竹圍6號道路 車格 89023","address":"竹圍6號道路","facility_kind":"onstreet","symbol_text":null,"type_reference":"路邊停車格","type_confidence":0.6,"price_raw":null,"price_value":null,"capacity_total":1,"available_total":1,"occupied_total":0,"status_label":"空位","data_time":"2026-05-02 15:53:29+08:00","city_label":"新北市","facility_kind_label":"路邊車格","available_rate":1,"occupancy_rate":0,"price_tier":"unknown","price_tier_label":"價格未知"}},{"type":"Feature","geometry":{"type":"Point","coordinates":[121.456605,25.176493]},"properties":{"supply_id":"new_taipei-onstreet-117089","city":"new_taipei","district":"淡水區","display_name":"淡金路一段 車格 117089","address":"淡金路一段","facility_kind":"onstreet","symbol_text":null,"type_reference":"路邊停車格","type_confidence":0.6,"price_raw":null,"price_value":null,"capacity_total":1,"available_total":1,"occupied_total":0,"status_label":"空位","data_time":"2026-05-02 15:53:29+08:00","city_label":"新北市","facility_kind_label":"路邊車格","available_rate":1,"occupancy_rate":0,"price_tier":"unknown","price_tier_label":"價格未知"}},{"type":"Feature","geometry":{"type":"Point","coordinates":[121.435314,25.193985]},"properties":{"supply_id":"new_taipei-onstreet-24997","city":"new_taipei","district":"淡水區","display_name":"崁頂二路 車格 24997","address":"崁頂二路","facility_kind":"onstreet","symbol_text":null,"type_reference":"路邊停車格","type_confidence":0.6,"price_raw":null,"price_value":null,"capacity_total":1,"available_total":0,"occupied_total":1,"status_label":"已停","data_time":"2026-05-02 15:53:29+08:00","city_label":"新北市","facility_kind_label":"路邊車格","available_rate":0,"occupancy_rate":1,"price_tier":"unknown","price_tier_label":"價格未知"}},{"type":"Feature","geometry":{"type":"Point","coordinates":[121.445448,25.18606]},"properties":{"supply_id":"new_taipei-onstreet-140074","city":"new_taipei","district":"淡水區","display_name":"新市一路三段101巷 車格 140074","address":"新市一路三段101巷","facility_kind":"onstreet","symbol_text":null,"type_reference":"路邊停車格","type_confidence":0.6,"price_raw":null,"price_value":null,"capacity_total":1,"available_total":null,"occupied_total":null,"status_label":"不可用","data_time":"2026-05-02 15:53:29+08:00","city_label":"新北市","facility_kind_label":"路邊車格","available_rate":null,"occupancy_rate":null,"price_tier":"unknown","price_tier_label":"價格未知"}},{"type":"Feature","geometry":{"type":"Point","coordinates":[121.424304,25.193766]},"properties":{"supply_id":"new_taipei-onstreet-149495","city":"new_taipei","district":"淡水區","display_name":"港坪公園周邊道路 車格 149495","address":"港坪公園周邊道路","facility_kind":"onstreet","symbol_text":null,"type_reference":"路邊停車格","type_confidence":0.6,"price_raw":null,"price_value":null,"capacity_total":1,"available_total":null,"occupied_total":null,"status_label":"狀態未知","data_time":"2026-05-02 15:53:29+08:00","city_label":"新北市","facility_kind_label":"路邊車格","available_rate":null,"occupancy_rate":null,"price_tier":"unknown","price_tier_label":"價格未知"}},{"type":"Feature","geometry":{"type":"Point","coordinates":[121.438377,25.187844]},"properties":{"supply_id":"new_taipei-onstreet-102836","city":"new_taipei","district":"淡水區","display_name":"濱海路一段111巷 車格 102836","address":"濱海路一段111巷","facility_kind":"onstreet","symbol_text":null,"type_reference":"路邊停車格","type_confidence":0.6,"price_raw":null,"price_value":null,"capacity_total":1,"available_total":1,"occupied_total":0,"status_label":"空位","data_time":"2026-05-02 15:53:29+08:00","city_label":"新北市","facility_kind_label":"路邊車格","available_rate":1,"occupancy_rate":0,"price_tier":"unknown","price_tier_label":"價格未知"}},{"type":"Feature","geometry":{"type":"Point","coordinates":[121.444267,25.185715]},"properties":{"supply_id":"new_taipei-onstreet-142361","city":"new_taipei","district":"淡水區","display_name":"中山北路二段 車格 142361","address":"中山北路二段","facility_kind":"onstreet","symbol_text":null,"type_reference":"路邊停車格","type_confidence":0.6,"price_raw":null,"price_value":null,"capacity_total":1,"available_total":0,"occupied_total":1,"status_label":"已停","data_time":"2026-05-02 15:53:29+08:00","city_label":"新北市","facility_kind_label":"路邊車格","available_rate":0,"occupancy_rate":1,"price_tier":"unknown","price_tier_label":"價格未知"}},{"type":"Feature","geometry":{"type":"Point","coordinates":[121.436203,25.192292]},"properties":{"supply_id":"new_taipei-onstreet-141912","city":"new_taipei","district":"淡水區","display_name":"新市二路三段172巷 車格 141912","address":"新市二路三段172巷","facility_kind":"onstreet","symbol_text":null,"type_reference":"路邊停車格","type_confidence":0.6,"price_raw":null,"price_value":null,"capacity_total":1,"available_total":0,"occupied_total":1,"status_label":"已停","data_time":"2026-05-02 15:53:29+08:00","city_label":"新北市","facility_kind_label":"路邊車格","available_rate":0,"occupancy_rate":1,"price_tier":"unknown","price_tier_label":"價格未知"}},{"type":"Feature","geometry":{"type":"Point","coordinates":[121.427133,25.186951]},"properties":{"supply_id":"new_taipei-onstreet-148040","city":"new_taipei","district":"淡水區","display_name":"沙崙路 車格 148040","address":"沙崙路","facility_kind":"onstreet","symbol_text":null,"type_reference":"路邊停車格","type_confidence":0.6,"price_raw":null,"price_value":null,"capacity_total":1,"available_total":0,"occupied_total":1,"status_label":"已停","data_time":"2026-05-02 15:53:29+08:00","city_label":"新北市","facility_kind_label":"路邊車格","available_rate":0,"occupancy_rate":1,"price_tier":"unknown","price_tier_label":"價格未知"}},{"type":"Feature","geometry":{"type":"Point","coordinates":[121.428532,25.195309]},"properties":{"supply_id":"new_taipei-onstreet-149716","city":"new_taipei","district":"淡水區","display_name":"新市二路二段 車格 149716","address":"新市二路二段","facility_kind":"onstreet","symbol_text":null,"type_reference":"路邊停車格","type_confidence":0.6,"price_raw":null,"price_value":null,"capacity_total":1,"available_total":null,"occupied_total":null,"status_label":"不可用","data_time":"2026-05-02 15:53:29+08:00","city_label":"新北市","facility_kind_label":"路邊車格","available_rate":null,"occupancy_rate":null,"price_tier":"unknown","price_tier_label":"價格未知"}},{"type":"Feature","geometry":{"type":"Point","coordinates":[121.425271,25.18252]},"properties":{"supply_id":"new_taipei-onstreet-150876","city":"new_taipei","district":"淡水區","display_name":"淡海路72巷 車格 150876","address":"淡海路72巷","facility_kind":"onstreet","symbol_text":null,"type_reference":"路邊停車格","type_confidence":0.6,"price_raw":null,"price_value":null,"capacity_total":1,"available_total":1,"occupied_total":0,"status_label":"空位","data_time":"2026-05-02 15:53:29+08:00","city_label":"新北市","facility_kind_label":"路邊車格","available_rate":1,"occupancy_rate":0,"price_tier":"unknown","price_tier_label":"價格未知"}},{"type":"Feature","geometry":{"type":"Point","coordinates":[121.424863,25.18421]},"properties":{"supply_id":"new_taipei-onstreet-150887","city":"new_taipei","district":"淡水區","display_name":"沙崙路 車格 150887","address":"沙崙路","facility_kind":"onstreet","symbol_text":null,"type_reference":"路邊停車格","type_confidence":0.6,"price_raw":null,"price_value":null,"capacity_total":1,"available_total":0,"occupied_total":1,"status_label":"已停","data_time":"2026-05-02 15:53:29+08:00","city_label":"新北市","facility_kind_label":"路邊車格","available_rate":0,"occupancy_rate":1,"price_tier":"unknown","price_tier_label":"價格未知"}},{"type":"Feature","geometry":{"type":"Point","coordinates":[121.459333,25.157749]},"properties":{"supply_id":"new_taipei-onstreet-84487","city":"new_taipei","district":"淡水區","display_name":"中正東路二段25巷 車格 84487","address":"中正東路二段25巷","facility_kind":"onstreet","symbol_text":null,"type_reference":"路邊停車格","type_confidence":0.6,"price_raw":null,"price_value":null,"capacity_total":1,"available_total":1,"occupied_total":0,"status_label":"空位","data_time":"2026-05-02 15:53:29+08:00","city_label":"新北市","facility_kind_label":"路邊車格","available_rate":1,"occupancy_rate":0,"price_tier":"unknown","price_tier_label":"價格未知"}},{"type":"Feature","geometry":{"type":"Point","coordinates":[121.456046,25.177244]},"properties":{"supply_id":"new_taipei-onstreet-153802","city":"new_taipei","district":"淡水區","display_name":"淡金路一段 車格 153802","address":"淡金路一段","facility_kind":"onstreet","symbol_text":null,"type_reference":"路邊停車格","type_confidence":0.6,"price_raw":null,"price_value":null,"capacity_total":1,"available_total":1,"occupied_total":0,"status_label":"空位","data_time":"2026-05-02 15:53:29+08:00","city_label":"新北市","facility_kind_label":"路邊車格","available_rate":1,"occupancy_rate":0,"price_tier":"unknown","price_tier_label":"價格未知"}},{"type":"Feature","geometry":{"type":"Point","coordinates":[121.435332,25.194083]},"properties":{"supply_id":"new_taipei-onstreet-24999","city":"new_taipei","district":"淡水區","display_name":"崁頂二路 車格 24999","address":"崁頂二路","facility_kind":"onstreet","symbol_text":null,"type_reference":"路邊停車格","type_confidence":0.6,"price_raw":null,"price_value":null,"capacity_total":1,"available_total":1,"occupied_total":0,"status_label":"空位","data_time":"2026-05-02 15:53:29+08:00","city_label":"新北市","facility_kind_label":"路邊車格","available_rate":1,"occupancy_rate":0,"price_tier":"unknown","price_tier_label":"價格未知"}},{"type":"Feature","geometry":{"type":"Point","coordinates":[121.422933,25.184376]},"properties":{"supply_id":"new_taipei-onstreet-102594","city":"new_taipei","district":"淡水區","display_name":"沙崙路131巷13弄 車格 102594","address":"沙崙路131巷13弄","facility_kind":"onstreet","symbol_text":null,"type_reference":"路邊停車格","type_confidence":0.6,"price_raw":null,"price_value":null,"capacity_total":1,"available_total":1,"occupied_total":0,"status_label":"空位","data_time":"2026-05-02 15:53:29+08:00","city_label":"新北市","facility_kind_label":"路邊車格","available_rate":1,"occupancy_rate":0,"price_tier":"unknown","price_tier_label":"價格未知"}},{"type":"Feature","geometry":{"type":"Point","coordinates":[121.422953,25.18493]},"properties":{"supply_id":"new_taipei-onstreet-126817","city":"new_taipei","district":"淡水區","display_name":"淡海路184巷 車格 126817","address":"淡海路184巷","facility_kind":"onstreet","symbol_text":null,"type_reference":"路邊停車格","type_confidence":0.6,"price_raw":null,"price_value":null,"capacity_total":1,"available_total":1,"occupied_total":0,"status_label":"空位","data_time":"2026-05-02 15:53:29+08:00","city_label":"新北市","facility_kind_label":"路邊車格","available_rate":1,"occupancy_rate":0,"price_tier":"unknown","price_tier_label":"價格未知"}},{"type":"Feature","geometry":{"type":"Point","coordinates":[121.436427,25.191305]},"properties":{"supply_id":"new_taipei-onstreet-141905","city":"new_taipei","district":"淡水區","display_name":"義山路一段401巷 車格 141905","address":"義山路一段401巷","facility_kind":"onstreet","symbol_text":null,"type_reference":"路邊停車格","type_confidence":0.6,"price_raw":null,"price_value":null,"capacity_total":1,"available_total":1,"occupied_total":0,"status_label":"空位","data_time":"2026-05-02 15:53:29+08:00","city_label":"新北市","facility_kind_label":"路邊車格","available_rate":1,"occupancy_rate":0,"price_tier":"unknown","price_tier_label":"價格未知"}},{"type":"Feature","geometry":{"type":"Point","coordinates":[121.424055,25.193861]},"properties":{"supply_id":"new_taipei-onstreet-149500","city":"new_taipei","district":"淡水區","display_name":"港坪公園周邊道路 車格 149500","address":"港坪公園周邊道路","facility_kind":"onstreet","symbol_text":null,"type_reference":"路邊停車格","type_confidence":0.6,"price_raw":null,"price_value":null,"capacity_total":1,"available_total":null,"occupied_total":null,"status_label":"狀態未知","data_time":"2026-05-02 15:53:29+08:00","city_label":"新北市","facility_kind_label":"路邊車格","available_rate":null,"occupancy_rate":null,"price_tier":"unknown","price_tier_label":"價格未知"}},{"type":"Feature","geometry":{"type":"Point","coordinates":[121.448489,25.170029]},"properties":{"supply_id":"new_taipei-onstreet-89577","city":"new_taipei","district":"淡水區","display_name":"學府路 車格 89577","address":"學府路","facility_kind":"onstreet","symbol_text":null,"type_reference":"路邊停車格","type_confidence":0.6,"price_raw":null,"price_value":null,"capacity_total":1,"available_total":0,"occupied_total":1,"status_label":"已停","data_time":"2026-05-02 15:53:29+08:00","city_label":"新北市","facility_kind_label":"路邊車格","available_rate":0,"occupancy_rate":1,"price_tier":"unknown","price_tier_label":"價格未知"}},{"type":"Feature","geometry":{"type":"Point","coordinates":[121.435475,25.187975]},"properties":{"supply_id":"new_taipei-onstreet-123463","city":"new_taipei","district":"淡水區","display_name":"義山路一段163巷 車格 123463","address":"義山路一段163巷","facility_kind":"onstreet","symbol_text":null,"type_reference":"路邊停車格","type_confidence":0.6,"price_raw":null,"price_value":null,"capacity_total":1,"available_total":1,"occupied_total":0,"status_label":"空位","data_time":"2026-05-02 15:53:29+08:00","city_label":"新北市","facility_kind_label":"路邊車格","available_rate":1,"occupancy_rate":0,"price_tier":"unknown","price_tier_label":"價格未知"}},{"type":"Feature","geometry":{"type":"Point","coordinates":[121.422901,25.184946]},"properties":{"supply_id":"new_taipei-onstreet-126819","city":"new_taipei","district":"淡水區","display_name":"淡海路184巷 車格 126819","address":"淡海路184巷","facility_kind":"onstreet","symbol_text":null,"type_reference":"路邊停車格","type_confidence":0.6,"price_raw":null,"price_value":null,"capacity_total":1,"available_total":1,"occupied_total":0,"status_label":"空位","data_time":"2026-05-02 15:53:29+08:00","city_label":"新北市","facility_kind_label":"路邊車格","available_rate":1,"occupancy_rate":0,"price_tier":"unknown","price_tier_label":"價格未知"}},{"type":"Feature","geometry":{"type":"Point","coordinates":[121.444265,25.185765]},"properties":{"supply_id":"new_taipei-onstreet-142362","city":"new_taipei","district":"淡水區","display_name":"中山北路二段 車格 142362","address":"中山北路二段","facility_kind":"onstreet","symbol_text":null,"type_reference":"路邊停車格","type_confidence":0.6,"price_raw":null,"price_value":null,"capacity_total":1,"available_total":0,"occupied_total":1,"status_label":"已停","data_time":"2026-05-02 15:53:29+08:00","city_label":"新北市","facility_kind_label":"路邊車格","available_rate":0,"occupancy_rate":1,"price_tier":"unknown","price_tier_label":"價格未知"}},{"type":"Feature","geometry":{"type":"Point","coordinates":[121.422244,25.180801]},"properties":{"supply_id":"new_taipei-onstreet-152757","city":"new_taipei","district":"淡水區","display_name":"淡海路63巷 車格 152757","address":"淡海路63巷","facility_kind":"onstreet","symbol_text":null,"type_reference":"路邊停車格","type_confidence":0.6,"price_raw":null,"price_value":null,"capacity_total":1,"available_total":1,"occupied_total":0,"status_label":"空位","data_time":"2026-05-02 15:53:29+08:00","city_label":"新北市","facility_kind_label":"路邊車格","available_rate":1,"occupancy_rate":0,"price_tier":"unknown","price_tier_label":"價格未知"}},{"type":"Feature","geometry":{"type":"Point","coordinates":[121.424255,25.177521]},"properties":{"supply_id":"new_taipei-onstreet-155600","city":"new_taipei","district":"淡水區","display_name":"中正路一段 車格 155600","address":"中正路一段","facility_kind":"onstreet","symbol_text":null,"type_reference":"路邊停車格","type_confidence":0.6,"price_raw":null,"price_value":null,"capacity_total":1,"available_total":1,"occupied_total":0,"status_label":"空位","data_time":"2026-05-02 15:53:29+08:00","city_label":"新北市","facility_kind_label":"路邊車格","available_rate":1,"occupancy_rate":0,"price_tier":"unknown","price_tier_label":"價格未知"}},{"type":"Feature","geometry":{"type":"Point","coordinates":[121.456336,25.176911]},"properties":{"supply_id":"new_taipei-onstreet-15501","city":"new_taipei","district":"淡水區","display_name":"淡金路一段 車格 15501","address":"淡金路一段","facility_kind":"onstreet","symbol_text":null,"type_reference":"路邊停車格","type_confidence":0.6,"price_raw":null,"price_value":null,"capacity_total":1,"available_total":1,"occupied_total":0,"status_label":"空位","data_time":"2026-05-02 15:53:29+08:00","city_label":"新北市","facility_kind_label":"路邊車格","available_rate":1,"occupancy_rate":0,"price_tier":"unknown","price_tier_label":"價格未知"}},{"type":"Feature","geometry":{"type":"Point","coordinates":[121.435323,25.194034]},"properties":{"supply_id":"new_taipei-onstreet-24996","city":"new_taipei","district":"淡水區","display_name":"崁頂二路 車格 24996","address":"崁頂二路","facility_kind":"onstreet","symbol_text":null,"type_reference":"路邊停車格","type_confidence":0.6,"price_raw":null,"price_value":null,"capacity_total":1,"available_total":1,"occupied_total":0,"status_label":"空位","data_time":"2026-05-02 15:53:29+08:00","city_label":"新北市","facility_kind_label":"路邊車格","available_rate":1,"occupancy_rate":0,"price_tier":"unknown","price_tier_label":"價格未知"}},{"type":"Feature","geometry":{"type":"Point","coordinates":[121.423604,25.185405]},"properties":{"supply_id":"new_taipei-onstreet-126848","city":"new_taipei","district":"淡水區","display_name":"沙崙路181巷 車格 126848","address":"沙崙路181巷","facility_kind":"onstreet","symbol_text":null,"type_reference":"路邊停車格","type_confidence":0.6,"price_raw":null,"price_value":null,"capacity_total":1,"available_total":1,"occupied_total":0,"status_label":"空位","data_time":"2026-05-02 15:53:29+08:00","city_label":"新北市","facility_kind_label":"路邊車格","available_rate":1,"occupancy_rate":0,"price_tier":"unknown","price_tier_label":"價格未知"}},{"type":"Feature","geometry":{"type":"Point","coordinates":[121.445697,25.190629]},"properties":{"supply_id":"new_taipei-onstreet-114329","city":"new_taipei","district":"淡水區","display_name":"新市二路四段230巷 車格 114329","address":"新市二路四段230巷","facility_kind":"onstreet","symbol_text":null,"type_reference":"路邊停車格","type_confidence":0.6,"price_raw":null,"price_value":null,"capacity_total":1,"available_total":0,"occupied_total":1,"status_label":"已停","data_time":"2026-05-02 15:53:29+08:00","city_label":"新北市","facility_kind_label":"路邊車格","available_rate":0,"occupancy_rate":1,"price_tier":"unknown","price_tier_label":"價格未知"}},{"type":"Feature","geometry":{"type":"Point","coordinates":[121.42614,25.195425]},"properties":{"supply_id":"new_taipei-onstreet-126574","city":"new_taipei","district":"淡水區","display_name":"後州路一段 車格 126574","address":"後州路一段","facility_kind":"onstreet","symbol_text":null,"type_reference":"路邊停車格","type_confidence":0.6,"price_raw":null,"price_value":null,"capacity_total":1,"available_total":1,"occupied_total":0,"status_label":"空位","data_time":"2026-05-02 15:53:29+08:00","city_label":"新北市","facility_kind_label":"路邊車格","available_rate":1,"occupancy_rate":0,"price_tier":"unknown","price_tier_label":"價格未知"}},{"type":"Feature","geometry":{"type":"Point","coordinates":[121.434822,25.191726]},"properties":{"supply_id":"new_taipei-onstreet-143270","city":"new_taipei","district":"淡水區","display_name":"濱海路二段202巷 車格 143270","address":"濱海路二段202巷","facility_kind":"onstreet","symbol_text":null,"type_reference":"路邊停車格","type_confidence":0.6,"price_raw":null,"price_value":null,"capacity_total":1,"available_total":0,"occupied_total":1,"status_label":"已停","data_time":"2026-05-02 15:53:29+08:00","city_label":"新北市","facility_kind_label":"路邊車格","available_rate":0,"occupancy_rate":1,"price_tier":"unknown","price_tier_label":"價格未知"}},{"type":"Feature","geometry":{"type":"Point","coordinates":[121.424106,25.193843]},"properties":{"supply_id":"new_taipei-onstreet-149499","city":"new_taipei","district":"淡水區","display_name":"港坪公園周邊道路 車格 149499","address":"港坪公園周邊道路","facility_kind":"onstreet","symbol_text":null,"type_reference":"路邊停車格","type_confidence":0.6,"price_raw":null,"price_value":null,"capacity_total":1,"available_total":null,"occupied_total":null,"status_label":"狀態未知","data_time":"2026-05-02 15:53:29+08:00","city_label":"新北市","facility_kind_label":"路邊車格","available_rate":null,"occupancy_rate":null,"price_tier":"unknown","price_tier_label":"價格未知"}},{"type":"Feature","geometry":{"type":"Point","coordinates":[121.43031,25.203011]},"properties":{"supply_id":"new_taipei-onstreet-149370","city":"new_taipei","district":"淡水區","display_name":"新市六路一段 車格 149370","address":"新市六路一段","facility_kind":"onstreet","symbol_text":null,"type_reference":"路邊停車格","type_confidence":0.6,"price_raw":null,"price_value":null,"capacity_total":1,"available_total":1,"occupied_total":0,"status_label":"空位","data_time":"2026-05-02 15:53:29+08:00","city_label":"新北市","facility_kind_label":"路邊車格","available_rate":1,"occupancy_rate":0,"price_tier":"unknown","price_tier_label":"價格未知"}},{"type":"Feature","geometry":{"type":"Point","coordinates":[121.424404,25.177423]},"properties":{"supply_id":"new_taipei-onstreet-155598","city":"new_taipei","district":"淡水區","display_name":"中正路一段 車格 155598","address":"中正路一段","facility_kind":"onstreet","symbol_text":null,"type_reference":"路邊停車格","type_confidence":0.6,"price_raw":null,"price_value":null,"capacity_total":1,"available_total":1,"occupied_total":0,"status_label":"空位","data_time":"2026-05-02 15:53:29+08:00","city_label":"新北市","facility_kind_label":"路邊車格","available_rate":1,"occupancy_rate":0,"price_tier":"unknown","price_tier_label":"價格未知"}},{"type":"Feature","geometry":{"type":"Point","coordinates":[121.450594,25.165446]},"properties":{"supply_id":"new_taipei-onstreet-92882","city":"new_taipei","district":"淡水區","display_name":"竿蓁大型停車場 車格 92882","address":"竿蓁大型停車場","facility_kind":"onstreet","symbol_text":null,"type_reference":"路邊停車格","type_confidence":0.6,"price_raw":null,"price_value":null,"capacity_total":1,"available_total":null,"occupied_total":null,"status_label":"不可用","data_time":"2026-05-02 15:53:29+08:00","city_label":"新北市","facility_kind_label":"路邊車格","available_rate":null,"occupancy_rate":null,"price_tier":"unknown","price_tier_label":"價格未知"}},{"type":"Feature","geometry":{"type":"Point","coordinates":[121.442861,25.19174]},"properties":{"supply_id":"new_taipei-onstreet-141914","city":"new_taipei","district":"淡水區","display_name":"濱海路一段306巷60弄 車格 141914","address":"濱海路一段306巷60弄","facility_kind":"onstreet","symbol_text":null,"type_reference":"路邊停車格","type_confidence":0.6,"price_raw":null,"price_value":null,"capacity_total":1,"available_total":1,"occupied_total":0,"status_label":"空位","data_time":"2026-05-02 15:53:29+08:00","city_label":"新北市","facility_kind_label":"路邊車格","available_rate":1,"occupancy_rate":0,"price_tier":"unknown","price_tier_label":"價格未知"}},{"type":"Feature","geometry":{"type":"Point","coordinates":[121.423523,25.198672]},"properties":{"supply_id":"new_taipei-onstreet-148586","city":"new_taipei","district":"淡水區","display_name":"崁頂五路279巷 車格 148586","address":"崁頂五路279巷","facility_kind":"onstreet","symbol_text":null,"type_reference":"路邊停車格","type_confidence":0.6,"price_raw":null,"price_value":null,"capacity_total":1,"available_total":0,"occupied_total":1,"status_label":"已停","data_time":"2026-05-02 15:53:29+08:00","city_label":"新北市","facility_kind_label":"路邊車格","available_rate":0,"occupancy_rate":1,"price_tier":"unknown","price_tier_label":"價格未知"}},{"type":"Feature","geometry":{"type":"Point","coordinates":[121.422817,25.179778]},"properties":{"supply_id":"new_taipei-onstreet-155635","city":"new_taipei","district":"淡水區","display_name":"中正路一段132巷 車格 155635","address":"中正路一段132巷","facility_kind":"onstreet","symbol_text":null,"type_reference":"路邊停車格","type_confidence":0.6,"price_raw":null,"price_value":null,"capacity_total":1,"available_total":1,"occupied_total":0,"status_label":"空位","data_time":"2026-05-02 15:53:29+08:00","city_label":"新北市","facility_kind_label":"路邊車格","available_rate":1,"occupancy_rate":0,"price_tier":"unknown","price_tier_label":"價格未知"}},{"type":"Feature","geometry":{"type":"Point","coordinates":[121.437507,25.186365]},"properties":{"supply_id":"new_taipei-onstreet-115185","city":"new_taipei","district":"淡水區","display_name":"義山路一段 車格 115185","address":"義山路一段","facility_kind":"onstreet","symbol_text":null,"type_reference":"路邊停車格","type_confidence":0.6,"price_raw":null,"price_value":null,"capacity_total":1,"available_total":0,"occupied_total":1,"status_label":"已停","data_time":"2026-05-02 15:53:29+08:00","city_label":"新北市","facility_kind_label":"路邊車格","available_rate":0,"occupancy_rate":1,"price_tier":"unknown","price_tier_label":"價格未知"}},{"type":"Feature","geometry":{"type":"Point","coordinates":[121.437379,25.195613]},"properties":{"supply_id":"new_taipei-onstreet-156829","city":"new_taipei","district":"淡水區","display_name":"新市三路二段 車格 156829","address":"新市三路二段","facility_kind":"onstreet","symbol_text":null,"type_reference":"路邊停車格","type_confidence":0.6,"price_raw":null,"price_value":null,"capacity_total":1,"available_total":0,"occupied_total":1,"status_label":"已停","data_time":"2026-05-02 15:53:29+08:00","city_label":"新北市","facility_kind_label":"路邊車格","available_rate":0,"occupancy_rate":1,"price_tier":"unknown","price_tier_label":"價格未知"}},{"type":"Feature","geometry":{"type":"Point","coordinates":[121.444269,25.185666]},"properties":{"supply_id":"new_taipei-onstreet-142360","city":"new_taipei","district":"淡水區","display_name":"中山北路二段 車格 142360","address":"中山北路二段","facility_kind":"onstreet","symbol_text":null,"type_reference":"路邊停車格","type_confidence":0.6,"price_raw":null,"price_value":null,"capacity_total":1,"available_total":1,"occupied_total":0,"status_label":"空位","data_time":"2026-05-02 15:53:29+08:00","city_label":"新北市","facility_kind_label":"路邊車格","available_rate":1,"occupancy_rate":0,"price_tier":"unknown","price_tier_label":"價格未知"}},{"type":"Feature","geometry":{"type":"Point","coordinates":[121.436257,25.192286]},"properties":{"supply_id":"new_taipei-onstreet-141911","city":"new_taipei","district":"淡水區","display_name":"新市二路三段172巷 車格 141911","address":"新市二路三段172巷","facility_kind":"onstreet","symbol_text":null,"type_reference":"路邊停車格","type_confidence":0.6,"price_raw":null,"price_value":null,"capacity_total":1,"available_total":1,"occupied_total":0,"status_label":"空位","data_time":"2026-05-02 15:53:29+08:00","city_label":"新北市","facility_kind_label":"路邊車格","available_rate":1,"occupancy_rate":0,"price_tier":"unknown","price_tier_label":"價格未知"}},{"type":"Feature","geometry":{"type":"Point","coordinates":[121.425283,25.182472]},"properties":{"supply_id":"new_taipei-onstreet-150877","city":"new_taipei","district":"淡水區","display_name":"淡海路72巷 車格 150877","address":"淡海路72巷","facility_kind":"onstreet","symbol_text":null,"type_reference":"路邊停車格","type_confidence":0.6,"price_raw":null,"price_value":null,"capacity_total":1,"available_total":1,"occupied_total":0,"status_label":"空位","data_time":"2026-05-02 15:53:29+08:00","city_label":"新北市","facility_kind_label":"路邊車格","available_rate":1,"occupancy_rate":0,"price_tier":"unknown","price_tier_label":"價格未知"}},{"type":"Feature","geometry":{"type":"Point","coordinates":[121.446737,25.178424]},"properties":{"supply_id":"new_taipei-onstreet-22457","city":"new_taipei","district":"淡水區","display_name":"北新路 車格 22457","address":"北新路","facility_kind":"onstreet","symbol_text":null,"type_reference":"路邊停車格","type_confidence":0.6,"price_raw":null,"price_value":null,"capacity_total":1,"available_total":0,"occupied_total":1,"status_label":"已停","data_time":"2026-05-02 15:53:29+08:00","city_label":"新北市","facility_kind_label":"路邊車格","available_rate":0,"occupancy_rate":1,"price_tier":"unknown","price_tier_label":"價格未知"}},{"type":"Feature","geometry":{"type":"Point","coordinates":[121.435868,25.18663]},"properties":{"supply_id":"new_taipei-onstreet-102679","city":"new_taipei","district":"淡水區","display_name":"新市一路一段331巷 車格 102679","address":"新市一路一段331巷","facility_kind":"onstreet","symbol_text":null,"type_reference":"路邊停車格","type_confidence":0.6,"price_raw":null,"price_value":null,"capacity_total":1,"available_total":1,"occupied_total":0,"status_label":"空位","data_time":"2026-05-02 15:53:29+08:00","city_label":"新北市","facility_kind_label":"路邊車格","available_rate":1,"occupancy_rate":0,"price_tier":"unknown","price_tier_label":"價格未知"}},{"type":"Feature","geometry":{"type":"Point","coordinates":[121.44313,25.189921]},"properties":{"supply_id":"new_taipei-onstreet-97008","city":"new_taipei","district":"淡水區","display_name":"中山路三段31巷 車格 97008","address":"中山路三段31巷","facility_kind":"onstreet","symbol_text":null,"type_reference":"路邊停車格","type_confidence":0.6,"price_raw":null,"price_value":null,"capacity_total":1,"available_total":1,"occupied_total":0,"status_label":"空位","data_time":"2026-05-02 15:53:29+08:00","city_label":"新北市","facility_kind_label":"路邊車格","available_rate":1,"occupancy_rate":0,"price_tier":"unknown","price_tier_label":"價格未知"}},{"type":"Feature","geometry":{"type":"Point","coordinates":[121.428734,25.18581]},"properties":{"supply_id":"new_taipei-onstreet-139618","city":"new_taipei","district":"淡水區","display_name":"大庄路 車格 139618","address":"大庄路","facility_kind":"onstreet","symbol_text":null,"type_reference":"路邊停車格","type_confidence":0.6,"price_raw":null,"price_value":null,"capacity_total":1,"available_total":0,"occupied_total":1,"status_label":"已停","data_time":"2026-05-02 15:53:29+08:00","city_label":"新北市","facility_kind_label":"路邊車格","available_rate":0,"occupancy_rate":1,"price_tier":"unknown","price_tier_label":"價格未知"}},{"type":"Feature","geometry":{"type":"Point","coordinates":[121.415556,25.187956]},"properties":{"supply_id":"new_taipei-onstreet-151604","city":"new_taipei","district":"淡水區","display_name":"觀海路 車格 151604","address":"觀海路","facility_kind":"onstreet","symbol_text":null,"type_reference":"路邊停車格","type_confidence":0.6,"price_raw":null,"price_value":null,"capacity_total":1,"available_total":null,"occupied_total":null,"status_label":"不可用","data_time":"2026-05-02 15:53:29+08:00","city_label":"新北市","facility_kind_label":"路邊車格","available_rate":null,"occupancy_rate":null,"price_tier":"unknown","price_tier_label":"價格未知"}},{"type":"Feature","geometry":{"type":"Point","coordinates":[121.427181,25.186758]},"properties":{"supply_id":"new_taipei-onstreet-148032","city":"new_taipei","district":"淡水區","display_name":"沙崙路 車格 148032","address":"沙崙路","facility_kind":"onstreet","symbol_text":null,"type_reference":"路邊停車格","type_confidence":0.6,"price_raw":null,"price_value":null,"capacity_total":1,"available_total":1,"occupied_total":0,"status_label":"空位","data_time":"2026-05-02 15:53:29+08:00","city_label":"新北市","facility_kind_label":"路邊車格","available_rate":1,"occupancy_rate":0,"price_tier":"unknown","price_tier_label":"價格未知"}},{"type":"Feature","geometry":{"type":"Point","coordinates":[121.448953,25.170541]},"properties":{"supply_id":"new_taipei-onstreet-89447","city":"new_taipei","district":"淡水區","display_name":"學府路 車格 89447","address":"學府路","facility_kind":"onstreet","symbol_text":null,"type_reference":"路邊停車格","type_confidence":0.6,"price_raw":null,"price_value":null,"capacity_total":1,"available_total":1,"occupied_total":0,"status_label":"空位","data_time":"2026-05-02 15:53:29+08:00","city_label":"新北市","facility_kind_label":"路邊車格","available_rate":1,"occupancy_rate":0,"price_tier":"unknown","price_tier_label":"價格未知"}},{"type":"Feature","geometry":{"type":"Point","coordinates":[121.428258,25.189551]},"properties":{"supply_id":"new_taipei-onstreet-116756","city":"new_taipei","district":"淡水區","display_name":"無名 車格 116756","address":"無名","facility_kind":"onstreet","symbol_text":null,"type_reference":"路邊停車格","type_confidence":0.6,"price_raw":null,"price_value":null,"capacity_total":1,"available_total":1,"occupied_total":0,"status_label":"空位","data_time":"2026-05-02 15:53:29+08:00","city_label":"新北市","facility_kind_label":"路邊車格","available_rate":1,"occupancy_rate":0,"price_tier":"unknown","price_tier_label":"價格未知"}},{"type":"Feature","geometry":{"type":"Point","coordinates":[121.423216,25.184629]},"properties":{"supply_id":"new_taipei-onstreet-102600","city":"new_taipei","district":"淡水區","display_name":"沙崙路131巷13弄 車格 102600","address":"沙崙路131巷13弄","facility_kind":"onstreet","symbol_text":null,"type_reference":"路邊停車格","type_confidence":0.6,"price_raw":null,"price_value":null,"capacity_total":1,"available_total":1,"occupied_total":0,"status_label":"空位","data_time":"2026-05-02 15:53:29+08:00","city_label":"新北市","facility_kind_label":"路邊車格","available_rate":1,"occupancy_rate":0,"price_tier":"unknown","price_tier_label":"價格未知"}},{"type":"Feature","geometry":{"type":"Point","coordinates":[121.423005,25.184915]},"properties":{"supply_id":"new_taipei-onstreet-126818","city":"new_taipei","district":"淡水區","display_name":"淡海路184巷 車格 126818","address":"淡海路184巷","facility_kind":"onstreet","symbol_text":null,"type_reference":"路邊停車格","type_confidence":0.6,"price_raw":null,"price_value":null,"capacity_total":1,"available_total":1,"occupied_total":0,"status_label":"空位","data_time":"2026-05-02 15:53:29+08:00","city_label":"新北市","facility_kind_label":"路邊車格","available_rate":1,"occupancy_rate":0,"price_tier":"unknown","price_tier_label":"價格未知"}},{"type":"Feature","geometry":{"type":"Point","coordinates":[121.42372,25.186249]},"properties":{"supply_id":"new_taipei-onstreet-148546","city":"new_taipei","district":"淡水區","display_name":"中正路二段152巷 車格 148546","address":"中正路二段152巷","facility_kind":"onstreet","symbol_text":null,"type_reference":"路邊停車格","type_confidence":0.6,"price_raw":null,"price_value":null,"capacity_total":1,"available_total":1,"occupied_total":0,"status_label":"空位","data_time":"2026-05-02 15:53:29+08:00","city_label":"新北市","facility_kind_label":"路邊車格","available_rate":1,"occupancy_rate":0,"price_tier":"unknown","price_tier_label":"價格未知"}},{"type":"Feature","geometry":{"type":"Point","coordinates":[121.422411,25.180618]},"properties":{"supply_id":"new_taipei-onstreet-152756","city":"new_taipei","district":"淡水區","display_name":"淡海路63巷 車格 152756","address":"淡海路63巷","facility_kind":"onstreet","symbol_text":null,"type_reference":"路邊停車格","type_confidence":0.6,"price_raw":null,"price_value":null,"capacity_total":1,"available_total":1,"occupied_total":0,"status_label":"空位","data_time":"2026-05-02 15:53:29+08:00","city_label":"新北市","facility_kind_label":"路邊車格","available_rate":1,"occupancy_rate":0,"price_tier":"unknown","price_tier_label":"價格未知"}},{"type":"Feature","geometry":{"type":"Point","coordinates":[121.437529,25.186512]},"properties":{"supply_id":"new_taipei-onstreet-115222","city":"new_taipei","district":"淡水區","display_name":"義山路一段 車格 115222","address":"義山路一段","facility_kind":"onstreet","symbol_text":null,"type_reference":"路邊停車格","type_confidence":0.6,"price_raw":null,"price_value":null,"capacity_total":1,"available_total":0,"occupied_total":1,"status_label":"已停","data_time":"2026-05-02 15:53:29+08:00","city_label":"新北市","facility_kind_label":"路邊車格","available_rate":0,"occupancy_rate":1,"price_tier":"unknown","price_tier_label":"價格未知"}},{"type":"Feature","geometry":{"type":"Point","coordinates":[121.422778,25.184982]},"properties":{"supply_id":"new_taipei-onstreet-126827","city":"new_taipei","district":"淡水區","display_name":"淡海路184巷 車格 126827","address":"淡海路184巷","facility_kind":"onstreet","symbol_text":null,"type_reference":"路邊停車格","type_confidence":0.6,"price_raw":null,"price_value":null,"capacity_total":1,"available_total":1,"occupied_total":0,"status_label":"空位","data_time":"2026-05-02 15:53:29+08:00","city_label":"新北市","facility_kind_label":"路邊車格","available_rate":1,"occupancy_rate":0,"price_tier":"unknown","price_tier_label":"價格未知"}},{"type":"Feature","geometry":{"type":"Point","coordinates":[121.428282,25.192302]},"properties":{"supply_id":"new_taipei-onstreet-141826","city":"new_taipei","district":"淡水區","display_name":"濱海路三段148巷50弄 車格 141826","address":"濱海路三段148巷50弄","facility_kind":"onstreet","symbol_text":null,"type_reference":"路邊停車格","type_confidence":0.6,"price_raw":null,"price_value":null,"capacity_total":1,"available_total":1,"occupied_total":0,"status_label":"空位","data_time":"2026-05-02 15:53:29+08:00","city_label":"新北市","facility_kind_label":"路邊車格","available_rate":1,"occupancy_rate":0,"price_tier":"unknown","price_tier_label":"價格未知"}},{"type":"Feature","geometry":{"type":"Point","coordinates":[121.459897,25.159364]},"properties":{"supply_id":"new_taipei-onstreet-89019","city":"new_taipei","district":"淡水區","display_name":"竹圍6號道路 車格 89019","address":"竹圍6號道路","facility_kind":"onstreet","symbol_text":null,"type_reference":"路邊停車格","type_confidence":0.6,"price_raw":null,"price_value":null,"capacity_total":1,"available_total":1,"occupied_total":0,"status_label":"空位","data_time":"2026-05-02 15:53:29+08:00","city_label":"新北市","facility_kind_label":"路邊車格","available_rate":1,"occupancy_rate":0,"price_tier":"unknown","price_tier_label":"價格未知"}},{"type":"Feature","geometry":{"type":"Point","coordinates":[121.436371,25.188024]},"properties":{"supply_id":"new_taipei-onstreet-102361","city":"new_taipei","district":"淡水區","display_name":"義山路一段163巷 車格 102361","address":"義山路一段163巷","facility_kind":"onstreet","symbol_text":null,"type_reference":"路邊停車格","type_confidence":0.6,"price_raw":null,"price_value":null,"capacity_total":1,"available_total":1,"occupied_total":0,"status_label":"空位","data_time":"2026-05-02 15:53:29+08:00","city_label":"新北市","facility_kind_label":"路邊車格","available_rate":1,"occupancy_rate":0,"price_tier":"unknown","price_tier_label":"價格未知"}},{"type":"Feature","geometry":{"type":"Point","coordinates":[121.438323,25.187851]},"properties":{"supply_id":"new_taipei-onstreet-102835","city":"new_taipei","district":"淡水區","display_name":"濱海路一段111巷 車格 102835","address":"濱海路一段111巷","facility_kind":"onstreet","symbol_text":null,"type_reference":"路邊停車格","type_confidence":0.6,"price_raw":null,"price_value":null,"capacity_total":1,"available_total":1,"occupied_total":0,"status_label":"空位","data_time":"2026-05-02 15:53:29+08:00","city_label":"新北市","facility_kind_label":"路邊車格","available_rate":1,"occupancy_rate":0,"price_tier":"unknown","price_tier_label":"價格未知"}},{"type":"Feature","geometry":{"type":"Point","coordinates":[121.428587,25.195289]},"properties":{"supply_id":"new_taipei-onstreet-149717","city":"new_taipei","district":"淡水區","display_name":"新市二路二段 車格 149717","address":"新市二路二段","facility_kind":"onstreet","symbol_text":null,"type_reference":"路邊停車格","type_confidence":0.6,"price_raw":null,"price_value":null,"capacity_total":1,"available_total":null,"occupied_total":null,"status_label":"不可用","data_time":"2026-05-02 15:53:29+08:00","city_label":"新北市","facility_kind_label":"路邊車格","available_rate":null,"occupancy_rate":null,"price_tier":"unknown","price_tier_label":"價格未知"}},{"type":"Feature","geometry":{"type":"Point","coordinates":[121.45203,25.165808]},"properties":{"supply_id":"new_taipei-onstreet-46636","city":"new_taipei","district":"淡水區","display_name":"中正東路一段3巷 車格 46636","address":"中正東路一段3巷","facility_kind":"onstreet","symbol_text":null,"type_reference":"路邊停車格","type_confidence":0.6,"price_raw":null,"price_value":null,"capacity_total":1,"available_total":1,"occupied_total":0,"status_label":"空位","data_time":"2026-05-02 15:53:29+08:00","city_label":"新北市","facility_kind_label":"路邊車格","available_rate":1,"occupancy_rate":0,"price_tier":"unknown","price_tier_label":"價格未知"}},{"type":"Feature","geometry":{"type":"Point","coordinates":[121.450576,25.165424]},"properties":{"supply_id":"new_taipei-onstreet-92885","city":"new_taipei","district":"淡水區","display_name":"竿蓁大型停車場 車格 92885","address":"竿蓁大型停車場","facility_kind":"onstreet","symbol_text":null,"type_reference":"路邊停車格","type_confidence":0.6,"price_raw":null,"price_value":null,"capacity_total":1,"available_total":null,"occupied_total":null,"status_label":"不可用","data_time":"2026-05-02 15:53:29+08:00","city_label":"新北市","facility_kind_label":"路邊車格","available_rate":null,"occupancy_rate":null,"price_tier":"unknown","price_tier_label":"價格未知"}},{"type":"Feature","geometry":{"type":"Point","coordinates":[121.429959,25.175509]},"properties":{"supply_id":"new_taipei-onstreet-40624","city":"new_taipei","district":"淡水區","display_name":"中正路382號前迴轉道 車格 40624","address":"中正路382號前迴轉道","facility_kind":"onstreet","symbol_text":null,"type_reference":"路邊停車格","type_confidence":0.6,"price_raw":null,"price_value":null,"capacity_total":1,"available_total":1,"occupied_total":0,"status_label":"空位","data_time":"2026-05-02 15:53:29+08:00","city_label":"新北市","facility_kind_label":"路邊車格","available_rate":1,"occupancy_rate":0,"price_tier":"unknown","price_tier_label":"價格未知"}},{"type":"Feature","geometry":{"type":"Point","coordinates":[121.428835,25.185621]},"properties":{"supply_id":"new_taipei-onstreet-139620","city":"new_taipei","district":"淡水區","display_name":"大庄路 車格 139620","address":"大庄路","facility_kind":"onstreet","symbol_text":null,"type_reference":"路邊停車格","type_confidence":0.6,"price_raw":null,"price_value":null,"capacity_total":1,"available_total":0,"occupied_total":1,"status_label":"已停","data_time":"2026-05-02 15:53:29+08:00","city_label":"新北市","facility_kind_label":"路邊車格","available_rate":0,"occupancy_rate":1,"price_tier":"unknown","price_tier_label":"價格未知"}},{"type":"Feature","geometry":{"type":"Point","coordinates":[121.427153,25.192632]},"properties":{"supply_id":"new_taipei-onstreet-141845","city":"new_taipei","district":"淡水區","display_name":"濱海路三段148巷50弄 車格 141845","address":"濱海路三段148巷50弄","facility_kind":"onstreet","symbol_text":null,"type_reference":"路邊停車格","type_confidence":0.6,"price_raw":null,"price_value":null,"capacity_total":1,"available_total":1,"occupied_total":0,"status_label":"空位","data_time":"2026-05-02 15:53:29+08:00","city_label":"新北市","facility_kind_label":"路邊車格","available_rate":1,"occupancy_rate":0,"price_tier":"unknown","price_tier_label":"價格未知"}},{"type":"Feature","geometry":{"type":"Point","coordinates":[121.421752,25.180838]},"properties":{"supply_id":"new_taipei-onstreet-148053","city":"new_taipei","district":"淡水區","display_name":"中正路一段156巷 車格 148053","address":"中正路一段156巷","facility_kind":"onstreet","symbol_text":null,"type_reference":"路邊停車格","type_confidence":0.6,"price_raw":null,"price_value":null,"capacity_total":1,"available_total":0,"occupied_total":1,"status_label":"已停","data_time":"2026-05-02 15:53:29+08:00","city_label":"新北市","facility_kind_label":"路邊車格","available_rate":0,"occupancy_rate":1,"price_tier":"unknown","price_tier_label":"價格未知"}},{"type":"Feature","geometry":{"type":"Point","coordinates":[121.420344,25.184609]},"properties":{"supply_id":"new_taipei-onstreet-148102","city":"new_taipei","district":"淡水區","display_name":"淡海路 車格 148102","address":"淡海路","facility_kind":"onstreet","symbol_text":null,"type_reference":"路邊停車格","type_confidence":0.6,"price_raw":null,"price_value":null,"capacity_total":1,"available_total":1,"occupied_total":0,"status_label":"空位","data_time":"2026-05-02 15:53:29+08:00","city_label":"新北市","facility_kind_label":"路邊車格","available_rate":1,"occupancy_rate":0,"price_tier":"unknown","price_tier_label":"價格未知"}},{"type":"Feature","geometry":{"type":"Point","coordinates":[121.423501,25.198626]},"properties":{"supply_id":"new_taipei-onstreet-148587","city":"new_taipei","district":"淡水區","display_name":"崁頂五路279巷 車格 148587","address":"崁頂五路279巷","facility_kind":"onstreet","symbol_text":null,"type_reference":"路邊停車格","type_confidence":0.6,"price_raw":null,"price_value":null,"capacity_total":1,"available_total":0,"occupied_total":1,"status_label":"已停","data_time":"2026-05-02 15:53:29+08:00","city_label":"新北市","facility_kind_label":"路邊車格","available_rate":0,"occupancy_rate":1,"price_tier":"unknown","price_tier_label":"價格未知"}},{"type":"Feature","geometry":{"type":"Point","coordinates":[121.428808,25.197843]},"properties":{"supply_id":"new_taipei-onstreet-153905","city":"new_taipei","district":"淡水區","display_name":"新市三路一段 車格 153905","address":"新市三路一段","facility_kind":"onstreet","symbol_text":null,"type_reference":"路邊停車格","type_confidence":0.6,"price_raw":null,"price_value":null,"capacity_total":1,"available_total":null,"occupied_total":null,"status_label":"不可用","data_time":"2026-05-02 15:53:29+08:00","city_label":"新北市","facility_kind_label":"路邊車格","available_rate":null,"occupancy_rate":null,"price_tier":"unknown","price_tier_label":"價格未知"}},{"type":"Feature","geometry":{"type":"Point","coordinates":[121.459827,25.159452]},"properties":{"supply_id":"new_taipei-onstreet-78693","city":"new_taipei","district":"淡水區","display_name":"竹圍6號道路 車格 78693","address":"竹圍6號道路","facility_kind":"onstreet","symbol_text":null,"type_reference":"路邊停車格","type_confidence":0.6,"price_raw":null,"price_value":null,"capacity_total":1,"available_total":0,"occupied_total":1,"status_label":"已停","data_time":"2026-05-02 15:53:29+08:00","city_label":"新北市","facility_kind_label":"路邊車格","available_rate":0,"occupancy_rate":1,"price_tier":"unknown","price_tier_label":"價格未知"}},{"type":"Feature","geometry":{"type":"Point","coordinates":[121.438431,25.187837]},"properties":{"supply_id":"new_taipei-onstreet-102838","city":"new_taipei","district":"淡水區","display_name":"濱海路一段111巷 車格 102838","address":"濱海路一段111巷","facility_kind":"onstreet","symbol_text":null,"type_reference":"路邊停車格","type_confidence":0.6,"price_raw":null,"price_value":null,"capacity_total":1,"available_total":1,"occupied_total":0,"status_label":"空位","data_time":"2026-05-02 15:53:29+08:00","city_label":"新北市","facility_kind_label":"路邊車格","available_rate":1,"occupancy_rate":0,"price_tier":"unknown","price_tier_label":"價格未知"}},{"type":"Feature","geometry":{"type":"Point","coordinates":[121.422907,25.184333]},"properties":{"supply_id":"new_taipei-onstreet-102596","city":"new_taipei","district":"淡水區","display_name":"沙崙路131巷13弄 車格 102596","address":"沙崙路131巷13弄","facility_kind":"onstreet","symbol_text":null,"type_reference":"路邊停車格","type_confidence":0.6,"price_raw":null,"price_value":null,"capacity_total":1,"available_total":1,"occupied_total":0,"status_label":"空位","data_time":"2026-05-02 15:53:29+08:00","city_label":"新北市","facility_kind_label":"路邊車格","available_rate":1,"occupancy_rate":0,"price_tier":"unknown","price_tier_label":"價格未知"}},{"type":"Feature","geometry":{"type":"Point","coordinates":[121.427982,25.188234]},"properties":{"supply_id":"new_taipei-onstreet-148043","city":"new_taipei","district":"淡水區","display_name":"新民街一段 車格 148043","address":"新民街一段","facility_kind":"onstreet","symbol_text":null,"type_reference":"路邊停車格","type_confidence":0.6,"price_raw":null,"price_value":null,"capacity_total":1,"available_total":0,"occupied_total":1,"status_label":"已停","data_time":"2026-05-02 15:53:29+08:00","city_label":"新北市","facility_kind_label":"路邊車格","available_rate":0,"occupancy_rate":1,"price_tier":"unknown","price_tier_label":"價格未知"}},{"type":"Feature","geometry":{"type":"Point","coordinates":[121.420201,25.186403]},"properties":{"supply_id":"new_taipei-onstreet-148085","city":"new_taipei","district":"淡水區","display_name":"淡海路 車格 148085","address":"淡海路","facility_kind":"onstreet","symbol_text":null,"type_reference":"路邊停車格","type_confidence":0.6,"price_raw":null,"price_value":null,"capacity_total":1,"available_total":1,"occupied_total":0,"status_label":"空位","data_time":"2026-05-02 15:53:29+08:00","city_label":"新北市","facility_kind_label":"路邊車格","available_rate":1,"occupancy_rate":0,"price_tier":"unknown","price_tier_label":"價格未知"}},{"type":"Feature","geometry":{"type":"Point","coordinates":[121.426802,25.182243]},"properties":{"supply_id":"new_taipei-onstreet-156024","city":"new_taipei","district":"淡水區","display_name":"中正路一段22巷 車格 156024","address":"中正路一段22巷","facility_kind":"onstreet","symbol_text":null,"type_reference":"路邊停車格","type_confidence":0.6,"price_raw":null,"price_value":null,"capacity_total":1,"available_total":1,"occupied_total":0,"status_label":"空位","data_time":"2026-05-02 15:53:29+08:00","city_label":"新北市","facility_kind_label":"路邊車格","available_rate":1,"occupancy_rate":0,"price_tier":"unknown","price_tier_label":"價格未知"}},{"type":"Feature","geometry":{"type":"Point","coordinates":[121.42501,25.200536]},"properties":{"supply_id":"new_taipei-onstreet-158589","city":"new_taipei","district":"淡水區","display_name":"崁頂五路 車格 158589","address":"崁頂五路","facility_kind":"onstreet","symbol_text":null,"type_reference":"路邊停車格","type_confidence":0.6,"price_raw":null,"price_value":null,"capacity_total":1,"available_total":1,"occupied_total":0,"status_label":"空位","data_time":"2026-05-02 15:53:29+08:00","city_label":"新北市","facility_kind_label":"路邊車格","available_rate":1,"occupancy_rate":0,"price_tier":"unknown","price_tier_label":"價格未知"}},{"type":"Feature","geometry":{"type":"Point","coordinates":[121.459725,25.159712]},"properties":{"supply_id":"new_taipei-onstreet-89005","city":"new_taipei","district":"淡水區","display_name":"竹圍6號道路 車格 89005","address":"竹圍6號道路","facility_kind":"onstreet","symbol_text":null,"type_reference":"路邊停車格","type_confidence":0.6,"price_raw":null,"price_value":null,"capacity_total":1,"available_total":1,"occupied_total":0,"status_label":"空位","data_time":"2026-05-02 15:53:29+08:00","city_label":"新北市","facility_kind_label":"路邊車格","available_rate":1,"occupancy_rate":0,"price_tier":"unknown","price_tier_label":"價格未知"}},{"type":"Feature","geometry":{"type":"Point","coordinates":[121.455321,25.177811]},"properties":{"supply_id":"new_taipei-onstreet-117081","city":"new_taipei","district":"淡水區","display_name":"淡金路一段 車格 117081","address":"淡金路一段","facility_kind":"onstreet","symbol_text":null,"type_reference":"路邊停車格","type_confidence":0.6,"price_raw":null,"price_value":null,"capacity_total":1,"available_total":0,"occupied_total":1,"status_label":"已停","data_time":"2026-05-02 15:53:29+08:00","city_label":"新北市","facility_kind_label":"路邊車格","available_rate":0,"occupancy_rate":1,"price_tier":"unknown","price_tier_label":"價格未知"}},{"type":"Feature","geometry":{"type":"Point","coordinates":[121.435359,25.19423]},"properties":{"supply_id":"new_taipei-onstreet-25000","city":"new_taipei","district":"淡水區","display_name":"崁頂二路 車格 25000","address":"崁頂二路","facility_kind":"onstreet","symbol_text":null,"type_reference":"路邊停車格","type_confidence":0.6,"price_raw":null,"price_value":null,"capacity_total":1,"available_total":1,"occupied_total":0,"status_label":"空位","data_time":"2026-05-02 15:53:29+08:00","city_label":"新北市","facility_kind_label":"路邊車格","available_rate":1,"occupancy_rate":0,"price_tier":"unknown","price_tier_label":"價格未知"}},{"type":"Feature","geometry":{"type":"Point","coordinates":[121.423685,25.193174]},"properties":{"supply_id":"new_taipei-onstreet-149486","city":"new_taipei","district":"淡水區","display_name":"港坪公園周邊道路 車格 149486","address":"港坪公園周邊道路","facility_kind":"onstreet","symbol_text":null,"type_reference":"路邊停車格","type_confidence":0.6,"price_raw":null,"price_value":null,"capacity_total":1,"available_total":null,"occupied_total":null,"status_label":"狀態未知","data_time":"2026-05-02 15:53:29+08:00","city_label":"新北市","facility_kind_label":"路邊車格","available_rate":null,"occupancy_rate":null,"price_tier":"unknown","price_tier_label":"價格未知"}},{"type":"Feature","geometry":{"type":"Point","coordinates":[121.446682,25.178424]},"properties":{"supply_id":"new_taipei-onstreet-22458","city":"new_taipei","district":"淡水區","display_name":"北新路 車格 22458","address":"北新路","facility_kind":"onstreet","symbol_text":null,"type_reference":"路邊停車格","type_confidence":0.6,"price_raw":null,"price_value":null,"capacity_total":1,"available_total":0,"occupied_total":1,"status_label":"已停","data_time":"2026-05-02 15:53:29+08:00","city_label":"新北市","facility_kind_label":"路邊車格","available_rate":0,"occupancy_rate":1,"price_tier":"unknown","price_tier_label":"價格未知"}},{"type":"Feature","geometry":{"type":"Point","coordinates":[121.435524,25.187976]},"properties":{"supply_id":"new_taipei-onstreet-123461","city":"new_taipei","district":"淡水區","display_name":"義山路一段163巷 車格 123461","address":"義山路一段163巷","facility_kind":"onstreet","symbol_text":null,"type_reference":"路邊停車格","type_confidence":0.6,"price_raw":null,"price_value":null,"capacity_total":1,"available_total":1,"occupied_total":0,"status_label":"空位","data_time":"2026-05-02 15:53:29+08:00","city_label":"新北市","facility_kind_label":"路邊車格","available_rate":1,"occupancy_rate":0,"price_tier":"unknown","price_tier_label":"價格未知"}},{"type":"Feature","geometry":{"type":"Point","coordinates":[121.428212,25.189578]},"properties":{"supply_id":"new_taipei-onstreet-116757","city":"new_taipei","district":"淡水區","display_name":"無名 車格 116757","address":"無名","facility_kind":"onstreet","symbol_text":null,"type_reference":"路邊停車格","type_confidence":0.6,"price_raw":null,"price_value":null,"capacity_total":1,"available_total":1,"occupied_total":0,"status_label":"空位","data_time":"2026-05-02 15:53:29+08:00","city_label":"新北市","facility_kind_label":"路邊車格","available_rate":1,"occupancy_rate":0,"price_tier":"unknown","price_tier_label":"價格未知"}},{"type":"Feature","geometry":{"type":"Point","coordinates":[121.415501,25.18795]},"properties":{"supply_id":"new_taipei-onstreet-151605","city":"new_taipei","district":"淡水區","display_name":"觀海路 車格 151605","address":"觀海路","facility_kind":"onstreet","symbol_text":null,"type_reference":"路邊停車格","type_confidence":0.6,"price_raw":null,"price_value":null,"capacity_total":1,"available_total":null,"occupied_total":null,"status_label":"不可用","data_time":"2026-05-02 15:53:29+08:00","city_label":"新北市","facility_kind_label":"路邊車格","available_rate":null,"occupancy_rate":null,"price_tier":"unknown","price_tier_label":"價格未知"}},{"type":"Feature","geometry":{"type":"Point","coordinates":[121.423722,25.186299]},"properties":{"supply_id":"new_taipei-onstreet-149910","city":"new_taipei","district":"淡水區","display_name":"中正路二段152巷 車格 149910","address":"中正路二段152巷","facility_kind":"onstreet","symbol_text":null,"type_reference":"路邊停車格","type_confidence":0.6,"price_raw":null,"price_value":null,"capacity_total":1,"available_total":1,"occupied_total":0,"status_label":"空位","data_time":"2026-05-02 15:53:29+08:00","city_label":"新北市","facility_kind_label":"路邊車格","available_rate":1,"occupancy_rate":0,"price_tier":"unknown","price_tier_label":"價格未知"}},{"type":"Feature","geometry":{"type":"Point","coordinates":[121.426829,25.182286]},"properties":{"supply_id":"new_taipei-onstreet-156023","city":"new_taipei","district":"淡水區","display_name":"中正路一段22巷 車格 156023","address":"中正路一段22巷","facility_kind":"onstreet","symbol_text":null,"type_reference":"路邊停車格","type_confidence":0.6,"price_raw":null,"price_value":null,"capacity_total":1,"available_total":0,"occupied_total":1,"status_label":"已停","data_time":"2026-05-02 15:53:29+08:00","city_label":"新北市","facility_kind_label":"路邊車格","available_rate":0,"occupancy_rate":1,"price_tier":"unknown","price_tier_label":"價格未知"}},{"type":"Feature","geometry":{"type":"Point","coordinates":[121.448991,25.170592]},"properties":{"supply_id":"new_taipei-onstreet-89392","city":"new_taipei","district":"淡水區","display_name":"學府路 車格 89392","address":"學府路","facility_kind":"onstreet","symbol_text":null,"type_reference":"路邊停車格","type_confidence":0.6,"price_raw":null,"price_value":null,"capacity_total":1,"available_total":1,"occupied_total":0,"status_label":"空位","data_time":"2026-05-02 15:53:29+08:00","city_label":"新北市","facility_kind_label":"路邊車格","available_rate":1,"occupancy_rate":0,"price_tier":"unknown","price_tier_label":"價格未知"}},{"type":"Feature","geometry":{"type":"Point","coordinates":[121.434603,25.186977]},"properties":{"supply_id":"new_taipei-onstreet-102703","city":"new_taipei","district":"淡水區","display_name":"新市一路一段281巷 車格 102703","address":"新市一路一段281巷","facility_kind":"onstreet","symbol_text":null,"type_reference":"路邊停車格","type_confidence":0.6,"price_raw":null,"price_value":null,"capacity_total":1,"available_total":1,"occupied_total":0,"status_label":"空位","data_time":"2026-05-02 15:53:29+08:00","city_label":"新北市","facility_kind_label":"路邊車格","available_rate":1,"occupancy_rate":0,"price_tier":"unknown","price_tier_label":"價格未知"}},{"type":"Feature","geometry":{"type":"Point","coordinates":[121.43807,25.197719]},"properties":{"supply_id":"new_taipei-onstreet-14771","city":"new_taipei","district":"淡水區","display_name":"新市五路三段 車格 14771","address":"新市五路三段","facility_kind":"onstreet","symbol_text":null,"type_reference":"路邊停車格","type_confidence":0.6,"price_raw":null,"price_value":null,"capacity_total":1,"available_total":0,"occupied_total":1,"status_label":"已停","data_time":"2026-05-02 15:53:29+08:00","city_label":"新北市","facility_kind_label":"路邊車格","available_rate":0,"occupancy_rate":1,"price_tier":"unknown","price_tier_label":"價格未知"}},{"type":"Feature","geometry":{"type":"Point","coordinates":[121.442869,25.191789]},"properties":{"supply_id":"new_taipei-onstreet-141915","city":"new_taipei","district":"淡水區","display_name":"濱海路一段306巷60弄 車格 141915","address":"濱海路一段306巷60弄","facility_kind":"onstreet","symbol_text":null,"type_reference":"路邊停車格","type_confidence":0.6,"price_raw":null,"price_value":null,"capacity_total":1,"available_total":1,"occupied_total":0,"status_label":"空位","data_time":"2026-05-02 15:53:29+08:00","city_label":"新北市","facility_kind_label":"路邊車格","available_rate":1,"occupancy_rate":0,"price_tier":"unknown","price_tier_label":"價格未知"}},{"type":"Feature","geometry":{"type":"Point","coordinates":[121.422603,25.179636]},"properties":{"supply_id":"new_taipei-onstreet-155633","city":"new_taipei","district":"淡水區","display_name":"中正路一段132巷 車格 155633","address":"中正路一段132巷","facility_kind":"onstreet","symbol_text":null,"type_reference":"路邊停車格","type_confidence":0.6,"price_raw":null,"price_value":null,"capacity_total":1,"available_total":0,"occupied_total":1,"status_label":"已停","data_time":"2026-05-02 15:53:29+08:00","city_label":"新北市","facility_kind_label":"路邊車格","available_rate":0,"occupancy_rate":1,"price_tier":"unknown","price_tier_label":"價格未知"}},{"type":"Feature","geometry":{"type":"Point","coordinates":[121.459387,25.157663]},"properties":{"supply_id":"new_taipei-onstreet-84485","city":"new_taipei","district":"淡水區","display_name":"中正東路二段25巷 車格 84485","address":"中正東路二段25巷","facility_kind":"onstreet","symbol_text":null,"type_reference":"路邊停車格","type_confidence":0.6,"price_raw":null,"price_value":null,"capacity_total":1,"available_total":0,"occupied_total":1,"status_label":"已停","data_time":"2026-05-02 15:53:29+08:00","city_label":"新北市","facility_kind_label":"路邊車格","available_rate":0,"occupancy_rate":1,"price_tier":"unknown","price_tier_label":"價格未知"}},{"type":"Feature","geometry":{"type":"Point","coordinates":[121.42288,25.184289]},"properties":{"supply_id":"new_taipei-onstreet-102590","city":"new_taipei","district":"淡水區","display_name":"沙崙路131巷13弄 車格 102590","address":"沙崙路131巷13弄","facility_kind":"onstreet","symbol_text":null,"type_reference":"路邊停車格","type_confidence":0.6,"price_raw":null,"price_value":null,"capacity_total":1,"available_total":0,"occupied_total":1,"status_label":"已停","data_time":"2026-05-02 15:53:29+08:00","city_label":"新北市","facility_kind_label":"路邊車格","available_rate":0,"occupancy_rate":1,"price_tier":"unknown","price_tier_label":"價格未知"}},{"type":"Feature","geometry":{"type":"Point","coordinates":[121.415393,25.18794]},"properties":{"supply_id":"new_taipei-onstreet-144072","city":"new_taipei","district":"淡水區","display_name":"觀海路 車格 144072","address":"觀海路","facility_kind":"onstreet","symbol_text":null,"type_reference":"路邊停車格","type_confidence":0.6,"price_raw":null,"price_value":null,"capacity_total":1,"available_total":null,"occupied_total":null,"status_label":"不可用","data_time":"2026-05-02 15:53:29+08:00","city_label":"新北市","facility_kind_label":"路邊車格","available_rate":null,"occupancy_rate":null,"price_tier":"unknown","price_tier_label":"價格未知"}},{"type":"Feature","geometry":{"type":"Point","coordinates":[121.422878,25.179931]},"properties":{"supply_id":"new_taipei-onstreet-155619","city":"new_taipei","district":"淡水區","display_name":"中正路一段132巷 車格 155619","address":"中正路一段132巷","facility_kind":"onstreet","symbol_text":null,"type_reference":"路邊停車格","type_confidence":0.6,"price_raw":null,"price_value":null,"capacity_total":1,"available_total":1,"occupied_total":0,"status_label":"空位","data_time":"2026-05-02 15:53:29+08:00","city_label":"新北市","facility_kind_label":"路邊車格","available_rate":1,"occupancy_rate":0,"price_tier":"unknown","price_tier_label":"價格未知"}},{"type":"Feature","geometry":{"type":"Point","coordinates":[121.435328,25.187973]},"properties":{"supply_id":"new_taipei-onstreet-123459","city":"new_taipei","district":"淡水區","display_name":"義山路一段163巷 車格 123459","address":"義山路一段163巷","facility_kind":"onstreet","symbol_text":null,"type_reference":"路邊停車格","type_confidence":0.6,"price_raw":null,"price_value":null,"capacity_total":1,"available_total":0,"occupied_total":1,"status_label":"已停","data_time":"2026-05-02 15:53:29+08:00","city_label":"新北市","facility_kind_label":"路邊車格","available_rate":0,"occupancy_rate":1,"price_tier":"unknown","price_tier_label":"價格未知"}},{"type":"Feature","geometry":{"type":"Point","coordinates":[121.428181,25.192339]},"properties":{"supply_id":"new_taipei-onstreet-141827","city":"new_taipei","district":"淡水區","display_name":"濱海路三段148巷50弄 車格 141827","address":"濱海路三段148巷50弄","facility_kind":"onstreet","symbol_text":null,"type_reference":"路邊停車格","type_confidence":0.6,"price_raw":null,"price_value":null,"capacity_total":1,"available_total":0,"occupied_total":1,"status_label":"已停","data_time":"2026-05-02 15:53:29+08:00","city_label":"新北市","facility_kind_label":"路邊車格","available_rate":0,"occupancy_rate":1,"price_tier":"unknown","price_tier_label":"價格未知"}},{"type":"Feature","geometry":{"type":"Point","coordinates":[121.423712,25.186616]},"properties":{"supply_id":"new_taipei-onstreet-148549","city":"new_taipei","district":"淡水區","display_name":"中正路二段152巷 車格 148549","address":"中正路二段152巷","facility_kind":"onstreet","symbol_text":null,"type_reference":"路邊停車格","type_confidence":0.6,"price_raw":null,"price_value":null,"capacity_total":1,"available_total":1,"occupied_total":0,"status_label":"空位","data_time":"2026-05-02 15:53:29+08:00","city_label":"新北市","facility_kind_label":"路邊車格","available_rate":1,"occupancy_rate":0,"price_tier":"unknown","price_tier_label":"價格未知"}},{"type":"Feature","geometry":{"type":"Point","coordinates":[121.450612,25.165468]},"properties":{"supply_id":"new_taipei-onstreet-92866","city":"new_taipei","district":"淡水區","display_name":"竿蓁大型停車場 車格 92866","address":"竿蓁大型停車場","facility_kind":"onstreet","symbol_text":null,"type_reference":"路邊停車格","type_confidence":0.6,"price_raw":null,"price_value":null,"capacity_total":1,"available_total":null,"occupied_total":null,"status_label":"不可用","data_time":"2026-05-02 15:53:29+08:00","city_label":"新北市","facility_kind_label":"路邊車格","available_rate":null,"occupancy_rate":null,"price_tier":"unknown","price_tier_label":"價格未知"}},{"type":"Feature","geometry":{"type":"Point","coordinates":[121.423615,25.185454]},"properties":{"supply_id":"new_taipei-onstreet-126849","city":"new_taipei","district":"淡水區","display_name":"沙崙路181巷 車格 126849","address":"沙崙路181巷","facility_kind":"onstreet","symbol_text":null,"type_reference":"路邊停車格","type_confidence":0.6,"price_raw":null,"price_value":null,"capacity_total":1,"available_total":1,"occupied_total":0,"status_label":"空位","data_time":"2026-05-02 15:53:29+08:00","city_label":"新北市","facility_kind_label":"路邊車格","available_rate":1,"occupancy_rate":0,"price_tier":"unknown","price_tier_label":"價格未知"}},{"type":"Feature","geometry":{"type":"Point","coordinates":[121.445698,25.190584]},"properties":{"supply_id":"new_taipei-onstreet-114326","city":"new_taipei","district":"淡水區","display_name":"新市二路四段230巷 車格 114326","address":"新市二路四段230巷","facility_kind":"onstreet","symbol_text":null,"type_reference":"路邊停車格","type_confidence":0.6,"price_raw":null,"price_value":null,"capacity_total":1,"available_total":1,"occupied_total":0,"status_label":"空位","data_time":"2026-05-02 15:53:29+08:00","city_label":"新北市","facility_kind_label":"路邊車格","available_rate":1,"occupancy_rate":0,"price_tier":"unknown","price_tier_label":"價格未知"}},{"type":"Feature","geometry":{"type":"Point","coordinates":[121.419753,25.188522]},"properties":{"supply_id":"new_taipei-onstreet-148076","city":"new_taipei","district":"淡水區","display_name":"淡海路 車格 148076","address":"淡海路","facility_kind":"onstreet","symbol_text":null,"type_reference":"路邊停車格","type_confidence":0.6,"price_raw":null,"price_value":null,"capacity_total":1,"available_total":1,"occupied_total":0,"status_label":"空位","data_time":"2026-05-02 15:53:29+08:00","city_label":"新北市","facility_kind_label":"路邊車格","available_rate":1,"occupancy_rate":0,"price_tier":"unknown","price_tier_label":"價格未知"}},{"type":"Feature","geometry":{"type":"Point","coordinates":[121.422376,25.180656]},"properties":{"supply_id":"new_taipei-onstreet-152755","city":"new_taipei","district":"淡水區","display_name":"淡海路63巷 車格 152755","address":"淡海路63巷","facility_kind":"onstreet","symbol_text":null,"type_reference":"路邊停車格","type_confidence":0.6,"price_raw":null,"price_value":null,"capacity_total":1,"available_total":0,"occupied_total":1,"status_label":"已停","data_time":"2026-05-02 15:53:29+08:00","city_label":"新北市","facility_kind_label":"路邊車格","available_rate":0,"occupancy_rate":1,"price_tier":"unknown","price_tier_label":"價格未知"}},{"type":"Feature","geometry":{"type":"Point","coordinates":[121.452062,25.165762]},"properties":{"supply_id":"new_taipei-onstreet-46637","city":"new_taipei","district":"淡水區","display_name":"中正東路一段3巷 車格 46637","address":"中正東路一段3巷","facility_kind":"onstreet","symbol_text":null,"type_reference":"路邊停車格","type_confidence":0.6,"price_raw":null,"price_value":null,"capacity_total":1,"available_total":1,"occupied_total":0,"status_label":"空位","data_time":"2026-05-02 15:53:29+08:00","city_label":"新北市","facility_kind_label":"路邊車格","available_rate":1,"occupancy_rate":0,"price_tier":"unknown","price_tier_label":"價格未知"}},{"type":"Feature","geometry":{"type":"Point","coordinates":[121.426796,25.196194]},"properties":{"supply_id":"new_taipei-onstreet-141564","city":"new_taipei","district":"淡水區","display_name":"後州路一段 車格 141564","address":"後州路一段","facility_kind":"onstreet","symbol_text":null,"type_reference":"路邊停車格","type_confidence":0.6,"price_raw":null,"price_value":null,"capacity_total":1,"available_total":1,"occupied_total":0,"status_label":"空位","data_time":"2026-05-02 15:53:29+08:00","city_label":"新北市","facility_kind_label":"路邊車格","available_rate":1,"occupancy_rate":0,"price_tier":"unknown","price_tier_label":"價格未知"}},{"type":"Feature","geometry":{"type":"Point","coordinates":[121.421713,25.180804]},"properties":{"supply_id":"new_taipei-onstreet-148054","city":"new_taipei","district":"淡水區","display_name":"中正路一段156巷 車格 148054","address":"中正路一段156巷","facility_kind":"onstreet","symbol_text":null,"type_reference":"路邊停車格","type_confidence":0.6,"price_raw":null,"price_value":null,"capacity_total":1,"available_total":1,"occupied_total":0,"status_label":"空位","data_time":"2026-05-02 15:53:29+08:00","city_label":"新北市","facility_kind_label":"路邊車格","available_rate":1,"occupancy_rate":0,"price_tier":"unknown","price_tier_label":"價格未知"}},{"type":"Feature","geometry":{"type":"Point","coordinates":[121.424168,25.177581]},"properties":{"supply_id":"new_taipei-onstreet-155602","city":"new_taipei","district":"淡水區","display_name":"中正路一段 車格 155602","address":"中正路一段","facility_kind":"onstreet","symbol_text":null,"type_reference":"路邊停車格","type_confidence":0.6,"price_raw":null,"price_value":null,"capacity_total":1,"available_total":1,"occupied_total":0,"status_label":"空位","data_time":"2026-05-02 15:53:29+08:00","city_label":"新北市","facility_kind_label":"路邊車格","available_rate":1,"occupancy_rate":0,"price_tier":"unknown","price_tier_label":"價格未知"}},{"type":"Feature","geometry":{"type":"Point","coordinates":[121.446627,25.178424]},"properties":{"supply_id":"new_taipei-onstreet-22509","city":"new_taipei","district":"淡水區","display_name":"北新路 車格 22509","address":"北新路","facility_kind":"onstreet","symbol_text":null,"type_reference":"路邊停車格","type_confidence":0.6,"price_raw":null,"price_value":null,"capacity_total":1,"available_total":0,"occupied_total":1,"status_label":"已停","data_time":"2026-05-02 15:53:29+08:00","city_label":"新北市","facility_kind_label":"路邊車格","available_rate":0,"occupancy_rate":1,"price_tier":"unknown","price_tier_label":"價格未知"}},{"type":"Feature","geometry":{"type":"Point","coordinates":[121.437522,25.186463]},"properties":{"supply_id":"new_taipei-onstreet-115221","city":"new_taipei","district":"淡水區","display_name":"義山路一段 車格 115221","address":"義山路一段","facility_kind":"onstreet","symbol_text":null,"type_reference":"路邊停車格","type_confidence":0.6,"price_raw":null,"price_value":null,"capacity_total":1,"available_total":1,"occupied_total":0,"status_label":"空位","data_time":"2026-05-02 15:53:29+08:00","city_label":"新北市","facility_kind_label":"路邊車格","available_rate":1,"occupancy_rate":0,"price_tier":"unknown","price_tier_label":"價格未知"}},{"type":"Feature","geometry":{"type":"Point","coordinates":[121.436429,25.19575]},"properties":{"supply_id":"new_taipei-onstreet-25025","city":"new_taipei","district":"淡水區","display_name":"新市三路二段 車格 25025","address":"新市三路二段","facility_kind":"onstreet","symbol_text":null,"type_reference":"路邊停車格","type_confidence":0.6,"price_raw":null,"price_value":null,"capacity_total":1,"available_total":1,"occupied_total":0,"status_label":"空位","data_time":"2026-05-02 15:53:29+08:00","city_label":"新北市","facility_kind_label":"路邊車格","available_rate":1,"occupancy_rate":0,"price_tier":"unknown","price_tier_label":"價格未知"}},{"type":"Feature","geometry":{"type":"Point","coordinates":[121.436149,25.192298]},"properties":{"supply_id":"new_taipei-onstreet-141913","city":"new_taipei","district":"淡水區","display_name":"新市二路三段172巷 車格 141913","address":"新市二路三段172巷","facility_kind":"onstreet","symbol_text":null,"type_reference":"路邊停車格","type_confidence":0.6,"price_raw":null,"price_value":null,"capacity_total":1,"available_total":1,"occupied_total":0,"status_label":"空位","data_time":"2026-05-02 15:53:29+08:00","city_label":"新北市","facility_kind_label":"路邊車格","available_rate":1,"occupancy_rate":0,"price_tier":"unknown","price_tier_label":"價格未知"}},{"type":"Feature","geometry":{"type":"Point","coordinates":[121.427115,25.186904]},"properties":{"supply_id":"new_taipei-onstreet-148039","city":"new_taipei","district":"淡水區","display_name":"沙崙路 車格 148039","address":"沙崙路","facility_kind":"onstreet","symbol_text":null,"type_reference":"路邊停車格","type_confidence":0.6,"price_raw":null,"price_value":null,"capacity_total":1,"available_total":0,"occupied_total":1,"status_label":"已停","data_time":"2026-05-02 15:53:29+08:00","city_label":"新北市","facility_kind_label":"路邊車格","available_rate":0,"occupancy_rate":1,"price_tier":"unknown","price_tier_label":"價格未知"}},{"type":"Feature","geometry":{"type":"Point","coordinates":[121.459865,25.159404]},"properties":{"supply_id":"new_taipei-onstreet-89018","city":"new_taipei","district":"淡水區","display_name":"竹圍6號道路 車格 89018","address":"竹圍6號道路","facility_kind":"onstreet","symbol_text":null,"type_reference":"路邊停車格","type_confidence":0.6,"price_raw":null,"price_value":null,"capacity_total":1,"available_total":1,"occupied_total":0,"status_label":"空位","data_time":"2026-05-02 15:53:29+08:00","city_label":"新北市","facility_kind_label":"路邊車格","available_rate":1,"occupancy_rate":0,"price_tier":"unknown","price_tier_label":"價格未知"}},{"type":"Feature","geometry":{"type":"Point","coordinates":[121.437515,25.186414]},"properties":{"supply_id":"new_taipei-onstreet-115184","city":"new_taipei","district":"淡水區","display_name":"義山路一段 車格 115184","address":"義山路一段","facility_kind":"onstreet","symbol_text":null,"type_reference":"路邊停車格","type_confidence":0.6,"price_raw":null,"price_value":null,"capacity_total":1,"available_total":1,"occupied_total":0,"status_label":"空位","data_time":"2026-05-02 15:53:29+08:00","city_label":"新北市","facility_kind_label":"路邊車格","available_rate":1,"occupancy_rate":0,"price_tier":"unknown","price_tier_label":"價格未知"}},{"type":"Feature","geometry":{"type":"Point","coordinates":[121.437312,25.195622]},"properties":{"supply_id":"new_taipei-onstreet-156830","city":"new_taipei","district":"淡水區","display_name":"新市三路二段 車格 156830","address":"新市三路二段","facility_kind":"onstreet","symbol_text":null,"type_reference":"路邊停車格","type_confidence":0.6,"price_raw":null,"price_value":null,"capacity_total":1,"available_total":1,"occupied_total":0,"status_label":"空位","data_time":"2026-05-02 15:53:29+08:00","city_label":"新北市","facility_kind_label":"路邊車格","available_rate":1,"occupancy_rate":0,"price_tier":"unknown","price_tier_label":"價格未知"}},{"type":"Feature","geometry":{"type":"Point","coordinates":[121.445453,25.185961]},"properties":{"supply_id":"new_taipei-onstreet-140076","city":"new_taipei","district":"淡水區","display_name":"新市一路三段101巷 車格 140076","address":"新市一路三段101巷","facility_kind":"onstreet","symbol_text":null,"type_reference":"路邊停車格","type_confidence":0.6,"price_raw":null,"price_value":null,"capacity_total":1,"available_total":null,"occupied_total":null,"status_label":"不可用","data_time":"2026-05-02 15:53:29+08:00","city_label":"新北市","facility_kind_label":"路邊車格","available_rate":null,"occupancy_rate":null,"price_tier":"unknown","price_tier_label":"價格未知"}},{"type":"Feature","geometry":{"type":"Point","coordinates":[121.45936,25.157706]},"properties":{"supply_id":"new_taipei-onstreet-84486","city":"new_taipei","district":"淡水區","display_name":"中正東路二段25巷 車格 84486","address":"中正東路二段25巷","facility_kind":"onstreet","symbol_text":null,"type_reference":"路邊停車格","type_confidence":0.6,"price_raw":null,"price_value":null,"capacity_total":1,"available_total":0,"occupied_total":1,"status_label":"已停","data_time":"2026-05-02 15:53:29+08:00","city_label":"新北市","facility_kind_label":"路邊車格","available_rate":0,"occupancy_rate":1,"price_tier":"unknown","price_tier_label":"價格未知"}},{"type":"Feature","geometry":{"type":"Point","coordinates":[121.445455,25.185911]},"properties":{"supply_id":"new_taipei-onstreet-140078","city":"new_taipei","district":"淡水區","display_name":"新市一路三段101巷 車格 140078","address":"新市一路三段101巷","facility_kind":"onstreet","symbol_text":null,"type_reference":"路邊停車格","type_confidence":0.6,"price_raw":null,"price_value":null,"capacity_total":1,"available_total":null,"occupied_total":null,"status_label":"不可用","data_time":"2026-05-02 15:53:29+08:00","city_label":"新北市","facility_kind_label":"路邊車格","available_rate":null,"occupancy_rate":null,"price_tier":"unknown","price_tier_label":"價格未知"}},{"type":"Feature","geometry":{"type":"Point","coordinates":[121.436372,25.19131]},"properties":{"supply_id":"new_taipei-onstreet-141907","city":"new_taipei","district":"淡水區","display_name":"義山路一段401巷 車格 141907","address":"義山路一段401巷","facility_kind":"onstreet","symbol_text":null,"type_reference":"路邊停車格","type_confidence":0.6,"price_raw":null,"price_value":null,"capacity_total":1,"available_total":1,"occupied_total":0,"status_label":"空位","data_time":"2026-05-02 15:53:29+08:00","city_label":"新北市","facility_kind_label":"路邊車格","available_rate":1,"occupancy_rate":0,"price_tier":"unknown","price_tier_label":"價格未知"}},{"type":"Feature","geometry":{"type":"Point","coordinates":[121.421792,25.180872]},"properties":{"supply_id":"new_taipei-onstreet-148052","city":"new_taipei","district":"淡水區","display_name":"中正路一段156巷 車格 148052","address":"中正路一段156巷","facility_kind":"onstreet","symbol_text":null,"type_reference":"路邊停車格","type_confidence":0.6,"price_raw":null,"price_value":null,"capacity_total":1,"available_total":0,"occupied_total":1,"status_label":"已停","data_time":"2026-05-02 15:53:29+08:00","city_label":"新北市","facility_kind_label":"路邊車格","available_rate":0,"occupancy_rate":1,"price_tier":"unknown","price_tier_label":"價格未知"}},{"type":"Feature","geometry":{"type":"Point","coordinates":[121.420458,25.184494]},"properties":{"supply_id":"new_taipei-onstreet-148110","city":"new_taipei","district":"淡水區","display_name":"淡海路 車格 148110","address":"淡海路","facility_kind":"onstreet","symbol_text":null,"type_reference":"路邊停車格","type_confidence":0.6,"price_raw":null,"price_value":null,"capacity_total":1,"available_total":1,"occupied_total":0,"status_label":"空位","data_time":"2026-05-02 15:53:29+08:00","city_label":"新北市","facility_kind_label":"路邊車格","available_rate":1,"occupancy_rate":0,"price_tier":"unknown","price_tier_label":"價格未知"}},{"type":"Feature","geometry":{"type":"Point","coordinates":[121.450419,25.165384]},"properties":{"supply_id":"new_taipei-onstreet-84838","city":"new_taipei","district":"淡水區","display_name":"竿蓁大型停車場 車格 84838","address":"竿蓁大型停車場","facility_kind":"onstreet","symbol_text":null,"type_reference":"路邊停車格","type_confidence":0.6,"price_raw":null,"price_value":null,"capacity_total":1,"available_total":null,"occupied_total":null,"status_label":"不可用","data_time":"2026-05-02 15:53:29+08:00","city_label":"新北市","facility_kind_label":"路邊車格","available_rate":null,"occupancy_rate":null,"price_tier":"unknown","price_tier_label":"價格未知"}},{"type":"Feature","geometry":{"type":"Point","coordinates":[121.420401,25.18425]},"properties":{"supply_id":"new_taipei-onstreet-148099","city":"new_taipei","district":"淡水區","display_name":"淡海路 車格 148099","address":"淡海路","facility_kind":"onstreet","symbol_text":null,"type_reference":"路邊停車格","type_confidence":0.6,"price_raw":null,"price_value":null,"capacity_total":1,"available_total":1,"occupied_total":0,"status_label":"空位","data_time":"2026-05-02 15:53:29+08:00","city_label":"新北市","facility_kind_label":"路邊車格","available_rate":1,"occupancy_rate":0,"price_tier":"unknown","price_tier_label":"價格未知"}},{"type":"Feature","geometry":{"type":"Point","coordinates":[121.423458,25.198535]},"properties":{"supply_id":"new_taipei-onstreet-148583","city":"new_taipei","district":"淡水區","display_name":"崁頂五路279巷 車格 148583","address":"崁頂五路279巷","facility_kind":"onstreet","symbol_text":null,"type_reference":"路邊停車格","type_confidence":0.6,"price_raw":null,"price_value":null,"capacity_total":1,"available_total":1,"occupied_total":0,"status_label":"空位","data_time":"2026-05-02 15:53:29+08:00","city_label":"新北市","facility_kind_label":"路邊車格","available_rate":1,"occupancy_rate":0,"price_tier":"unknown","price_tier_label":"價格未知"}},{"type":"Feature","geometry":{"type":"Point","coordinates":[121.422787,25.179876]},"properties":{"supply_id":"new_taipei-onstreet-155622","city":"new_taipei","district":"淡水區","display_name":"中正路一段132巷 車格 155622","address":"中正路一段132巷","facility_kind":"onstreet","symbol_text":null,"type_reference":"路邊停車格","type_confidence":0.6,"price_raw":null,"price_value":null,"capacity_total":1,"available_total":1,"occupied_total":0,"status_label":"空位","data_time":"2026-05-02 15:53:29+08:00","city_label":"新北市","facility_kind_label":"路邊車格","available_rate":1,"occupancy_rate":0,"price_tier":"unknown","price_tier_label":"價格未知"}},{"type":"Feature","geometry":{"type":"Point","coordinates":[121.429901,25.175514]},"properties":{"supply_id":"new_taipei-onstreet-27300","city":"new_taipei","district":"淡水區","display_name":"中正路382號前迴轉道 車格 27300","address":"中正路382號前迴轉道","facility_kind":"onstreet","symbol_text":null,"type_reference":"路邊停車格","type_confidence":0.6,"price_raw":null,"price_value":null,"capacity_total":1,"available_total":1,"occupied_total":0,"status_label":"空位","data_time":"2026-05-02 15:53:29+08:00","city_label":"新北市","facility_kind_label":"路邊車格","available_rate":1,"occupancy_rate":0,"price_tier":"unknown","price_tier_label":"價格未知"}},{"type":"Feature","geometry":{"type":"Point","coordinates":[121.427102,25.192651]},"properties":{"supply_id":"new_taipei-onstreet-141844","city":"new_taipei","district":"淡水區","display_name":"濱海路三段148巷50弄 車格 141844","address":"濱海路三段148巷50弄","facility_kind":"onstreet","symbol_text":null,"type_reference":"路邊停車格","type_confidence":0.6,"price_raw":null,"price_value":null,"capacity_total":1,"available_total":1,"occupied_total":0,"status_label":"空位","data_time":"2026-05-02 15:53:29+08:00","city_label":"新北市","facility_kind_label":"路邊車格","available_rate":1,"occupancy_rate":0,"price_tier":"unknown","price_tier_label":"價格未知"}},{"type":"Feature","geometry":{"type":"Point","coordinates":[121.42372,25.186567]},"properties":{"supply_id":"new_taipei-onstreet-148548","city":"new_taipei","district":"淡水區","display_name":"中正路二段152巷 車格 148548","address":"中正路二段152巷","facility_kind":"onstreet","symbol_text":null,"type_reference":"路邊停車格","type_confidence":0.6,"price_raw":null,"price_value":null,"capacity_total":1,"available_total":1,"occupied_total":0,"status_label":"空位","data_time":"2026-05-02 15:53:29+08:00","city_label":"新北市","facility_kind_label":"路邊車格","available_rate":1,"occupancy_rate":0,"price_tier":"unknown","price_tier_label":"價格未知"}},{"type":"Feature","geometry":{"type":"Point","coordinates":[121.426869,25.182467]},"properties":{"supply_id":"new_taipei-onstreet-156020","city":"new_taipei","district":"淡水區","display_name":"中正路一段22巷 車格 156020","address":"中正路一段22巷","facility_kind":"onstreet","symbol_text":null,"type_reference":"路邊停車格","type_confidence":0.6,"price_raw":null,"price_value":null,"capacity_total":1,"available_total":1,"occupied_total":0,"status_label":"空位","data_time":"2026-05-02 15:53:29+08:00","city_label":"新北市","facility_kind_label":"路邊車格","available_rate":1,"occupancy_rate":0,"price_tier":"unknown","price_tier_label":"價格未知"}},{"type":"Feature","geometry":{"type":"Point","coordinates":[121.435998,25.1872]},"properties":{"supply_id":"new_taipei-onstreet-28072","city":"new_taipei","district":"淡水區","display_name":"新市一路一段331巷 車格 28072","address":"新市一路一段331巷","facility_kind":"onstreet","symbol_text":null,"type_reference":"路邊停車格","type_confidence":0.6,"price_raw":null,"price_value":null,"capacity_total":1,"available_total":1,"occupied_total":0,"status_label":"空位","data_time":"2026-05-02 15:53:29+08:00","city_label":"新北市","facility_kind_label":"路邊車格","available_rate":1,"occupancy_rate":0,"price_tier":"unknown","price_tier_label":"價格未知"}},{"type":"Feature","geometry":{"type":"Point","coordinates":[121.444264,25.185815]},"properties":{"supply_id":"new_taipei-onstreet-142363","city":"new_taipei","district":"淡水區","display_name":"中山北路二段 車格 142363","address":"中山北路二段","facility_kind":"onstreet","symbol_text":null,"type_reference":"路邊停車格","type_confidence":0.6,"price_raw":null,"price_value":null,"capacity_total":1,"available_total":0,"occupied_total":1,"status_label":"已停","data_time":"2026-05-02 15:53:29+08:00","city_label":"新北市","facility_kind_label":"路邊車格","available_rate":0,"occupancy_rate":1,"price_tier":"unknown","price_tier_label":"價格未知"}},{"type":"Feature","geometry":{"type":"Point","coordinates":[121.419691,25.188603]},"properties":{"supply_id":"new_taipei-onstreet-148436","city":"new_taipei","district":"淡水區","display_name":"淡海路 車格 148436","address":"淡海路","facility_kind":"onstreet","symbol_text":null,"type_reference":"路邊停車格","type_confidence":0.6,"price_raw":null,"price_value":null,"capacity_total":1,"available_total":1,"occupied_total":0,"status_label":"空位","data_time":"2026-05-02 15:53:29+08:00","city_label":"新北市","facility_kind_label":"路邊車格","available_rate":1,"occupancy_rate":0,"price_tier":"unknown","price_tier_label":"價格未知"}},{"type":"Feature","geometry":{"type":"Point","coordinates":[121.425242,25.182628]},"properties":{"supply_id":"new_taipei-onstreet-150874","city":"new_taipei","district":"淡水區","display_name":"淡海路72巷 車格 150874","address":"淡海路72巷","facility_kind":"onstreet","symbol_text":null,"type_reference":"路邊停車格","type_confidence":0.6,"price_raw":null,"price_value":null,"capacity_total":1,"available_total":0,"occupied_total":1,"status_label":"已停","data_time":"2026-05-02 15:53:29+08:00","city_label":"新北市","facility_kind_label":"路邊車格","available_rate":0,"occupancy_rate":1,"price_tier":"unknown","price_tier_label":"價格未知"}},{"type":"Feature","geometry":{"type":"Point","coordinates":[121.430018,25.175503]},"properties":{"supply_id":"new_taipei-onstreet-83020","city":"new_taipei","district":"淡水區","display_name":"中正路382號前迴轉道 車格 83020","address":"中正路382號前迴轉道","facility_kind":"onstreet","symbol_text":null,"type_reference":"路邊停車格","type_confidence":0.6,"price_raw":null,"price_value":null,"capacity_total":1,"available_total":0,"occupied_total":1,"status_label":"已停","data_time":"2026-05-02 15:53:29+08:00","city_label":"新北市","facility_kind_label":"路邊車格","available_rate":0,"occupancy_rate":1,"price_tier":"unknown","price_tier_label":"價格未知"}},{"type":"Feature","geometry":{"type":"Point","coordinates":[121.455266,25.177897]},"properties":{"supply_id":"new_taipei-onstreet-117079","city":"new_taipei","district":"淡水區","display_name":"淡金路一段 車格 117079","address":"淡金路一段","facility_kind":"onstreet","symbol_text":null,"type_reference":"路邊停車格","type_confidence":0.6,"price_raw":null,"price_value":null,"capacity_total":1,"available_total":1,"occupied_total":0,"status_label":"空位","data_time":"2026-05-02 15:53:29+08:00","city_label":"新北市","facility_kind_label":"路邊車格","available_rate":1,"occupancy_rate":0,"price_tier":"unknown","price_tier_label":"價格未知"}},{"type":"Feature","geometry":{"type":"Point","coordinates":[121.435341,25.194132]},"properties":{"supply_id":"new_taipei-onstreet-24998","city":"new_taipei","district":"淡水區","display_name":"崁頂二路 車格 24998","address":"崁頂二路","facility_kind":"onstreet","symbol_text":null,"type_reference":"路邊停車格","type_confidence":0.6,"price_raw":null,"price_value":null,"capacity_total":1,"available_total":1,"occupied_total":0,"status_label":"空位","data_time":"2026-05-02 15:53:29+08:00","city_label":"新北市","facility_kind_label":"路邊車格","available_rate":1,"occupancy_rate":0,"price_tier":"unknown","price_tier_label":"價格未知"}},{"type":"Feature","geometry":{"type":"Point","coordinates":[121.428166,25.189604]},"properties":{"supply_id":"new_taipei-onstreet-116761","city":"new_taipei","district":"淡水區","display_name":"無名 車格 116761","address":"無名","facility_kind":"onstreet","symbol_text":null,"type_reference":"路邊停車格","type_confidence":0.6,"price_raw":null,"price_value":null,"capacity_total":1,"available_total":0,"occupied_total":1,"status_label":"已停","data_time":"2026-05-02 15:53:29+08:00","city_label":"新北市","facility_kind_label":"路邊車格","available_rate":0,"occupancy_rate":1,"price_tier":"unknown","price_tier_label":"價格未知"}},{"type":"Feature","geometry":{"type":"Point","coordinates":[121.445699,25.190539]},"properties":{"supply_id":"new_taipei-onstreet-114324","city":"new_taipei","district":"淡水區","display_name":"新市二路四段230巷 車格 114324","address":"新市二路四段230巷","facility_kind":"onstreet","symbol_text":null,"type_reference":"路邊停車格","type_confidence":0.6,"price_raw":null,"price_value":null,"capacity_total":1,"available_total":1,"occupied_total":0,"status_label":"空位","data_time":"2026-05-02 15:53:29+08:00","city_label":"新北市","facility_kind_label":"路邊車格","available_rate":1,"occupancy_rate":0,"price_tier":"unknown","price_tier_label":"價格未知"}},{"type":"Feature","geometry":{"type":"Point","coordinates":[121.426078,25.195333]},"properties":{"supply_id":"new_taipei-onstreet-126580","city":"new_taipei","district":"淡水區","display_name":"後州路一段 車格 126580","address":"後州路一段","facility_kind":"onstreet","symbol_text":null,"type_reference":"路邊停車格","type_confidence":0.6,"price_raw":null,"price_value":null,"capacity_total":1,"available_total":0,"occupied_total":1,"status_label":"已停","data_time":"2026-05-02 15:53:29+08:00","city_label":"新北市","facility_kind_label":"路邊車格","available_rate":0,"occupancy_rate":1,"price_tier":"unknown","price_tier_label":"價格未知"}},{"type":"Feature","geometry":{"type":"Point","coordinates":[121.427682,25.191974]},"properties":{"supply_id":"new_taipei-onstreet-141834","city":"new_taipei","district":"淡水區","display_name":"濱海路三段148巷 車格 141834","address":"濱海路三段148巷","facility_kind":"onstreet","symbol_text":null,"type_reference":"路邊停車格","type_confidence":0.6,"price_raw":null,"price_value":null,"capacity_total":1,"available_total":1,"occupied_total":0,"status_label":"空位","data_time":"2026-05-02 15:53:29+08:00","city_label":"新北市","facility_kind_label":"路邊車格","available_rate":1,"occupancy_rate":0,"price_tier":"unknown","price_tier_label":"價格未知"}},{"type":"Feature","geometry":{"type":"Point","coordinates":[121.42381,25.193119]},"properties":{"supply_id":"new_taipei-onstreet-149488","city":"new_taipei","district":"淡水區","display_name":"港坪公園周邊道路 車格 149488","address":"港坪公園周邊道路","facility_kind":"onstreet","symbol_text":null,"type_reference":"路邊停車格","type_confidence":0.6,"price_raw":null,"price_value":null,"capacity_total":1,"available_total":null,"occupied_total":null,"status_label":"狀態未知","data_time":"2026-05-02 15:53:29+08:00","city_label":"新北市","facility_kind_label":"路邊車格","available_rate":null,"occupancy_rate":null,"price_tier":"unknown","price_tier_label":"價格未知"}},{"type":"Feature","geometry":{"type":"Point","coordinates":[121.423724,25.186348]},"properties":{"supply_id":"new_taipei-onstreet-149911","city":"new_taipei","district":"淡水區","display_name":"中正路二段152巷 車格 149911","address":"中正路二段152巷","facility_kind":"onstreet","symbol_text":null,"type_reference":"路邊停車格","type_confidence":0.6,"price_raw":null,"price_value":null,"capacity_total":1,"available_total":1,"occupied_total":0,"status_label":"空位","data_time":"2026-05-02 15:53:29+08:00","city_label":"新北市","facility_kind_label":"路邊車格","available_rate":1,"occupancy_rate":0,"price_tier":"unknown","price_tier_label":"價格未知"}},{"type":"Feature","geometry":{"type":"Point","coordinates":[121.430076,25.175495]},"properties":{"supply_id":"new_taipei-onstreet-84318","city":"new_taipei","district":"淡水區","display_name":"中正路382號前迴轉道 車格 84318","address":"中正路382號前迴轉道","facility_kind":"onstreet","symbol_text":null,"type_reference":"路邊停車格","type_confidence":0.6,"price_raw":null,"price_value":null,"capacity_total":1,"available_total":1,"occupied_total":0,"status_label":"空位","data_time":"2026-05-02 15:53:29+08:00","city_label":"新北市","facility_kind_label":"路邊車格","available_rate":1,"occupancy_rate":0,"price_tier":"unknown","price_tier_label":"價格未知"}},{"type":"Feature","geometry":{"type":"Point","coordinates":[121.428757,25.185765]},"properties":{"supply_id":"new_taipei-onstreet-139617","city":"new_taipei","district":"淡水區","display_name":"大庄路 車格 139617","address":"大庄路","facility_kind":"onstreet","symbol_text":null,"type_reference":"路邊停車格","type_confidence":0.6,"price_raw":null,"price_value":null,"capacity_total":1,"available_total":0,"occupied_total":1,"status_label":"已停","data_time":"2026-05-02 15:53:29+08:00","city_label":"新北市","facility_kind_label":"路邊車格","available_rate":0,"occupancy_rate":1,"price_tier":"unknown","price_tier_label":"價格未知"}},{"type":"Feature","geometry":{"type":"Point","coordinates":[121.426109,25.195379]},"properties":{"supply_id":"new_taipei-onstreet-126578","city":"new_taipei","district":"淡水區","display_name":"後州路一段 車格 126578","address":"後州路一段","facility_kind":"onstreet","symbol_text":null,"type_reference":"路邊停車格","type_confidence":0.6,"price_raw":null,"price_value":null,"capacity_total":1,"available_total":1,"occupied_total":0,"status_label":"空位","data_time":"2026-05-02 15:53:29+08:00","city_label":"新北市","facility_kind_label":"路邊車格","available_rate":1,"occupancy_rate":0,"price_tier":"unknown","price_tier_label":"價格未知"}},{"type":"Feature","geometry":{"type":"Point","coordinates":[121.427665,25.191926]},"properties":{"supply_id":"new_taipei-onstreet-141835","city":"new_taipei","district":"淡水區","display_name":"濱海路三段148巷 車格 141835","address":"濱海路三段148巷","facility_kind":"onstreet","symbol_text":null,"type_reference":"路邊停車格","type_confidence":0.6,"price_raw":null,"price_value":null,"capacity_total":1,"available_total":0,"occupied_total":1,"status_label":"已停","data_time":"2026-05-02 15:53:29+08:00","city_label":"新北市","facility_kind_label":"路邊車格","available_rate":0,"occupancy_rate":1,"price_tier":"unknown","price_tier_label":"價格未知"}},{"type":"Feature","geometry":{"type":"Point","coordinates":[121.422334,25.181295]},"properties":{"supply_id":"new_taipei-onstreet-148071","city":"new_taipei","district":"淡水區","display_name":"中正路一段156巷 車格 148071","address":"中正路一段156巷","facility_kind":"onstreet","symbol_text":null,"type_reference":"路邊停車格","type_confidence":0.6,"price_raw":null,"price_value":null,"capacity_total":1,"available_total":1,"occupied_total":0,"status_label":"空位","data_time":"2026-05-02 15:53:29+08:00","city_label":"新北市","facility_kind_label":"路邊車格","available_rate":1,"occupancy_rate":0,"price_tier":"unknown","price_tier_label":"價格未知"}},{"type":"Feature","geometry":{"type":"Point","coordinates":[121.43036,25.202991]},"properties":{"supply_id":"new_taipei-onstreet-149371","city":"new_taipei","district":"淡水區","display_name":"新市六路一段 車格 149371","address":"新市六路一段","facility_kind":"onstreet","symbol_text":null,"type_reference":"路邊停車格","type_confidence":0.6,"price_raw":null,"price_value":null,"capacity_total":1,"available_total":0,"occupied_total":1,"status_label":"已停","data_time":"2026-05-02 15:53:29+08:00","city_label":"新北市","facility_kind_label":"路邊車格","available_rate":0,"occupancy_rate":1,"price_tier":"unknown","price_tier_label":"價格未知"}},{"type":"Feature","geometry":{"type":"Point","coordinates":[121.428856,25.197896]},"properties":{"supply_id":"new_taipei-onstreet-153906","city":"new_taipei","district":"淡水區","display_name":"新市三路一段 車格 153906","address":"新市三路一段","facility_kind":"onstreet","symbol_text":null,"type_reference":"路邊停車格","type_confidence":0.6,"price_raw":null,"price_value":null,"capacity_total":1,"available_total":null,"occupied_total":null,"status_label":"不可用","data_time":"2026-05-02 15:53:29+08:00","city_label":"新北市","facility_kind_label":"路邊車格","available_rate":null,"occupancy_rate":null,"price_tier":"unknown","price_tier_label":"價格未知"}},{"type":"Feature","geometry":{"type":"Point","coordinates":[121.424317,25.17748]},"properties":{"supply_id":"new_taipei-onstreet-155599","city":"new_taipei","district":"淡水區","display_name":"中正路一段 車格 155599","address":"中正路一段","facility_kind":"onstreet","symbol_text":null,"type_reference":"路邊停車格","type_confidence":0.6,"price_raw":null,"price_value":null,"capacity_total":1,"available_total":1,"occupied_total":0,"status_label":"空位","data_time":"2026-05-02 15:53:29+08:00","city_label":"新北市","facility_kind_label":"路邊車格","available_rate":1,"occupancy_rate":0,"price_tier":"unknown","price_tier_label":"價格未知"}},{"type":"Feature","geometry":{"type":"Point","coordinates":[121.423626,25.185502]},"properties":{"supply_id":"new_taipei-onstreet-126845","city":"new_taipei","district":"淡水區","display_name":"沙崙路181巷 車格 126845","address":"沙崙路181巷","facility_kind":"onstreet","symbol_text":null,"type_reference":"路邊停車格","type_confidence":0.6,"price_raw":null,"price_value":null,"capacity_total":1,"available_total":1,"occupied_total":0,"status_label":"空位","data_time":"2026-05-02 15:53:29+08:00","city_label":"新北市","facility_kind_label":"路邊車格","available_rate":1,"occupancy_rate":0,"price_tier":"unknown","price_tier_label":"價格未知"}},{"type":"Feature","geometry":{"type":"Point","coordinates":[121.428332,25.192283]},"properties":{"supply_id":"new_taipei-onstreet-141823","city":"new_taipei","district":"淡水區","display_name":"濱海路三段148巷50弄 車格 141823","address":"濱海路三段148巷50弄","facility_kind":"onstreet","symbol_text":null,"type_reference":"路邊停車格","type_confidence":0.6,"price_raw":null,"price_value":null,"capacity_total":1,"available_total":1,"occupied_total":0,"status_label":"空位","data_time":"2026-05-02 15:53:29+08:00","city_label":"新北市","facility_kind_label":"路邊車格","available_rate":1,"occupancy_rate":0,"price_tier":"unknown","price_tier_label":"價格未知"}},{"type":"Feature","geometry":{"type":"Point","coordinates":[121.425255,25.18258]},"properties":{"supply_id":"new_taipei-onstreet-150875","city":"new_taipei","district":"淡水區","display_name":"淡海路72巷 車格 150875","address":"淡海路72巷","facility_kind":"onstreet","symbol_text":null,"type_reference":"路邊停車格","type_confidence":0.6,"price_raw":null,"price_value":null,"capacity_total":1,"available_total":1,"occupied_total":0,"status_label":"空位","data_time":"2026-05-02 15:53:29+08:00","city_label":"新北市","facility_kind_label":"路邊車格","available_rate":1,"occupancy_rate":0,"price_tier":"unknown","price_tier_label":"價格未知"}},{"type":"Feature","geometry":{"type":"Point","coordinates":[121.435426,25.187974]},"properties":{"supply_id":"new_taipei-onstreet-123464","city":"new_taipei","district":"淡水區","display_name":"義山路一段163巷 車格 123464","address":"義山路一段163巷","facility_kind":"onstreet","symbol_text":null,"type_reference":"路邊停車格","type_confidence":0.6,"price_raw":null,"price_value":null,"capacity_total":1,"available_total":1,"occupied_total":0,"status_label":"空位","data_time":"2026-05-02 15:53:29+08:00","city_label":"新北市","facility_kind_label":"路邊車格","available_rate":1,"occupancy_rate":0,"price_tier":"unknown","price_tier_label":"價格未知"}},{"type":"Feature","geometry":{"type":"Point","coordinates":[121.445457,25.185861]},"properties":{"supply_id":"new_taipei-onstreet-140079","city":"new_taipei","district":"淡水區","display_name":"新市一路三段101巷 車格 140079","address":"新市一路三段101巷","facility_kind":"onstreet","symbol_text":null,"type_reference":"路邊停車格","type_confidence":0.6,"price_raw":null,"price_value":null,"capacity_total":1,"available_total":null,"occupied_total":null,"status_label":"不可用","data_time":"2026-05-02 15:53:29+08:00","city_label":"新北市","facility_kind_label":"路邊車格","available_rate":null,"occupancy_rate":null,"price_tier":"unknown","price_tier_label":"價格未知"}},{"type":"Feature","geometry":{"type":"Point","coordinates":[121.426866,25.182417]},"properties":{"supply_id":"new_taipei-onstreet-156021","city":"new_taipei","district":"淡水區","display_name":"中正路一段22巷 車格 156021","address":"中正路一段22巷","facility_kind":"onstreet","symbol_text":null,"type_reference":"路邊停車格","type_confidence":0.6,"price_raw":null,"price_value":null,"capacity_total":1,"available_total":1,"occupied_total":0,"status_label":"空位","data_time":"2026-05-02 15:53:29+08:00","city_label":"新北市","facility_kind_label":"路邊車格","available_rate":1,"occupancy_rate":0,"price_tier":"unknown","price_tier_label":"價格未知"}},{"type":"Feature","geometry":{"type":"Point","coordinates":[121.43041,25.202972]},"properties":{"supply_id":"new_taipei-onstreet-149372","city":"new_taipei","district":"淡水區","display_name":"新市六路一段 車格 149372","address":"新市六路一段","facility_kind":"onstreet","symbol_text":null,"type_reference":"路邊停車格","type_confidence":0.6,"price_raw":null,"price_value":null,"capacity_total":1,"available_total":1,"occupied_total":0,"status_label":"空位","data_time":"2026-05-02 15:53:29+08:00","city_label":"新北市","facility_kind_label":"路邊車格","available_rate":1,"occupancy_rate":0,"price_tier":"unknown","price_tier_label":"價格未知"}},{"type":"Feature","geometry":{"type":"Point","coordinates":[121.428826,25.197836]},"properties":{"supply_id":"new_taipei-onstreet-153904","city":"new_taipei","district":"淡水區","display_name":"新市三路一段 車格 153904","address":"新市三路一段","facility_kind":"onstreet","symbol_text":null,"type_reference":"路邊停車格","type_confidence":0.6,"price_raw":null,"price_value":null,"capacity_total":1,"available_total":null,"occupied_total":null,"status_label":"不可用","data_time":"2026-05-02 15:53:29+08:00","city_label":"新北市","facility_kind_label":"路邊車格","available_rate":null,"occupancy_rate":null,"price_tier":"unknown","price_tier_label":"價格未知"}},{"type":"Feature","geometry":{"type":"Point","coordinates":[121.446408,25.178412]},"properties":{"supply_id":"new_taipei-onstreet-1652","city":"new_taipei","district":"淡水區","display_name":"北新路 車格 1652","address":"北新路","facility_kind":"onstreet","symbol_text":null,"type_reference":"路邊停車格","type_confidence":0.6,"price_raw":null,"price_value":null,"capacity_total":1,"available_total":1,"occupied_total":0,"status_label":"空位","data_time":"2026-05-02 15:53:29+08:00","city_label":"新北市","facility_kind_label":"路邊車格","available_rate":1,"occupancy_rate":0,"price_tier":"unknown","price_tier_label":"價格未知"}},{"type":"Feature","geometry":{"type":"Point","coordinates":[121.440545,25.18879]},"properties":{"supply_id":"new_taipei-onstreet-102841","city":"new_taipei","district":"淡水區","display_name":"濱海路一段111巷 車格 102841","address":"濱海路一段111巷","facility_kind":"onstreet","symbol_text":null,"type_reference":"路邊停車格","type_confidence":0.6,"price_raw":null,"price_value":null,"capacity_total":1,"available_total":1,"occupied_total":0,"status_label":"空位","data_time":"2026-05-02 15:53:29+08:00","city_label":"新北市","facility_kind_label":"路邊車格","available_rate":1,"occupancy_rate":0,"price_tier":"unknown","price_tier_label":"價格未知"}},{"type":"Feature","geometry":{"type":"Point","coordinates":[121.427044,25.186717]},"properties":{"supply_id":"new_taipei-onstreet-148035","city":"new_taipei","district":"淡水區","display_name":"沙崙路 車格 148035","address":"沙崙路","facility_kind":"onstreet","symbol_text":null,"type_reference":"路邊停車格","type_confidence":0.6,"price_raw":null,"price_value":null,"capacity_total":1,"available_total":0,"occupied_total":1,"status_label":"已停","data_time":"2026-05-02 15:53:29+08:00","city_label":"新北市","facility_kind_label":"路邊車格","available_rate":0,"occupancy_rate":1,"price_tier":"unknown","price_tier_label":"價格未知"}},{"type":"Feature","geometry":{"type":"Point","coordinates":[121.427775,25.188551]},"properties":{"supply_id":"new_taipei-onstreet-148051","city":"new_taipei","district":"淡水區","display_name":"新民街一段 車格 148051","address":"新民街一段","facility_kind":"onstreet","symbol_text":null,"type_reference":"路邊停車格","type_confidence":0.6,"price_raw":null,"price_value":null,"capacity_total":1,"available_total":1,"occupied_total":0,"status_label":"空位","data_time":"2026-05-02 15:53:29+08:00","city_label":"新北市","facility_kind_label":"路邊車格","available_rate":1,"occupancy_rate":0,"price_tier":"unknown","price_tier_label":"價格未知"}},{"type":"Feature","geometry":{"type":"Point","coordinates":[121.429841,25.175519]},"properties":{"supply_id":"new_taipei-onstreet-83019","city":"new_taipei","district":"淡水區","display_name":"中正路382號前迴轉道 車格 83019","address":"中正路382號前迴轉道","facility_kind":"onstreet","symbol_text":null,"type_reference":"路邊停車格","type_confidence":0.6,"price_raw":null,"price_value":null,"capacity_total":1,"available_total":1,"occupied_total":0,"status_label":"空位","data_time":"2026-05-02 15:53:29+08:00","city_label":"新北市","facility_kind_label":"路邊車格","available_rate":1,"occupancy_rate":0,"price_tier":"unknown","price_tier_label":"價格未知"}},{"type":"Feature","geometry":{"type":"Point","coordinates":[121.455349,25.177769]},"properties":{"supply_id":"new_taipei-onstreet-117083","city":"new_taipei","district":"淡水區","display_name":"淡金路一段 車格 117083","address":"淡金路一段","facility_kind":"onstreet","symbol_text":null,"type_reference":"路邊停車格","type_confidence":0.6,"price_raw":null,"price_value":null,"capacity_total":1,"available_total":1,"occupied_total":0,"status_label":"空位","data_time":"2026-05-02 15:53:29+08:00","city_label":"新北市","facility_kind_label":"路邊車格","available_rate":1,"occupancy_rate":0,"price_tier":"unknown","price_tier_label":"價格未知"}},{"type":"Feature","geometry":{"type":"Point","coordinates":[121.435459,25.194814]},"properties":{"supply_id":"new_taipei-onstreet-24986","city":"new_taipei","district":"淡水區","display_name":"崁頂二路 車格 24986","address":"崁頂二路","facility_kind":"onstreet","symbol_text":null,"type_reference":"路邊停車格","type_confidence":0.6,"price_raw":null,"price_value":null,"capacity_total":1,"available_total":0,"occupied_total":1,"status_label":"已停","data_time":"2026-05-02 15:53:29+08:00","city_label":"新北市","facility_kind_label":"路邊車格","available_rate":0,"occupancy_rate":1,"price_tier":"unknown","price_tier_label":"價格未知"}},{"type":"Feature","geometry":{"type":"Point","coordinates":[121.428882,25.185531]},"properties":{"supply_id":"new_taipei-onstreet-139625","city":"new_taipei","district":"淡水區","display_name":"大庄路 車格 139625","address":"大庄路","facility_kind":"onstreet","symbol_text":null,"type_reference":"路邊停車格","type_confidence":0.6,"price_raw":null,"price_value":null,"capacity_total":1,"available_total":1,"occupied_total":0,"status_label":"空位","data_time":"2026-05-02 15:53:29+08:00","city_label":"新北市","facility_kind_label":"路邊車格","available_rate":1,"occupancy_rate":0,"price_tier":"unknown","price_tier_label":"價格未知"}},{"type":"Feature","geometry":{"type":"Point","coordinates":[121.426818,25.196245]},"properties":{"supply_id":"new_taipei-onstreet-141565","city":"new_taipei","district":"淡水區","display_name":"後州路一段 車格 141565","address":"後州路一段","facility_kind":"onstreet","symbol_text":null,"type_reference":"路邊停車格","type_confidence":0.6,"price_raw":null,"price_value":null,"capacity_total":1,"available_total":1,"occupied_total":0,"status_label":"空位","data_time":"2026-05-02 15:53:29+08:00","city_label":"新北市","facility_kind_label":"路邊車格","available_rate":1,"occupancy_rate":0,"price_tier":"unknown","price_tier_label":"價格未知"}},{"type":"Feature","geometry":{"type":"Point","coordinates":[121.427052,25.19267]},"properties":{"supply_id":"new_taipei-onstreet-141842","city":"new_taipei","district":"淡水區","display_name":"濱海路三段148巷50弄 車格 141842","address":"濱海路三段148巷50弄","facility_kind":"onstreet","symbol_text":null,"type_reference":"路邊停車格","type_confidence":0.6,"price_raw":null,"price_value":null,"capacity_total":1,"available_total":1,"occupied_total":0,"status_label":"空位","data_time":"2026-05-02 15:53:29+08:00","city_label":"新北市","facility_kind_label":"路邊車格","available_rate":1,"occupancy_rate":0,"price_tier":"unknown","price_tier_label":"價格未知"}},{"type":"Feature","geometry":{"type":"Point","coordinates":[121.42403,25.19336]},"properties":{"supply_id":"new_taipei-onstreet-149491","city":"new_taipei","district":"淡水區","display_name":"港坪公園周邊道路 車格 149491","address":"港坪公園周邊道路","facility_kind":"onstreet","symbol_text":null,"type_reference":"路邊停車格","type_confidence":0.6,"price_raw":null,"price_value":null,"capacity_total":1,"available_total":null,"occupied_total":null,"status_label":"狀態未知","data_time":"2026-05-02 15:53:29+08:00","city_label":"新北市","facility_kind_label":"路邊車格","available_rate":null,"occupancy_rate":null,"price_tier":"unknown","price_tier_label":"價格未知"}},{"type":"Feature","geometry":{"type":"Point","coordinates":[121.425131,25.182923]},"properties":{"supply_id":"new_taipei-onstreet-150870","city":"new_taipei","district":"淡水區","display_name":"淡海路72巷 車格 150870","address":"淡海路72巷","facility_kind":"onstreet","symbol_text":null,"type_reference":"路邊停車格","type_confidence":0.6,"price_raw":null,"price_value":null,"capacity_total":1,"available_total":1,"occupied_total":0,"status_label":"空位","data_time":"2026-05-02 15:53:29+08:00","city_label":"新北市","facility_kind_label":"路邊車格","available_rate":1,"occupancy_rate":0,"price_tier":"unknown","price_tier_label":"價格未知"}},{"type":"Feature","geometry":{"type":"Point","coordinates":[121.459716,25.159811]},"properties":{"supply_id":"new_taipei-onstreet-89004","city":"new_taipei","district":"淡水區","display_name":"竹圍6號道路 車格 89004","address":"竹圍6號道路","facility_kind":"onstreet","symbol_text":null,"type_reference":"路邊停車格","type_confidence":0.6,"price_raw":null,"price_value":null,"capacity_total":1,"available_total":1,"occupied_total":0,"status_label":"空位","data_time":"2026-05-02 15:53:29+08:00","city_label":"新北市","facility_kind_label":"路邊車格","available_rate":1,"occupancy_rate":0,"price_tier":"unknown","price_tier_label":"價格未知"}},{"type":"Feature","geometry":{"type":"Point","coordinates":[121.437552,25.18666]},"properties":{"supply_id":"new_taipei-onstreet-115225","city":"new_taipei","district":"淡水區","display_name":"義山路一段 車格 115225","address":"義山路一段","facility_kind":"onstreet","symbol_text":null,"type_reference":"路邊停車格","type_confidence":0.6,"price_raw":null,"price_value":null,"capacity_total":1,"available_total":1,"occupied_total":0,"status_label":"空位","data_time":"2026-05-02 15:53:29+08:00","city_label":"新北市","facility_kind_label":"路邊車格","available_rate":1,"occupancy_rate":0,"price_tier":"unknown","price_tier_label":"價格未知"}},{"type":"Feature","geometry":{"type":"Point","coordinates":[121.422449,25.183523]},"properties":{"supply_id":"new_taipei-onstreet-102616","city":"new_taipei","district":"淡水區","display_name":"沙崙路131巷13弄 車格 102616","address":"沙崙路131巷13弄","facility_kind":"onstreet","symbol_text":null,"type_reference":"路邊停車格","type_confidence":0.6,"price_raw":null,"price_value":null,"capacity_total":1,"available_total":1,"occupied_total":0,"status_label":"空位","data_time":"2026-05-02 15:53:29+08:00","city_label":"新北市","facility_kind_label":"路邊車格","available_rate":1,"occupancy_rate":0,"price_tier":"unknown","price_tier_label":"價格未知"}},{"type":"Feature","geometry":{"type":"Point","coordinates":[121.446518,25.178421]},"properties":{"supply_id":"new_taipei-onstreet-88586","city":"new_taipei","district":"淡水區","display_name":"北新路 車格 88586","address":"北新路","facility_kind":"onstreet","symbol_text":null,"type_reference":"路邊停車格","type_confidence":0.6,"price_raw":null,"price_value":null,"capacity_total":1,"available_total":0,"occupied_total":1,"status_label":"已停","data_time":"2026-05-02 15:53:29+08:00","city_label":"新北市","facility_kind_label":"路邊車格","available_rate":0,"occupancy_rate":1,"price_tier":"unknown","price_tier_label":"價格未知"}},{"type":"Feature","geometry":{"type":"Point","coordinates":[121.45208,25.165561]},"properties":{"supply_id":"new_taipei-onstreet-46638","city":"new_taipei","district":"淡水區","display_name":"中正東路一段3巷 車格 46638","address":"中正東路一段3巷","facility_kind":"onstreet","symbol_text":null,"type_reference":"路邊停車格","type_confidence":0.6,"price_raw":null,"price_value":null,"capacity_total":1,"available_total":1,"occupied_total":0,"status_label":"空位","data_time":"2026-05-02 15:53:29+08:00","city_label":"新北市","facility_kind_label":"路邊車格","available_rate":1,"occupancy_rate":0,"price_tier":"unknown","price_tier_label":"價格未知"}},{"type":"Feature","geometry":{"type":"Point","coordinates":[121.450348,25.1654]},"properties":{"supply_id":"new_taipei-onstreet-92881","city":"new_taipei","district":"淡水區","display_name":"竿蓁大型停車場 車格 92881","address":"竿蓁大型停車場","facility_kind":"onstreet","symbol_text":null,"type_reference":"路邊停車格","type_confidence":0.6,"price_raw":null,"price_value":null,"capacity_total":1,"available_total":null,"occupied_total":null,"status_label":"不可用","data_time":"2026-05-02 15:53:29+08:00","city_label":"新北市","facility_kind_label":"路邊車格","available_rate":null,"occupancy_rate":null,"price_tier":"unknown","price_tier_label":"價格未知"}},{"type":"Feature","geometry":{"type":"Point","coordinates":[121.429722,25.175522]},"properties":{"supply_id":"new_taipei-onstreet-84302","city":"new_taipei","district":"淡水區","display_name":"中正路382號前迴轉道 車格 84302","address":"中正路382號前迴轉道","facility_kind":"onstreet","symbol_text":null,"type_reference":"路邊停車格","type_confidence":0.6,"price_raw":null,"price_value":null,"capacity_total":1,"available_total":1,"occupied_total":0,"status_label":"空位","data_time":"2026-05-02 15:53:29+08:00","city_label":"新北市","facility_kind_label":"路邊車格","available_rate":1,"occupancy_rate":0,"price_tier":"unknown","price_tier_label":"價格未知"}},{"type":"Feature","geometry":{"type":"Point","coordinates":[121.428938,25.185446]},"properties":{"supply_id":"new_taipei-onstreet-139624","city":"new_taipei","district":"淡水區","display_name":"大庄路 車格 139624","address":"大庄路","facility_kind":"onstreet","symbol_text":null,"type_reference":"路邊停車格","type_confidence":0.6,"price_raw":null,"price_value":null,"capacity_total":1,"available_total":1,"occupied_total":0,"status_label":"空位","data_time":"2026-05-02 15:53:29+08:00","city_label":"新北市","facility_kind_label":"路邊車格","available_rate":1,"occupancy_rate":0,"price_tier":"unknown","price_tier_label":"價格未知"}},{"type":"Feature","geometry":{"type":"Point","coordinates":[121.426951,25.192709]},"properties":{"supply_id":"new_taipei-onstreet-141841","city":"new_taipei","district":"淡水區","display_name":"濱海路三段148巷50弄 車格 141841","address":"濱海路三段148巷50弄","facility_kind":"onstreet","symbol_text":null,"type_reference":"路邊停車格","type_confidence":0.6,"price_raw":null,"price_value":null,"capacity_total":1,"available_total":1,"occupied_total":0,"status_label":"空位","data_time":"2026-05-02 15:53:29+08:00","city_label":"新北市","facility_kind_label":"路邊車格","available_rate":1,"occupancy_rate":0,"price_tier":"unknown","price_tier_label":"價格未知"}},{"type":"Feature","geometry":{"type":"Point","coordinates":[121.459795,25.159492]},"properties":{"supply_id":"new_taipei-onstreet-89017","city":"new_taipei","district":"淡水區","display_name":"竹圍6號道路 車格 89017","address":"竹圍6號道路","facility_kind":"onstreet","symbol_text":null,"type_reference":"路邊停車格","type_confidence":0.6,"price_raw":null,"price_value":null,"capacity_total":1,"available_total":1,"occupied_total":0,"status_label":"空位","data_time":"2026-05-02 15:53:29+08:00","city_label":"新北市","facility_kind_label":"路邊車格","available_rate":1,"occupancy_rate":0,"price_tier":"unknown","price_tier_label":"價格未知"}},{"type":"Feature","geometry":{"type":"Point","coordinates":[121.43535,25.194181]},"properties":{"supply_id":"new_taipei-onstreet-25001","city":"new_taipei","district":"淡水區","display_name":"崁頂二路 車格 25001","address":"崁頂二路","facility_kind":"onstreet","symbol_text":null,"type_reference":"路邊停車格","type_confidence":0.6,"price_raw":null,"price_value":null,"capacity_total":1,"available_total":1,"occupied_total":0,"status_label":"空位","data_time":"2026-05-02 15:53:29+08:00","city_label":"新北市","facility_kind_label":"路邊車格","available_rate":1,"occupancy_rate":0,"price_tier":"unknown","price_tier_label":"價格未知"}},{"type":"Feature","geometry":{"type":"Point","coordinates":[121.42812,25.189631]},"properties":{"supply_id":"new_taipei-onstreet-116758","city":"new_taipei","district":"淡水區","display_name":"無名 車格 116758","address":"無名","facility_kind":"onstreet","symbol_text":null,"type_reference":"路邊停車格","type_confidence":0.6,"price_raw":null,"price_value":null,"capacity_total":1,"available_total":0,"occupied_total":1,"status_label":"已停","data_time":"2026-05-02 15:53:29+08:00","city_label":"新北市","facility_kind_label":"路邊車格","available_rate":0,"occupancy_rate":1,"price_tier":"unknown","price_tier_label":"價格未知"}},{"type":"Feature","geometry":{"type":"Point","coordinates":[121.423638,25.185551]},"properties":{"supply_id":"new_taipei-onstreet-126846","city":"new_taipei","district":"淡水區","display_name":"沙崙路181巷 車格 126846","address":"沙崙路181巷","facility_kind":"onstreet","symbol_text":null,"type_reference":"路邊停車格","type_confidence":0.6,"price_raw":null,"price_value":null,"capacity_total":1,"available_total":0,"occupied_total":1,"status_label":"已停","data_time":"2026-05-02 15:53:29+08:00","city_label":"新北市","facility_kind_label":"路邊車格","available_rate":0,"occupancy_rate":1,"price_tier":"unknown","price_tier_label":"價格未知"}},{"type":"Feature","geometry":{"type":"Point","coordinates":[121.423727,25.186398]},"properties":{"supply_id":"new_taipei-onstreet-149912","city":"new_taipei","district":"淡水區","display_name":"中正路二段152巷 車格 149912","address":"中正路二段152巷","facility_kind":"onstreet","symbol_text":null,"type_reference":"路邊停車格","type_confidence":0.6,"price_raw":null,"price_value":null,"capacity_total":1,"available_total":0,"occupied_total":1,"status_label":"已停","data_time":"2026-05-02 15:53:29+08:00","city_label":"新北市","facility_kind_label":"路邊車格","available_rate":0,"occupancy_rate":1,"price_tier":"unknown","price_tier_label":"價格未知"}},{"type":"Feature","geometry":{"type":"Point","coordinates":[121.43607,25.189076]},"properties":{"supply_id":"new_taipei-onstreet-20760","city":"new_taipei","district":"淡水區","display_name":"新市一路一段331巷 車格 20760","address":"新市一路一段331巷","facility_kind":"onstreet","symbol_text":null,"type_reference":"路邊停車格","type_confidence":0.6,"price_raw":null,"price_value":null,"capacity_total":1,"available_total":1,"occupied_total":0,"status_label":"空位","data_time":"2026-05-02 15:53:29+08:00","city_label":"新北市","facility_kind_label":"路邊車格","available_rate":1,"occupancy_rate":0,"price_tier":"unknown","price_tier_label":"價格未知"}},{"type":"Feature","geometry":{"type":"Point","coordinates":[121.422854,25.184246]},"properties":{"supply_id":"new_taipei-onstreet-102593","city":"new_taipei","district":"淡水區","display_name":"沙崙路131巷13弄 車格 102593","address":"沙崙路131巷13弄","facility_kind":"onstreet","symbol_text":null,"type_reference":"路邊停車格","type_confidence":0.6,"price_raw":null,"price_value":null,"capacity_total":1,"available_total":1,"occupied_total":0,"status_label":"空位","data_time":"2026-05-02 15:53:29+08:00","city_label":"新北市","facility_kind_label":"路邊車格","available_rate":1,"occupancy_rate":0,"price_tier":"unknown","price_tier_label":"價格未知"}},{"type":"Feature","geometry":{"type":"Point","coordinates":[121.427831,25.188466]},"properties":{"supply_id":"new_taipei-onstreet-148049","city":"new_taipei","district":"淡水區","display_name":"新民街一段 車格 148049","address":"新民街一段","facility_kind":"onstreet","symbol_text":null,"type_reference":"路邊停車格","type_confidence":0.6,"price_raw":null,"price_value":null,"capacity_total":1,"available_total":1,"occupied_total":0,"status_label":"空位","data_time":"2026-05-02 15:53:29+08:00","city_label":"新北市","facility_kind_label":"路邊車格","available_rate":1,"occupancy_rate":0,"price_tier":"unknown","price_tier_label":"價格未知"}},{"type":"Feature","geometry":{"type":"Point","coordinates":[121.41966,25.188644]},"properties":{"supply_id":"new_taipei-onstreet-148437","city":"new_taipei","district":"淡水區","display_name":"淡海路 車格 148437","address":"淡海路","facility_kind":"onstreet","symbol_text":null,"type_reference":"路邊停車格","type_confidence":0.6,"price_raw":null,"price_value":null,"capacity_total":1,"available_total":1,"occupied_total":0,"status_label":"空位","data_time":"2026-05-02 15:53:29+08:00","city_label":"新北市","facility_kind_label":"路邊車格","available_rate":1,"occupancy_rate":0,"price_tier":"unknown","price_tier_label":"價格未知"}},{"type":"Feature","geometry":{"type":"Point","coordinates":[121.428859,25.185576]},"properties":{"supply_id":"new_taipei-onstreet-139622","city":"new_taipei","district":"淡水區","display_name":"大庄路 車格 139622","address":"大庄路","facility_kind":"onstreet","symbol_text":null,"type_reference":"路邊停車格","type_confidence":0.6,"price_raw":null,"price_value":null,"capacity_total":1,"available_total":0,"occupied_total":1,"status_label":"已停","data_time":"2026-05-02 15:53:29+08:00","city_label":"新北市","facility_kind_label":"路邊車格","available_rate":0,"occupancy_rate":1,"price_tier":"unknown","price_tier_label":"價格未知"}},{"type":"Feature","geometry":{"type":"Point","coordinates":[121.415339,25.187935]},"properties":{"supply_id":"new_taipei-onstreet-144073","city":"new_taipei","district":"淡水區","display_name":"觀海路 車格 144073","address":"觀海路","facility_kind":"onstreet","symbol_text":null,"type_reference":"路邊停車格","type_confidence":0.6,"price_raw":null,"price_value":null,"capacity_total":1,"available_total":null,"occupied_total":null,"status_label":"不可用","data_time":"2026-05-02 15:53:29+08:00","city_label":"新北市","facility_kind_label":"路邊車格","available_rate":null,"occupancy_rate":null,"price_tier":"unknown","price_tier_label":"價格未知"}},{"type":"Feature","geometry":{"type":"Point","coordinates":[121.42879,25.19785]},"properties":{"supply_id":"new_taipei-onstreet-153902","city":"new_taipei","district":"淡水區","display_name":"新市三路一段 車格 153902","address":"新市三路一段","facility_kind":"onstreet","symbol_text":null,"type_reference":"路邊停車格","type_confidence":0.6,"price_raw":null,"price_value":null,"capacity_total":1,"available_total":null,"occupied_total":null,"status_label":"不可用","data_time":"2026-05-02 15:53:29+08:00","city_label":"新北市","facility_kind_label":"路邊車格","available_rate":null,"occupancy_rate":null,"price_tier":"unknown","price_tier_label":"價格未知"}},{"type":"Feature","geometry":{"type":"Point","coordinates":[121.422832,25.179904]},"properties":{"supply_id":"new_taipei-onstreet-155621","city":"new_taipei","district":"淡水區","display_name":"中正路一段132巷 車格 155621","address":"中正路一段132巷","facility_kind":"onstreet","symbol_text":null,"type_reference":"路邊停車格","type_confidence":0.6,"price_raw":null,"price_value":null,"capacity_total":1,"available_total":0,"occupied_total":1,"status_label":"已停","data_time":"2026-05-02 15:53:29+08:00","city_label":"新北市","facility_kind_label":"路邊車格","available_rate":0,"occupancy_rate":1,"price_tier":"unknown","price_tier_label":"價格未知"}},{"type":"Feature","geometry":{"type":"Point","coordinates":[121.436001,25.187146]},"properties":{"supply_id":"new_taipei-onstreet-28073","city":"new_taipei","district":"淡水區","display_name":"新市一路一段331巷 車格 28073","address":"新市一路一段331巷","facility_kind":"onstreet","symbol_text":null,"type_reference":"路邊停車格","type_confidence":0.6,"price_raw":null,"price_value":null,"capacity_total":1,"available_total":1,"occupied_total":0,"status_label":"空位","data_time":"2026-05-02 15:53:29+08:00","city_label":"新北市","facility_kind_label":"路邊車格","available_rate":1,"occupancy_rate":0,"price_tier":"unknown","price_tier_label":"價格未知"}},{"type":"Feature","geometry":{"type":"Point","coordinates":[121.428812,25.185666]},"properties":{"supply_id":"new_taipei-onstreet-139621","city":"new_taipei","district":"淡水區","display_name":"大庄路 車格 139621","address":"大庄路","facility_kind":"onstreet","symbol_text":null,"type_reference":"路邊停車格","type_confidence":0.6,"price_raw":null,"price_value":null,"capacity_total":1,"available_total":1,"occupied_total":0,"status_label":"空位","data_time":"2026-05-02 15:53:29+08:00","city_label":"新北市","facility_kind_label":"路邊車格","available_rate":1,"occupancy_rate":0,"price_tier":"unknown","price_tier_label":"價格未知"}},{"type":"Feature","geometry":{"type":"Point","coordinates":[121.415447,25.187945]},"properties":{"supply_id":"new_taipei-onstreet-151606","city":"new_taipei","district":"淡水區","display_name":"觀海路 車格 151606","address":"觀海路","facility_kind":"onstreet","symbol_text":null,"type_reference":"路邊停車格","type_confidence":0.6,"price_raw":null,"price_value":null,"capacity_total":1,"available_total":null,"occupied_total":null,"status_label":"不可用","data_time":"2026-05-02 15:53:29+08:00","city_label":"新北市","facility_kind_label":"路邊車格","available_rate":null,"occupancy_rate":null,"price_tier":"unknown","price_tier_label":"價格未知"}},{"type":"Feature","geometry":{"type":"Point","coordinates":[121.419722,25.188562]},"properties":{"supply_id":"new_taipei-onstreet-148435","city":"new_taipei","district":"淡水區","display_name":"淡海路 車格 148435","address":"淡海路","facility_kind":"onstreet","symbol_text":null,"type_reference":"路邊停車格","type_confidence":0.6,"price_raw":null,"price_value":null,"capacity_total":1,"available_total":1,"occupied_total":0,"status_label":"空位","data_time":"2026-05-02 15:53:29+08:00","city_label":"新北市","facility_kind_label":"路邊車格","available_rate":1,"occupancy_rate":0,"price_tier":"unknown","price_tier_label":"價格未知"}},{"type":"Feature","geometry":{"type":"Point","coordinates":[121.426864,25.182368]},"properties":{"supply_id":"new_taipei-onstreet-156022","city":"new_taipei","district":"淡水區","display_name":"中正路一段22巷 車格 156022","address":"中正路一段22巷","facility_kind":"onstreet","symbol_text":null,"type_reference":"路邊停車格","type_confidence":0.6,"price_raw":null,"price_value":null,"capacity_total":1,"available_total":1,"occupied_total":0,"status_label":"空位","data_time":"2026-05-02 15:53:29+08:00","city_label":"新北市","facility_kind_label":"路邊車格","available_rate":1,"occupancy_rate":0,"price_tier":"unknown","price_tier_label":"價格未知"}},{"type":"Feature","geometry":{"type":"Point","coordinates":[121.455294,25.177854]},"properties":{"supply_id":"new_taipei-onstreet-117080","city":"new_taipei","district":"淡水區","display_name":"淡金路一段 車格 117080","address":"淡金路一段","facility_kind":"onstreet","symbol_text":null,"type_reference":"路邊停車格","type_confidence":0.6,"price_raw":null,"price_value":null,"capacity_total":1,"available_total":1,"occupied_total":0,"status_label":"空位","data_time":"2026-05-02 15:53:29+08:00","city_label":"新北市","facility_kind_label":"路邊車格","available_rate":1,"occupancy_rate":0,"price_tier":"unknown","price_tier_label":"價格未知"}},{"type":"Feature","geometry":{"type":"Point","coordinates":[121.426046,25.195286]},"properties":{"supply_id":"new_taipei-onstreet-126579","city":"new_taipei","district":"淡水區","display_name":"後州路一段 車格 126579","address":"後州路一段","facility_kind":"onstreet","symbol_text":null,"type_reference":"路邊停車格","type_confidence":0.6,"price_raw":null,"price_value":null,"capacity_total":1,"available_total":1,"occupied_total":0,"status_label":"空位","data_time":"2026-05-02 15:53:29+08:00","city_label":"新北市","facility_kind_label":"路邊車格","available_rate":1,"occupancy_rate":0,"price_tier":"unknown","price_tier_label":"價格未知"}},{"type":"Feature","geometry":{"type":"Point","coordinates":[121.42376,25.19314]},"properties":{"supply_id":"new_taipei-onstreet-149487","city":"new_taipei","district":"淡水區","display_name":"港坪公園周邊道路 車格 149487","address":"港坪公園周邊道路","facility_kind":"onstreet","symbol_text":null,"type_reference":"路邊停車格","type_confidence":0.6,"price_raw":null,"price_value":null,"capacity_total":1,"available_total":null,"occupied_total":null,"status_label":"狀態未知","data_time":"2026-05-02 15:53:29+08:00","city_label":"新北市","facility_kind_label":"路邊車格","available_rate":null,"occupancy_rate":null,"price_tier":"unknown","price_tier_label":"價格未知"}},{"type":"Feature","geometry":{"type":"Point","coordinates":[121.424211,25.177551]},"properties":{"supply_id":"new_taipei-onstreet-155601","city":"new_taipei","district":"淡水區","display_name":"中正路一段 車格 155601","address":"中正路一段","facility_kind":"onstreet","symbol_text":null,"type_reference":"路邊停車格","type_confidence":0.6,"price_raw":null,"price_value":null,"capacity_total":1,"available_total":1,"occupied_total":0,"status_label":"空位","data_time":"2026-05-02 15:53:29+08:00","city_label":"新北市","facility_kind_label":"路邊車格","available_rate":1,"occupancy_rate":0,"price_tier":"unknown","price_tier_label":"價格未知"}},{"type":"Feature","geometry":{"type":"Point","coordinates":[121.459414,25.15762]},"properties":{"supply_id":"new_taipei-onstreet-83018","city":"new_taipei","district":"淡水區","display_name":"中正東路二段25巷 車格 83018","address":"中正東路二段25巷","facility_kind":"onstreet","symbol_text":null,"type_reference":"路邊停車格","type_confidence":0.6,"price_raw":null,"price_value":null,"capacity_total":1,"available_total":1,"occupied_total":0,"status_label":"空位","data_time":"2026-05-02 15:53:29+08:00","city_label":"新北市","facility_kind_label":"路邊車格","available_rate":1,"occupancy_rate":0,"price_tier":"unknown","price_tier_label":"價格未知"}},{"type":"Feature","geometry":{"type":"Point","coordinates":[121.437537,25.186562]},"properties":{"supply_id":"new_taipei-onstreet-115224","city":"new_taipei","district":"淡水區","display_name":"義山路一段 車格 115224","address":"義山路一段","facility_kind":"onstreet","symbol_text":null,"type_reference":"路邊停車格","type_confidence":0.6,"price_raw":null,"price_value":null,"capacity_total":1,"available_total":0,"occupied_total":1,"status_label":"已停","data_time":"2026-05-02 15:53:29+08:00","city_label":"新北市","facility_kind_label":"路邊車格","available_rate":0,"occupancy_rate":1,"price_tier":"unknown","price_tier_label":"價格未知"}},{"type":"Feature","geometry":{"type":"Point","coordinates":[121.436265,25.195772]},"properties":{"supply_id":"new_taipei-onstreet-121986","city":"new_taipei","district":"淡水區","display_name":"新市三路二段 車格 121986","address":"新市三路二段","facility_kind":"onstreet","symbol_text":null,"type_reference":"路邊停車格","type_confidence":0.6,"price_raw":null,"price_value":null,"capacity_total":1,"available_total":1,"occupied_total":0,"status_label":"空位","data_time":"2026-05-02 15:53:29+08:00","city_label":"新北市","facility_kind_label":"路邊車格","available_rate":1,"occupancy_rate":0,"price_tier":"unknown","price_tier_label":"價格未知"}},{"type":"Feature","geometry":{"type":"Point","coordinates":[121.436091,25.189182]},"properties":{"supply_id":"new_taipei-onstreet-20758","city":"new_taipei","district":"淡水區","display_name":"新市一路一段331巷 車格 20758","address":"新市一路一段331巷","facility_kind":"onstreet","symbol_text":null,"type_reference":"路邊停車格","type_confidence":0.6,"price_raw":null,"price_value":null,"capacity_total":1,"available_total":1,"occupied_total":0,"status_label":"空位","data_time":"2026-05-02 15:53:29+08:00","city_label":"新北市","facility_kind_label":"路邊車格","available_rate":1,"occupancy_rate":0,"price_tier":"unknown","price_tier_label":"價格未知"}},{"type":"Feature","geometry":{"type":"Point","coordinates":[121.434383,25.196005]},"properties":{"supply_id":"new_taipei-onstreet-122190","city":"new_taipei","district":"淡水區","display_name":"新市三路二段 車格 122190","address":"新市三路二段","facility_kind":"onstreet","symbol_text":null,"type_reference":"路邊停車格","type_confidence":0.6,"price_raw":null,"price_value":null,"capacity_total":1,"available_total":1,"occupied_total":0,"status_label":"空位","data_time":"2026-05-02 15:53:29+08:00","city_label":"新北市","facility_kind_label":"路邊車格","available_rate":1,"occupancy_rate":0,"price_tier":"unknown","price_tier_label":"價格未知"}},{"type":"Feature","geometry":{"type":"Point","coordinates":[121.444259,25.18599]},"properties":{"supply_id":"new_taipei-onstreet-142366","city":"new_taipei","district":"淡水區","display_name":"中山北路二段 車格 142366","address":"中山北路二段","facility_kind":"onstreet","symbol_text":null,"type_reference":"路邊停車格","type_confidence":0.6,"price_raw":null,"price_value":null,"capacity_total":1,"available_total":1,"occupied_total":0,"status_label":"空位","data_time":"2026-05-02 15:53:29+08:00","city_label":"新北市","facility_kind_label":"路邊車格","available_rate":1,"occupancy_rate":0,"price_tier":"unknown","price_tier_label":"價格未知"}},{"type":"Feature","geometry":{"type":"Point","coordinates":[121.419598,25.188726]},"properties":{"supply_id":"new_taipei-onstreet-148441","city":"new_taipei","district":"淡水區","display_name":"淡海路 車格 148441","address":"淡海路","facility_kind":"onstreet","symbol_text":null,"type_reference":"路邊停車格","type_confidence":0.6,"price_raw":null,"price_value":null,"capacity_total":1,"available_total":1,"occupied_total":0,"status_label":"空位","data_time":"2026-05-02 15:53:29+08:00","city_label":"新北市","facility_kind_label":"路邊車格","available_rate":1,"occupancy_rate":0,"price_tier":"unknown","price_tier_label":"價格未知"}},{"type":"Feature","geometry":{"type":"Point","coordinates":[121.423672,25.178294]},"properties":{"supply_id":"new_taipei-onstreet-155614","city":"new_taipei","district":"淡水區","display_name":"中正路一段 車格 155614","address":"中正路一段","facility_kind":"onstreet","symbol_text":null,"type_reference":"路邊停車格","type_confidence":0.6,"price_raw":null,"price_value":null,"capacity_total":1,"available_total":1,"occupied_total":0,"status_label":"空位","data_time":"2026-05-02 15:53:29+08:00","city_label":"新北市","facility_kind_label":"路邊車格","available_rate":1,"occupancy_rate":0,"price_tier":"unknown","price_tier_label":"價格未知"}},{"type":"Feature","geometry":{"type":"Point","coordinates":[121.437559,25.186709]},"properties":{"supply_id":"new_taipei-onstreet-115226","city":"new_taipei","district":"淡水區","display_name":"義山路一段 車格 115226","address":"義山路一段","facility_kind":"onstreet","symbol_text":null,"type_reference":"路邊停車格","type_confidence":0.6,"price_raw":null,"price_value":null,"capacity_total":1,"available_total":1,"occupied_total":0,"status_label":"空位","data_time":"2026-05-02 15:53:29+08:00","city_label":"新北市","facility_kind_label":"路邊車格","available_rate":1,"occupancy_rate":0,"price_tier":"unknown","price_tier_label":"價格未知"}},{"type":"Feature","geometry":{"type":"Point","coordinates":[121.422569,25.185038]},"properties":{"supply_id":"new_taipei-onstreet-126826","city":"new_taipei","district":"淡水區","display_name":"淡海路184巷 車格 126826","address":"淡海路184巷","facility_kind":"onstreet","symbol_text":null,"type_reference":"路邊停車格","type_confidence":0.6,"price_raw":null,"price_value":null,"capacity_total":1,"available_total":1,"occupied_total":0,"status_label":"空位","data_time":"2026-05-02 15:53:29+08:00","city_label":"新北市","facility_kind_label":"路邊車格","available_rate":1,"occupancy_rate":0,"price_tier":"unknown","price_tier_label":"價格未知"}},{"type":"Feature","geometry":{"type":"Point","coordinates":[121.438593,25.187816]},"properties":{"supply_id":"new_taipei-onstreet-102839","city":"new_taipei","district":"淡水區","display_name":"濱海路一段111巷 車格 102839","address":"濱海路一段111巷","facility_kind":"onstreet","symbol_text":null,"type_reference":"路邊停車格","type_confidence":0.6,"price_raw":null,"price_value":null,"capacity_total":1,"available_total":1,"occupied_total":0,"status_label":"空位","data_time":"2026-05-02 15:53:29+08:00","city_label":"新北市","facility_kind_label":"路邊車格","available_rate":1,"occupancy_rate":0,"price_tier":"unknown","price_tier_label":"價格未知"}},{"type":"Feature","geometry":{"type":"Point","coordinates":[121.422827,25.184202]},"properties":{"supply_id":"new_taipei-onstreet-102588","city":"new_taipei","district":"淡水區","display_name":"沙崙路131巷13弄 車格 102588","address":"沙崙路131巷13弄","facility_kind":"onstreet","symbol_text":null,"type_reference":"路邊停車格","type_confidence":0.6,"price_raw":null,"price_value":null,"capacity_total":1,"available_total":1,"occupied_total":0,"status_label":"空位","data_time":"2026-05-02 15:53:29+08:00","city_label":"新北市","facility_kind_label":"路邊車格","available_rate":1,"occupancy_rate":0,"price_tier":"unknown","price_tier_label":"價格未知"}},{"type":"Feature","geometry":{"type":"Point","coordinates":[121.422674,25.18501]},"properties":{"supply_id":"new_taipei-onstreet-126824","city":"new_taipei","district":"淡水區","display_name":"淡海路184巷 車格 126824","address":"淡海路184巷","facility_kind":"onstreet","symbol_text":null,"type_reference":"路邊停車格","type_confidence":0.6,"price_raw":null,"price_value":null,"capacity_total":1,"available_total":1,"occupied_total":0,"status_label":"空位","data_time":"2026-05-02 15:53:29+08:00","city_label":"新北市","facility_kind_label":"路邊車格","available_rate":1,"occupancy_rate":0,"price_tier":"unknown","price_tier_label":"價格未知"}},{"type":"Feature","geometry":{"type":"Point","coordinates":[121.450553,25.165401]},"properties":{"supply_id":"new_taipei-onstreet-89237","city":"new_taipei","district":"淡水區","display_name":"竿蓁大型停車場 車格 89237","address":"竿蓁大型停車場","facility_kind":"onstreet","symbol_text":null,"type_reference":"路邊停車格","type_confidence":0.6,"price_raw":null,"price_value":null,"capacity_total":1,"available_total":null,"occupied_total":null,"status_label":"不可用","data_time":"2026-05-02 15:53:29+08:00","city_label":"新北市","facility_kind_label":"路邊車格","available_rate":null,"occupancy_rate":null,"price_tier":"unknown","price_tier_label":"價格未知"}},{"type":"Feature","geometry":{"type":"Point","coordinates":[121.422242,25.183248]},"properties":{"supply_id":"new_taipei-onstreet-102615","city":"new_taipei","district":"淡水區","display_name":"沙崙路131巷13弄 車格 102615","address":"沙崙路131巷13弄","facility_kind":"onstreet","symbol_text":null,"type_reference":"路邊停車格","type_confidence":0.6,"price_raw":null,"price_value":null,"capacity_total":1,"available_total":1,"occupied_total":0,"status_label":"空位","data_time":"2026-05-02 15:53:29+08:00","city_label":"新北市","facility_kind_label":"路邊車格","available_rate":1,"occupancy_rate":0,"price_tier":"unknown","price_tier_label":"價格未知"}},{"type":"Feature","geometry":{"type":"Point","coordinates":[121.44546,25.185812]},"properties":{"supply_id":"new_taipei-onstreet-140080","city":"new_taipei","district":"淡水區","display_name":"新市一路三段101巷 車格 140080","address":"新市一路三段101巷","facility_kind":"onstreet","symbol_text":null,"type_reference":"路邊停車格","type_confidence":0.6,"price_raw":null,"price_value":null,"capacity_total":1,"available_total":null,"occupied_total":null,"status_label":"不可用","data_time":"2026-05-02 15:53:29+08:00","city_label":"新北市","facility_kind_label":"路邊車格","available_rate":null,"occupancy_rate":null,"price_tier":"unknown","price_tier_label":"價格未知"}},{"type":"Feature","geometry":{"type":"Point","coordinates":[121.428231,25.19232]},"properties":{"supply_id":"new_taipei-onstreet-141824","city":"new_taipei","district":"淡水區","display_name":"濱海路三段148巷50弄 車格 141824","address":"濱海路三段148巷50弄","facility_kind":"onstreet","symbol_text":null,"type_reference":"路邊停車格","type_confidence":0.6,"price_raw":null,"price_value":null,"capacity_total":1,"available_total":0,"occupied_total":1,"status_label":"已停","data_time":"2026-05-02 15:53:29+08:00","city_label":"新北市","facility_kind_label":"路邊車格","available_rate":0,"occupancy_rate":1,"price_tier":"unknown","price_tier_label":"價格未知"}},{"type":"Feature","geometry":{"type":"Point","coordinates":[121.420349,25.18456]},"properties":{"supply_id":"new_taipei-onstreet-148101","city":"new_taipei","district":"淡水區","display_name":"淡海路 車格 148101","address":"淡海路","facility_kind":"onstreet","symbol_text":null,"type_reference":"路邊停車格","type_confidence":0.6,"price_raw":null,"price_value":null,"capacity_total":1,"available_total":0,"occupied_total":1,"status_label":"已停","data_time":"2026-05-02 15:53:29+08:00","city_label":"新北市","facility_kind_label":"路邊車格","available_rate":0,"occupancy_rate":1,"price_tier":"unknown","price_tier_label":"價格未知"}},{"type":"Feature","geometry":{"type":"Point","coordinates":[121.42348,25.198581]},"properties":{"supply_id":"new_taipei-onstreet-148582","city":"new_taipei","district":"淡水區","display_name":"崁頂五路279巷 車格 148582","address":"崁頂五路279巷","facility_kind":"onstreet","symbol_text":null,"type_reference":"路邊停車格","type_confidence":0.6,"price_raw":null,"price_value":null,"capacity_total":1,"available_total":0,"occupied_total":1,"status_label":"已停","data_time":"2026-05-02 15:53:29+08:00","city_label":"新北市","facility_kind_label":"路邊車格","available_rate":0,"occupancy_rate":1,"price_tier":"unknown","price_tier_label":"價格未知"}},{"type":"Feature","geometry":{"type":"Point","coordinates":[121.446573,25.178424]},"properties":{"supply_id":"new_taipei-onstreet-22485","city":"new_taipei","district":"淡水區","display_name":"北新路 車格 22485","address":"北新路","facility_kind":"onstreet","symbol_text":null,"type_reference":"路邊停車格","type_confidence":0.6,"price_raw":null,"price_value":null,"capacity_total":1,"available_total":0,"occupied_total":1,"status_label":"已停","data_time":"2026-05-02 15:53:29+08:00","city_label":"新北市","facility_kind_label":"路邊車格","available_rate":0,"occupancy_rate":1,"price_tier":"unknown","price_tier_label":"價格未知"}},{"type":"Feature","geometry":{"type":"Point","coordinates":[121.438485,25.18783]},"properties":{"supply_id":"new_taipei-onstreet-28078","city":"new_taipei","district":"淡水區","display_name":"濱海路一段111巷 車格 28078","address":"濱海路一段111巷","facility_kind":"onstreet","symbol_text":null,"type_reference":"路邊停車格","type_confidence":0.6,"price_raw":null,"price_value":null,"capacity_total":1,"available_total":1,"occupied_total":0,"status_label":"空位","data_time":"2026-05-02 15:53:29+08:00","city_label":"新北市","facility_kind_label":"路邊車格","available_rate":1,"occupancy_rate":0,"price_tier":"unknown","price_tier_label":"價格未知"}},{"type":"Feature","geometry":{"type":"Point","coordinates":[121.427097,25.186857]},"properties":{"supply_id":"new_taipei-onstreet-148038","city":"new_taipei","district":"淡水區","display_name":"沙崙路 車格 148038","address":"沙崙路","facility_kind":"onstreet","symbol_text":null,"type_reference":"路邊停車格","type_confidence":0.6,"price_raw":null,"price_value":null,"capacity_total":1,"available_total":1,"occupied_total":0,"status_label":"空位","data_time":"2026-05-02 15:53:29+08:00","city_label":"新北市","facility_kind_label":"路邊車格","available_rate":1,"occupancy_rate":0,"price_tier":"unknown","price_tier_label":"價格未知"}},{"type":"Feature","geometry":{"type":"Point","coordinates":[121.427859,25.188423]},"properties":{"supply_id":"new_taipei-onstreet-148048","city":"new_taipei","district":"淡水區","display_name":"新民街一段 車格 148048","address":"新民街一段","facility_kind":"onstreet","symbol_text":null,"type_reference":"路邊停車格","type_confidence":0.6,"price_raw":null,"price_value":null,"capacity_total":1,"available_total":1,"occupied_total":0,"status_label":"空位","data_time":"2026-05-02 15:53:29+08:00","city_label":"新北市","facility_kind_label":"路邊車格","available_rate":1,"occupancy_rate":0,"price_tier":"unknown","price_tier_label":"價格未知"}},{"type":"Feature","geometry":{"type":"Point","coordinates":[121.437544,25.186611]},"properties":{"supply_id":"new_taipei-onstreet-115223","city":"new_taipei","district":"淡水區","display_name":"義山路一段 車格 115223","address":"義山路一段","facility_kind":"onstreet","symbol_text":null,"type_reference":"路邊停車格","type_confidence":0.6,"price_raw":null,"price_value":null,"capacity_total":1,"available_total":1,"occupied_total":0,"status_label":"空位","data_time":"2026-05-02 15:53:29+08:00","city_label":"新北市","facility_kind_label":"路邊車格","available_rate":1,"occupancy_rate":0,"price_tier":"unknown","price_tier_label":"價格未知"}},{"type":"Feature","geometry":{"type":"Point","coordinates":[121.436212,25.195779]},"properties":{"supply_id":"new_taipei-onstreet-25026","city":"new_taipei","district":"淡水區","display_name":"新市三路二段 車格 25026","address":"新市三路二段","facility_kind":"onstreet","symbol_text":null,"type_reference":"路邊停車格","type_confidence":0.6,"price_raw":null,"price_value":null,"capacity_total":1,"available_total":1,"occupied_total":0,"status_label":"空位","data_time":"2026-05-02 15:53:29+08:00","city_label":"新北市","facility_kind_label":"路邊車格","available_rate":1,"occupancy_rate":0,"price_tier":"unknown","price_tier_label":"價格未知"}},{"type":"Feature","geometry":{"type":"Point","coordinates":[121.44426,25.18594]},"properties":{"supply_id":"new_taipei-onstreet-142365","city":"new_taipei","district":"淡水區","display_name":"中山北路二段 車格 142365","address":"中山北路二段","facility_kind":"onstreet","symbol_text":null,"type_reference":"路邊停車格","type_confidence":0.6,"price_raw":null,"price_value":null,"capacity_total":1,"available_total":0,"occupied_total":1,"status_label":"已停","data_time":"2026-05-02 15:53:29+08:00","city_label":"新北市","facility_kind_label":"路邊車格","available_rate":0,"occupancy_rate":1,"price_tier":"unknown","price_tier_label":"價格未知"}},{"type":"Feature","geometry":{"type":"Point","coordinates":[121.427062,25.186764]},"properties":{"supply_id":"new_taipei-onstreet-148036","city":"new_taipei","district":"淡水區","display_name":"沙崙路 車格 148036","address":"沙崙路","facility_kind":"onstreet","symbol_text":null,"type_reference":"路邊停車格","type_confidence":0.6,"price_raw":null,"price_value":null,"capacity_total":1,"available_total":1,"occupied_total":0,"status_label":"空位","data_time":"2026-05-02 15:53:29+08:00","city_label":"新北市","facility_kind_label":"路邊車格","available_rate":1,"occupancy_rate":0,"price_tier":"unknown","price_tier_label":"價格未知"}},{"type":"Feature","geometry":{"type":"Point","coordinates":[121.428772,25.197857]},"properties":{"supply_id":"new_taipei-onstreet-153903","city":"new_taipei","district":"淡水區","display_name":"新市三路一段 車格 153903","address":"新市三路一段","facility_kind":"onstreet","symbol_text":null,"type_reference":"路邊停車格","type_confidence":0.6,"price_raw":null,"price_value":null,"capacity_total":1,"available_total":null,"occupied_total":null,"status_label":"不可用","data_time":"2026-05-02 15:53:29+08:00","city_label":"新北市","facility_kind_label":"路邊車格","available_rate":null,"occupancy_rate":null,"price_tier":"unknown","price_tier_label":"價格未知"}},{"type":"Feature","geometry":{"type":"Point","coordinates":[121.424124,25.177611]},"properties":{"supply_id":"new_taipei-onstreet-155603","city":"new_taipei","district":"淡水區","display_name":"中正路一段 車格 155603","address":"中正路一段","facility_kind":"onstreet","symbol_text":null,"type_reference":"路邊停車格","type_confidence":0.6,"price_raw":null,"price_value":null,"capacity_total":1,"available_total":0,"occupied_total":1,"status_label":"已停","data_time":"2026-05-02 15:53:29+08:00","city_label":"新北市","facility_kind_label":"路邊車格","available_rate":0,"occupancy_rate":1,"price_tier":"unknown","price_tier_label":"價格未知"}},{"type":"Feature","geometry":{"type":"Point","coordinates":[121.436112,25.189289]},"properties":{"supply_id":"new_taipei-onstreet-20756","city":"new_taipei","district":"淡水區","display_name":"新市一路一段331巷 車格 20756","address":"新市一路一段331巷","facility_kind":"onstreet","symbol_text":null,"type_reference":"路邊停車格","type_confidence":0.6,"price_raw":null,"price_value":null,"capacity_total":1,"available_total":0,"occupied_total":1,"status_label":"已停","data_time":"2026-05-02 15:53:29+08:00","city_label":"新北市","facility_kind_label":"路邊車格","available_rate":0,"occupancy_rate":1,"price_tier":"unknown","price_tier_label":"價格未知"}},{"type":"Feature","geometry":{"type":"Point","coordinates":[121.434275,25.196018]},"properties":{"supply_id":"new_taipei-onstreet-122188","city":"new_taipei","district":"淡水區","display_name":"新市三路二段 車格 122188","address":"新市三路二段","facility_kind":"onstreet","symbol_text":null,"type_reference":"路邊停車格","type_confidence":0.6,"price_raw":null,"price_value":null,"capacity_total":1,"available_total":1,"occupied_total":0,"status_label":"空位","data_time":"2026-05-02 15:53:29+08:00","city_label":"新北市","facility_kind_label":"路邊車格","available_rate":1,"occupancy_rate":0,"price_tier":"unknown","price_tier_label":"價格未知"}},{"type":"Feature","geometry":{"type":"Point","coordinates":[121.415122,25.187915]},"properties":{"supply_id":"new_taipei-onstreet-144077","city":"new_taipei","district":"淡水區","display_name":"觀海路 車格 144077","address":"觀海路","facility_kind":"onstreet","symbol_text":null,"type_reference":"路邊停車格","type_confidence":0.6,"price_raw":null,"price_value":null,"capacity_total":1,"available_total":null,"occupied_total":null,"status_label":"不可用","data_time":"2026-05-02 15:53:29+08:00","city_label":"新北市","facility_kind_label":"路邊車格","available_rate":null,"occupancy_rate":null,"price_tier":"unknown","price_tier_label":"價格未知"}},{"type":"Feature","geometry":{"type":"Point","coordinates":[121.419536,25.188807]},"properties":{"supply_id":"new_taipei-onstreet-148439","city":"new_taipei","district":"淡水區","display_name":"淡海路 車格 148439","address":"淡海路","facility_kind":"onstreet","symbol_text":null,"type_reference":"路邊停車格","type_confidence":0.6,"price_raw":null,"price_value":null,"capacity_total":1,"available_total":1,"occupied_total":0,"status_label":"空位","data_time":"2026-05-02 15:53:29+08:00","city_label":"新北市","facility_kind_label":"路邊車格","available_rate":1,"occupancy_rate":0,"price_tier":"unknown","price_tier_label":"價格未知"}},{"type":"Feature","geometry":{"type":"Point","coordinates":[121.434092,25.188053]},"properties":{"supply_id":"new_taipei-onstreet-123468","city":"new_taipei","district":"淡水區","display_name":"義山路一段163巷 車格 123468","address":"義山路一段163巷","facility_kind":"onstreet","symbol_text":null,"type_reference":"路邊停車格","type_confidence":0.6,"price_raw":null,"price_value":null,"capacity_total":1,"available_total":1,"occupied_total":0,"status_label":"空位","data_time":"2026-05-02 15:53:29+08:00","city_label":"新北市","facility_kind_label":"路邊車格","available_rate":1,"occupancy_rate":0,"price_tier":"unknown","price_tier_label":"價格未知"}},{"type":"Feature","geometry":{"type":"Point","coordinates":[121.42506,25.183057]},"properties":{"supply_id":"new_taipei-onstreet-150867","city":"new_taipei","district":"淡水區","display_name":"淡海路72巷 車格 150867","address":"淡海路72巷","facility_kind":"onstreet","symbol_text":null,"type_reference":"路邊停車格","type_confidence":0.6,"price_raw":null,"price_value":null,"capacity_total":1,"available_total":1,"occupied_total":0,"status_label":"空位","data_time":"2026-05-02 15:53:29+08:00","city_label":"新北市","facility_kind_label":"路邊車格","available_rate":1,"occupancy_rate":0,"price_tier":"unknown","price_tier_label":"價格未知"}},{"type":"Feature","geometry":{"type":"Point","coordinates":[121.435118,25.187976]},"properties":{"supply_id":"new_taipei-onstreet-123460","city":"new_taipei","district":"淡水區","display_name":"義山路一段163巷 車格 123460","address":"義山路一段163巷","facility_kind":"onstreet","symbol_text":null,"type_reference":"路邊停車格","type_confidence":0.6,"price_raw":null,"price_value":null,"capacity_total":1,"available_total":1,"occupied_total":0,"status_label":"空位","data_time":"2026-05-02 15:53:29+08:00","city_label":"新北市","facility_kind_label":"路邊車格","available_rate":1,"occupancy_rate":0,"price_tier":"unknown","price_tier_label":"價格未知"}},{"type":"Feature","geometry":{"type":"Point","coordinates":[121.42248,25.183564]},"properties":{"supply_id":"new_taipei-onstreet-124870","city":"new_taipei","district":"淡水區","display_name":"沙崙路131巷13弄 車格 124870","address":"沙崙路131巷13弄","facility_kind":"onstreet","symbol_text":null,"type_reference":"路邊停車格","type_confidence":0.6,"price_raw":null,"price_value":null,"capacity_total":1,"available_total":1,"occupied_total":0,"status_label":"空位","data_time":"2026-05-02 15:53:29+08:00","city_label":"新北市","facility_kind_label":"路邊車格","available_rate":1,"occupancy_rate":0,"price_tier":"unknown","price_tier_label":"價格未知"}},{"type":"Feature","geometry":{"type":"Point","coordinates":[121.445467,25.185663]},"properties":{"supply_id":"new_taipei-onstreet-140081","city":"new_taipei","district":"淡水區","display_name":"新市一路三段101巷 車格 140081","address":"新市一路三段101巷","facility_kind":"onstreet","symbol_text":null,"type_reference":"路邊停車格","type_confidence":0.6,"price_raw":null,"price_value":null,"capacity_total":1,"available_total":null,"occupied_total":null,"status_label":"不可用","data_time":"2026-05-02 15:53:29+08:00","city_label":"新北市","facility_kind_label":"路邊車格","available_rate":null,"occupancy_rate":null,"price_tier":"unknown","price_tier_label":"價格未知"}},{"type":"Feature","geometry":{"type":"Point","coordinates":[121.426877,25.182616]},"properties":{"supply_id":"new_taipei-onstreet-156017","city":"new_taipei","district":"淡水區","display_name":"中正路一段22巷 車格 156017","address":"中正路一段22巷","facility_kind":"onstreet","symbol_text":null,"type_reference":"路邊停車格","type_confidence":0.6,"price_raw":null,"price_value":null,"capacity_total":1,"available_total":1,"occupied_total":0,"status_label":"空位","data_time":"2026-05-02 15:53:29+08:00","city_label":"新北市","facility_kind_label":"路邊車格","available_rate":1,"occupancy_rate":0,"price_tier":"unknown","price_tier_label":"價格未知"}},{"type":"Feature","geometry":{"type":"Point","coordinates":[121.445464,25.185713]},"properties":{"supply_id":"new_taipei-onstreet-140082","city":"new_taipei","district":"淡水區","display_name":"新市一路三段101巷 車格 140082","address":"新市一路三段101巷","facility_kind":"onstreet","symbol_text":null,"type_reference":"路邊停車格","type_confidence":0.6,"price_raw":null,"price_value":null,"capacity_total":1,"available_total":null,"occupied_total":null,"status_label":"不可用","data_time":"2026-05-02 15:53:29+08:00","city_label":"新北市","facility_kind_label":"路邊車格","available_rate":null,"occupancy_rate":null,"price_tier":"unknown","price_tier_label":"價格未知"}},{"type":"Feature","geometry":{"type":"Point","coordinates":[121.452095,25.165717]},"properties":{"supply_id":"new_taipei-onstreet-99079","city":"new_taipei","district":"淡水區","display_name":"中正東路一段3巷 車格 99079","address":"中正東路一段3巷","facility_kind":"onstreet","symbol_text":null,"type_reference":"路邊停車格","type_confidence":0.6,"price_raw":null,"price_value":null,"capacity_total":1,"available_total":0,"occupied_total":1,"status_label":"已停","data_time":"2026-05-02 15:53:29+08:00","city_label":"新北市","facility_kind_label":"路邊車格","available_rate":0,"occupancy_rate":1,"price_tier":"unknown","price_tier_label":"價格未知"}},{"type":"Feature","geometry":{"type":"Point","coordinates":[121.459721,25.159762]},"properties":{"supply_id":"new_taipei-onstreet-88986","city":"new_taipei","district":"淡水區","display_name":"竹圍6號道路 車格 88986","address":"竹圍6號道路","facility_kind":"onstreet","symbol_text":null,"type_reference":"路邊停車格","type_confidence":0.6,"price_raw":null,"price_value":null,"capacity_total":1,"available_total":1,"occupied_total":0,"status_label":"空位","data_time":"2026-05-02 15:53:29+08:00","city_label":"新北市","facility_kind_label":"路邊車格","available_rate":1,"occupancy_rate":0,"price_tier":"unknown","price_tier_label":"價格未知"}},{"type":"Feature","geometry":{"type":"Point","coordinates":[121.42229,25.183312]},"properties":{"supply_id":"new_taipei-onstreet-124871","city":"new_taipei","district":"淡水區","display_name":"沙崙路131巷13弄 車格 124871","address":"沙崙路131巷13弄","facility_kind":"onstreet","symbol_text":null,"type_reference":"路邊停車格","type_confidence":0.6,"price_raw":null,"price_value":null,"capacity_total":1,"available_total":1,"occupied_total":0,"status_label":"空位","data_time":"2026-05-02 15:53:29+08:00","city_label":"新北市","facility_kind_label":"路邊車格","available_rate":1,"occupancy_rate":0,"price_tier":"unknown","price_tier_label":"價格未知"}},{"type":"Feature","geometry":{"type":"Point","coordinates":[121.445462,25.185762]},"properties":{"supply_id":"new_taipei-onstreet-140077","city":"new_taipei","district":"淡水區","display_name":"新市一路三段101巷 車格 140077","address":"新市一路三段101巷","facility_kind":"onstreet","symbol_text":null,"type_reference":"路邊停車格","type_confidence":0.6,"price_raw":null,"price_value":null,"capacity_total":1,"available_total":null,"occupied_total":null,"status_label":"不可用","data_time":"2026-05-02 15:53:29+08:00","city_label":"新北市","facility_kind_label":"路邊車格","available_rate":null,"occupancy_rate":null,"price_tier":"unknown","price_tier_label":"價格未知"}},{"type":"Feature","geometry":{"type":"Point","coordinates":[121.421673,25.18077]},"properties":{"supply_id":"new_taipei-onstreet-148055","city":"new_taipei","district":"淡水區","display_name":"中正路一段156巷 車格 148055","address":"中正路一段156巷","facility_kind":"onstreet","symbol_text":null,"type_reference":"路邊停車格","type_confidence":0.6,"price_raw":null,"price_value":null,"capacity_total":1,"available_total":1,"occupied_total":0,"status_label":"空位","data_time":"2026-05-02 15:53:29+08:00","city_label":"新北市","facility_kind_label":"路邊車格","available_rate":1,"occupancy_rate":0,"price_tier":"unknown","price_tier_label":"價格未知"}},{"type":"Feature","geometry":{"type":"Point","coordinates":[121.435377,25.187974]},"properties":{"supply_id":"new_taipei-onstreet-123462","city":"new_taipei","district":"淡水區","display_name":"義山路一段163巷 車格 123462","address":"義山路一段163巷","facility_kind":"onstreet","symbol_text":null,"type_reference":"路邊停車格","type_confidence":0.6,"price_raw":null,"price_value":null,"capacity_total":1,"available_total":1,"occupied_total":0,"status_label":"空位","data_time":"2026-05-02 15:53:29+08:00","city_label":"新北市","facility_kind_label":"路邊車格","available_rate":1,"occupancy_rate":0,"price_tier":"unknown","price_tier_label":"價格未知"}},{"type":"Feature","geometry":{"type":"Point","coordinates":[121.438539,25.187823]},"properties":{"supply_id":"new_taipei-onstreet-102837","city":"new_taipei","district":"淡水區","display_name":"濱海路一段111巷 車格 102837","address":"濱海路一段111巷","facility_kind":"onstreet","symbol_text":null,"type_reference":"路邊停車格","type_confidence":0.6,"price_raw":null,"price_value":null,"capacity_total":1,"available_total":1,"occupied_total":0,"status_label":"空位","data_time":"2026-05-02 15:53:29+08:00","city_label":"新北市","facility_kind_label":"路邊車格","available_rate":1,"occupancy_rate":0,"price_tier":"unknown","price_tier_label":"價格未知"}},{"type":"Feature","geometry":{"type":"Point","coordinates":[121.444262,25.18589]},"properties":{"supply_id":"new_taipei-onstreet-142364","city":"new_taipei","district":"淡水區","display_name":"中山北路二段 車格 142364","address":"中山北路二段","facility_kind":"onstreet","symbol_text":null,"type_reference":"路邊停車格","type_confidence":0.6,"price_raw":null,"price_value":null,"capacity_total":1,"available_total":0,"occupied_total":1,"status_label":"已停","data_time":"2026-05-02 15:53:29+08:00","city_label":"新北市","facility_kind_label":"路邊車格","available_rate":0,"occupancy_rate":1,"price_tier":"unknown","price_tier_label":"價格未知"}},{"type":"Feature","geometry":{"type":"Point","coordinates":[121.427079,25.186811]},"properties":{"supply_id":"new_taipei-onstreet-148037","city":"new_taipei","district":"淡水區","display_name":"沙崙路 車格 148037","address":"沙崙路","facility_kind":"onstreet","symbol_text":null,"type_reference":"路邊停車格","type_confidence":0.6,"price_raw":null,"price_value":null,"capacity_total":1,"available_total":1,"occupied_total":0,"status_label":"空位","data_time":"2026-05-02 15:53:29+08:00","city_label":"新北市","facility_kind_label":"路邊車格","available_rate":1,"occupancy_rate":0,"price_tier":"unknown","price_tier_label":"價格未知"}},{"type":"Feature","geometry":{"type":"Point","coordinates":[121.42521,25.182737]},"properties":{"supply_id":"new_taipei-onstreet-150873","city":"new_taipei","district":"淡水區","display_name":"淡海路72巷 車格 150873","address":"淡海路72巷","facility_kind":"onstreet","symbol_text":null,"type_reference":"路邊停車格","type_confidence":0.6,"price_raw":null,"price_value":null,"capacity_total":1,"available_total":0,"occupied_total":1,"status_label":"已停","data_time":"2026-05-02 15:53:29+08:00","city_label":"新北市","facility_kind_label":"路邊車格","available_rate":0,"occupancy_rate":1,"price_tier":"unknown","price_tier_label":"價格未知"}},{"type":"Feature","geometry":{"type":"Point","coordinates":[121.437574,25.186808]},"properties":{"supply_id":"new_taipei-onstreet-115227","city":"new_taipei","district":"淡水區","display_name":"義山路一段 車格 115227","address":"義山路一段","facility_kind":"onstreet","symbol_text":null,"type_reference":"路邊停車格","type_confidence":0.6,"price_raw":null,"price_value":null,"capacity_total":1,"available_total":0,"occupied_total":1,"status_label":"已停","data_time":"2026-05-02 15:53:29+08:00","city_label":"新北市","facility_kind_label":"路邊車格","available_rate":0,"occupancy_rate":1,"price_tier":"unknown","price_tier_label":"價格未知"}},{"type":"Feature","geometry":{"type":"Point","coordinates":[121.434221,25.196025]},"properties":{"supply_id":"new_taipei-onstreet-122187","city":"new_taipei","district":"淡水區","display_name":"新市三路二段 車格 122187","address":"新市三路二段","facility_kind":"onstreet","symbol_text":null,"type_reference":"路邊停車格","type_confidence":0.6,"price_raw":null,"price_value":null,"capacity_total":1,"available_total":0,"occupied_total":1,"status_label":"已停","data_time":"2026-05-02 15:53:29+08:00","city_label":"新北市","facility_kind_label":"路邊車格","available_rate":0,"occupancy_rate":1,"price_tier":"unknown","price_tier_label":"價格未知"}},{"type":"Feature","geometry":{"type":"Point","coordinates":[121.422414,25.185078]},"properties":{"supply_id":"new_taipei-onstreet-126830","city":"new_taipei","district":"淡水區","display_name":"淡海路184巷 車格 126830","address":"淡海路184巷","facility_kind":"onstreet","symbol_text":null,"type_reference":"路邊停車格","type_confidence":0.6,"price_raw":null,"price_value":null,"capacity_total":1,"available_total":1,"occupied_total":0,"status_label":"空位","data_time":"2026-05-02 15:53:29+08:00","city_label":"新北市","facility_kind_label":"路邊車格","available_rate":1,"occupancy_rate":0,"price_tier":"unknown","price_tier_label":"價格未知"}},{"type":"Feature","geometry":{"type":"Point","coordinates":[121.455377,25.177726]},"properties":{"supply_id":"new_taipei-onstreet-117082","city":"new_taipei","district":"淡水區","display_name":"淡金路一段 車格 117082","address":"淡金路一段","facility_kind":"onstreet","symbol_text":null,"type_reference":"路邊停車格","type_confidence":0.6,"price_raw":null,"price_value":null,"capacity_total":1,"available_total":1,"occupied_total":0,"status_label":"空位","data_time":"2026-05-02 15:53:29+08:00","city_label":"新北市","facility_kind_label":"路邊車格","available_rate":1,"occupancy_rate":0,"price_tier":"unknown","price_tier_label":"價格未知"}},{"type":"Feature","geometry":{"type":"Point","coordinates":[121.426841,25.196295]},"properties":{"supply_id":"new_taipei-onstreet-141567","city":"new_taipei","district":"淡水區","display_name":"後州路一段 車格 141567","address":"後州路一段","facility_kind":"onstreet","symbol_text":null,"type_reference":"路邊停車格","type_confidence":0.6,"price_raw":null,"price_value":null,"capacity_total":1,"available_total":1,"occupied_total":0,"status_label":"空位","data_time":"2026-05-02 15:53:29+08:00","city_label":"新北市","facility_kind_label":"路邊車格","available_rate":1,"occupancy_rate":0,"price_tier":"unknown","price_tier_label":"價格未知"}},{"type":"Feature","geometry":{"type":"Point","coordinates":[121.424051,25.193405]},"properties":{"supply_id":"new_taipei-onstreet-149492","city":"new_taipei","district":"淡水區","display_name":"港坪公園周邊道路 車格 149492","address":"港坪公園周邊道路","facility_kind":"onstreet","symbol_text":null,"type_reference":"路邊停車格","type_confidence":0.6,"price_raw":null,"price_value":null,"capacity_total":1,"available_total":null,"occupied_total":null,"status_label":"狀態未知","data_time":"2026-05-02 15:53:29+08:00","city_label":"新北市","facility_kind_label":"路邊車格","available_rate":null,"occupancy_rate":null,"price_tier":"unknown","price_tier_label":"價格未知"}},{"type":"Feature","geometry":{"type":"Point","coordinates":[121.423437,25.19849]},"properties":{"supply_id":"new_taipei-onstreet-148584","city":"new_taipei","district":"淡水區","display_name":"崁頂五路279巷 車格 148584","address":"崁頂五路279巷","facility_kind":"onstreet","symbol_text":null,"type_reference":"路邊停車格","type_confidence":0.6,"price_raw":null,"price_value":null,"capacity_total":1,"available_total":0,"occupied_total":1,"status_label":"已停","data_time":"2026-05-02 15:53:29+08:00","city_label":"新北市","facility_kind_label":"路邊車格","available_rate":0,"occupancy_rate":1,"price_tier":"unknown","price_tier_label":"價格未知"}},{"type":"Feature","geometry":{"type":"Point","coordinates":[121.425107,25.182968]},"properties":{"supply_id":"new_taipei-onstreet-150869","city":"new_taipei","district":"淡水區","display_name":"淡海路72巷 車格 150869","address":"淡海路72巷","facility_kind":"onstreet","symbol_text":null,"type_reference":"路邊停車格","type_confidence":0.6,"price_raw":null,"price_value":null,"capacity_total":1,"available_total":1,"occupied_total":0,"status_label":"空位","data_time":"2026-05-02 15:53:29+08:00","city_label":"新北市","facility_kind_label":"路邊車格","available_rate":1,"occupancy_rate":0,"price_tier":"unknown","price_tier_label":"價格未知"}},{"type":"Feature","geometry":{"type":"Point","coordinates":[121.422742,25.179848]},"properties":{"supply_id":"new_taipei-onstreet-155623","city":"new_taipei","district":"淡水區","display_name":"中正路一段132巷 車格 155623","address":"中正路一段132巷","facility_kind":"onstreet","symbol_text":null,"type_reference":"路邊停車格","type_confidence":0.6,"price_raw":null,"price_value":null,"capacity_total":1,"available_total":0,"occupied_total":1,"status_label":"已停","data_time":"2026-05-02 15:53:29+08:00","city_label":"新北市","facility_kind_label":"路邊車格","available_rate":0,"occupancy_rate":1,"price_tier":"unknown","price_tier_label":"價格未知"}},{"type":"Feature","geometry":{"type":"Point","coordinates":[121.434141,25.188044]},"properties":{"supply_id":"new_taipei-onstreet-123467","city":"new_taipei","district":"淡水區","display_name":"義山路一段163巷 車格 123467","address":"義山路一段163巷","facility_kind":"onstreet","symbol_text":null,"type_reference":"路邊停車格","type_confidence":0.6,"price_raw":null,"price_value":null,"capacity_total":1,"available_total":1,"occupied_total":0,"status_label":"空位","data_time":"2026-05-02 15:53:29+08:00","city_label":"新北市","facility_kind_label":"路邊車格","available_rate":1,"occupancy_rate":0,"price_tier":"unknown","price_tier_label":"價格未知"}},{"type":"Feature","geometry":{"type":"Point","coordinates":[121.425002,25.183167]},"properties":{"supply_id":"new_taipei-onstreet-150866","city":"new_taipei","district":"淡水區","display_name":"淡海路72巷 車格 150866","address":"淡海路72巷","facility_kind":"onstreet","symbol_text":null,"type_reference":"路邊停車格","type_confidence":0.6,"price_raw":null,"price_value":null,"capacity_total":1,"available_total":1,"occupied_total":0,"status_label":"空位","data_time":"2026-05-02 15:53:29+08:00","city_label":"新北市","facility_kind_label":"路邊車格","available_rate":1,"occupancy_rate":0,"price_tier":"unknown","price_tier_label":"價格未知"}},{"type":"Feature","geometry":{"type":"Point","coordinates":[121.429085,25.185299]},"properties":{"supply_id":"new_taipei-onstreet-139632","city":"new_taipei","district":"淡水區","display_name":"大庄路 車格 139632","address":"大庄路","facility_kind":"onstreet","symbol_text":null,"type_reference":"路邊停車格","type_confidence":0.6,"price_raw":null,"price_value":null,"capacity_total":1,"available_total":1,"occupied_total":0,"status_label":"空位","data_time":"2026-05-02 15:53:29+08:00","city_label":"新北市","facility_kind_label":"路邊車格","available_rate":1,"occupancy_rate":0,"price_tier":"unknown","price_tier_label":"價格未知"}},{"type":"Feature","geometry":{"type":"Point","coordinates":[121.427066,25.196789]},"properties":{"supply_id":"new_taipei-onstreet-141571","city":"new_taipei","district":"淡水區","display_name":"後州路一段 車格 141571","address":"後州路一段","facility_kind":"onstreet","symbol_text":null,"type_reference":"路邊停車格","type_confidence":0.6,"price_raw":null,"price_value":null,"capacity_total":1,"available_total":1,"occupied_total":0,"status_label":"空位","data_time":"2026-05-02 15:53:29+08:00","city_label":"新北市","facility_kind_label":"路邊車格","available_rate":1,"occupancy_rate":0,"price_tier":"unknown","price_tier_label":"價格未知"}},{"type":"Feature","geometry":{"type":"Point","coordinates":[121.42236,25.181205]},"properties":{"supply_id":"new_taipei-onstreet-148064","city":"new_taipei","district":"淡水區","display_name":"中正路一段156巷 車格 148064","address":"中正路一段156巷","facility_kind":"onstreet","symbol_text":null,"type_reference":"路邊停車格","type_confidence":0.6,"price_raw":null,"price_value":null,"capacity_total":1,"available_total":1,"occupied_total":0,"status_label":"空位","data_time":"2026-05-02 15:53:29+08:00","city_label":"新北市","facility_kind_label":"路邊車格","available_rate":1,"occupancy_rate":0,"price_tier":"unknown","price_tier_label":"價格未知"}},{"type":"Feature","geometry":{"type":"Point","coordinates":[121.424979,25.183212]},"properties":{"supply_id":"new_taipei-onstreet-150865","city":"new_taipei","district":"淡水區","display_name":"淡海路72巷 車格 150865","address":"淡海路72巷","facility_kind":"onstreet","symbol_text":null,"type_reference":"路邊停車格","type_confidence":0.6,"price_raw":null,"price_value":null,"capacity_total":1,"available_total":0,"occupied_total":1,"status_label":"已停","data_time":"2026-05-02 15:53:29+08:00","city_label":"新北市","facility_kind_label":"路邊車格","available_rate":0,"occupancy_rate":1,"price_tier":"unknown","price_tier_label":"價格未知"}},{"type":"Feature","geometry":{"type":"Point","coordinates":[121.446206,25.178559]},"properties":{"supply_id":"new_taipei-onstreet-99718","city":"new_taipei","district":"淡水區","display_name":"北新路一段69巷 車格 99718","address":"北新路一段69巷","facility_kind":"onstreet","symbol_text":null,"type_reference":"路邊停車格","type_confidence":0.6,"price_raw":null,"price_value":null,"capacity_total":1,"available_total":1,"occupied_total":0,"status_label":"空位","data_time":"2026-05-02 15:53:29+08:00","city_label":"新北市","facility_kind_label":"路邊車格","available_rate":1,"occupancy_rate":0,"price_tier":"unknown","price_tier_label":"價格未知"}},{"type":"Feature","geometry":{"type":"Point","coordinates":[121.437566,25.186758]},"properties":{"supply_id":"new_taipei-onstreet-115228","city":"new_taipei","district":"淡水區","display_name":"義山路一段 車格 115228","address":"義山路一段","facility_kind":"onstreet","symbol_text":null,"type_reference":"路邊停車格","type_confidence":0.6,"price_raw":null,"price_value":null,"capacity_total":1,"available_total":1,"occupied_total":0,"status_label":"空位","data_time":"2026-05-02 15:53:29+08:00","city_label":"新北市","facility_kind_label":"路邊車格","available_rate":1,"occupancy_rate":0,"price_tier":"unknown","price_tier_label":"價格未知"}},{"type":"Feature","geometry":{"type":"Point","coordinates":[121.428974,25.185407]},"properties":{"supply_id":"new_taipei-onstreet-139627","city":"new_taipei","district":"淡水區","display_name":"大庄路 車格 139627","address":"大庄路","facility_kind":"onstreet","symbol_text":null,"type_reference":"路邊停車格","type_confidence":0.6,"price_raw":null,"price_value":null,"capacity_total":1,"available_total":1,"occupied_total":0,"status_label":"空位","data_time":"2026-05-02 15:53:29+08:00","city_label":"新北市","facility_kind_label":"路邊車格","available_rate":1,"occupancy_rate":0,"price_tier":"unknown","price_tier_label":"價格未知"}},{"type":"Feature","geometry":{"type":"Point","coordinates":[121.427008,25.186623]},"properties":{"supply_id":"new_taipei-onstreet-148033","city":"new_taipei","district":"淡水區","display_name":"沙崙路 車格 148033","address":"沙崙路","facility_kind":"onstreet","symbol_text":null,"type_reference":"路邊停車格","type_confidence":0.6,"price_raw":null,"price_value":null,"capacity_total":1,"available_total":1,"occupied_total":0,"status_label":"空位","data_time":"2026-05-02 15:53:29+08:00","city_label":"新北市","facility_kind_label":"路邊車格","available_rate":1,"occupancy_rate":0,"price_tier":"unknown","price_tier_label":"價格未知"}},{"type":"Feature","geometry":{"type":"Point","coordinates":[121.428717,25.197879]},"properties":{"supply_id":"new_taipei-onstreet-152518","city":"new_taipei","district":"淡水區","display_name":"新市三路一段 車格 152518","address":"新市三路一段","facility_kind":"onstreet","symbol_text":null,"type_reference":"路邊停車格","type_confidence":0.6,"price_raw":null,"price_value":null,"capacity_total":1,"available_total":1,"occupied_total":0,"status_label":"空位","data_time":"2026-05-02 15:53:29+08:00","city_label":"新北市","facility_kind_label":"路邊車格","available_rate":1,"occupancy_rate":0,"price_tier":"unknown","price_tier_label":"價格未知"}},{"type":"Feature","geometry":{"type":"Point","coordinates":[121.422514,25.179692]},"properties":{"supply_id":"new_taipei-onstreet-155625","city":"new_taipei","district":"淡水區","display_name":"中正路一段132巷 車格 155625","address":"中正路一段132巷","facility_kind":"onstreet","symbol_text":null,"type_reference":"路邊停車格","type_confidence":0.6,"price_raw":null,"price_value":null,"capacity_total":1,"available_total":1,"occupied_total":0,"status_label":"空位","data_time":"2026-05-02 15:53:29+08:00","city_label":"新北市","facility_kind_label":"路邊車格","available_rate":1,"occupancy_rate":0,"price_tier":"unknown","price_tier_label":"價格未知"}},{"type":"Feature","geometry":{"type":"Point","coordinates":[121.435467,25.194863]},"properties":{"supply_id":"new_taipei-onstreet-24988","city":"new_taipei","district":"淡水區","display_name":"崁頂二路 車格 24988","address":"崁頂二路","facility_kind":"onstreet","symbol_text":null,"type_reference":"路邊停車格","type_confidence":0.6,"price_raw":null,"price_value":null,"capacity_total":1,"available_total":1,"occupied_total":0,"status_label":"空位","data_time":"2026-05-02 15:53:29+08:00","city_label":"新北市","facility_kind_label":"路邊車格","available_rate":1,"occupancy_rate":0,"price_tier":"unknown","price_tier_label":"價格未知"}},{"type":"Feature","geometry":{"type":"Point","coordinates":[121.427691,25.189886]},"properties":{"supply_id":"new_taipei-onstreet-116751","city":"new_taipei","district":"淡水區","display_name":"無名 車格 116751","address":"無名","facility_kind":"onstreet","symbol_text":null,"type_reference":"路邊停車格","type_confidence":0.6,"price_raw":null,"price_value":null,"capacity_total":1,"available_total":0,"occupied_total":1,"status_label":"已停","data_time":"2026-05-02 15:53:29+08:00","city_label":"新北市","facility_kind_label":"路邊車格","available_rate":0,"occupancy_rate":1,"price_tier":"unknown","price_tier_label":"價格未知"}},{"type":"Feature","geometry":{"type":"Point","coordinates":[121.422621,25.185024]},"properties":{"supply_id":"new_taipei-onstreet-126823","city":"new_taipei","district":"淡水區","display_name":"淡海路184巷 車格 126823","address":"淡海路184巷","facility_kind":"onstreet","symbol_text":null,"type_reference":"路邊停車格","type_confidence":0.6,"price_raw":null,"price_value":null,"capacity_total":1,"available_total":1,"occupied_total":0,"status_label":"空位","data_time":"2026-05-02 15:53:29+08:00","city_label":"新北市","facility_kind_label":"路邊車格","available_rate":1,"occupancy_rate":0,"price_tier":"unknown","price_tier_label":"價格未知"}},{"type":"Feature","geometry":{"type":"Point","coordinates":[121.42813,25.192358]},"properties":{"supply_id":"new_taipei-onstreet-141825","city":"new_taipei","district":"淡水區","display_name":"濱海路三段148巷50弄 車格 141825","address":"濱海路三段148巷50弄","facility_kind":"onstreet","symbol_text":null,"type_reference":"路邊停車格","type_confidence":0.6,"price_raw":null,"price_value":null,"capacity_total":1,"available_total":1,"occupied_total":0,"status_label":"空位","data_time":"2026-05-02 15:53:29+08:00","city_label":"新北市","facility_kind_label":"路邊車格","available_rate":1,"occupancy_rate":0,"price_tier":"unknown","price_tier_label":"價格未知"}},{"type":"Feature","geometry":{"type":"Point","coordinates":[121.423704,25.186665]},"properties":{"supply_id":"new_taipei-onstreet-148550","city":"new_taipei","district":"淡水區","display_name":"中正路二段152巷 車格 148550","address":"中正路二段152巷","facility_kind":"onstreet","symbol_text":null,"type_reference":"路邊停車格","type_confidence":0.6,"price_raw":null,"price_value":null,"capacity_total":1,"available_total":1,"occupied_total":0,"status_label":"空位","data_time":"2026-05-02 15:53:29+08:00","city_label":"新北市","facility_kind_label":"路邊車格","available_rate":1,"occupancy_rate":0,"price_tier":"unknown","price_tier_label":"價格未知"}},{"type":"Feature","geometry":{"type":"Point","coordinates":[121.446463,25.178417]},"properties":{"supply_id":"new_taipei-onstreet-93283","city":"new_taipei","district":"淡水區","display_name":"北新路 車格 93283","address":"北新路","facility_kind":"onstreet","symbol_text":null,"type_reference":"路邊停車格","type_confidence":0.6,"price_raw":null,"price_value":null,"capacity_total":1,"available_total":1,"occupied_total":0,"status_label":"空位","data_time":"2026-05-02 15:53:29+08:00","city_label":"新北市","facility_kind_label":"路邊車格","available_rate":1,"occupancy_rate":0,"price_tier":"unknown","price_tier_label":"價格未知"}},{"type":"Feature","geometry":{"type":"Point","coordinates":[121.43608,25.189129]},"properties":{"supply_id":"new_taipei-onstreet-20759","city":"new_taipei","district":"淡水區","display_name":"新市一路一段331巷 車格 20759","address":"新市一路一段331巷","facility_kind":"onstreet","symbol_text":null,"type_reference":"路邊停車格","type_confidence":0.6,"price_raw":null,"price_value":null,"capacity_total":1,"available_total":1,"occupied_total":0,"status_label":"空位","data_time":"2026-05-02 15:53:29+08:00","city_label":"新北市","facility_kind_label":"路邊車格","available_rate":1,"occupancy_rate":0,"price_tier":"unknown","price_tier_label":"價格未知"}},{"type":"Feature","geometry":{"type":"Point","coordinates":[121.415284,25.18793]},"properties":{"supply_id":"new_taipei-onstreet-144074","city":"new_taipei","district":"淡水區","display_name":"觀海路 車格 144074","address":"觀海路","facility_kind":"onstreet","symbol_text":null,"type_reference":"路邊停車格","type_confidence":0.6,"price_raw":null,"price_value":null,"capacity_total":1,"available_total":null,"occupied_total":null,"status_label":"不可用","data_time":"2026-05-02 15:53:29+08:00","city_label":"新北市","facility_kind_label":"路邊車格","available_rate":null,"occupancy_rate":null,"price_tier":"unknown","price_tier_label":"價格未知"}},{"type":"Feature","geometry":{"type":"Point","coordinates":[121.427803,25.188508]},"properties":{"supply_id":"new_taipei-onstreet-148050","city":"new_taipei","district":"淡水區","display_name":"新民街一段 車格 148050","address":"新民街一段","facility_kind":"onstreet","symbol_text":null,"type_reference":"路邊停車格","type_confidence":0.6,"price_raw":null,"price_value":null,"capacity_total":1,"available_total":0,"occupied_total":1,"status_label":"已停","data_time":"2026-05-02 15:53:29+08:00","city_label":"新北市","facility_kind_label":"路邊車格","available_rate":0,"occupancy_rate":1,"price_tier":"unknown","price_tier_label":"價格未知"}},{"type":"Feature","geometry":{"type":"Point","coordinates":[121.419629,25.188685]},"properties":{"supply_id":"new_taipei-onstreet-148438","city":"new_taipei","district":"淡水區","display_name":"淡海路 車格 148438","address":"淡海路","facility_kind":"onstreet","symbol_text":null,"type_reference":"路邊停車格","type_confidence":0.6,"price_raw":null,"price_value":null,"capacity_total":1,"available_total":1,"occupied_total":0,"status_label":"空位","data_time":"2026-05-02 15:53:29+08:00","city_label":"新北市","facility_kind_label":"路邊車格","available_rate":1,"occupancy_rate":0,"price_tier":"unknown","price_tier_label":"價格未知"}},{"type":"Feature","geometry":{"type":"Point","coordinates":[121.426872,25.182517]},"properties":{"supply_id":"new_taipei-onstreet-156019","city":"new_taipei","district":"淡水區","display_name":"中正路一段22巷 車格 156019","address":"中正路一段22巷","facility_kind":"onstreet","symbol_text":null,"type_reference":"路邊停車格","type_confidence":0.6,"price_raw":null,"price_value":null,"capacity_total":1,"available_total":1,"occupied_total":0,"status_label":"空位","data_time":"2026-05-02 15:53:29+08:00","city_label":"新北市","facility_kind_label":"路邊車格","available_rate":1,"occupancy_rate":0,"price_tier":"unknown","price_tier_label":"價格未知"}},{"type":"Feature","geometry":{"type":"Point","coordinates":[121.422774,25.184116]},"properties":{"supply_id":"new_taipei-onstreet-102591","city":"new_taipei","district":"淡水區","display_name":"沙崙路131巷13弄 車格 102591","address":"沙崙路131巷13弄","facility_kind":"onstreet","symbol_text":null,"type_reference":"路邊停車格","type_confidence":0.6,"price_raw":null,"price_value":null,"capacity_total":1,"available_total":1,"occupied_total":0,"status_label":"空位","data_time":"2026-05-02 15:53:29+08:00","city_label":"新北市","facility_kind_label":"路邊車格","available_rate":1,"occupancy_rate":0,"price_tier":"unknown","price_tier_label":"價格未知"}},{"type":"Feature","geometry":{"type":"Point","coordinates":[121.415176,25.18792]},"properties":{"supply_id":"new_taipei-onstreet-144076","city":"new_taipei","district":"淡水區","display_name":"觀海路 車格 144076","address":"觀海路","facility_kind":"onstreet","symbol_text":null,"type_reference":"路邊停車格","type_confidence":0.6,"price_raw":null,"price_value":null,"capacity_total":1,"available_total":null,"occupied_total":null,"status_label":"不可用","data_time":"2026-05-02 15:53:29+08:00","city_label":"新北市","facility_kind_label":"路邊車格","available_rate":null,"occupancy_rate":null,"price_tier":"unknown","price_tier_label":"價格未知"}},{"type":"Feature","geometry":{"type":"Point","coordinates":[121.422559,25.179721]},"properties":{"supply_id":"new_taipei-onstreet-155624","city":"new_taipei","district":"淡水區","display_name":"中正路一段132巷 車格 155624","address":"中正路一段132巷","facility_kind":"onstreet","symbol_text":null,"type_reference":"路邊停車格","type_confidence":0.6,"price_raw":null,"price_value":null,"capacity_total":1,"available_total":0,"occupied_total":1,"status_label":"已停","data_time":"2026-05-02 15:53:29+08:00","city_label":"新北市","facility_kind_label":"路邊車格","available_rate":0,"occupancy_rate":1,"price_tier":"unknown","price_tier_label":"價格未知"}},{"type":"Feature","geometry":{"type":"Point","coordinates":[121.446641,25.178334]},"properties":{"supply_id":"new_taipei-onstreet-27705","city":"new_taipei","district":"淡水區","display_name":"北新路 車格 27705","address":"北新路","facility_kind":"onstreet","symbol_text":null,"type_reference":"路邊停車格","type_confidence":0.6,"price_raw":null,"price_value":null,"capacity_total":1,"available_total":1,"occupied_total":0,"status_label":"空位","data_time":"2026-05-02 15:53:29+08:00","city_label":"新北市","facility_kind_label":"路邊車格","available_rate":1,"occupancy_rate":0,"price_tier":"unknown","price_tier_label":"價格未知"}},{"type":"Feature","geometry":{"type":"Point","coordinates":[121.415067,25.187909]},"properties":{"supply_id":"new_taipei-onstreet-144078","city":"new_taipei","district":"淡水區","display_name":"觀海路 車格 144078","address":"觀海路","facility_kind":"onstreet","symbol_text":null,"type_reference":"路邊停車格","type_confidence":0.6,"price_raw":null,"price_value":null,"capacity_total":1,"available_total":null,"occupied_total":null,"status_label":"不可用","data_time":"2026-05-02 15:53:29+08:00","city_label":"新北市","facility_kind_label":"路邊車格","available_rate":null,"occupancy_rate":null,"price_tier":"unknown","price_tier_label":"價格未知"}},{"type":"Feature","geometry":{"type":"Point","coordinates":[121.428699,25.197886]},"properties":{"supply_id":"new_taipei-onstreet-152519","city":"new_taipei","district":"淡水區","display_name":"新市三路一段 車格 152519","address":"新市三路一段","facility_kind":"onstreet","symbol_text":null,"type_reference":"路邊停車格","type_confidence":0.6,"price_raw":null,"price_value":null,"capacity_total":1,"available_total":1,"occupied_total":0,"status_label":"空位","data_time":"2026-05-02 15:53:29+08:00","city_label":"新北市","facility_kind_label":"路邊車格","available_rate":1,"occupancy_rate":0,"price_tier":"unknown","price_tier_label":"價格未知"}},{"type":"Feature","geometry":{"type":"Point","coordinates":[121.42247,25.179663]},"properties":{"supply_id":"new_taipei-onstreet-155626","city":"new_taipei","district":"淡水區","display_name":"中正路一段132巷 車格 155626","address":"中正路一段132巷","facility_kind":"onstreet","symbol_text":null,"type_reference":"路邊停車格","type_confidence":0.6,"price_raw":null,"price_value":null,"capacity_total":1,"available_total":1,"occupied_total":0,"status_label":"空位","data_time":"2026-05-02 15:53:29+08:00","city_label":"新北市","facility_kind_label":"路邊車格","available_rate":1,"occupancy_rate":0,"price_tier":"unknown","price_tier_label":"價格未知"}},{"type":"Feature","geometry":{"type":"Point","coordinates":[121.455405,25.177683]},"properties":{"supply_id":"new_taipei-onstreet-117084","city":"new_taipei","district":"淡水區","display_name":"淡金路一段 車格 117084","address":"淡金路一段","facility_kind":"onstreet","symbol_text":null,"type_reference":"路邊停車格","type_confidence":0.6,"price_raw":null,"price_value":null,"capacity_total":1,"available_total":0,"occupied_total":1,"status_label":"已停","data_time":"2026-05-02 15:53:29+08:00","city_label":"新北市","facility_kind_label":"路邊車格","available_rate":0,"occupancy_rate":1,"price_tier":"unknown","price_tier_label":"價格未知"}},{"type":"Feature","geometry":{"type":"Point","coordinates":[121.424073,25.193451]},"properties":{"supply_id":"new_taipei-onstreet-149493","city":"new_taipei","district":"淡水區","display_name":"港坪公園周邊道路 車格 149493","address":"港坪公園周邊道路","facility_kind":"onstreet","symbol_text":null,"type_reference":"路邊停車格","type_confidence":0.6,"price_raw":null,"price_value":null,"capacity_total":1,"available_total":null,"occupied_total":null,"status_label":"狀態未知","data_time":"2026-05-02 15:53:29+08:00","city_label":"新北市","facility_kind_label":"路邊車格","available_rate":null,"occupancy_rate":null,"price_tier":"unknown","price_tier_label":"價格未知"}},{"type":"Feature","geometry":{"type":"Point","coordinates":[121.425084,25.183012]},"properties":{"supply_id":"new_taipei-onstreet-150868","city":"new_taipei","district":"淡水區","display_name":"淡海路72巷 車格 150868","address":"淡海路72巷","facility_kind":"onstreet","symbol_text":null,"type_reference":"路邊停車格","type_confidence":0.6,"price_raw":null,"price_value":null,"capacity_total":1,"available_total":1,"occupied_total":0,"status_label":"空位","data_time":"2026-05-02 15:53:29+08:00","city_label":"新北市","facility_kind_label":"路邊車格","available_rate":1,"occupancy_rate":0,"price_tier":"unknown","price_tier_label":"價格未知"}},{"type":"Feature","geometry":{"type":"Point","coordinates":[121.435167,25.187975]},"properties":{"supply_id":"new_taipei-onstreet-123465","city":"new_taipei","district":"淡水區","display_name":"義山路一段163巷 車格 123465","address":"義山路一段163巷","facility_kind":"onstreet","symbol_text":null,"type_reference":"路邊停車格","type_confidence":0.6,"price_raw":null,"price_value":null,"capacity_total":1,"available_total":1,"occupied_total":0,"status_label":"空位","data_time":"2026-05-02 15:53:29+08:00","city_label":"新北市","facility_kind_label":"路邊車格","available_rate":1,"occupancy_rate":0,"price_tier":"unknown","price_tier_label":"價格未知"}},{"type":"Feature","geometry":{"type":"Point","coordinates":[121.422801,25.184159]},"properties":{"supply_id":"new_taipei-onstreet-102592","city":"new_taipei","district":"淡水區","display_name":"沙崙路131巷13弄 車格 102592","address":"沙崙路131巷13弄","facility_kind":"onstreet","symbol_text":null,"type_reference":"路邊停車格","type_confidence":0.6,"price_raw":null,"price_value":null,"capacity_total":1,"available_total":0,"occupied_total":1,"status_label":"已停","data_time":"2026-05-02 15:53:29+08:00","city_label":"新北市","facility_kind_label":"路邊車格","available_rate":0,"occupancy_rate":1,"price_tier":"unknown","price_tier_label":"價格未知"}},{"type":"Feature","geometry":{"type":"Point","coordinates":[121.41523,25.187925]},"properties":{"supply_id":"new_taipei-onstreet-144075","city":"new_taipei","district":"淡水區","display_name":"觀海路 車格 144075","address":"觀海路","facility_kind":"onstreet","symbol_text":null,"type_reference":"路邊停車格","type_confidence":0.6,"price_raw":null,"price_value":null,"capacity_total":1,"available_total":null,"occupied_total":null,"status_label":"不可用","data_time":"2026-05-02 15:53:29+08:00","city_label":"新北市","facility_kind_label":"路邊車格","available_rate":null,"occupancy_rate":null,"price_tier":"unknown","price_tier_label":"價格未知"}},{"type":"Feature","geometry":{"type":"Point","coordinates":[121.426874,25.182566]},"properties":{"supply_id":"new_taipei-onstreet-156018","city":"new_taipei","district":"淡水區","display_name":"中正路一段22巷 車格 156018","address":"中正路一段22巷","facility_kind":"onstreet","symbol_text":null,"type_reference":"路邊停車格","type_confidence":0.6,"price_raw":null,"price_value":null,"capacity_total":1,"available_total":0,"occupied_total":1,"status_label":"已停","data_time":"2026-05-02 15:53:29+08:00","city_label":"新北市","facility_kind_label":"路邊車格","available_rate":0,"occupancy_rate":1,"price_tier":"unknown","price_tier_label":"價格未知"}},{"type":"Feature","geometry":{"type":"Point","coordinates":[121.437581,25.186857]},"properties":{"supply_id":"new_taipei-onstreet-115230","city":"new_taipei","district":"淡水區","display_name":"義山路一段 車格 115230","address":"義山路一段","facility_kind":"onstreet","symbol_text":null,"type_reference":"路邊停車格","type_confidence":0.6,"price_raw":null,"price_value":null,"capacity_total":1,"available_total":0,"occupied_total":1,"status_label":"已停","data_time":"2026-05-02 15:53:29+08:00","city_label":"新北市","facility_kind_label":"路邊車格","available_rate":0,"occupancy_rate":1,"price_tier":"unknown","price_tier_label":"價格未知"}},{"type":"Feature","geometry":{"type":"Point","coordinates":[121.434167,25.196032]},"properties":{"supply_id":"new_taipei-onstreet-122186","city":"new_taipei","district":"淡水區","display_name":"新市三路二段 車格 122186","address":"新市三路二段","facility_kind":"onstreet","symbol_text":null,"type_reference":"路邊停車格","type_confidence":0.6,"price_raw":null,"price_value":null,"capacity_total":1,"available_total":0,"occupied_total":1,"status_label":"已停","data_time":"2026-05-02 15:53:29+08:00","city_label":"新北市","facility_kind_label":"路邊車格","available_rate":0,"occupancy_rate":1,"price_tier":"unknown","price_tier_label":"價格未知"}},{"type":"Feature","geometry":{"type":"Point","coordinates":[121.42236,25.185088]},"properties":{"supply_id":"new_taipei-onstreet-126832","city":"new_taipei","district":"淡水區","display_name":"淡海路184巷 車格 126832","address":"淡海路184巷","facility_kind":"onstreet","symbol_text":null,"type_reference":"路邊停車格","type_confidence":0.6,"price_raw":null,"price_value":null,"capacity_total":1,"available_total":0,"occupied_total":1,"status_label":"已停","data_time":"2026-05-02 15:53:29+08:00","city_label":"新北市","facility_kind_label":"路邊車格","available_rate":0,"occupancy_rate":1,"price_tier":"unknown","price_tier_label":"價格未知"}},{"type":"Feature","geometry":{"type":"Point","coordinates":[121.446207,25.17851]},"properties":{"supply_id":"new_taipei-onstreet-99717","city":"new_taipei","district":"淡水區","display_name":"北新路一段69巷 車格 99717","address":"北新路一段69巷","facility_kind":"onstreet","symbol_text":null,"type_reference":"路邊停車格","type_confidence":0.6,"price_raw":null,"price_value":null,"capacity_total":1,"available_total":1,"occupied_total":0,"status_label":"空位","data_time":"2026-05-02 15:53:29+08:00","city_label":"新北市","facility_kind_label":"路邊車格","available_rate":1,"occupancy_rate":0,"price_tier":"unknown","price_tier_label":"價格未知"}},{"type":"Feature","geometry":{"type":"Point","coordinates":[121.427026,25.18667]},"properties":{"supply_id":"new_taipei-onstreet-148034","city":"new_taipei","district":"淡水區","display_name":"沙崙路 車格 148034","address":"沙崙路","facility_kind":"onstreet","symbol_text":null,"type_reference":"路邊停車格","type_confidence":0.6,"price_raw":null,"price_value":null,"capacity_total":1,"available_total":1,"occupied_total":0,"status_label":"空位","data_time":"2026-05-02 15:53:29+08:00","city_label":"新北市","facility_kind_label":"路邊車格","available_rate":1,"occupancy_rate":0,"price_tier":"unknown","price_tier_label":"價格未知"}},{"type":"Feature","geometry":{"type":"Point","coordinates":[121.421531,25.180649]},"properties":{"supply_id":"new_taipei-onstreet-148057","city":"new_taipei","district":"淡水區","display_name":"中正路一段156巷 車格 148057","address":"中正路一段156巷","facility_kind":"onstreet","symbol_text":null,"type_reference":"路邊停車格","type_confidence":0.6,"price_raw":null,"price_value":null,"capacity_total":1,"available_total":1,"occupied_total":0,"status_label":"空位","data_time":"2026-05-02 15:53:29+08:00","city_label":"新北市","facility_kind_label":"路邊車格","available_rate":1,"occupancy_rate":0,"price_tier":"unknown","price_tier_label":"價格未知"}},{"type":"Feature","geometry":{"type":"Point","coordinates":[121.420411,25.184151]},"properties":{"supply_id":"new_taipei-onstreet-148097","city":"new_taipei","district":"淡水區","display_name":"淡海路 車格 148097","address":"淡海路","facility_kind":"onstreet","symbol_text":null,"type_reference":"路邊停車格","type_confidence":0.6,"price_raw":null,"price_value":null,"capacity_total":1,"available_total":1,"occupied_total":0,"status_label":"空位","data_time":"2026-05-02 15:53:29+08:00","city_label":"新北市","facility_kind_label":"路邊車格","available_rate":1,"occupancy_rate":0,"price_tier":"unknown","price_tier_label":"價格未知"}},{"type":"Feature","geometry":{"type":"Point","coordinates":[121.428736,25.197872]},"properties":{"supply_id":"new_taipei-onstreet-153897","city":"new_taipei","district":"淡水區","display_name":"新市三路一段 車格 153897","address":"新市三路一段","facility_kind":"onstreet","symbol_text":null,"type_reference":"路邊停車格","type_confidence":0.6,"price_raw":null,"price_value":null,"capacity_total":1,"available_total":null,"occupied_total":null,"status_label":"不可用","data_time":"2026-05-02 15:53:29+08:00","city_label":"新北市","facility_kind_label":"路邊車格","available_rate":null,"occupancy_rate":null,"price_tier":"unknown","price_tier_label":"價格未知"}},{"type":"Feature","geometry":{"type":"Point","coordinates":[121.45213,25.165666]},"properties":{"supply_id":"new_taipei-onstreet-88328","city":"new_taipei","district":"淡水區","display_name":"中正東路一段3巷 車格 88328","address":"中正東路一段3巷","facility_kind":"onstreet","symbol_text":null,"type_reference":"路邊停車格","type_confidence":0.6,"price_raw":null,"price_value":null,"capacity_total":1,"available_total":1,"occupied_total":0,"status_label":"空位","data_time":"2026-05-02 15:53:29+08:00","city_label":"新北市","facility_kind_label":"路邊車格","available_rate":1,"occupancy_rate":0,"price_tier":"unknown","price_tier_label":"價格未知"}},{"type":"Feature","geometry":{"type":"Point","coordinates":[121.450384,25.165392]},"properties":{"supply_id":"new_taipei-onstreet-91466","city":"new_taipei","district":"淡水區","display_name":"竿蓁大型停車場 車格 91466","address":"竿蓁大型停車場","facility_kind":"onstreet","symbol_text":null,"type_reference":"路邊停車格","type_confidence":0.6,"price_raw":null,"price_value":null,"capacity_total":1,"available_total":null,"occupied_total":null,"status_label":"不可用","data_time":"2026-05-02 15:53:29+08:00","city_label":"新北市","facility_kind_label":"路邊車格","available_rate":null,"occupancy_rate":null,"price_tier":"unknown","price_tier_label":"價格未知"}},{"type":"Feature","geometry":{"type":"Point","coordinates":[121.429781,25.175521]},"properties":{"supply_id":"new_taipei-onstreet-87212","city":"new_taipei","district":"淡水區","display_name":"中正路382號前迴轉道 車格 87212","address":"中正路382號前迴轉道","facility_kind":"onstreet","symbol_text":null,"type_reference":"路邊停車格","type_confidence":0.6,"price_raw":null,"price_value":null,"capacity_total":1,"available_total":1,"occupied_total":0,"status_label":"空位","data_time":"2026-05-02 15:53:29+08:00","city_label":"新北市","facility_kind_label":"路邊車格","available_rate":1,"occupancy_rate":0,"price_tier":"unknown","price_tier_label":"價格未知"}},{"type":"Feature","geometry":{"type":"Point","coordinates":[121.428907,25.185487]},"properties":{"supply_id":"new_taipei-onstreet-139623","city":"new_taipei","district":"淡水區","display_name":"大庄路 車格 139623","address":"大庄路","facility_kind":"onstreet","symbol_text":null,"type_reference":"路邊停車格","type_confidence":0.6,"price_raw":null,"price_value":null,"capacity_total":1,"available_total":1,"occupied_total":0,"status_label":"空位","data_time":"2026-05-02 15:53:29+08:00","city_label":"新北市","facility_kind_label":"路邊車格","available_rate":1,"occupancy_rate":0,"price_tier":"unknown","price_tier_label":"價格未知"}},{"type":"Feature","geometry":{"type":"Point","coordinates":[121.427002,25.192689]},"properties":{"supply_id":"new_taipei-onstreet-141843","city":"new_taipei","district":"淡水區","display_name":"濱海路三段148巷50弄 車格 141843","address":"濱海路三段148巷50弄","facility_kind":"onstreet","symbol_text":null,"type_reference":"路邊停車格","type_confidence":0.6,"price_raw":null,"price_value":null,"capacity_total":1,"available_total":1,"occupied_total":0,"status_label":"空位","data_time":"2026-05-02 15:53:29+08:00","city_label":"新北市","facility_kind_label":"路邊車格","available_rate":1,"occupancy_rate":0,"price_tier":"unknown","price_tier_label":"價格未知"}},{"type":"Feature","geometry":{"type":"Point","coordinates":[121.421633,25.180736]},"properties":{"supply_id":"new_taipei-onstreet-148056","city":"new_taipei","district":"淡水區","display_name":"中正路一段156巷 車格 148056","address":"中正路一段156巷","facility_kind":"onstreet","symbol_text":null,"type_reference":"路邊停車格","type_confidence":0.6,"price_raw":null,"price_value":null,"capacity_total":1,"available_total":0,"occupied_total":1,"status_label":"已停","data_time":"2026-05-02 15:53:29+08:00","city_label":"新北市","facility_kind_label":"路邊車格","available_rate":0,"occupancy_rate":1,"price_tier":"unknown","price_tier_label":"價格未知"}},{"type":"Feature","geometry":{"type":"Point","coordinates":[121.420406,25.1842]},"properties":{"supply_id":"new_taipei-onstreet-148098","city":"new_taipei","district":"淡水區","display_name":"淡海路 車格 148098","address":"淡海路","facility_kind":"onstreet","symbol_text":null,"type_reference":"路邊停車格","type_confidence":0.6,"price_raw":null,"price_value":null,"capacity_total":1,"available_total":1,"occupied_total":0,"status_label":"空位","data_time":"2026-05-02 15:53:29+08:00","city_label":"新北市","facility_kind_label":"路邊車格","available_rate":1,"occupancy_rate":0,"price_tier":"unknown","price_tier_label":"價格未知"}},{"type":"Feature","geometry":{"type":"Point","coordinates":[121.428754,25.197865]},"properties":{"supply_id":"new_taipei-onstreet-153901","city":"new_taipei","district":"淡水區","display_name":"新市三路一段 車格 153901","address":"新市三路一段","facility_kind":"onstreet","symbol_text":null,"type_reference":"路邊停車格","type_confidence":0.6,"price_raw":null,"price_value":null,"capacity_total":1,"available_total":null,"occupied_total":null,"status_label":"不可用","data_time":"2026-05-02 15:53:29+08:00","city_label":"新北市","facility_kind_label":"路邊車格","available_rate":null,"occupancy_rate":null,"price_tier":"unknown","price_tier_label":"價格未知"}},{"type":"Feature","geometry":{"type":"Point","coordinates":[121.429662,25.175523]},"properties":{"supply_id":"new_taipei-onstreet-84301","city":"new_taipei","district":"淡水區","display_name":"中正路382號前迴轉道 車格 84301","address":"中正路382號前迴轉道","facility_kind":"onstreet","symbol_text":null,"type_reference":"路邊停車格","type_confidence":0.6,"price_raw":null,"price_value":null,"capacity_total":1,"available_total":1,"occupied_total":0,"status_label":"空位","data_time":"2026-05-02 15:53:29+08:00","city_label":"新北市","facility_kind_label":"路邊車格","available_rate":1,"occupancy_rate":0,"price_tier":"unknown","price_tier_label":"價格未知"}},{"type":"Feature","geometry":{"type":"Point","coordinates":[121.435483,25.194961]},"properties":{"supply_id":"new_taipei-onstreet-24992","city":"new_taipei","district":"淡水區","display_name":"崁頂二路 車格 24992","address":"崁頂二路","facility_kind":"onstreet","symbol_text":null,"type_reference":"路邊停車格","type_confidence":0.6,"price_raw":null,"price_value":null,"capacity_total":1,"available_total":1,"occupied_total":0,"status_label":"空位","data_time":"2026-05-02 15:53:29+08:00","city_label":"新北市","facility_kind_label":"路邊車格","available_rate":1,"occupancy_rate":0,"price_tier":"unknown","price_tier_label":"價格未知"}},{"type":"Feature","geometry":{"type":"Point","coordinates":[121.427617,25.189959]},"properties":{"supply_id":"new_taipei-onstreet-116752","city":"new_taipei","district":"淡水區","display_name":"無名 車格 116752","address":"無名","facility_kind":"onstreet","symbol_text":null,"type_reference":"路邊停車格","type_confidence":0.6,"price_raw":null,"price_value":null,"capacity_total":1,"available_total":1,"occupied_total":0,"status_label":"空位","data_time":"2026-05-02 15:53:29+08:00","city_label":"新北市","facility_kind_label":"路邊車格","available_rate":1,"occupancy_rate":0,"price_tier":"unknown","price_tier_label":"價格未知"}},{"type":"Feature","geometry":{"type":"Point","coordinates":[121.420425,25.184002]},"properties":{"supply_id":"new_taipei-onstreet-148094","city":"new_taipei","district":"淡水區","display_name":"淡海路 車格 148094","address":"淡海路","facility_kind":"onstreet","symbol_text":null,"type_reference":"路邊停車格","type_confidence":0.6,"price_raw":null,"price_value":null,"capacity_total":1,"available_total":0,"occupied_total":1,"status_label":"已停","data_time":"2026-05-02 15:53:29+08:00","city_label":"新北市","facility_kind_label":"路邊車格","available_rate":0,"occupancy_rate":1,"price_tier":"unknown","price_tier_label":"價格未知"}},{"type":"Feature","geometry":{"type":"Point","coordinates":[121.452028,25.165535]},"properties":{"supply_id":"new_taipei-onstreet-46639","city":"new_taipei","district":"淡水區","display_name":"中正東路一段3巷 車格 46639","address":"中正東路一段3巷","facility_kind":"onstreet","symbol_text":null,"type_reference":"路邊停車格","type_confidence":0.6,"price_raw":null,"price_value":null,"capacity_total":1,"available_total":1,"occupied_total":0,"status_label":"空位","data_time":"2026-05-02 15:53:29+08:00","city_label":"新北市","facility_kind_label":"路邊車格","available_rate":1,"occupancy_rate":0,"price_tier":"unknown","price_tier_label":"價格未知"}},{"type":"Feature","geometry":{"type":"Point","coordinates":[121.450312,25.165407]},"properties":{"supply_id":"new_taipei-onstreet-92868","city":"new_taipei","district":"淡水區","display_name":"竿蓁大型停車場 車格 92868","address":"竿蓁大型停車場","facility_kind":"onstreet","symbol_text":null,"type_reference":"路邊停車格","type_confidence":0.6,"price_raw":null,"price_value":null,"capacity_total":1,"available_total":null,"occupied_total":null,"status_label":"不可用","data_time":"2026-05-02 15:53:29+08:00","city_label":"新北市","facility_kind_label":"路邊車格","available_rate":null,"occupancy_rate":null,"price_tier":"unknown","price_tier_label":"價格未知"}},{"type":"Feature","geometry":{"type":"Point","coordinates":[121.422576,25.183691]},"properties":{"supply_id":"new_taipei-onstreet-125010","city":"new_taipei","district":"淡水區","display_name":"沙崙路131巷13弄 車格 125010","address":"沙崙路131巷13弄","facility_kind":"onstreet","symbol_text":null,"type_reference":"路邊停車格","type_confidence":0.6,"price_raw":null,"price_value":null,"capacity_total":1,"available_total":1,"occupied_total":0,"status_label":"空位","data_time":"2026-05-02 15:53:29+08:00","city_label":"新北市","facility_kind_label":"路邊車格","available_rate":1,"occupancy_rate":0,"price_tier":"unknown","price_tier_label":"價格未知"}},{"type":"Feature","geometry":{"type":"Point","coordinates":[121.445406,25.187083]},"properties":{"supply_id":"new_taipei-onstreet-156640","city":"new_taipei","district":"淡水區","display_name":"新市一路三段100巷 車格 156640","address":"新市一路三段100巷","facility_kind":"onstreet","symbol_text":null,"type_reference":"路邊停車格","type_confidence":0.6,"price_raw":null,"price_value":null,"capacity_total":1,"available_total":1,"occupied_total":0,"status_label":"空位","data_time":"2026-05-02 15:53:29+08:00","city_label":"新北市","facility_kind_label":"路邊車格","available_rate":1,"occupancy_rate":0,"price_tier":"unknown","price_tier_label":"價格未知"}},{"type":"Feature","geometry":{"type":"Point","coordinates":[121.421902,25.180839]},"properties":{"supply_id":"new_taipei-onstreet-148062","city":"new_taipei","district":"淡水區","display_name":"中正路一段156巷 車格 148062","address":"中正路一段156巷","facility_kind":"onstreet","symbol_text":null,"type_reference":"路邊停車格","type_confidence":0.6,"price_raw":null,"price_value":null,"capacity_total":1,"available_total":0,"occupied_total":1,"status_label":"已停","data_time":"2026-05-02 15:53:29+08:00","city_label":"新北市","facility_kind_label":"路邊車格","available_rate":0,"occupancy_rate":1,"price_tier":"unknown","price_tier_label":"價格未知"}},{"type":"Feature","geometry":{"type":"Point","coordinates":[121.420416,25.184101]},"properties":{"supply_id":"new_taipei-onstreet-148096","city":"new_taipei","district":"淡水區","display_name":"淡海路 車格 148096","address":"淡海路","facility_kind":"onstreet","symbol_text":null,"type_reference":"路邊停車格","type_confidence":0.6,"price_raw":null,"price_value":null,"capacity_total":1,"available_total":0,"occupied_total":1,"status_label":"已停","data_time":"2026-05-02 15:53:29+08:00","city_label":"新北市","facility_kind_label":"路邊車格","available_rate":0,"occupancy_rate":1,"price_tier":"unknown","price_tier_label":"價格未知"}},{"type":"Feature","geometry":{"type":"Point","coordinates":[121.436102,25.189235]},"properties":{"supply_id":"new_taipei-onstreet-20757","city":"new_taipei","district":"淡水區","display_name":"新市一路一段331巷 車格 20757","address":"新市一路一段331巷","facility_kind":"onstreet","symbol_text":null,"type_reference":"路邊停車格","type_confidence":0.6,"price_raw":null,"price_value":null,"capacity_total":1,"available_total":1,"occupied_total":0,"status_label":"空位","data_time":"2026-05-02 15:53:29+08:00","city_label":"新北市","facility_kind_label":"路邊車格","available_rate":1,"occupancy_rate":0,"price_tier":"unknown","price_tier_label":"價格未知"}},{"type":"Feature","geometry":{"type":"Point","coordinates":[121.434329,25.196011]},"properties":{"supply_id":"new_taipei-onstreet-122189","city":"new_taipei","district":"淡水區","display_name":"新市三路二段 車格 122189","address":"新市三路二段","facility_kind":"onstreet","symbol_text":null,"type_reference":"路邊停車格","type_confidence":0.6,"price_raw":null,"price_value":null,"capacity_total":1,"available_total":1,"occupied_total":0,"status_label":"空位","data_time":"2026-05-02 15:53:29+08:00","city_label":"新北市","facility_kind_label":"路邊車格","available_rate":1,"occupancy_rate":0,"price_tier":"unknown","price_tier_label":"價格未知"}},{"type":"Feature","geometry":{"type":"Point","coordinates":[121.426864,25.196345]},"properties":{"supply_id":"new_taipei-onstreet-141566","city":"new_taipei","district":"淡水區","display_name":"後州路一段 車格 141566","address":"後州路一段","facility_kind":"onstreet","symbol_text":null,"type_reference":"路邊停車格","type_confidence":0.6,"price_raw":null,"price_value":null,"capacity_total":1,"available_total":0,"occupied_total":1,"status_label":"已停","data_time":"2026-05-02 15:53:29+08:00","city_label":"新北市","facility_kind_label":"路邊車格","available_rate":0,"occupancy_rate":1,"price_tier":"unknown","price_tier_label":"價格未知"}},{"type":"Feature","geometry":{"type":"Point","coordinates":[121.419567,25.188767]},"properties":{"supply_id":"new_taipei-onstreet-148442","city":"new_taipei","district":"淡水區","display_name":"淡海路 車格 148442","address":"淡海路","facility_kind":"onstreet","symbol_text":null,"type_reference":"路邊停車格","type_confidence":0.6,"price_raw":null,"price_value":null,"capacity_total":1,"available_total":1,"occupied_total":0,"status_label":"空位","data_time":"2026-05-02 15:53:29+08:00","city_label":"新北市","facility_kind_label":"路邊車格","available_rate":1,"occupancy_rate":0,"price_tier":"unknown","price_tier_label":"價格未知"}},{"type":"Feature","geometry":{"type":"Point","coordinates":[121.423716,25.178265]},"properties":{"supply_id":"new_taipei-onstreet-155613","city":"new_taipei","district":"淡水區","display_name":"中正路一段 車格 155613","address":"中正路一段","facility_kind":"onstreet","symbol_text":null,"type_reference":"路邊停車格","type_confidence":0.6,"price_raw":null,"price_value":null,"capacity_total":1,"available_total":1,"occupied_total":0,"status_label":"空位","data_time":"2026-05-02 15:53:29+08:00","city_label":"新北市","facility_kind_label":"路邊車格","available_rate":1,"occupancy_rate":0,"price_tier":"unknown","price_tier_label":"價格未知"}},{"type":"Feature","geometry":{"type":"Point","coordinates":[121.451692,25.165364]},"properties":{"supply_id":"new_taipei-onstreet-95932","city":"new_taipei","district":"淡水區","display_name":"中正東路一段3巷 車格 95932","address":"中正東路一段3巷","facility_kind":"onstreet","symbol_text":null,"type_reference":"路邊停車格","type_confidence":0.6,"price_raw":null,"price_value":null,"capacity_total":1,"available_total":1,"occupied_total":0,"status_label":"空位","data_time":"2026-05-02 15:53:29+08:00","city_label":"新北市","facility_kind_label":"路邊車格","available_rate":1,"occupancy_rate":0,"price_tier":"unknown","price_tier_label":"價格未知"}},{"type":"Feature","geometry":{"type":"Point","coordinates":[121.450204,25.165429]},"properties":{"supply_id":"new_taipei-onstreet-74436","city":"new_taipei","district":"淡水區","display_name":"竿蓁大型停車場 車格 74436","address":"竿蓁大型停車場","facility_kind":"onstreet","symbol_text":null,"type_reference":"路邊停車格","type_confidence":0.6,"price_raw":null,"price_value":null,"capacity_total":1,"available_total":null,"occupied_total":null,"status_label":"不可用","data_time":"2026-05-02 15:53:29+08:00","city_label":"新北市","facility_kind_label":"路邊車格","available_rate":null,"occupancy_rate":null,"price_tier":"unknown","price_tier_label":"價格未知"}},{"type":"Feature","geometry":{"type":"Point","coordinates":[121.429483,25.175524]},"properties":{"supply_id":"new_taipei-onstreet-40633","city":"new_taipei","district":"淡水區","display_name":"中正路382號前迴轉道 車格 40633","address":"中正路382號前迴轉道","facility_kind":"onstreet","symbol_text":null,"type_reference":"路邊停車格","type_confidence":0.6,"price_raw":null,"price_value":null,"capacity_total":1,"available_total":1,"occupied_total":0,"status_label":"空位","data_time":"2026-05-02 15:53:29+08:00","city_label":"新北市","facility_kind_label":"路邊車格","available_rate":1,"occupancy_rate":0,"price_tier":"unknown","price_tier_label":"價格未知"}},{"type":"Feature","geometry":{"type":"Point","coordinates":[121.42242,25.181254]},"properties":{"supply_id":"new_taipei-onstreet-148065","city":"new_taipei","district":"淡水區","display_name":"中正路一段156巷 車格 148065","address":"中正路一段156巷","facility_kind":"onstreet","symbol_text":null,"type_reference":"路邊停車格","type_confidence":0.6,"price_raw":null,"price_value":null,"capacity_total":1,"available_total":0,"occupied_total":1,"status_label":"已停","data_time":"2026-05-02 15:53:29+08:00","city_label":"新北市","facility_kind_label":"路邊車格","available_rate":0,"occupancy_rate":1,"price_tier":"unknown","price_tier_label":"價格未知"}},{"type":"Feature","geometry":{"type":"Point","coordinates":[121.42043,25.183953]},"properties":{"supply_id":"new_taipei-onstreet-148112","city":"new_taipei","district":"淡水區","display_name":"淡海路 車格 148112","address":"淡海路","facility_kind":"onstreet","symbol_text":null,"type_reference":"路邊停車格","type_confidence":0.6,"price_raw":null,"price_value":null,"capacity_total":1,"available_total":0,"occupied_total":1,"status_label":"已停","data_time":"2026-05-02 15:53:29+08:00","city_label":"新北市","facility_kind_label":"路邊車格","available_rate":0,"occupancy_rate":1,"price_tier":"unknown","price_tier_label":"價格未知"}},{"type":"Feature","geometry":{"type":"Point","coordinates":[121.428663,25.197901]},"properties":{"supply_id":"new_taipei-onstreet-152520","city":"new_taipei","district":"淡水區","display_name":"新市三路一段 車格 152520","address":"新市三路一段","facility_kind":"onstreet","symbol_text":null,"type_reference":"路邊停車格","type_confidence":0.6,"price_raw":null,"price_value":null,"capacity_total":1,"available_total":1,"occupied_total":0,"status_label":"空位","data_time":"2026-05-02 15:53:29+08:00","city_label":"新北市","facility_kind_label":"路邊車格","available_rate":1,"occupancy_rate":0,"price_tier":"unknown","price_tier_label":"價格未知"}},{"type":"Feature","geometry":{"type":"Point","coordinates":[121.422058,25.179392]},"properties":{"supply_id":"new_taipei-onstreet-155629","city":"new_taipei","district":"淡水區","display_name":"中正路一段132巷 車格 155629","address":"中正路一段132巷","facility_kind":"onstreet","symbol_text":null,"type_reference":"路邊停車格","type_confidence":0.6,"price_raw":null,"price_value":null,"capacity_total":1,"available_total":1,"occupied_total":0,"status_label":"空位","data_time":"2026-05-02 15:53:29+08:00","city_label":"新北市","facility_kind_label":"路邊車格","available_rate":1,"occupancy_rate":0,"price_tier":"unknown","price_tier_label":"價格未知"}},{"type":"Feature","geometry":{"type":"Point","coordinates":[121.429424,25.175525]},"properties":{"supply_id":"new_taipei-onstreet-27313","city":"new_taipei","district":"淡水區","display_name":"中正路382號前迴轉道 車格 27313","address":"中正路382號前迴轉道","facility_kind":"onstreet","symbol_text":null,"type_reference":"路邊停車格","type_confidence":0.6,"price_raw":null,"price_value":null,"capacity_total":1,"available_total":1,"occupied_total":0,"status_label":"空位","data_time":"2026-05-02 15:53:29+08:00","city_label":"新北市","facility_kind_label":"路邊車格","available_rate":1,"occupancy_rate":0,"price_tier":"unknown","price_tier_label":"價格未知"}},{"type":"Feature","geometry":{"type":"Point","coordinates":[121.422468,25.181295]},"properties":{"supply_id":"new_taipei-onstreet-148066","city":"new_taipei","district":"淡水區","display_name":"中正路一段156巷 車格 148066","address":"中正路一段156巷","facility_kind":"onstreet","symbol_text":null,"type_reference":"路邊停車格","type_confidence":0.6,"price_raw":null,"price_value":null,"capacity_total":1,"available_total":1,"occupied_total":0,"status_label":"空位","data_time":"2026-05-02 15:53:29+08:00","city_label":"新北市","facility_kind_label":"路邊車格","available_rate":1,"occupancy_rate":0,"price_tier":"unknown","price_tier_label":"價格未知"}},{"type":"Feature","geometry":{"type":"Point","coordinates":[121.420445,25.183732]},"properties":{"supply_id":"new_taipei-onstreet-148093","city":"new_taipei","district":"淡水區","display_name":"淡海路 車格 148093","address":"淡海路","facility_kind":"onstreet","symbol_text":null,"type_reference":"路邊停車格","type_confidence":0.6,"price_raw":null,"price_value":null,"capacity_total":1,"available_total":1,"occupied_total":0,"status_label":"空位","data_time":"2026-05-02 15:53:29+08:00","city_label":"新北市","facility_kind_label":"路邊車格","available_rate":1,"occupancy_rate":0,"price_tier":"unknown","price_tier_label":"價格未知"}},{"type":"Feature","geometry":{"type":"Point","coordinates":[121.426901,25.192728]},"properties":{"supply_id":"new_taipei-onstreet-141846","city":"new_taipei","district":"淡水區","display_name":"濱海路三段148巷50弄 車格 141846","address":"濱海路三段148巷50弄","facility_kind":"onstreet","symbol_text":null,"type_reference":"路邊停車格","type_confidence":0.6,"price_raw":null,"price_value":null,"capacity_total":1,"available_total":1,"occupied_total":0,"status_label":"空位","data_time":"2026-05-02 15:53:29+08:00","city_label":"新北市","facility_kind_label":"路邊車格","available_rate":1,"occupancy_rate":0,"price_tier":"unknown","price_tier_label":"價格未知"}},{"type":"Feature","geometry":{"type":"Point","coordinates":[121.423689,25.186763]},"properties":{"supply_id":"new_taipei-onstreet-148552","city":"new_taipei","district":"淡水區","display_name":"中正路二段152巷 車格 148552","address":"中正路二段152巷","facility_kind":"onstreet","symbol_text":null,"type_reference":"路邊停車格","type_confidence":0.6,"price_raw":null,"price_value":null,"capacity_total":1,"available_total":1,"occupied_total":0,"status_label":"空位","data_time":"2026-05-02 15:53:29+08:00","city_label":"新北市","facility_kind_label":"路邊車格","available_rate":1,"occupancy_rate":0,"price_tier":"unknown","price_tier_label":"價格未知"}},{"type":"Feature","geometry":{"type":"Point","coordinates":[121.422307,25.185097]},"properties":{"supply_id":"new_taipei-onstreet-126831","city":"new_taipei","district":"淡水區","display_name":"淡海路184巷 車格 126831","address":"淡海路184巷","facility_kind":"onstreet","symbol_text":null,"type_reference":"路邊停車格","type_confidence":0.6,"price_raw":null,"price_value":null,"capacity_total":1,"available_total":1,"occupied_total":0,"status_label":"空位","data_time":"2026-05-02 15:53:29+08:00","city_label":"新北市","facility_kind_label":"路邊車格","available_rate":1,"occupancy_rate":0,"price_tier":"unknown","price_tier_label":"價格未知"}},{"type":"Feature","geometry":{"type":"Point","coordinates":[121.414959,25.187899]},"properties":{"supply_id":"new_taipei-onstreet-144080","city":"new_taipei","district":"淡水區","display_name":"觀海路 車格 144080","address":"觀海路","facility_kind":"onstreet","symbol_text":null,"type_reference":"路邊停車格","type_confidence":0.6,"price_raw":null,"price_value":null,"capacity_total":1,"available_total":null,"occupied_total":null,"status_label":"不可用","data_time":"2026-05-02 15:53:29+08:00","city_label":"新北市","facility_kind_label":"路邊車格","available_rate":null,"occupancy_rate":null,"price_tier":"unknown","price_tier_label":"價格未知"}},{"type":"Feature","geometry":{"type":"Point","coordinates":[121.455433,25.177641]},"properties":{"supply_id":"new_taipei-onstreet-117085","city":"new_taipei","district":"淡水區","display_name":"淡金路一段 車格 117085","address":"淡金路一段","facility_kind":"onstreet","symbol_text":null,"type_reference":"路邊停車格","type_confidence":0.6,"price_raw":null,"price_value":null,"capacity_total":1,"available_total":1,"occupied_total":0,"status_label":"空位","data_time":"2026-05-02 15:53:29+08:00","city_label":"新北市","facility_kind_label":"路邊車格","available_rate":1,"occupancy_rate":0,"price_tier":"unknown","price_tier_label":"價格未知"}},{"type":"Feature","geometry":{"type":"Point","coordinates":[121.426935,25.182813]},"properties":{"supply_id":"new_taipei-onstreet-156016","city":"new_taipei","district":"淡水區","display_name":"中正路一段22巷 車格 156016","address":"中正路一段22巷","facility_kind":"onstreet","symbol_text":null,"type_reference":"路邊停車格","type_confidence":0.6,"price_raw":null,"price_value":null,"capacity_total":1,"available_total":1,"occupied_total":0,"status_label":"空位","data_time":"2026-05-02 15:53:29+08:00","city_label":"新北市","facility_kind_label":"路邊車格","available_rate":1,"occupancy_rate":0,"price_tier":"unknown","price_tier_label":"價格未知"}},{"type":"Feature","geometry":{"type":"Point","coordinates":[121.459711,25.159861]},"properties":{"supply_id":"new_taipei-onstreet-89003","city":"new_taipei","district":"淡水區","display_name":"竹圍6號道路 車格 89003","address":"竹圍6號道路","facility_kind":"onstreet","symbol_text":null,"type_reference":"路邊停車格","type_confidence":0.6,"price_raw":null,"price_value":null,"capacity_total":1,"available_total":1,"occupied_total":0,"status_label":"空位","data_time":"2026-05-02 15:53:29+08:00","city_label":"新北市","facility_kind_label":"路邊車格","available_rate":1,"occupancy_rate":0,"price_tier":"unknown","price_tier_label":"價格未知"}},{"type":"Feature","geometry":{"type":"Point","coordinates":[121.435475,25.194912]},"properties":{"supply_id":"new_taipei-onstreet-24987","city":"new_taipei","district":"淡水區","display_name":"崁頂二路 車格 24987","address":"崁頂二路","facility_kind":"onstreet","symbol_text":null,"type_reference":"路邊停車格","type_confidence":0.6,"price_raw":null,"price_value":null,"capacity_total":1,"available_total":1,"occupied_total":0,"status_label":"空位","data_time":"2026-05-02 15:53:29+08:00","city_label":"新北市","facility_kind_label":"路邊車格","available_rate":1,"occupancy_rate":0,"price_tier":"unknown","price_tier_label":"價格未知"}},{"type":"Feature","geometry":{"type":"Point","coordinates":[121.427654,25.189923]},"properties":{"supply_id":"new_taipei-onstreet-116753","city":"new_taipei","district":"淡水區","display_name":"無名 車格 116753","address":"無名","facility_kind":"onstreet","symbol_text":null,"type_reference":"路邊停車格","type_confidence":0.6,"price_raw":null,"price_value":null,"capacity_total":1,"available_total":1,"occupied_total":0,"status_label":"空位","data_time":"2026-05-02 15:53:29+08:00","city_label":"新北市","facility_kind_label":"路邊車格","available_rate":1,"occupancy_rate":0,"price_tier":"unknown","price_tier_label":"價格未知"}},{"type":"Feature","geometry":{"type":"Point","coordinates":[121.423697,25.186714]},"properties":{"supply_id":"new_taipei-onstreet-148551","city":"new_taipei","district":"淡水區","display_name":"中正路二段152巷 車格 148551","address":"中正路二段152巷","facility_kind":"onstreet","symbol_text":null,"type_reference":"路邊停車格","type_confidence":0.6,"price_raw":null,"price_value":null,"capacity_total":1,"available_total":1,"occupied_total":0,"status_label":"空位","data_time":"2026-05-02 15:53:29+08:00","city_label":"新北市","facility_kind_label":"路邊車格","available_rate":1,"occupancy_rate":0,"price_tier":"unknown","price_tier_label":"價格未知"}},{"type":"Feature","geometry":{"type":"Point","coordinates":[121.450277,25.165415]},"properties":{"supply_id":"new_taipei-onstreet-91453","city":"new_taipei","district":"淡水區","display_name":"竿蓁大型停車場 車格 91453","address":"竿蓁大型停車場","facility_kind":"onstreet","symbol_text":null,"type_reference":"路邊停車格","type_confidence":0.6,"price_raw":null,"price_value":null,"capacity_total":1,"available_total":null,"occupied_total":null,"status_label":"不可用","data_time":"2026-05-02 15:53:29+08:00","city_label":"新北市","facility_kind_label":"路邊車格","available_rate":null,"occupancy_rate":null,"price_tier":"unknown","price_tier_label":"價格未知"}},{"type":"Feature","geometry":{"type":"Point","coordinates":[121.420421,25.184052]},"properties":{"supply_id":"new_taipei-onstreet-148095","city":"new_taipei","district":"淡水區","display_name":"淡海路 車格 148095","address":"淡海路","facility_kind":"onstreet","symbol_text":null,"type_reference":"路邊停車格","type_confidence":0.6,"price_raw":null,"price_value":null,"capacity_total":1,"available_total":0,"occupied_total":1,"status_label":"已停","data_time":"2026-05-02 15:53:29+08:00","city_label":"新北市","facility_kind_label":"路邊車格","available_rate":0,"occupancy_rate":1,"price_tier":"unknown","price_tier_label":"價格未知"}},{"type":"Feature","geometry":{"type":"Point","coordinates":[121.459707,25.15991]},"properties":{"supply_id":"new_taipei-onstreet-89002","city":"new_taipei","district":"淡水區","display_name":"竹圍6號道路 車格 89002","address":"竹圍6號道路","facility_kind":"onstreet","symbol_text":null,"type_reference":"路邊停車格","type_confidence":0.6,"price_raw":null,"price_value":null,"capacity_total":1,"available_total":1,"occupied_total":0,"status_label":"空位","data_time":"2026-05-02 15:53:29+08:00","city_label":"新北市","facility_kind_label":"路邊車格","available_rate":1,"occupancy_rate":0,"price_tier":"unknown","price_tier_label":"價格未知"}},{"type":"Feature","geometry":{"type":"Point","coordinates":[121.422517,25.185052]},"properties":{"supply_id":"new_taipei-onstreet-126825","city":"new_taipei","district":"淡水區","display_name":"淡海路184巷 車格 126825","address":"淡海路184巷","facility_kind":"onstreet","symbol_text":null,"type_reference":"路邊停車格","type_confidence":0.6,"price_raw":null,"price_value":null,"capacity_total":1,"available_total":1,"occupied_total":0,"status_label":"空位","data_time":"2026-05-02 15:53:29+08:00","city_label":"新北市","facility_kind_label":"路邊車格","available_rate":1,"occupancy_rate":0,"price_tier":"unknown","price_tier_label":"價格未知"}},{"type":"Feature","geometry":{"type":"Point","coordinates":[121.420449,25.183682]},"properties":{"supply_id":"new_taipei-onstreet-148092","city":"new_taipei","district":"淡水區","display_name":"淡海路 車格 148092","address":"淡海路","facility_kind":"onstreet","symbol_text":null,"type_reference":"路邊停車格","type_confidence":0.6,"price_raw":null,"price_value":null,"capacity_total":1,"available_total":1,"occupied_total":0,"status_label":"空位","data_time":"2026-05-02 15:53:29+08:00","city_label":"新北市","facility_kind_label":"路邊車格","available_rate":1,"occupancy_rate":0,"price_tier":"unknown","price_tier_label":"價格未知"}},{"type":"Feature","geometry":{"type":"Point","coordinates":[121.42699,25.183513]},"properties":{"supply_id":"new_taipei-onstreet-156031","city":"new_taipei","district":"淡水區","display_name":"中正路一段22巷 車格 156031","address":"中正路一段22巷","facility_kind":"onstreet","symbol_text":null,"type_reference":"路邊停車格","type_confidence":0.6,"price_raw":null,"price_value":null,"capacity_total":1,"available_total":1,"occupied_total":0,"status_label":"空位","data_time":"2026-05-02 15:53:29+08:00","city_label":"新北市","facility_kind_label":"路邊車格","available_rate":1,"occupancy_rate":0,"price_tier":"unknown","price_tier_label":"價格未知"}},{"type":"Feature","geometry":{"type":"Point","coordinates":[121.429602,25.175524]},"properties":{"supply_id":"new_taipei-onstreet-58130","city":"new_taipei","district":"淡水區","display_name":"中正路382號前迴轉道 車格 58130","address":"中正路382號前迴轉道","facility_kind":"onstreet","symbol_text":null,"type_reference":"路邊停車格","type_confidence":0.6,"price_raw":null,"price_value":null,"capacity_total":1,"available_total":1,"occupied_total":0,"status_label":"空位","data_time":"2026-05-02 15:53:29+08:00","city_label":"新北市","facility_kind_label":"路邊車格","available_rate":1,"occupancy_rate":0,"price_tier":"unknown","price_tier_label":"價格未知"}},{"type":"Feature","geometry":{"type":"Point","coordinates":[121.427581,25.189996]},"properties":{"supply_id":"new_taipei-onstreet-116762","city":"new_taipei","district":"淡水區","display_name":"無名 車格 116762","address":"無名","facility_kind":"onstreet","symbol_text":null,"type_reference":"路邊停車格","type_confidence":0.6,"price_raw":null,"price_value":null,"capacity_total":1,"available_total":1,"occupied_total":0,"status_label":"空位","data_time":"2026-05-02 15:53:29+08:00","city_label":"新北市","facility_kind_label":"路邊車格","available_rate":1,"occupancy_rate":0,"price_tier":"unknown","price_tier_label":"價格未知"}},{"type":"Feature","geometry":{"type":"Point","coordinates":[121.423681,25.186812]},"properties":{"supply_id":"new_taipei-onstreet-148553","city":"new_taipei","district":"淡水區","display_name":"中正路二段152巷 車格 148553","address":"中正路二段152巷","facility_kind":"onstreet","symbol_text":null,"type_reference":"路邊停車格","type_confidence":0.6,"price_raw":null,"price_value":null,"capacity_total":1,"available_total":1,"occupied_total":0,"status_label":"空位","data_time":"2026-05-02 15:53:29+08:00","city_label":"新北市","facility_kind_label":"路邊車格","available_rate":1,"occupancy_rate":0,"price_tier":"unknown","price_tier_label":"價格未知"}},{"type":"Feature","geometry":{"type":"Point","coordinates":[121.426935,25.182878]},"properties":{"supply_id":"new_taipei-onstreet-156015","city":"new_taipei","district":"淡水區","display_name":"中正路一段22巷 車格 156015","address":"中正路一段22巷","facility_kind":"onstreet","symbol_text":null,"type_reference":"路邊停車格","type_confidence":0.6,"price_raw":null,"price_value":null,"capacity_total":1,"available_total":0,"occupied_total":1,"status_label":"已停","data_time":"2026-05-02 15:53:29+08:00","city_label":"新北市","facility_kind_label":"路邊車格","available_rate":0,"occupancy_rate":1,"price_tier":"unknown","price_tier_label":"價格未知"}},{"type":"Feature","geometry":{"type":"Point","coordinates":[121.429164,25.185231]},"properties":{"supply_id":"new_taipei-onstreet-139631","city":"new_taipei","district":"淡水區","display_name":"大庄路 車格 139631","address":"大庄路","facility_kind":"onstreet","symbol_text":null,"type_reference":"路邊停車格","type_confidence":0.6,"price_raw":null,"price_value":null,"capacity_total":1,"available_total":1,"occupied_total":0,"status_label":"空位","data_time":"2026-05-02 15:53:29+08:00","city_label":"新北市","facility_kind_label":"路邊車格","available_rate":1,"occupancy_rate":0,"price_tier":"unknown","price_tier_label":"價格未知"}},{"type":"Feature","geometry":{"type":"Point","coordinates":[121.427113,25.196888]},"properties":{"supply_id":"new_taipei-onstreet-141574","city":"new_taipei","district":"淡水區","display_name":"後州路一段 車格 141574","address":"後州路一段","facility_kind":"onstreet","symbol_text":null,"type_reference":"路邊停車格","type_confidence":0.6,"price_raw":null,"price_value":null,"capacity_total":1,"available_total":0,"occupied_total":1,"status_label":"已停","data_time":"2026-05-02 15:53:29+08:00","city_label":"新北市","facility_kind_label":"路邊車格","available_rate":0,"occupancy_rate":1,"price_tier":"unknown","price_tier_label":"價格未知"}},{"type":"Feature","geometry":{"type":"Point","coordinates":[121.424931,25.183301]},"properties":{"supply_id":"new_taipei-onstreet-150863","city":"new_taipei","district":"淡水區","display_name":"淡海路72巷 車格 150863","address":"淡海路72巷","facility_kind":"onstreet","symbol_text":null,"type_reference":"路邊停車格","type_confidence":0.6,"price_raw":null,"price_value":null,"capacity_total":1,"available_total":1,"occupied_total":0,"status_label":"空位","data_time":"2026-05-02 15:53:29+08:00","city_label":"新北市","facility_kind_label":"路邊車格","available_rate":1,"occupancy_rate":0,"price_tier":"unknown","price_tier_label":"價格未知"}},{"type":"Feature","geometry":{"type":"Point","coordinates":[121.43575,25.196578]},"properties":{"supply_id":"new_taipei-onstreet-41811","city":"new_taipei","district":"淡水區","display_name":"崁頂二路 車格 41811","address":"崁頂二路","facility_kind":"onstreet","symbol_text":null,"type_reference":"路邊停車格","type_confidence":0.6,"price_raw":null,"price_value":null,"capacity_total":1,"available_total":1,"occupied_total":0,"status_label":"空位","data_time":"2026-05-02 15:53:29+08:00","city_label":"新北市","facility_kind_label":"路邊車格","available_rate":1,"occupancy_rate":0,"price_tier":"unknown","price_tier_label":"價格未知"}},{"type":"Feature","geometry":{"type":"Point","coordinates":[121.427434,25.190143]},"properties":{"supply_id":"new_taipei-onstreet-116765","city":"new_taipei","district":"淡水區","display_name":"無名 車格 116765","address":"無名","facility_kind":"onstreet","symbol_text":null,"type_reference":"路邊停車格","type_confidence":0.6,"price_raw":null,"price_value":null,"capacity_total":1,"available_total":1,"occupied_total":0,"status_label":"空位","data_time":"2026-05-02 15:53:29+08:00","city_label":"新北市","facility_kind_label":"路邊車格","available_rate":1,"occupancy_rate":0,"price_tier":"unknown","price_tier_label":"價格未知"}},{"type":"Feature","geometry":{"type":"Point","coordinates":[121.423392,25.185145]},"properties":{"supply_id":"new_taipei-onstreet-126797","city":"new_taipei","district":"淡水區","display_name":"沙崙路181巷 車格 126797","address":"沙崙路181巷","facility_kind":"onstreet","symbol_text":null,"type_reference":"路邊停車格","type_confidence":0.6,"price_raw":null,"price_value":null,"capacity_total":1,"available_total":1,"occupied_total":0,"status_label":"空位","data_time":"2026-05-02 15:53:29+08:00","city_label":"新北市","facility_kind_label":"路邊車格","available_rate":1,"occupancy_rate":0,"price_tier":"unknown","price_tier_label":"價格未知"}},{"type":"Feature","geometry":{"type":"Point","coordinates":[121.423658,25.18696]},"properties":{"supply_id":"new_taipei-onstreet-148556","city":"new_taipei","district":"淡水區","display_name":"中正路二段152巷 車格 148556","address":"中正路二段152巷","facility_kind":"onstreet","symbol_text":null,"type_reference":"路邊停車格","type_confidence":0.6,"price_raw":null,"price_value":null,"capacity_total":1,"available_total":1,"occupied_total":0,"status_label":"空位","data_time":"2026-05-02 15:53:29+08:00","city_label":"新北市","facility_kind_label":"路邊車格","available_rate":1,"occupancy_rate":0,"price_tier":"unknown","price_tier_label":"價格未知"}},{"type":"Feature","geometry":{"type":"Point","coordinates":[121.459702,25.15996]},"properties":{"supply_id":"new_taipei-onstreet-89000","city":"new_taipei","district":"淡水區","display_name":"竹圍6號道路 車格 89000","address":"竹圍6號道路","facility_kind":"onstreet","symbol_text":null,"type_reference":"路邊停車格","type_confidence":0.6,"price_raw":null,"price_value":null,"capacity_total":1,"available_total":1,"occupied_total":0,"status_label":"空位","data_time":"2026-05-02 15:53:29+08:00","city_label":"新北市","facility_kind_label":"路邊車格","available_rate":1,"occupancy_rate":0,"price_tier":"unknown","price_tier_label":"價格未知"}},{"type":"Feature","geometry":{"type":"Point","coordinates":[121.455461,25.177598]},"properties":{"supply_id":"new_taipei-onstreet-117086","city":"new_taipei","district":"淡水區","display_name":"淡金路一段 車格 117086","address":"淡金路一段","facility_kind":"onstreet","symbol_text":null,"type_reference":"路邊停車格","type_confidence":0.6,"price_raw":null,"price_value":null,"capacity_total":1,"available_total":0,"occupied_total":1,"status_label":"已停","data_time":"2026-05-02 15:53:29+08:00","city_label":"新北市","facility_kind_label":"路邊車格","available_rate":0,"occupancy_rate":1,"price_tier":"unknown","price_tier_label":"價格未知"}},{"type":"Feature","geometry":{"type":"Point","coordinates":[121.435491,25.19501]},"properties":{"supply_id":"new_taipei-onstreet-24991","city":"new_taipei","district":"淡水區","display_name":"崁頂二路 車格 24991","address":"崁頂二路","facility_kind":"onstreet","symbol_text":null,"type_reference":"路邊停車格","type_confidence":0.6,"price_raw":null,"price_value":null,"capacity_total":1,"available_total":1,"occupied_total":0,"status_label":"空位","data_time":"2026-05-02 15:53:29+08:00","city_label":"新北市","facility_kind_label":"路邊車格","available_rate":1,"occupancy_rate":0,"price_tier":"unknown","price_tier_label":"價格未知"}},{"type":"Feature","geometry":{"type":"Point","coordinates":[121.422607,25.183732]},"properties":{"supply_id":"new_taipei-onstreet-125009","city":"new_taipei","district":"淡水區","display_name":"沙崙路131巷13弄 車格 125009","address":"沙崙路131巷13弄","facility_kind":"onstreet","symbol_text":null,"type_reference":"路邊停車格","type_confidence":0.6,"price_raw":null,"price_value":null,"capacity_total":1,"available_total":0,"occupied_total":1,"status_label":"已停","data_time":"2026-05-02 15:53:29+08:00","city_label":"新北市","facility_kind_label":"路邊車格","available_rate":0,"occupancy_rate":1,"price_tier":"unknown","price_tier_label":"價格未知"}},{"type":"Feature","geometry":{"type":"Point","coordinates":[121.445407,25.187033]},"properties":{"supply_id":"new_taipei-onstreet-156641","city":"new_taipei","district":"淡水區","display_name":"新市一路三段100巷 車格 156641","address":"新市一路三段100巷","facility_kind":"onstreet","symbol_text":null,"type_reference":"路邊停車格","type_confidence":0.6,"price_raw":null,"price_value":null,"capacity_total":1,"available_total":0,"occupied_total":1,"status_label":"已停","data_time":"2026-05-02 15:53:29+08:00","city_label":"新北市","facility_kind_label":"路邊車格","available_rate":0,"occupancy_rate":1,"price_tier":"unknown","price_tier_label":"價格未知"}},{"type":"Feature","geometry":{"type":"Point","coordinates":[121.426886,25.196395]},"properties":{"supply_id":"new_taipei-onstreet-141568","city":"new_taipei","district":"淡水區","display_name":"後州路一段 車格 141568","address":"後州路一段","facility_kind":"onstreet","symbol_text":null,"type_reference":"路邊停車格","type_confidence":0.6,"price_raw":null,"price_value":null,"capacity_total":1,"available_total":1,"occupied_total":0,"status_label":"空位","data_time":"2026-05-02 15:53:29+08:00","city_label":"新北市","facility_kind_label":"路邊車格","available_rate":1,"occupancy_rate":0,"price_tier":"unknown","price_tier_label":"價格未知"}},{"type":"Feature","geometry":{"type":"Point","coordinates":[121.423832,25.17819]},"properties":{"supply_id":"new_taipei-onstreet-155611","city":"new_taipei","district":"淡水區","display_name":"中正路一段 車格 155611","address":"中正路一段","facility_kind":"onstreet","symbol_text":null,"type_reference":"路邊停車格","type_confidence":0.6,"price_raw":null,"price_value":null,"capacity_total":1,"available_total":1,"occupied_total":0,"status_label":"空位","data_time":"2026-05-02 15:53:29+08:00","city_label":"新北市","facility_kind_label":"路邊車格","available_rate":1,"occupancy_rate":0,"price_tier":"unknown","price_tier_label":"價格未知"}},{"type":"Feature","geometry":{"type":"Point","coordinates":[121.435766,25.196675]},"properties":{"supply_id":"new_taipei-onstreet-41783","city":"new_taipei","district":"淡水區","display_name":"崁頂二路 車格 41783","address":"崁頂二路","facility_kind":"onstreet","symbol_text":null,"type_reference":"路邊停車格","type_confidence":0.6,"price_raw":null,"price_value":null,"capacity_total":1,"available_total":1,"occupied_total":0,"status_label":"空位","data_time":"2026-05-02 15:53:29+08:00","city_label":"新北市","facility_kind_label":"路邊車格","available_rate":1,"occupancy_rate":0,"price_tier":"unknown","price_tier_label":"價格未知"}},{"type":"Feature","geometry":{"type":"Point","coordinates":[121.422146,25.185126]},"properties":{"supply_id":"new_taipei-onstreet-126833","city":"new_taipei","district":"淡水區","display_name":"淡海路184巷 車格 126833","address":"淡海路184巷","facility_kind":"onstreet","symbol_text":null,"type_reference":"路邊停車格","type_confidence":0.6,"price_raw":null,"price_value":null,"capacity_total":1,"available_total":0,"occupied_total":1,"status_label":"已停","data_time":"2026-05-02 15:53:29+08:00","city_label":"新北市","facility_kind_label":"路邊車格","available_rate":0,"occupancy_rate":1,"price_tier":"unknown","price_tier_label":"價格未知"}},{"type":"Feature","geometry":{"type":"Point","coordinates":[121.423513,25.185443]},"properties":{"supply_id":"new_taipei-onstreet-126841","city":"new_taipei","district":"淡水區","display_name":"沙崙路181巷 車格 126841","address":"沙崙路181巷","facility_kind":"onstreet","symbol_text":null,"type_reference":"路邊停車格","type_confidence":0.6,"price_raw":null,"price_value":null,"capacity_total":1,"available_total":1,"occupied_total":0,"status_label":"空位","data_time":"2026-05-02 15:53:29+08:00","city_label":"新北市","facility_kind_label":"路邊車格","available_rate":1,"occupancy_rate":0,"price_tier":"unknown","price_tier_label":"價格未知"}},{"type":"Feature","geometry":{"type":"Point","coordinates":[121.419505,25.188848]},"properties":{"supply_id":"new_taipei-onstreet-148440","city":"new_taipei","district":"淡水區","display_name":"淡海路 車格 148440","address":"淡海路","facility_kind":"onstreet","symbol_text":null,"type_reference":"路邊停車格","type_confidence":0.6,"price_raw":null,"price_value":null,"capacity_total":1,"available_total":1,"occupied_total":0,"status_label":"空位","data_time":"2026-05-02 15:53:29+08:00","city_label":"新北市","facility_kind_label":"路邊車格","available_rate":1,"occupancy_rate":0,"price_tier":"unknown","price_tier_label":"價格未知"}},{"type":"Feature","geometry":{"type":"Point","coordinates":[121.429542,25.175524]},"properties":{"supply_id":"new_taipei-onstreet-40635","city":"new_taipei","district":"淡水區","display_name":"中正路382號前迴轉道 車格 40635","address":"中正路382號前迴轉道","facility_kind":"onstreet","symbol_text":null,"type_reference":"路邊停車格","type_confidence":0.6,"price_raw":null,"price_value":null,"capacity_total":1,"available_total":1,"occupied_total":0,"status_label":"空位","data_time":"2026-05-02 15:53:29+08:00","city_label":"新北市","facility_kind_label":"路邊車格","available_rate":1,"occupancy_rate":0,"price_tier":"unknown","price_tier_label":"價格未知"}},{"type":"Feature","geometry":{"type":"Point","coordinates":[121.427544,25.190033]},"properties":{"supply_id":"new_taipei-onstreet-116766","city":"new_taipei","district":"淡水區","display_name":"無名 車格 116766","address":"無名","facility_kind":"onstreet","symbol_text":null,"type_reference":"路邊停車格","type_confidence":0.6,"price_raw":null,"price_value":null,"capacity_total":1,"available_total":1,"occupied_total":0,"status_label":"空位","data_time":"2026-05-02 15:53:29+08:00","city_label":"新北市","facility_kind_label":"路邊車格","available_rate":1,"occupancy_rate":0,"price_tier":"unknown","price_tier_label":"價格未知"}},{"type":"Feature","geometry":{"type":"Point","coordinates":[121.423673,25.186861]},"properties":{"supply_id":"new_taipei-onstreet-148554","city":"new_taipei","district":"淡水區","display_name":"中正路二段152巷 車格 148554","address":"中正路二段152巷","facility_kind":"onstreet","symbol_text":null,"type_reference":"路邊停車格","type_confidence":0.6,"price_raw":null,"price_value":null,"capacity_total":1,"available_total":1,"occupied_total":0,"status_label":"空位","data_time":"2026-05-02 15:53:29+08:00","city_label":"新北市","facility_kind_label":"路邊車格","available_rate":1,"occupancy_rate":0,"price_tier":"unknown","price_tier_label":"價格未知"}},{"type":"Feature","geometry":{"type":"Point","coordinates":[121.428681,25.197894]},"properties":{"supply_id":"new_taipei-onstreet-152517","city":"new_taipei","district":"淡水區","display_name":"新市三路一段 車格 152517","address":"新市三路一段","facility_kind":"onstreet","symbol_text":null,"type_reference":"路邊停車格","type_confidence":0.6,"price_raw":null,"price_value":null,"capacity_total":1,"available_total":0,"occupied_total":1,"status_label":"已停","data_time":"2026-05-02 15:53:29+08:00","city_label":"新北市","facility_kind_label":"路邊車格","available_rate":0,"occupancy_rate":1,"price_tier":"unknown","price_tier_label":"價格未知"}},{"type":"Feature","geometry":{"type":"Point","coordinates":[121.422425,25.179635]},"properties":{"supply_id":"new_taipei-onstreet-155627","city":"new_taipei","district":"淡水區","display_name":"中正路一段132巷 車格 155627","address":"中正路一段132巷","facility_kind":"onstreet","symbol_text":null,"type_reference":"路邊停車格","type_confidence":0.6,"price_raw":null,"price_value":null,"capacity_total":1,"available_total":1,"occupied_total":0,"status_label":"空位","data_time":"2026-05-02 15:53:29+08:00","city_label":"新北市","facility_kind_label":"路邊車格","available_rate":1,"occupancy_rate":0,"price_tier":"unknown","price_tier_label":"價格未知"}},{"type":"Feature","geometry":{"type":"Point","coordinates":[121.437003,25.188]},"properties":{"supply_id":"new_taipei-onstreet-102356","city":"new_taipei","district":"淡水區","display_name":"義山路一段163巷 車格 102356","address":"義山路一段163巷","facility_kind":"onstreet","symbol_text":null,"type_reference":"路邊停車格","type_confidence":0.6,"price_raw":null,"price_value":null,"capacity_total":1,"available_total":1,"occupied_total":0,"status_label":"空位","data_time":"2026-05-02 15:53:29+08:00","city_label":"新北市","facility_kind_label":"路邊車格","available_rate":1,"occupancy_rate":0,"price_tier":"unknown","price_tier_label":"價格未知"}},{"type":"Feature","geometry":{"type":"Point","coordinates":[121.451923,25.165484]},"properties":{"supply_id":"new_taipei-onstreet-88844","city":"new_taipei","district":"淡水區","display_name":"中正東路一段3巷 車格 88844","address":"中正東路一段3巷","facility_kind":"onstreet","symbol_text":null,"type_reference":"路邊停車格","type_confidence":0.6,"price_raw":null,"price_value":null,"capacity_total":1,"available_total":1,"occupied_total":0,"status_label":"空位","data_time":"2026-05-02 15:53:29+08:00","city_label":"新北市","facility_kind_label":"路邊車格","available_rate":1,"occupancy_rate":0,"price_tier":"unknown","price_tier_label":"價格未知"}},{"type":"Feature","geometry":{"type":"Point","coordinates":[121.434189,25.188035]},"properties":{"supply_id":"new_taipei-onstreet-123470","city":"new_taipei","district":"淡水區","display_name":"義山路一段163巷 車格 123470","address":"義山路一段163巷","facility_kind":"onstreet","symbol_text":null,"type_reference":"路邊停車格","type_confidence":0.6,"price_raw":null,"price_value":null,"capacity_total":1,"available_total":1,"occupied_total":0,"status_label":"空位","data_time":"2026-05-02 15:53:29+08:00","city_label":"新北市","facility_kind_label":"路邊車格","available_rate":1,"occupancy_rate":0,"price_tier":"unknown","price_tier_label":"價格未知"}},{"type":"Feature","geometry":{"type":"Point","coordinates":[121.423921,25.178132]},"properties":{"supply_id":"new_taipei-onstreet-155609","city":"new_taipei","district":"淡水區","display_name":"中正路一段 車格 155609","address":"中正路一段","facility_kind":"onstreet","symbol_text":null,"type_reference":"路邊停車格","type_confidence":0.6,"price_raw":null,"price_value":null,"capacity_total":1,"available_total":1,"occupied_total":0,"status_label":"空位","data_time":"2026-05-02 15:53:29+08:00","city_label":"新北市","facility_kind_label":"路邊車格","available_rate":1,"occupancy_rate":0,"price_tier":"unknown","price_tier_label":"價格未知"}},{"type":"Feature","geometry":{"type":"Point","coordinates":[121.429364,25.175526]},"properties":{"supply_id":"new_taipei-onstreet-40634","city":"new_taipei","district":"淡水區","display_name":"中正路382號前迴轉道 車格 40634","address":"中正路382號前迴轉道","facility_kind":"onstreet","symbol_text":null,"type_reference":"路邊停車格","type_confidence":0.6,"price_raw":null,"price_value":null,"capacity_total":1,"available_total":1,"occupied_total":0,"status_label":"空位","data_time":"2026-05-02 15:53:29+08:00","city_label":"新北市","facility_kind_label":"路邊車格","available_rate":1,"occupancy_rate":0,"price_tier":"unknown","price_tier_label":"價格未知"}},{"type":"Feature","geometry":{"type":"Point","coordinates":[121.435758,25.196626]},"properties":{"supply_id":"new_taipei-onstreet-41780","city":"new_taipei","district":"淡水區","display_name":"崁頂二路 車格 41780","address":"崁頂二路","facility_kind":"onstreet","symbol_text":null,"type_reference":"路邊停車格","type_confidence":0.6,"price_raw":null,"price_value":null,"capacity_total":1,"available_total":0,"occupied_total":1,"status_label":"已停","data_time":"2026-05-02 15:53:29+08:00","city_label":"新北市","facility_kind_label":"路邊車格","available_rate":0,"occupancy_rate":1,"price_tier":"unknown","price_tier_label":"價格未知"}},{"type":"Feature","geometry":{"type":"Point","coordinates":[121.429204,25.185197]},"properties":{"supply_id":"new_taipei-onstreet-139630","city":"new_taipei","district":"淡水區","display_name":"大庄路 車格 139630","address":"大庄路","facility_kind":"onstreet","symbol_text":null,"type_reference":"路邊停車格","type_confidence":0.6,"price_raw":null,"price_value":null,"capacity_total":1,"available_total":1,"occupied_total":0,"status_label":"空位","data_time":"2026-05-02 15:53:29+08:00","city_label":"新北市","facility_kind_label":"路邊車格","available_rate":1,"occupancy_rate":0,"price_tier":"unknown","price_tier_label":"價格未知"}},{"type":"Feature","geometry":{"type":"Point","coordinates":[121.427136,25.196938]},"properties":{"supply_id":"new_taipei-onstreet-141575","city":"new_taipei","district":"淡水區","display_name":"後州路一段 車格 141575","address":"後州路一段","facility_kind":"onstreet","symbol_text":null,"type_reference":"路邊停車格","type_confidence":0.6,"price_raw":null,"price_value":null,"capacity_total":1,"available_total":1,"occupied_total":0,"status_label":"空位","data_time":"2026-05-02 15:53:29+08:00","city_label":"新北市","facility_kind_label":"路邊車格","available_rate":1,"occupancy_rate":0,"price_tier":"unknown","price_tier_label":"價格未知"}},{"type":"Feature","geometry":{"type":"Point","coordinates":[121.42365,25.187009]},"properties":{"supply_id":"new_taipei-onstreet-148557","city":"new_taipei","district":"淡水區","display_name":"中正路二段152巷 車格 148557","address":"中正路二段152巷","facility_kind":"onstreet","symbol_text":null,"type_reference":"路邊停車格","type_confidence":0.6,"price_raw":null,"price_value":null,"capacity_total":1,"available_total":1,"occupied_total":0,"status_label":"空位","data_time":"2026-05-02 15:53:29+08:00","city_label":"新北市","facility_kind_label":"路邊車格","available_rate":1,"occupancy_rate":0,"price_tier":"unknown","price_tier_label":"價格未知"}},{"type":"Feature","geometry":{"type":"Point","coordinates":[121.424822,25.183586]},"properties":{"supply_id":"new_taipei-onstreet-150862","city":"new_taipei","district":"淡水區","display_name":"淡海路72巷 車格 150862","address":"淡海路72巷","facility_kind":"onstreet","symbol_text":null,"type_reference":"路邊停車格","type_confidence":0.6,"price_raw":null,"price_value":null,"capacity_total":1,"available_total":0,"occupied_total":1,"status_label":"已停","data_time":"2026-05-02 15:53:29+08:00","city_label":"新北市","facility_kind_label":"路邊車格","available_rate":0,"occupancy_rate":1,"price_tier":"unknown","price_tier_label":"價格未知"}},{"type":"Feature","geometry":{"type":"Point","coordinates":[121.45024,25.165422]},"properties":{"supply_id":"new_taipei-onstreet-92839","city":"new_taipei","district":"淡水區","display_name":"竿蓁大型停車場 車格 92839","address":"竿蓁大型停車場","facility_kind":"onstreet","symbol_text":null,"type_reference":"路邊停車格","type_confidence":0.6,"price_raw":null,"price_value":null,"capacity_total":1,"available_total":null,"occupied_total":null,"status_label":"不可用","data_time":"2026-05-02 15:53:29+08:00","city_label":"新北市","facility_kind_label":"路邊車格","available_rate":null,"occupancy_rate":null,"price_tier":"unknown","price_tier_label":"價格未知"}},{"type":"Feature","geometry":{"type":"Point","coordinates":[121.423501,25.185395]},"properties":{"supply_id":"new_taipei-onstreet-126840","city":"new_taipei","district":"淡水區","display_name":"沙崙路181巷 車格 126840","address":"沙崙路181巷","facility_kind":"onstreet","symbol_text":null,"type_reference":"路邊停車格","type_confidence":0.6,"price_raw":null,"price_value":null,"capacity_total":1,"available_total":0,"occupied_total":1,"status_label":"已停","data_time":"2026-05-02 15:53:29+08:00","city_label":"新北市","facility_kind_label":"路邊車格","available_rate":0,"occupancy_rate":1,"price_tier":"unknown","price_tier_label":"價格未知"}},{"type":"Feature","geometry":{"type":"Point","coordinates":[121.419531,25.188646]},"properties":{"supply_id":"new_taipei-onstreet-148075","city":"new_taipei","district":"淡水區","display_name":"淡海路 車格 148075","address":"淡海路","facility_kind":"onstreet","symbol_text":null,"type_reference":"路邊停車格","type_confidence":0.6,"price_raw":null,"price_value":null,"capacity_total":1,"available_total":1,"occupied_total":0,"status_label":"空位","data_time":"2026-05-02 15:53:29+08:00","city_label":"新北市","facility_kind_label":"路邊車格","available_rate":1,"occupancy_rate":0,"price_tier":"unknown","price_tier_label":"價格未知"}},{"type":"Feature","geometry":{"type":"Point","coordinates":[121.423366,25.185101]},"properties":{"supply_id":"new_taipei-onstreet-126796","city":"new_taipei","district":"淡水區","display_name":"沙崙路181巷 車格 126796","address":"沙崙路181巷","facility_kind":"onstreet","symbol_text":null,"type_reference":"路邊停車格","type_confidence":0.6,"price_raw":null,"price_value":null,"capacity_total":1,"available_total":1,"occupied_total":0,"status_label":"空位","data_time":"2026-05-02 15:53:29+08:00","city_label":"新北市","facility_kind_label":"路邊車格","available_rate":1,"occupancy_rate":0,"price_tier":"unknown","price_tier_label":"價格未知"}},{"type":"Feature","geometry":{"type":"Point","coordinates":[121.451975,25.16551]},"properties":{"supply_id":"new_taipei-onstreet-46640","city":"new_taipei","district":"淡水區","display_name":"中正東路一段3巷 車格 46640","address":"中正東路一段3巷","facility_kind":"onstreet","symbol_text":null,"type_reference":"路邊停車格","type_confidence":0.6,"price_raw":null,"price_value":null,"capacity_total":1,"available_total":1,"occupied_total":0,"status_label":"空位","data_time":"2026-05-02 15:53:29+08:00","city_label":"新北市","facility_kind_label":"路邊車格","available_rate":1,"occupancy_rate":0,"price_tier":"unknown","price_tier_label":"價格未知"}},{"type":"Feature","geometry":{"type":"Point","coordinates":[121.429009,25.185369]},"properties":{"supply_id":"new_taipei-onstreet-139626","city":"new_taipei","district":"淡水區","display_name":"大庄路 車格 139626","address":"大庄路","facility_kind":"onstreet","symbol_text":null,"type_reference":"路邊停車格","type_confidence":0.6,"price_raw":null,"price_value":null,"capacity_total":1,"available_total":1,"occupied_total":0,"status_label":"空位","data_time":"2026-05-02 15:53:29+08:00","city_label":"新北市","facility_kind_label":"路邊車格","available_rate":1,"occupancy_rate":0,"price_tier":"unknown","price_tier_label":"價格未知"}},{"type":"Feature","geometry":{"type":"Point","coordinates":[121.426909,25.196445]},"properties":{"supply_id":"new_taipei-onstreet-141569","city":"new_taipei","district":"淡水區","display_name":"後州路一段 車格 141569","address":"後州路一段","facility_kind":"onstreet","symbol_text":null,"type_reference":"路邊停車格","type_confidence":0.6,"price_raw":null,"price_value":null,"capacity_total":1,"available_total":0,"occupied_total":1,"status_label":"已停","data_time":"2026-05-02 15:53:29+08:00","city_label":"新北市","facility_kind_label":"路邊車格","available_rate":0,"occupancy_rate":1,"price_tier":"unknown","price_tier_label":"價格未知"}},{"type":"Feature","geometry":{"type":"Point","coordinates":[121.422282,25.181141]},"properties":{"supply_id":"new_taipei-onstreet-148063","city":"new_taipei","district":"淡水區","display_name":"中正路一段156巷 車格 148063","address":"中正路一段156巷","facility_kind":"onstreet","symbol_text":null,"type_reference":"路邊停車格","type_confidence":0.6,"price_raw":null,"price_value":null,"capacity_total":1,"available_total":1,"occupied_total":0,"status_label":"空位","data_time":"2026-05-02 15:53:29+08:00","city_label":"新北市","facility_kind_label":"路邊車格","available_rate":1,"occupancy_rate":0,"price_tier":"unknown","price_tier_label":"價格未知"}},{"type":"Feature","geometry":{"type":"Point","coordinates":[121.423877,25.178161]},"properties":{"supply_id":"new_taipei-onstreet-155610","city":"new_taipei","district":"淡水區","display_name":"中正路一段 車格 155610","address":"中正路一段","facility_kind":"onstreet","symbol_text":null,"type_reference":"路邊停車格","type_confidence":0.6,"price_raw":null,"price_value":null,"capacity_total":1,"available_total":1,"occupied_total":0,"status_label":"空位","data_time":"2026-05-02 15:53:29+08:00","city_label":"新北市","facility_kind_label":"路邊車格","available_rate":1,"occupancy_rate":0,"price_tier":"unknown","price_tier_label":"價格未知"}},{"type":"Feature","geometry":{"type":"Point","coordinates":[121.437589,25.186906]},"properties":{"supply_id":"new_taipei-onstreet-115231","city":"new_taipei","district":"淡水區","display_name":"義山路一段 車格 115231","address":"義山路一段","facility_kind":"onstreet","symbol_text":null,"type_reference":"路邊停車格","type_confidence":0.6,"price_raw":null,"price_value":null,"capacity_total":1,"available_total":0,"occupied_total":1,"status_label":"已停","data_time":"2026-05-02 15:53:29+08:00","city_label":"新北市","facility_kind_label":"路邊車格","available_rate":0,"occupancy_rate":1,"price_tier":"unknown","price_tier_label":"價格未知"}},{"type":"Feature","geometry":{"type":"Point","coordinates":[121.433809,25.196079]},"properties":{"supply_id":"new_taipei-onstreet-123421","city":"new_taipei","district":"淡水區","display_name":"新市三路二段 車格 123421","address":"新市三路二段","facility_kind":"onstreet","symbol_text":null,"type_reference":"路邊停車格","type_confidence":0.6,"price_raw":null,"price_value":null,"capacity_total":1,"available_total":1,"occupied_total":0,"status_label":"空位","data_time":"2026-05-02 15:53:29+08:00","city_label":"新北市","facility_kind_label":"路邊車格","available_rate":1,"occupancy_rate":0,"price_tier":"unknown","price_tier_label":"價格未知"}},{"type":"Feature","geometry":{"type":"Point","coordinates":[121.424955,25.183257]},"properties":{"supply_id":"new_taipei-onstreet-150864","city":"new_taipei","district":"淡水區","display_name":"淡海路72巷 車格 150864","address":"淡海路72巷","facility_kind":"onstreet","symbol_text":null,"type_reference":"路邊停車格","type_confidence":0.6,"price_raw":null,"price_value":null,"capacity_total":1,"available_total":1,"occupied_total":0,"status_label":"空位","data_time":"2026-05-02 15:53:29+08:00","city_label":"新北市","facility_kind_label":"路邊車格","available_rate":1,"occupancy_rate":0,"price_tier":"unknown","price_tier_label":"價格未知"}},{"type":"Feature","geometry":{"type":"Point","coordinates":[121.446725,25.178337]},"properties":{"supply_id":"new_taipei-onstreet-27704","city":"new_taipei","district":"淡水區","display_name":"北新路 車格 27704","address":"北新路","facility_kind":"onstreet","symbol_text":null,"type_reference":"路邊停車格","type_confidence":0.6,"price_raw":null,"price_value":null,"capacity_total":1,"available_total":1,"occupied_total":0,"status_label":"空位","data_time":"2026-05-02 15:53:29+08:00","city_label":"新北市","facility_kind_label":"路邊車格","available_rate":1,"occupancy_rate":0,"price_tier":"unknown","price_tier_label":"價格未知"}},{"type":"Feature","geometry":{"type":"Point","coordinates":[121.415013,25.187904]},"properties":{"supply_id":"new_taipei-onstreet-144079","city":"new_taipei","district":"淡水區","display_name":"觀海路 車格 144079","address":"觀海路","facility_kind":"onstreet","symbol_text":null,"type_reference":"路邊停車格","type_confidence":0.6,"price_raw":null,"price_value":null,"capacity_total":1,"available_total":null,"occupied_total":null,"status_label":"不可用","data_time":"2026-05-02 15:53:29+08:00","city_label":"新北市","facility_kind_label":"路邊車格","available_rate":null,"occupancy_rate":null,"price_tier":"unknown","price_tier_label":"價格未知"}},{"type":"Feature","geometry":{"type":"Point","coordinates":[121.426934,25.183008]},"properties":{"supply_id":"new_taipei-onstreet-156014","city":"new_taipei","district":"淡水區","display_name":"中正路一段22巷 車格 156014","address":"中正路一段22巷","facility_kind":"onstreet","symbol_text":null,"type_reference":"路邊停車格","type_confidence":0.6,"price_raw":null,"price_value":null,"capacity_total":1,"available_total":1,"occupied_total":0,"status_label":"空位","data_time":"2026-05-02 15:53:29+08:00","city_label":"新北市","facility_kind_label":"路邊車格","available_rate":1,"occupancy_rate":0,"price_tier":"unknown","price_tier_label":"價格未知"}},{"type":"Feature","geometry":{"type":"Point","coordinates":[121.437052,25.188]},"properties":{"supply_id":"new_taipei-onstreet-102355","city":"new_taipei","district":"淡水區","display_name":"義山路一段163巷 車格 102355","address":"義山路一段163巷","facility_kind":"onstreet","symbol_text":null,"type_reference":"路邊停車格","type_confidence":0.6,"price_raw":null,"price_value":null,"capacity_total":1,"available_total":1,"occupied_total":0,"status_label":"空位","data_time":"2026-05-02 15:53:29+08:00","city_label":"新北市","facility_kind_label":"路邊車格","available_rate":1,"occupancy_rate":0,"price_tier":"unknown","price_tier_label":"價格未知"}},{"type":"Feature","geometry":{"type":"Point","coordinates":[121.42479,25.183626]},"properties":{"supply_id":"new_taipei-onstreet-150861","city":"new_taipei","district":"淡水區","display_name":"淡海路72巷 車格 150861","address":"淡海路72巷","facility_kind":"onstreet","symbol_text":null,"type_reference":"路邊停車格","type_confidence":0.6,"price_raw":null,"price_value":null,"capacity_total":1,"available_total":1,"occupied_total":0,"status_label":"空位","data_time":"2026-05-02 15:53:29+08:00","city_label":"新北市","facility_kind_label":"路邊車格","available_rate":1,"occupancy_rate":0,"price_tier":"unknown","price_tier_label":"價格未知"}},{"type":"Feature","geometry":{"type":"Point","coordinates":[121.435507,25.195109]},"properties":{"supply_id":"new_taipei-onstreet-24993","city":"new_taipei","district":"淡水區","display_name":"崁頂二路 車格 24993","address":"崁頂二路","facility_kind":"onstreet","symbol_text":null,"type_reference":"路邊停車格","type_confidence":0.6,"price_raw":null,"price_value":null,"capacity_total":1,"available_total":1,"occupied_total":0,"status_label":"空位","data_time":"2026-05-02 15:53:29+08:00","city_label":"新北市","facility_kind_label":"路邊車格","available_rate":1,"occupancy_rate":0,"price_tier":"unknown","price_tier_label":"價格未知"}},{"type":"Feature","geometry":{"type":"Point","coordinates":[121.42747,25.190106]},"properties":{"supply_id":"new_taipei-onstreet-116764","city":"new_taipei","district":"淡水區","display_name":"無名 車格 116764","address":"無名","facility_kind":"onstreet","symbol_text":null,"type_reference":"路邊停車格","type_confidence":0.6,"price_raw":null,"price_value":null,"capacity_total":1,"available_total":0,"occupied_total":1,"status_label":"已停","data_time":"2026-05-02 15:53:29+08:00","city_label":"新北市","facility_kind_label":"路邊車格","available_rate":0,"occupancy_rate":1,"price_tier":"unknown","price_tier_label":"價格未知"}},{"type":"Feature","geometry":{"type":"Point","coordinates":[121.423463,25.18528]},"properties":{"supply_id":"new_taipei-onstreet-132834","city":"new_taipei","district":"淡水區","display_name":"沙崙路181巷 車格 132834","address":"沙崙路181巷","facility_kind":"onstreet","symbol_text":null,"type_reference":"路邊停車格","type_confidence":0.6,"price_raw":null,"price_value":null,"capacity_total":1,"available_total":1,"occupied_total":0,"status_label":"空位","data_time":"2026-05-02 15:53:29+08:00","city_label":"新北市","facility_kind_label":"路邊車格","available_rate":1,"occupancy_rate":0,"price_tier":"unknown","price_tier_label":"價格未知"}},{"type":"Feature","geometry":{"type":"Point","coordinates":[121.423666,25.18691]},"properties":{"supply_id":"new_taipei-onstreet-148555","city":"new_taipei","district":"淡水區","display_name":"中正路二段152巷 車格 148555","address":"中正路二段152巷","facility_kind":"onstreet","symbol_text":null,"type_reference":"路邊停車格","type_confidence":0.6,"price_raw":null,"price_value":null,"capacity_total":1,"available_total":1,"occupied_total":0,"status_label":"空位","data_time":"2026-05-02 15:53:29+08:00","city_label":"新北市","facility_kind_label":"路邊車格","available_rate":1,"occupancy_rate":0,"price_tier":"unknown","price_tier_label":"價格未知"}},{"type":"Feature","geometry":{"type":"Point","coordinates":[121.420452,25.183633]},"properties":{"supply_id":"new_taipei-onstreet-148091","city":"new_taipei","district":"淡水區","display_name":"淡海路 車格 148091","address":"淡海路","facility_kind":"onstreet","symbol_text":null,"type_reference":"路邊停車格","type_confidence":0.6,"price_raw":null,"price_value":null,"capacity_total":1,"available_total":1,"occupied_total":0,"status_label":"空位","data_time":"2026-05-02 15:53:29+08:00","city_label":"新北市","facility_kind_label":"路邊車格","available_rate":1,"occupancy_rate":0,"price_tier":"unknown","price_tier_label":"價格未知"}},{"type":"Feature","geometry":{"type":"Point","coordinates":[121.459693,25.160059]},"properties":{"supply_id":"new_taipei-onstreet-88961","city":"new_taipei","district":"淡水區","display_name":"竹圍6號道路 車格 88961","address":"竹圍6號道路","facility_kind":"onstreet","symbol_text":null,"type_reference":"路邊停車格","type_confidence":0.6,"price_raw":null,"price_value":null,"capacity_total":1,"available_total":1,"occupied_total":0,"status_label":"空位","data_time":"2026-05-02 15:53:29+08:00","city_label":"新北市","facility_kind_label":"路邊車格","available_rate":1,"occupancy_rate":0,"price_tier":"unknown","price_tier_label":"價格未知"}},{"type":"Feature","geometry":{"type":"Point","coordinates":[121.434237,25.188026]},"properties":{"supply_id":"new_taipei-onstreet-123469","city":"new_taipei","district":"淡水區","display_name":"義山路一段163巷 車格 123469","address":"義山路一段163巷","facility_kind":"onstreet","symbol_text":null,"type_reference":"路邊停車格","type_confidence":0.6,"price_raw":null,"price_value":null,"capacity_total":1,"available_total":1,"occupied_total":0,"status_label":"空位","data_time":"2026-05-02 15:53:29+08:00","city_label":"新北市","facility_kind_label":"路邊車格","available_rate":1,"occupancy_rate":0,"price_tier":"unknown","price_tier_label":"價格未知"}},{"type":"Feature","geometry":{"type":"Point","coordinates":[121.422668,25.183812]},"properties":{"supply_id":"new_taipei-onstreet-125007","city":"new_taipei","district":"淡水區","display_name":"沙崙路131巷13弄 車格 125007","address":"沙崙路131巷13弄","facility_kind":"onstreet","symbol_text":null,"type_reference":"路邊停車格","type_confidence":0.6,"price_raw":null,"price_value":null,"capacity_total":1,"available_total":1,"occupied_total":0,"status_label":"空位","data_time":"2026-05-02 15:53:29+08:00","city_label":"新北市","facility_kind_label":"路邊車格","available_rate":1,"occupancy_rate":0,"price_tier":"unknown","price_tier_label":"價格未知"}},{"type":"Feature","geometry":{"type":"Point","coordinates":[121.42694,25.183094]},"properties":{"supply_id":"new_taipei-onstreet-156013","city":"new_taipei","district":"淡水區","display_name":"中正路一段22巷 車格 156013","address":"中正路一段22巷","facility_kind":"onstreet","symbol_text":null,"type_reference":"路邊停車格","type_confidence":0.6,"price_raw":null,"price_value":null,"capacity_total":1,"available_total":1,"occupied_total":0,"status_label":"空位","data_time":"2026-05-02 15:53:29+08:00","city_label":"新北市","facility_kind_label":"路邊車格","available_rate":1,"occupancy_rate":0,"price_tier":"unknown","price_tier_label":"價格未知"}},{"type":"Feature","geometry":{"type":"Point","coordinates":[121.437101,25.187999]},"properties":{"supply_id":"new_taipei-onstreet-102354","city":"new_taipei","district":"淡水區","display_name":"義山路一段163巷 車格 102354","address":"義山路一段163巷","facility_kind":"onstreet","symbol_text":null,"type_reference":"路邊停車格","type_confidence":0.6,"price_raw":null,"price_value":null,"capacity_total":1,"available_total":1,"occupied_total":0,"status_label":"空位","data_time":"2026-05-02 15:53:29+08:00","city_label":"新北市","facility_kind_label":"路邊車格","available_rate":1,"occupancy_rate":0,"price_tier":"unknown","price_tier_label":"價格未知"}},{"type":"Feature","geometry":{"type":"Point","coordinates":[121.459698,25.160009]},"properties":{"supply_id":"new_taipei-onstreet-88999","city":"new_taipei","district":"淡水區","display_name":"竹圍6號道路 車格 88999","address":"竹圍6號道路","facility_kind":"onstreet","symbol_text":null,"type_reference":"路邊停車格","type_confidence":0.6,"price_raw":null,"price_value":null,"capacity_total":1,"available_total":0,"occupied_total":1,"status_label":"已停","data_time":"2026-05-02 15:53:29+08:00","city_label":"新北市","facility_kind_label":"路邊車格","available_rate":0,"occupancy_rate":1,"price_tier":"unknown","price_tier_label":"價格未知"}},{"type":"Feature","geometry":{"type":"Point","coordinates":[121.435499,25.19506]},"properties":{"supply_id":"new_taipei-onstreet-24994","city":"new_taipei","district":"淡水區","display_name":"崁頂二路 車格 24994","address":"崁頂二路","facility_kind":"onstreet","symbol_text":null,"type_reference":"路邊停車格","type_confidence":0.6,"price_raw":null,"price_value":null,"capacity_total":1,"available_total":1,"occupied_total":0,"status_label":"空位","data_time":"2026-05-02 15:53:29+08:00","city_label":"新北市","facility_kind_label":"路邊車格","available_rate":1,"occupancy_rate":0,"price_tier":"unknown","price_tier_label":"價格未知"}},{"type":"Feature","geometry":{"type":"Point","coordinates":[121.422637,25.183771]},"properties":{"supply_id":"new_taipei-onstreet-125008","city":"new_taipei","district":"淡水區","display_name":"沙崙路131巷13弄 車格 125008","address":"沙崙路131巷13弄","facility_kind":"onstreet","symbol_text":null,"type_reference":"路邊停車格","type_confidence":0.6,"price_raw":null,"price_value":null,"capacity_total":1,"available_total":1,"occupied_total":0,"status_label":"空位","data_time":"2026-05-02 15:53:29+08:00","city_label":"新北市","facility_kind_label":"路邊車格","available_rate":1,"occupancy_rate":0,"price_tier":"unknown","price_tier_label":"價格未知"}},{"type":"Feature","geometry":{"type":"Point","coordinates":[121.429245,25.175535]},"properties":{"supply_id":"new_taipei-onstreet-40648","city":"new_taipei","district":"淡水區","display_name":"中正路382號前迴轉道 車格 40648","address":"中正路382號前迴轉道","facility_kind":"onstreet","symbol_text":null,"type_reference":"路邊停車格","type_confidence":0.6,"price_raw":null,"price_value":null,"capacity_total":1,"available_total":1,"occupied_total":0,"status_label":"空位","data_time":"2026-05-02 15:53:29+08:00","city_label":"新北市","facility_kind_label":"路邊車格","available_rate":1,"occupancy_rate":0,"price_tier":"unknown","price_tier_label":"價格未知"}},{"type":"Feature","geometry":{"type":"Point","coordinates":[121.435774,25.196724]},"properties":{"supply_id":"new_taipei-onstreet-27743","city":"new_taipei","district":"淡水區","display_name":"崁頂二路 車格 27743","address":"崁頂二路","facility_kind":"onstreet","symbol_text":null,"type_reference":"路邊停車格","type_confidence":0.6,"price_raw":null,"price_value":null,"capacity_total":1,"available_total":0,"occupied_total":1,"status_label":"已停","data_time":"2026-05-02 15:53:29+08:00","city_label":"新北市","facility_kind_label":"路邊車格","available_rate":0,"occupancy_rate":1,"price_tier":"unknown","price_tier_label":"價格未知"}},{"type":"Feature","geometry":{"type":"Point","coordinates":[121.437596,25.186955]},"properties":{"supply_id":"new_taipei-onstreet-115233","city":"new_taipei","district":"淡水區","display_name":"義山路一段 車格 115233","address":"義山路一段","facility_kind":"onstreet","symbol_text":null,"type_reference":"路邊停車格","type_confidence":0.6,"price_raw":null,"price_value":null,"capacity_total":1,"available_total":1,"occupied_total":0,"status_label":"空位","data_time":"2026-05-02 15:53:29+08:00","city_label":"新北市","facility_kind_label":"路邊車格","available_rate":1,"occupancy_rate":0,"price_tier":"unknown","price_tier_label":"價格未知"}},{"type":"Feature","geometry":{"type":"Point","coordinates":[121.429125,25.185265]},"properties":{"supply_id":"new_taipei-onstreet-139629","city":"new_taipei","district":"淡水區","display_name":"大庄路 車格 139629","address":"大庄路","facility_kind":"onstreet","symbol_text":null,"type_reference":"路邊停車格","type_confidence":0.6,"price_raw":null,"price_value":null,"capacity_total":1,"available_total":1,"occupied_total":0,"status_label":"空位","data_time":"2026-05-02 15:53:29+08:00","city_label":"新北市","facility_kind_label":"路邊車格","available_rate":1,"occupancy_rate":0,"price_tier":"unknown","price_tier_label":"價格未知"}},{"type":"Feature","geometry":{"type":"Point","coordinates":[121.42709,25.196838]},"properties":{"supply_id":"new_taipei-onstreet-141570","city":"new_taipei","district":"淡水區","display_name":"後州路一段 車格 141570","address":"後州路一段","facility_kind":"onstreet","symbol_text":null,"type_reference":"路邊停車格","type_confidence":0.6,"price_raw":null,"price_value":null,"capacity_total":1,"available_total":0,"occupied_total":1,"status_label":"已停","data_time":"2026-05-02 15:53:29+08:00","city_label":"新北市","facility_kind_label":"路邊車格","available_rate":0,"occupancy_rate":1,"price_tier":"unknown","price_tier_label":"價格未知"}},{"type":"Feature","geometry":{"type":"Point","coordinates":[121.423966,25.178103]},"properties":{"supply_id":"new_taipei-onstreet-155608","city":"new_taipei","district":"淡水區","display_name":"中正路一段 車格 155608","address":"中正路一段","facility_kind":"onstreet","symbol_text":null,"type_reference":"路邊停車格","type_confidence":0.6,"price_raw":null,"price_value":null,"capacity_total":1,"available_total":1,"occupied_total":0,"status_label":"空位","data_time":"2026-05-02 15:53:29+08:00","city_label":"新北市","facility_kind_label":"路邊車格","available_rate":1,"occupancy_rate":0,"price_tier":"unknown","price_tier_label":"價格未知"}},{"type":"Feature","geometry":{"type":"Point","coordinates":[121.422253,25.185107]},"properties":{"supply_id":"new_taipei-onstreet-126836","city":"new_taipei","district":"淡水區","display_name":"淡海路184巷 車格 126836","address":"淡海路184巷","facility_kind":"onstreet","symbol_text":null,"type_reference":"路邊停車格","type_confidence":0.6,"price_raw":null,"price_value":null,"capacity_total":1,"available_total":1,"occupied_total":0,"status_label":"空位","data_time":"2026-05-02 15:53:29+08:00","city_label":"新北市","facility_kind_label":"路邊車格","available_rate":1,"occupancy_rate":0,"price_tier":"unknown","price_tier_label":"價格未知"}},{"type":"Feature","geometry":{"type":"Point","coordinates":[121.414904,25.187894]},"properties":{"supply_id":"new_taipei-onstreet-144081","city":"new_taipei","district":"淡水區","display_name":"觀海路 車格 144081","address":"觀海路","facility_kind":"onstreet","symbol_text":null,"type_reference":"路邊停車格","type_confidence":0.6,"price_raw":null,"price_value":null,"capacity_total":1,"available_total":null,"occupied_total":null,"status_label":"不可用","data_time":"2026-05-02 15:53:29+08:00","city_label":"新北市","facility_kind_label":"路邊車格","available_rate":null,"occupancy_rate":null,"price_tier":"unknown","price_tier_label":"價格未知"}},{"type":"Feature","geometry":{"type":"Point","coordinates":[121.426944,25.183143]},"properties":{"supply_id":"new_taipei-onstreet-156012","city":"new_taipei","district":"淡水區","display_name":"中正路一段22巷 車格 156012","address":"中正路一段22巷","facility_kind":"onstreet","symbol_text":null,"type_reference":"路邊停車格","type_confidence":0.6,"price_raw":null,"price_value":null,"capacity_total":1,"available_total":1,"occupied_total":0,"status_label":"空位","data_time":"2026-05-02 15:53:29+08:00","city_label":"新北市","facility_kind_label":"路邊車格","available_rate":1,"occupancy_rate":0,"price_tier":"unknown","price_tier_label":"價格未知"}},{"type":"Feature","geometry":{"type":"Point","coordinates":[121.422092,25.185135]},"properties":{"supply_id":"new_taipei-onstreet-126834","city":"new_taipei","district":"淡水區","display_name":"淡海路184巷 車格 126834","address":"淡海路184巷","facility_kind":"onstreet","symbol_text":null,"type_reference":"路邊停車格","type_confidence":0.6,"price_raw":null,"price_value":null,"capacity_total":1,"available_total":0,"occupied_total":1,"status_label":"已停","data_time":"2026-05-02 15:53:29+08:00","city_label":"新北市","facility_kind_label":"路邊車格","available_rate":0,"occupancy_rate":1,"price_tier":"unknown","price_tier_label":"價格未知"}},{"type":"Feature","geometry":{"type":"Point","coordinates":[121.424757,25.183666]},"properties":{"supply_id":"new_taipei-onstreet-150860","city":"new_taipei","district":"淡水區","display_name":"淡海路72巷 車格 150860","address":"淡海路72巷","facility_kind":"onstreet","symbol_text":null,"type_reference":"路邊停車格","type_confidence":0.6,"price_raw":null,"price_value":null,"capacity_total":1,"available_total":0,"occupied_total":1,"status_label":"已停","data_time":"2026-05-02 15:53:29+08:00","city_label":"新北市","facility_kind_label":"路邊車格","available_rate":0,"occupancy_rate":1,"price_tier":"unknown","price_tier_label":"價格未知"}},{"type":"Feature","geometry":{"type":"Point","coordinates":[121.429127,25.175553]},"properties":{"supply_id":"new_taipei-onstreet-58129","city":"new_taipei","district":"淡水區","display_name":"中正路382號前迴轉道 車格 58129","address":"中正路382號前迴轉道","facility_kind":"onstreet","symbol_text":null,"type_reference":"路邊停車格","type_confidence":0.6,"price_raw":null,"price_value":null,"capacity_total":1,"available_total":1,"occupied_total":0,"status_label":"空位","data_time":"2026-05-02 15:53:29+08:00","city_label":"新北市","facility_kind_label":"路邊車格","available_rate":1,"occupancy_rate":0,"price_tier":"unknown","price_tier_label":"價格未知"}},{"type":"Feature","geometry":{"type":"Point","coordinates":[121.429363,25.185061]},"properties":{"supply_id":"new_taipei-onstreet-139636","city":"new_taipei","district":"淡水區","display_name":"大庄路 車格 139636","address":"大庄路","facility_kind":"onstreet","symbol_text":null,"type_reference":"路邊停車格","type_confidence":0.6,"price_raw":null,"price_value":null,"capacity_total":1,"available_total":1,"occupied_total":0,"status_label":"空位","data_time":"2026-05-02 15:53:29+08:00","city_label":"新北市","facility_kind_label":"路邊車格","available_rate":1,"occupancy_rate":0,"price_tier":"unknown","price_tier_label":"價格未知"}},{"type":"Feature","geometry":{"type":"Point","coordinates":[121.427263,25.197216]},"properties":{"supply_id":"new_taipei-onstreet-141577","city":"new_taipei","district":"淡水區","display_name":"後州路一段 車格 141577","address":"後州路一段","facility_kind":"onstreet","symbol_text":null,"type_reference":"路邊停車格","type_confidence":0.6,"price_raw":null,"price_value":null,"capacity_total":1,"available_total":0,"occupied_total":1,"status_label":"已停","data_time":"2026-05-02 15:53:29+08:00","city_label":"新北市","facility_kind_label":"路邊車格","available_rate":0,"occupancy_rate":1,"price_tier":"unknown","price_tier_label":"價格未知"}},{"type":"Feature","geometry":{"type":"Point","coordinates":[121.424692,25.183746]},"properties":{"supply_id":"new_taipei-onstreet-150858","city":"new_taipei","district":"淡水區","display_name":"淡海路72巷 車格 150858","address":"淡海路72巷","facility_kind":"onstreet","symbol_text":null,"type_reference":"路邊停車格","type_confidence":0.6,"price_raw":null,"price_value":null,"capacity_total":1,"available_total":1,"occupied_total":0,"status_label":"空位","data_time":"2026-05-02 15:53:29+08:00","city_label":"新北市","facility_kind_label":"路邊車格","available_rate":1,"occupancy_rate":0,"price_tier":"unknown","price_tier_label":"價格未知"}},{"type":"Feature","geometry":{"type":"Point","coordinates":[121.427183,25.197038]},"properties":{"supply_id":"new_taipei-onstreet-141572","city":"new_taipei","district":"淡水區","display_name":"後州路一段 車格 141572","address":"後州路一段","facility_kind":"onstreet","symbol_text":null,"type_reference":"路邊停車格","type_confidence":0.6,"price_raw":null,"price_value":null,"capacity_total":1,"available_total":0,"occupied_total":1,"status_label":"已停","data_time":"2026-05-02 15:53:29+08:00","city_label":"新北市","facility_kind_label":"路邊車格","available_rate":0,"occupancy_rate":1,"price_tier":"unknown","price_tier_label":"價格未知"}},{"type":"Feature","geometry":{"type":"Point","coordinates":[121.423611,25.187218]},"properties":{"supply_id":"new_taipei-onstreet-148560","city":"new_taipei","district":"淡水區","display_name":"中正路二段152巷 車格 148560","address":"中正路二段152巷","facility_kind":"onstreet","symbol_text":null,"type_reference":"路邊停車格","type_confidence":0.6,"price_raw":null,"price_value":null,"capacity_total":1,"available_total":1,"occupied_total":0,"status_label":"空位","data_time":"2026-05-02 15:53:29+08:00","city_label":"新北市","facility_kind_label":"路邊車格","available_rate":1,"occupancy_rate":0,"price_tier":"unknown","price_tier_label":"價格未知"}},{"type":"Feature","geometry":{"type":"Point","coordinates":[121.433755,25.196085]},"properties":{"supply_id":"new_taipei-onstreet-122184","city":"new_taipei","district":"淡水區","display_name":"新市三路二段 車格 122184","address":"新市三路二段","facility_kind":"onstreet","symbol_text":null,"type_reference":"路邊停車格","type_confidence":0.6,"price_raw":null,"price_value":null,"capacity_total":1,"available_total":1,"occupied_total":0,"status_label":"空位","data_time":"2026-05-02 15:53:29+08:00","city_label":"新北市","facility_kind_label":"路邊車格","available_rate":1,"occupancy_rate":0,"price_tier":"unknown","price_tier_label":"價格未知"}},{"type":"Feature","geometry":{"type":"Point","coordinates":[121.42401,25.178075]},"properties":{"supply_id":"new_taipei-onstreet-155607","city":"new_taipei","district":"淡水區","display_name":"中正路一段 車格 155607","address":"中正路一段","facility_kind":"onstreet","symbol_text":null,"type_reference":"路邊停車格","type_confidence":0.6,"price_raw":null,"price_value":null,"capacity_total":1,"available_total":1,"occupied_total":0,"status_label":"空位","data_time":"2026-05-02 15:53:29+08:00","city_label":"新北市","facility_kind_label":"路邊車格","available_rate":1,"occupancy_rate":0,"price_tier":"unknown","price_tier_label":"價格未知"}},{"type":"Feature","geometry":{"type":"Point","coordinates":[121.45164,25.165338]},"properties":{"supply_id":"new_taipei-onstreet-88845","city":"new_taipei","district":"淡水區","display_name":"中正東路一段3巷 車格 88845","address":"中正東路一段3巷","facility_kind":"onstreet","symbol_text":null,"type_reference":"路邊停車格","type_confidence":0.6,"price_raw":null,"price_value":null,"capacity_total":1,"available_total":1,"occupied_total":0,"status_label":"空位","data_time":"2026-05-02 15:53:29+08:00","city_label":"新北市","facility_kind_label":"路邊車格","available_rate":1,"occupancy_rate":0,"price_tier":"unknown","price_tier_label":"價格未知"}},{"type":"Feature","geometry":{"type":"Point","coordinates":[121.450168,25.165437]},"properties":{"supply_id":"new_taipei-onstreet-92863","city":"new_taipei","district":"淡水區","display_name":"竿蓁大型停車場 車格 92863","address":"竿蓁大型停車場","facility_kind":"onstreet","symbol_text":null,"type_reference":"路邊停車格","type_confidence":0.6,"price_raw":null,"price_value":null,"capacity_total":1,"available_total":null,"occupied_total":null,"status_label":"不可用","data_time":"2026-05-02 15:53:29+08:00","city_label":"新北市","facility_kind_label":"路邊車格","available_rate":null,"occupancy_rate":null,"price_tier":"unknown","price_tier_label":"價格未知"}},{"type":"Feature","geometry":{"type":"Point","coordinates":[121.419595,25.188566]},"properties":{"supply_id":"new_taipei-onstreet-148073","city":"new_taipei","district":"淡水區","display_name":"淡海路 車格 148073","address":"淡海路","facility_kind":"onstreet","symbol_text":null,"type_reference":"路邊停車格","type_confidence":0.6,"price_raw":null,"price_value":null,"capacity_total":1,"available_total":1,"occupied_total":0,"status_label":"空位","data_time":"2026-05-02 15:53:29+08:00","city_label":"新北市","facility_kind_label":"路邊車格","available_rate":1,"occupancy_rate":0,"price_tier":"unknown","price_tier_label":"價格未知"}},{"type":"Feature","geometry":{"type":"Point","coordinates":[121.428645,25.197908]},"properties":{"supply_id":"new_taipei-onstreet-152515","city":"new_taipei","district":"淡水區","display_name":"新市三路一段 車格 152515","address":"新市三路一段","facility_kind":"onstreet","symbol_text":null,"type_reference":"路邊停車格","type_confidence":0.6,"price_raw":null,"price_value":null,"capacity_total":1,"available_total":0,"occupied_total":1,"status_label":"已停","data_time":"2026-05-02 15:53:29+08:00","city_label":"新北市","facility_kind_label":"路邊車格","available_rate":0,"occupancy_rate":1,"price_tier":"unknown","price_tier_label":"價格未知"}},{"type":"Feature","geometry":{"type":"Point","coordinates":[121.434343,25.188004]},"properties":{"supply_id":"new_taipei-onstreet-123466","city":"new_taipei","district":"淡水區","display_name":"義山路一段163巷 車格 123466","address":"義山路一段163巷","facility_kind":"onstreet","symbol_text":null,"type_reference":"路邊停車格","type_confidence":0.6,"price_raw":null,"price_value":null,"capacity_total":1,"available_total":0,"occupied_total":1,"status_label":"已停","data_time":"2026-05-02 15:53:29+08:00","city_label":"新北市","facility_kind_label":"路邊車格","available_rate":0,"occupancy_rate":1,"price_tier":"unknown","price_tier_label":"價格未知"}},{"type":"Feature","geometry":{"type":"Point","coordinates":[121.422698,25.183853]},"properties":{"supply_id":"new_taipei-onstreet-125006","city":"new_taipei","district":"淡水區","display_name":"沙崙路131巷13弄 車格 125006","address":"沙崙路131巷13弄","facility_kind":"onstreet","symbol_text":null,"type_reference":"路邊停車格","type_confidence":0.6,"price_raw":null,"price_value":null,"capacity_total":1,"available_total":0,"occupied_total":1,"status_label":"已停","data_time":"2026-05-02 15:53:29+08:00","city_label":"新北市","facility_kind_label":"路邊車格","available_rate":0,"occupancy_rate":1,"price_tier":"unknown","price_tier_label":"價格未知"}},{"type":"Feature","geometry":{"type":"Point","coordinates":[121.451292,25.165511]},"properties":{"supply_id":"new_taipei-onstreet-95933","city":"new_taipei","district":"淡水區","display_name":"中正東路一段3巷 車格 95933","address":"中正東路一段3巷","facility_kind":"onstreet","symbol_text":null,"type_reference":"路邊停車格","type_confidence":0.6,"price_raw":null,"price_value":null,"capacity_total":1,"available_total":0,"occupied_total":1,"status_label":"已停","data_time":"2026-05-02 15:53:29+08:00","city_label":"新北市","facility_kind_label":"路邊車格","available_rate":0,"occupancy_rate":1,"price_tier":"unknown","price_tier_label":"價格未知"}},{"type":"Feature","geometry":{"type":"Point","coordinates":[121.422199,25.185116]},"properties":{"supply_id":"new_taipei-onstreet-126835","city":"new_taipei","district":"淡水區","display_name":"淡海路184巷 車格 126835","address":"淡海路184巷","facility_kind":"onstreet","symbol_text":null,"type_reference":"路邊停車格","type_confidence":0.6,"price_raw":null,"price_value":null,"capacity_total":1,"available_total":0,"occupied_total":1,"status_label":"已停","data_time":"2026-05-02 15:53:29+08:00","city_label":"新北市","facility_kind_label":"路邊車格","available_rate":0,"occupancy_rate":1,"price_tier":"unknown","price_tier_label":"價格未知"}},{"type":"Feature","geometry":{"type":"Point","coordinates":[121.422709,25.181492]},"properties":{"supply_id":"new_taipei-onstreet-148067","city":"new_taipei","district":"淡水區","display_name":"中正路一段156巷 車格 148067","address":"中正路一段156巷","facility_kind":"onstreet","symbol_text":null,"type_reference":"路邊停車格","type_confidence":0.6,"price_raw":null,"price_value":null,"capacity_total":1,"available_total":1,"occupied_total":0,"status_label":"空位","data_time":"2026-05-02 15:53:29+08:00","city_label":"新北市","facility_kind_label":"路邊車格","available_rate":1,"occupancy_rate":0,"price_tier":"unknown","price_tier_label":"價格未知"}},{"type":"Feature","geometry":{"type":"Point","coordinates":[121.419563,25.188606]},"properties":{"supply_id":"new_taipei-onstreet-148074","city":"new_taipei","district":"淡水區","display_name":"淡海路 車格 148074","address":"淡海路","facility_kind":"onstreet","symbol_text":null,"type_reference":"路邊停車格","type_confidence":0.6,"price_raw":null,"price_value":null,"capacity_total":1,"available_total":1,"occupied_total":0,"status_label":"空位","data_time":"2026-05-02 15:53:29+08:00","city_label":"新北市","facility_kind_label":"路邊車格","available_rate":1,"occupancy_rate":0,"price_tier":"unknown","price_tier_label":"價格未知"}},{"type":"Feature","geometry":{"type":"Point","coordinates":[121.437626,25.187152]},"properties":{"supply_id":"new_taipei-onstreet-115237","city":"new_taipei","district":"淡水區","display_name":"義山路一段 車格 115237","address":"義山路一段","facility_kind":"onstreet","symbol_text":null,"type_reference":"路邊停車格","type_confidence":0.6,"price_raw":null,"price_value":null,"capacity_total":1,"available_total":1,"occupied_total":0,"status_label":"空位","data_time":"2026-05-02 15:53:29+08:00","city_label":"新北市","facility_kind_label":"路邊車格","available_rate":1,"occupancy_rate":0,"price_tier":"unknown","price_tier_label":"價格未知"}},{"type":"Feature","geometry":{"type":"Point","coordinates":[121.433539,25.196113]},"properties":{"supply_id":"new_taipei-onstreet-122182","city":"new_taipei","district":"淡水區","display_name":"新市三路二段 車格 122182","address":"新市三路二段","facility_kind":"onstreet","symbol_text":null,"type_reference":"路邊停車格","type_confidence":0.6,"price_raw":null,"price_value":null,"capacity_total":1,"available_total":1,"occupied_total":0,"status_label":"空位","data_time":"2026-05-02 15:53:29+08:00","city_label":"新北市","facility_kind_label":"路邊車格","available_rate":1,"occupancy_rate":0,"price_tier":"unknown","price_tier_label":"價格未知"}},{"type":"Feature","geometry":{"type":"Point","coordinates":[121.421767,25.185153]},"properties":{"supply_id":"new_taipei-onstreet-128284","city":"new_taipei","district":"淡水區","display_name":"淡海路184巷 車格 128284","address":"淡海路184巷","facility_kind":"onstreet","symbol_text":null,"type_reference":"路邊停車格","type_confidence":0.6,"price_raw":null,"price_value":null,"capacity_total":1,"available_total":0,"occupied_total":1,"status_label":"已停","data_time":"2026-05-02 15:53:29+08:00","city_label":"新北市","facility_kind_label":"路邊車格","available_rate":0,"occupancy_rate":1,"price_tier":"unknown","price_tier_label":"價格未知"}},{"type":"Feature","geometry":{"type":"Point","coordinates":[121.414687,25.187874]},"properties":{"supply_id":"new_taipei-onstreet-144085","city":"new_taipei","district":"淡水區","display_name":"觀海路 車格 144085","address":"觀海路","facility_kind":"onstreet","symbol_text":null,"type_reference":"路邊停車格","type_confidence":0.6,"price_raw":null,"price_value":null,"capacity_total":1,"available_total":null,"occupied_total":null,"status_label":"不可用","data_time":"2026-05-02 15:53:29+08:00","city_label":"新北市","facility_kind_label":"路邊車格","available_rate":null,"occupancy_rate":null,"price_tier":"unknown","price_tier_label":"價格未知"}},{"type":"Feature","geometry":{"type":"Point","coordinates":[121.428572,25.197937]},"properties":{"supply_id":"new_taipei-onstreet-152511","city":"new_taipei","district":"淡水區","display_name":"新市三路一段 車格 152511","address":"新市三路一段","facility_kind":"onstreet","symbol_text":null,"type_reference":"路邊停車格","type_confidence":0.6,"price_raw":null,"price_value":null,"capacity_total":1,"available_total":1,"occupied_total":0,"status_label":"空位","data_time":"2026-05-02 15:53:29+08:00","city_label":"新北市","facility_kind_label":"路邊車格","available_rate":1,"occupancy_rate":0,"price_tier":"unknown","price_tier_label":"價格未知"}},{"type":"Feature","geometry":{"type":"Point","coordinates":[121.437603,25.187004]},"properties":{"supply_id":"new_taipei-onstreet-115232","city":"new_taipei","district":"淡水區","display_name":"義山路一段 車格 115232","address":"義山路一段","facility_kind":"onstreet","symbol_text":null,"type_reference":"路邊停車格","type_confidence":0.6,"price_raw":null,"price_value":null,"capacity_total":1,"available_total":1,"occupied_total":0,"status_label":"空位","data_time":"2026-05-02 15:53:29+08:00","city_label":"新北市","facility_kind_label":"路邊車格","available_rate":1,"occupancy_rate":0,"price_tier":"unknown","price_tier_label":"價格未知"}},{"type":"Feature","geometry":{"type":"Point","coordinates":[121.433701,25.196092]},"properties":{"supply_id":"new_taipei-onstreet-122179","city":"new_taipei","district":"淡水區","display_name":"新市三路二段 車格 122179","address":"新市三路二段","facility_kind":"onstreet","symbol_text":null,"type_reference":"路邊停車格","type_confidence":0.6,"price_raw":null,"price_value":null,"capacity_total":1,"available_total":1,"occupied_total":0,"status_label":"空位","data_time":"2026-05-02 15:53:29+08:00","city_label":"新北市","facility_kind_label":"路邊車格","available_rate":1,"occupancy_rate":0,"price_tier":"unknown","price_tier_label":"價格未知"}},{"type":"Feature","geometry":{"type":"Point","coordinates":[121.428627,25.197915]},"properties":{"supply_id":"new_taipei-onstreet-152516","city":"new_taipei","district":"淡水區","display_name":"新市三路一段 車格 152516","address":"新市三路一段","facility_kind":"onstreet","symbol_text":null,"type_reference":"路邊停車格","type_confidence":0.6,"price_raw":null,"price_value":null,"capacity_total":1,"available_total":1,"occupied_total":0,"status_label":"空位","data_time":"2026-05-02 15:53:29+08:00","city_label":"新北市","facility_kind_label":"路邊車格","available_rate":1,"occupancy_rate":0,"price_tier":"unknown","price_tier_label":"價格未知"}},{"type":"Feature","geometry":{"type":"Point","coordinates":[121.422698,25.183999]},"properties":{"supply_id":"new_taipei-onstreet-102587","city":"new_taipei","district":"淡水區","display_name":"沙崙路131巷13弄 車格 102587","address":"沙崙路131巷13弄","facility_kind":"onstreet","symbol_text":null,"type_reference":"路邊停車格","type_confidence":0.6,"price_raw":null,"price_value":null,"capacity_total":1,"available_total":0,"occupied_total":1,"status_label":"已停","data_time":"2026-05-02 15:53:29+08:00","city_label":"新北市","facility_kind_label":"路邊車格","available_rate":0,"occupancy_rate":1,"price_tier":"unknown","price_tier_label":"價格未知"}},{"type":"Feature","geometry":{"type":"Point","coordinates":[121.450133,25.165445]},"properties":{"supply_id":"new_taipei-onstreet-92870","city":"new_taipei","district":"淡水區","display_name":"竿蓁大型停車場 車格 92870","address":"竿蓁大型停車場","facility_kind":"onstreet","symbol_text":null,"type_reference":"路邊停車格","type_confidence":0.6,"price_raw":null,"price_value":null,"capacity_total":1,"available_total":null,"occupied_total":null,"status_label":"不可用","data_time":"2026-05-02 15:53:29+08:00","city_label":"新北市","facility_kind_label":"路邊車格","available_rate":null,"occupancy_rate":null,"price_tier":"unknown","price_tier_label":"價格未知"}},{"type":"Feature","geometry":{"type":"Point","coordinates":[121.41485,25.187889]},"properties":{"supply_id":"new_taipei-onstreet-144082","city":"new_taipei","district":"淡水區","display_name":"觀海路 車格 144082","address":"觀海路","facility_kind":"onstreet","symbol_text":null,"type_reference":"路邊停車格","type_confidence":0.6,"price_raw":null,"price_value":null,"capacity_total":1,"available_total":null,"occupied_total":null,"status_label":"不可用","data_time":"2026-05-02 15:53:29+08:00","city_label":"新北市","facility_kind_label":"路邊車格","available_rate":null,"occupancy_rate":null,"price_tier":"unknown","price_tier_label":"價格未知"}},{"type":"Feature","geometry":{"type":"Point","coordinates":[121.419628,25.188526]},"properties":{"supply_id":"new_taipei-onstreet-148072","city":"new_taipei","district":"淡水區","display_name":"淡海路 車格 148072","address":"淡海路","facility_kind":"onstreet","symbol_text":null,"type_reference":"路邊停車格","type_confidence":0.6,"price_raw":null,"price_value":null,"capacity_total":1,"available_total":1,"occupied_total":0,"status_label":"空位","data_time":"2026-05-02 15:53:29+08:00","city_label":"新北市","facility_kind_label":"路邊車格","available_rate":1,"occupancy_rate":0,"price_tier":"unknown","price_tier_label":"價格未知"}},{"type":"Feature","geometry":{"type":"Point","coordinates":[121.429304,25.175529]},"properties":{"supply_id":"new_taipei-onstreet-52368","city":"new_taipei","district":"淡水區","display_name":"中正路382號前迴轉道 車格 52368","address":"中正路382號前迴轉道","facility_kind":"onstreet","symbol_text":null,"type_reference":"路邊停車格","type_confidence":0.6,"price_raw":null,"price_value":null,"capacity_total":1,"available_total":1,"occupied_total":0,"status_label":"空位","data_time":"2026-05-02 15:53:29+08:00","city_label":"新北市","facility_kind_label":"路邊車格","available_rate":1,"occupancy_rate":0,"price_tier":"unknown","price_tier_label":"價格未知"}},{"type":"Feature","geometry":{"type":"Point","coordinates":[121.428608,25.197923]},"properties":{"supply_id":"new_taipei-onstreet-152514","city":"new_taipei","district":"淡水區","display_name":"新市三路一段 車格 152514","address":"新市三路一段","facility_kind":"onstreet","symbol_text":null,"type_reference":"路邊停車格","type_confidence":0.6,"price_raw":null,"price_value":null,"capacity_total":1,"available_total":0,"occupied_total":1,"status_label":"已停","data_time":"2026-05-02 15:53:29+08:00","city_label":"新北市","facility_kind_label":"路邊車格","available_rate":0,"occupancy_rate":1,"price_tier":"unknown","price_tier_label":"價格未知"}},{"type":"Feature","geometry":{"type":"Point","coordinates":[121.437642,25.187292]},"properties":{"supply_id":"new_taipei-onstreet-115247","city":"new_taipei","district":"淡水區","display_name":"義山路一段 車格 115247","address":"義山路一段","facility_kind":"onstreet","symbol_text":null,"type_reference":"路邊停車格","type_confidence":0.6,"price_raw":null,"price_value":null,"capacity_total":1,"available_total":1,"occupied_total":0,"status_label":"空位","data_time":"2026-05-02 15:53:29+08:00","city_label":"新北市","facility_kind_label":"路邊車格","available_rate":1,"occupancy_rate":0,"price_tier":"unknown","price_tier_label":"價格未知"}},{"type":"Feature","geometry":{"type":"Point","coordinates":[121.433485,25.19612]},"properties":{"supply_id":"new_taipei-onstreet-122181","city":"new_taipei","district":"淡水區","display_name":"新市三路二段 車格 122181","address":"新市三路二段","facility_kind":"onstreet","symbol_text":null,"type_reference":"路邊停車格","type_confidence":0.6,"price_raw":null,"price_value":null,"capacity_total":1,"available_total":1,"occupied_total":0,"status_label":"空位","data_time":"2026-05-02 15:53:29+08:00","city_label":"新北市","facility_kind_label":"路邊車格","available_rate":1,"occupancy_rate":0,"price_tier":"unknown","price_tier_label":"價格未知"}},{"type":"Feature","geometry":{"type":"Point","coordinates":[121.421605,25.185158]},"properties":{"supply_id":"new_taipei-onstreet-127041","city":"new_taipei","district":"淡水區","display_name":"淡海路184巷 車格 127041","address":"淡海路184巷","facility_kind":"onstreet","symbol_text":null,"type_reference":"路邊停車格","type_confidence":0.6,"price_raw":null,"price_value":null,"capacity_total":1,"available_total":1,"occupied_total":0,"status_label":"空位","data_time":"2026-05-02 15:53:29+08:00","city_label":"新北市","facility_kind_label":"路邊車格","available_rate":1,"occupancy_rate":0,"price_tier":"unknown","price_tier_label":"價格未知"}},{"type":"Feature","geometry":{"type":"Point","coordinates":[121.42334,25.185057]},"properties":{"supply_id":"new_taipei-onstreet-126795","city":"new_taipei","district":"淡水區","display_name":"沙崙路181巷 車格 126795","address":"沙崙路181巷","facility_kind":"onstreet","symbol_text":null,"type_reference":"路邊停車格","type_confidence":0.6,"price_raw":null,"price_value":null,"capacity_total":1,"available_total":1,"occupied_total":0,"status_label":"空位","data_time":"2026-05-02 15:53:29+08:00","city_label":"新北市","facility_kind_label":"路邊車格","available_rate":1,"occupancy_rate":0,"price_tier":"unknown","price_tier_label":"價格未知"}},{"type":"Feature","geometry":{"type":"Point","coordinates":[121.420032,25.187411]},"properties":{"supply_id":"new_taipei-onstreet-148444","city":"new_taipei","district":"淡水區","display_name":"淡海路 車格 148444","address":"淡海路","facility_kind":"onstreet","symbol_text":null,"type_reference":"路邊停車格","type_confidence":0.6,"price_raw":null,"price_value":null,"capacity_total":1,"available_total":1,"occupied_total":0,"status_label":"空位","data_time":"2026-05-02 15:53:29+08:00","city_label":"新北市","facility_kind_label":"路邊車格","available_rate":1,"occupancy_rate":0,"price_tier":"unknown","price_tier_label":"價格未知"}},{"type":"Feature","geometry":{"type":"Point","coordinates":[121.414796,25.187884]},"properties":{"supply_id":"new_taipei-onstreet-144083","city":"new_taipei","district":"淡水區","display_name":"觀海路 車格 144083","address":"觀海路","facility_kind":"onstreet","symbol_text":null,"type_reference":"路邊停車格","type_confidence":0.6,"price_raw":null,"price_value":null,"capacity_total":1,"available_total":null,"occupied_total":null,"status_label":"不可用","data_time":"2026-05-02 15:53:29+08:00","city_label":"新北市","facility_kind_label":"路邊車格","available_rate":null,"occupancy_rate":null,"price_tier":"unknown","price_tier_label":"價格未知"}},{"type":"Feature","geometry":{"type":"Point","coordinates":[121.423642,25.187058]},"properties":{"supply_id":"new_taipei-onstreet-148558","city":"new_taipei","district":"淡水區","display_name":"中正路二段152巷 車格 148558","address":"中正路二段152巷","facility_kind":"onstreet","symbol_text":null,"type_reference":"路邊停車格","type_confidence":0.6,"price_raw":null,"price_value":null,"capacity_total":1,"available_total":1,"occupied_total":0,"status_label":"空位","data_time":"2026-05-02 15:53:29+08:00","city_label":"新北市","facility_kind_label":"路邊車格","available_rate":1,"occupancy_rate":0,"price_tier":"unknown","price_tier_label":"價格未知"}},{"type":"Feature","geometry":{"type":"Point","coordinates":[121.424054,25.178046]},"properties":{"supply_id":"new_taipei-onstreet-155606","city":"new_taipei","district":"淡水區","display_name":"中正路一段 車格 155606","address":"中正路一段","facility_kind":"onstreet","symbol_text":null,"type_reference":"路邊停車格","type_confidence":0.6,"price_raw":null,"price_value":null,"capacity_total":1,"available_total":1,"occupied_total":0,"status_label":"空位","data_time":"2026-05-02 15:53:29+08:00","city_label":"新北市","facility_kind_label":"路邊車格","available_rate":1,"occupancy_rate":0,"price_tier":"unknown","price_tier_label":"價格未知"}},{"type":"Feature","geometry":{"type":"Point","coordinates":[121.459466,25.161386]},"properties":{"supply_id":"new_taipei-onstreet-143934","city":"new_taipei","district":"淡水區","display_name":"紅樹林路 車格 143934","address":"紅樹林路","facility_kind":"onstreet","symbol_text":null,"type_reference":"路邊停車格","type_confidence":0.6,"price_raw":null,"price_value":null,"capacity_total":1,"available_total":1,"occupied_total":0,"status_label":"空位","data_time":"2026-05-02 15:53:29+08:00","city_label":"新北市","facility_kind_label":"路邊車格","available_rate":1,"occupancy_rate":0,"price_tier":"unknown","price_tier_label":"價格未知"}},{"type":"Feature","geometry":{"type":"Point","coordinates":[121.437611,25.187054]},"properties":{"supply_id":"new_taipei-onstreet-115234","city":"new_taipei","district":"淡水區","display_name":"義山路一段 車格 115234","address":"義山路一段","facility_kind":"onstreet","symbol_text":null,"type_reference":"路邊停車格","type_confidence":0.6,"price_raw":null,"price_value":null,"capacity_total":1,"available_total":0,"occupied_total":1,"status_label":"已停","data_time":"2026-05-02 15:53:29+08:00","city_label":"新北市","facility_kind_label":"路邊車格","available_rate":0,"occupancy_rate":1,"price_tier":"unknown","price_tier_label":"價格未知"}},{"type":"Feature","geometry":{"type":"Point","coordinates":[121.433647,25.196099]},"properties":{"supply_id":"new_taipei-onstreet-122185","city":"new_taipei","district":"淡水區","display_name":"新市三路二段 車格 122185","address":"新市三路二段","facility_kind":"onstreet","symbol_text":null,"type_reference":"路邊停車格","type_confidence":0.6,"price_raw":null,"price_value":null,"capacity_total":1,"available_total":1,"occupied_total":0,"status_label":"空位","data_time":"2026-05-02 15:53:29+08:00","city_label":"新北市","facility_kind_label":"路邊車格","available_rate":1,"occupancy_rate":0,"price_tier":"unknown","price_tier_label":"價格未知"}},{"type":"Feature","geometry":{"type":"Point","coordinates":[121.422667,25.183958]},"properties":{"supply_id":"new_taipei-onstreet-102585","city":"new_taipei","district":"淡水區","display_name":"沙崙路131巷13弄 車格 102585","address":"沙崙路131巷13弄","facility_kind":"onstreet","symbol_text":null,"type_reference":"路邊停車格","type_confidence":0.6,"price_raw":null,"price_value":null,"capacity_total":1,"available_total":1,"occupied_total":0,"status_label":"空位","data_time":"2026-05-02 15:53:29+08:00","city_label":"新北市","facility_kind_label":"路邊車格","available_rate":1,"occupancy_rate":0,"price_tier":"unknown","price_tier_label":"價格未知"}},{"type":"Feature","geometry":{"type":"Point","coordinates":[121.451228,25.165602]},"properties":{"supply_id":"new_taipei-onstreet-88849","city":"new_taipei","district":"淡水區","display_name":"中正東路一段3巷 車格 88849","address":"中正東路一段3巷","facility_kind":"onstreet","symbol_text":null,"type_reference":"路邊停車格","type_confidence":0.6,"price_raw":null,"price_value":null,"capacity_total":1,"available_total":0,"occupied_total":1,"status_label":"已停","data_time":"2026-05-02 15:53:29+08:00","city_label":"新北市","facility_kind_label":"路邊車格","available_rate":0,"occupancy_rate":1,"price_tier":"unknown","price_tier_label":"價格未知"}},{"type":"Feature","geometry":{"type":"Point","coordinates":[121.420896,25.183186]},"properties":{"supply_id":"new_taipei-onstreet-148090","city":"new_taipei","district":"淡水區","display_name":"淡海路 車格 148090","address":"淡海路","facility_kind":"onstreet","symbol_text":null,"type_reference":"路邊停車格","type_confidence":0.6,"price_raw":null,"price_value":null,"capacity_total":1,"available_total":1,"occupied_total":0,"status_label":"空位","data_time":"2026-05-02 15:53:29+08:00","city_label":"新北市","facility_kind_label":"路邊車格","available_rate":1,"occupancy_rate":0,"price_tier":"unknown","price_tier_label":"價格未知"}},{"type":"Feature","geometry":{"type":"Point","coordinates":[121.45126,25.165556]},"properties":{"supply_id":"new_taipei-onstreet-95934","city":"new_taipei","district":"淡水區","display_name":"中正東路一段3巷 車格 95934","address":"中正東路一段3巷","facility_kind":"onstreet","symbol_text":null,"type_reference":"路邊停車格","type_confidence":0.6,"price_raw":null,"price_value":null,"capacity_total":1,"available_total":1,"occupied_total":0,"status_label":"空位","data_time":"2026-05-02 15:53:29+08:00","city_label":"新北市","facility_kind_label":"路邊車格","available_rate":1,"occupancy_rate":0,"price_tier":"unknown","price_tier_label":"價格未知"}},{"type":"Feature","geometry":{"type":"Point","coordinates":[121.437618,25.187103]},"properties":{"supply_id":"new_taipei-onstreet-115235","city":"new_taipei","district":"淡水區","display_name":"義山路一段 車格 115235","address":"義山路一段","facility_kind":"onstreet","symbol_text":null,"type_reference":"路邊停車格","type_confidence":0.6,"price_raw":null,"price_value":null,"capacity_total":1,"available_total":0,"occupied_total":1,"status_label":"已停","data_time":"2026-05-02 15:53:29+08:00","city_label":"新北市","facility_kind_label":"路邊車格","available_rate":0,"occupancy_rate":1,"price_tier":"unknown","price_tier_label":"價格未知"}},{"type":"Feature","geometry":{"type":"Point","coordinates":[121.433593,25.196106]},"properties":{"supply_id":"new_taipei-onstreet-122183","city":"new_taipei","district":"淡水區","display_name":"新市三路二段 車格 122183","address":"新市三路二段","facility_kind":"onstreet","symbol_text":null,"type_reference":"路邊停車格","type_confidence":0.6,"price_raw":null,"price_value":null,"capacity_total":1,"available_total":1,"occupied_total":0,"status_label":"空位","data_time":"2026-05-02 15:53:29+08:00","city_label":"新北市","facility_kind_label":"路邊車格","available_rate":1,"occupancy_rate":0,"price_tier":"unknown","price_tier_label":"價格未知"}},{"type":"Feature","geometry":{"type":"Point","coordinates":[121.42859,25.19793]},"properties":{"supply_id":"new_taipei-onstreet-152521","city":"new_taipei","district":"淡水區","display_name":"新市三路一段 車格 152521","address":"新市三路一段","facility_kind":"onstreet","symbol_text":null,"type_reference":"路邊停車格","type_confidence":0.6,"price_raw":null,"price_value":null,"capacity_total":1,"available_total":1,"occupied_total":0,"status_label":"空位","data_time":"2026-05-02 15:53:29+08:00","city_label":"新北市","facility_kind_label":"路邊車格","available_rate":1,"occupancy_rate":0,"price_tier":"unknown","price_tier_label":"價格未知"}},{"type":"Feature","geometry":{"type":"Point","coordinates":[121.429284,25.185129]},"properties":{"supply_id":"new_taipei-onstreet-139634","city":"new_taipei","district":"淡水區","display_name":"大庄路 車格 139634","address":"大庄路","facility_kind":"onstreet","symbol_text":null,"type_reference":"路邊停車格","type_confidence":0.6,"price_raw":null,"price_value":null,"capacity_total":1,"available_total":1,"occupied_total":0,"status_label":"空位","data_time":"2026-05-02 15:53:29+08:00","city_label":"新北市","facility_kind_label":"路邊車格","available_rate":1,"occupancy_rate":0,"price_tier":"unknown","price_tier_label":"價格未知"}},{"type":"Feature","geometry":{"type":"Point","coordinates":[121.414742,25.187879]},"properties":{"supply_id":"new_taipei-onstreet-144084","city":"new_taipei","district":"淡水區","display_name":"觀海路 車格 144084","address":"觀海路","facility_kind":"onstreet","symbol_text":null,"type_reference":"路邊停車格","type_confidence":0.6,"price_raw":null,"price_value":null,"capacity_total":1,"available_total":null,"occupied_total":null,"status_label":"不可用","data_time":"2026-05-02 15:53:29+08:00","city_label":"新北市","facility_kind_label":"路邊車格","available_rate":null,"occupancy_rate":null,"price_tier":"unknown","price_tier_label":"價格未知"}},{"type":"Feature","geometry":{"type":"Point","coordinates":[121.420072,25.186763]},"properties":{"supply_id":"new_taipei-onstreet-148083","city":"new_taipei","district":"淡水區","display_name":"淡海路 車格 148083","address":"淡海路","facility_kind":"onstreet","symbol_text":null,"type_reference":"路邊停車格","type_confidence":0.6,"price_raw":null,"price_value":null,"capacity_total":1,"available_total":0,"occupied_total":1,"status_label":"已停","data_time":"2026-05-02 15:53:29+08:00","city_label":"新北市","facility_kind_label":"路邊車格","available_rate":0,"occupancy_rate":1,"price_tier":"unknown","price_tier_label":"價格未知"}},{"type":"Feature","geometry":{"type":"Point","coordinates":[121.423288,25.18497]},"properties":{"supply_id":"new_taipei-onstreet-126793","city":"new_taipei","district":"淡水區","display_name":"沙崙路181巷 車格 126793","address":"沙崙路181巷","facility_kind":"onstreet","symbol_text":null,"type_reference":"路邊停車格","type_confidence":0.6,"price_raw":null,"price_value":null,"capacity_total":1,"available_total":1,"occupied_total":0,"status_label":"空位","data_time":"2026-05-02 15:53:29+08:00","city_label":"新北市","facility_kind_label":"路邊車格","available_rate":1,"occupancy_rate":0,"price_tier":"unknown","price_tier_label":"價格未知"}},{"type":"Feature","geometry":{"type":"Point","coordinates":[121.421202,25.18298]},"properties":{"supply_id":"new_taipei-onstreet-148627","city":"new_taipei","district":"淡水區","display_name":"淡海路 車格 148627","address":"淡海路","facility_kind":"onstreet","symbol_text":null,"type_reference":"路邊停車格","type_confidence":0.6,"price_raw":null,"price_value":null,"capacity_total":1,"available_total":1,"occupied_total":0,"status_label":"空位","data_time":"2026-05-02 15:53:29+08:00","city_label":"新北市","facility_kind_label":"路邊車格","available_rate":1,"occupancy_rate":0,"price_tier":"unknown","price_tier_label":"價格未知"}},{"type":"Feature","geometry":{"type":"Point","coordinates":[121.459433,25.161426]},"properties":{"supply_id":"new_taipei-onstreet-143933","city":"new_taipei","district":"淡水區","display_name":"紅樹林路 車格 143933","address":"紅樹林路","facility_kind":"onstreet","symbol_text":null,"type_reference":"路邊停車格","type_confidence":0.6,"price_raw":null,"price_value":null,"capacity_total":1,"available_total":1,"occupied_total":0,"status_label":"空位","data_time":"2026-05-02 15:53:29+08:00","city_label":"新北市","facility_kind_label":"路邊車格","available_rate":1,"occupancy_rate":0,"price_tier":"unknown","price_tier_label":"價格未知"}},{"type":"Feature","geometry":{"type":"Point","coordinates":[121.429244,25.185163]},"properties":{"supply_id":"new_taipei-onstreet-139635","city":"new_taipei","district":"淡水區","display_name":"大庄路 車格 139635","address":"大庄路","facility_kind":"onstreet","symbol_text":null,"type_reference":"路邊停車格","type_confidence":0.6,"price_raw":null,"price_value":null,"capacity_total":1,"available_total":1,"occupied_total":0,"status_label":"空位","data_time":"2026-05-02 15:53:29+08:00","city_label":"新北市","facility_kind_label":"路邊車格","available_rate":1,"occupancy_rate":0,"price_tier":"unknown","price_tier_label":"價格未知"}},{"type":"Feature","geometry":{"type":"Point","coordinates":[121.427159,25.196988]},"properties":{"supply_id":"new_taipei-onstreet-141573","city":"new_taipei","district":"淡水區","display_name":"後州路一段 車格 141573","address":"後州路一段","facility_kind":"onstreet","symbol_text":null,"type_reference":"路邊停車格","type_confidence":0.6,"price_raw":null,"price_value":null,"capacity_total":1,"available_total":0,"occupied_total":1,"status_label":"已停","data_time":"2026-05-02 15:53:29+08:00","city_label":"新北市","facility_kind_label":"路邊車格","available_rate":0,"occupancy_rate":1,"price_tier":"unknown","price_tier_label":"價格未知"}},{"type":"Feature","geometry":{"type":"Point","coordinates":[121.424099,25.178017]},"properties":{"supply_id":"new_taipei-onstreet-155605","city":"new_taipei","district":"淡水區","display_name":"中正路一段 車格 155605","address":"中正路一段","facility_kind":"onstreet","symbol_text":null,"type_reference":"路邊停車格","type_confidence":0.6,"price_raw":null,"price_value":null,"capacity_total":1,"available_total":1,"occupied_total":0,"status_label":"空位","data_time":"2026-05-02 15:53:29+08:00","city_label":"新北市","facility_kind_label":"路邊車格","available_rate":1,"occupancy_rate":0,"price_tier":"unknown","price_tier_label":"價格未知"}},{"type":"Feature","geometry":{"type":"Point","coordinates":[121.429186,25.175542]},"properties":{"supply_id":"new_taipei-onstreet-40642","city":"new_taipei","district":"淡水區","display_name":"中正路382號前迴轉道 車格 40642","address":"中正路382號前迴轉道","facility_kind":"onstreet","symbol_text":null,"type_reference":"路邊停車格","type_confidence":0.6,"price_raw":null,"price_value":null,"capacity_total":1,"available_total":1,"occupied_total":0,"status_label":"空位","data_time":"2026-05-02 15:53:29+08:00","city_label":"新北市","facility_kind_label":"路邊車格","available_rate":1,"occupancy_rate":0,"price_tier":"unknown","price_tier_label":"價格未知"}},{"type":"Feature","geometry":{"type":"Point","coordinates":[121.423599,25.18729]},"properties":{"supply_id":"new_taipei-onstreet-148561","city":"new_taipei","district":"淡水區","display_name":"中正路二段152巷 車格 148561","address":"中正路二段152巷","facility_kind":"onstreet","symbol_text":null,"type_reference":"路邊停車格","type_confidence":0.6,"price_raw":null,"price_value":null,"capacity_total":1,"available_total":1,"occupied_total":0,"status_label":"空位","data_time":"2026-05-02 15:53:29+08:00","city_label":"新北市","facility_kind_label":"路邊車格","available_rate":1,"occupancy_rate":0,"price_tier":"unknown","price_tier_label":"價格未知"}},{"type":"Feature","geometry":{"type":"Point","coordinates":[121.420077,25.186713]},"properties":{"supply_id":"new_taipei-onstreet-148082","city":"new_taipei","district":"淡水區","display_name":"淡海路 車格 148082","address":"淡海路","facility_kind":"onstreet","symbol_text":null,"type_reference":"路邊停車格","type_confidence":0.6,"price_raw":null,"price_value":null,"capacity_total":1,"available_total":1,"occupied_total":0,"status_label":"空位","data_time":"2026-05-02 15:53:29+08:00","city_label":"新北市","facility_kind_label":"路邊車格","available_rate":1,"occupancy_rate":0,"price_tier":"unknown","price_tier_label":"價格未知"}},{"type":"Feature","geometry":{"type":"Point","coordinates":[121.42359,25.187339]},"properties":{"supply_id":"new_taipei-onstreet-148562","city":"new_taipei","district":"淡水區","display_name":"中正路二段152巷 車格 148562","address":"中正路二段152巷","facility_kind":"onstreet","symbol_text":null,"type_reference":"路邊停車格","type_confidence":0.6,"price_raw":null,"price_value":null,"capacity_total":1,"available_total":1,"occupied_total":0,"status_label":"空位","data_time":"2026-05-02 15:53:29+08:00","city_label":"新北市","facility_kind_label":"路邊車格","available_rate":1,"occupancy_rate":0,"price_tier":"unknown","price_tier_label":"價格未知"}},{"type":"Feature","geometry":{"type":"Point","coordinates":[121.422636,25.183917]},"properties":{"supply_id":"new_taipei-onstreet-102586","city":"new_taipei","district":"淡水區","display_name":"沙崙路131巷13弄 車格 102586","address":"沙崙路131巷13弄","facility_kind":"onstreet","symbol_text":null,"type_reference":"路邊停車格","type_confidence":0.6,"price_raw":null,"price_value":null,"capacity_total":1,"available_total":1,"occupied_total":0,"status_label":"空位","data_time":"2026-05-02 15:53:29+08:00","city_label":"新北市","facility_kind_label":"路邊車格","available_rate":1,"occupancy_rate":0,"price_tier":"unknown","price_tier_label":"價格未知"}},{"type":"Feature","geometry":{"type":"Point","coordinates":[121.423314,25.185014]},"properties":{"supply_id":"new_taipei-onstreet-126794","city":"new_taipei","district":"淡水區","display_name":"沙崙路181巷 車格 126794","address":"沙崙路181巷","facility_kind":"onstreet","symbol_text":null,"type_reference":"路邊停車格","type_confidence":0.6,"price_raw":null,"price_value":null,"capacity_total":1,"available_total":0,"occupied_total":1,"status_label":"已停","data_time":"2026-05-02 15:53:29+08:00","city_label":"新北市","facility_kind_label":"路邊車格","available_rate":0,"occupancy_rate":1,"price_tier":"unknown","price_tier_label":"價格未知"}},{"type":"Feature","geometry":{"type":"Point","coordinates":[121.424143,25.177988]},"properties":{"supply_id":"new_taipei-onstreet-155604","city":"new_taipei","district":"淡水區","display_name":"中正路一段 車格 155604","address":"中正路一段","facility_kind":"onstreet","symbol_text":null,"type_reference":"路邊停車格","type_confidence":0.6,"price_raw":null,"price_value":null,"capacity_total":1,"available_total":1,"occupied_total":0,"status_label":"空位","data_time":"2026-05-02 15:53:29+08:00","city_label":"新北市","facility_kind_label":"路邊車格","available_rate":1,"occupancy_rate":0,"price_tier":"unknown","price_tier_label":"價格未知"}},{"type":"Feature","geometry":{"type":"Point","coordinates":[121.414633,25.187868]},"properties":{"supply_id":"new_taipei-onstreet-144086","city":"new_taipei","district":"淡水區","display_name":"觀海路 車格 144086","address":"觀海路","facility_kind":"onstreet","symbol_text":null,"type_reference":"路邊停車格","type_confidence":0.6,"price_raw":null,"price_value":null,"capacity_total":1,"available_total":null,"occupied_total":null,"status_label":"不可用","data_time":"2026-05-02 15:53:29+08:00","city_label":"新北市","facility_kind_label":"路邊車格","available_rate":null,"occupancy_rate":null,"price_tier":"unknown","price_tier_label":"價格未知"}},{"type":"Feature","geometry":{"type":"Point","coordinates":[121.428554,25.197945]},"properties":{"supply_id":"new_taipei-onstreet-152512","city":"new_taipei","district":"淡水區","display_name":"新市三路一段 車格 152512","address":"新市三路一段","facility_kind":"onstreet","symbol_text":null,"type_reference":"路邊停車格","type_confidence":0.6,"price_raw":null,"price_value":null,"capacity_total":1,"available_total":1,"occupied_total":0,"status_label":"空位","data_time":"2026-05-02 15:53:29+08:00","city_label":"新北市","facility_kind_label":"路邊車格","available_rate":1,"occupancy_rate":0,"price_tier":"unknown","price_tier_label":"價格未知"}},{"type":"Feature","geometry":{"type":"Point","coordinates":[121.451272,25.165388]},"properties":{"supply_id":"new_taipei-onstreet-99701","city":"new_taipei","district":"淡水區","display_name":"中正東路一段3巷 車格 99701","address":"中正東路一段3巷","facility_kind":"onstreet","symbol_text":null,"type_reference":"路邊停車格","type_confidence":0.6,"price_raw":null,"price_value":null,"capacity_total":1,"available_total":1,"occupied_total":0,"status_label":"空位","data_time":"2026-05-02 15:53:29+08:00","city_label":"新北市","facility_kind_label":"路邊車格","available_rate":1,"occupancy_rate":0,"price_tier":"unknown","price_tier_label":"價格未知"}},{"type":"Feature","geometry":{"type":"Point","coordinates":[121.429323,25.185095]},"properties":{"supply_id":"new_taipei-onstreet-139633","city":"new_taipei","district":"淡水區","display_name":"大庄路 車格 139633","address":"大庄路","facility_kind":"onstreet","symbol_text":null,"type_reference":"路邊停車格","type_confidence":0.6,"price_raw":null,"price_value":null,"capacity_total":1,"available_total":1,"occupied_total":0,"status_label":"空位","data_time":"2026-05-02 15:53:29+08:00","city_label":"新北市","facility_kind_label":"路邊車格","available_rate":1,"occupancy_rate":0,"price_tier":"unknown","price_tier_label":"價格未知"}},{"type":"Feature","geometry":{"type":"Point","coordinates":[121.427239,25.197166]},"properties":{"supply_id":"new_taipei-onstreet-141576","city":"new_taipei","district":"淡水區","display_name":"後州路一段 車格 141576","address":"後州路一段","facility_kind":"onstreet","symbol_text":null,"type_reference":"路邊停車格","type_confidence":0.6,"price_raw":null,"price_value":null,"capacity_total":1,"available_total":0,"occupied_total":1,"status_label":"已停","data_time":"2026-05-02 15:53:29+08:00","city_label":"新北市","facility_kind_label":"路邊車格","available_rate":0,"occupancy_rate":1,"price_tier":"unknown","price_tier_label":"價格未知"}},{"type":"Feature","geometry":{"type":"Point","coordinates":[121.424725,25.183706]},"properties":{"supply_id":"new_taipei-onstreet-150859","city":"new_taipei","district":"淡水區","display_name":"淡海路72巷 車格 150859","address":"淡海路72巷","facility_kind":"onstreet","symbol_text":null,"type_reference":"路邊停車格","type_confidence":0.6,"price_raw":null,"price_value":null,"capacity_total":1,"available_total":1,"occupied_total":0,"status_label":"空位","data_time":"2026-05-02 15:53:29+08:00","city_label":"新北市","facility_kind_label":"路邊車格","available_rate":1,"occupancy_rate":0,"price_tier":"unknown","price_tier_label":"價格未知"}},{"type":"Feature","geometry":{"type":"Point","coordinates":[121.420082,25.186664]},"properties":{"supply_id":"new_taipei-onstreet-148081","city":"new_taipei","district":"淡水區","display_name":"淡海路 車格 148081","address":"淡海路","facility_kind":"onstreet","symbol_text":null,"type_reference":"路邊停車格","type_confidence":0.6,"price_raw":null,"price_value":null,"capacity_total":1,"available_total":0,"occupied_total":1,"status_label":"已停","data_time":"2026-05-02 15:53:29+08:00","city_label":"新北市","facility_kind_label":"路邊車格","available_rate":0,"occupancy_rate":1,"price_tier":"unknown","price_tier_label":"價格未知"}},{"type":"Feature","geometry":{"type":"Point","coordinates":[121.459398,25.161465]},"properties":{"supply_id":"new_taipei-onstreet-143930","city":"new_taipei","district":"淡水區","display_name":"紅樹林路 車格 143930","address":"紅樹林路","facility_kind":"onstreet","symbol_text":null,"type_reference":"路邊停車格","type_confidence":0.6,"price_raw":null,"price_value":null,"capacity_total":1,"available_total":1,"occupied_total":0,"status_label":"空位","data_time":"2026-05-02 15:53:29+08:00","city_label":"新北市","facility_kind_label":"路邊車格","available_rate":1,"occupancy_rate":0,"price_tier":"unknown","price_tier_label":"價格未知"}},{"type":"Feature","geometry":{"type":"Point","coordinates":[121.435783,25.196774]},"properties":{"supply_id":"new_taipei-onstreet-41782","city":"new_taipei","district":"淡水區","display_name":"崁頂二路 車格 41782","address":"崁頂二路","facility_kind":"onstreet","symbol_text":null,"type_reference":"路邊停車格","type_confidence":0.6,"price_raw":null,"price_value":null,"capacity_total":1,"available_total":1,"occupied_total":0,"status_label":"空位","data_time":"2026-05-02 15:53:29+08:00","city_label":"新北市","facility_kind_label":"路邊車格","available_rate":1,"occupancy_rate":0,"price_tier":"unknown","price_tier_label":"價格未知"}},{"type":"Feature","geometry":{"type":"Point","coordinates":[121.422605,25.183877]},"properties":{"supply_id":"new_taipei-onstreet-102584","city":"new_taipei","district":"淡水區","display_name":"沙崙路131巷13弄 車格 102584","address":"沙崙路131巷13弄","facility_kind":"onstreet","symbol_text":null,"type_reference":"路邊停車格","type_confidence":0.6,"price_raw":null,"price_value":null,"capacity_total":1,"available_total":0,"occupied_total":1,"status_label":"已停","data_time":"2026-05-02 15:53:29+08:00","city_label":"新北市","facility_kind_label":"路邊車格","available_rate":0,"occupancy_rate":1,"price_tier":"unknown","price_tier_label":"價格未知"}},{"type":"Feature","geometry":{"type":"Point","coordinates":[121.451303,25.165342]},"properties":{"supply_id":"new_taipei-onstreet-99702","city":"new_taipei","district":"淡水區","display_name":"中正東路一段3巷 車格 99702","address":"中正東路一段3巷","facility_kind":"onstreet","symbol_text":null,"type_reference":"路邊停車格","type_confidence":0.6,"price_raw":null,"price_value":null,"capacity_total":1,"available_total":0,"occupied_total":1,"status_label":"已停","data_time":"2026-05-02 15:53:29+08:00","city_label":"新北市","facility_kind_label":"路邊車格","available_rate":0,"occupancy_rate":1,"price_tier":"unknown","price_tier_label":"價格未知"}},{"type":"Feature","geometry":{"type":"Point","coordinates":[121.435791,25.196822]},"properties":{"supply_id":"new_taipei-onstreet-41812","city":"new_taipei","district":"淡水區","display_name":"崁頂二路 車格 41812","address":"崁頂二路","facility_kind":"onstreet","symbol_text":null,"type_reference":"路邊停車格","type_confidence":0.6,"price_raw":null,"price_value":null,"capacity_total":1,"available_total":1,"occupied_total":0,"status_label":"空位","data_time":"2026-05-02 15:53:29+08:00","city_label":"新北市","facility_kind_label":"路邊車格","available_rate":1,"occupancy_rate":0,"price_tier":"unknown","price_tier_label":"價格未知"}},{"type":"Feature","geometry":{"type":"Point","coordinates":[121.422573,25.183836]},"properties":{"supply_id":"new_taipei-onstreet-102583","city":"new_taipei","district":"淡水區","display_name":"沙崙路131巷13弄 車格 102583","address":"沙崙路131巷13弄","facility_kind":"onstreet","symbol_text":null,"type_reference":"路邊停車格","type_confidence":0.6,"price_raw":null,"price_value":null,"capacity_total":1,"available_total":0,"occupied_total":1,"status_label":"已停","data_time":"2026-05-02 15:53:29+08:00","city_label":"新北市","facility_kind_label":"路邊車格","available_rate":0,"occupancy_rate":1,"price_tier":"unknown","price_tier_label":"價格未知"}},{"type":"Feature","geometry":{"type":"Point","coordinates":[121.414579,25.187863]},"properties":{"supply_id":"new_taipei-onstreet-144087","city":"new_taipei","district":"淡水區","display_name":"觀海路 車格 144087","address":"觀海路","facility_kind":"onstreet","symbol_text":null,"type_reference":"路邊停車格","type_confidence":0.6,"price_raw":null,"price_value":null,"capacity_total":1,"available_total":null,"occupied_total":null,"status_label":"不可用","data_time":"2026-05-02 15:53:29+08:00","city_label":"新北市","facility_kind_label":"路邊車格","available_rate":null,"occupancy_rate":null,"price_tier":"unknown","price_tier_label":"價格未知"}},{"type":"Feature","geometry":{"type":"Point","coordinates":[121.451335,25.165296]},"properties":{"supply_id":"new_taipei-onstreet-99703","city":"new_taipei","district":"淡水區","display_name":"中正東路一段3巷 車格 99703","address":"中正東路一段3巷","facility_kind":"onstreet","symbol_text":null,"type_reference":"路邊停車格","type_confidence":0.6,"price_raw":null,"price_value":null,"capacity_total":1,"available_total":1,"occupied_total":0,"status_label":"空位","data_time":"2026-05-02 15:53:29+08:00","city_label":"新北市","facility_kind_label":"路邊車格","available_rate":1,"occupancy_rate":0,"price_tier":"unknown","price_tier_label":"價格未知"}},{"type":"Feature","geometry":{"type":"Point","coordinates":[121.429069,25.175567]},"properties":{"supply_id":"new_taipei-onstreet-58127","city":"new_taipei","district":"淡水區","display_name":"中正路382號前迴轉道 車格 58127","address":"中正路382號前迴轉道","facility_kind":"onstreet","symbol_text":null,"type_reference":"路邊停車格","type_confidence":0.6,"price_raw":null,"price_value":null,"capacity_total":1,"available_total":1,"occupied_total":0,"status_label":"空位","data_time":"2026-05-02 15:53:29+08:00","city_label":"新北市","facility_kind_label":"路邊車格","available_rate":1,"occupancy_rate":0,"price_tier":"unknown","price_tier_label":"價格未知"}},{"type":"Feature","geometry":{"type":"Point","coordinates":[121.429442,25.184998]},"properties":{"supply_id":"new_taipei-onstreet-139641","city":"new_taipei","district":"淡水區","display_name":"大庄路 車格 139641","address":"大庄路","facility_kind":"onstreet","symbol_text":null,"type_reference":"路邊停車格","type_confidence":0.6,"price_raw":null,"price_value":null,"capacity_total":1,"available_total":1,"occupied_total":0,"status_label":"空位","data_time":"2026-05-02 15:53:29+08:00","city_label":"新北市","facility_kind_label":"路邊車格","available_rate":1,"occupancy_rate":0,"price_tier":"unknown","price_tier_label":"價格未知"}},{"type":"Feature","geometry":{"type":"Point","coordinates":[121.427286,25.197266]},"properties":{"supply_id":"new_taipei-onstreet-141579","city":"new_taipei","district":"淡水區","display_name":"後州路一段 車格 141579","address":"後州路一段","facility_kind":"onstreet","symbol_text":null,"type_reference":"路邊停車格","type_confidence":0.6,"price_raw":null,"price_value":null,"capacity_total":1,"available_total":1,"occupied_total":0,"status_label":"空位","data_time":"2026-05-02 15:53:29+08:00","city_label":"新北市","facility_kind_label":"路邊車格","available_rate":1,"occupancy_rate":0,"price_tier":"unknown","price_tier_label":"價格未知"}},{"type":"Feature","geometry":{"type":"Point","coordinates":[121.428536,25.197952]},"properties":{"supply_id":"new_taipei-onstreet-152510","city":"new_taipei","district":"淡水區","display_name":"新市三路一段 車格 152510","address":"新市三路一段","facility_kind":"onstreet","symbol_text":null,"type_reference":"路邊停車格","type_confidence":0.6,"price_raw":null,"price_value":null,"capacity_total":1,"available_total":0,"occupied_total":1,"status_label":"已停","data_time":"2026-05-02 15:53:29+08:00","city_label":"新北市","facility_kind_label":"路邊車格","available_rate":0,"occupancy_rate":1,"price_tier":"unknown","price_tier_label":"價格未知"}},{"type":"Feature","geometry":{"type":"Point","coordinates":[121.435799,25.196871]},"properties":{"supply_id":"new_taipei-onstreet-41810","city":"new_taipei","district":"淡水區","display_name":"崁頂二路 車格 41810","address":"崁頂二路","facility_kind":"onstreet","symbol_text":null,"type_reference":"路邊停車格","type_confidence":0.6,"price_raw":null,"price_value":null,"capacity_total":1,"available_total":1,"occupied_total":0,"status_label":"空位","data_time":"2026-05-02 15:53:29+08:00","city_label":"新北市","facility_kind_label":"路邊車格","available_rate":1,"occupancy_rate":0,"price_tier":"unknown","price_tier_label":"價格未知"}},{"type":"Feature","geometry":{"type":"Point","coordinates":[121.42155,25.18516]},"properties":{"supply_id":"new_taipei-onstreet-127039","city":"new_taipei","district":"淡水區","display_name":"淡海路184巷 車格 127039","address":"淡海路184巷","facility_kind":"onstreet","symbol_text":null,"type_reference":"路邊停車格","type_confidence":0.6,"price_raw":null,"price_value":null,"capacity_total":1,"available_total":1,"occupied_total":0,"status_label":"空位","data_time":"2026-05-02 15:53:29+08:00","city_label":"新北市","facility_kind_label":"路邊車格","available_rate":1,"occupancy_rate":0,"price_tier":"unknown","price_tier_label":"價格未知"}},{"type":"Feature","geometry":{"type":"Point","coordinates":[121.423581,25.187388]},"properties":{"supply_id":"new_taipei-onstreet-148563","city":"new_taipei","district":"淡水區","display_name":"中正路二段152巷 車格 148563","address":"中正路二段152巷","facility_kind":"onstreet","symbol_text":null,"type_reference":"路邊停車格","type_confidence":0.6,"price_raw":null,"price_value":null,"capacity_total":1,"available_total":0,"occupied_total":1,"status_label":"已停","data_time":"2026-05-02 15:53:29+08:00","city_label":"新北市","facility_kind_label":"路邊車格","available_rate":0,"occupancy_rate":1,"price_tier":"unknown","price_tier_label":"價格未知"}},{"type":"Feature","geometry":{"type":"Point","coordinates":[121.429011,25.175581]},"properties":{"supply_id":"new_taipei-onstreet-40651","city":"new_taipei","district":"淡水區","display_name":"中正路382號前迴轉道 車格 40651","address":"中正路382號前迴轉道","facility_kind":"onstreet","symbol_text":null,"type_reference":"路邊停車格","type_confidence":0.6,"price_raw":null,"price_value":null,"capacity_total":1,"available_total":1,"occupied_total":0,"status_label":"空位","data_time":"2026-05-02 15:53:29+08:00","city_label":"新北市","facility_kind_label":"路邊車格","available_rate":1,"occupancy_rate":0,"price_tier":"unknown","price_tier_label":"價格未知"}},{"type":"Feature","geometry":{"type":"Point","coordinates":[121.423572,25.187437]},"properties":{"supply_id":"new_taipei-onstreet-148564","city":"new_taipei","district":"淡水區","display_name":"中正路二段152巷 車格 148564","address":"中正路二段152巷","facility_kind":"onstreet","symbol_text":null,"type_reference":"路邊停車格","type_confidence":0.6,"price_raw":null,"price_value":null,"capacity_total":1,"available_total":0,"occupied_total":1,"status_label":"已停","data_time":"2026-05-02 15:53:29+08:00","city_label":"新北市","facility_kind_label":"路邊車格","available_rate":0,"occupancy_rate":1,"price_tier":"unknown","price_tier_label":"價格未知"}},{"type":"Feature","geometry":{"type":"Point","coordinates":[121.428518,25.197959]},"properties":{"supply_id":"new_taipei-onstreet-152513","city":"new_taipei","district":"淡水區","display_name":"新市三路一段 車格 152513","address":"新市三路一段","facility_kind":"onstreet","symbol_text":null,"type_reference":"路邊停車格","type_confidence":0.6,"price_raw":null,"price_value":null,"capacity_total":1,"available_total":0,"occupied_total":1,"status_label":"已停","data_time":"2026-05-02 15:53:29+08:00","city_label":"新北市","facility_kind_label":"路邊車格","available_rate":0,"occupancy_rate":1,"price_tier":"unknown","price_tier_label":"價格未知"}},{"type":"Feature","geometry":{"type":"Point","coordinates":[121.437657,25.18739]},"properties":{"supply_id":"new_taipei-onstreet-115249","city":"new_taipei","district":"淡水區","display_name":"義山路一段 車格 115249","address":"義山路一段","facility_kind":"onstreet","symbol_text":null,"type_reference":"路邊停車格","type_confidence":0.6,"price_raw":null,"price_value":null,"capacity_total":1,"available_total":1,"occupied_total":0,"status_label":"空位","data_time":"2026-05-02 15:53:29+08:00","city_label":"新北市","facility_kind_label":"路邊車格","available_rate":1,"occupancy_rate":0,"price_tier":"unknown","price_tier_label":"價格未知"}},{"type":"Feature","geometry":{"type":"Point","coordinates":[121.433191,25.195977]},"properties":{"supply_id":"new_taipei-onstreet-122164","city":"new_taipei","district":"淡水區","display_name":"新市三路二段 車格 122164","address":"新市三路二段","facility_kind":"onstreet","symbol_text":null,"type_reference":"路邊停車格","type_confidence":0.6,"price_raw":null,"price_value":null,"capacity_total":1,"available_total":1,"occupied_total":0,"status_label":"空位","data_time":"2026-05-02 15:53:29+08:00","city_label":"新北市","facility_kind_label":"路邊車格","available_rate":1,"occupancy_rate":0,"price_tier":"unknown","price_tier_label":"價格未知"}},{"type":"Feature","geometry":{"type":"Point","coordinates":[121.421496,25.185161]},"properties":{"supply_id":"new_taipei-onstreet-127040","city":"new_taipei","district":"淡水區","display_name":"淡海路184巷 車格 127040","address":"淡海路184巷","facility_kind":"onstreet","symbol_text":null,"type_reference":"路邊停車格","type_confidence":0.6,"price_raw":null,"price_value":null,"capacity_total":1,"available_total":0,"occupied_total":1,"status_label":"已停","data_time":"2026-05-02 15:53:29+08:00","city_label":"新北市","facility_kind_label":"路邊車格","available_rate":0,"occupancy_rate":1,"price_tier":"unknown","price_tier_label":"價格未知"}},{"type":"Feature","geometry":{"type":"Point","coordinates":[121.451308,25.165172]},"properties":{"supply_id":"new_taipei-onstreet-99705","city":"new_taipei","district":"淡水區","display_name":"中正東路一段3巷 車格 99705","address":"中正東路一段3巷","facility_kind":"onstreet","symbol_text":null,"type_reference":"路邊停車格","type_confidence":0.6,"price_raw":null,"price_value":null,"capacity_total":1,"available_total":1,"occupied_total":0,"status_label":"空位","data_time":"2026-05-02 15:53:29+08:00","city_label":"新北市","facility_kind_label":"路邊車格","available_rate":1,"occupancy_rate":0,"price_tier":"unknown","price_tier_label":"價格未知"}},{"type":"Feature","geometry":{"type":"Point","coordinates":[121.43765,25.187341]},"properties":{"supply_id":"new_taipei-onstreet-115248","city":"new_taipei","district":"淡水區","display_name":"義山路一段 車格 115248","address":"義山路一段","facility_kind":"onstreet","symbol_text":null,"type_reference":"路邊停車格","type_confidence":0.6,"price_raw":null,"price_value":null,"capacity_total":1,"available_total":1,"occupied_total":0,"status_label":"空位","data_time":"2026-05-02 15:53:29+08:00","city_label":"新北市","facility_kind_label":"路邊車格","available_rate":1,"occupancy_rate":0,"price_tier":"unknown","price_tier_label":"價格未知"}},{"type":"Feature","geometry":{"type":"Point","coordinates":[121.433431,25.196127]},"properties":{"supply_id":"new_taipei-onstreet-122180","city":"new_taipei","district":"淡水區","display_name":"新市三路二段 車格 122180","address":"新市三路二段","facility_kind":"onstreet","symbol_text":null,"type_reference":"路邊停車格","type_confidence":0.6,"price_raw":null,"price_value":null,"capacity_total":1,"available_total":1,"occupied_total":0,"status_label":"空位","data_time":"2026-05-02 15:53:29+08:00","city_label":"新北市","facility_kind_label":"路邊車格","available_rate":1,"occupancy_rate":0,"price_tier":"unknown","price_tier_label":"價格未知"}},{"type":"Feature","geometry":{"type":"Point","coordinates":[121.42253,25.183782]},"properties":{"supply_id":"new_taipei-onstreet-102580","city":"new_taipei","district":"淡水區","display_name":"沙崙路131巷13弄 車格 102580","address":"沙崙路131巷13弄","facility_kind":"onstreet","symbol_text":null,"type_reference":"路邊停車格","type_confidence":0.6,"price_raw":null,"price_value":null,"capacity_total":1,"available_total":0,"occupied_total":1,"status_label":"已停","data_time":"2026-05-02 15:53:29+08:00","city_label":"新北市","facility_kind_label":"路邊車格","available_rate":0,"occupancy_rate":1,"price_tier":"unknown","price_tier_label":"價格未知"}},{"type":"Feature","geometry":{"type":"Point","coordinates":[121.414524,25.187858]},"properties":{"supply_id":"new_taipei-onstreet-144146","city":"new_taipei","district":"淡水區","display_name":"觀海路 車格 144146","address":"觀海路","facility_kind":"onstreet","symbol_text":null,"type_reference":"路邊停車格","type_confidence":0.6,"price_raw":null,"price_value":null,"capacity_total":1,"available_total":null,"occupied_total":null,"status_label":"不可用","data_time":"2026-05-02 15:53:29+08:00","city_label":"新北市","facility_kind_label":"路邊車格","available_rate":null,"occupancy_rate":null,"price_tier":"unknown","price_tier_label":"價格未知"}},{"type":"Feature","geometry":{"type":"Point","coordinates":[121.435808,25.19692]},"properties":{"supply_id":"new_taipei-onstreet-41781","city":"new_taipei","district":"淡水區","display_name":"崁頂二路 車格 41781","address":"崁頂二路","facility_kind":"onstreet","symbol_text":null,"type_reference":"路邊停車格","type_confidence":0.6,"price_raw":null,"price_value":null,"capacity_total":1,"available_total":1,"occupied_total":0,"status_label":"空位","data_time":"2026-05-02 15:53:29+08:00","city_label":"新北市","facility_kind_label":"路邊車格","available_rate":1,"occupancy_rate":0,"price_tier":"unknown","price_tier_label":"價格未知"}},{"type":"Feature","geometry":{"type":"Point","coordinates":[121.422498,25.183742]},"properties":{"supply_id":"new_taipei-onstreet-102581","city":"new_taipei","district":"淡水區","display_name":"沙崙路131巷13弄 車格 102581","address":"沙崙路131巷13弄","facility_kind":"onstreet","symbol_text":null,"type_reference":"路邊停車格","type_confidence":0.6,"price_raw":null,"price_value":null,"capacity_total":1,"available_total":0,"occupied_total":1,"status_label":"已停","data_time":"2026-05-02 15:53:29+08:00","city_label":"新北市","facility_kind_label":"路邊車格","available_rate":0,"occupancy_rate":1,"price_tier":"unknown","price_tier_label":"價格未知"}},{"type":"Feature","geometry":{"type":"Point","coordinates":[121.427332,25.197365]},"properties":{"supply_id":"new_taipei-onstreet-141580","city":"new_taipei","district":"淡水區","display_name":"後州路一段 車格 141580","address":"後州路一段","facility_kind":"onstreet","symbol_text":null,"type_reference":"路邊停車格","type_confidence":0.6,"price_raw":null,"price_value":null,"capacity_total":1,"available_total":0,"occupied_total":1,"status_label":"已停","data_time":"2026-05-02 15:53:29+08:00","city_label":"新北市","facility_kind_label":"路邊車格","available_rate":0,"occupancy_rate":1,"price_tier":"unknown","price_tier_label":"價格未知"}},{"type":"Feature","geometry":{"type":"Point","coordinates":[121.422467,25.183701]},"properties":{"supply_id":"new_taipei-onstreet-102579","city":"new_taipei","district":"淡水區","display_name":"沙崙路131巷13弄 車格 102579","address":"沙崙路131巷13弄","facility_kind":"onstreet","symbol_text":null,"type_reference":"路邊停車格","type_confidence":0.6,"price_raw":null,"price_value":null,"capacity_total":1,"available_total":1,"occupied_total":0,"status_label":"空位","data_time":"2026-05-02 15:53:29+08:00","city_label":"新北市","facility_kind_label":"路邊車格","available_rate":1,"occupancy_rate":0,"price_tier":"unknown","price_tier_label":"價格未知"}},{"type":"Feature","geometry":{"type":"Point","coordinates":[121.428953,25.175596]},"properties":{"supply_id":"new_taipei-onstreet-27326","city":"new_taipei","district":"淡水區","display_name":"中正路382號前迴轉道 車格 27326","address":"中正路382號前迴轉道","facility_kind":"onstreet","symbol_text":null,"type_reference":"路邊停車格","type_confidence":0.6,"price_raw":null,"price_value":null,"capacity_total":1,"available_total":1,"occupied_total":0,"status_label":"空位","data_time":"2026-05-02 15:53:29+08:00","city_label":"新北市","facility_kind_label":"路邊車格","available_rate":1,"occupancy_rate":0,"price_tier":"unknown","price_tier_label":"價格未知"}},{"type":"Feature","geometry":{"type":"Point","coordinates":[121.428499,25.197966]},"properties":{"supply_id":"new_taipei-onstreet-152508","city":"new_taipei","district":"淡水區","display_name":"新市三路一段 車格 152508","address":"新市三路一段","facility_kind":"onstreet","symbol_text":null,"type_reference":"路邊停車格","type_confidence":0.6,"price_raw":null,"price_value":null,"capacity_total":1,"available_total":0,"occupied_total":1,"status_label":"已停","data_time":"2026-05-02 15:53:29+08:00","city_label":"新北市","facility_kind_label":"路邊車格","available_rate":0,"occupancy_rate":1,"price_tier":"unknown","price_tier_label":"價格未知"}},{"type":"Feature","geometry":{"type":"Point","coordinates":[121.429482,25.184964]},"properties":{"supply_id":"new_taipei-onstreet-139645","city":"new_taipei","district":"淡水區","display_name":"大庄路 車格 139645","address":"大庄路","facility_kind":"onstreet","symbol_text":null,"type_reference":"路邊停車格","type_confidence":0.6,"price_raw":null,"price_value":null,"capacity_total":1,"available_total":0,"occupied_total":1,"status_label":"已停","data_time":"2026-05-02 15:53:29+08:00","city_label":"新北市","facility_kind_label":"路邊車格","available_rate":0,"occupancy_rate":1,"price_tier":"unknown","price_tier_label":"價格未知"}},{"type":"Feature","geometry":{"type":"Point","coordinates":[121.427309,25.197315]},"properties":{"supply_id":"new_taipei-onstreet-141578","city":"new_taipei","district":"淡水區","display_name":"後州路一段 車格 141578","address":"後州路一段","facility_kind":"onstreet","symbol_text":null,"type_reference":"路邊停車格","type_confidence":0.6,"price_raw":null,"price_value":null,"capacity_total":1,"available_total":0,"occupied_total":1,"status_label":"已停","data_time":"2026-05-02 15:53:29+08:00","city_label":"新北市","facility_kind_label":"路邊車格","available_rate":0,"occupancy_rate":1,"price_tier":"unknown","price_tier_label":"價格未知"}},{"type":"Feature","geometry":{"type":"Point","coordinates":[121.451259,25.16514]},"properties":{"supply_id":"new_taipei-onstreet-99704","city":"new_taipei","district":"淡水區","display_name":"中正東路一段3巷 車格 99704","address":"中正東路一段3巷","facility_kind":"onstreet","symbol_text":null,"type_reference":"路邊停車格","type_confidence":0.6,"price_raw":null,"price_value":null,"capacity_total":1,"available_total":1,"occupied_total":0,"status_label":"空位","data_time":"2026-05-02 15:53:29+08:00","city_label":"新北市","facility_kind_label":"路邊車格","available_rate":1,"occupancy_rate":0,"price_tier":"unknown","price_tier_label":"價格未知"}},{"type":"Feature","geometry":{"type":"Point","coordinates":[121.429522,25.18493]},"properties":{"supply_id":"new_taipei-onstreet-139644","city":"new_taipei","district":"淡水區","display_name":"大庄路 車格 139644","address":"大庄路","facility_kind":"onstreet","symbol_text":null,"type_reference":"路邊停車格","type_confidence":0.6,"price_raw":null,"price_value":null,"capacity_total":1,"available_total":1,"occupied_total":0,"status_label":"空位","data_time":"2026-05-02 15:53:29+08:00","city_label":"新北市","facility_kind_label":"路邊車格","available_rate":1,"occupancy_rate":0,"price_tier":"unknown","price_tier_label":"價格未知"}},{"type":"Feature","geometry":{"type":"Point","coordinates":[121.423556,25.187515]},"properties":{"supply_id":"new_taipei-onstreet-148565","city":"new_taipei","district":"淡水區","display_name":"中正路二段152巷 車格 148565","address":"中正路二段152巷","facility_kind":"onstreet","symbol_text":null,"type_reference":"路邊停車格","type_confidence":0.6,"price_raw":null,"price_value":null,"capacity_total":1,"available_total":0,"occupied_total":1,"status_label":"已停","data_time":"2026-05-02 15:53:29+08:00","city_label":"新北市","facility_kind_label":"路邊車格","available_rate":0,"occupancy_rate":1,"price_tier":"unknown","price_tier_label":"價格未知"}},{"type":"Feature","geometry":{"type":"Point","coordinates":[121.436129,25.19884]},"properties":{"supply_id":"new_taipei-onstreet-121933","city":"new_taipei","district":"淡水區","display_name":"崁頂二路 車格 121933","address":"崁頂二路","facility_kind":"onstreet","symbol_text":null,"type_reference":"路邊停車格","type_confidence":0.6,"price_raw":null,"price_value":null,"capacity_total":1,"available_total":1,"occupied_total":0,"status_label":"空位","data_time":"2026-05-02 15:53:29+08:00","city_label":"新北市","facility_kind_label":"路邊車格","available_rate":1,"occupancy_rate":0,"price_tier":"unknown","price_tier_label":"價格未知"}},{"type":"Feature","geometry":{"type":"Point","coordinates":[121.413523,25.187761]},"properties":{"supply_id":"new_taipei-onstreet-144089","city":"new_taipei","district":"淡水區","display_name":"觀海路 車格 144089","address":"觀海路","facility_kind":"onstreet","symbol_text":null,"type_reference":"路邊停車格","type_confidence":0.6,"price_raw":null,"price_value":null,"capacity_total":1,"available_total":null,"occupied_total":null,"status_label":"不可用","data_time":"2026-05-02 15:53:29+08:00","city_label":"新北市","facility_kind_label":"路邊車格","available_rate":null,"occupancy_rate":null,"price_tier":"unknown","price_tier_label":"價格未知"}},{"type":"Feature","geometry":{"type":"Point","coordinates":[121.451211,25.165109]},"properties":{"supply_id":"new_taipei-onstreet-53337","city":"new_taipei","district":"淡水區","display_name":"中正東路一段3巷 車格 53337","address":"中正東路一段3巷","facility_kind":"onstreet","symbol_text":null,"type_reference":"路邊停車格","type_confidence":0.6,"price_raw":null,"price_value":null,"capacity_total":1,"available_total":1,"occupied_total":0,"status_label":"空位","data_time":"2026-05-02 15:53:29+08:00","city_label":"新北市","facility_kind_label":"路邊車格","available_rate":1,"occupancy_rate":0,"price_tier":"unknown","price_tier_label":"價格未知"}},{"type":"Feature","geometry":{"type":"Point","coordinates":[121.428896,25.175611]},"properties":{"supply_id":"new_taipei-onstreet-27320","city":"new_taipei","district":"淡水區","display_name":"中正路382號前迴轉道 車格 27320","address":"中正路382號前迴轉道","facility_kind":"onstreet","symbol_text":null,"type_reference":"路邊停車格","type_confidence":0.6,"price_raw":null,"price_value":null,"capacity_total":1,"available_total":1,"occupied_total":0,"status_label":"空位","data_time":"2026-05-02 15:53:29+08:00","city_label":"新北市","facility_kind_label":"路邊車格","available_rate":1,"occupancy_rate":0,"price_tier":"unknown","price_tier_label":"價格未知"}},{"type":"Feature","geometry":{"type":"Point","coordinates":[121.428481,25.197974]},"properties":{"supply_id":"new_taipei-onstreet-152509","city":"new_taipei","district":"淡水區","display_name":"新市三路一段 車格 152509","address":"新市三路一段","facility_kind":"onstreet","symbol_text":null,"type_reference":"路邊停車格","type_confidence":0.6,"price_raw":null,"price_value":null,"capacity_total":1,"available_total":1,"occupied_total":0,"status_label":"空位","data_time":"2026-05-02 15:53:29+08:00","city_label":"新北市","facility_kind_label":"路邊車格","available_rate":1,"occupancy_rate":0,"price_tier":"unknown","price_tier_label":"價格未知"}},{"type":"Feature","geometry":{"type":"Point","coordinates":[121.433245,25.195971]},"properties":{"supply_id":"new_taipei-onstreet-122165","city":"new_taipei","district":"淡水區","display_name":"新市三路二段 車格 122165","address":"新市三路二段","facility_kind":"onstreet","symbol_text":null,"type_reference":"路邊停車格","type_confidence":0.6,"price_raw":null,"price_value":null,"capacity_total":1,"available_total":1,"occupied_total":0,"status_label":"空位","data_time":"2026-05-02 15:53:29+08:00","city_label":"新北市","facility_kind_label":"路邊車格","available_rate":1,"occupancy_rate":0,"price_tier":"unknown","price_tier_label":"價格未知"}},{"type":"Feature","geometry":{"type":"Point","coordinates":[121.436138,25.198889]},"properties":{"supply_id":"new_taipei-onstreet-121932","city":"new_taipei","district":"淡水區","display_name":"崁頂二路 車格 121932","address":"崁頂二路","facility_kind":"onstreet","symbol_text":null,"type_reference":"路邊停車格","type_confidence":0.6,"price_raw":null,"price_value":null,"capacity_total":1,"available_total":1,"occupied_total":0,"status_label":"空位","data_time":"2026-05-02 15:53:29+08:00","city_label":"新北市","facility_kind_label":"路邊車格","available_rate":1,"occupancy_rate":0,"price_tier":"unknown","price_tier_label":"價格未知"}},{"type":"Feature","geometry":{"type":"Point","coordinates":[121.423548,25.187564]},"properties":{"supply_id":"new_taipei-onstreet-148566","city":"new_taipei","district":"淡水區","display_name":"中正路二段152巷 車格 148566","address":"中正路二段152巷","facility_kind":"onstreet","symbol_text":null,"type_reference":"路邊停車格","type_confidence":0.6,"price_raw":null,"price_value":null,"capacity_total":1,"available_total":0,"occupied_total":1,"status_label":"已停","data_time":"2026-05-02 15:53:29+08:00","city_label":"新北市","facility_kind_label":"路邊車格","available_rate":0,"occupancy_rate":1,"price_tier":"unknown","price_tier_label":"價格未知"}},{"type":"Feature","geometry":{"type":"Point","coordinates":[121.429563,25.184897]},"properties":{"supply_id":"new_taipei-onstreet-139643","city":"new_taipei","district":"淡水區","display_name":"大庄路 車格 139643","address":"大庄路","facility_kind":"onstreet","symbol_text":null,"type_reference":"路邊停車格","type_confidence":0.6,"price_raw":null,"price_value":null,"capacity_total":1,"available_total":1,"occupied_total":0,"status_label":"空位","data_time":"2026-05-02 15:53:29+08:00","city_label":"新北市","facility_kind_label":"路邊車格","available_rate":1,"occupancy_rate":0,"price_tier":"unknown","price_tier_label":"價格未知"}},{"type":"Feature","geometry":{"type":"Point","coordinates":[121.427356,25.197415]},"properties":{"supply_id":"new_taipei-onstreet-141581","city":"new_taipei","district":"淡水區","display_name":"後州路一段 車格 141581","address":"後州路一段","facility_kind":"onstreet","symbol_text":null,"type_reference":"路邊停車格","type_confidence":0.6,"price_raw":null,"price_value":null,"capacity_total":1,"available_total":1,"occupied_total":0,"status_label":"空位","data_time":"2026-05-02 15:53:29+08:00","city_label":"新北市","facility_kind_label":"路邊車格","available_rate":1,"occupancy_rate":0,"price_tier":"unknown","price_tier_label":"價格未知"}},{"type":"Feature","geometry":{"type":"Point","coordinates":[121.43779,25.188227]},"properties":{"supply_id":"new_taipei-onstreet-115307","city":"new_taipei","district":"淡水區","display_name":"義山路一段 車格 115307","address":"義山路一段","facility_kind":"onstreet","symbol_text":null,"type_reference":"路邊停車格","type_confidence":0.6,"price_raw":null,"price_value":null,"capacity_total":1,"available_total":0,"occupied_total":1,"status_label":"已停","data_time":"2026-05-02 15:53:29+08:00","city_label":"新北市","facility_kind_label":"路邊車格","available_rate":0,"occupancy_rate":1,"price_tier":"unknown","price_tier_label":"價格未知"}},{"type":"Feature","geometry":{"type":"Point","coordinates":[121.433299,25.195964]},"properties":{"supply_id":"new_taipei-onstreet-122166","city":"new_taipei","district":"淡水區","display_name":"新市三路二段 車格 122166","address":"新市三路二段","facility_kind":"onstreet","symbol_text":null,"type_reference":"路邊停車格","type_confidence":0.6,"price_raw":null,"price_value":null,"capacity_total":1,"available_total":1,"occupied_total":0,"status_label":"空位","data_time":"2026-05-02 15:53:29+08:00","city_label":"新北市","facility_kind_label":"路邊車格","available_rate":1,"occupancy_rate":0,"price_tier":"unknown","price_tier_label":"價格未知"}},{"type":"Feature","geometry":{"type":"Point","coordinates":[121.422436,25.18366]},"properties":{"supply_id":"new_taipei-onstreet-102578","city":"new_taipei","district":"淡水區","display_name":"沙崙路131巷13弄 車格 102578","address":"沙崙路131巷13弄","facility_kind":"onstreet","symbol_text":null,"type_reference":"路邊停車格","type_confidence":0.6,"price_raw":null,"price_value":null,"capacity_total":1,"available_total":1,"occupied_total":0,"status_label":"空位","data_time":"2026-05-02 15:53:29+08:00","city_label":"新北市","facility_kind_label":"路邊車格","available_rate":1,"occupancy_rate":0,"price_tier":"unknown","price_tier_label":"價格未知"}},{"type":"Feature","geometry":{"type":"Point","coordinates":[121.422264,25.185012]},"properties":{"supply_id":"new_taipei-onstreet-126813","city":"new_taipei","district":"淡水區","display_name":"淡海路184巷 車格 126813","address":"淡海路184巷","facility_kind":"onstreet","symbol_text":null,"type_reference":"路邊停車格","type_confidence":0.6,"price_raw":null,"price_value":null,"capacity_total":1,"available_total":0,"occupied_total":1,"status_label":"已停","data_time":"2026-05-02 15:53:29+08:00","city_label":"新北市","facility_kind_label":"路邊車格","available_rate":0,"occupancy_rate":1,"price_tier":"unknown","price_tier_label":"價格未知"}},{"type":"Feature","geometry":{"type":"Point","coordinates":[121.422338,25.183532]},"properties":{"supply_id":"new_taipei-onstreet-102576","city":"new_taipei","district":"淡水區","display_name":"沙崙路131巷13弄 車格 102576","address":"沙崙路131巷13弄","facility_kind":"onstreet","symbol_text":null,"type_reference":"路邊停車格","type_confidence":0.6,"price_raw":null,"price_value":null,"capacity_total":1,"available_total":1,"occupied_total":0,"status_label":"空位","data_time":"2026-05-02 15:53:29+08:00","city_label":"新北市","facility_kind_label":"路邊車格","available_rate":1,"occupancy_rate":0,"price_tier":"unknown","price_tier_label":"價格未知"}},{"type":"Feature","geometry":{"type":"Point","coordinates":[121.451162,25.165078]},"properties":{"supply_id":"new_taipei-onstreet-53338","city":"new_taipei","district":"淡水區","display_name":"中正東路一段3巷 車格 53338","address":"中正東路一段3巷","facility_kind":"onstreet","symbol_text":null,"type_reference":"路邊停車格","type_confidence":0.6,"price_raw":null,"price_value":null,"capacity_total":1,"available_total":1,"occupied_total":0,"status_label":"空位","data_time":"2026-05-02 15:53:29+08:00","city_label":"新北市","facility_kind_label":"路邊車格","available_rate":1,"occupancy_rate":0,"price_tier":"unknown","price_tier_label":"價格未知"}},{"type":"Feature","geometry":{"type":"Point","coordinates":[121.428839,25.175627]},"properties":{"supply_id":"new_taipei-onstreet-52370","city":"new_taipei","district":"淡水區","display_name":"中正路382號前迴轉道 車格 52370","address":"中正路382號前迴轉道","facility_kind":"onstreet","symbol_text":null,"type_reference":"路邊停車格","type_confidence":0.6,"price_raw":null,"price_value":null,"capacity_total":1,"available_total":1,"occupied_total":0,"status_label":"空位","data_time":"2026-05-02 15:53:29+08:00","city_label":"新北市","facility_kind_label":"路邊車格","available_rate":1,"occupancy_rate":0,"price_tier":"unknown","price_tier_label":"價格未知"}},{"type":"Feature","geometry":{"type":"Point","coordinates":[121.427379,25.197465]},"properties":{"supply_id":"new_taipei-onstreet-141584","city":"new_taipei","district":"淡水區","display_name":"後州路一段 車格 141584","address":"後州路一段","facility_kind":"onstreet","symbol_text":null,"type_reference":"路邊停車格","type_confidence":0.6,"price_raw":null,"price_value":null,"capacity_total":1,"available_total":1,"occupied_total":0,"status_label":"空位","data_time":"2026-05-02 15:53:29+08:00","city_label":"新北市","facility_kind_label":"路邊車格","available_rate":1,"occupancy_rate":0,"price_tier":"unknown","price_tier_label":"價格未知"}},{"type":"Feature","geometry":{"type":"Point","coordinates":[121.428463,25.197981]},"properties":{"supply_id":"new_taipei-onstreet-152507","city":"new_taipei","district":"淡水區","display_name":"新市三路一段 車格 152507","address":"新市三路一段","facility_kind":"onstreet","symbol_text":null,"type_reference":"路邊停車格","type_confidence":0.6,"price_raw":null,"price_value":null,"capacity_total":1,"available_total":0,"occupied_total":1,"status_label":"已停","data_time":"2026-05-02 15:53:29+08:00","city_label":"新北市","facility_kind_label":"路邊車格","available_rate":0,"occupancy_rate":1,"price_tier":"unknown","price_tier_label":"價格未知"}},{"type":"Feature","geometry":{"type":"Point","coordinates":[121.437797,25.188277]},"properties":{"supply_id":"new_taipei-onstreet-115308","city":"new_taipei","district":"淡水區","display_name":"義山路一段 車格 115308","address":"義山路一段","facility_kind":"onstreet","symbol_text":null,"type_reference":"路邊停車格","type_confidence":0.6,"price_raw":null,"price_value":null,"capacity_total":1,"available_total":1,"occupied_total":0,"status_label":"空位","data_time":"2026-05-02 15:53:29+08:00","city_label":"新北市","facility_kind_label":"路邊車格","available_rate":1,"occupancy_rate":0,"price_tier":"unknown","price_tier_label":"價格未知"}},{"type":"Feature","geometry":{"type":"Point","coordinates":[121.433353,25.195957]},"properties":{"supply_id":"new_taipei-onstreet-122167","city":"new_taipei","district":"淡水區","display_name":"新市三路二段 車格 122167","address":"新市三路二段","facility_kind":"onstreet","symbol_text":null,"type_reference":"路邊停車格","type_confidence":0.6,"price_raw":null,"price_value":null,"capacity_total":1,"available_total":1,"occupied_total":0,"status_label":"空位","data_time":"2026-05-02 15:53:29+08:00","city_label":"新北市","facility_kind_label":"路邊車格","available_rate":1,"occupancy_rate":0,"price_tier":"unknown","price_tier_label":"價格未知"}},{"type":"Feature","geometry":{"type":"Point","coordinates":[121.422132,25.185036]},"properties":{"supply_id":"new_taipei-onstreet-126815","city":"new_taipei","district":"淡水區","display_name":"淡海路184巷 車格 126815","address":"淡海路184巷","facility_kind":"onstreet","symbol_text":null,"type_reference":"路邊停車格","type_confidence":0.6,"price_raw":null,"price_value":null,"capacity_total":1,"available_total":0,"occupied_total":1,"status_label":"已停","data_time":"2026-05-02 15:53:29+08:00","city_label":"新北市","facility_kind_label":"路邊車格","available_rate":0,"occupancy_rate":1,"price_tier":"unknown","price_tier_label":"價格未知"}},{"type":"Feature","geometry":{"type":"Point","coordinates":[121.413469,25.187756]},"properties":{"supply_id":"new_taipei-onstreet-144090","city":"new_taipei","district":"淡水區","display_name":"觀海路 車格 144090","address":"觀海路","facility_kind":"onstreet","symbol_text":null,"type_reference":"路邊停車格","type_confidence":0.6,"price_raw":null,"price_value":null,"capacity_total":1,"available_total":null,"occupied_total":null,"status_label":"不可用","data_time":"2026-05-02 15:53:29+08:00","city_label":"新北市","facility_kind_label":"路邊車格","available_rate":null,"occupancy_rate":null,"price_tier":"unknown","price_tier_label":"價格未知"}},{"type":"Feature","geometry":{"type":"Point","coordinates":[121.429603,25.184863]},"properties":{"supply_id":"new_taipei-onstreet-139640","city":"new_taipei","district":"淡水區","display_name":"大庄路 車格 139640","address":"大庄路","facility_kind":"onstreet","symbol_text":null,"type_reference":"路邊停車格","type_confidence":0.6,"price_raw":null,"price_value":null,"capacity_total":1,"available_total":1,"occupied_total":0,"status_label":"空位","data_time":"2026-05-02 15:53:29+08:00","city_label":"新北市","facility_kind_label":"路邊車格","available_rate":1,"occupancy_rate":0,"price_tier":"unknown","price_tier_label":"價格未知"}},{"type":"Feature","geometry":{"type":"Point","coordinates":[121.413415,25.18775]},"properties":{"supply_id":"new_taipei-onstreet-144091","city":"new_taipei","district":"淡水區","display_name":"觀海路 車格 144091","address":"觀海路","facility_kind":"onstreet","symbol_text":null,"type_reference":"路邊停車格","type_confidence":0.6,"price_raw":null,"price_value":null,"capacity_total":1,"available_total":null,"occupied_total":null,"status_label":"不可用","data_time":"2026-05-02 15:53:29+08:00","city_label":"新北市","facility_kind_label":"路邊車格","available_rate":null,"occupancy_rate":null,"price_tier":"unknown","price_tier_label":"價格未知"}},{"type":"Feature","geometry":{"type":"Point","coordinates":[121.423538,25.187613]},"properties":{"supply_id":"new_taipei-onstreet-148567","city":"new_taipei","district":"淡水區","display_name":"中正路二段152巷 車格 148567","address":"中正路二段152巷","facility_kind":"onstreet","symbol_text":null,"type_reference":"路邊停車格","type_confidence":0.6,"price_raw":null,"price_value":null,"capacity_total":1,"available_total":1,"occupied_total":0,"status_label":"空位","data_time":"2026-05-02 15:53:29+08:00","city_label":"新北市","facility_kind_label":"路邊車格","available_rate":1,"occupancy_rate":0,"price_tier":"unknown","price_tier_label":"價格未知"}},{"type":"Feature","geometry":{"type":"Point","coordinates":[121.451113,25.165047]},"properties":{"supply_id":"new_taipei-onstreet-53339","city":"new_taipei","district":"淡水區","display_name":"中正東路一段3巷 車格 53339","address":"中正東路一段3巷","facility_kind":"onstreet","symbol_text":null,"type_reference":"路邊停車格","type_confidence":0.6,"price_raw":null,"price_value":null,"capacity_total":1,"available_total":0,"occupied_total":1,"status_label":"已停","data_time":"2026-05-02 15:53:29+08:00","city_label":"新北市","facility_kind_label":"路邊車格","available_rate":0,"occupancy_rate":1,"price_tier":"unknown","price_tier_label":"價格未知"}},{"type":"Feature","geometry":{"type":"Point","coordinates":[121.422316,25.185]},"properties":{"supply_id":"new_taipei-onstreet-126811","city":"new_taipei","district":"淡水區","display_name":"淡海路184巷 車格 126811","address":"淡海路184巷","facility_kind":"onstreet","symbol_text":null,"type_reference":"路邊停車格","type_confidence":0.6,"price_raw":null,"price_value":null,"capacity_total":1,"available_total":0,"occupied_total":1,"status_label":"已停","data_time":"2026-05-02 15:53:29+08:00","city_label":"新北市","facility_kind_label":"路邊車格","available_rate":0,"occupancy_rate":1,"price_tier":"unknown","price_tier_label":"價格未知"}},{"type":"Feature","geometry":{"type":"Point","coordinates":[121.428782,25.175643]},"properties":{"supply_id":"new_taipei-onstreet-27319","city":"new_taipei","district":"淡水區","display_name":"中正路382號前迴轉道 車格 27319","address":"中正路382號前迴轉道","facility_kind":"onstreet","symbol_text":null,"type_reference":"路邊停車格","type_confidence":0.6,"price_raw":null,"price_value":null,"capacity_total":1,"available_total":1,"occupied_total":0,"status_label":"空位","data_time":"2026-05-02 15:53:29+08:00","city_label":"新北市","facility_kind_label":"路邊車格","available_rate":1,"occupancy_rate":0,"price_tier":"unknown","price_tier_label":"價格未知"}},{"type":"Feature","geometry":{"type":"Point","coordinates":[121.436155,25.198987]},"properties":{"supply_id":"new_taipei-onstreet-121935","city":"new_taipei","district":"淡水區","display_name":"崁頂二路 車格 121935","address":"崁頂二路","facility_kind":"onstreet","symbol_text":null,"type_reference":"路邊停車格","type_confidence":0.6,"price_raw":null,"price_value":null,"capacity_total":1,"available_total":1,"occupied_total":0,"status_label":"空位","data_time":"2026-05-02 15:53:29+08:00","city_label":"新北市","facility_kind_label":"路邊車格","available_rate":1,"occupancy_rate":0,"price_tier":"unknown","price_tier_label":"價格未知"}},{"type":"Feature","geometry":{"type":"Point","coordinates":[121.429643,25.184829]},"properties":{"supply_id":"new_taipei-onstreet-139639","city":"new_taipei","district":"淡水區","display_name":"大庄路 車格 139639","address":"大庄路","facility_kind":"onstreet","symbol_text":null,"type_reference":"路邊停車格","type_confidence":0.6,"price_raw":null,"price_value":null,"capacity_total":1,"available_total":0,"occupied_total":1,"status_label":"已停","data_time":"2026-05-02 15:53:29+08:00","city_label":"新北市","facility_kind_label":"路邊車格","available_rate":0,"occupancy_rate":1,"price_tier":"unknown","price_tier_label":"價格未知"}},{"type":"Feature","geometry":{"type":"Point","coordinates":[121.427402,25.197515]},"properties":{"supply_id":"new_taipei-onstreet-141583","city":"new_taipei","district":"淡水區","display_name":"後州路一段 車格 141583","address":"後州路一段","facility_kind":"onstreet","symbol_text":null,"type_reference":"路邊停車格","type_confidence":0.6,"price_raw":null,"price_value":null,"capacity_total":1,"available_total":1,"occupied_total":0,"status_label":"空位","data_time":"2026-05-02 15:53:29+08:00","city_label":"新北市","facility_kind_label":"路邊車格","available_rate":1,"occupancy_rate":0,"price_tier":"unknown","price_tier_label":"價格未知"}},{"type":"Feature","geometry":{"type":"Point","coordinates":[121.423524,25.187682]},"properties":{"supply_id":"new_taipei-onstreet-148568","city":"new_taipei","district":"淡水區","display_name":"中正路二段152巷 車格 148568","address":"中正路二段152巷","facility_kind":"onstreet","symbol_text":null,"type_reference":"路邊停車格","type_confidence":0.6,"price_raw":null,"price_value":null,"capacity_total":1,"available_total":1,"occupied_total":0,"status_label":"空位","data_time":"2026-05-02 15:53:29+08:00","city_label":"新北市","facility_kind_label":"路邊車格","available_rate":1,"occupancy_rate":0,"price_tier":"unknown","price_tier_label":"價格未知"}},{"type":"Feature","geometry":{"type":"Point","coordinates":[121.422307,25.183491]},"properties":{"supply_id":"new_taipei-onstreet-102577","city":"new_taipei","district":"淡水區","display_name":"沙崙路131巷13弄 車格 102577","address":"沙崙路131巷13弄","facility_kind":"onstreet","symbol_text":null,"type_reference":"路邊停車格","type_confidence":0.6,"price_raw":null,"price_value":null,"capacity_total":1,"available_total":1,"occupied_total":0,"status_label":"空位","data_time":"2026-05-02 15:53:29+08:00","city_label":"新北市","facility_kind_label":"路邊車格","available_rate":1,"occupancy_rate":0,"price_tier":"unknown","price_tier_label":"價格未知"}},{"type":"Feature","geometry":{"type":"Point","coordinates":[121.437804,25.188326]},"properties":{"supply_id":"new_taipei-onstreet-115310","city":"new_taipei","district":"淡水區","display_name":"義山路一段 車格 115310","address":"義山路一段","facility_kind":"onstreet","symbol_text":null,"type_reference":"路邊停車格","type_confidence":0.6,"price_raw":null,"price_value":null,"capacity_total":1,"available_total":1,"occupied_total":0,"status_label":"空位","data_time":"2026-05-02 15:53:29+08:00","city_label":"新北市","facility_kind_label":"路邊車格","available_rate":1,"occupancy_rate":0,"price_tier":"unknown","price_tier_label":"價格未知"}},{"type":"Feature","geometry":{"type":"Point","coordinates":[121.433407,25.19595]},"properties":{"supply_id":"new_taipei-onstreet-122168","city":"new_taipei","district":"淡水區","display_name":"新市三路二段 車格 122168","address":"新市三路二段","facility_kind":"onstreet","symbol_text":null,"type_reference":"路邊停車格","type_confidence":0.6,"price_raw":null,"price_value":null,"capacity_total":1,"available_total":1,"occupied_total":0,"status_label":"空位","data_time":"2026-05-02 15:53:29+08:00","city_label":"新北市","facility_kind_label":"路邊車格","available_rate":1,"occupancy_rate":0,"price_tier":"unknown","price_tier_label":"價格未知"}},{"type":"Feature","geometry":{"type":"Point","coordinates":[121.428445,25.197988]},"properties":{"supply_id":"new_taipei-onstreet-152506","city":"new_taipei","district":"淡水區","display_name":"新市三路一段 車格 152506","address":"新市三路一段","facility_kind":"onstreet","symbol_text":null,"type_reference":"路邊停車格","type_confidence":0.6,"price_raw":null,"price_value":null,"capacity_total":1,"available_total":1,"occupied_total":0,"status_label":"空位","data_time":"2026-05-02 15:53:29+08:00","city_label":"新北市","facility_kind_label":"路邊車格","available_rate":1,"occupancy_rate":0,"price_tier":"unknown","price_tier_label":"價格未知"}},{"type":"Feature","geometry":{"type":"Point","coordinates":[121.422265,25.183436]},"properties":{"supply_id":"new_taipei-onstreet-102573","city":"new_taipei","district":"淡水區","display_name":"沙崙路131巷13弄 車格 102573","address":"沙崙路131巷13弄","facility_kind":"onstreet","symbol_text":null,"type_reference":"路邊停車格","type_confidence":0.6,"price_raw":null,"price_value":null,"capacity_total":1,"available_total":1,"occupied_total":0,"status_label":"空位","data_time":"2026-05-02 15:53:29+08:00","city_label":"新北市","facility_kind_label":"路邊車格","available_rate":1,"occupancy_rate":0,"price_tier":"unknown","price_tier_label":"價格未知"}},{"type":"Feature","geometry":{"type":"Point","coordinates":[121.428725,25.175659]},"properties":{"supply_id":"new_taipei-onstreet-84319","city":"new_taipei","district":"淡水區","display_name":"中正路382號前迴轉道 車格 84319","address":"中正路382號前迴轉道","facility_kind":"onstreet","symbol_text":null,"type_reference":"路邊停車格","type_confidence":0.6,"price_raw":null,"price_value":null,"capacity_total":1,"available_total":1,"occupied_total":0,"status_label":"空位","data_time":"2026-05-02 15:53:29+08:00","city_label":"新北市","facility_kind_label":"路邊車格","available_rate":1,"occupancy_rate":0,"price_tier":"unknown","price_tier_label":"價格未知"}},{"type":"Feature","geometry":{"type":"Point","coordinates":[121.436163,25.199036]},"properties":{"supply_id":"new_taipei-onstreet-121936","city":"new_taipei","district":"淡水區","display_name":"崁頂二路 車格 121936","address":"崁頂二路","facility_kind":"onstreet","symbol_text":null,"type_reference":"路邊停車格","type_confidence":0.6,"price_raw":null,"price_value":null,"capacity_total":1,"available_total":1,"occupied_total":0,"status_label":"空位","data_time":"2026-05-02 15:53:29+08:00","city_label":"新北市","facility_kind_label":"路邊車格","available_rate":1,"occupancy_rate":0,"price_tier":"unknown","price_tier_label":"價格未知"}},{"type":"Feature","geometry":{"type":"Point","coordinates":[121.423513,25.187731]},"properties":{"supply_id":"new_taipei-onstreet-148569","city":"new_taipei","district":"淡水區","display_name":"中正路二段152巷 車格 148569","address":"中正路二段152巷","facility_kind":"onstreet","symbol_text":null,"type_reference":"路邊停車格","type_confidence":0.6,"price_raw":null,"price_value":null,"capacity_total":1,"available_total":1,"occupied_total":0,"status_label":"空位","data_time":"2026-05-02 15:53:29+08:00","city_label":"新北市","facility_kind_label":"路邊車格","available_rate":1,"occupancy_rate":0,"price_tier":"unknown","price_tier_label":"價格未知"}},{"type":"Feature","geometry":{"type":"Point","coordinates":[121.451065,25.165015]},"properties":{"supply_id":"new_taipei-onstreet-88574","city":"new_taipei","district":"淡水區","display_name":"中正東路一段3巷 車格 88574","address":"中正東路一段3巷","facility_kind":"onstreet","symbol_text":null,"type_reference":"路邊停車格","type_confidence":0.6,"price_raw":null,"price_value":null,"capacity_total":1,"available_total":0,"occupied_total":1,"status_label":"已停","data_time":"2026-05-02 15:53:29+08:00","city_label":"新北市","facility_kind_label":"路邊車格","available_rate":0,"occupancy_rate":1,"price_tier":"unknown","price_tier_label":"價格未知"}},{"type":"Feature","geometry":{"type":"Point","coordinates":[121.433461,25.195943]},"properties":{"supply_id":"new_taipei-onstreet-122169","city":"new_taipei","district":"淡水區","display_name":"新市三路二段 車格 122169","address":"新市三路二段","facility_kind":"onstreet","symbol_text":null,"type_reference":"路邊停車格","type_confidence":0.6,"price_raw":null,"price_value":null,"capacity_total":1,"available_total":1,"occupied_total":0,"status_label":"空位","data_time":"2026-05-02 15:53:29+08:00","city_label":"新北市","facility_kind_label":"路邊車格","available_rate":1,"occupancy_rate":0,"price_tier":"unknown","price_tier_label":"價格未知"}},{"type":"Feature","geometry":{"type":"Point","coordinates":[121.429683,25.184796]},"properties":{"supply_id":"new_taipei-onstreet-139642","city":"new_taipei","district":"淡水區","display_name":"大庄路 車格 139642","address":"大庄路","facility_kind":"onstreet","symbol_text":null,"type_reference":"路邊停車格","type_confidence":0.6,"price_raw":null,"price_value":null,"capacity_total":1,"available_total":0,"occupied_total":1,"status_label":"已停","data_time":"2026-05-02 15:53:29+08:00","city_label":"新北市","facility_kind_label":"路邊車格","available_rate":0,"occupancy_rate":1,"price_tier":"unknown","price_tier_label":"價格未知"}},{"type":"Feature","geometry":{"type":"Point","coordinates":[121.413306,25.18774]},"properties":{"supply_id":"new_taipei-onstreet-144093","city":"new_taipei","district":"淡水區","display_name":"觀海路 車格 144093","address":"觀海路","facility_kind":"onstreet","symbol_text":null,"type_reference":"路邊停車格","type_confidence":0.6,"price_raw":null,"price_value":null,"capacity_total":1,"available_total":null,"occupied_total":null,"status_label":"不可用","data_time":"2026-05-02 15:53:29+08:00","city_label":"新北市","facility_kind_label":"路邊車格","available_rate":null,"occupancy_rate":null,"price_tier":"unknown","price_tier_label":"價格未知"}},{"type":"Feature","geometry":{"type":"Point","coordinates":[121.437812,25.188375]},"properties":{"supply_id":"new_taipei-onstreet-115309","city":"new_taipei","district":"淡水區","display_name":"義山路一段 車格 115309","address":"義山路一段","facility_kind":"onstreet","symbol_text":null,"type_reference":"路邊停車格","type_confidence":0.6,"price_raw":null,"price_value":null,"capacity_total":1,"available_total":1,"occupied_total":0,"status_label":"空位","data_time":"2026-05-02 15:53:29+08:00","city_label":"新北市","facility_kind_label":"路邊車格","available_rate":1,"occupancy_rate":0,"price_tier":"unknown","price_tier_label":"價格未知"}},{"type":"Feature","geometry":{"type":"Point","coordinates":[121.428471,25.198086]},"properties":{"supply_id":"new_taipei-onstreet-152535","city":"new_taipei","district":"淡水區","display_name":"新市三路一段 車格 152535","address":"新市三路一段","facility_kind":"onstreet","symbol_text":null,"type_reference":"路邊停車格","type_confidence":0.6,"price_raw":null,"price_value":null,"capacity_total":1,"available_total":1,"occupied_total":0,"status_label":"空位","data_time":"2026-05-02 15:53:29+08:00","city_label":"新北市","facility_kind_label":"路邊車格","available_rate":1,"occupancy_rate":0,"price_tier":"unknown","price_tier_label":"價格未知"}},{"type":"Feature","geometry":{"type":"Point","coordinates":[121.436146,25.198938]},"properties":{"supply_id":"new_taipei-onstreet-121934","city":"new_taipei","district":"淡水區","display_name":"崁頂二路 車格 121934","address":"崁頂二路","facility_kind":"onstreet","symbol_text":null,"type_reference":"路邊停車格","type_confidence":0.6,"price_raw":null,"price_value":null,"capacity_total":1,"available_total":1,"occupied_total":0,"status_label":"空位","data_time":"2026-05-02 15:53:29+08:00","city_label":"新北市","facility_kind_label":"路邊車格","available_rate":1,"occupancy_rate":0,"price_tier":"unknown","price_tier_label":"價格未知"}},{"type":"Feature","geometry":{"type":"Point","coordinates":[121.43618,25.199134]},"properties":{"supply_id":"new_taipei-onstreet-121938","city":"new_taipei","district":"淡水區","display_name":"崁頂二路 車格 121938","address":"崁頂二路","facility_kind":"onstreet","symbol_text":null,"type_reference":"路邊停車格","type_confidence":0.6,"price_raw":null,"price_value":null,"capacity_total":1,"available_total":0,"occupied_total":1,"status_label":"已停","data_time":"2026-05-02 15:53:29+08:00","city_label":"新北市","facility_kind_label":"路邊車格","available_rate":0,"occupancy_rate":1,"price_tier":"unknown","price_tier_label":"價格未知"}},{"type":"Feature","geometry":{"type":"Point","coordinates":[121.423435,25.187649]},"properties":{"supply_id":"new_taipei-onstreet-148543","city":"new_taipei","district":"淡水區","display_name":"中正路二段152巷 車格 148543","address":"中正路二段152巷","facility_kind":"onstreet","symbol_text":null,"type_reference":"路邊停車格","type_confidence":0.6,"price_raw":null,"price_value":null,"capacity_total":1,"available_total":1,"occupied_total":0,"status_label":"空位","data_time":"2026-05-02 15:53:29+08:00","city_label":"新北市","facility_kind_label":"路邊車格","available_rate":1,"occupancy_rate":0,"price_tier":"unknown","price_tier_label":"價格未知"}},{"type":"Feature","geometry":{"type":"Point","coordinates":[121.427425,25.197565]},"properties":{"supply_id":"new_taipei-onstreet-141587","city":"new_taipei","district":"淡水區","display_name":"後州路一段 車格 141587","address":"後州路一段","facility_kind":"onstreet","symbol_text":null,"type_reference":"路邊停車格","type_confidence":0.6,"price_raw":null,"price_value":null,"capacity_total":1,"available_total":1,"occupied_total":0,"status_label":"空位","data_time":"2026-05-02 15:53:29+08:00","city_label":"新北市","facility_kind_label":"路邊車格","available_rate":1,"occupancy_rate":0,"price_tier":"unknown","price_tier_label":"價格未知"}},{"type":"Feature","geometry":{"type":"Point","coordinates":[121.422233,25.183396]},"properties":{"supply_id":"new_taipei-onstreet-102575","city":"new_taipei","district":"淡水區","display_name":"沙崙路131巷13弄 車格 102575","address":"沙崙路131巷13弄","facility_kind":"onstreet","symbol_text":null,"type_reference":"路邊停車格","type_confidence":0.6,"price_raw":null,"price_value":null,"capacity_total":1,"available_total":1,"occupied_total":0,"status_label":"空位","data_time":"2026-05-02 15:53:29+08:00","city_label":"新北市","facility_kind_label":"路邊車格","available_rate":1,"occupancy_rate":0,"price_tier":"unknown","price_tier_label":"價格未知"}},{"type":"Feature","geometry":{"type":"Point","coordinates":[121.426956,25.196545]},"properties":{"supply_id":"new_taipei-onstreet-150971","city":"new_taipei","district":"淡水區","display_name":"後州路一段 車格 150971","address":"後州路一段","facility_kind":"onstreet","symbol_text":null,"type_reference":"路邊停車格","type_confidence":0.6,"price_raw":null,"price_value":null,"capacity_total":1,"available_total":0,"occupied_total":1,"status_label":"已停","data_time":"2026-05-02 15:53:29+08:00","city_label":"新北市","facility_kind_label":"路邊車格","available_rate":0,"occupancy_rate":1,"price_tier":"unknown","price_tier_label":"價格未知"}},{"type":"Feature","geometry":{"type":"Point","coordinates":[121.451254,25.165039]},"properties":{"supply_id":"new_taipei-onstreet-99700","city":"new_taipei","district":"淡水區","display_name":"中正東路一段3巷 車格 99700","address":"中正東路一段3巷","facility_kind":"onstreet","symbol_text":null,"type_reference":"路邊停車格","type_confidence":0.6,"price_raw":null,"price_value":null,"capacity_total":1,"available_total":1,"occupied_total":0,"status_label":"空位","data_time":"2026-05-02 15:53:29+08:00","city_label":"新北市","facility_kind_label":"路邊車格","available_rate":1,"occupancy_rate":0,"price_tier":"unknown","price_tier_label":"價格未知"}},{"type":"Feature","geometry":{"type":"Point","coordinates":[121.428668,25.175675]},"properties":{"supply_id":"new_taipei-onstreet-27322","city":"new_taipei","district":"淡水區","display_name":"中正路382號前迴轉道 車格 27322","address":"中正路382號前迴轉道","facility_kind":"onstreet","symbol_text":null,"type_reference":"路邊停車格","type_confidence":0.6,"price_raw":null,"price_value":null,"capacity_total":1,"available_total":1,"occupied_total":0,"status_label":"空位","data_time":"2026-05-02 15:53:29+08:00","city_label":"新北市","facility_kind_label":"路邊車格","available_rate":1,"occupancy_rate":0,"price_tier":"unknown","price_tier_label":"價格未知"}},{"type":"Feature","geometry":{"type":"Point","coordinates":[121.437819,25.188424]},"properties":{"supply_id":"new_taipei-onstreet-115311","city":"new_taipei","district":"淡水區","display_name":"義山路一段 車格 115311","address":"義山路一段","facility_kind":"onstreet","symbol_text":null,"type_reference":"路邊停車格","type_confidence":0.6,"price_raw":null,"price_value":null,"capacity_total":1,"available_total":0,"occupied_total":1,"status_label":"已停","data_time":"2026-05-02 15:53:29+08:00","city_label":"新北市","facility_kind_label":"路邊車格","available_rate":0,"occupancy_rate":1,"price_tier":"unknown","price_tier_label":"價格未知"}},{"type":"Feature","geometry":{"type":"Point","coordinates":[121.428489,25.198079]},"properties":{"supply_id":"new_taipei-onstreet-152528","city":"new_taipei","district":"淡水區","display_name":"新市三路一段 車格 152528","address":"新市三路一段","facility_kind":"onstreet","symbol_text":null,"type_reference":"路邊停車格","type_confidence":0.6,"price_raw":null,"price_value":null,"capacity_total":1,"available_total":1,"occupied_total":0,"status_label":"空位","data_time":"2026-05-02 15:53:29+08:00","city_label":"新北市","facility_kind_label":"路邊車格","available_rate":1,"occupancy_rate":0,"price_tier":"unknown","price_tier_label":"價格未知"}},{"type":"Feature","geometry":{"type":"Point","coordinates":[121.422422,25.184974]},"properties":{"supply_id":"new_taipei-onstreet-126807","city":"new_taipei","district":"淡水區","display_name":"淡海路184巷 車格 126807","address":"淡海路184巷","facility_kind":"onstreet","symbol_text":null,"type_reference":"路邊停車格","type_confidence":0.6,"price_raw":null,"price_value":null,"capacity_total":1,"available_total":1,"occupied_total":0,"status_label":"空位","data_time":"2026-05-02 15:53:29+08:00","city_label":"新北市","facility_kind_label":"路邊車格","available_rate":1,"occupancy_rate":0,"price_tier":"unknown","price_tier_label":"價格未知"}},{"type":"Feature","geometry":{"type":"Point","coordinates":[121.413361,25.187745]},"properties":{"supply_id":"new_taipei-onstreet-144092","city":"new_taipei","district":"淡水區","display_name":"觀海路 車格 144092","address":"觀海路","facility_kind":"onstreet","symbol_text":null,"type_reference":"路邊停車格","type_confidence":0.6,"price_raw":null,"price_value":null,"capacity_total":1,"available_total":null,"occupied_total":null,"status_label":"不可用","data_time":"2026-05-02 15:53:29+08:00","city_label":"新北市","facility_kind_label":"路邊車格","available_rate":null,"occupancy_rate":null,"price_tier":"unknown","price_tier_label":"價格未知"}},{"type":"Feature","geometry":{"type":"Point","coordinates":[121.433515,25.195937]},"properties":{"supply_id":"new_taipei-onstreet-122170","city":"new_taipei","district":"淡水區","display_name":"新市三路二段 車格 122170","address":"新市三路二段","facility_kind":"onstreet","symbol_text":null,"type_reference":"路邊停車格","type_confidence":0.6,"price_raw":null,"price_value":null,"capacity_total":1,"available_total":1,"occupied_total":0,"status_label":"空位","data_time":"2026-05-02 15:53:29+08:00","city_label":"新北市","facility_kind_label":"路邊車格","available_rate":1,"occupancy_rate":0,"price_tier":"unknown","price_tier_label":"價格未知"}},{"type":"Feature","geometry":{"type":"Point","coordinates":[121.413198,25.18773]},"properties":{"supply_id":"new_taipei-onstreet-144095","city":"new_taipei","district":"淡水區","display_name":"觀海路 車格 144095","address":"觀海路","facility_kind":"onstreet","symbol_text":null,"type_reference":"路邊停車格","type_confidence":0.6,"price_raw":null,"price_value":null,"capacity_total":1,"available_total":null,"occupied_total":null,"status_label":"不可用","data_time":"2026-05-02 15:53:29+08:00","city_label":"新北市","facility_kind_label":"路邊車格","available_rate":null,"occupancy_rate":null,"price_tier":"unknown","price_tier_label":"價格未知"}},{"type":"Feature","geometry":{"type":"Point","coordinates":[121.426979,25.196595]},"properties":{"supply_id":"new_taipei-onstreet-150972","city":"new_taipei","district":"淡水區","display_name":"後州路一段 車格 150972","address":"後州路一段","facility_kind":"onstreet","symbol_text":null,"type_reference":"路邊停車格","type_confidence":0.6,"price_raw":null,"price_value":null,"capacity_total":1,"available_total":1,"occupied_total":0,"status_label":"空位","data_time":"2026-05-02 15:53:29+08:00","city_label":"新北市","facility_kind_label":"路邊車格","available_rate":1,"occupancy_rate":0,"price_tier":"unknown","price_tier_label":"價格未知"}},{"type":"Feature","geometry":{"type":"Point","coordinates":[121.422202,25.183355]},"properties":{"supply_id":"new_taipei-onstreet-102572","city":"new_taipei","district":"淡水區","display_name":"沙崙路131巷13弄 車格 102572","address":"沙崙路131巷13弄","facility_kind":"onstreet","symbol_text":null,"type_reference":"路邊停車格","type_confidence":0.6,"price_raw":null,"price_value":null,"capacity_total":1,"available_total":1,"occupied_total":0,"status_label":"空位","data_time":"2026-05-02 15:53:29+08:00","city_label":"新北市","facility_kind_label":"路邊車格","available_rate":1,"occupancy_rate":0,"price_tier":"unknown","price_tier_label":"價格未知"}},{"type":"Feature","geometry":{"type":"Point","coordinates":[121.428611,25.17569]},"properties":{"supply_id":"new_taipei-onstreet-157549","city":"new_taipei","district":"淡水區","display_name":"中正路382號前迴轉道 車格 157549","address":"中正路382號前迴轉道","facility_kind":"onstreet","symbol_text":null,"type_reference":"路邊停車格","type_confidence":0.6,"price_raw":null,"price_value":null,"capacity_total":1,"available_total":1,"occupied_total":0,"status_label":"空位","data_time":"2026-05-02 15:53:29+08:00","city_label":"新北市","facility_kind_label":"路邊車格","available_rate":1,"occupancy_rate":0,"price_tier":"unknown","price_tier_label":"價格未知"}},{"type":"Feature","geometry":{"type":"Point","coordinates":[121.437826,25.188473]},"properties":{"supply_id":"new_taipei-onstreet-115312","city":"new_taipei","district":"淡水區","display_name":"義山路一段 車格 115312","address":"義山路一段","facility_kind":"onstreet","symbol_text":null,"type_reference":"路邊停車格","type_confidence":0.6,"price_raw":null,"price_value":null,"capacity_total":1,"available_total":1,"occupied_total":0,"status_label":"空位","data_time":"2026-05-02 15:53:29+08:00","city_label":"新北市","facility_kind_label":"路邊車格","available_rate":1,"occupancy_rate":0,"price_tier":"unknown","price_tier_label":"價格未知"}},{"type":"Feature","geometry":{"type":"Point","coordinates":[121.428507,25.198072]},"properties":{"supply_id":"new_taipei-onstreet-152530","city":"new_taipei","district":"淡水區","display_name":"新市三路一段 車格 152530","address":"新市三路一段","facility_kind":"onstreet","symbol_text":null,"type_reference":"路邊停車格","type_confidence":0.6,"price_raw":null,"price_value":null,"capacity_total":1,"available_total":1,"occupied_total":0,"status_label":"空位","data_time":"2026-05-02 15:53:29+08:00","city_label":"新北市","facility_kind_label":"路邊車格","available_rate":1,"occupancy_rate":0,"price_tier":"unknown","price_tier_label":"價格未知"}},{"type":"Feature","geometry":{"type":"Point","coordinates":[121.422369,25.184987]},"properties":{"supply_id":"new_taipei-onstreet-126812","city":"new_taipei","district":"淡水區","display_name":"淡海路184巷 車格 126812","address":"淡海路184巷","facility_kind":"onstreet","symbol_text":null,"type_reference":"路邊停車格","type_confidence":0.6,"price_raw":null,"price_value":null,"capacity_total":1,"available_total":1,"occupied_total":0,"status_label":"空位","data_time":"2026-05-02 15:53:29+08:00","city_label":"新北市","facility_kind_label":"路邊車格","available_rate":1,"occupancy_rate":0,"price_tier":"unknown","price_tier_label":"價格未知"}},{"type":"Feature","geometry":{"type":"Point","coordinates":[121.436188,25.199183]},"properties":{"supply_id":"new_taipei-onstreet-121939","city":"new_taipei","district":"淡水區","display_name":"崁頂二路 車格 121939","address":"崁頂二路","facility_kind":"onstreet","symbol_text":null,"type_reference":"路邊停車格","type_confidence":0.6,"price_raw":null,"price_value":null,"capacity_total":1,"available_total":1,"occupied_total":0,"status_label":"空位","data_time":"2026-05-02 15:53:29+08:00","city_label":"新北市","facility_kind_label":"路邊車格","available_rate":1,"occupancy_rate":0,"price_tier":"unknown","price_tier_label":"價格未知"}},{"type":"Feature","geometry":{"type":"Point","coordinates":[121.429805,25.1847]},"properties":{"supply_id":"new_taipei-onstreet-139649","city":"new_taipei","district":"淡水區","display_name":"大庄路 車格 139649","address":"大庄路","facility_kind":"onstreet","symbol_text":null,"type_reference":"路邊停車格","type_confidence":0.6,"price_raw":null,"price_value":null,"capacity_total":1,"available_total":1,"occupied_total":0,"status_label":"空位","data_time":"2026-05-02 15:53:29+08:00","city_label":"新北市","facility_kind_label":"路邊車格","available_rate":1,"occupancy_rate":0,"price_tier":"unknown","price_tier_label":"價格未知"}},{"type":"Feature","geometry":{"type":"Point","coordinates":[121.423449,25.18758]},"properties":{"supply_id":"new_taipei-onstreet-148544","city":"new_taipei","district":"淡水區","display_name":"中正路二段152巷 車格 148544","address":"中正路二段152巷","facility_kind":"onstreet","symbol_text":null,"type_reference":"路邊停車格","type_confidence":0.6,"price_raw":null,"price_value":null,"capacity_total":1,"available_total":1,"occupied_total":0,"status_label":"空位","data_time":"2026-05-02 15:53:29+08:00","city_label":"新北市","facility_kind_label":"路邊車格","available_rate":1,"occupancy_rate":0,"price_tier":"unknown","price_tier_label":"價格未知"}},{"type":"Feature","geometry":{"type":"Point","coordinates":[121.428525,25.198065]},"properties":{"supply_id":"new_taipei-onstreet-152529","city":"new_taipei","district":"淡水區","display_name":"新市三路一段 車格 152529","address":"新市三路一段","facility_kind":"onstreet","symbol_text":null,"type_reference":"路邊停車格","type_confidence":0.6,"price_raw":null,"price_value":null,"capacity_total":1,"available_total":1,"occupied_total":0,"status_label":"空位","data_time":"2026-05-02 15:53:29+08:00","city_label":"新北市","facility_kind_label":"路邊車格","available_rate":1,"occupancy_rate":0,"price_tier":"unknown","price_tier_label":"價格未知"}},{"type":"Feature","geometry":{"type":"Point","coordinates":[121.429848,25.18467]},"properties":{"supply_id":"new_taipei-onstreet-139653","city":"new_taipei","district":"淡水區","display_name":"大庄路 車格 139653","address":"大庄路","facility_kind":"onstreet","symbol_text":null,"type_reference":"路邊停車格","type_confidence":0.6,"price_raw":null,"price_value":null,"capacity_total":1,"available_total":1,"occupied_total":0,"status_label":"空位","data_time":"2026-05-02 15:53:29+08:00","city_label":"新北市","facility_kind_label":"路邊車格","available_rate":1,"occupancy_rate":0,"price_tier":"unknown","price_tier_label":"價格未知"}},{"type":"Feature","geometry":{"type":"Point","coordinates":[121.413143,25.187725]},"properties":{"supply_id":"new_taipei-onstreet-144096","city":"new_taipei","district":"淡水區","display_name":"觀海路 車格 144096","address":"觀海路","facility_kind":"onstreet","symbol_text":null,"type_reference":"路邊停車格","type_confidence":0.6,"price_raw":null,"price_value":null,"capacity_total":1,"available_total":null,"occupied_total":null,"status_label":"不可用","data_time":"2026-05-02 15:53:29+08:00","city_label":"新北市","facility_kind_label":"路邊車格","available_rate":null,"occupancy_rate":null,"price_tier":"unknown","price_tier_label":"價格未知"}},{"type":"Feature","geometry":{"type":"Point","coordinates":[121.429723,25.184762]},"properties":{"supply_id":"new_taipei-onstreet-139638","city":"new_taipei","district":"淡水區","display_name":"大庄路 車格 139638","address":"大庄路","facility_kind":"onstreet","symbol_text":null,"type_reference":"路邊停車格","type_confidence":0.6,"price_raw":null,"price_value":null,"capacity_total":1,"available_total":0,"occupied_total":1,"status_label":"已停","data_time":"2026-05-02 15:53:29+08:00","city_label":"新北市","facility_kind_label":"路邊車格","available_rate":0,"occupancy_rate":1,"price_tier":"unknown","price_tier_label":"價格未知"}},{"type":"Feature","geometry":{"type":"Point","coordinates":[121.413252,25.187735]},"properties":{"supply_id":"new_taipei-onstreet-144094","city":"new_taipei","district":"淡水區","display_name":"觀海路 車格 144094","address":"觀海路","facility_kind":"onstreet","symbol_text":null,"type_reference":"路邊停車格","type_confidence":0.6,"price_raw":null,"price_value":null,"capacity_total":1,"available_total":null,"occupied_total":null,"status_label":"不可用","data_time":"2026-05-02 15:53:29+08:00","city_label":"新北市","facility_kind_label":"路邊車格","available_rate":null,"occupancy_rate":null,"price_tier":"unknown","price_tier_label":"價格未知"}},{"type":"Feature","geometry":{"type":"Point","coordinates":[121.437834,25.188523]},"properties":{"supply_id":"new_taipei-onstreet-115314","city":"new_taipei","district":"淡水區","display_name":"義山路一段 車格 115314","address":"義山路一段","facility_kind":"onstreet","symbol_text":null,"type_reference":"路邊停車格","type_confidence":0.6,"price_raw":null,"price_value":null,"capacity_total":1,"available_total":1,"occupied_total":0,"status_label":"空位","data_time":"2026-05-02 15:53:29+08:00","city_label":"新北市","facility_kind_label":"路邊車格","available_rate":1,"occupancy_rate":0,"price_tier":"unknown","price_tier_label":"價格未知"}},{"type":"Feature","geometry":{"type":"Point","coordinates":[121.434019,25.195874]},"properties":{"supply_id":"new_taipei-onstreet-122173","city":"new_taipei","district":"淡水區","display_name":"新市三路二段 車格 122173","address":"新市三路二段","facility_kind":"onstreet","symbol_text":null,"type_reference":"路邊停車格","type_confidence":0.6,"price_raw":null,"price_value":null,"capacity_total":1,"available_total":1,"occupied_total":0,"status_label":"空位","data_time":"2026-05-02 15:53:29+08:00","city_label":"新北市","facility_kind_label":"路邊車格","available_rate":1,"occupancy_rate":0,"price_tier":"unknown","price_tier_label":"價格未知"}},{"type":"Feature","geometry":{"type":"Point","coordinates":[121.422474,25.184961]},"properties":{"supply_id":"new_taipei-onstreet-126808","city":"new_taipei","district":"淡水區","display_name":"淡海路184巷 車格 126808","address":"淡海路184巷","facility_kind":"onstreet","symbol_text":null,"type_reference":"路邊停車格","type_confidence":0.6,"price_raw":null,"price_value":null,"capacity_total":1,"available_total":0,"occupied_total":1,"status_label":"已停","data_time":"2026-05-02 15:53:29+08:00","city_label":"新北市","facility_kind_label":"路邊車格","available_rate":0,"occupancy_rate":1,"price_tier":"unknown","price_tier_label":"價格未知"}},{"type":"Feature","geometry":{"type":"Point","coordinates":[121.422171,25.183314]},"properties":{"supply_id":"new_taipei-onstreet-124872","city":"new_taipei","district":"淡水區","display_name":"沙崙路131巷13弄 車格 124872","address":"沙崙路131巷13弄","facility_kind":"onstreet","symbol_text":null,"type_reference":"路邊停車格","type_confidence":0.6,"price_raw":null,"price_value":null,"capacity_total":1,"available_total":0,"occupied_total":1,"status_label":"已停","data_time":"2026-05-02 15:53:29+08:00","city_label":"新北市","facility_kind_label":"路邊車格","available_rate":0,"occupancy_rate":1,"price_tier":"unknown","price_tier_label":"價格未知"}},{"type":"Feature","geometry":{"type":"Point","coordinates":[121.451638,25.166152]},"properties":{"supply_id":"new_taipei-onstreet-88874","city":"new_taipei","district":"淡水區","display_name":"中正東路一段3巷 車格 88874","address":"中正東路一段3巷","facility_kind":"onstreet","symbol_text":null,"type_reference":"路邊停車格","type_confidence":0.6,"price_raw":null,"price_value":null,"capacity_total":1,"available_total":0,"occupied_total":1,"status_label":"已停","data_time":"2026-05-02 15:53:29+08:00","city_label":"新北市","facility_kind_label":"路邊車格","available_rate":0,"occupancy_rate":1,"price_tier":"unknown","price_tier_label":"價格未知"}},{"type":"Feature","geometry":{"type":"Point","coordinates":[121.436252,25.199566]},"properties":{"supply_id":"new_taipei-onstreet-121954","city":"new_taipei","district":"淡水區","display_name":"崁頂二路 車格 121954","address":"崁頂二路","facility_kind":"onstreet","symbol_text":null,"type_reference":"路邊停車格","type_confidence":0.6,"price_raw":null,"price_value":null,"capacity_total":1,"available_total":1,"occupied_total":0,"status_label":"空位","data_time":"2026-05-02 15:53:29+08:00","city_label":"新北市","facility_kind_label":"路邊車格","available_rate":1,"occupancy_rate":0,"price_tier":"unknown","price_tier_label":"價格未知"}},{"type":"Feature","geometry":{"type":"Point","coordinates":[121.427002,25.196645]},"properties":{"supply_id":"new_taipei-onstreet-150973","city":"new_taipei","district":"淡水區","display_name":"後州路一段 車格 150973","address":"後州路一段","facility_kind":"onstreet","symbol_text":null,"type_reference":"路邊停車格","type_confidence":0.6,"price_raw":null,"price_value":null,"capacity_total":1,"available_total":0,"occupied_total":1,"status_label":"已停","data_time":"2026-05-02 15:53:29+08:00","city_label":"新北市","facility_kind_label":"路邊車格","available_rate":0,"occupancy_rate":1,"price_tier":"unknown","price_tier_label":"價格未知"}},{"type":"Feature","geometry":{"type":"Point","coordinates":[121.429891,25.184639]},"properties":{"supply_id":"new_taipei-onstreet-139652","city":"new_taipei","district":"淡水區","display_name":"大庄路 車格 139652","address":"大庄路","facility_kind":"onstreet","symbol_text":null,"type_reference":"路邊停車格","type_confidence":0.6,"price_raw":null,"price_value":null,"capacity_total":1,"available_total":1,"occupied_total":0,"status_label":"空位","data_time":"2026-05-02 15:53:29+08:00","city_label":"新北市","facility_kind_label":"路邊車格","available_rate":1,"occupancy_rate":0,"price_tier":"unknown","price_tier_label":"價格未知"}},{"type":"Feature","geometry":{"type":"Point","coordinates":[121.413089,25.18772]},"properties":{"supply_id":"new_taipei-onstreet-144097","city":"new_taipei","district":"淡水區","display_name":"觀海路 車格 144097","address":"觀海路","facility_kind":"onstreet","symbol_text":null,"type_reference":"路邊停車格","type_confidence":0.6,"price_raw":null,"price_value":null,"capacity_total":1,"available_total":null,"occupied_total":null,"status_label":"不可用","data_time":"2026-05-02 15:53:29+08:00","city_label":"新北市","facility_kind_label":"路邊車格","available_rate":null,"occupancy_rate":null,"price_tier":"unknown","price_tier_label":"價格未知"}},{"type":"Feature","geometry":{"type":"Point","coordinates":[121.433965,25.195881]},"properties":{"supply_id":"new_taipei-onstreet-122172","city":"new_taipei","district":"淡水區","display_name":"新市三路二段 車格 122172","address":"新市三路二段","facility_kind":"onstreet","symbol_text":null,"type_reference":"路邊停車格","type_confidence":0.6,"price_raw":null,"price_value":null,"capacity_total":1,"available_total":1,"occupied_total":0,"status_label":"空位","data_time":"2026-05-02 15:53:29+08:00","city_label":"新北市","facility_kind_label":"路邊車格","available_rate":1,"occupancy_rate":0,"price_tier":"unknown","price_tier_label":"價格未知"}},{"type":"Feature","geometry":{"type":"Point","coordinates":[121.436261,25.199615]},"properties":{"supply_id":"new_taipei-onstreet-121953","city":"new_taipei","district":"淡水區","display_name":"崁頂二路 車格 121953","address":"崁頂二路","facility_kind":"onstreet","symbol_text":null,"type_reference":"路邊停車格","type_confidence":0.6,"price_raw":null,"price_value":null,"capacity_total":1,"available_total":1,"occupied_total":0,"status_label":"空位","data_time":"2026-05-02 15:53:29+08:00","city_label":"新北市","facility_kind_label":"路邊車格","available_rate":1,"occupancy_rate":0,"price_tier":"unknown","price_tier_label":"價格未知"}},{"type":"Feature","geometry":{"type":"Point","coordinates":[121.423557,25.186974]},"properties":{"supply_id":"new_taipei-onstreet-148540","city":"new_taipei","district":"淡水區","display_name":"中正路二段152巷 車格 148540","address":"中正路二段152巷","facility_kind":"onstreet","symbol_text":null,"type_reference":"路邊停車格","type_confidence":0.6,"price_raw":null,"price_value":null,"capacity_total":1,"available_total":1,"occupied_total":0,"status_label":"空位","data_time":"2026-05-02 15:53:29+08:00","city_label":"新北市","facility_kind_label":"路邊車格","available_rate":1,"occupancy_rate":0,"price_tier":"unknown","price_tier_label":"價格未知"}},{"type":"Feature","geometry":{"type":"Point","coordinates":[121.421944,25.183023]},"properties":{"supply_id":"new_taipei-onstreet-102570","city":"new_taipei","district":"淡水區","display_name":"沙崙路131巷13弄 車格 102570","address":"沙崙路131巷13弄","facility_kind":"onstreet","symbol_text":null,"type_reference":"路邊停車格","type_confidence":0.6,"price_raw":null,"price_value":null,"capacity_total":1,"available_total":1,"occupied_total":0,"status_label":"空位","data_time":"2026-05-02 15:53:29+08:00","city_label":"新北市","facility_kind_label":"路邊車格","available_rate":1,"occupancy_rate":0,"price_tier":"unknown","price_tier_label":"價格未知"}},{"type":"Feature","geometry":{"type":"Point","coordinates":[121.421975,25.183064]},"properties":{"supply_id":"new_taipei-onstreet-124873","city":"new_taipei","district":"淡水區","display_name":"沙崙路131巷13弄 車格 124873","address":"沙崙路131巷13弄","facility_kind":"onstreet","symbol_text":null,"type_reference":"路邊停車格","type_confidence":0.6,"price_raw":null,"price_value":null,"capacity_total":1,"available_total":0,"occupied_total":1,"status_label":"已停","data_time":"2026-05-02 15:53:29+08:00","city_label":"新北市","facility_kind_label":"路邊車格","available_rate":0,"occupancy_rate":1,"price_tier":"unknown","price_tier_label":"價格未知"}},{"type":"Feature","geometry":{"type":"Point","coordinates":[121.427025,25.196695]},"properties":{"supply_id":"new_taipei-onstreet-150974","city":"new_taipei","district":"淡水區","display_name":"後州路一段 車格 150974","address":"後州路一段","facility_kind":"onstreet","symbol_text":null,"type_reference":"路邊停車格","type_confidence":0.6,"price_raw":null,"price_value":null,"capacity_total":1,"available_total":0,"occupied_total":1,"status_label":"已停","data_time":"2026-05-02 15:53:29+08:00","city_label":"新北市","facility_kind_label":"路邊車格","available_rate":0,"occupancy_rate":1,"price_tier":"unknown","price_tier_label":"價格未知"}},{"type":"Feature","geometry":{"type":"Point","coordinates":[121.436269,25.199665]},"properties":{"supply_id":"new_taipei-onstreet-121957","city":"new_taipei","district":"淡水區","display_name":"崁頂二路 車格 121957","address":"崁頂二路","facility_kind":"onstreet","symbol_text":null,"type_reference":"路邊停車格","type_confidence":0.6,"price_raw":null,"price_value":null,"capacity_total":1,"available_total":1,"occupied_total":0,"status_label":"空位","data_time":"2026-05-02 15:53:29+08:00","city_label":"新北市","facility_kind_label":"路邊車格","available_rate":1,"occupancy_rate":0,"price_tier":"unknown","price_tier_label":"價格未知"}},{"type":"Feature","geometry":{"type":"Point","coordinates":[121.423564,25.186925]},"properties":{"supply_id":"new_taipei-onstreet-148541","city":"new_taipei","district":"淡水區","display_name":"中正路二段152巷 車格 148541","address":"中正路二段152巷","facility_kind":"onstreet","symbol_text":null,"type_reference":"路邊停車格","type_confidence":0.6,"price_raw":null,"price_value":null,"capacity_total":1,"available_total":1,"occupied_total":0,"status_label":"空位","data_time":"2026-05-02 15:53:29+08:00","city_label":"新北市","facility_kind_label":"路邊車格","available_rate":1,"occupancy_rate":0,"price_tier":"unknown","price_tier_label":"價格未知"}},{"type":"Feature","geometry":{"type":"Point","coordinates":[121.451687,25.166182]},"properties":{"supply_id":"new_taipei-onstreet-88875","city":"new_taipei","district":"淡水區","display_name":"中正東路一段3巷 車格 88875","address":"中正東路一段3巷","facility_kind":"onstreet","symbol_text":null,"type_reference":"路邊停車格","type_confidence":0.6,"price_raw":null,"price_value":null,"capacity_total":1,"available_total":1,"occupied_total":0,"status_label":"空位","data_time":"2026-05-02 15:53:29+08:00","city_label":"新北市","facility_kind_label":"路邊車格","available_rate":1,"occupancy_rate":0,"price_tier":"unknown","price_tier_label":"價格未知"}},{"type":"Feature","geometry":{"type":"Point","coordinates":[121.422527,25.184948]},"properties":{"supply_id":"new_taipei-onstreet-126810","city":"new_taipei","district":"淡水區","display_name":"淡海路184巷 車格 126810","address":"淡海路184巷","facility_kind":"onstreet","symbol_text":null,"type_reference":"路邊停車格","type_confidence":0.6,"price_raw":null,"price_value":null,"capacity_total":1,"available_total":1,"occupied_total":0,"status_label":"空位","data_time":"2026-05-02 15:53:29+08:00","city_label":"新北市","facility_kind_label":"路邊車格","available_rate":1,"occupancy_rate":0,"price_tier":"unknown","price_tier_label":"價格未知"}},{"type":"Feature","geometry":{"type":"Point","coordinates":[121.423549,25.187023]},"properties":{"supply_id":"new_taipei-onstreet-148539","city":"new_taipei","district":"淡水區","display_name":"中正路二段152巷 車格 148539","address":"中正路二段152巷","facility_kind":"onstreet","symbol_text":null,"type_reference":"路邊停車格","type_confidence":0.6,"price_raw":null,"price_value":null,"capacity_total":1,"available_total":1,"occupied_total":0,"status_label":"空位","data_time":"2026-05-02 15:53:29+08:00","city_label":"新北市","facility_kind_label":"路邊車格","available_rate":1,"occupancy_rate":0,"price_tier":"unknown","price_tier_label":"價格未知"}},{"type":"Feature","geometry":{"type":"Point","coordinates":[121.437849,25.188621]},"properties":{"supply_id":"new_taipei-onstreet-115315","city":"new_taipei","district":"淡水區","display_name":"義山路一段 車格 115315","address":"義山路一段","facility_kind":"onstreet","symbol_text":null,"type_reference":"路邊停車格","type_confidence":0.6,"price_raw":null,"price_value":null,"capacity_total":1,"available_total":1,"occupied_total":0,"status_label":"空位","data_time":"2026-05-02 15:53:29+08:00","city_label":"新北市","facility_kind_label":"路邊車格","available_rate":1,"occupancy_rate":0,"price_tier":"unknown","price_tier_label":"價格未知"}},{"type":"Feature","geometry":{"type":"Point","coordinates":[121.434127,25.195861]},"properties":{"supply_id":"new_taipei-onstreet-122175","city":"new_taipei","district":"淡水區","display_name":"新市三路二段 車格 122175","address":"新市三路二段","facility_kind":"onstreet","symbol_text":null,"type_reference":"路邊停車格","type_confidence":0.6,"price_raw":null,"price_value":null,"capacity_total":1,"available_total":1,"occupied_total":0,"status_label":"空位","data_time":"2026-05-02 15:53:29+08:00","city_label":"新北市","facility_kind_label":"路邊車格","available_rate":1,"occupancy_rate":0,"price_tier":"unknown","price_tier_label":"價格未知"}},{"type":"Feature","geometry":{"type":"Point","coordinates":[121.427542,25.197814]},"properties":{"supply_id":"new_taipei-onstreet-141589","city":"new_taipei","district":"淡水區","display_name":"後州路一段 車格 141589","address":"後州路一段","facility_kind":"onstreet","symbol_text":null,"type_reference":"路邊停車格","type_confidence":0.6,"price_raw":null,"price_value":null,"capacity_total":1,"available_total":1,"occupied_total":0,"status_label":"空位","data_time":"2026-05-02 15:53:29+08:00","city_label":"新北市","facility_kind_label":"路邊車格","available_rate":1,"occupancy_rate":0,"price_tier":"unknown","price_tier_label":"價格未知"}},{"type":"Feature","geometry":{"type":"Point","coordinates":[121.429934,25.184609]},"properties":{"supply_id":"new_taipei-onstreet-139651","city":"new_taipei","district":"淡水區","display_name":"大庄路 車格 139651","address":"大庄路","facility_kind":"onstreet","symbol_text":null,"type_reference":"路邊停車格","type_confidence":0.6,"price_raw":null,"price_value":null,"capacity_total":1,"available_total":1,"occupied_total":0,"status_label":"空位","data_time":"2026-05-02 15:53:29+08:00","city_label":"新北市","facility_kind_label":"路邊車格","available_rate":1,"occupancy_rate":0,"price_tier":"unknown","price_tier_label":"價格未知"}},{"type":"Feature","geometry":{"type":"Point","coordinates":[121.413035,25.187715]},"properties":{"supply_id":"new_taipei-onstreet-144098","city":"new_taipei","district":"淡水區","display_name":"觀海路 車格 144098","address":"觀海路","facility_kind":"onstreet","symbol_text":null,"type_reference":"路邊停車格","type_confidence":0.6,"price_raw":null,"price_value":null,"capacity_total":1,"available_total":null,"occupied_total":null,"status_label":"不可用","data_time":"2026-05-02 15:53:29+08:00","city_label":"新北市","facility_kind_label":"路邊車格","available_rate":null,"occupancy_rate":null,"price_tier":"unknown","price_tier_label":"價格未知"}},{"type":"Feature","geometry":{"type":"Point","coordinates":[121.422632,25.184922]},"properties":{"supply_id":"new_taipei-onstreet-126804","city":"new_taipei","district":"淡水區","display_name":"淡海路184巷 車格 126804","address":"淡海路184巷","facility_kind":"onstreet","symbol_text":null,"type_reference":"路邊停車格","type_confidence":0.6,"price_raw":null,"price_value":null,"capacity_total":1,"available_total":1,"occupied_total":0,"status_label":"空位","data_time":"2026-05-02 15:53:29+08:00","city_label":"新北市","facility_kind_label":"路邊車格","available_rate":1,"occupancy_rate":0,"price_tier":"unknown","price_tier_label":"價格未知"}},{"type":"Feature","geometry":{"type":"Point","coordinates":[121.437856,25.18867]},"properties":{"supply_id":"new_taipei-onstreet-115316","city":"new_taipei","district":"淡水區","display_name":"義山路一段 車格 115316","address":"義山路一段","facility_kind":"onstreet","symbol_text":null,"type_reference":"路邊停車格","type_confidence":0.6,"price_raw":null,"price_value":null,"capacity_total":1,"available_total":1,"occupied_total":0,"status_label":"空位","data_time":"2026-05-02 15:53:29+08:00","city_label":"新北市","facility_kind_label":"路邊車格","available_rate":1,"occupancy_rate":0,"price_tier":"unknown","price_tier_label":"價格未知"}},{"type":"Feature","geometry":{"type":"Point","coordinates":[121.434181,25.195854]},"properties":{"supply_id":"new_taipei-onstreet-122177","city":"new_taipei","district":"淡水區","display_name":"新市三路二段 車格 122177","address":"新市三路二段","facility_kind":"onstreet","symbol_text":null,"type_reference":"路邊停車格","type_confidence":0.6,"price_raw":null,"price_value":null,"capacity_total":1,"available_total":1,"occupied_total":0,"status_label":"空位","data_time":"2026-05-02 15:53:29+08:00","city_label":"新北市","facility_kind_label":"路邊車格","available_rate":1,"occupancy_rate":0,"price_tier":"unknown","price_tier_label":"價格未知"}},{"type":"Feature","geometry":{"type":"Point","coordinates":[121.412981,25.18771]},"properties":{"supply_id":"new_taipei-onstreet-144099","city":"new_taipei","district":"淡水區","display_name":"觀海路 車格 144099","address":"觀海路","facility_kind":"onstreet","symbol_text":null,"type_reference":"路邊停車格","type_confidence":0.6,"price_raw":null,"price_value":null,"capacity_total":1,"available_total":null,"occupied_total":null,"status_label":"不可用","data_time":"2026-05-02 15:53:29+08:00","city_label":"新北市","facility_kind_label":"路邊車格","available_rate":null,"occupancy_rate":null,"price_tier":"unknown","price_tier_label":"價格未知"}},{"type":"Feature","geometry":{"type":"Point","coordinates":[121.434073,25.195868]},"properties":{"supply_id":"new_taipei-onstreet-122174","city":"new_taipei","district":"淡水區","display_name":"新市三路二段 車格 122174","address":"新市三路二段","facility_kind":"onstreet","symbol_text":null,"type_reference":"路邊停車格","type_confidence":0.6,"price_raw":null,"price_value":null,"capacity_total":1,"available_total":1,"occupied_total":0,"status_label":"空位","data_time":"2026-05-02 15:53:29+08:00","city_label":"新北市","facility_kind_label":"路邊車格","available_rate":1,"occupancy_rate":0,"price_tier":"unknown","price_tier_label":"價格未知"}},{"type":"Feature","geometry":{"type":"Point","coordinates":[121.42258,25.184935]},"properties":{"supply_id":"new_taipei-onstreet-126809","city":"new_taipei","district":"淡水區","display_name":"淡海路184巷 車格 126809","address":"淡海路184巷","facility_kind":"onstreet","symbol_text":null,"type_reference":"路邊停車格","type_confidence":0.6,"price_raw":null,"price_value":null,"capacity_total":1,"available_total":1,"occupied_total":0,"status_label":"空位","data_time":"2026-05-02 15:53:29+08:00","city_label":"新北市","facility_kind_label":"路邊車格","available_rate":1,"occupancy_rate":0,"price_tier":"unknown","price_tier_label":"價格未知"}},{"type":"Feature","geometry":{"type":"Point","coordinates":[121.437841,25.188572]},"properties":{"supply_id":"new_taipei-onstreet-115313","city":"new_taipei","district":"淡水區","display_name":"義山路一段 車格 115313","address":"義山路一段","facility_kind":"onstreet","symbol_text":null,"type_reference":"路邊停車格","type_confidence":0.6,"price_raw":null,"price_value":null,"capacity_total":1,"available_total":1,"occupied_total":0,"status_label":"空位","data_time":"2026-05-02 15:53:29+08:00","city_label":"新北市","facility_kind_label":"路邊車格","available_rate":1,"occupancy_rate":0,"price_tier":"unknown","price_tier_label":"價格未知"}},{"type":"Feature","geometry":{"type":"Point","coordinates":[121.429977,25.184578]},"properties":{"supply_id":"new_taipei-onstreet-139648","city":"new_taipei","district":"淡水區","display_name":"大庄路 車格 139648","address":"大庄路","facility_kind":"onstreet","symbol_text":null,"type_reference":"路邊停車格","type_confidence":0.6,"price_raw":null,"price_value":null,"capacity_total":1,"available_total":1,"occupied_total":0,"status_label":"空位","data_time":"2026-05-02 15:53:29+08:00","city_label":"新北市","facility_kind_label":"路邊車格","available_rate":1,"occupancy_rate":0,"price_tier":"unknown","price_tier_label":"價格未知"}},{"type":"Feature","geometry":{"type":"Point","coordinates":[121.437863,25.188719]},"properties":{"supply_id":"new_taipei-onstreet-115317","city":"new_taipei","district":"淡水區","display_name":"義山路一段 車格 115317","address":"義山路一段","facility_kind":"onstreet","symbol_text":null,"type_reference":"路邊停車格","type_confidence":0.6,"price_raw":null,"price_value":null,"capacity_total":1,"available_total":1,"occupied_total":0,"status_label":"空位","data_time":"2026-05-02 15:53:29+08:00","city_label":"新北市","facility_kind_label":"路邊車格","available_rate":1,"occupancy_rate":0,"price_tier":"unknown","price_tier_label":"價格未知"}},{"type":"Feature","geometry":{"type":"Point","coordinates":[121.434235,25.195847]},"properties":{"supply_id":"new_taipei-onstreet-122178","city":"new_taipei","district":"淡水區","display_name":"新市三路二段 車格 122178","address":"新市三路二段","facility_kind":"onstreet","symbol_text":null,"type_reference":"路邊停車格","type_confidence":0.6,"price_raw":null,"price_value":null,"capacity_total":1,"available_total":1,"occupied_total":0,"status_label":"空位","data_time":"2026-05-02 15:53:29+08:00","city_label":"新北市","facility_kind_label":"路邊車格","available_rate":1,"occupancy_rate":0,"price_tier":"unknown","price_tier_label":"價格未知"}},{"type":"Feature","geometry":{"type":"Point","coordinates":[121.451524,25.166081]},"properties":{"supply_id":"new_taipei-onstreet-95939","city":"new_taipei","district":"淡水區","display_name":"中正東路一段3巷 車格 95939","address":"中正東路一段3巷","facility_kind":"onstreet","symbol_text":null,"type_reference":"路邊停車格","type_confidence":0.6,"price_raw":null,"price_value":null,"capacity_total":1,"available_total":1,"occupied_total":0,"status_label":"空位","data_time":"2026-05-02 15:53:29+08:00","city_label":"新北市","facility_kind_label":"路邊車格","available_rate":1,"occupancy_rate":0,"price_tier":"unknown","price_tier_label":"價格未知"}},{"type":"Feature","geometry":{"type":"Point","coordinates":[121.422685,25.184909]},"properties":{"supply_id":"new_taipei-onstreet-126803","city":"new_taipei","district":"淡水區","display_name":"淡海路184巷 車格 126803","address":"淡海路184巷","facility_kind":"onstreet","symbol_text":null,"type_reference":"路邊停車格","type_confidence":0.6,"price_raw":null,"price_value":null,"capacity_total":1,"available_total":1,"occupied_total":0,"status_label":"空位","data_time":"2026-05-02 15:53:29+08:00","city_label":"新北市","facility_kind_label":"路邊車格","available_rate":1,"occupancy_rate":0,"price_tier":"unknown","price_tier_label":"價格未知"}},{"type":"Feature","geometry":{"type":"Point","coordinates":[121.436277,25.199714]},"properties":{"supply_id":"new_taipei-onstreet-121950","city":"new_taipei","district":"淡水區","display_name":"崁頂二路 車格 121950","address":"崁頂二路","facility_kind":"onstreet","symbol_text":null,"type_reference":"路邊停車格","type_confidence":0.6,"price_raw":null,"price_value":null,"capacity_total":1,"available_total":1,"occupied_total":0,"status_label":"空位","data_time":"2026-05-02 15:53:29+08:00","city_label":"新北市","facility_kind_label":"路邊車格","available_rate":1,"occupancy_rate":0,"price_tier":"unknown","price_tier_label":"價格未知"}},{"type":"Feature","geometry":{"type":"Point","coordinates":[121.423571,25.186875]},"properties":{"supply_id":"new_taipei-onstreet-148542","city":"new_taipei","district":"淡水區","display_name":"中正路二段152巷 車格 148542","address":"中正路二段152巷","facility_kind":"onstreet","symbol_text":null,"type_reference":"路邊停車格","type_confidence":0.6,"price_raw":null,"price_value":null,"capacity_total":1,"available_total":0,"occupied_total":1,"status_label":"已停","data_time":"2026-05-02 15:53:29+08:00","city_label":"新北市","facility_kind_label":"路邊車格","available_rate":0,"occupancy_rate":1,"price_tier":"unknown","price_tier_label":"價格未知"}},{"type":"Feature","geometry":{"type":"Point","coordinates":[121.42858,25.198043]},"properties":{"supply_id":"new_taipei-onstreet-152533","city":"new_taipei","district":"淡水區","display_name":"新市三路一段 車格 152533","address":"新市三路一段","facility_kind":"onstreet","symbol_text":null,"type_reference":"路邊停車格","type_confidence":0.6,"price_raw":null,"price_value":null,"capacity_total":1,"available_total":0,"occupied_total":1,"status_label":"已停","data_time":"2026-05-02 15:53:29+08:00","city_label":"新北市","facility_kind_label":"路邊車格","available_rate":0,"occupancy_rate":1,"price_tier":"unknown","price_tier_label":"價格未知"}},{"type":"Feature","geometry":{"type":"Point","coordinates":[121.451474,25.166051]},"properties":{"supply_id":"new_taipei-onstreet-95938","city":"new_taipei","district":"淡水區","display_name":"中正東路一段3巷 車格 95938","address":"中正東路一段3巷","facility_kind":"onstreet","symbol_text":null,"type_reference":"路邊停車格","type_confidence":0.6,"price_raw":null,"price_value":null,"capacity_total":1,"available_total":0,"occupied_total":1,"status_label":"已停","data_time":"2026-05-02 15:53:29+08:00","city_label":"新北市","facility_kind_label":"路邊車格","available_rate":0,"occupancy_rate":1,"price_tier":"unknown","price_tier_label":"價格未知"}},{"type":"Feature","geometry":{"type":"Point","coordinates":[121.427588,25.197914]},"properties":{"supply_id":"new_taipei-onstreet-141591","city":"new_taipei","district":"淡水區","display_name":"後州路一段 車格 141591","address":"後州路一段","facility_kind":"onstreet","symbol_text":null,"type_reference":"路邊停車格","type_confidence":0.6,"price_raw":null,"price_value":null,"capacity_total":1,"available_total":1,"occupied_total":0,"status_label":"空位","data_time":"2026-05-02 15:53:29+08:00","city_label":"新北市","facility_kind_label":"路邊車格","available_rate":1,"occupancy_rate":0,"price_tier":"unknown","price_tier_label":"價格未知"}},{"type":"Feature","geometry":{"type":"Point","coordinates":[121.451589,25.166122]},"properties":{"supply_id":"new_taipei-onstreet-95940","city":"new_taipei","district":"淡水區","display_name":"中正東路一段3巷 車格 95940","address":"中正東路一段3巷","facility_kind":"onstreet","symbol_text":null,"type_reference":"路邊停車格","type_confidence":0.6,"price_raw":null,"price_value":null,"capacity_total":1,"available_total":1,"occupied_total":0,"status_label":"空位","data_time":"2026-05-02 15:53:29+08:00","city_label":"新北市","facility_kind_label":"路邊車格","available_rate":1,"occupancy_rate":0,"price_tier":"unknown","price_tier_label":"價格未知"}},{"type":"Feature","geometry":{"type":"Point","coordinates":[121.422738,25.184896]},"properties":{"supply_id":"new_taipei-onstreet-126805","city":"new_taipei","district":"淡水區","display_name":"淡海路184巷 車格 126805","address":"淡海路184巷","facility_kind":"onstreet","symbol_text":null,"type_reference":"路邊停車格","type_confidence":0.6,"price_raw":null,"price_value":null,"capacity_total":1,"available_total":1,"occupied_total":0,"status_label":"空位","data_time":"2026-05-02 15:53:29+08:00","city_label":"新北市","facility_kind_label":"路邊車格","available_rate":1,"occupancy_rate":0,"price_tier":"unknown","price_tier_label":"價格未知"}},{"type":"Feature","geometry":{"type":"Point","coordinates":[121.427565,25.197864]},"properties":{"supply_id":"new_taipei-onstreet-141590","city":"new_taipei","district":"淡水區","display_name":"後州路一段 車格 141590","address":"後州路一段","facility_kind":"onstreet","symbol_text":null,"type_reference":"路邊停車格","type_confidence":0.6,"price_raw":null,"price_value":null,"capacity_total":1,"available_total":1,"occupied_total":0,"status_label":"空位","data_time":"2026-05-02 15:53:29+08:00","city_label":"新北市","facility_kind_label":"路邊車格","available_rate":1,"occupancy_rate":0,"price_tier":"unknown","price_tier_label":"價格未知"}},{"type":"Feature","geometry":{"type":"Point","coordinates":[121.436294,25.199812]},"properties":{"supply_id":"new_taipei-onstreet-121956","city":"new_taipei","district":"淡水區","display_name":"崁頂二路 車格 121956","address":"崁頂二路","facility_kind":"onstreet","symbol_text":null,"type_reference":"路邊停車格","type_confidence":0.6,"price_raw":null,"price_value":null,"capacity_total":1,"available_total":0,"occupied_total":1,"status_label":"已停","data_time":"2026-05-02 15:53:29+08:00","city_label":"新北市","facility_kind_label":"路邊車格","available_rate":0,"occupancy_rate":1,"price_tier":"unknown","price_tier_label":"價格未知"}},{"type":"Feature","geometry":{"type":"Point","coordinates":[121.42279,25.184883]},"properties":{"supply_id":"new_taipei-onstreet-126806","city":"new_taipei","district":"淡水區","display_name":"淡海路184巷 車格 126806","address":"淡海路184巷","facility_kind":"onstreet","symbol_text":null,"type_reference":"路邊停車格","type_confidence":0.6,"price_raw":null,"price_value":null,"capacity_total":1,"available_total":0,"occupied_total":1,"status_label":"已停","data_time":"2026-05-02 15:53:29+08:00","city_label":"新北市","facility_kind_label":"路邊車格","available_rate":0,"occupancy_rate":1,"price_tier":"unknown","price_tier_label":"價格未知"}},{"type":"Feature","geometry":{"type":"Point","coordinates":[121.423598,25.186696]},"properties":{"supply_id":"new_taipei-onstreet-148536","city":"new_taipei","district":"淡水區","display_name":"中正路二段152巷 車格 148536","address":"中正路二段152巷","facility_kind":"onstreet","symbol_text":null,"type_reference":"路邊停車格","type_confidence":0.6,"price_raw":null,"price_value":null,"capacity_total":1,"available_total":0,"occupied_total":1,"status_label":"已停","data_time":"2026-05-02 15:53:29+08:00","city_label":"新北市","facility_kind_label":"路邊車格","available_rate":0,"occupancy_rate":1,"price_tier":"unknown","price_tier_label":"價格未知"}},{"type":"Feature","geometry":{"type":"Point","coordinates":[121.421912,25.182982]},"properties":{"supply_id":"new_taipei-onstreet-102571","city":"new_taipei","district":"淡水區","display_name":"沙崙路131巷13弄 車格 102571","address":"沙崙路131巷13弄","facility_kind":"onstreet","symbol_text":null,"type_reference":"路邊停車格","type_confidence":0.6,"price_raw":null,"price_value":null,"capacity_total":1,"available_total":1,"occupied_total":0,"status_label":"空位","data_time":"2026-05-02 15:53:29+08:00","city_label":"新北市","facility_kind_label":"路邊車格","available_rate":1,"occupancy_rate":0,"price_tier":"unknown","price_tier_label":"價格未知"}},{"type":"Feature","geometry":{"type":"Point","coordinates":[121.412872,25.1877]},"properties":{"supply_id":"new_taipei-onstreet-144101","city":"new_taipei","district":"淡水區","display_name":"觀海路 車格 144101","address":"觀海路","facility_kind":"onstreet","symbol_text":null,"type_reference":"路邊停車格","type_confidence":0.6,"price_raw":null,"price_value":null,"capacity_total":1,"available_total":null,"occupied_total":null,"status_label":"不可用","data_time":"2026-05-02 15:53:29+08:00","city_label":"新北市","facility_kind_label":"路邊車格","available_rate":null,"occupancy_rate":null,"price_tier":"unknown","price_tier_label":"價格未知"}},{"type":"Feature","geometry":{"type":"Point","coordinates":[121.436286,25.199763]},"properties":{"supply_id":"new_taipei-onstreet-121955","city":"new_taipei","district":"淡水區","display_name":"崁頂二路 車格 121955","address":"崁頂二路","facility_kind":"onstreet","symbol_text":null,"type_reference":"路邊停車格","type_confidence":0.6,"price_raw":null,"price_value":null,"capacity_total":1,"available_total":1,"occupied_total":0,"status_label":"空位","data_time":"2026-05-02 15:53:29+08:00","city_label":"新北市","facility_kind_label":"路邊車格","available_rate":1,"occupancy_rate":0,"price_tier":"unknown","price_tier_label":"價格未知"}},{"type":"Feature","geometry":{"type":"Point","coordinates":[121.423591,25.186745]},"properties":{"supply_id":"new_taipei-onstreet-148537","city":"new_taipei","district":"淡水區","display_name":"中正路二段152巷 車格 148537","address":"中正路二段152巷","facility_kind":"onstreet","symbol_text":null,"type_reference":"路邊停車格","type_confidence":0.6,"price_raw":null,"price_value":null,"capacity_total":1,"available_total":1,"occupied_total":0,"status_label":"空位","data_time":"2026-05-02 15:53:29+08:00","city_label":"新北市","facility_kind_label":"路邊車格","available_rate":1,"occupancy_rate":0,"price_tier":"unknown","price_tier_label":"價格未知"}},{"type":"Feature","geometry":{"type":"Point","coordinates":[121.428434,25.198101]},"properties":{"supply_id":"new_taipei-onstreet-152532","city":"new_taipei","district":"淡水區","display_name":"新市三路一段 車格 152532","address":"新市三路一段","facility_kind":"onstreet","symbol_text":null,"type_reference":"路邊停車格","type_confidence":0.6,"price_raw":null,"price_value":null,"capacity_total":1,"available_total":0,"occupied_total":1,"status_label":"已停","data_time":"2026-05-02 15:53:29+08:00","city_label":"新北市","facility_kind_label":"路邊車格","available_rate":0,"occupancy_rate":1,"price_tier":"unknown","price_tier_label":"價格未知"}},{"type":"Feature","geometry":{"type":"Point","coordinates":[121.451376,25.16599]},"properties":{"supply_id":"new_taipei-onstreet-159086","city":"new_taipei","district":"淡水區","display_name":"中正東路一段3巷 車格 159086","address":"中正東路一段3巷","facility_kind":"onstreet","symbol_text":null,"type_reference":"路邊停車格","type_confidence":0.6,"price_raw":null,"price_value":null,"capacity_total":1,"available_total":0,"occupied_total":1,"status_label":"已停","data_time":"2026-05-02 15:53:29+08:00","city_label":"新北市","facility_kind_label":"路邊車格","available_rate":0,"occupancy_rate":1,"price_tier":"unknown","price_tier_label":"價格未知"}},{"type":"Feature","geometry":{"type":"Point","coordinates":[121.434343,25.195834]},"properties":{"supply_id":"new_taipei-onstreet-123422","city":"new_taipei","district":"淡水區","display_name":"新市三路二段 車格 123422","address":"新市三路二段","facility_kind":"onstreet","symbol_text":null,"type_reference":"路邊停車格","type_confidence":0.6,"price_raw":null,"price_value":null,"capacity_total":1,"available_total":1,"occupied_total":0,"status_label":"空位","data_time":"2026-05-02 15:53:29+08:00","city_label":"新北市","facility_kind_label":"路邊車格","available_rate":1,"occupancy_rate":0,"price_tier":"unknown","price_tier_label":"價格未知"}},{"type":"Feature","geometry":{"type":"Point","coordinates":[121.42289,25.184851]},"properties":{"supply_id":"new_taipei-onstreet-126801","city":"new_taipei","district":"淡水區","display_name":"淡海路184巷 車格 126801","address":"淡海路184巷","facility_kind":"onstreet","symbol_text":null,"type_reference":"路邊停車格","type_confidence":0.6,"price_raw":null,"price_value":null,"capacity_total":1,"available_total":1,"occupied_total":0,"status_label":"空位","data_time":"2026-05-02 15:53:29+08:00","city_label":"新北市","facility_kind_label":"路邊車格","available_rate":1,"occupancy_rate":0,"price_tier":"unknown","price_tier_label":"價格未知"}},{"type":"Feature","geometry":{"type":"Point","coordinates":[121.43002,25.184547]},"properties":{"supply_id":"new_taipei-onstreet-139647","city":"new_taipei","district":"淡水區","display_name":"大庄路 車格 139647","address":"大庄路","facility_kind":"onstreet","symbol_text":null,"type_reference":"路邊停車格","type_confidence":0.6,"price_raw":null,"price_value":null,"capacity_total":1,"available_total":1,"occupied_total":0,"status_label":"空位","data_time":"2026-05-02 15:53:29+08:00","city_label":"新北市","facility_kind_label":"路邊車格","available_rate":1,"occupancy_rate":0,"price_tier":"unknown","price_tier_label":"價格未知"}},{"type":"Feature","geometry":{"type":"Point","coordinates":[121.412926,25.187705]},"properties":{"supply_id":"new_taipei-onstreet-144100","city":"new_taipei","district":"淡水區","display_name":"觀海路 車格 144100","address":"觀海路","facility_kind":"onstreet","symbol_text":null,"type_reference":"路邊停車格","type_confidence":0.6,"price_raw":null,"price_value":null,"capacity_total":1,"available_total":null,"occupied_total":null,"status_label":"不可用","data_time":"2026-05-02 15:53:29+08:00","city_label":"新北市","facility_kind_label":"路邊車格","available_rate":null,"occupancy_rate":null,"price_tier":"unknown","price_tier_label":"價格未知"}},{"type":"Feature","geometry":{"type":"Point","coordinates":[121.436302,25.199861]},"properties":{"supply_id":"new_taipei-onstreet-121951","city":"new_taipei","district":"淡水區","display_name":"崁頂二路 車格 121951","address":"崁頂二路","facility_kind":"onstreet","symbol_text":null,"type_reference":"路邊停車格","type_confidence":0.6,"price_raw":null,"price_value":null,"capacity_total":1,"available_total":1,"occupied_total":0,"status_label":"空位","data_time":"2026-05-02 15:53:29+08:00","city_label":"新北市","facility_kind_label":"路邊車格","available_rate":1,"occupancy_rate":0,"price_tier":"unknown","price_tier_label":"價格未知"}},{"type":"Feature","geometry":{"type":"Point","coordinates":[121.430106,25.184486]},"properties":{"supply_id":"new_taipei-onstreet-139646","city":"new_taipei","district":"淡水區","display_name":"大庄路 車格 139646","address":"大庄路","facility_kind":"onstreet","symbol_text":null,"type_reference":"路邊停車格","type_confidence":0.6,"price_raw":null,"price_value":null,"capacity_total":1,"available_total":1,"occupied_total":0,"status_label":"空位","data_time":"2026-05-02 15:53:29+08:00","city_label":"新北市","facility_kind_label":"路邊車格","available_rate":1,"occupancy_rate":0,"price_tier":"unknown","price_tier_label":"價格未知"}},{"type":"Feature","geometry":{"type":"Point","coordinates":[121.423606,25.186646]},"properties":{"supply_id":"new_taipei-onstreet-148535","city":"new_taipei","district":"淡水區","display_name":"中正路二段152巷 車格 148535","address":"中正路二段152巷","facility_kind":"onstreet","symbol_text":null,"type_reference":"路邊停車格","type_confidence":0.6,"price_raw":null,"price_value":null,"capacity_total":1,"available_total":1,"occupied_total":0,"status_label":"空位","data_time":"2026-05-02 15:53:29+08:00","city_label":"新北市","facility_kind_label":"路邊車格","available_rate":1,"occupancy_rate":0,"price_tier":"unknown","price_tier_label":"價格未知"}},{"type":"Feature","geometry":{"type":"Point","coordinates":[121.451425,25.166021]},"properties":{"supply_id":"new_taipei-onstreet-95937","city":"new_taipei","district":"淡水區","display_name":"中正東路一段3巷 車格 95937","address":"中正東路一段3巷","facility_kind":"onstreet","symbol_text":null,"type_reference":"路邊停車格","type_confidence":0.6,"price_raw":null,"price_value":null,"capacity_total":1,"available_total":1,"occupied_total":0,"status_label":"空位","data_time":"2026-05-02 15:53:29+08:00","city_label":"新北市","facility_kind_label":"路邊車格","available_rate":1,"occupancy_rate":0,"price_tier":"unknown","price_tier_label":"價格未知"}},{"type":"Feature","geometry":{"type":"Point","coordinates":[121.430063,25.184517]},"properties":{"supply_id":"new_taipei-onstreet-139650","city":"new_taipei","district":"淡水區","display_name":"大庄路 車格 139650","address":"大庄路","facility_kind":"onstreet","symbol_text":null,"type_reference":"路邊停車格","type_confidence":0.6,"price_raw":null,"price_value":null,"capacity_total":1,"available_total":1,"occupied_total":0,"status_label":"空位","data_time":"2026-05-02 15:53:29+08:00","city_label":"新北市","facility_kind_label":"路邊車格","available_rate":1,"occupancy_rate":0,"price_tier":"unknown","price_tier_label":"價格未知"}},{"type":"Feature","geometry":{"type":"Point","coordinates":[121.427731,25.198229]},"properties":{"supply_id":"new_taipei-onstreet-141592","city":"new_taipei","district":"淡水區","display_name":"後州路一段 車格 141592","address":"後州路一段","facility_kind":"onstreet","symbol_text":null,"type_reference":"路邊停車格","type_confidence":0.6,"price_raw":null,"price_value":null,"capacity_total":1,"available_total":1,"occupied_total":0,"status_label":"空位","data_time":"2026-05-02 15:53:29+08:00","city_label":"新北市","facility_kind_label":"路邊車格","available_rate":1,"occupancy_rate":0,"price_tier":"unknown","price_tier_label":"價格未知"}},{"type":"Feature","geometry":{"type":"Point","coordinates":[121.437892,25.188903]},"properties":{"supply_id":"new_taipei-onstreet-115301","city":"new_taipei","district":"淡水區","display_name":"義山路一段 車格 115301","address":"義山路一段","facility_kind":"onstreet","symbol_text":null,"type_reference":"路邊停車格","type_confidence":0.6,"price_raw":null,"price_value":null,"capacity_total":1,"available_total":1,"occupied_total":0,"status_label":"空位","data_time":"2026-05-02 15:53:29+08:00","city_label":"新北市","facility_kind_label":"路邊車格","available_rate":1,"occupancy_rate":0,"price_tier":"unknown","price_tier_label":"價格未知"}},{"type":"Feature","geometry":{"type":"Point","coordinates":[121.434289,25.195841]},"properties":{"supply_id":"new_taipei-onstreet-122176","city":"new_taipei","district":"淡水區","display_name":"新市三路二段 車格 122176","address":"新市三路二段","facility_kind":"onstreet","symbol_text":null,"type_reference":"路邊停車格","type_confidence":0.6,"price_raw":null,"price_value":null,"capacity_total":1,"available_total":1,"occupied_total":0,"status_label":"空位","data_time":"2026-05-02 15:53:29+08:00","city_label":"新北市","facility_kind_label":"路邊車格","available_rate":1,"occupancy_rate":0,"price_tier":"unknown","price_tier_label":"價格未知"}},{"type":"Feature","geometry":{"type":"Point","coordinates":[121.437945,25.189255]},"properties":{"supply_id":"new_taipei-onstreet-115298","city":"new_taipei","district":"淡水區","display_name":"義山路一段 車格 115298","address":"義山路一段","facility_kind":"onstreet","symbol_text":null,"type_reference":"路邊停車格","type_confidence":0.6,"price_raw":null,"price_value":null,"capacity_total":1,"available_total":1,"occupied_total":0,"status_label":"空位","data_time":"2026-05-02 15:53:29+08:00","city_label":"新北市","facility_kind_label":"路邊車格","available_rate":1,"occupancy_rate":0,"price_tier":"unknown","price_tier_label":"價格未知"}},{"type":"Feature","geometry":{"type":"Point","coordinates":[121.436119,25.195611]},"properties":{"supply_id":"new_taipei-onstreet-24956","city":"new_taipei","district":"淡水區","display_name":"新市三路二段 車格 24956","address":"新市三路二段","facility_kind":"onstreet","symbol_text":null,"type_reference":"路邊停車格","type_confidence":0.6,"price_raw":null,"price_value":null,"capacity_total":1,"available_total":1,"occupied_total":0,"status_label":"空位","data_time":"2026-05-02 15:53:29+08:00","city_label":"新北市","facility_kind_label":"路邊車格","available_rate":1,"occupancy_rate":0,"price_tier":"unknown","price_tier_label":"價格未知"}},{"type":"Feature","geometry":{"type":"Point","coordinates":[121.422942,25.184836]},"properties":{"supply_id":"new_taipei-onstreet-126802","city":"new_taipei","district":"淡水區","display_name":"淡海路184巷 車格 126802","address":"淡海路184巷","facility_kind":"onstreet","symbol_text":null,"type_reference":"路邊停車格","type_confidence":0.6,"price_raw":null,"price_value":null,"capacity_total":1,"available_total":0,"occupied_total":1,"status_label":"已停","data_time":"2026-05-02 15:53:29+08:00","city_label":"新北市","facility_kind_label":"路邊車格","available_rate":0,"occupancy_rate":1,"price_tier":"unknown","price_tier_label":"價格未知"}},{"type":"Feature","geometry":{"type":"Point","coordinates":[121.412763,25.18769]},"properties":{"supply_id":"new_taipei-onstreet-144103","city":"new_taipei","district":"淡水區","display_name":"觀海路 車格 144103","address":"觀海路","facility_kind":"onstreet","symbol_text":null,"type_reference":"路邊停車格","type_confidence":0.6,"price_raw":null,"price_value":null,"capacity_total":1,"available_total":null,"occupied_total":null,"status_label":"不可用","data_time":"2026-05-02 15:53:29+08:00","city_label":"新北市","facility_kind_label":"路邊車格","available_rate":null,"occupancy_rate":null,"price_tier":"unknown","price_tier_label":"價格未知"}},{"type":"Feature","geometry":{"type":"Point","coordinates":[121.427754,25.198279]},"properties":{"supply_id":"new_taipei-onstreet-141593","city":"new_taipei","district":"淡水區","display_name":"後州路一段 車格 141593","address":"後州路一段","facility_kind":"onstreet","symbol_text":null,"type_reference":"路邊停車格","type_confidence":0.6,"price_raw":null,"price_value":null,"capacity_total":1,"available_total":1,"occupied_total":0,"status_label":"空位","data_time":"2026-05-02 15:53:29+08:00","city_label":"新北市","facility_kind_label":"路邊車格","available_rate":1,"occupancy_rate":0,"price_tier":"unknown","price_tier_label":"價格未知"}},{"type":"Feature","geometry":{"type":"Point","coordinates":[121.412818,25.187695]},"properties":{"supply_id":"new_taipei-onstreet-144102","city":"new_taipei","district":"淡水區","display_name":"觀海路 車格 144102","address":"觀海路","facility_kind":"onstreet","symbol_text":null,"type_reference":"路邊停車格","type_confidence":0.6,"price_raw":null,"price_value":null,"capacity_total":1,"available_total":null,"occupied_total":null,"status_label":"不可用","data_time":"2026-05-02 15:53:29+08:00","city_label":"新北市","facility_kind_label":"路邊車格","available_rate":null,"occupancy_rate":null,"price_tier":"unknown","price_tier_label":"價格未知"}},{"type":"Feature","geometry":{"type":"Point","coordinates":[121.43796,25.189353]},"properties":{"supply_id":"new_taipei-onstreet-115300","city":"new_taipei","district":"淡水區","display_name":"義山路一段 車格 115300","address":"義山路一段","facility_kind":"onstreet","symbol_text":null,"type_reference":"路邊停車格","type_confidence":0.6,"price_raw":null,"price_value":null,"capacity_total":1,"available_total":1,"occupied_total":0,"status_label":"空位","data_time":"2026-05-02 15:53:29+08:00","city_label":"新北市","facility_kind_label":"路邊車格","available_rate":1,"occupancy_rate":0,"price_tier":"unknown","price_tier_label":"價格未知"}},{"type":"Feature","geometry":{"type":"Point","coordinates":[121.436227,25.195597]},"properties":{"supply_id":"new_taipei-onstreet-24933","city":"new_taipei","district":"淡水區","display_name":"新市三路二段 車格 24933","address":"新市三路二段","facility_kind":"onstreet","symbol_text":null,"type_reference":"路邊停車格","type_confidence":0.6,"price_raw":null,"price_value":null,"capacity_total":1,"available_total":1,"occupied_total":0,"status_label":"空位","data_time":"2026-05-02 15:53:29+08:00","city_label":"新北市","facility_kind_label":"路邊車格","available_rate":1,"occupancy_rate":0,"price_tier":"unknown","price_tier_label":"價格未知"}},{"type":"Feature","geometry":{"type":"Point","coordinates":[121.436372,25.200266]},"properties":{"supply_id":"new_taipei-onstreet-121972","city":"new_taipei","district":"淡水區","display_name":"崁頂二路 車格 121972","address":"崁頂二路","facility_kind":"onstreet","symbol_text":null,"type_reference":"路邊停車格","type_confidence":0.6,"price_raw":null,"price_value":null,"capacity_total":1,"available_total":1,"occupied_total":0,"status_label":"空位","data_time":"2026-05-02 15:53:29+08:00","city_label":"新北市","facility_kind_label":"路邊車格","available_rate":1,"occupancy_rate":0,"price_tier":"unknown","price_tier_label":"價格未知"}},{"type":"Feature","geometry":{"type":"Point","coordinates":[121.423623,25.186349]},"properties":{"supply_id":"new_taipei-onstreet-148532","city":"new_taipei","district":"淡水區","display_name":"中正路二段152巷 車格 148532","address":"中正路二段152巷","facility_kind":"onstreet","symbol_text":null,"type_reference":"路邊停車格","type_confidence":0.6,"price_raw":null,"price_value":null,"capacity_total":1,"available_total":1,"occupied_total":0,"status_label":"空位","data_time":"2026-05-02 15:53:29+08:00","city_label":"新北市","facility_kind_label":"路邊車格","available_rate":1,"occupancy_rate":0,"price_tier":"unknown","price_tier_label":"價格未知"}},{"type":"Feature","geometry":{"type":"Point","coordinates":[121.43033,25.184336]},"properties":{"supply_id":"new_taipei-onstreet-139662","city":"new_taipei","district":"淡水區","display_name":"大庄路 車格 139662","address":"大庄路","facility_kind":"onstreet","symbol_text":null,"type_reference":"路邊停車格","type_confidence":0.6,"price_raw":null,"price_value":null,"capacity_total":1,"available_total":1,"occupied_total":0,"status_label":"空位","data_time":"2026-05-02 15:53:29+08:00","city_label":"新北市","facility_kind_label":"路邊車格","available_rate":1,"occupancy_rate":0,"price_tier":"unknown","price_tier_label":"價格未知"}},{"type":"Feature","geometry":{"type":"Point","coordinates":[121.412655,25.187679]},"properties":{"supply_id":"new_taipei-onstreet-144105","city":"new_taipei","district":"淡水區","display_name":"觀海路 車格 144105","address":"觀海路","facility_kind":"onstreet","symbol_text":null,"type_reference":"路邊停車格","type_confidence":0.6,"price_raw":null,"price_value":null,"capacity_total":1,"available_total":null,"occupied_total":null,"status_label":"不可用","data_time":"2026-05-02 15:53:29+08:00","city_label":"新北市","facility_kind_label":"路邊車格","available_rate":null,"occupancy_rate":null,"price_tier":"unknown","price_tier_label":"價格未知"}},{"type":"Feature","geometry":{"type":"Point","coordinates":[121.423046,25.184804]},"properties":{"supply_id":"new_taipei-onstreet-126792","city":"new_taipei","district":"淡水區","display_name":"淡海路184巷 車格 126792","address":"淡海路184巷","facility_kind":"onstreet","symbol_text":null,"type_reference":"路邊停車格","type_confidence":0.6,"price_raw":null,"price_value":null,"capacity_total":1,"available_total":1,"occupied_total":0,"status_label":"空位","data_time":"2026-05-02 15:53:29+08:00","city_label":"新北市","facility_kind_label":"路邊車格","available_rate":1,"occupancy_rate":0,"price_tier":"unknown","price_tier_label":"價格未知"}},{"type":"Feature","geometry":{"type":"Point","coordinates":[121.451327,25.165959]},"properties":{"supply_id":"new_taipei-onstreet-95935","city":"new_taipei","district":"淡水區","display_name":"中正東路一段3巷 車格 95935","address":"中正東路一段3巷","facility_kind":"onstreet","symbol_text":null,"type_reference":"路邊停車格","type_confidence":0.6,"price_raw":null,"price_value":null,"capacity_total":1,"available_total":0,"occupied_total":1,"status_label":"已停","data_time":"2026-05-02 15:53:29+08:00","city_label":"新北市","facility_kind_label":"路邊車格","available_rate":0,"occupancy_rate":1,"price_tier":"unknown","price_tier_label":"價格未知"}},{"type":"Feature","geometry":{"type":"Point","coordinates":[121.430241,25.184394]},"properties":{"supply_id":"new_taipei-onstreet-139660","city":"new_taipei","district":"淡水區","display_name":"大庄路 車格 139660","address":"大庄路","facility_kind":"onstreet","symbol_text":null,"type_reference":"路邊停車格","type_confidence":0.6,"price_raw":null,"price_value":null,"capacity_total":1,"available_total":0,"occupied_total":1,"status_label":"已停","data_time":"2026-05-02 15:53:29+08:00","city_label":"新北市","facility_kind_label":"路邊車格","available_rate":0,"occupancy_rate":1,"price_tier":"unknown","price_tier_label":"價格未知"}},{"type":"Feature","geometry":{"type":"Point","coordinates":[121.427777,25.198329]},"properties":{"supply_id":"new_taipei-onstreet-141595","city":"new_taipei","district":"淡水區","display_name":"後州路一段 車格 141595","address":"後州路一段","facility_kind":"onstreet","symbol_text":null,"type_reference":"路邊停車格","type_confidence":0.6,"price_raw":null,"price_value":null,"capacity_total":1,"available_total":1,"occupied_total":0,"status_label":"空位","data_time":"2026-05-02 15:53:29+08:00","city_label":"新北市","facility_kind_label":"路邊車格","available_rate":1,"occupancy_rate":0,"price_tier":"unknown","price_tier_label":"價格未知"}},{"type":"Feature","geometry":{"type":"Point","coordinates":[121.422994,25.18482]},"properties":{"supply_id":"new_taipei-onstreet-126800","city":"new_taipei","district":"淡水區","display_name":"淡海路184巷 車格 126800","address":"淡海路184巷","facility_kind":"onstreet","symbol_text":null,"type_reference":"路邊停車格","type_confidence":0.6,"price_raw":null,"price_value":null,"capacity_total":1,"available_total":1,"occupied_total":0,"status_label":"空位","data_time":"2026-05-02 15:53:29+08:00","city_label":"新北市","facility_kind_label":"路邊車格","available_rate":1,"occupancy_rate":0,"price_tier":"unknown","price_tier_label":"價格未知"}},{"type":"Feature","geometry":{"type":"Point","coordinates":[121.436311,25.19991]},"properties":{"supply_id":"new_taipei-onstreet-121952","city":"new_taipei","district":"淡水區","display_name":"崁頂二路 車格 121952","address":"崁頂二路","facility_kind":"onstreet","symbol_text":null,"type_reference":"路邊停車格","type_confidence":0.6,"price_raw":null,"price_value":null,"capacity_total":1,"available_total":1,"occupied_total":0,"status_label":"空位","data_time":"2026-05-02 15:53:29+08:00","city_label":"新北市","facility_kind_label":"路邊車格","available_rate":1,"occupancy_rate":0,"price_tier":"unknown","price_tier_label":"價格未知"}},{"type":"Feature","geometry":{"type":"Point","coordinates":[121.423625,25.186398]},"properties":{"supply_id":"new_taipei-onstreet-148533","city":"new_taipei","district":"淡水區","display_name":"中正路二段152巷 車格 148533","address":"中正路二段152巷","facility_kind":"onstreet","symbol_text":null,"type_reference":"路邊停車格","type_confidence":0.6,"price_raw":null,"price_value":null,"capacity_total":1,"available_total":1,"occupied_total":0,"status_label":"空位","data_time":"2026-05-02 15:53:29+08:00","city_label":"新北市","facility_kind_label":"路邊車格","available_rate":1,"occupancy_rate":0,"price_tier":"unknown","price_tier_label":"價格未知"}},{"type":"Feature","geometry":{"type":"Point","coordinates":[121.451181,25.165854]},"properties":{"supply_id":"new_taipei-onstreet-88870","city":"new_taipei","district":"淡水區","display_name":"中正東路一段3巷 車格 88870","address":"中正東路一段3巷","facility_kind":"onstreet","symbol_text":null,"type_reference":"路邊停車格","type_confidence":0.6,"price_raw":null,"price_value":null,"capacity_total":1,"available_total":1,"occupied_total":0,"status_label":"空位","data_time":"2026-05-02 15:53:29+08:00","city_label":"新北市","facility_kind_label":"路邊車格","available_rate":1,"occupancy_rate":0,"price_tier":"unknown","price_tier_label":"價格未知"}},{"type":"Feature","geometry":{"type":"Point","coordinates":[121.430377,25.18431]},"properties":{"supply_id":"new_taipei-onstreet-139658","city":"new_taipei","district":"淡水區","display_name":"大庄路 車格 139658","address":"大庄路","facility_kind":"onstreet","symbol_text":null,"type_reference":"路邊停車格","type_confidence":0.6,"price_raw":null,"price_value":null,"capacity_total":1,"available_total":1,"occupied_total":0,"status_label":"空位","data_time":"2026-05-02 15:53:29+08:00","city_label":"新北市","facility_kind_label":"路邊車格","available_rate":1,"occupancy_rate":0,"price_tier":"unknown","price_tier_label":"價格未知"}},{"type":"Feature","geometry":{"type":"Point","coordinates":[121.427845,25.198479]},"properties":{"supply_id":"new_taipei-onstreet-141597","city":"new_taipei","district":"淡水區","display_name":"後州路一段 車格 141597","address":"後州路一段","facility_kind":"onstreet","symbol_text":null,"type_reference":"路邊停車格","type_confidence":0.6,"price_raw":null,"price_value":null,"capacity_total":1,"available_total":1,"occupied_total":0,"status_label":"空位","data_time":"2026-05-02 15:53:29+08:00","city_label":"新北市","facility_kind_label":"路邊車格","available_rate":1,"occupancy_rate":0,"price_tier":"unknown","price_tier_label":"價格未知"}},{"type":"Feature","geometry":{"type":"Point","coordinates":[121.451149,25.165817]},"properties":{"supply_id":"new_taipei-onstreet-99711","city":"new_taipei","district":"淡水區","display_name":"中正東路一段3巷 車格 99711","address":"中正東路一段3巷","facility_kind":"onstreet","symbol_text":null,"type_reference":"路邊停車格","type_confidence":0.6,"price_raw":null,"price_value":null,"capacity_total":1,"available_total":0,"occupied_total":1,"status_label":"已停","data_time":"2026-05-02 15:53:29+08:00","city_label":"新北市","facility_kind_label":"路邊車格","available_rate":0,"occupancy_rate":1,"price_tier":"unknown","price_tier_label":"價格未知"}},{"type":"Feature","geometry":{"type":"Point","coordinates":[121.427868,25.198529]},"properties":{"supply_id":"new_taipei-onstreet-141598","city":"new_taipei","district":"淡水區","display_name":"後州路一段 車格 141598","address":"後州路一段","facility_kind":"onstreet","symbol_text":null,"type_reference":"路邊停車格","type_confidence":0.6,"price_raw":null,"price_value":null,"capacity_total":1,"available_total":1,"occupied_total":0,"status_label":"空位","data_time":"2026-05-02 15:53:29+08:00","city_label":"新北市","facility_kind_label":"路邊車格","available_rate":1,"occupancy_rate":0,"price_tier":"unknown","price_tier_label":"價格未知"}},{"type":"Feature","geometry":{"type":"Point","coordinates":[121.412601,25.187674]},"properties":{"supply_id":"new_taipei-onstreet-144106","city":"new_taipei","district":"淡水區","display_name":"觀海路 車格 144106","address":"觀海路","facility_kind":"onstreet","symbol_text":null,"type_reference":"路邊停車格","type_confidence":0.6,"price_raw":null,"price_value":null,"capacity_total":1,"available_total":null,"occupied_total":null,"status_label":"不可用","data_time":"2026-05-02 15:53:29+08:00","city_label":"新北市","facility_kind_label":"路邊車格","available_rate":null,"occupancy_rate":null,"price_tier":"unknown","price_tier_label":"價格未知"}},{"type":"Feature","geometry":{"type":"Point","coordinates":[121.423619,25.18625]},"properties":{"supply_id":"new_taipei-onstreet-148530","city":"new_taipei","district":"淡水區","display_name":"中正路二段152巷 車格 148530","address":"中正路二段152巷","facility_kind":"onstreet","symbol_text":null,"type_reference":"路邊停車格","type_confidence":0.6,"price_raw":null,"price_value":null,"capacity_total":1,"available_total":0,"occupied_total":1,"status_label":"已停","data_time":"2026-05-02 15:53:29+08:00","city_label":"新北市","facility_kind_label":"路邊車格","available_rate":0,"occupancy_rate":1,"price_tier":"unknown","price_tier_label":"價格未知"}},{"type":"Feature","geometry":{"type":"Point","coordinates":[121.451279,25.165928]},"properties":{"supply_id":"new_taipei-onstreet-88873","city":"new_taipei","district":"淡水區","display_name":"中正東路一段3巷 車格 88873","address":"中正東路一段3巷","facility_kind":"onstreet","symbol_text":null,"type_reference":"路邊停車格","type_confidence":0.6,"price_raw":null,"price_value":null,"capacity_total":1,"available_total":0,"occupied_total":1,"status_label":"已停","data_time":"2026-05-02 15:53:29+08:00","city_label":"新北市","facility_kind_label":"路邊車格","available_rate":0,"occupancy_rate":1,"price_tier":"unknown","price_tier_label":"價格未知"}},{"type":"Feature","geometry":{"type":"Point","coordinates":[121.427799,25.198379]},"properties":{"supply_id":"new_taipei-onstreet-141594","city":"new_taipei","district":"淡水區","display_name":"後州路一段 車格 141594","address":"後州路一段","facility_kind":"onstreet","symbol_text":null,"type_reference":"路邊停車格","type_confidence":0.6,"price_raw":null,"price_value":null,"capacity_total":1,"available_total":0,"occupied_total":1,"status_label":"已停","data_time":"2026-05-02 15:53:29+08:00","city_label":"新北市","facility_kind_label":"路邊車格","available_rate":0,"occupancy_rate":1,"price_tier":"unknown","price_tier_label":"價格未知"}},{"type":"Feature","geometry":{"type":"Point","coordinates":[121.430284,25.184364]},"properties":{"supply_id":"new_taipei-onstreet-139656","city":"new_taipei","district":"淡水區","display_name":"大庄路 車格 139656","address":"大庄路","facility_kind":"onstreet","symbol_text":null,"type_reference":"路邊停車格","type_confidence":0.6,"price_raw":null,"price_value":null,"capacity_total":1,"available_total":1,"occupied_total":0,"status_label":"空位","data_time":"2026-05-02 15:53:29+08:00","city_label":"新北市","facility_kind_label":"路邊車格","available_rate":1,"occupancy_rate":0,"price_tier":"unknown","price_tier_label":"價格未知"}},{"type":"Feature","geometry":{"type":"Point","coordinates":[121.412709,25.187684]},"properties":{"supply_id":"new_taipei-onstreet-144104","city":"new_taipei","district":"淡水區","display_name":"觀海路 車格 144104","address":"觀海路","facility_kind":"onstreet","symbol_text":null,"type_reference":"路邊停車格","type_confidence":0.6,"price_raw":null,"price_value":null,"capacity_total":1,"available_total":null,"occupied_total":null,"status_label":"不可用","data_time":"2026-05-02 15:53:29+08:00","city_label":"新北市","facility_kind_label":"路邊車格","available_rate":null,"occupancy_rate":null,"price_tier":"unknown","price_tier_label":"價格未知"}},{"type":"Feature","geometry":{"type":"Point","coordinates":[121.437953,25.189304]},"properties":{"supply_id":"new_taipei-onstreet-115299","city":"new_taipei","district":"淡水區","display_name":"義山路一段 車格 115299","address":"義山路一段","facility_kind":"onstreet","symbol_text":null,"type_reference":"路邊停車格","type_confidence":0.6,"price_raw":null,"price_value":null,"capacity_total":1,"available_total":1,"occupied_total":0,"status_label":"空位","data_time":"2026-05-02 15:53:29+08:00","city_label":"新北市","facility_kind_label":"路邊車格","available_rate":1,"occupancy_rate":0,"price_tier":"unknown","price_tier_label":"價格未知"}},{"type":"Feature","geometry":{"type":"Point","coordinates":[121.436173,25.195604]},"properties":{"supply_id":"new_taipei-onstreet-24957","city":"new_taipei","district":"淡水區","display_name":"新市三路二段 車格 24957","address":"新市三路二段","facility_kind":"onstreet","symbol_text":null,"type_reference":"路邊停車格","type_confidence":0.6,"price_raw":null,"price_value":null,"capacity_total":1,"available_total":1,"occupied_total":0,"status_label":"空位","data_time":"2026-05-02 15:53:29+08:00","city_label":"新北市","facility_kind_label":"路邊車格","available_rate":1,"occupancy_rate":0,"price_tier":"unknown","price_tier_label":"價格未知"}},{"type":"Feature","geometry":{"type":"Point","coordinates":[121.412492,25.187664]},"properties":{"supply_id":"new_taipei-onstreet-144108","city":"new_taipei","district":"淡水區","display_name":"觀海路 車格 144108","address":"觀海路","facility_kind":"onstreet","symbol_text":null,"type_reference":"路邊停車格","type_confidence":0.6,"price_raw":null,"price_value":null,"capacity_total":1,"available_total":null,"occupied_total":null,"status_label":"不可用","data_time":"2026-05-02 15:53:29+08:00","city_label":"新北市","facility_kind_label":"路邊車格","available_rate":null,"occupancy_rate":null,"price_tier":"unknown","price_tier_label":"價格未知"}},{"type":"Feature","geometry":{"type":"Point","coordinates":[121.436389,25.200364]},"properties":{"supply_id":"new_taipei-onstreet-121975","city":"new_taipei","district":"淡水區","display_name":"崁頂二路 車格 121975","address":"崁頂二路","facility_kind":"onstreet","symbol_text":null,"type_reference":"路邊停車格","type_confidence":0.6,"price_raw":null,"price_value":null,"capacity_total":1,"available_total":1,"occupied_total":0,"status_label":"空位","data_time":"2026-05-02 15:53:29+08:00","city_label":"新北市","facility_kind_label":"路邊車格","available_rate":1,"occupancy_rate":0,"price_tier":"unknown","price_tier_label":"價格未知"}},{"type":"Feature","geometry":{"type":"Point","coordinates":[121.430425,25.184285]},"properties":{"supply_id":"new_taipei-onstreet-139659","city":"new_taipei","district":"淡水區","display_name":"大庄路 車格 139659","address":"大庄路","facility_kind":"onstreet","symbol_text":null,"type_reference":"路邊停車格","type_confidence":0.6,"price_raw":null,"price_value":null,"capacity_total":1,"available_total":1,"occupied_total":0,"status_label":"空位","data_time":"2026-05-02 15:53:29+08:00","city_label":"新北市","facility_kind_label":"路邊車格","available_rate":1,"occupancy_rate":0,"price_tier":"unknown","price_tier_label":"價格未知"}},{"type":"Feature","geometry":{"type":"Point","coordinates":[121.412546,25.187669]},"properties":{"supply_id":"new_taipei-onstreet-144107","city":"new_taipei","district":"淡水區","display_name":"觀海路 車格 144107","address":"觀海路","facility_kind":"onstreet","symbol_text":null,"type_reference":"路邊停車格","type_confidence":0.6,"price_raw":null,"price_value":null,"capacity_total":1,"available_total":null,"occupied_total":null,"status_label":"不可用","data_time":"2026-05-02 15:53:29+08:00","city_label":"新北市","facility_kind_label":"路邊車格","available_rate":null,"occupancy_rate":null,"price_tier":"unknown","price_tier_label":"價格未知"}},{"type":"Feature","geometry":{"type":"Point","coordinates":[121.436381,25.200315]},"properties":{"supply_id":"new_taipei-onstreet-121971","city":"new_taipei","district":"淡水區","display_name":"崁頂二路 車格 121971","address":"崁頂二路","facility_kind":"onstreet","symbol_text":null,"type_reference":"路邊停車格","type_confidence":0.6,"price_raw":null,"price_value":null,"capacity_total":1,"available_total":1,"occupied_total":0,"status_label":"空位","data_time":"2026-05-02 15:53:29+08:00","city_label":"新北市","facility_kind_label":"路邊車格","available_rate":1,"occupancy_rate":0,"price_tier":"unknown","price_tier_label":"價格未知"}},{"type":"Feature","geometry":{"type":"Point","coordinates":[121.451232,25.165895]},"properties":{"supply_id":"new_taipei-onstreet-88872","city":"new_taipei","district":"淡水區","display_name":"中正東路一段3巷 車格 88872","address":"中正東路一段3巷","facility_kind":"onstreet","symbol_text":null,"type_reference":"路邊停車格","type_confidence":0.6,"price_raw":null,"price_value":null,"capacity_total":1,"available_total":1,"occupied_total":0,"status_label":"空位","data_time":"2026-05-02 15:53:29+08:00","city_label":"新北市","facility_kind_label":"路邊車格","available_rate":1,"occupancy_rate":0,"price_tier":"unknown","price_tier_label":"價格未知"}},{"type":"Feature","geometry":{"type":"Point","coordinates":[121.427822,25.198429]},"properties":{"supply_id":"new_taipei-onstreet-141596","city":"new_taipei","district":"淡水區","display_name":"後州路一段 車格 141596","address":"後州路一段","facility_kind":"onstreet","symbol_text":null,"type_reference":"路邊停車格","type_confidence":0.6,"price_raw":null,"price_value":null,"capacity_total":1,"available_total":0,"occupied_total":1,"status_label":"已停","data_time":"2026-05-02 15:53:29+08:00","city_label":"新北市","facility_kind_label":"路邊車格","available_rate":0,"occupancy_rate":1,"price_tier":"unknown","price_tier_label":"價格未知"}},{"type":"Feature","geometry":{"type":"Point","coordinates":[121.438056,25.190003]},"properties":{"supply_id":"new_taipei-onstreet-111404","city":"new_taipei","district":"淡水區","display_name":"義山路一段 車格 111404","address":"義山路一段","facility_kind":"onstreet","symbol_text":null,"type_reference":"路邊停車格","type_confidence":0.6,"price_raw":null,"price_value":null,"capacity_total":1,"available_total":1,"occupied_total":0,"status_label":"空位","data_time":"2026-05-02 15:53:29+08:00","city_label":"新北市","facility_kind_label":"路邊車格","available_rate":1,"occupancy_rate":0,"price_tier":"unknown","price_tier_label":"價格未知"}},{"type":"Feature","geometry":{"type":"Point","coordinates":[121.436335,25.195583]},"properties":{"supply_id":"new_taipei-onstreet-24960","city":"new_taipei","district":"淡水區","display_name":"新市三路二段 車格 24960","address":"新市三路二段","facility_kind":"onstreet","symbol_text":null,"type_reference":"路邊停車格","type_confidence":0.6,"price_raw":null,"price_value":null,"capacity_total":1,"available_total":1,"occupied_total":0,"status_label":"空位","data_time":"2026-05-02 15:53:29+08:00","city_label":"新北市","facility_kind_label":"路邊車格","available_rate":1,"occupancy_rate":0,"price_tier":"unknown","price_tier_label":"價格未知"}},{"type":"Feature","geometry":{"type":"Point","coordinates":[121.451121,25.165776]},"properties":{"supply_id":"new_taipei-onstreet-99710","city":"new_taipei","district":"淡水區","display_name":"中正東路一段3巷 車格 99710","address":"中正東路一段3巷","facility_kind":"onstreet","symbol_text":null,"type_reference":"路邊停車格","type_confidence":0.6,"price_raw":null,"price_value":null,"capacity_total":1,"available_total":1,"occupied_total":0,"status_label":"空位","data_time":"2026-05-02 15:53:29+08:00","city_label":"新北市","facility_kind_label":"路邊車格","available_rate":1,"occupancy_rate":0,"price_tier":"unknown","price_tier_label":"價格未知"}},{"type":"Feature","geometry":{"type":"Point","coordinates":[121.423621,25.186299]},"properties":{"supply_id":"new_taipei-onstreet-148531","city":"new_taipei","district":"淡水區","display_name":"中正路二段152巷 車格 148531","address":"中正路二段152巷","facility_kind":"onstreet","symbol_text":null,"type_reference":"路邊停車格","type_confidence":0.6,"price_raw":null,"price_value":null,"capacity_total":1,"available_total":0,"occupied_total":1,"status_label":"已停","data_time":"2026-05-02 15:53:29+08:00","city_label":"新北市","facility_kind_label":"路邊車格","available_rate":0,"occupancy_rate":1,"price_tier":"unknown","price_tier_label":"價格未知"}},{"type":"Feature","geometry":{"type":"Point","coordinates":[121.436406,25.200462]},"properties":{"supply_id":"new_taipei-onstreet-121973","city":"new_taipei","district":"淡水區","display_name":"崁頂二路 車格 121973","address":"崁頂二路","facility_kind":"onstreet","symbol_text":null,"type_reference":"路邊停車格","type_confidence":0.6,"price_raw":null,"price_value":null,"capacity_total":1,"available_total":0,"occupied_total":1,"status_label":"已停","data_time":"2026-05-02 15:53:29+08:00","city_label":"新北市","facility_kind_label":"路邊車格","available_rate":0,"occupancy_rate":1,"price_tier":"unknown","price_tier_label":"價格未知"}},{"type":"Feature","geometry":{"type":"Point","coordinates":[121.430472,25.18426]},"properties":{"supply_id":"new_taipei-onstreet-139661","city":"new_taipei","district":"淡水區","display_name":"大庄路 車格 139661","address":"大庄路","facility_kind":"onstreet","symbol_text":null,"type_reference":"路邊停車格","type_confidence":0.6,"price_raw":null,"price_value":null,"capacity_total":1,"available_total":1,"occupied_total":0,"status_label":"空位","data_time":"2026-05-02 15:53:29+08:00","city_label":"新北市","facility_kind_label":"路邊車格","available_rate":1,"occupancy_rate":0,"price_tier":"unknown","price_tier_label":"價格未知"}},{"type":"Feature","geometry":{"type":"Point","coordinates":[121.42791,25.198623]},"properties":{"supply_id":"new_taipei-onstreet-141600","city":"new_taipei","district":"淡水區","display_name":"後州路一段 車格 141600","address":"後州路一段","facility_kind":"onstreet","symbol_text":null,"type_reference":"路邊停車格","type_confidence":0.6,"price_raw":null,"price_value":null,"capacity_total":1,"available_total":1,"occupied_total":0,"status_label":"空位","data_time":"2026-05-02 15:53:29+08:00","city_label":"新北市","facility_kind_label":"路邊車格","available_rate":1,"occupancy_rate":0,"price_tier":"unknown","price_tier_label":"價格未知"}},{"type":"Feature","geometry":{"type":"Point","coordinates":[121.423608,25.185953]},"properties":{"supply_id":"new_taipei-onstreet-148524","city":"new_taipei","district":"淡水區","display_name":"中正路二段152巷 車格 148524","address":"中正路二段152巷","facility_kind":"onstreet","symbol_text":null,"type_reference":"路邊停車格","type_confidence":0.6,"price_raw":null,"price_value":null,"capacity_total":1,"available_total":1,"occupied_total":0,"status_label":"空位","data_time":"2026-05-02 15:53:29+08:00","city_label":"新北市","facility_kind_label":"路邊車格","available_rate":1,"occupancy_rate":0,"price_tier":"unknown","price_tier_label":"價格未知"}},{"type":"Feature","geometry":{"type":"Point","coordinates":[121.438049,25.189954]},"properties":{"supply_id":"new_taipei-onstreet-111402","city":"new_taipei","district":"淡水區","display_name":"義山路一段 車格 111402","address":"義山路一段","facility_kind":"onstreet","symbol_text":null,"type_reference":"路邊停車格","type_confidence":0.6,"price_raw":null,"price_value":null,"capacity_total":1,"available_total":1,"occupied_total":0,"status_label":"空位","data_time":"2026-05-02 15:53:29+08:00","city_label":"新北市","facility_kind_label":"路邊車格","available_rate":1,"occupancy_rate":0,"price_tier":"unknown","price_tier_label":"價格未知"}},{"type":"Feature","geometry":{"type":"Point","coordinates":[121.436281,25.19559]},"properties":{"supply_id":"new_taipei-onstreet-24958","city":"new_taipei","district":"淡水區","display_name":"新市三路二段 車格 24958","address":"新市三路二段","facility_kind":"onstreet","symbol_text":null,"type_reference":"路邊停車格","type_confidence":0.6,"price_raw":null,"price_value":null,"capacity_total":1,"available_total":1,"occupied_total":0,"status_label":"空位","data_time":"2026-05-02 15:53:29+08:00","city_label":"新北市","facility_kind_label":"路邊車格","available_rate":1,"occupancy_rate":0,"price_tier":"unknown","price_tier_label":"價格未知"}},{"type":"Feature","geometry":{"type":"Point","coordinates":[121.430611,25.184186]},"properties":{"supply_id":"new_taipei-onstreet-139664","city":"new_taipei","district":"淡水區","display_name":"大庄路 車格 139664","address":"大庄路","facility_kind":"onstreet","symbol_text":null,"type_reference":"路邊停車格","type_confidence":0.6,"price_raw":null,"price_value":null,"capacity_total":1,"available_total":0,"occupied_total":1,"status_label":"已停","data_time":"2026-05-02 15:53:29+08:00","city_label":"新北市","facility_kind_label":"路邊車格","available_rate":0,"occupancy_rate":1,"price_tier":"unknown","price_tier_label":"價格未知"}},{"type":"Feature","geometry":{"type":"Point","coordinates":[121.427956,25.198723]},"properties":{"supply_id":"new_taipei-onstreet-141604","city":"new_taipei","district":"淡水區","display_name":"後州路一段 車格 141604","address":"後州路一段","facility_kind":"onstreet","symbol_text":null,"type_reference":"路邊停車格","type_confidence":0.6,"price_raw":null,"price_value":null,"capacity_total":1,"available_total":0,"occupied_total":1,"status_label":"已停","data_time":"2026-05-02 15:53:29+08:00","city_label":"新北市","facility_kind_label":"路邊車格","available_rate":0,"occupancy_rate":1,"price_tier":"unknown","price_tier_label":"價格未知"}},{"type":"Feature","geometry":{"type":"Point","coordinates":[121.438164,25.190702]},"properties":{"supply_id":"new_taipei-onstreet-115394","city":"new_taipei","district":"淡水區","display_name":"義山路二段 車格 115394","address":"義山路二段","facility_kind":"onstreet","symbol_text":null,"type_reference":"路邊停車格","type_confidence":0.6,"price_raw":null,"price_value":null,"capacity_total":1,"available_total":1,"occupied_total":0,"status_label":"空位","data_time":"2026-05-02 15:53:29+08:00","city_label":"新北市","facility_kind_label":"路邊車格","available_rate":1,"occupancy_rate":0,"price_tier":"unknown","price_tier_label":"價格未知"}},{"type":"Feature","geometry":{"type":"Point","coordinates":[121.436443,25.195569]},"properties":{"supply_id":"new_taipei-onstreet-24962","city":"new_taipei","district":"淡水區","display_name":"新市三路二段 車格 24962","address":"新市三路二段","facility_kind":"onstreet","symbol_text":null,"type_reference":"路邊停車格","type_confidence":0.6,"price_raw":null,"price_value":null,"capacity_total":1,"available_total":0,"occupied_total":1,"status_label":"已停","data_time":"2026-05-02 15:53:29+08:00","city_label":"新北市","facility_kind_label":"路邊車格","available_rate":0,"occupancy_rate":1,"price_tier":"unknown","price_tier_label":"價格未知"}},{"type":"Feature","geometry":{"type":"Point","coordinates":[121.436423,25.200561]},"properties":{"supply_id":"new_taipei-onstreet-121969","city":"new_taipei","district":"淡水區","display_name":"崁頂二路 車格 121969","address":"崁頂二路","facility_kind":"onstreet","symbol_text":null,"type_reference":"路邊停車格","type_confidence":0.6,"price_raw":null,"price_value":null,"capacity_total":1,"available_total":1,"occupied_total":0,"status_label":"空位","data_time":"2026-05-02 15:53:29+08:00","city_label":"新北市","facility_kind_label":"路邊車格","available_rate":1,"occupancy_rate":0,"price_tier":"unknown","price_tier_label":"價格未知"}},{"type":"Feature","geometry":{"type":"Point","coordinates":[121.4236,25.185809]},"properties":{"supply_id":"new_taipei-onstreet-148522","city":"new_taipei","district":"淡水區","display_name":"中正路二段152巷 車格 148522","address":"中正路二段152巷","facility_kind":"onstreet","symbol_text":null,"type_reference":"路邊停車格","type_confidence":0.6,"price_raw":null,"price_value":null,"capacity_total":1,"available_total":1,"occupied_total":0,"status_label":"空位","data_time":"2026-05-02 15:53:29+08:00","city_label":"新北市","facility_kind_label":"路邊車格","available_rate":1,"occupancy_rate":0,"price_tier":"unknown","price_tier_label":"價格未知"}},{"type":"Feature","geometry":{"type":"Point","coordinates":[121.438064,25.190053]},"properties":{"supply_id":"new_taipei-onstreet-111403","city":"new_taipei","district":"淡水區","display_name":"義山路一段 車格 111403","address":"義山路一段","facility_kind":"onstreet","symbol_text":null,"type_reference":"路邊停車格","type_confidence":0.6,"price_raw":null,"price_value":null,"capacity_total":1,"available_total":1,"occupied_total":0,"status_label":"空位","data_time":"2026-05-02 15:53:29+08:00","city_label":"新北市","facility_kind_label":"路邊車格","available_rate":1,"occupancy_rate":0,"price_tier":"unknown","price_tier_label":"價格未知"}},{"type":"Feature","geometry":{"type":"Point","coordinates":[121.436389,25.195576]},"properties":{"supply_id":"new_taipei-onstreet-24959","city":"new_taipei","district":"淡水區","display_name":"新市三路二段 車格 24959","address":"新市三路二段","facility_kind":"onstreet","symbol_text":null,"type_reference":"路邊停車格","type_confidence":0.6,"price_raw":null,"price_value":null,"capacity_total":1,"available_total":1,"occupied_total":0,"status_label":"空位","data_time":"2026-05-02 15:53:29+08:00","city_label":"新北市","facility_kind_label":"路邊車格","available_rate":1,"occupancy_rate":0,"price_tier":"unknown","price_tier_label":"價格未知"}},{"type":"Feature","geometry":{"type":"Point","coordinates":[121.436398,25.200413]},"properties":{"supply_id":"new_taipei-onstreet-121968","city":"new_taipei","district":"淡水區","display_name":"崁頂二路 車格 121968","address":"崁頂二路","facility_kind":"onstreet","symbol_text":null,"type_reference":"路邊停車格","type_confidence":0.6,"price_raw":null,"price_value":null,"capacity_total":1,"available_total":1,"occupied_total":0,"status_label":"空位","data_time":"2026-05-02 15:53:29+08:00","city_label":"新北市","facility_kind_label":"路邊車格","available_rate":1,"occupancy_rate":0,"price_tier":"unknown","price_tier_label":"價格未知"}},{"type":"Feature","geometry":{"type":"Point","coordinates":[121.42361,25.186003]},"properties":{"supply_id":"new_taipei-onstreet-148525","city":"new_taipei","district":"淡水區","display_name":"中正路二段152巷 車格 148525","address":"中正路二段152巷","facility_kind":"onstreet","symbol_text":null,"type_reference":"路邊停車格","type_confidence":0.6,"price_raw":null,"price_value":null,"capacity_total":1,"available_total":0,"occupied_total":1,"status_label":"已停","data_time":"2026-05-02 15:53:29+08:00","city_label":"新北市","facility_kind_label":"路邊車格","available_rate":0,"occupancy_rate":1,"price_tier":"unknown","price_tier_label":"價格未知"}},{"type":"Feature","geometry":{"type":"Point","coordinates":[121.412383,25.187654]},"properties":{"supply_id":"new_taipei-onstreet-144110","city":"new_taipei","district":"淡水區","display_name":"觀海路 車格 144110","address":"觀海路","facility_kind":"onstreet","symbol_text":null,"type_reference":"路邊停車格","type_confidence":0.6,"price_raw":null,"price_value":null,"capacity_total":1,"available_total":null,"occupied_total":null,"status_label":"不可用","data_time":"2026-05-02 15:53:29+08:00","city_label":"新北市","facility_kind_label":"路邊車格","available_rate":null,"occupancy_rate":null,"price_tier":"unknown","price_tier_label":"價格未知"}},{"type":"Feature","geometry":{"type":"Point","coordinates":[121.438179,25.1908]},"properties":{"supply_id":"new_taipei-onstreet-115392","city":"new_taipei","district":"淡水區","display_name":"義山路二段 車格 115392","address":"義山路二段","facility_kind":"onstreet","symbol_text":null,"type_reference":"路邊停車格","type_confidence":0.6,"price_raw":null,"price_value":null,"capacity_total":1,"available_total":1,"occupied_total":0,"status_label":"空位","data_time":"2026-05-02 15:53:29+08:00","city_label":"新北市","facility_kind_label":"路邊車格","available_rate":1,"occupancy_rate":0,"price_tier":"unknown","price_tier_label":"價格未知"}},{"type":"Feature","geometry":{"type":"Point","coordinates":[121.437214,25.195471]},"properties":{"supply_id":"new_taipei-onstreet-45403","city":"new_taipei","district":"淡水區","display_name":"新市三路二段 車格 45403","address":"新市三路二段","facility_kind":"onstreet","symbol_text":null,"type_reference":"路邊停車格","type_confidence":0.6,"price_raw":null,"price_value":null,"capacity_total":1,"available_total":1,"occupied_total":0,"status_label":"空位","data_time":"2026-05-02 15:53:29+08:00","city_label":"新北市","facility_kind_label":"路邊車格","available_rate":1,"occupancy_rate":0,"price_tier":"unknown","price_tier_label":"價格未知"}},{"type":"Feature","geometry":{"type":"Point","coordinates":[121.430659,25.184163]},"properties":{"supply_id":"new_taipei-onstreet-139663","city":"new_taipei","district":"淡水區","display_name":"大庄路 車格 139663","address":"大庄路","facility_kind":"onstreet","symbol_text":null,"type_reference":"路邊停車格","type_confidence":0.6,"price_raw":null,"price_value":null,"capacity_total":1,"available_total":1,"occupied_total":0,"status_label":"空位","data_time":"2026-05-02 15:53:29+08:00","city_label":"新北市","facility_kind_label":"路邊車格","available_rate":1,"occupancy_rate":0,"price_tier":"unknown","price_tier_label":"價格未知"}},{"type":"Feature","geometry":{"type":"Point","coordinates":[121.427979,25.198773]},"properties":{"supply_id":"new_taipei-onstreet-141602","city":"new_taipei","district":"淡水區","display_name":"後州路一段 車格 141602","address":"後州路一段","facility_kind":"onstreet","symbol_text":null,"type_reference":"路邊停車格","type_confidence":0.6,"price_raw":null,"price_value":null,"capacity_total":1,"available_total":0,"occupied_total":1,"status_label":"已停","data_time":"2026-05-02 15:53:29+08:00","city_label":"新北市","facility_kind_label":"路邊車格","available_rate":0,"occupancy_rate":1,"price_tier":"unknown","price_tier_label":"價格未知"}},{"type":"Feature","geometry":{"type":"Point","coordinates":[121.430519,25.184235]},"properties":{"supply_id":"new_taipei-onstreet-139657","city":"new_taipei","district":"淡水區","display_name":"大庄路 車格 139657","address":"大庄路","facility_kind":"onstreet","symbol_text":null,"type_reference":"路邊停車格","type_confidence":0.6,"price_raw":null,"price_value":null,"capacity_total":1,"available_total":0,"occupied_total":1,"status_label":"已停","data_time":"2026-05-02 15:53:29+08:00","city_label":"新北市","facility_kind_label":"路邊車格","available_rate":0,"occupancy_rate":1,"price_tier":"unknown","price_tier_label":"價格未知"}},{"type":"Feature","geometry":{"type":"Point","coordinates":[121.412438,25.187659]},"properties":{"supply_id":"new_taipei-onstreet-144109","city":"new_taipei","district":"淡水區","display_name":"觀海路 車格 144109","address":"觀海路","facility_kind":"onstreet","symbol_text":null,"type_reference":"路邊停車格","type_confidence":0.6,"price_raw":null,"price_value":null,"capacity_total":1,"available_total":null,"occupied_total":null,"status_label":"不可用","data_time":"2026-05-02 15:53:29+08:00","city_label":"新北市","facility_kind_label":"路邊車格","available_rate":null,"occupancy_rate":null,"price_tier":"unknown","price_tier_label":"價格未知"}},{"type":"Feature","geometry":{"type":"Point","coordinates":[121.451096,25.165734]},"properties":{"supply_id":"new_taipei-onstreet-99709","city":"new_taipei","district":"淡水區","display_name":"中正東路一段3巷 車格 99709","address":"中正東路一段3巷","facility_kind":"onstreet","symbol_text":null,"type_reference":"路邊停車格","type_confidence":0.6,"price_raw":null,"price_value":null,"capacity_total":1,"available_total":1,"occupied_total":0,"status_label":"空位","data_time":"2026-05-02 15:53:29+08:00","city_label":"新北市","facility_kind_label":"路邊車格","available_rate":1,"occupancy_rate":0,"price_tier":"unknown","price_tier_label":"價格未知"}},{"type":"Feature","geometry":{"type":"Point","coordinates":[121.412329,25.187649]},"properties":{"supply_id":"new_taipei-onstreet-144111","city":"new_taipei","district":"淡水區","display_name":"觀海路 車格 144111","address":"觀海路","facility_kind":"onstreet","symbol_text":null,"type_reference":"路邊停車格","type_confidence":0.6,"price_raw":null,"price_value":null,"capacity_total":1,"available_total":null,"occupied_total":null,"status_label":"不可用","data_time":"2026-05-02 15:53:29+08:00","city_label":"新北市","facility_kind_label":"路邊車格","available_rate":null,"occupancy_rate":null,"price_tier":"unknown","price_tier_label":"價格未知"}},{"type":"Feature","geometry":{"type":"Point","coordinates":[121.450939,25.165426]},"properties":{"supply_id":"new_taipei-onstreet-88857","city":"new_taipei","district":"淡水區","display_name":"中正東路一段3巷 車格 88857","address":"中正東路一段3巷","facility_kind":"onstreet","symbol_text":null,"type_reference":"路邊停車格","type_confidence":0.6,"price_raw":null,"price_value":null,"capacity_total":1,"available_total":0,"occupied_total":1,"status_label":"已停","data_time":"2026-05-02 15:53:29+08:00","city_label":"新北市","facility_kind_label":"路邊車格","available_rate":0,"occupancy_rate":1,"price_tier":"unknown","price_tier_label":"價格未知"}},{"type":"Feature","geometry":{"type":"Point","coordinates":[121.436185,25.200283]},"properties":{"supply_id":"new_taipei-onstreet-121962","city":"new_taipei","district":"淡水區","display_name":"崁頂二路 車格 121962","address":"崁頂二路","facility_kind":"onstreet","symbol_text":null,"type_reference":"路邊停車格","type_confidence":0.6,"price_raw":null,"price_value":null,"capacity_total":1,"available_total":1,"occupied_total":0,"status_label":"空位","data_time":"2026-05-02 15:53:29+08:00","city_label":"新北市","facility_kind_label":"路邊車格","available_rate":1,"occupancy_rate":0,"price_tier":"unknown","price_tier_label":"價格未知"}},{"type":"Feature","geometry":{"type":"Point","coordinates":[121.430708,25.18414]},"properties":{"supply_id":"new_taipei-onstreet-139667","city":"new_taipei","district":"淡水區","display_name":"大庄路 車格 139667","address":"大庄路","facility_kind":"onstreet","symbol_text":null,"type_reference":"路邊停車格","type_confidence":0.6,"price_raw":null,"price_value":null,"capacity_total":1,"available_total":0,"occupied_total":1,"status_label":"已停","data_time":"2026-05-02 15:53:29+08:00","city_label":"新北市","facility_kind_label":"路邊車格","available_rate":0,"occupancy_rate":1,"price_tier":"unknown","price_tier_label":"價格未知"}},{"type":"Feature","geometry":{"type":"Point","coordinates":[121.428002,25.198823]},"properties":{"supply_id":"new_taipei-onstreet-141601","city":"new_taipei","district":"淡水區","display_name":"後州路一段 車格 141601","address":"後州路一段","facility_kind":"onstreet","symbol_text":null,"type_reference":"路邊停車格","type_confidence":0.6,"price_raw":null,"price_value":null,"capacity_total":1,"available_total":1,"occupied_total":0,"status_label":"空位","data_time":"2026-05-02 15:53:29+08:00","city_label":"新北市","facility_kind_label":"路邊車格","available_rate":1,"occupancy_rate":0,"price_tier":"unknown","price_tier_label":"價格未知"}},{"type":"Feature","geometry":{"type":"Point","coordinates":[121.436414,25.200512]},"properties":{"supply_id":"new_taipei-onstreet-121974","city":"new_taipei","district":"淡水區","display_name":"崁頂二路 車格 121974","address":"崁頂二路","facility_kind":"onstreet","symbol_text":null,"type_reference":"路邊停車格","type_confidence":0.6,"price_raw":null,"price_value":null,"capacity_total":1,"available_total":0,"occupied_total":1,"status_label":"已停","data_time":"2026-05-02 15:53:29+08:00","city_label":"新北市","facility_kind_label":"路邊車格","available_rate":0,"occupancy_rate":1,"price_tier":"unknown","price_tier_label":"價格未知"}},{"type":"Feature","geometry":{"type":"Point","coordinates":[121.427933,25.198673]},"properties":{"supply_id":"new_taipei-onstreet-141603","city":"new_taipei","district":"淡水區","display_name":"後州路一段 車格 141603","address":"後州路一段","facility_kind":"onstreet","symbol_text":null,"type_reference":"路邊停車格","type_confidence":0.6,"price_raw":null,"price_value":null,"capacity_total":1,"available_total":1,"occupied_total":0,"status_label":"空位","data_time":"2026-05-02 15:53:29+08:00","city_label":"新北市","facility_kind_label":"路邊車格","available_rate":1,"occupancy_rate":0,"price_tier":"unknown","price_tier_label":"價格未知"}},{"type":"Feature","geometry":{"type":"Point","coordinates":[121.423606,25.185903]},"properties":{"supply_id":"new_taipei-onstreet-148523","city":"new_taipei","district":"淡水區","display_name":"中正路二段152巷 車格 148523","address":"中正路二段152巷","facility_kind":"onstreet","symbol_text":null,"type_reference":"路邊停車格","type_confidence":0.6,"price_raw":null,"price_value":null,"capacity_total":1,"available_total":1,"occupied_total":0,"status_label":"空位","data_time":"2026-05-02 15:53:29+08:00","city_label":"新北市","facility_kind_label":"路邊車格","available_rate":1,"occupancy_rate":0,"price_tier":"unknown","price_tier_label":"價格未知"}},{"type":"Feature","geometry":{"type":"Point","coordinates":[121.437377,25.19545]},"properties":{"supply_id":"new_taipei-onstreet-24964","city":"new_taipei","district":"淡水區","display_name":"新市三路二段 車格 24964","address":"新市三路二段","facility_kind":"onstreet","symbol_text":null,"type_reference":"路邊停車格","type_confidence":0.6,"price_raw":null,"price_value":null,"capacity_total":1,"available_total":1,"occupied_total":0,"status_label":"空位","data_time":"2026-05-02 15:53:29+08:00","city_label":"新北市","facility_kind_label":"路邊車格","available_rate":1,"occupancy_rate":0,"price_tier":"unknown","price_tier_label":"價格未知"}},{"type":"Feature","geometry":{"type":"Point","coordinates":[121.412166,25.187634]},"properties":{"supply_id":"new_taipei-onstreet-144114","city":"new_taipei","district":"淡水區","display_name":"觀海路 車格 144114","address":"觀海路","facility_kind":"onstreet","symbol_text":null,"type_reference":"路邊停車格","type_confidence":0.6,"price_raw":null,"price_value":null,"capacity_total":1,"available_total":null,"occupied_total":null,"status_label":"不可用","data_time":"2026-05-02 15:53:29+08:00","city_label":"新北市","facility_kind_label":"路邊車格","available_rate":null,"occupancy_rate":null,"price_tier":"unknown","price_tier_label":"價格未知"}},{"type":"Feature","geometry":{"type":"Point","coordinates":[121.412112,25.187629]},"properties":{"supply_id":"new_taipei-onstreet-144147","city":"new_taipei","district":"淡水區","display_name":"觀海路 車格 144147","address":"觀海路","facility_kind":"onstreet","symbol_text":null,"type_reference":"路邊停車格","type_confidence":0.6,"price_raw":null,"price_value":null,"capacity_total":1,"available_total":null,"occupied_total":null,"status_label":"不可用","data_time":"2026-05-02 15:53:29+08:00","city_label":"新北市","facility_kind_label":"路邊車格","available_rate":null,"occupancy_rate":null,"price_tier":"unknown","price_tier_label":"價格未知"}},{"type":"Feature","geometry":{"type":"Point","coordinates":[121.438171,25.190751]},"properties":{"supply_id":"new_taipei-onstreet-115393","city":"new_taipei","district":"淡水區","display_name":"義山路二段 車格 115393","address":"義山路二段","facility_kind":"onstreet","symbol_text":null,"type_reference":"路邊停車格","type_confidence":0.6,"price_raw":null,"price_value":null,"capacity_total":1,"available_total":1,"occupied_total":0,"status_label":"空位","data_time":"2026-05-02 15:53:29+08:00","city_label":"新北市","facility_kind_label":"路邊車格","available_rate":1,"occupancy_rate":0,"price_tier":"unknown","price_tier_label":"價格未知"}},{"type":"Feature","geometry":{"type":"Point","coordinates":[121.436497,25.195562]},"properties":{"supply_id":"new_taipei-onstreet-24961","city":"new_taipei","district":"淡水區","display_name":"新市三路二段 車格 24961","address":"新市三路二段","facility_kind":"onstreet","symbol_text":null,"type_reference":"路邊停車格","type_confidence":0.6,"price_raw":null,"price_value":null,"capacity_total":1,"available_total":1,"occupied_total":0,"status_label":"空位","data_time":"2026-05-02 15:53:29+08:00","city_label":"新北市","facility_kind_label":"路邊車格","available_rate":1,"occupancy_rate":0,"price_tier":"unknown","price_tier_label":"價格未知"}},{"type":"Feature","geometry":{"type":"Point","coordinates":[121.437322,25.195457]},"properties":{"supply_id":"new_taipei-onstreet-24967","city":"new_taipei","district":"淡水區","display_name":"新市三路二段 車格 24967","address":"新市三路二段","facility_kind":"onstreet","symbol_text":null,"type_reference":"路邊停車格","type_confidence":0.6,"price_raw":null,"price_value":null,"capacity_total":1,"available_total":1,"occupied_total":0,"status_label":"空位","data_time":"2026-05-02 15:53:29+08:00","city_label":"新北市","facility_kind_label":"路邊車格","available_rate":1,"occupancy_rate":0,"price_tier":"unknown","price_tier_label":"價格未知"}},{"type":"Feature","geometry":{"type":"Point","coordinates":[121.430756,25.184117]},"properties":{"supply_id":"new_taipei-onstreet-139666","city":"new_taipei","district":"淡水區","display_name":"大庄路 車格 139666","address":"大庄路","facility_kind":"onstreet","symbol_text":null,"type_reference":"路邊停車格","type_confidence":0.6,"price_raw":null,"price_value":null,"capacity_total":1,"available_total":1,"occupied_total":0,"status_label":"空位","data_time":"2026-05-02 15:53:29+08:00","city_label":"新北市","facility_kind_label":"路邊車格","available_rate":1,"occupancy_rate":0,"price_tier":"unknown","price_tier_label":"價格未知"}},{"type":"Feature","geometry":{"type":"Point","coordinates":[121.428025,25.198873]},"properties":{"supply_id":"new_taipei-onstreet-141599","city":"new_taipei","district":"淡水區","display_name":"後州路一段 車格 141599","address":"後州路一段","facility_kind":"onstreet","symbol_text":null,"type_reference":"路邊停車格","type_confidence":0.6,"price_raw":null,"price_value":null,"capacity_total":1,"available_total":0,"occupied_total":1,"status_label":"已停","data_time":"2026-05-02 15:53:29+08:00","city_label":"新北市","facility_kind_label":"路邊車格","available_rate":0,"occupancy_rate":1,"price_tier":"unknown","price_tier_label":"價格未知"}},{"type":"Feature","geometry":{"type":"Point","coordinates":[121.436168,25.200185]},"properties":{"supply_id":"new_taipei-onstreet-121966","city":"new_taipei","district":"淡水區","display_name":"崁頂二路 車格 121966","address":"崁頂二路","facility_kind":"onstreet","symbol_text":null,"type_reference":"路邊停車格","type_confidence":0.6,"price_raw":null,"price_value":null,"capacity_total":1,"available_total":1,"occupied_total":0,"status_label":"空位","data_time":"2026-05-02 15:53:29+08:00","city_label":"新北市","facility_kind_label":"路邊車格","available_rate":1,"occupancy_rate":0,"price_tier":"unknown","price_tier_label":"價格未知"}},{"type":"Feature","geometry":{"type":"Point","coordinates":[121.450995,25.165521]},"properties":{"supply_id":"new_taipei-onstreet-88866","city":"new_taipei","district":"淡水區","display_name":"中正東路一段3巷 車格 88866","address":"中正東路一段3巷","facility_kind":"onstreet","symbol_text":null,"type_reference":"路邊停車格","type_confidence":0.6,"price_raw":null,"price_value":null,"capacity_total":1,"available_total":1,"occupied_total":0,"status_label":"空位","data_time":"2026-05-02 15:53:29+08:00","city_label":"新北市","facility_kind_label":"路邊車格","available_rate":1,"occupancy_rate":0,"price_tier":"unknown","price_tier_label":"價格未知"}},{"type":"Feature","geometry":{"type":"Point","coordinates":[121.430901,25.184048]},"properties":{"supply_id":"new_taipei-onstreet-139671","city":"new_taipei","district":"淡水區","display_name":"大庄路 車格 139671","address":"大庄路","facility_kind":"onstreet","symbol_text":null,"type_reference":"路邊停車格","type_confidence":0.6,"price_raw":null,"price_value":null,"capacity_total":1,"available_total":0,"occupied_total":1,"status_label":"已停","data_time":"2026-05-02 15:53:29+08:00","city_label":"新北市","facility_kind_label":"路邊車格","available_rate":0,"occupancy_rate":1,"price_tier":"unknown","price_tier_label":"價格未知"}},{"type":"Feature","geometry":{"type":"Point","coordinates":[121.411464,25.187567]},"properties":{"supply_id":"new_taipei-onstreet-144115","city":"new_taipei","district":"淡水區","display_name":"觀海路 車格 144115","address":"觀海路","facility_kind":"onstreet","symbol_text":null,"type_reference":"路邊停車格","type_confidence":0.6,"price_raw":null,"price_value":null,"capacity_total":1,"available_total":null,"occupied_total":null,"status_label":"不可用","data_time":"2026-05-02 15:53:29+08:00","city_label":"新北市","facility_kind_label":"路邊車格","available_rate":null,"occupancy_rate":null,"price_tier":"unknown","price_tier_label":"價格未知"}},{"type":"Feature","geometry":{"type":"Point","coordinates":[121.450911,25.165378]},"properties":{"supply_id":"new_taipei-onstreet-88850","city":"new_taipei","district":"淡水區","display_name":"中正東路一段3巷 車格 88850","address":"中正東路一段3巷","facility_kind":"onstreet","symbol_text":null,"type_reference":"路邊停車格","type_confidence":0.6,"price_raw":null,"price_value":null,"capacity_total":1,"available_total":1,"occupied_total":0,"status_label":"空位","data_time":"2026-05-02 15:53:29+08:00","city_label":"新北市","facility_kind_label":"路邊車格","available_rate":1,"occupancy_rate":0,"price_tier":"unknown","price_tier_label":"價格未知"}},{"type":"Feature","geometry":{"type":"Point","coordinates":[121.436431,25.20061]},"properties":{"supply_id":"new_taipei-onstreet-121970","city":"new_taipei","district":"淡水區","display_name":"崁頂二路 車格 121970","address":"崁頂二路","facility_kind":"onstreet","symbol_text":null,"type_reference":"路邊停車格","type_confidence":0.6,"price_raw":null,"price_value":null,"capacity_total":1,"available_total":1,"occupied_total":0,"status_label":"空位","data_time":"2026-05-02 15:53:29+08:00","city_label":"新北市","facility_kind_label":"路邊車格","available_rate":1,"occupancy_rate":0,"price_tier":"unknown","price_tier_label":"價格未知"}},{"type":"Feature","geometry":{"type":"Point","coordinates":[121.430804,25.184094]},"properties":{"supply_id":"new_taipei-onstreet-139670","city":"new_taipei","district":"淡水區","display_name":"大庄路 車格 139670","address":"大庄路","facility_kind":"onstreet","symbol_text":null,"type_reference":"路邊停車格","type_confidence":0.6,"price_raw":null,"price_value":null,"capacity_total":1,"available_total":1,"occupied_total":0,"status_label":"空位","data_time":"2026-05-02 15:53:29+08:00","city_label":"新北市","facility_kind_label":"路邊車格","available_rate":1,"occupancy_rate":0,"price_tier":"unknown","price_tier_label":"價格未知"}},{"type":"Feature","geometry":{"type":"Point","coordinates":[121.428048,25.198923]},"properties":{"supply_id":"new_taipei-onstreet-141605","city":"new_taipei","district":"淡水區","display_name":"後州路一段 車格 141605","address":"後州路一段","facility_kind":"onstreet","symbol_text":null,"type_reference":"路邊停車格","type_confidence":0.6,"price_raw":null,"price_value":null,"capacity_total":1,"available_total":1,"occupied_total":0,"status_label":"空位","data_time":"2026-05-02 15:53:29+08:00","city_label":"新北市","facility_kind_label":"路邊車格","available_rate":1,"occupancy_rate":0,"price_tier":"unknown","price_tier_label":"價格未知"}},{"type":"Feature","geometry":{"type":"Point","coordinates":[121.450967,25.165474]},"properties":{"supply_id":"new_taipei-onstreet-88858","city":"new_taipei","district":"淡水區","display_name":"中正東路一段3巷 車格 88858","address":"中正東路一段3巷","facility_kind":"onstreet","symbol_text":null,"type_reference":"路邊停車格","type_confidence":0.6,"price_raw":null,"price_value":null,"capacity_total":1,"available_total":1,"occupied_total":0,"status_label":"空位","data_time":"2026-05-02 15:53:29+08:00","city_label":"新北市","facility_kind_label":"路邊車格","available_rate":1,"occupancy_rate":0,"price_tier":"unknown","price_tier_label":"價格未知"}},{"type":"Feature","geometry":{"type":"Point","coordinates":[121.412275,25.187644]},"properties":{"supply_id":"new_taipei-onstreet-144112","city":"new_taipei","district":"淡水區","display_name":"觀海路 車格 144112","address":"觀海路","facility_kind":"onstreet","symbol_text":null,"type_reference":"路邊停車格","type_confidence":0.6,"price_raw":null,"price_value":null,"capacity_total":1,"available_total":null,"occupied_total":null,"status_label":"不可用","data_time":"2026-05-02 15:53:29+08:00","city_label":"新北市","facility_kind_label":"路邊車格","available_rate":null,"occupancy_rate":null,"price_tier":"unknown","price_tier_label":"價格未知"}},{"type":"Feature","geometry":{"type":"Point","coordinates":[121.43616,25.200136]},"properties":{"supply_id":"new_taipei-onstreet-121965","city":"new_taipei","district":"淡水區","display_name":"崁頂二路 車格 121965","address":"崁頂二路","facility_kind":"onstreet","symbol_text":null,"type_reference":"路邊停車格","type_confidence":0.6,"price_raw":null,"price_value":null,"capacity_total":1,"available_total":1,"occupied_total":0,"status_label":"空位","data_time":"2026-05-02 15:53:29+08:00","city_label":"新北市","facility_kind_label":"路邊車格","available_rate":1,"occupancy_rate":0,"price_tier":"unknown","price_tier_label":"價格未知"}},{"type":"Feature","geometry":{"type":"Point","coordinates":[121.430853,25.184071]},"properties":{"supply_id":"new_taipei-onstreet-139669","city":"new_taipei","district":"淡水區","display_name":"大庄路 車格 139669","address":"大庄路","facility_kind":"onstreet","symbol_text":null,"type_reference":"路邊停車格","type_confidence":0.6,"price_raw":null,"price_value":null,"capacity_total":1,"available_total":1,"occupied_total":0,"status_label":"空位","data_time":"2026-05-02 15:53:29+08:00","city_label":"新北市","facility_kind_label":"路邊車格","available_rate":1,"occupancy_rate":0,"price_tier":"unknown","price_tier_label":"價格未知"}},{"type":"Feature","geometry":{"type":"Point","coordinates":[121.42807,25.198973]},"properties":{"supply_id":"new_taipei-onstreet-141606","city":"new_taipei","district":"淡水區","display_name":"後州路一段 車格 141606","address":"後州路一段","facility_kind":"onstreet","symbol_text":null,"type_reference":"路邊停車格","type_confidence":0.6,"price_raw":null,"price_value":null,"capacity_total":1,"available_total":1,"occupied_total":0,"status_label":"空位","data_time":"2026-05-02 15:53:29+08:00","city_label":"新北市","facility_kind_label":"路邊車格","available_rate":1,"occupancy_rate":0,"price_tier":"unknown","price_tier_label":"價格未知"}},{"type":"Feature","geometry":{"type":"Point","coordinates":[121.436151,25.200087]},"properties":{"supply_id":"new_taipei-onstreet-121960","city":"new_taipei","district":"淡水區","display_name":"崁頂二路 車格 121960","address":"崁頂二路","facility_kind":"onstreet","symbol_text":null,"type_reference":"路邊停車格","type_confidence":0.6,"price_raw":null,"price_value":null,"capacity_total":1,"available_total":0,"occupied_total":1,"status_label":"已停","data_time":"2026-05-02 15:53:29+08:00","city_label":"新北市","facility_kind_label":"路邊車格","available_rate":0,"occupancy_rate":1,"price_tier":"unknown","price_tier_label":"價格未知"}},{"type":"Feature","geometry":{"type":"Point","coordinates":[121.428311,25.199499]},"properties":{"supply_id":"new_taipei-onstreet-141609","city":"new_taipei","district":"淡水區","display_name":"後州路一段 車格 141609","address":"後州路一段","facility_kind":"onstreet","symbol_text":null,"type_reference":"路邊停車格","type_confidence":0.6,"price_raw":null,"price_value":null,"capacity_total":1,"available_total":1,"occupied_total":0,"status_label":"空位","data_time":"2026-05-02 15:53:29+08:00","city_label":"新北市","facility_kind_label":"路邊車格","available_rate":1,"occupancy_rate":0,"price_tier":"unknown","price_tier_label":"價格未知"}},{"type":"Feature","geometry":{"type":"Point","coordinates":[121.436177,25.200234]},"properties":{"supply_id":"new_taipei-onstreet-121961","city":"new_taipei","district":"淡水區","display_name":"崁頂二路 車格 121961","address":"崁頂二路","facility_kind":"onstreet","symbol_text":null,"type_reference":"路邊停車格","type_confidence":0.6,"price_raw":null,"price_value":null,"capacity_total":1,"available_total":0,"occupied_total":1,"status_label":"已停","data_time":"2026-05-02 15:53:29+08:00","city_label":"新北市","facility_kind_label":"路邊車格","available_rate":0,"occupancy_rate":1,"price_tier":"unknown","price_tier_label":"價格未知"}},{"type":"Feature","geometry":{"type":"Point","coordinates":[121.438186,25.190849]},"properties":{"supply_id":"new_taipei-onstreet-142315","city":"new_taipei","district":"淡水區","display_name":"義山路二段 車格 142315","address":"義山路二段","facility_kind":"onstreet","symbol_text":null,"type_reference":"路邊停車格","type_confidence":0.6,"price_raw":null,"price_value":null,"capacity_total":1,"available_total":1,"occupied_total":0,"status_label":"空位","data_time":"2026-05-02 15:53:29+08:00","city_label":"新北市","facility_kind_label":"路邊車格","available_rate":1,"occupancy_rate":0,"price_tier":"unknown","price_tier_label":"價格未知"}},{"type":"Feature","geometry":{"type":"Point","coordinates":[121.437268,25.195464]},"properties":{"supply_id":"new_taipei-onstreet-24963","city":"new_taipei","district":"淡水區","display_name":"新市三路二段 車格 24963","address":"新市三路二段","facility_kind":"onstreet","symbol_text":null,"type_reference":"路邊停車格","type_confidence":0.6,"price_raw":null,"price_value":null,"capacity_total":1,"available_total":1,"occupied_total":0,"status_label":"空位","data_time":"2026-05-02 15:53:29+08:00","city_label":"新北市","facility_kind_label":"路邊車格","available_rate":1,"occupancy_rate":0,"price_tier":"unknown","price_tier_label":"價格未知"}},{"type":"Feature","geometry":{"type":"Point","coordinates":[121.438202,25.195347]},"properties":{"supply_id":"new_taipei-onstreet-121980","city":"new_taipei","district":"淡水區","display_name":"新市三路二段 車格 121980","address":"新市三路二段","facility_kind":"onstreet","symbol_text":null,"type_reference":"路邊停車格","type_confidence":0.6,"price_raw":null,"price_value":null,"capacity_total":1,"available_total":1,"occupied_total":0,"status_label":"空位","data_time":"2026-05-02 15:53:29+08:00","city_label":"新北市","facility_kind_label":"路邊車格","available_rate":1,"occupancy_rate":0,"price_tier":"unknown","price_tier_label":"價格未知"}},{"type":"Feature","geometry":{"type":"Point","coordinates":[121.411301,25.187551]},"properties":{"supply_id":"new_taipei-onstreet-144118","city":"new_taipei","district":"淡水區","display_name":"觀海路 車格 144118","address":"觀海路","facility_kind":"onstreet","symbol_text":null,"type_reference":"路邊停車格","type_confidence":0.6,"price_raw":null,"price_value":null,"capacity_total":1,"available_total":null,"occupied_total":null,"status_label":"不可用","data_time":"2026-05-02 15:53:29+08:00","city_label":"新北市","facility_kind_label":"路邊車格","available_rate":null,"occupancy_rate":null,"price_tier":"unknown","price_tier_label":"價格未知"}},{"type":"Feature","geometry":{"type":"Point","coordinates":[121.438094,25.195361]},"properties":{"supply_id":"new_taipei-onstreet-121977","city":"new_taipei","district":"淡水區","display_name":"新市三路二段 車格 121977","address":"新市三路二段","facility_kind":"onstreet","symbol_text":null,"type_reference":"路邊停車格","type_confidence":0.6,"price_raw":null,"price_value":null,"capacity_total":1,"available_total":1,"occupied_total":0,"status_label":"空位","data_time":"2026-05-02 15:53:29+08:00","city_label":"新北市","facility_kind_label":"路邊車格","available_rate":1,"occupancy_rate":0,"price_tier":"unknown","price_tier_label":"價格未知"}},{"type":"Feature","geometry":{"type":"Point","coordinates":[121.412221,25.187639]},"properties":{"supply_id":"new_taipei-onstreet-144113","city":"new_taipei","district":"淡水區","display_name":"觀海路 車格 144113","address":"觀海路","facility_kind":"onstreet","symbol_text":null,"type_reference":"路邊停車格","type_confidence":0.6,"price_raw":null,"price_value":null,"capacity_total":1,"available_total":null,"occupied_total":null,"status_label":"不可用","data_time":"2026-05-02 15:53:29+08:00","city_label":"新北市","facility_kind_label":"路邊車格","available_rate":null,"occupancy_rate":null,"price_tier":"unknown","price_tier_label":"價格未知"}},{"type":"Feature","geometry":{"type":"Point","coordinates":[121.438256,25.19534]},"properties":{"supply_id":"new_taipei-onstreet-121981","city":"new_taipei","district":"淡水區","display_name":"新市三路二段 車格 121981","address":"新市三路二段","facility_kind":"onstreet","symbol_text":null,"type_reference":"路邊停車格","type_confidence":0.6,"price_raw":null,"price_value":null,"capacity_total":1,"available_total":1,"occupied_total":0,"status_label":"空位","data_time":"2026-05-02 15:53:29+08:00","city_label":"新北市","facility_kind_label":"路邊車格","available_rate":1,"occupancy_rate":0,"price_tier":"unknown","price_tier_label":"價格未知"}},{"type":"Feature","geometry":{"type":"Point","coordinates":[121.411247,25.187546]},"properties":{"supply_id":"new_taipei-onstreet-144119","city":"new_taipei","district":"淡水區","display_name":"觀海路 車格 144119","address":"觀海路","facility_kind":"onstreet","symbol_text":null,"type_reference":"路邊停車格","type_confidence":0.6,"price_raw":null,"price_value":null,"capacity_total":1,"available_total":null,"occupied_total":null,"status_label":"不可用","data_time":"2026-05-02 15:53:29+08:00","city_label":"新北市","facility_kind_label":"路邊車格","available_rate":null,"occupancy_rate":null,"price_tier":"unknown","price_tier_label":"價格未知"}},{"type":"Feature","geometry":{"type":"Point","coordinates":[121.431055,25.183971]},"properties":{"supply_id":"new_taipei-onstreet-139673","city":"new_taipei","district":"淡水區","display_name":"大庄路 車格 139673","address":"大庄路","facility_kind":"onstreet","symbol_text":null,"type_reference":"路邊停車格","type_confidence":0.6,"price_raw":null,"price_value":null,"capacity_total":1,"available_total":1,"occupied_total":0,"status_label":"空位","data_time":"2026-05-02 15:53:29+08:00","city_label":"新北市","facility_kind_label":"路邊車格","available_rate":1,"occupancy_rate":0,"price_tier":"unknown","price_tier_label":"價格未知"}},{"type":"Feature","geometry":{"type":"Point","coordinates":[121.411356,25.187556]},"properties":{"supply_id":"new_taipei-onstreet-144117","city":"new_taipei","district":"淡水區","display_name":"觀海路 車格 144117","address":"觀海路","facility_kind":"onstreet","symbol_text":null,"type_reference":"路邊停車格","type_confidence":0.6,"price_raw":null,"price_value":null,"capacity_total":1,"available_total":null,"occupied_total":null,"status_label":"不可用","data_time":"2026-05-02 15:53:29+08:00","city_label":"新北市","facility_kind_label":"路邊車格","available_rate":null,"occupancy_rate":null,"price_tier":"unknown","price_tier_label":"價格未知"}},{"type":"Feature","geometry":{"type":"Point","coordinates":[121.43095,25.184025]},"properties":{"supply_id":"new_taipei-onstreet-139668","city":"new_taipei","district":"淡水區","display_name":"大庄路 車格 139668","address":"大庄路","facility_kind":"onstreet","symbol_text":null,"type_reference":"路邊停車格","type_confidence":0.6,"price_raw":null,"price_value":null,"capacity_total":1,"available_total":1,"occupied_total":0,"status_label":"空位","data_time":"2026-05-02 15:53:29+08:00","city_label":"新北市","facility_kind_label":"路邊車格","available_rate":1,"occupancy_rate":0,"price_tier":"unknown","price_tier_label":"價格未知"}},{"type":"Feature","geometry":{"type":"Point","coordinates":[121.428334,25.199549]},"properties":{"supply_id":"new_taipei-onstreet-141610","city":"new_taipei","district":"淡水區","display_name":"後州路一段 車格 141610","address":"後州路一段","facility_kind":"onstreet","symbol_text":null,"type_reference":"路邊停車格","type_confidence":0.6,"price_raw":null,"price_value":null,"capacity_total":1,"available_total":1,"occupied_total":0,"status_label":"空位","data_time":"2026-05-02 15:53:29+08:00","city_label":"新北市","facility_kind_label":"路邊車格","available_rate":1,"occupancy_rate":0,"price_tier":"unknown","price_tier_label":"價格未知"}},{"type":"Feature","geometry":{"type":"Point","coordinates":[121.437485,25.195437]},"properties":{"supply_id":"new_taipei-onstreet-24968","city":"new_taipei","district":"淡水區","display_name":"新市三路二段 車格 24968","address":"新市三路二段","facility_kind":"onstreet","symbol_text":null,"type_reference":"路邊停車格","type_confidence":0.6,"price_raw":null,"price_value":null,"capacity_total":1,"available_total":1,"occupied_total":0,"status_label":"空位","data_time":"2026-05-02 15:53:29+08:00","city_label":"新北市","facility_kind_label":"路邊車格","available_rate":1,"occupancy_rate":0,"price_tier":"unknown","price_tier_label":"價格未知"}},{"type":"Feature","geometry":{"type":"Point","coordinates":[121.437431,25.195444]},"properties":{"supply_id":"new_taipei-onstreet-24969","city":"new_taipei","district":"淡水區","display_name":"新市三路二段 車格 24969","address":"新市三路二段","facility_kind":"onstreet","symbol_text":null,"type_reference":"路邊停車格","type_confidence":0.6,"price_raw":null,"price_value":null,"capacity_total":1,"available_total":1,"occupied_total":0,"status_label":"空位","data_time":"2026-05-02 15:53:29+08:00","city_label":"新北市","facility_kind_label":"路邊車格","available_rate":1,"occupancy_rate":0,"price_tier":"unknown","price_tier_label":"價格未知"}},{"type":"Feature","geometry":{"type":"Point","coordinates":[121.431248,25.183879]},"properties":{"supply_id":"new_taipei-onstreet-139679","city":"new_taipei","district":"淡水區","display_name":"大庄路 車格 139679","address":"大庄路","facility_kind":"onstreet","symbol_text":null,"type_reference":"路邊停車格","type_confidence":0.6,"price_raw":null,"price_value":null,"capacity_total":1,"available_total":0,"occupied_total":1,"status_label":"已停","data_time":"2026-05-02 15:53:29+08:00","city_label":"新北市","facility_kind_label":"路邊車格","available_rate":0,"occupancy_rate":1,"price_tier":"unknown","price_tier_label":"價格未知"}},{"type":"Feature","geometry":{"type":"Point","coordinates":[121.436039,25.199432]},"properties":{"supply_id":"new_taipei-onstreet-121948","city":"new_taipei","district":"淡水區","display_name":"崁頂二路 車格 121948","address":"崁頂二路","facility_kind":"onstreet","symbol_text":null,"type_reference":"路邊停車格","type_confidence":0.6,"price_raw":null,"price_value":null,"capacity_total":1,"available_total":0,"occupied_total":1,"status_label":"已停","data_time":"2026-05-02 15:53:29+08:00","city_label":"新北市","facility_kind_label":"路邊車格","available_rate":0,"occupancy_rate":1,"price_tier":"unknown","price_tier_label":"價格未知"}},{"type":"Feature","geometry":{"type":"Point","coordinates":[121.41141,25.187561]},"properties":{"supply_id":"new_taipei-onstreet-144116","city":"new_taipei","district":"淡水區","display_name":"觀海路 車格 144116","address":"觀海路","facility_kind":"onstreet","symbol_text":null,"type_reference":"路邊停車格","type_confidence":0.6,"price_raw":null,"price_value":null,"capacity_total":1,"available_total":null,"occupied_total":null,"status_label":"不可用","data_time":"2026-05-02 15:53:29+08:00","city_label":"新北市","facility_kind_label":"路邊車格","available_rate":null,"occupancy_rate":null,"price_tier":"unknown","price_tier_label":"價格未知"}},{"type":"Feature","geometry":{"type":"Point","coordinates":[121.438148,25.195354]},"properties":{"supply_id":"new_taipei-onstreet-121979","city":"new_taipei","district":"淡水區","display_name":"新市三路二段 車格 121979","address":"新市三路二段","facility_kind":"onstreet","symbol_text":null,"type_reference":"路邊停車格","type_confidence":0.6,"price_raw":null,"price_value":null,"capacity_total":1,"available_total":1,"occupied_total":0,"status_label":"空位","data_time":"2026-05-02 15:53:29+08:00","city_label":"新北市","facility_kind_label":"路邊車格","available_rate":1,"occupancy_rate":0,"price_tier":"unknown","price_tier_label":"價格未知"}},{"type":"Feature","geometry":{"type":"Point","coordinates":[121.436143,25.200038]},"properties":{"supply_id":"new_taipei-onstreet-121967","city":"new_taipei","district":"淡水區","display_name":"崁頂二路 車格 121967","address":"崁頂二路","facility_kind":"onstreet","symbol_text":null,"type_reference":"路邊停車格","type_confidence":0.6,"price_raw":null,"price_value":null,"capacity_total":1,"available_total":1,"occupied_total":0,"status_label":"空位","data_time":"2026-05-02 15:53:29+08:00","city_label":"新北市","facility_kind_label":"路邊車格","available_rate":1,"occupancy_rate":0,"price_tier":"unknown","price_tier_label":"價格未知"}},{"type":"Feature","geometry":{"type":"Point","coordinates":[121.436064,25.199579]},"properties":{"supply_id":"new_taipei-onstreet-121947","city":"new_taipei","district":"淡水區","display_name":"崁頂二路 車格 121947","address":"崁頂二路","facility_kind":"onstreet","symbol_text":null,"type_reference":"路邊停車格","type_confidence":0.6,"price_raw":null,"price_value":null,"capacity_total":1,"available_total":1,"occupied_total":0,"status_label":"空位","data_time":"2026-05-02 15:53:29+08:00","city_label":"新北市","facility_kind_label":"路邊車格","available_rate":1,"occupancy_rate":0,"price_tier":"unknown","price_tier_label":"價格未知"}},{"type":"Feature","geometry":{"type":"Point","coordinates":[121.436031,25.199383]},"properties":{"supply_id":"new_taipei-onstreet-121943","city":"new_taipei","district":"淡水區","display_name":"崁頂二路 車格 121943","address":"崁頂二路","facility_kind":"onstreet","symbol_text":null,"type_reference":"路邊停車格","type_confidence":0.6,"price_raw":null,"price_value":null,"capacity_total":1,"available_total":0,"occupied_total":1,"status_label":"已停","data_time":"2026-05-02 15:53:29+08:00","city_label":"新北市","facility_kind_label":"路邊車格","available_rate":0,"occupancy_rate":1,"price_tier":"unknown","price_tier_label":"價格未知"}},{"type":"Feature","geometry":{"type":"Point","coordinates":[121.436126,25.199939]},"properties":{"supply_id":"new_taipei-onstreet-121964","city":"new_taipei","district":"淡水區","display_name":"崁頂二路 車格 121964","address":"崁頂二路","facility_kind":"onstreet","symbol_text":null,"type_reference":"路邊停車格","type_confidence":0.6,"price_raw":null,"price_value":null,"capacity_total":1,"available_total":1,"occupied_total":0,"status_label":"空位","data_time":"2026-05-02 15:53:29+08:00","city_label":"新北市","facility_kind_label":"路邊車格","available_rate":1,"occupancy_rate":0,"price_tier":"unknown","price_tier_label":"價格未知"}},{"type":"Feature","geometry":{"type":"Point","coordinates":[121.431103,25.183948]},"properties":{"supply_id":"new_taipei-onstreet-139672","city":"new_taipei","district":"淡水區","display_name":"大庄路 車格 139672","address":"大庄路","facility_kind":"onstreet","symbol_text":null,"type_reference":"路邊停車格","type_confidence":0.6,"price_raw":null,"price_value":null,"capacity_total":1,"available_total":0,"occupied_total":1,"status_label":"已停","data_time":"2026-05-02 15:53:29+08:00","city_label":"新北市","facility_kind_label":"路邊車格","available_rate":0,"occupancy_rate":1,"price_tier":"unknown","price_tier_label":"價格未知"}},{"type":"Feature","geometry":{"type":"Point","coordinates":[121.428379,25.199649]},"properties":{"supply_id":"new_taipei-onstreet-141612","city":"new_taipei","district":"淡水區","display_name":"後州路一段 車格 141612","address":"後州路一段","facility_kind":"onstreet","symbol_text":null,"type_reference":"路邊停車格","type_confidence":0.6,"price_raw":null,"price_value":null,"capacity_total":1,"available_total":1,"occupied_total":0,"status_label":"空位","data_time":"2026-05-02 15:53:29+08:00","city_label":"新北市","facility_kind_label":"路邊車格","available_rate":1,"occupancy_rate":0,"price_tier":"unknown","price_tier_label":"價格未知"}},{"type":"Feature","geometry":{"type":"Point","coordinates":[121.43831,25.195334]},"properties":{"supply_id":"new_taipei-onstreet-121982","city":"new_taipei","district":"淡水區","display_name":"新市三路二段 車格 121982","address":"新市三路二段","facility_kind":"onstreet","symbol_text":null,"type_reference":"路邊停車格","type_confidence":0.6,"price_raw":null,"price_value":null,"capacity_total":1,"available_total":1,"occupied_total":0,"status_label":"空位","data_time":"2026-05-02 15:53:29+08:00","city_label":"新北市","facility_kind_label":"路邊車格","available_rate":1,"occupancy_rate":0,"price_tier":"unknown","price_tier_label":"價格未知"}},{"type":"Feature","geometry":{"type":"Point","coordinates":[121.411193,25.187541]},"properties":{"supply_id":"new_taipei-onstreet-144120","city":"new_taipei","district":"淡水區","display_name":"觀海路 車格 144120","address":"觀海路","facility_kind":"onstreet","symbol_text":null,"type_reference":"路邊停車格","type_confidence":0.6,"price_raw":null,"price_value":null,"capacity_total":1,"available_total":null,"occupied_total":null,"status_label":"不可用","data_time":"2026-05-02 15:53:29+08:00","city_label":"新北市","facility_kind_label":"路邊車格","available_rate":null,"occupancy_rate":null,"price_tier":"unknown","price_tier_label":"價格未知"}},{"type":"Feature","geometry":{"type":"Point","coordinates":[121.438364,25.195327]},"properties":{"supply_id":"new_taipei-onstreet-121983","city":"new_taipei","district":"淡水區","display_name":"新市三路二段 車格 121983","address":"新市三路二段","facility_kind":"onstreet","symbol_text":null,"type_reference":"路邊停車格","type_confidence":0.6,"price_raw":null,"price_value":null,"capacity_total":1,"available_total":1,"occupied_total":0,"status_label":"空位","data_time":"2026-05-02 15:53:29+08:00","city_label":"新北市","facility_kind_label":"路邊車格","available_rate":1,"occupancy_rate":0,"price_tier":"unknown","price_tier_label":"價格未知"}},{"type":"Feature","geometry":{"type":"Point","coordinates":[121.436134,25.199988]},"properties":{"supply_id":"new_taipei-onstreet-121963","city":"new_taipei","district":"淡水區","display_name":"崁頂二路 車格 121963","address":"崁頂二路","facility_kind":"onstreet","symbol_text":null,"type_reference":"路邊停車格","type_confidence":0.6,"price_raw":null,"price_value":null,"capacity_total":1,"available_total":0,"occupied_total":1,"status_label":"已停","data_time":"2026-05-02 15:53:29+08:00","city_label":"新北市","facility_kind_label":"路邊車格","available_rate":0,"occupancy_rate":1,"price_tier":"unknown","price_tier_label":"價格未知"}},{"type":"Feature","geometry":{"type":"Point","coordinates":[121.428357,25.199599]},"properties":{"supply_id":"new_taipei-onstreet-141613","city":"new_taipei","district":"淡水區","display_name":"後州路一段 車格 141613","address":"後州路一段","facility_kind":"onstreet","symbol_text":null,"type_reference":"路邊停車格","type_confidence":0.6,"price_raw":null,"price_value":null,"capacity_total":1,"available_total":1,"occupied_total":0,"status_label":"空位","data_time":"2026-05-02 15:53:29+08:00","city_label":"新北市","facility_kind_label":"路邊車格","available_rate":1,"occupancy_rate":0,"price_tier":"unknown","price_tier_label":"價格未知"}},{"type":"Feature","geometry":{"type":"Point","coordinates":[121.428789,25.200543]},"properties":{"supply_id":"new_taipei-onstreet-141615","city":"new_taipei","district":"淡水區","display_name":"後州路一段 車格 141615","address":"後州路一段","facility_kind":"onstreet","symbol_text":null,"type_reference":"路邊停車格","type_confidence":0.6,"price_raw":null,"price_value":null,"capacity_total":1,"available_total":0,"occupied_total":1,"status_label":"已停","data_time":"2026-05-02 15:53:29+08:00","city_label":"新北市","facility_kind_label":"路邊車格","available_rate":0,"occupancy_rate":1,"price_tier":"unknown","price_tier_label":"價格未知"}},{"type":"Feature","geometry":{"type":"Point","coordinates":[121.428743,25.200443]},"properties":{"supply_id":"new_taipei-onstreet-141614","city":"new_taipei","district":"淡水區","display_name":"後州路一段 車格 141614","address":"後州路一段","facility_kind":"onstreet","symbol_text":null,"type_reference":"路邊停車格","type_confidence":0.6,"price_raw":null,"price_value":null,"capacity_total":1,"available_total":0,"occupied_total":1,"status_label":"已停","data_time":"2026-05-02 15:53:29+08:00","city_label":"新北市","facility_kind_label":"路邊車格","available_rate":0,"occupancy_rate":1,"price_tier":"unknown","price_tier_label":"價格未知"}},{"type":"Feature","geometry":{"type":"Point","coordinates":[121.431297,25.183856]},"properties":{"supply_id":"new_taipei-onstreet-139678","city":"new_taipei","district":"淡水區","display_name":"大庄路 車格 139678","address":"大庄路","facility_kind":"onstreet","symbol_text":null,"type_reference":"路邊停車格","type_confidence":0.6,"price_raw":null,"price_value":null,"capacity_total":1,"available_total":1,"occupied_total":0,"status_label":"空位","data_time":"2026-05-02 15:53:29+08:00","city_label":"新北市","facility_kind_label":"路邊車格","available_rate":1,"occupancy_rate":0,"price_tier":"unknown","price_tier_label":"價格未知"}},{"type":"Feature","geometry":{"type":"Point","coordinates":[121.411084,25.18753]},"properties":{"supply_id":"new_taipei-onstreet-144122","city":"new_taipei","district":"淡水區","display_name":"觀海路 車格 144122","address":"觀海路","facility_kind":"onstreet","symbol_text":null,"type_reference":"路邊停車格","type_confidence":0.6,"price_raw":null,"price_value":null,"capacity_total":1,"available_total":null,"occupied_total":null,"status_label":"不可用","data_time":"2026-05-02 15:53:29+08:00","city_label":"新北市","facility_kind_label":"路邊車格","available_rate":null,"occupancy_rate":null,"price_tier":"unknown","price_tier_label":"價格未知"}},{"type":"Feature","geometry":{"type":"Point","coordinates":[121.436056,25.19953]},"properties":{"supply_id":"new_taipei-onstreet-121946","city":"new_taipei","district":"淡水區","display_name":"崁頂二路 車格 121946","address":"崁頂二路","facility_kind":"onstreet","symbol_text":null,"type_reference":"路邊停車格","type_confidence":0.6,"price_raw":null,"price_value":null,"capacity_total":1,"available_total":0,"occupied_total":1,"status_label":"已停","data_time":"2026-05-02 15:53:29+08:00","city_label":"新北市","facility_kind_label":"路邊車格","available_rate":0,"occupancy_rate":1,"price_tier":"unknown","price_tier_label":"價格未知"}},{"type":"Feature","geometry":{"type":"Point","coordinates":[121.4312,25.183902]},"properties":{"supply_id":"new_taipei-onstreet-139675","city":"new_taipei","district":"淡水區","display_name":"大庄路 車格 139675","address":"大庄路","facility_kind":"onstreet","symbol_text":null,"type_reference":"路邊停車格","type_confidence":0.6,"price_raw":null,"price_value":null,"capacity_total":1,"available_total":0,"occupied_total":1,"status_label":"已停","data_time":"2026-05-02 15:53:29+08:00","city_label":"新北市","facility_kind_label":"路邊車格","available_rate":0,"occupancy_rate":1,"price_tier":"unknown","price_tier_label":"價格未知"}},{"type":"Feature","geometry":{"type":"Point","coordinates":[121.428903,25.200793]},"properties":{"supply_id":"new_taipei-onstreet-141620","city":"new_taipei","district":"淡水區","display_name":"後州路一段 車格 141620","address":"後州路一段","facility_kind":"onstreet","symbol_text":null,"type_reference":"路邊停車格","type_confidence":0.6,"price_raw":null,"price_value":null,"capacity_total":1,"available_total":1,"occupied_total":0,"status_label":"空位","data_time":"2026-05-02 15:53:29+08:00","city_label":"新北市","facility_kind_label":"路邊車格","available_rate":1,"occupancy_rate":0,"price_tier":"unknown","price_tier_label":"價格未知"}},{"type":"Feature","geometry":{"type":"Point","coordinates":[121.431152,25.183925]},"properties":{"supply_id":"new_taipei-onstreet-139676","city":"new_taipei","district":"淡水區","display_name":"大庄路 車格 139676","address":"大庄路","facility_kind":"onstreet","symbol_text":null,"type_reference":"路邊停車格","type_confidence":0.6,"price_raw":null,"price_value":null,"capacity_total":1,"available_total":0,"occupied_total":1,"status_label":"已停","data_time":"2026-05-02 15:53:29+08:00","city_label":"新北市","facility_kind_label":"路邊車格","available_rate":0,"occupancy_rate":1,"price_tier":"unknown","price_tier_label":"價格未知"}},{"type":"Feature","geometry":{"type":"Point","coordinates":[121.411139,25.187535]},"properties":{"supply_id":"new_taipei-onstreet-144121","city":"new_taipei","district":"淡水區","display_name":"觀海路 車格 144121","address":"觀海路","facility_kind":"onstreet","symbol_text":null,"type_reference":"路邊停車格","type_confidence":0.6,"price_raw":null,"price_value":null,"capacity_total":1,"available_total":null,"occupied_total":null,"status_label":"不可用","data_time":"2026-05-02 15:53:29+08:00","city_label":"新北市","facility_kind_label":"路邊車格","available_rate":null,"occupancy_rate":null,"price_tier":"unknown","price_tier_label":"價格未知"}},{"type":"Feature","geometry":{"type":"Point","coordinates":[121.438418,25.19532]},"properties":{"supply_id":"new_taipei-onstreet-121984","city":"new_taipei","district":"淡水區","display_name":"新市三路二段 車格 121984","address":"新市三路二段","facility_kind":"onstreet","symbol_text":null,"type_reference":"路邊停車格","type_confidence":0.6,"price_raw":null,"price_value":null,"capacity_total":1,"available_total":1,"occupied_total":0,"status_label":"空位","data_time":"2026-05-02 15:53:29+08:00","city_label":"新北市","facility_kind_label":"路邊車格","available_rate":1,"occupancy_rate":0,"price_tier":"unknown","price_tier_label":"價格未知"}},{"type":"Feature","geometry":{"type":"Point","coordinates":[121.438472,25.195313]},"properties":{"supply_id":"new_taipei-onstreet-121985","city":"new_taipei","district":"淡水區","display_name":"新市三路二段 車格 121985","address":"新市三路二段","facility_kind":"onstreet","symbol_text":null,"type_reference":"路邊停車格","type_confidence":0.6,"price_raw":null,"price_value":null,"capacity_total":1,"available_total":1,"occupied_total":0,"status_label":"空位","data_time":"2026-05-02 15:53:29+08:00","city_label":"新北市","facility_kind_label":"路邊車格","available_rate":1,"occupancy_rate":0,"price_tier":"unknown","price_tier_label":"價格未知"}},{"type":"Feature","geometry":{"type":"Point","coordinates":[121.428402,25.199699]},"properties":{"supply_id":"new_taipei-onstreet-141611","city":"new_taipei","district":"淡水區","display_name":"後州路一段 車格 141611","address":"後州路一段","facility_kind":"onstreet","symbol_text":null,"type_reference":"路邊停車格","type_confidence":0.6,"price_raw":null,"price_value":null,"capacity_total":1,"available_total":1,"occupied_total":0,"status_label":"空位","data_time":"2026-05-02 15:53:29+08:00","city_label":"新北市","facility_kind_label":"路邊車格","available_rate":1,"occupancy_rate":0,"price_tier":"unknown","price_tier_label":"價格未知"}},{"type":"Feature","geometry":{"type":"Point","coordinates":[121.431667,25.183711]},"properties":{"supply_id":"new_taipei-onstreet-139684","city":"new_taipei","district":"淡水區","display_name":"大庄路 車格 139684","address":"大庄路","facility_kind":"onstreet","symbol_text":null,"type_reference":"路邊停車格","type_confidence":0.6,"price_raw":null,"price_value":null,"capacity_total":1,"available_total":1,"occupied_total":0,"status_label":"空位","data_time":"2026-05-02 15:53:29+08:00","city_label":"新北市","facility_kind_label":"路邊車格","available_rate":1,"occupancy_rate":0,"price_tier":"unknown","price_tier_label":"價格未知"}},{"type":"Feature","geometry":{"type":"Point","coordinates":[121.410759,25.187499]},"properties":{"supply_id":"new_taipei-onstreet-144128","city":"new_taipei","district":"淡水區","display_name":"觀海路 車格 144128","address":"觀海路","facility_kind":"onstreet","symbol_text":null,"type_reference":"路邊停車格","type_confidence":0.6,"price_raw":null,"price_value":null,"capacity_total":1,"available_total":null,"occupied_total":null,"status_label":"不可用","data_time":"2026-05-02 15:53:29+08:00","city_label":"新北市","facility_kind_label":"路邊車格","available_rate":null,"occupancy_rate":null,"price_tier":"unknown","price_tier_label":"價格未知"}},{"type":"Feature","geometry":{"type":"Point","coordinates":[121.431393,25.18381]},"properties":{"supply_id":"new_taipei-onstreet-139677","city":"new_taipei","district":"淡水區","display_name":"大庄路 車格 139677","address":"大庄路","facility_kind":"onstreet","symbol_text":null,"type_reference":"路邊停車格","type_confidence":0.6,"price_raw":null,"price_value":null,"capacity_total":1,"available_total":1,"occupied_total":0,"status_label":"空位","data_time":"2026-05-02 15:53:29+08:00","city_label":"新北市","facility_kind_label":"路邊車格","available_rate":1,"occupancy_rate":0,"price_tier":"unknown","price_tier_label":"價格未知"}},{"type":"Feature","geometry":{"type":"Point","coordinates":[121.410976,25.18752]},"properties":{"supply_id":"new_taipei-onstreet-144124","city":"new_taipei","district":"淡水區","display_name":"觀海路 車格 144124","address":"觀海路","facility_kind":"onstreet","symbol_text":null,"type_reference":"路邊停車格","type_confidence":0.6,"price_raw":null,"price_value":null,"capacity_total":1,"available_total":null,"occupied_total":null,"status_label":"不可用","data_time":"2026-05-02 15:53:29+08:00","city_label":"新北市","facility_kind_label":"路邊車格","available_rate":null,"occupancy_rate":null,"price_tier":"unknown","price_tier_label":"價格未知"}},{"type":"Feature","geometry":{"type":"Point","coordinates":[121.431516,25.183768]},"properties":{"supply_id":"new_taipei-onstreet-139682","city":"new_taipei","district":"淡水區","display_name":"大庄路 車格 139682","address":"大庄路","facility_kind":"onstreet","symbol_text":null,"type_reference":"路邊停車格","type_confidence":0.6,"price_raw":null,"price_value":null,"capacity_total":1,"available_total":1,"occupied_total":0,"status_label":"空位","data_time":"2026-05-02 15:53:29+08:00","city_label":"新北市","facility_kind_label":"路邊車格","available_rate":1,"occupancy_rate":0,"price_tier":"unknown","price_tier_label":"價格未知"}},{"type":"Feature","geometry":{"type":"Point","coordinates":[121.428858,25.200693]},"properties":{"supply_id":"new_taipei-onstreet-141621","city":"new_taipei","district":"淡水區","display_name":"後州路一段 車格 141621","address":"後州路一段","facility_kind":"onstreet","symbol_text":null,"type_reference":"路邊停車格","type_confidence":0.6,"price_raw":null,"price_value":null,"capacity_total":1,"available_total":1,"occupied_total":0,"status_label":"空位","data_time":"2026-05-02 15:53:29+08:00","city_label":"新北市","facility_kind_label":"路邊車格","available_rate":1,"occupancy_rate":0,"price_tier":"unknown","price_tier_label":"價格未知"}},{"type":"Feature","geometry":{"type":"Point","coordinates":[121.436047,25.199481]},"properties":{"supply_id":"new_taipei-onstreet-121949","city":"new_taipei","district":"淡水區","display_name":"崁頂二路 車格 121949","address":"崁頂二路","facility_kind":"onstreet","symbol_text":null,"type_reference":"路邊停車格","type_confidence":0.6,"price_raw":null,"price_value":null,"capacity_total":1,"available_total":0,"occupied_total":1,"status_label":"已停","data_time":"2026-05-02 15:53:29+08:00","city_label":"新北市","facility_kind_label":"路邊車格","available_rate":0,"occupancy_rate":1,"price_tier":"unknown","price_tier_label":"價格未知"}},{"type":"Feature","geometry":{"type":"Point","coordinates":[121.431617,25.18373]},"properties":{"supply_id":"new_taipei-onstreet-139685","city":"new_taipei","district":"淡水區","display_name":"大庄路 車格 139685","address":"大庄路","facility_kind":"onstreet","symbol_text":null,"type_reference":"路邊停車格","type_confidence":0.6,"price_raw":null,"price_value":null,"capacity_total":1,"available_total":0,"occupied_total":1,"status_label":"已停","data_time":"2026-05-02 15:53:29+08:00","city_label":"新北市","facility_kind_label":"路邊車格","available_rate":0,"occupancy_rate":1,"price_tier":"unknown","price_tier_label":"價格未知"}},{"type":"Feature","geometry":{"type":"Point","coordinates":[121.410813,25.187504]},"properties":{"supply_id":"new_taipei-onstreet-144127","city":"new_taipei","district":"淡水區","display_name":"觀海路 車格 144127","address":"觀海路","facility_kind":"onstreet","symbol_text":null,"type_reference":"路邊停車格","type_confidence":0.6,"price_raw":null,"price_value":null,"capacity_total":1,"available_total":null,"occupied_total":null,"status_label":"不可用","data_time":"2026-05-02 15:53:29+08:00","city_label":"新北市","facility_kind_label":"路邊車格","available_rate":null,"occupancy_rate":null,"price_tier":"unknown","price_tier_label":"價格未知"}},{"type":"Feature","geometry":{"type":"Point","coordinates":[121.41103,25.187525]},"properties":{"supply_id":"new_taipei-onstreet-144123","city":"new_taipei","district":"淡水區","display_name":"觀海路 車格 144123","address":"觀海路","facility_kind":"onstreet","symbol_text":null,"type_reference":"路邊停車格","type_confidence":0.6,"price_raw":null,"price_value":null,"capacity_total":1,"available_total":null,"occupied_total":null,"status_label":"不可用","data_time":"2026-05-02 15:53:29+08:00","city_label":"新北市","facility_kind_label":"路邊車格","available_rate":null,"occupancy_rate":null,"price_tier":"unknown","price_tier_label":"價格未知"}},{"type":"Feature","geometry":{"type":"Point","coordinates":[121.42888,25.200743]},"properties":{"supply_id":"new_taipei-onstreet-141619","city":"new_taipei","district":"淡水區","display_name":"後州路一段 車格 141619","address":"後州路一段","facility_kind":"onstreet","symbol_text":null,"type_reference":"路邊停車格","type_confidence":0.6,"price_raw":null,"price_value":null,"capacity_total":1,"available_total":0,"occupied_total":1,"status_label":"已停","data_time":"2026-05-02 15:53:29+08:00","city_label":"新北市","facility_kind_label":"路邊車格","available_rate":0,"occupancy_rate":1,"price_tier":"unknown","price_tier_label":"價格未知"}},{"type":"Feature","geometry":{"type":"Point","coordinates":[121.431345,25.183833]},"properties":{"supply_id":"new_taipei-onstreet-139680","city":"new_taipei","district":"淡水區","display_name":"大庄路 車格 139680","address":"大庄路","facility_kind":"onstreet","symbol_text":null,"type_reference":"路邊停車格","type_confidence":0.6,"price_raw":null,"price_value":null,"capacity_total":1,"available_total":0,"occupied_total":1,"status_label":"已停","data_time":"2026-05-02 15:53:29+08:00","city_label":"新北市","facility_kind_label":"路邊車格","available_rate":0,"occupancy_rate":1,"price_tier":"unknown","price_tier_label":"價格未知"}},{"type":"Feature","geometry":{"type":"Point","coordinates":[121.428812,25.200593]},"properties":{"supply_id":"new_taipei-onstreet-141616","city":"new_taipei","district":"淡水區","display_name":"後州路一段 車格 141616","address":"後州路一段","facility_kind":"onstreet","symbol_text":null,"type_reference":"路邊停車格","type_confidence":0.6,"price_raw":null,"price_value":null,"capacity_total":1,"available_total":1,"occupied_total":0,"status_label":"空位","data_time":"2026-05-02 15:53:29+08:00","city_label":"新北市","facility_kind_label":"路邊車格","available_rate":1,"occupancy_rate":0,"price_tier":"unknown","price_tier_label":"價格未知"}},{"type":"Feature","geometry":{"type":"Point","coordinates":[121.410922,25.187515]},"properties":{"supply_id":"new_taipei-onstreet-144125","city":"new_taipei","district":"淡水區","display_name":"觀海路 車格 144125","address":"觀海路","facility_kind":"onstreet","symbol_text":null,"type_reference":"路邊停車格","type_confidence":0.6,"price_raw":null,"price_value":null,"capacity_total":1,"available_total":null,"occupied_total":null,"status_label":"不可用","data_time":"2026-05-02 15:53:29+08:00","city_label":"新北市","facility_kind_label":"路邊車格","available_rate":null,"occupancy_rate":null,"price_tier":"unknown","price_tier_label":"價格未知"}},{"type":"Feature","geometry":{"type":"Point","coordinates":[121.4357,25.197432]},"properties":{"supply_id":"new_taipei-onstreet-41572","city":"new_taipei","district":"淡水區","display_name":"崁頂二路 車格 41572","address":"崁頂二路","facility_kind":"onstreet","symbol_text":null,"type_reference":"路邊停車格","type_confidence":0.6,"price_raw":null,"price_value":null,"capacity_total":1,"available_total":1,"occupied_total":0,"status_label":"空位","data_time":"2026-05-02 15:53:29+08:00","city_label":"新北市","facility_kind_label":"路邊車格","available_rate":1,"occupancy_rate":0,"price_tier":"unknown","price_tier_label":"價格未知"}},{"type":"Feature","geometry":{"type":"Point","coordinates":[121.429003,25.201011]},"properties":{"supply_id":"new_taipei-onstreet-141622","city":"new_taipei","district":"淡水區","display_name":"後州路一段 車格 141622","address":"後州路一段","facility_kind":"onstreet","symbol_text":null,"type_reference":"路邊停車格","type_confidence":0.6,"price_raw":null,"price_value":null,"capacity_total":1,"available_total":1,"occupied_total":0,"status_label":"空位","data_time":"2026-05-02 15:53:29+08:00","city_label":"新北市","facility_kind_label":"路邊車格","available_rate":1,"occupancy_rate":0,"price_tier":"unknown","price_tier_label":"價格未知"}},{"type":"Feature","geometry":{"type":"Point","coordinates":[121.431768,25.183672]},"properties":{"supply_id":"new_taipei-onstreet-139687","city":"new_taipei","district":"淡水區","display_name":"大庄路 車格 139687","address":"大庄路","facility_kind":"onstreet","symbol_text":null,"type_reference":"路邊停車格","type_confidence":0.6,"price_raw":null,"price_value":null,"capacity_total":1,"available_total":0,"occupied_total":1,"status_label":"已停","data_time":"2026-05-02 15:53:29+08:00","city_label":"新北市","facility_kind_label":"路邊車格","available_rate":0,"occupancy_rate":1,"price_tier":"unknown","price_tier_label":"價格未知"}},{"type":"Feature","geometry":{"type":"Point","coordinates":[121.41065,25.187489]},"properties":{"supply_id":"new_taipei-onstreet-144130","city":"new_taipei","district":"淡水區","display_name":"觀海路 車格 144130","address":"觀海路","facility_kind":"onstreet","symbol_text":null,"type_reference":"路邊停車格","type_confidence":0.6,"price_raw":null,"price_value":null,"capacity_total":1,"available_total":null,"occupied_total":null,"status_label":"不可用","data_time":"2026-05-02 15:53:29+08:00","city_label":"新北市","facility_kind_label":"路邊車格","available_rate":null,"occupancy_rate":null,"price_tier":"unknown","price_tier_label":"價格未知"}},{"type":"Feature","geometry":{"type":"Point","coordinates":[121.43182,25.183655]},"properties":{"supply_id":"new_taipei-onstreet-139689","city":"new_taipei","district":"淡水區","display_name":"大庄路 車格 139689","address":"大庄路","facility_kind":"onstreet","symbol_text":null,"type_reference":"路邊停車格","type_confidence":0.6,"price_raw":null,"price_value":null,"capacity_total":1,"available_total":1,"occupied_total":0,"status_label":"空位","data_time":"2026-05-02 15:53:29+08:00","city_label":"新北市","facility_kind_label":"路邊車格","available_rate":1,"occupancy_rate":0,"price_tier":"unknown","price_tier_label":"價格未知"}},{"type":"Feature","geometry":{"type":"Point","coordinates":[121.410596,25.187483]},"properties":{"supply_id":"new_taipei-onstreet-144131","city":"new_taipei","district":"淡水區","display_name":"觀海路 車格 144131","address":"觀海路","facility_kind":"onstreet","symbol_text":null,"type_reference":"路邊停車格","type_confidence":0.6,"price_raw":null,"price_value":null,"capacity_total":1,"available_total":null,"occupied_total":null,"status_label":"不可用","data_time":"2026-05-02 15:53:29+08:00","city_label":"新北市","facility_kind_label":"路邊車格","available_rate":null,"occupancy_rate":null,"price_tier":"unknown","price_tier_label":"價格未知"}},{"type":"Feature","geometry":{"type":"Point","coordinates":[121.435683,25.197335]},"properties":{"supply_id":"new_taipei-onstreet-41575","city":"new_taipei","district":"淡水區","display_name":"崁頂二路 車格 41575","address":"崁頂二路","facility_kind":"onstreet","symbol_text":null,"type_reference":"路邊停車格","type_confidence":0.6,"price_raw":null,"price_value":null,"capacity_total":1,"available_total":1,"occupied_total":0,"status_label":"空位","data_time":"2026-05-02 15:53:29+08:00","city_label":"新北市","facility_kind_label":"路邊車格","available_rate":1,"occupancy_rate":0,"price_tier":"unknown","price_tier_label":"價格未知"}},{"type":"Feature","geometry":{"type":"Point","coordinates":[121.428835,25.200643]},"properties":{"supply_id":"new_taipei-onstreet-141617","city":"new_taipei","district":"淡水區","display_name":"後州路一段 車格 141617","address":"後州路一段","facility_kind":"onstreet","symbol_text":null,"type_reference":"路邊停車格","type_confidence":0.6,"price_raw":null,"price_value":null,"capacity_total":1,"available_total":1,"occupied_total":0,"status_label":"空位","data_time":"2026-05-02 15:53:29+08:00","city_label":"新北市","facility_kind_label":"路邊車格","available_rate":1,"occupancy_rate":0,"price_tier":"unknown","price_tier_label":"價格未知"}},{"type":"Feature","geometry":{"type":"Point","coordinates":[121.435708,25.197481]},"properties":{"supply_id":"new_taipei-onstreet-41573","city":"new_taipei","district":"淡水區","display_name":"崁頂二路 車格 41573","address":"崁頂二路","facility_kind":"onstreet","symbol_text":null,"type_reference":"路邊停車格","type_confidence":0.6,"price_raw":null,"price_value":null,"capacity_total":1,"available_total":1,"occupied_total":0,"status_label":"空位","data_time":"2026-05-02 15:53:29+08:00","city_label":"新北市","facility_kind_label":"路邊車格","available_rate":1,"occupancy_rate":0,"price_tier":"unknown","price_tier_label":"價格未知"}},{"type":"Feature","geometry":{"type":"Point","coordinates":[121.436022,25.199334]},"properties":{"supply_id":"new_taipei-onstreet-121942","city":"new_taipei","district":"淡水區","display_name":"崁頂二路 車格 121942","address":"崁頂二路","facility_kind":"onstreet","symbol_text":null,"type_reference":"路邊停車格","type_confidence":0.6,"price_raw":null,"price_value":null,"capacity_total":1,"available_total":1,"occupied_total":0,"status_label":"空位","data_time":"2026-05-02 15:53:29+08:00","city_label":"新北市","facility_kind_label":"路邊車格","available_rate":1,"occupancy_rate":0,"price_tier":"unknown","price_tier_label":"價格未知"}},{"type":"Feature","geometry":{"type":"Point","coordinates":[121.435692,25.197383]},"properties":{"supply_id":"new_taipei-onstreet-41574","city":"new_taipei","district":"淡水區","display_name":"崁頂二路 車格 41574","address":"崁頂二路","facility_kind":"onstreet","symbol_text":null,"type_reference":"路邊停車格","type_confidence":0.6,"price_raw":null,"price_value":null,"capacity_total":1,"available_total":1,"occupied_total":0,"status_label":"空位","data_time":"2026-05-02 15:53:29+08:00","city_label":"新北市","facility_kind_label":"路邊車格","available_rate":1,"occupancy_rate":0,"price_tier":"unknown","price_tier_label":"價格未知"}},{"type":"Feature","geometry":{"type":"Point","coordinates":[121.436014,25.199285]},"properties":{"supply_id":"new_taipei-onstreet-121944","city":"new_taipei","district":"淡水區","display_name":"崁頂二路 車格 121944","address":"崁頂二路","facility_kind":"onstreet","symbol_text":null,"type_reference":"路邊停車格","type_confidence":0.6,"price_raw":null,"price_value":null,"capacity_total":1,"available_total":1,"occupied_total":0,"status_label":"空位","data_time":"2026-05-02 15:53:29+08:00","city_label":"新北市","facility_kind_label":"路邊車格","available_rate":1,"occupancy_rate":0,"price_tier":"unknown","price_tier_label":"價格未知"}},{"type":"Feature","geometry":{"type":"Point","coordinates":[121.431567,25.183749]},"properties":{"supply_id":"new_taipei-onstreet-139681","city":"new_taipei","district":"淡水區","display_name":"大庄路 車格 139681","address":"大庄路","facility_kind":"onstreet","symbol_text":null,"type_reference":"路邊停車格","type_confidence":0.6,"price_raw":null,"price_value":null,"capacity_total":1,"available_total":0,"occupied_total":1,"status_label":"已停","data_time":"2026-05-02 15:53:29+08:00","city_label":"新北市","facility_kind_label":"路邊車格","available_rate":0,"occupancy_rate":1,"price_tier":"unknown","price_tier_label":"價格未知"}},{"type":"Feature","geometry":{"type":"Point","coordinates":[121.410867,25.187509]},"properties":{"supply_id":"new_taipei-onstreet-144126","city":"new_taipei","district":"淡水區","display_name":"觀海路 車格 144126","address":"觀海路","facility_kind":"onstreet","symbol_text":null,"type_reference":"路邊停車格","type_confidence":0.6,"price_raw":null,"price_value":null,"capacity_total":1,"available_total":null,"occupied_total":null,"status_label":"不可用","data_time":"2026-05-02 15:53:29+08:00","city_label":"新北市","facility_kind_label":"路邊車格","available_rate":null,"occupancy_rate":null,"price_tier":"unknown","price_tier_label":"價格未知"}},{"type":"Feature","geometry":{"type":"Point","coordinates":[121.431992,25.183615]},"properties":{"supply_id":"new_taipei-onstreet-139691","city":"new_taipei","district":"淡水區","display_name":"大庄路 車格 139691","address":"大庄路","facility_kind":"onstreet","symbol_text":null,"type_reference":"路邊停車格","type_confidence":0.6,"price_raw":null,"price_value":null,"capacity_total":1,"available_total":1,"occupied_total":0,"status_label":"空位","data_time":"2026-05-02 15:53:29+08:00","city_label":"新北市","facility_kind_label":"路邊車格","available_rate":1,"occupancy_rate":0,"price_tier":"unknown","price_tier_label":"價格未知"}},{"type":"Feature","geometry":{"type":"Point","coordinates":[121.410487,25.187473]},"properties":{"supply_id":"new_taipei-onstreet-144133","city":"new_taipei","district":"淡水區","display_name":"觀海路 車格 144133","address":"觀海路","facility_kind":"onstreet","symbol_text":null,"type_reference":"路邊停車格","type_confidence":0.6,"price_raw":null,"price_value":null,"capacity_total":1,"available_total":null,"occupied_total":null,"status_label":"不可用","data_time":"2026-05-02 15:53:29+08:00","city_label":"新北市","facility_kind_label":"路邊車格","available_rate":null,"occupancy_rate":null,"price_tier":"unknown","price_tier_label":"價格未知"}},{"type":"Feature","geometry":{"type":"Point","coordinates":[121.436005,25.199236]},"properties":{"supply_id":"new_taipei-onstreet-121945","city":"new_taipei","district":"淡水區","display_name":"崁頂二路 車格 121945","address":"崁頂二路","facility_kind":"onstreet","symbol_text":null,"type_reference":"路邊停車格","type_confidence":0.6,"price_raw":null,"price_value":null,"capacity_total":1,"available_total":1,"occupied_total":0,"status_label":"空位","data_time":"2026-05-02 15:53:29+08:00","city_label":"新北市","facility_kind_label":"路邊車格","available_rate":1,"occupancy_rate":0,"price_tier":"unknown","price_tier_label":"價格未知"}},{"type":"Feature","geometry":{"type":"Point","coordinates":[121.431872,25.18364]},"properties":{"supply_id":"new_taipei-onstreet-139686","city":"new_taipei","district":"淡水區","display_name":"大庄路 車格 139686","address":"大庄路","facility_kind":"onstreet","symbol_text":null,"type_reference":"路邊停車格","type_confidence":0.6,"price_raw":null,"price_value":null,"capacity_total":1,"available_total":1,"occupied_total":0,"status_label":"空位","data_time":"2026-05-02 15:53:29+08:00","city_label":"新北市","facility_kind_label":"路邊車格","available_rate":1,"occupancy_rate":0,"price_tier":"unknown","price_tier_label":"價格未知"}},{"type":"Feature","geometry":{"type":"Point","coordinates":[121.42915,25.201338]},"properties":{"supply_id":"new_taipei-onstreet-141624","city":"new_taipei","district":"淡水區","display_name":"後州路一段 車格 141624","address":"後州路一段","facility_kind":"onstreet","symbol_text":null,"type_reference":"路邊停車格","type_confidence":0.6,"price_raw":null,"price_value":null,"capacity_total":1,"available_total":0,"occupied_total":1,"status_label":"已停","data_time":"2026-05-02 15:53:29+08:00","city_label":"新北市","facility_kind_label":"路邊車格","available_rate":0,"occupancy_rate":1,"price_tier":"unknown","price_tier_label":"價格未知"}},{"type":"Feature","geometry":{"type":"Point","coordinates":[121.435336,25.195291]},"properties":{"supply_id":"new_taipei-onstreet-24982","city":"new_taipei","district":"淡水區","display_name":"崁頂二路 車格 24982","address":"崁頂二路","facility_kind":"onstreet","symbol_text":null,"type_reference":"路邊停車格","type_confidence":0.6,"price_raw":null,"price_value":null,"capacity_total":1,"available_total":1,"occupied_total":0,"status_label":"空位","data_time":"2026-05-02 15:53:29+08:00","city_label":"新北市","facility_kind_label":"路邊車格","available_rate":1,"occupancy_rate":0,"price_tier":"unknown","price_tier_label":"價格未知"}},{"type":"Feature","geometry":{"type":"Point","coordinates":[121.43858,25.193413]},"properties":{"supply_id":"new_taipei-onstreet-115343","city":"new_taipei","district":"淡水區","display_name":"義山路二段 車格 115343","address":"義山路二段","facility_kind":"onstreet","symbol_text":null,"type_reference":"路邊停車格","type_confidence":0.6,"price_raw":null,"price_value":null,"capacity_total":1,"available_total":1,"occupied_total":0,"status_label":"空位","data_time":"2026-05-02 15:53:29+08:00","city_label":"新北市","facility_kind_label":"路邊車格","available_rate":1,"occupancy_rate":0,"price_tier":"unknown","price_tier_label":"價格未知"}},{"type":"Feature","geometry":{"type":"Point","coordinates":[121.431718,25.183692]},"properties":{"supply_id":"new_taipei-onstreet-139688","city":"new_taipei","district":"淡水區","display_name":"大庄路 車格 139688","address":"大庄路","facility_kind":"onstreet","symbol_text":null,"type_reference":"路邊停車格","type_confidence":0.6,"price_raw":null,"price_value":null,"capacity_total":1,"available_total":1,"occupied_total":0,"status_label":"空位","data_time":"2026-05-02 15:53:29+08:00","city_label":"新北市","facility_kind_label":"路邊車格","available_rate":1,"occupancy_rate":0,"price_tier":"unknown","price_tier_label":"價格未知"}},{"type":"Feature","geometry":{"type":"Point","coordinates":[121.410704,25.187494]},"properties":{"supply_id":"new_taipei-onstreet-144129","city":"new_taipei","district":"淡水區","display_name":"觀海路 車格 144129","address":"觀海路","facility_kind":"onstreet","symbol_text":null,"type_reference":"路邊停車格","type_confidence":0.6,"price_raw":null,"price_value":null,"capacity_total":1,"available_total":null,"occupied_total":null,"status_label":"不可用","data_time":"2026-05-02 15:53:29+08:00","city_label":"新北市","facility_kind_label":"路邊車格","available_rate":null,"occupancy_rate":null,"price_tier":"unknown","price_tier_label":"價格未知"}},{"type":"Feature","geometry":{"type":"Point","coordinates":[121.43536,25.195439]},"properties":{"supply_id":"new_taipei-onstreet-24983","city":"new_taipei","district":"淡水區","display_name":"崁頂二路 車格 24983","address":"崁頂二路","facility_kind":"onstreet","symbol_text":null,"type_reference":"路邊停車格","type_confidence":0.6,"price_raw":null,"price_value":null,"capacity_total":1,"available_total":1,"occupied_total":0,"status_label":"空位","data_time":"2026-05-02 15:53:29+08:00","city_label":"新北市","facility_kind_label":"路邊車格","available_rate":1,"occupancy_rate":0,"price_tier":"unknown","price_tier_label":"價格未知"}},{"type":"Feature","geometry":{"type":"Point","coordinates":[121.410325,25.187457]},"properties":{"supply_id":"new_taipei-onstreet-144136","city":"new_taipei","district":"淡水區","display_name":"觀海路 車格 144136","address":"觀海路","facility_kind":"onstreet","symbol_text":null,"type_reference":"路邊停車格","type_confidence":0.6,"price_raw":null,"price_value":null,"capacity_total":1,"available_total":null,"occupied_total":null,"status_label":"不可用","data_time":"2026-05-02 15:53:29+08:00","city_label":"新北市","facility_kind_label":"路邊車格","available_rate":null,"occupancy_rate":null,"price_tier":"unknown","price_tier_label":"價格未知"}},{"type":"Feature","geometry":{"type":"Point","coordinates":[121.432047,25.183609]},"properties":{"supply_id":"new_taipei-onstreet-139690","city":"new_taipei","district":"淡水區","display_name":"大庄路 車格 139690","address":"大庄路","facility_kind":"onstreet","symbol_text":null,"type_reference":"路邊停車格","type_confidence":0.6,"price_raw":null,"price_value":null,"capacity_total":1,"available_total":1,"occupied_total":0,"status_label":"空位","data_time":"2026-05-02 15:53:29+08:00","city_label":"新北市","facility_kind_label":"路邊車格","available_rate":1,"occupancy_rate":0,"price_tier":"unknown","price_tier_label":"價格未知"}},{"type":"Feature","geometry":{"type":"Point","coordinates":[121.435312,25.195144]},"properties":{"supply_id":"new_taipei-onstreet-24978","city":"new_taipei","district":"淡水區","display_name":"崁頂二路 車格 24978","address":"崁頂二路","facility_kind":"onstreet","symbol_text":null,"type_reference":"路邊停車格","type_confidence":0.6,"price_raw":null,"price_value":null,"capacity_total":1,"available_total":1,"occupied_total":0,"status_label":"空位","data_time":"2026-05-02 15:53:29+08:00","city_label":"新北市","facility_kind_label":"路邊車格","available_rate":1,"occupancy_rate":0,"price_tier":"unknown","price_tier_label":"價格未知"}},{"type":"Feature","geometry":{"type":"Point","coordinates":[121.435675,25.197286]},"properties":{"supply_id":"new_taipei-onstreet-41777","city":"new_taipei","district":"淡水區","display_name":"崁頂二路 車格 41777","address":"崁頂二路","facility_kind":"onstreet","symbol_text":null,"type_reference":"路邊停車格","type_confidence":0.6,"price_raw":null,"price_value":null,"capacity_total":1,"available_total":1,"occupied_total":0,"status_label":"空位","data_time":"2026-05-02 15:53:29+08:00","city_label":"新北市","facility_kind_label":"路邊車格","available_rate":1,"occupancy_rate":0,"price_tier":"unknown","price_tier_label":"價格未知"}},{"type":"Feature","geometry":{"type":"Point","coordinates":[121.429127,25.201288]},"properties":{"supply_id":"new_taipei-onstreet-141626","city":"new_taipei","district":"淡水區","display_name":"後州路一段 車格 141626","address":"後州路一段","facility_kind":"onstreet","symbol_text":null,"type_reference":"路邊停車格","type_confidence":0.6,"price_raw":null,"price_value":null,"capacity_total":1,"available_total":1,"occupied_total":0,"status_label":"空位","data_time":"2026-05-02 15:53:29+08:00","city_label":"新北市","facility_kind_label":"路邊車格","available_rate":1,"occupancy_rate":0,"price_tier":"unknown","price_tier_label":"價格未知"}},{"type":"Feature","geometry":{"type":"Point","coordinates":[121.432266,25.183604]},"properties":{"supply_id":"new_taipei-onstreet-139694","city":"new_taipei","district":"淡水區","display_name":"大庄路 車格 139694","address":"大庄路","facility_kind":"onstreet","symbol_text":null,"type_reference":"路邊停車格","type_confidence":0.6,"price_raw":null,"price_value":null,"capacity_total":1,"available_total":1,"occupied_total":0,"status_label":"空位","data_time":"2026-05-02 15:53:29+08:00","city_label":"新北市","facility_kind_label":"路邊車格","available_rate":1,"occupancy_rate":0,"price_tier":"unknown","price_tier_label":"價格未知"}},{"type":"Feature","geometry":{"type":"Point","coordinates":[121.429026,25.201061]},"properties":{"supply_id":"new_taipei-onstreet-141623","city":"new_taipei","district":"淡水區","display_name":"後州路一段 車格 141623","address":"後州路一段","facility_kind":"onstreet","symbol_text":null,"type_reference":"路邊停車格","type_confidence":0.6,"price_raw":null,"price_value":null,"capacity_total":1,"available_total":1,"occupied_total":0,"status_label":"空位","data_time":"2026-05-02 15:53:29+08:00","city_label":"新北市","facility_kind_label":"路邊車格","available_rate":1,"occupancy_rate":0,"price_tier":"unknown","price_tier_label":"價格未知"}},{"type":"Feature","geometry":{"type":"Point","coordinates":[121.429104,25.201238]},"properties":{"supply_id":"new_taipei-onstreet-141625","city":"new_taipei","district":"淡水區","display_name":"後州路一段 車格 141625","address":"後州路一段","facility_kind":"onstreet","symbol_text":null,"type_reference":"路邊停車格","type_confidence":0.6,"price_raw":null,"price_value":null,"capacity_total":1,"available_total":0,"occupied_total":1,"status_label":"已停","data_time":"2026-05-02 15:53:29+08:00","city_label":"新北市","facility_kind_label":"路邊車格","available_rate":0,"occupancy_rate":1,"price_tier":"unknown","price_tier_label":"價格未知"}},{"type":"Feature","geometry":{"type":"Point","coordinates":[121.410542,25.187478]},"properties":{"supply_id":"new_taipei-onstreet-144132","city":"new_taipei","district":"淡水區","display_name":"觀海路 車格 144132","address":"觀海路","facility_kind":"onstreet","symbol_text":null,"type_reference":"路邊停車格","type_confidence":0.6,"price_raw":null,"price_value":null,"capacity_total":1,"available_total":null,"occupied_total":null,"status_label":"不可用","data_time":"2026-05-02 15:53:29+08:00","city_label":"新北市","facility_kind_label":"路邊車格","available_rate":null,"occupancy_rate":null,"price_tier":"unknown","price_tier_label":"價格未知"}},{"type":"Feature","geometry":{"type":"Point","coordinates":[121.435659,25.197187]},"properties":{"supply_id":"new_taipei-onstreet-70492","city":"new_taipei","district":"淡水區","display_name":"崁頂二路 車格 70492","address":"崁頂二路","facility_kind":"onstreet","symbol_text":null,"type_reference":"路邊停車格","type_confidence":0.6,"price_raw":null,"price_value":null,"capacity_total":1,"available_total":1,"occupied_total":0,"status_label":"空位","data_time":"2026-05-02 15:53:29+08:00","city_label":"新北市","facility_kind_label":"路邊車格","available_rate":1,"occupancy_rate":0,"price_tier":"unknown","price_tier_label":"價格未知"}},{"type":"Feature","geometry":{"type":"Point","coordinates":[121.429173,25.201388]},"properties":{"supply_id":"new_taipei-onstreet-141627","city":"new_taipei","district":"淡水區","display_name":"後州路一段 車格 141627","address":"後州路一段","facility_kind":"onstreet","symbol_text":null,"type_reference":"路邊停車格","type_confidence":0.6,"price_raw":null,"price_value":null,"capacity_total":1,"available_total":1,"occupied_total":0,"status_label":"空位","data_time":"2026-05-02 15:53:29+08:00","city_label":"新北市","facility_kind_label":"路邊車格","available_rate":1,"occupancy_rate":0,"price_tier":"unknown","price_tier_label":"價格未知"}},{"type":"Feature","geometry":{"type":"Point","coordinates":[121.435667,25.197236]},"properties":{"supply_id":"new_taipei-onstreet-41779","city":"new_taipei","district":"淡水區","display_name":"崁頂二路 車格 41779","address":"崁頂二路","facility_kind":"onstreet","symbol_text":null,"type_reference":"路邊停車格","type_confidence":0.6,"price_raw":null,"price_value":null,"capacity_total":1,"available_total":1,"occupied_total":0,"status_label":"空位","data_time":"2026-05-02 15:53:29+08:00","city_label":"新北市","facility_kind_label":"路邊車格","available_rate":1,"occupancy_rate":0,"price_tier":"unknown","price_tier_label":"價格未知"}},{"type":"Feature","geometry":{"type":"Point","coordinates":[121.43336,25.183419]},"properties":{"supply_id":"new_taipei-onstreet-139702","city":"new_taipei","district":"淡水區","display_name":"大庄路 車格 139702","address":"大庄路","facility_kind":"onstreet","symbol_text":null,"type_reference":"路邊停車格","type_confidence":0.6,"price_raw":null,"price_value":null,"capacity_total":1,"available_total":1,"occupied_total":0,"status_label":"空位","data_time":"2026-05-02 15:53:29+08:00","city_label":"新北市","facility_kind_label":"路邊車格","available_rate":1,"occupancy_rate":0,"price_tier":"unknown","price_tier_label":"價格未知"}},{"type":"Feature","geometry":{"type":"Point","coordinates":[121.433414,25.183406]},"properties":{"supply_id":"new_taipei-onstreet-139701","city":"new_taipei","district":"淡水區","display_name":"大庄路 車格 139701","address":"大庄路","facility_kind":"onstreet","symbol_text":null,"type_reference":"路邊停車格","type_confidence":0.6,"price_raw":null,"price_value":null,"capacity_total":1,"available_total":1,"occupied_total":0,"status_label":"空位","data_time":"2026-05-02 15:53:29+08:00","city_label":"新北市","facility_kind_label":"路邊車格","available_rate":1,"occupancy_rate":0,"price_tier":"unknown","price_tier_label":"價格未知"}},{"type":"Feature","geometry":{"type":"Point","coordinates":[121.438574,25.193363]},"properties":{"supply_id":"new_taipei-onstreet-115344","city":"new_taipei","district":"淡水區","display_name":"義山路二段 車格 115344","address":"義山路二段","facility_kind":"onstreet","symbol_text":null,"type_reference":"路邊停車格","type_confidence":0.6,"price_raw":null,"price_value":null,"capacity_total":1,"available_total":0,"occupied_total":1,"status_label":"已停","data_time":"2026-05-02 15:53:29+08:00","city_label":"新北市","facility_kind_label":"路邊車格","available_rate":0,"occupancy_rate":1,"price_tier":"unknown","price_tier_label":"價格未知"}},{"type":"Feature","geometry":{"type":"Point","coordinates":[121.409836,25.187411]},"properties":{"supply_id":"new_taipei-onstreet-144145","city":"new_taipei","district":"淡水區","display_name":"觀海路 車格 144145","address":"觀海路","facility_kind":"onstreet","symbol_text":null,"type_reference":"路邊停車格","type_confidence":0.6,"price_raw":null,"price_value":null,"capacity_total":1,"available_total":null,"occupied_total":null,"status_label":"不可用","data_time":"2026-05-02 15:53:29+08:00","city_label":"新北市","facility_kind_label":"路邊車格","available_rate":null,"occupancy_rate":null,"price_tier":"unknown","price_tier_label":"價格未知"}},{"type":"Feature","geometry":{"type":"Point","coordinates":[121.432103,25.183608]},"properties":{"supply_id":"new_taipei-onstreet-139693","city":"new_taipei","district":"淡水區","display_name":"大庄路 車格 139693","address":"大庄路","facility_kind":"onstreet","symbol_text":null,"type_reference":"路邊停車格","type_confidence":0.6,"price_raw":null,"price_value":null,"capacity_total":1,"available_total":0,"occupied_total":1,"status_label":"已停","data_time":"2026-05-02 15:53:29+08:00","city_label":"新北市","facility_kind_label":"路邊車格","available_rate":0,"occupancy_rate":1,"price_tier":"unknown","price_tier_label":"價格未知"}},{"type":"Feature","geometry":{"type":"Point","coordinates":[121.410379,25.187463]},"properties":{"supply_id":"new_taipei-onstreet-144135","city":"new_taipei","district":"淡水區","display_name":"觀海路 車格 144135","address":"觀海路","facility_kind":"onstreet","symbol_text":null,"type_reference":"路邊停車格","type_confidence":0.6,"price_raw":null,"price_value":null,"capacity_total":1,"available_total":null,"occupied_total":null,"status_label":"不可用","data_time":"2026-05-02 15:53:29+08:00","city_label":"新北市","facility_kind_label":"路邊車格","available_rate":null,"occupancy_rate":null,"price_tier":"unknown","price_tier_label":"價格未知"}},{"type":"Feature","geometry":{"type":"Point","coordinates":[121.435352,25.195389]},"properties":{"supply_id":"new_taipei-onstreet-24984","city":"new_taipei","district":"淡水區","display_name":"崁頂二路 車格 24984","address":"崁頂二路","facility_kind":"onstreet","symbol_text":null,"type_reference":"路邊停車格","type_confidence":0.6,"price_raw":null,"price_value":null,"capacity_total":1,"available_total":1,"occupied_total":0,"status_label":"空位","data_time":"2026-05-02 15:53:29+08:00","city_label":"新北市","facility_kind_label":"路邊車格","available_rate":1,"occupancy_rate":0,"price_tier":"unknown","price_tier_label":"價格未知"}},{"type":"Feature","geometry":{"type":"Point","coordinates":[121.432157,25.183606]},"properties":{"supply_id":"new_taipei-onstreet-139692","city":"new_taipei","district":"淡水區","display_name":"大庄路 車格 139692","address":"大庄路","facility_kind":"onstreet","symbol_text":null,"type_reference":"路邊停車格","type_confidence":0.6,"price_raw":null,"price_value":null,"capacity_total":1,"available_total":1,"occupied_total":0,"status_label":"空位","data_time":"2026-05-02 15:53:29+08:00","city_label":"新北市","facility_kind_label":"路邊車格","available_rate":1,"occupancy_rate":0,"price_tier":"unknown","price_tier_label":"價格未知"}},{"type":"Feature","geometry":{"type":"Point","coordinates":[121.435651,25.197139]},"properties":{"supply_id":"new_taipei-onstreet-41778","city":"new_taipei","district":"淡水區","display_name":"崁頂二路 車格 41778","address":"崁頂二路","facility_kind":"onstreet","symbol_text":null,"type_reference":"路邊停車格","type_confidence":0.6,"price_raw":null,"price_value":null,"capacity_total":1,"available_total":0,"occupied_total":1,"status_label":"已停","data_time":"2026-05-02 15:53:29+08:00","city_label":"新北市","facility_kind_label":"路邊車格","available_rate":0,"occupancy_rate":1,"price_tier":"unknown","price_tier_label":"價格未知"}},{"type":"Feature","geometry":{"type":"Point","coordinates":[121.433691,25.183437]},"properties":{"supply_id":"new_taipei-onstreet-139730","city":"new_taipei","district":"淡水區","display_name":"大庄路 車格 139730","address":"大庄路","facility_kind":"onstreet","symbol_text":null,"type_reference":"路邊停車格","type_confidence":0.6,"price_raw":null,"price_value":null,"capacity_total":1,"available_total":1,"occupied_total":0,"status_label":"空位","data_time":"2026-05-02 15:53:29+08:00","city_label":"新北市","facility_kind_label":"路邊車格","available_rate":1,"occupancy_rate":0,"price_tier":"unknown","price_tier_label":"價格未知"}},{"type":"Feature","geometry":{"type":"Point","coordinates":[121.409945,25.187421]},"properties":{"supply_id":"new_taipei-onstreet-144143","city":"new_taipei","district":"淡水區","display_name":"觀海路 車格 144143","address":"觀海路","facility_kind":"onstreet","symbol_text":null,"type_reference":"路邊停車格","type_confidence":0.6,"price_raw":null,"price_value":null,"capacity_total":1,"available_total":null,"occupied_total":null,"status_label":"不可用","data_time":"2026-05-02 15:53:29+08:00","city_label":"新北市","facility_kind_label":"路邊車格","available_rate":null,"occupancy_rate":null,"price_tier":"unknown","price_tier_label":"價格未知"}},{"type":"Feature","geometry":{"type":"Point","coordinates":[121.438638,25.193809]},"properties":{"supply_id":"new_taipei-onstreet-115537","city":"new_taipei","district":"淡水區","display_name":"義山路二段 車格 115537","address":"義山路二段","facility_kind":"onstreet","symbol_text":null,"type_reference":"路邊停車格","type_confidence":0.6,"price_raw":null,"price_value":null,"capacity_total":1,"available_total":1,"occupied_total":0,"status_label":"空位","data_time":"2026-05-02 15:53:29+08:00","city_label":"新北市","facility_kind_label":"路邊車格","available_rate":1,"occupancy_rate":0,"price_tier":"unknown","price_tier_label":"價格未知"}},{"type":"Feature","geometry":{"type":"Point","coordinates":[121.433583,25.183413]},"properties":{"supply_id":"new_taipei-onstreet-139699","city":"new_taipei","district":"淡水區","display_name":"大庄路 車格 139699","address":"大庄路","facility_kind":"onstreet","symbol_text":null,"type_reference":"路邊停車格","type_confidence":0.6,"price_raw":null,"price_value":null,"capacity_total":1,"available_total":1,"occupied_total":0,"status_label":"空位","data_time":"2026-05-02 15:53:29+08:00","city_label":"新北市","facility_kind_label":"路邊車格","available_rate":1,"occupancy_rate":0,"price_tier":"unknown","price_tier_label":"價格未知"}},{"type":"Feature","geometry":{"type":"Point","coordinates":[121.410433,25.187468]},"properties":{"supply_id":"new_taipei-onstreet-144134","city":"new_taipei","district":"淡水區","display_name":"觀海路 車格 144134","address":"觀海路","facility_kind":"onstreet","symbol_text":null,"type_reference":"路邊停車格","type_confidence":0.6,"price_raw":null,"price_value":null,"capacity_total":1,"available_total":null,"occupied_total":null,"status_label":"不可用","data_time":"2026-05-02 15:53:29+08:00","city_label":"新北市","facility_kind_label":"路邊車格","available_rate":null,"occupancy_rate":null,"price_tier":"unknown","price_tier_label":"價格未知"}},{"type":"Feature","geometry":{"type":"Point","coordinates":[121.435328,25.195242]},"properties":{"supply_id":"new_taipei-onstreet-24979","city":"new_taipei","district":"淡水區","display_name":"崁頂二路 車格 24979","address":"崁頂二路","facility_kind":"onstreet","symbol_text":null,"type_reference":"路邊停車格","type_confidence":0.6,"price_raw":null,"price_value":null,"capacity_total":1,"available_total":0,"occupied_total":1,"status_label":"已停","data_time":"2026-05-02 15:53:29+08:00","city_label":"新北市","facility_kind_label":"路邊車格","available_rate":0,"occupancy_rate":1,"price_tier":"unknown","price_tier_label":"價格未知"}},{"type":"Feature","geometry":{"type":"Point","coordinates":[121.43532,25.195193]},"properties":{"supply_id":"new_taipei-onstreet-24980","city":"new_taipei","district":"淡水區","display_name":"崁頂二路 車格 24980","address":"崁頂二路","facility_kind":"onstreet","symbol_text":null,"type_reference":"路邊停車格","type_confidence":0.6,"price_raw":null,"price_value":null,"capacity_total":1,"available_total":0,"occupied_total":1,"status_label":"已停","data_time":"2026-05-02 15:53:29+08:00","city_label":"新北市","facility_kind_label":"路邊車格","available_rate":0,"occupancy_rate":1,"price_tier":"unknown","price_tier_label":"價格未知"}},{"type":"Feature","geometry":{"type":"Point","coordinates":[121.434007,25.18351]},"properties":{"supply_id":"new_taipei-onstreet-139737","city":"new_taipei","district":"淡水區","display_name":"大庄路 車格 139737","address":"大庄路","facility_kind":"onstreet","symbol_text":null,"type_reference":"路邊停車格","type_confidence":0.6,"price_raw":null,"price_value":null,"capacity_total":1,"available_total":1,"occupied_total":0,"status_label":"空位","data_time":"2026-05-02 15:53:29+08:00","city_label":"新北市","facility_kind_label":"路邊車格","available_rate":1,"occupancy_rate":0,"price_tier":"unknown","price_tier_label":"價格未知"}},{"type":"Feature","geometry":{"type":"Point","coordinates":[121.40989,25.187416]},"properties":{"supply_id":"new_taipei-onstreet-144144","city":"new_taipei","district":"淡水區","display_name":"觀海路 車格 144144","address":"觀海路","facility_kind":"onstreet","symbol_text":null,"type_reference":"路邊停車格","type_confidence":0.6,"price_raw":null,"price_value":null,"capacity_total":1,"available_total":null,"occupied_total":null,"status_label":"不可用","data_time":"2026-05-02 15:53:29+08:00","city_label":"新北市","facility_kind_label":"路邊車格","available_rate":null,"occupancy_rate":null,"price_tier":"unknown","price_tier_label":"價格未知"}},{"type":"Feature","geometry":{"type":"Point","coordinates":[121.438593,25.193511]},"properties":{"supply_id":"new_taipei-onstreet-115341","city":"new_taipei","district":"淡水區","display_name":"義山路二段 車格 115341","address":"義山路二段","facility_kind":"onstreet","symbol_text":null,"type_reference":"路邊停車格","type_confidence":0.6,"price_raw":null,"price_value":null,"capacity_total":1,"available_total":1,"occupied_total":0,"status_label":"空位","data_time":"2026-05-02 15:53:29+08:00","city_label":"新北市","facility_kind_label":"路邊車格","available_rate":1,"occupancy_rate":0,"price_tier":"unknown","price_tier_label":"價格未知"}},{"type":"Feature","geometry":{"type":"Point","coordinates":[121.435344,25.19534]},"properties":{"supply_id":"new_taipei-onstreet-24981","city":"new_taipei","district":"淡水區","display_name":"崁頂二路 車格 24981","address":"崁頂二路","facility_kind":"onstreet","symbol_text":null,"type_reference":"路邊停車格","type_confidence":0.6,"price_raw":null,"price_value":null,"capacity_total":1,"available_total":0,"occupied_total":1,"status_label":"已停","data_time":"2026-05-02 15:53:29+08:00","city_label":"新北市","facility_kind_label":"路邊車格","available_rate":0,"occupancy_rate":1,"price_tier":"unknown","price_tier_label":"價格未知"}},{"type":"Feature","geometry":{"type":"Point","coordinates":[121.432212,25.183605]},"properties":{"supply_id":"new_taipei-onstreet-139695","city":"new_taipei","district":"淡水區","display_name":"大庄路 車格 139695","address":"大庄路","facility_kind":"onstreet","symbol_text":null,"type_reference":"路邊停車格","type_confidence":0.6,"price_raw":null,"price_value":null,"capacity_total":1,"available_total":1,"occupied_total":0,"status_label":"空位","data_time":"2026-05-02 15:53:29+08:00","city_label":"新北市","facility_kind_label":"路邊車格","available_rate":1,"occupancy_rate":0,"price_tier":"unknown","price_tier_label":"價格未知"}},{"type":"Feature","geometry":{"type":"Point","coordinates":[121.410216,25.187447]},"properties":{"supply_id":"new_taipei-onstreet-144138","city":"new_taipei","district":"淡水區","display_name":"觀海路 車格 144138","address":"觀海路","facility_kind":"onstreet","symbol_text":null,"type_reference":"路邊停車格","type_confidence":0.6,"price_raw":null,"price_value":null,"capacity_total":1,"available_total":null,"occupied_total":null,"status_label":"不可用","data_time":"2026-05-02 15:53:29+08:00","city_label":"新北市","facility_kind_label":"路邊車格","available_rate":null,"occupancy_rate":null,"price_tier":"unknown","price_tier_label":"價格未知"}},{"type":"Feature","geometry":{"type":"Point","coordinates":[121.41027,25.187452]},"properties":{"supply_id":"new_taipei-onstreet-144137","city":"new_taipei","district":"淡水區","display_name":"觀海路 車格 144137","address":"觀海路","facility_kind":"onstreet","symbol_text":null,"type_reference":"路邊停車格","type_confidence":0.6,"price_raw":null,"price_value":null,"capacity_total":1,"available_total":null,"occupied_total":null,"status_label":"不可用","data_time":"2026-05-02 15:53:29+08:00","city_label":"新北市","facility_kind_label":"路邊車格","available_rate":null,"occupancy_rate":null,"price_tier":"unknown","price_tier_label":"價格未知"}},{"type":"Feature","geometry":{"type":"Point","coordinates":[121.434058,25.18353]},"properties":{"supply_id":"new_taipei-onstreet-139736","city":"new_taipei","district":"淡水區","display_name":"大庄路 車格 139736","address":"大庄路","facility_kind":"onstreet","symbol_text":null,"type_reference":"路邊停車格","type_confidence":0.6,"price_raw":null,"price_value":null,"capacity_total":1,"available_total":1,"occupied_total":0,"status_label":"空位","data_time":"2026-05-02 15:53:29+08:00","city_label":"新北市","facility_kind_label":"路邊車格","available_rate":1,"occupancy_rate":0,"price_tier":"unknown","price_tier_label":"價格未知"}},{"type":"Feature","geometry":{"type":"Point","coordinates":[121.435181,25.194347]},"properties":{"supply_id":"new_taipei-onstreet-24970","city":"new_taipei","district":"淡水區","display_name":"崁頂二路 車格 24970","address":"崁頂二路","facility_kind":"onstreet","symbol_text":null,"type_reference":"路邊停車格","type_confidence":0.6,"price_raw":null,"price_value":null,"capacity_total":1,"available_total":0,"occupied_total":1,"status_label":"已停","data_time":"2026-05-02 15:53:29+08:00","city_label":"新北市","facility_kind_label":"路邊車格","available_rate":0,"occupancy_rate":1,"price_tier":"unknown","price_tier_label":"價格未知"}},{"type":"Feature","geometry":{"type":"Point","coordinates":[121.438702,25.19425]},"properties":{"supply_id":"new_taipei-onstreet-115528","city":"new_taipei","district":"淡水區","display_name":"義山路二段 車格 115528","address":"義山路二段","facility_kind":"onstreet","symbol_text":null,"type_reference":"路邊停車格","type_confidence":0.6,"price_raw":null,"price_value":null,"capacity_total":1,"available_total":1,"occupied_total":0,"status_label":"空位","data_time":"2026-05-02 15:53:29+08:00","city_label":"新北市","facility_kind_label":"路邊車格","available_rate":1,"occupancy_rate":0,"price_tier":"unknown","price_tier_label":"價格未知"}},{"type":"Feature","geometry":{"type":"Point","coordinates":[121.433743,25.18345]},"properties":{"supply_id":"new_taipei-onstreet-139731","city":"new_taipei","district":"淡水區","display_name":"大庄路 車格 139731","address":"大庄路","facility_kind":"onstreet","symbol_text":null,"type_reference":"路邊停車格","type_confidence":0.6,"price_raw":null,"price_value":null,"capacity_total":1,"available_total":1,"occupied_total":0,"status_label":"空位","data_time":"2026-05-02 15:53:29+08:00","city_label":"新北市","facility_kind_label":"路邊車格","available_rate":1,"occupancy_rate":0,"price_tier":"unknown","price_tier_label":"價格未知"}},{"type":"Feature","geometry":{"type":"Point","coordinates":[121.410053,25.187431]},"properties":{"supply_id":"new_taipei-onstreet-144141","city":"new_taipei","district":"淡水區","display_name":"觀海路 車格 144141","address":"觀海路","facility_kind":"onstreet","symbol_text":null,"type_reference":"路邊停車格","type_confidence":0.6,"price_raw":null,"price_value":null,"capacity_total":1,"available_total":null,"occupied_total":null,"status_label":"不可用","data_time":"2026-05-02 15:53:29+08:00","city_label":"新北市","facility_kind_label":"路邊車格","available_rate":null,"occupancy_rate":null,"price_tier":"unknown","price_tier_label":"價格未知"}},{"type":"Feature","geometry":{"type":"Point","coordinates":[121.410108,25.187437]},"properties":{"supply_id":"new_taipei-onstreet-144140","city":"new_taipei","district":"淡水區","display_name":"觀海路 車格 144140","address":"觀海路","facility_kind":"onstreet","symbol_text":null,"type_reference":"路邊停車格","type_confidence":0.6,"price_raw":null,"price_value":null,"capacity_total":1,"available_total":null,"occupied_total":null,"status_label":"不可用","data_time":"2026-05-02 15:53:29+08:00","city_label":"新北市","facility_kind_label":"路邊車格","available_rate":null,"occupancy_rate":null,"price_tier":"unknown","price_tier_label":"價格未知"}},{"type":"Feature","geometry":{"type":"Point","coordinates":[121.410162,25.187442]},"properties":{"supply_id":"new_taipei-onstreet-144139","city":"new_taipei","district":"淡水區","display_name":"觀海路 車格 144139","address":"觀海路","facility_kind":"onstreet","symbol_text":null,"type_reference":"路邊停車格","type_confidence":0.6,"price_raw":null,"price_value":null,"capacity_total":1,"available_total":null,"occupied_total":null,"status_label":"不可用","data_time":"2026-05-02 15:53:29+08:00","city_label":"新北市","facility_kind_label":"路邊車格","available_rate":null,"occupancy_rate":null,"price_tier":"unknown","price_tier_label":"價格未知"}},{"type":"Feature","geometry":{"type":"Point","coordinates":[121.438586,25.193462]},"properties":{"supply_id":"new_taipei-onstreet-115342","city":"new_taipei","district":"淡水區","display_name":"義山路二段 車格 115342","address":"義山路二段","facility_kind":"onstreet","symbol_text":null,"type_reference":"路邊停車格","type_confidence":0.6,"price_raw":null,"price_value":null,"capacity_total":1,"available_total":0,"occupied_total":1,"status_label":"已停","data_time":"2026-05-02 15:53:29+08:00","city_label":"新北市","facility_kind_label":"路邊車格","available_rate":0,"occupancy_rate":1,"price_tier":"unknown","price_tier_label":"價格未知"}},{"type":"Feature","geometry":{"type":"Point","coordinates":[121.435173,25.194297]},"properties":{"supply_id":"new_taipei-onstreet-24977","city":"new_taipei","district":"淡水區","display_name":"崁頂二路 車格 24977","address":"崁頂二路","facility_kind":"onstreet","symbol_text":null,"type_reference":"路邊停車格","type_confidence":0.6,"price_raw":null,"price_value":null,"capacity_total":1,"available_total":1,"occupied_total":0,"status_label":"空位","data_time":"2026-05-02 15:53:29+08:00","city_label":"新北市","facility_kind_label":"路邊車格","available_rate":1,"occupancy_rate":0,"price_tier":"unknown","price_tier_label":"價格未知"}},{"type":"Feature","geometry":{"type":"Point","coordinates":[121.438708,25.194299]},"properties":{"supply_id":"new_taipei-onstreet-115527","city":"new_taipei","district":"淡水區","display_name":"義山路二段 車格 115527","address":"義山路二段","facility_kind":"onstreet","symbol_text":null,"type_reference":"路邊停車格","type_confidence":0.6,"price_raw":null,"price_value":null,"capacity_total":1,"available_total":1,"occupied_total":0,"status_label":"空位","data_time":"2026-05-02 15:53:29+08:00","city_label":"新北市","facility_kind_label":"路邊車格","available_rate":1,"occupancy_rate":0,"price_tier":"unknown","price_tier_label":"價格未知"}},{"type":"Feature","geometry":{"type":"Point","coordinates":[121.434414,25.183685]},"properties":{"supply_id":"new_taipei-onstreet-139746","city":"new_taipei","district":"淡水區","display_name":"大庄路 車格 139746","address":"大庄路","facility_kind":"onstreet","symbol_text":null,"type_reference":"路邊停車格","type_confidence":0.6,"price_raw":null,"price_value":null,"capacity_total":1,"available_total":1,"occupied_total":0,"status_label":"空位","data_time":"2026-05-02 15:53:29+08:00","city_label":"新北市","facility_kind_label":"路邊車格","available_rate":1,"occupancy_rate":0,"price_tier":"unknown","price_tier_label":"價格未知"}},{"type":"Feature","geometry":{"type":"Point","coordinates":[121.433638,25.183424]},"properties":{"supply_id":"new_taipei-onstreet-139700","city":"new_taipei","district":"淡水區","display_name":"大庄路 車格 139700","address":"大庄路","facility_kind":"onstreet","symbol_text":null,"type_reference":"路邊停車格","type_confidence":0.6,"price_raw":null,"price_value":null,"capacity_total":1,"available_total":0,"occupied_total":1,"status_label":"已停","data_time":"2026-05-02 15:53:29+08:00","city_label":"新北市","facility_kind_label":"路邊車格","available_rate":0,"occupancy_rate":1,"price_tier":"unknown","price_tier_label":"價格未知"}},{"type":"Feature","geometry":{"type":"Point","coordinates":[121.409999,25.187426]},"properties":{"supply_id":"new_taipei-onstreet-144142","city":"new_taipei","district":"淡水區","display_name":"觀海路 車格 144142","address":"觀海路","facility_kind":"onstreet","symbol_text":null,"type_reference":"路邊停車格","type_confidence":0.6,"price_raw":null,"price_value":null,"capacity_total":1,"available_total":null,"occupied_total":null,"status_label":"不可用","data_time":"2026-05-02 15:53:29+08:00","city_label":"新北市","facility_kind_label":"路邊車格","available_rate":null,"occupancy_rate":null,"price_tier":"unknown","price_tier_label":"價格未知"}},{"type":"Feature","geometry":{"type":"Point","coordinates":[121.435229,25.194641]},"properties":{"supply_id":"new_taipei-onstreet-24975","city":"new_taipei","district":"淡水區","display_name":"崁頂二路 車格 24975","address":"崁頂二路","facility_kind":"onstreet","symbol_text":null,"type_reference":"路邊停車格","type_confidence":0.6,"price_raw":null,"price_value":null,"capacity_total":1,"available_total":0,"occupied_total":1,"status_label":"已停","data_time":"2026-05-02 15:53:29+08:00","city_label":"新北市","facility_kind_label":"路邊車格","available_rate":0,"occupancy_rate":1,"price_tier":"unknown","price_tier_label":"價格未知"}},{"type":"Feature","geometry":{"type":"Point","coordinates":[121.434207,25.183591]},"properties":{"supply_id":"new_taipei-onstreet-139741","city":"new_taipei","district":"淡水區","display_name":"大庄路 車格 139741","address":"大庄路","facility_kind":"onstreet","symbol_text":null,"type_reference":"路邊停車格","type_confidence":0.6,"price_raw":null,"price_value":null,"capacity_total":1,"available_total":0,"occupied_total":1,"status_label":"已停","data_time":"2026-05-02 15:53:29+08:00","city_label":"新北市","facility_kind_label":"路邊車格","available_rate":0,"occupancy_rate":1,"price_tier":"unknown","price_tier_label":"價格未知"}},{"type":"Feature","geometry":{"type":"Point","coordinates":[121.434316,25.183641]},"properties":{"supply_id":"new_taipei-onstreet-139743","city":"new_taipei","district":"淡水區","display_name":"大庄路 車格 139743","address":"大庄路","facility_kind":"onstreet","symbol_text":null,"type_reference":"路邊停車格","type_confidence":0.6,"price_raw":null,"price_value":null,"capacity_total":1,"available_total":0,"occupied_total":1,"status_label":"已停","data_time":"2026-05-02 15:53:29+08:00","city_label":"新北市","facility_kind_label":"路邊車格","available_rate":0,"occupancy_rate":1,"price_tier":"unknown","price_tier_label":"價格未知"}},{"type":"Feature","geometry":{"type":"Point","coordinates":[121.434365,25.183663]},"properties":{"supply_id":"new_taipei-onstreet-139745","city":"new_taipei","district":"淡水區","display_name":"大庄路 車格 139745","address":"大庄路","facility_kind":"onstreet","symbol_text":null,"type_reference":"路邊停車格","type_confidence":0.6,"price_raw":null,"price_value":null,"capacity_total":1,"available_total":1,"occupied_total":0,"status_label":"空位","data_time":"2026-05-02 15:53:29+08:00","city_label":"新北市","facility_kind_label":"路邊車格","available_rate":1,"occupancy_rate":0,"price_tier":"unknown","price_tier_label":"價格未知"}},{"type":"Feature","geometry":{"type":"Point","coordinates":[121.438696,25.194202]},"properties":{"supply_id":"new_taipei-onstreet-115529","city":"new_taipei","district":"淡水區","display_name":"義山路二段 車格 115529","address":"義山路二段","facility_kind":"onstreet","symbol_text":null,"type_reference":"路邊停車格","type_confidence":0.6,"price_raw":null,"price_value":null,"capacity_total":1,"available_total":1,"occupied_total":0,"status_label":"空位","data_time":"2026-05-02 15:53:29+08:00","city_label":"新北市","facility_kind_label":"路邊車格","available_rate":1,"occupancy_rate":0,"price_tier":"unknown","price_tier_label":"價格未知"}},{"type":"Feature","geometry":{"type":"Point","coordinates":[121.434108,25.183551]},"properties":{"supply_id":"new_taipei-onstreet-139739","city":"new_taipei","district":"淡水區","display_name":"大庄路 車格 139739","address":"大庄路","facility_kind":"onstreet","symbol_text":null,"type_reference":"路邊停車格","type_confidence":0.6,"price_raw":null,"price_value":null,"capacity_total":1,"available_total":1,"occupied_total":0,"status_label":"空位","data_time":"2026-05-02 15:53:29+08:00","city_label":"新北市","facility_kind_label":"路邊車格","available_rate":1,"occupancy_rate":0,"price_tier":"unknown","price_tier_label":"價格未知"}},{"type":"Feature","geometry":{"type":"Point","coordinates":[121.438646,25.193858]},"properties":{"supply_id":"new_taipei-onstreet-115536","city":"new_taipei","district":"淡水區","display_name":"義山路二段 車格 115536","address":"義山路二段","facility_kind":"onstreet","symbol_text":null,"type_reference":"路邊停車格","type_confidence":0.6,"price_raw":null,"price_value":null,"capacity_total":1,"available_total":1,"occupied_total":0,"status_label":"空位","data_time":"2026-05-02 15:53:29+08:00","city_label":"新北市","facility_kind_label":"路邊車格","available_rate":1,"occupancy_rate":0,"price_tier":"unknown","price_tier_label":"價格未知"}},{"type":"Feature","geometry":{"type":"Point","coordinates":[121.433902,25.183483]},"properties":{"supply_id":"new_taipei-onstreet-139735","city":"new_taipei","district":"淡水區","display_name":"大庄路 車格 139735","address":"大庄路","facility_kind":"onstreet","symbol_text":null,"type_reference":"路邊停車格","type_confidence":0.6,"price_raw":null,"price_value":null,"capacity_total":1,"available_total":1,"occupied_total":0,"status_label":"空位","data_time":"2026-05-02 15:53:29+08:00","city_label":"新北市","facility_kind_label":"路邊車格","available_rate":1,"occupancy_rate":0,"price_tier":"unknown","price_tier_label":"價格未知"}},{"type":"Feature","geometry":{"type":"Point","coordinates":[121.438661,25.193956]},"properties":{"supply_id":"new_taipei-onstreet-115534","city":"new_taipei","district":"淡水區","display_name":"義山路二段 車格 115534","address":"義山路二段","facility_kind":"onstreet","symbol_text":null,"type_reference":"路邊停車格","type_confidence":0.6,"price_raw":null,"price_value":null,"capacity_total":1,"available_total":1,"occupied_total":0,"status_label":"空位","data_time":"2026-05-02 15:53:29+08:00","city_label":"新北市","facility_kind_label":"路邊車格","available_rate":1,"occupancy_rate":0,"price_tier":"unknown","price_tier_label":"價格未知"}},{"type":"Feature","geometry":{"type":"Point","coordinates":[121.435213,25.194543]},"properties":{"supply_id":"new_taipei-onstreet-24973","city":"new_taipei","district":"淡水區","display_name":"崁頂二路 車格 24973","address":"崁頂二路","facility_kind":"onstreet","symbol_text":null,"type_reference":"路邊停車格","type_confidence":0.6,"price_raw":null,"price_value":null,"capacity_total":1,"available_total":1,"occupied_total":0,"status_label":"空位","data_time":"2026-05-02 15:53:29+08:00","city_label":"新北市","facility_kind_label":"路邊車格","available_rate":1,"occupancy_rate":0,"price_tier":"unknown","price_tier_label":"價格未知"}},{"type":"Feature","geometry":{"type":"Point","coordinates":[121.438715,25.194348]},"properties":{"supply_id":"new_taipei-onstreet-115526","city":"new_taipei","district":"淡水區","display_name":"義山路二段 車格 115526","address":"義山路二段","facility_kind":"onstreet","symbol_text":null,"type_reference":"路邊停車格","type_confidence":0.6,"price_raw":null,"price_value":null,"capacity_total":1,"available_total":1,"occupied_total":0,"status_label":"空位","data_time":"2026-05-02 15:53:29+08:00","city_label":"新北市","facility_kind_label":"路邊車格","available_rate":1,"occupancy_rate":0,"price_tier":"unknown","price_tier_label":"價格未知"}},{"type":"Feature","geometry":{"type":"Point","coordinates":[121.435205,25.194494]},"properties":{"supply_id":"new_taipei-onstreet-24974","city":"new_taipei","district":"淡水區","display_name":"崁頂二路 車格 24974","address":"崁頂二路","facility_kind":"onstreet","symbol_text":null,"type_reference":"路邊停車格","type_confidence":0.6,"price_raw":null,"price_value":null,"capacity_total":1,"available_total":0,"occupied_total":1,"status_label":"已停","data_time":"2026-05-02 15:53:29+08:00","city_label":"新北市","facility_kind_label":"路邊車格","available_rate":0,"occupancy_rate":1,"price_tier":"unknown","price_tier_label":"價格未知"}},{"type":"Feature","geometry":{"type":"Point","coordinates":[121.433849,25.183471]},"properties":{"supply_id":"new_taipei-onstreet-139733","city":"new_taipei","district":"淡水區","display_name":"大庄路 車格 139733","address":"大庄路","facility_kind":"onstreet","symbol_text":null,"type_reference":"路邊停車格","type_confidence":0.6,"price_raw":null,"price_value":null,"capacity_total":1,"available_total":1,"occupied_total":0,"status_label":"空位","data_time":"2026-05-02 15:53:29+08:00","city_label":"新北市","facility_kind_label":"路邊車格","available_rate":1,"occupancy_rate":0,"price_tier":"unknown","price_tier_label":"價格未知"}},{"type":"Feature","geometry":{"type":"Point","coordinates":[121.435221,25.194592]},"properties":{"supply_id":"new_taipei-onstreet-24976","city":"new_taipei","district":"淡水區","display_name":"崁頂二路 車格 24976","address":"崁頂二路","facility_kind":"onstreet","symbol_text":null,"type_reference":"路邊停車格","type_confidence":0.6,"price_raw":null,"price_value":null,"capacity_total":1,"available_total":1,"occupied_total":0,"status_label":"空位","data_time":"2026-05-02 15:53:29+08:00","city_label":"新北市","facility_kind_label":"路邊車格","available_rate":1,"occupancy_rate":0,"price_tier":"unknown","price_tier_label":"價格未知"}},{"type":"Feature","geometry":{"type":"Point","coordinates":[121.435197,25.194445]},"properties":{"supply_id":"new_taipei-onstreet-24971","city":"new_taipei","district":"淡水區","display_name":"崁頂二路 車格 24971","address":"崁頂二路","facility_kind":"onstreet","symbol_text":null,"type_reference":"路邊停車格","type_confidence":0.6,"price_raw":null,"price_value":null,"capacity_total":1,"available_total":0,"occupied_total":1,"status_label":"已停","data_time":"2026-05-02 15:53:29+08:00","city_label":"新北市","facility_kind_label":"路邊車格","available_rate":0,"occupancy_rate":1,"price_tier":"unknown","price_tier_label":"價格未知"}},{"type":"Feature","geometry":{"type":"Point","coordinates":[121.438654,25.193908]},"properties":{"supply_id":"new_taipei-onstreet-115535","city":"new_taipei","district":"淡水區","display_name":"義山路二段 車格 115535","address":"義山路二段","facility_kind":"onstreet","symbol_text":null,"type_reference":"路邊停車格","type_confidence":0.6,"price_raw":null,"price_value":null,"capacity_total":1,"available_total":1,"occupied_total":0,"status_label":"空位","data_time":"2026-05-02 15:53:29+08:00","city_label":"新北市","facility_kind_label":"路邊車格","available_rate":1,"occupancy_rate":0,"price_tier":"unknown","price_tier_label":"價格未知"}},{"type":"Feature","geometry":{"type":"Point","coordinates":[121.435189,25.194396]},"properties":{"supply_id":"new_taipei-onstreet-24972","city":"new_taipei","district":"淡水區","display_name":"崁頂二路 車格 24972","address":"崁頂二路","facility_kind":"onstreet","symbol_text":null,"type_reference":"路邊停車格","type_confidence":0.6,"price_raw":null,"price_value":null,"capacity_total":1,"available_total":1,"occupied_total":0,"status_label":"空位","data_time":"2026-05-02 15:53:29+08:00","city_label":"新北市","facility_kind_label":"路邊車格","available_rate":1,"occupancy_rate":0,"price_tier":"unknown","price_tier_label":"價格未知"}},{"type":"Feature","geometry":{"type":"Point","coordinates":[121.433955,25.183494]},"properties":{"supply_id":"new_taipei-onstreet-139738","city":"new_taipei","district":"淡水區","display_name":"大庄路 車格 139738","address":"大庄路","facility_kind":"onstreet","symbol_text":null,"type_reference":"路邊停車格","type_confidence":0.6,"price_raw":null,"price_value":null,"capacity_total":1,"available_total":1,"occupied_total":0,"status_label":"空位","data_time":"2026-05-02 15:53:29+08:00","city_label":"新北市","facility_kind_label":"路邊車格","available_rate":1,"occupancy_rate":0,"price_tier":"unknown","price_tier_label":"價格未知"}},{"type":"Feature","geometry":{"type":"Point","coordinates":[121.438677,25.194054]},"properties":{"supply_id":"new_taipei-onstreet-115532","city":"new_taipei","district":"淡水區","display_name":"義山路二段 車格 115532","address":"義山路二段","facility_kind":"onstreet","symbol_text":null,"type_reference":"路邊停車格","type_confidence":0.6,"price_raw":null,"price_value":null,"capacity_total":1,"available_total":0,"occupied_total":1,"status_label":"已停","data_time":"2026-05-02 15:53:29+08:00","city_label":"新北市","facility_kind_label":"路邊車格","available_rate":0,"occupancy_rate":1,"price_tier":"unknown","price_tier_label":"價格未知"}},{"type":"Feature","geometry":{"type":"Point","coordinates":[121.438689,25.194152]},"properties":{"supply_id":"new_taipei-onstreet-115530","city":"new_taipei","district":"淡水區","display_name":"義山路二段 車格 115530","address":"義山路二段","facility_kind":"onstreet","symbol_text":null,"type_reference":"路邊停車格","type_confidence":0.6,"price_raw":null,"price_value":null,"capacity_total":1,"available_total":1,"occupied_total":0,"status_label":"空位","data_time":"2026-05-02 15:53:29+08:00","city_label":"新北市","facility_kind_label":"路邊車格","available_rate":1,"occupancy_rate":0,"price_tier":"unknown","price_tier_label":"價格未知"}},{"type":"Feature","geometry":{"type":"Point","coordinates":[121.438669,25.194005]},"properties":{"supply_id":"new_taipei-onstreet-115533","city":"new_taipei","district":"淡水區","display_name":"義山路二段 車格 115533","address":"義山路二段","facility_kind":"onstreet","symbol_text":null,"type_reference":"路邊停車格","type_confidence":0.6,"price_raw":null,"price_value":null,"capacity_total":1,"available_total":1,"occupied_total":0,"status_label":"空位","data_time":"2026-05-02 15:53:29+08:00","city_label":"新北市","facility_kind_label":"路邊車格","available_rate":1,"occupancy_rate":0,"price_tier":"unknown","price_tier_label":"價格未知"}},{"type":"Feature","geometry":{"type":"Point","coordinates":[121.438683,25.194103]},"properties":{"supply_id":"new_taipei-onstreet-115531","city":"new_taipei","district":"淡水區","display_name":"義山路二段 車格 115531","address":"義山路二段","facility_kind":"onstreet","symbol_text":null,"type_reference":"路邊停車格","type_confidence":0.6,"price_raw":null,"price_value":null,"capacity_total":1,"available_total":1,"occupied_total":0,"status_label":"空位","data_time":"2026-05-02 15:53:29+08:00","city_label":"新北市","facility_kind_label":"路邊車格","available_rate":1,"occupancy_rate":0,"price_tier":"unknown","price_tier_label":"價格未知"}},{"type":"Feature","geometry":{"type":"Point","coordinates":[121.434158,25.183571]},"properties":{"supply_id":"new_taipei-onstreet-139740","city":"new_taipei","district":"淡水區","display_name":"大庄路 車格 139740","address":"大庄路","facility_kind":"onstreet","symbol_text":null,"type_reference":"路邊停車格","type_confidence":0.6,"price_raw":null,"price_value":null,"capacity_total":1,"available_total":1,"occupied_total":0,"status_label":"空位","data_time":"2026-05-02 15:53:29+08:00","city_label":"新北市","facility_kind_label":"路邊車格","available_rate":1,"occupancy_rate":0,"price_tier":"unknown","price_tier_label":"價格未知"}},{"type":"Feature","geometry":{"type":"Point","coordinates":[121.434624,25.183779]},"properties":{"supply_id":"new_taipei-onstreet-139748","city":"new_taipei","district":"淡水區","display_name":"大庄路 車格 139748","address":"大庄路","facility_kind":"onstreet","symbol_text":null,"type_reference":"路邊停車格","type_confidence":0.6,"price_raw":null,"price_value":null,"capacity_total":1,"available_total":1,"occupied_total":0,"status_label":"空位","data_time":"2026-05-02 15:53:29+08:00","city_label":"新北市","facility_kind_label":"路邊車格","available_rate":1,"occupancy_rate":0,"price_tier":"unknown","price_tier_label":"價格未知"}},{"type":"Feature","geometry":{"type":"Point","coordinates":[121.434512,25.183728]},"properties":{"supply_id":"new_taipei-onstreet-139747","city":"new_taipei","district":"淡水區","display_name":"大庄路 車格 139747","address":"大庄路","facility_kind":"onstreet","symbol_text":null,"type_reference":"路邊停車格","type_confidence":0.6,"price_raw":null,"price_value":null,"capacity_total":1,"available_total":1,"occupied_total":0,"status_label":"空位","data_time":"2026-05-02 15:53:29+08:00","city_label":"新北市","facility_kind_label":"路邊車格","available_rate":1,"occupancy_rate":0,"price_tier":"unknown","price_tier_label":"價格未知"}},{"type":"Feature","geometry":{"type":"Point","coordinates":[121.432779,25.183676]},"properties":{"supply_id":"new_taipei-onstreet-139797","city":"new_taipei","district":"淡水區","display_name":"大庄路 車格 139797","address":"大庄路","facility_kind":"onstreet","symbol_text":null,"type_reference":"路邊停車格","type_confidence":0.6,"price_raw":null,"price_value":null,"capacity_total":1,"available_total":1,"occupied_total":0,"status_label":"空位","data_time":"2026-05-02 15:53:29+08:00","city_label":"新北市","facility_kind_label":"路邊車格","available_rate":1,"occupancy_rate":0,"price_tier":"unknown","price_tier_label":"價格未知"}},{"type":"Feature","geometry":{"type":"Point","coordinates":[121.43266,25.183678]},"properties":{"supply_id":"new_taipei-onstreet-139795","city":"new_taipei","district":"淡水區","display_name":"大庄路 車格 139795","address":"大庄路","facility_kind":"onstreet","symbol_text":null,"type_reference":"路邊停車格","type_confidence":0.6,"price_raw":null,"price_value":null,"capacity_total":1,"available_total":1,"occupied_total":0,"status_label":"空位","data_time":"2026-05-02 15:53:29+08:00","city_label":"新北市","facility_kind_label":"路邊車格","available_rate":1,"occupancy_rate":0,"price_tier":"unknown","price_tier_label":"價格未知"}},{"type":"Feature","geometry":{"type":"Point","coordinates":[121.434463,25.183707]},"properties":{"supply_id":"new_taipei-onstreet-139744","city":"new_taipei","district":"淡水區","display_name":"大庄路 車格 139744","address":"大庄路","facility_kind":"onstreet","symbol_text":null,"type_reference":"路邊停車格","type_confidence":0.6,"price_raw":null,"price_value":null,"capacity_total":1,"available_total":1,"occupied_total":0,"status_label":"空位","data_time":"2026-05-02 15:53:29+08:00","city_label":"新北市","facility_kind_label":"路邊車格","available_rate":1,"occupancy_rate":0,"price_tier":"unknown","price_tier_label":"價格未知"}},{"type":"Feature","geometry":{"type":"Point","coordinates":[121.434574,25.183758]},"properties":{"supply_id":"new_taipei-onstreet-139749","city":"new_taipei","district":"淡水區","display_name":"大庄路 車格 139749","address":"大庄路","facility_kind":"onstreet","symbol_text":null,"type_reference":"路邊停車格","type_confidence":0.6,"price_raw":null,"price_value":null,"capacity_total":1,"available_total":1,"occupied_total":0,"status_label":"空位","data_time":"2026-05-02 15:53:29+08:00","city_label":"新北市","facility_kind_label":"路邊車格","available_rate":1,"occupancy_rate":0,"price_tier":"unknown","price_tier_label":"價格未知"}},{"type":"Feature","geometry":{"type":"Point","coordinates":[121.432542,25.183675]},"properties":{"supply_id":"new_taipei-onstreet-139794","city":"new_taipei","district":"淡水區","display_name":"大庄路 車格 139794","address":"大庄路","facility_kind":"onstreet","symbol_text":null,"type_reference":"路邊停車格","type_confidence":0.6,"price_raw":null,"price_value":null,"capacity_total":1,"available_total":1,"occupied_total":0,"status_label":"空位","data_time":"2026-05-02 15:53:29+08:00","city_label":"新北市","facility_kind_label":"路邊車格","available_rate":1,"occupancy_rate":0,"price_tier":"unknown","price_tier_label":"價格未知"}},{"type":"Feature","geometry":{"type":"Point","coordinates":[121.432482,25.183672]},"properties":{"supply_id":"new_taipei-onstreet-139791","city":"new_taipei","district":"淡水區","display_name":"大庄路 車格 139791","address":"大庄路","facility_kind":"onstreet","symbol_text":null,"type_reference":"路邊停車格","type_confidence":0.6,"price_raw":null,"price_value":null,"capacity_total":1,"available_total":1,"occupied_total":0,"status_label":"空位","data_time":"2026-05-02 15:53:29+08:00","city_label":"新北市","facility_kind_label":"路邊車格","available_rate":1,"occupancy_rate":0,"price_tier":"unknown","price_tier_label":"價格未知"}},{"type":"Feature","geometry":{"type":"Point","coordinates":[121.432838,25.183674]},"properties":{"supply_id":"new_taipei-onstreet-139799","city":"new_taipei","district":"淡水區","display_name":"大庄路 車格 139799","address":"大庄路","facility_kind":"onstreet","symbol_text":null,"type_reference":"路邊停車格","type_confidence":0.6,"price_raw":null,"price_value":null,"capacity_total":1,"available_total":1,"occupied_total":0,"status_label":"空位","data_time":"2026-05-02 15:53:29+08:00","city_label":"新北市","facility_kind_label":"路邊車格","available_rate":1,"occupancy_rate":0,"price_tier":"unknown","price_tier_label":"價格未知"}},{"type":"Feature","geometry":{"type":"Point","coordinates":[121.43272,25.183677]},"properties":{"supply_id":"new_taipei-onstreet-139798","city":"new_taipei","district":"淡水區","display_name":"大庄路 車格 139798","address":"大庄路","facility_kind":"onstreet","symbol_text":null,"type_reference":"路邊停車格","type_confidence":0.6,"price_raw":null,"price_value":null,"capacity_total":1,"available_total":1,"occupied_total":0,"status_label":"空位","data_time":"2026-05-02 15:53:29+08:00","city_label":"新北市","facility_kind_label":"路邊車格","available_rate":1,"occupancy_rate":0,"price_tier":"unknown","price_tier_label":"價格未知"}},{"type":"Feature","geometry":{"type":"Point","coordinates":[121.432601,25.183677]},"properties":{"supply_id":"new_taipei-onstreet-139796","city":"new_taipei","district":"淡水區","display_name":"大庄路 車格 139796","address":"大庄路","facility_kind":"onstreet","symbol_text":null,"type_reference":"路邊停車格","type_confidence":0.6,"price_raw":null,"price_value":null,"capacity_total":1,"available_total":0,"occupied_total":1,"status_label":"已停","data_time":"2026-05-02 15:53:29+08:00","city_label":"新北市","facility_kind_label":"路邊車格","available_rate":0,"occupancy_rate":1,"price_tier":"unknown","price_tier_label":"價格未知"}},{"type":"Feature","geometry":{"type":"Point","coordinates":[121.438973,25.196041]},"properties":{"supply_id":"new_taipei-onstreet-115215","city":"new_taipei","district":"淡水區","display_name":"義山路二段 車格 115215","address":"義山路二段","facility_kind":"onstreet","symbol_text":null,"type_reference":"路邊停車格","type_confidence":0.6,"price_raw":null,"price_value":null,"capacity_total":1,"available_total":1,"occupied_total":0,"status_label":"空位","data_time":"2026-05-02 15:53:29+08:00","city_label":"新北市","facility_kind_label":"路邊車格","available_rate":1,"occupancy_rate":0,"price_tier":"unknown","price_tier_label":"價格未知"}},{"type":"Feature","geometry":{"type":"Point","coordinates":[121.432425,25.183669]},"properties":{"supply_id":"new_taipei-onstreet-139792","city":"new_taipei","district":"淡水區","display_name":"大庄路 車格 139792","address":"大庄路","facility_kind":"onstreet","symbol_text":null,"type_reference":"路邊停車格","type_confidence":0.6,"price_raw":null,"price_value":null,"capacity_total":1,"available_total":0,"occupied_total":1,"status_label":"已停","data_time":"2026-05-02 15:53:29+08:00","city_label":"新北市","facility_kind_label":"路邊車格","available_rate":0,"occupancy_rate":1,"price_tier":"unknown","price_tier_label":"價格未知"}},{"type":"Feature","geometry":{"type":"Point","coordinates":[121.438988,25.196139]},"properties":{"supply_id":"new_taipei-onstreet-115213","city":"new_taipei","district":"淡水區","display_name":"義山路二段 車格 115213","address":"義山路二段","facility_kind":"onstreet","symbol_text":null,"type_reference":"路邊停車格","type_confidence":0.6,"price_raw":null,"price_value":null,"capacity_total":1,"available_total":1,"occupied_total":0,"status_label":"空位","data_time":"2026-05-02 15:53:29+08:00","city_label":"新北市","facility_kind_label":"路邊車格","available_rate":1,"occupancy_rate":0,"price_tier":"unknown","price_tier_label":"價格未知"}},{"type":"Feature","geometry":{"type":"Point","coordinates":[121.43898,25.19609]},"properties":{"supply_id":"new_taipei-onstreet-115214","city":"new_taipei","district":"淡水區","display_name":"義山路二段 車格 115214","address":"義山路二段","facility_kind":"onstreet","symbol_text":null,"type_reference":"路邊停車格","type_confidence":0.6,"price_raw":null,"price_value":null,"capacity_total":1,"available_total":1,"occupied_total":0,"status_label":"空位","data_time":"2026-05-02 15:53:29+08:00","city_label":"新北市","facility_kind_label":"路邊車格","available_rate":1,"occupancy_rate":0,"price_tier":"unknown","price_tier_label":"價格未知"}},{"type":"Feature","geometry":{"type":"Point","coordinates":[121.432309,25.18367]},"properties":{"supply_id":"new_taipei-onstreet-139789","city":"new_taipei","district":"淡水區","display_name":"大庄路 車格 139789","address":"大庄路","facility_kind":"onstreet","symbol_text":null,"type_reference":"路邊停車格","type_confidence":0.6,"price_raw":null,"price_value":null,"capacity_total":1,"available_total":1,"occupied_total":0,"status_label":"空位","data_time":"2026-05-02 15:53:29+08:00","city_label":"新北市","facility_kind_label":"路邊車格","available_rate":1,"occupancy_rate":0,"price_tier":"unknown","price_tier_label":"價格未知"}},{"type":"Feature","geometry":{"type":"Point","coordinates":[121.432138,25.183685]},"properties":{"supply_id":"new_taipei-onstreet-139785","city":"new_taipei","district":"淡水區","display_name":"大庄路 車格 139785","address":"大庄路","facility_kind":"onstreet","symbol_text":null,"type_reference":"路邊停車格","type_confidence":0.6,"price_raw":null,"price_value":null,"capacity_total":1,"available_total":1,"occupied_total":0,"status_label":"空位","data_time":"2026-05-02 15:53:29+08:00","city_label":"新北市","facility_kind_label":"路邊車格","available_rate":1,"occupancy_rate":0,"price_tier":"unknown","price_tier_label":"價格未知"}},{"type":"Feature","geometry":{"type":"Point","coordinates":[121.43203,25.183704]},"properties":{"supply_id":"new_taipei-onstreet-139784","city":"new_taipei","district":"淡水區","display_name":"大庄路 車格 139784","address":"大庄路","facility_kind":"onstreet","symbol_text":null,"type_reference":"路邊停車格","type_confidence":0.6,"price_raw":null,"price_value":null,"capacity_total":1,"available_total":1,"occupied_total":0,"status_label":"空位","data_time":"2026-05-02 15:53:29+08:00","city_label":"新北市","facility_kind_label":"路邊車格","available_rate":1,"occupancy_rate":0,"price_tier":"unknown","price_tier_label":"價格未知"}},{"type":"Feature","geometry":{"type":"Point","coordinates":[121.439039,25.196483]},"properties":{"supply_id":"new_taipei-onstreet-115206","city":"new_taipei","district":"淡水區","display_name":"義山路二段 車格 115206","address":"義山路二段","facility_kind":"onstreet","symbol_text":null,"type_reference":"路邊停車格","type_confidence":0.6,"price_raw":null,"price_value":null,"capacity_total":1,"available_total":1,"occupied_total":0,"status_label":"空位","data_time":"2026-05-02 15:53:29+08:00","city_label":"新北市","facility_kind_label":"路邊車格","available_rate":1,"occupancy_rate":0,"price_tier":"unknown","price_tier_label":"價格未知"}},{"type":"Feature","geometry":{"type":"Point","coordinates":[121.43187,25.183734]},"properties":{"supply_id":"new_taipei-onstreet-139782","city":"new_taipei","district":"淡水區","display_name":"大庄路 車格 139782","address":"大庄路","facility_kind":"onstreet","symbol_text":null,"type_reference":"路邊停車格","type_confidence":0.6,"price_raw":null,"price_value":null,"capacity_total":1,"available_total":1,"occupied_total":0,"status_label":"空位","data_time":"2026-05-02 15:53:29+08:00","city_label":"新北市","facility_kind_label":"路邊車格","available_rate":1,"occupancy_rate":0,"price_tier":"unknown","price_tier_label":"價格未知"}},{"type":"Feature","geometry":{"type":"Point","coordinates":[121.438995,25.196189]},"properties":{"supply_id":"new_taipei-onstreet-115212","city":"new_taipei","district":"淡水區","display_name":"義山路二段 車格 115212","address":"義山路二段","facility_kind":"onstreet","symbol_text":null,"type_reference":"路邊停車格","type_confidence":0.6,"price_raw":null,"price_value":null,"capacity_total":1,"available_total":1,"occupied_total":0,"status_label":"空位","data_time":"2026-05-02 15:53:29+08:00","city_label":"新北市","facility_kind_label":"路邊車格","available_rate":1,"occupancy_rate":0,"price_tier":"unknown","price_tier_label":"價格未知"}},{"type":"Feature","geometry":{"type":"Point","coordinates":[121.432251,25.183673]},"properties":{"supply_id":"new_taipei-onstreet-139790","city":"new_taipei","district":"淡水區","display_name":"大庄路 車格 139790","address":"大庄路","facility_kind":"onstreet","symbol_text":null,"type_reference":"路邊停車格","type_confidence":0.6,"price_raw":null,"price_value":null,"capacity_total":1,"available_total":1,"occupied_total":0,"status_label":"空位","data_time":"2026-05-02 15:53:29+08:00","city_label":"新北市","facility_kind_label":"路邊車格","available_rate":1,"occupancy_rate":0,"price_tier":"unknown","price_tier_label":"價格未知"}},{"type":"Feature","geometry":{"type":"Point","coordinates":[121.439003,25.196237]},"properties":{"supply_id":"new_taipei-onstreet-115211","city":"new_taipei","district":"淡水區","display_name":"義山路二段 車格 115211","address":"義山路二段","facility_kind":"onstreet","symbol_text":null,"type_reference":"路邊停車格","type_confidence":0.6,"price_raw":null,"price_value":null,"capacity_total":1,"available_total":1,"occupied_total":0,"status_label":"空位","data_time":"2026-05-02 15:53:29+08:00","city_label":"新北市","facility_kind_label":"路邊車格","available_rate":1,"occupancy_rate":0,"price_tier":"unknown","price_tier_label":"價格未知"}},{"type":"Feature","geometry":{"type":"Point","coordinates":[121.432194,25.183679]},"properties":{"supply_id":"new_taipei-onstreet-139788","city":"new_taipei","district":"淡水區","display_name":"大庄路 車格 139788","address":"大庄路","facility_kind":"onstreet","symbol_text":null,"type_reference":"路邊停車格","type_confidence":0.6,"price_raw":null,"price_value":null,"capacity_total":1,"available_total":1,"occupied_total":0,"status_label":"空位","data_time":"2026-05-02 15:53:29+08:00","city_label":"新北市","facility_kind_label":"路邊車格","available_rate":1,"occupancy_rate":0,"price_tier":"unknown","price_tier_label":"價格未知"}},{"type":"Feature","geometry":{"type":"Point","coordinates":[121.43901,25.196287]},"properties":{"supply_id":"new_taipei-onstreet-115210","city":"new_taipei","district":"淡水區","display_name":"義山路二段 車格 115210","address":"義山路二段","facility_kind":"onstreet","symbol_text":null,"type_reference":"路邊停車格","type_confidence":0.6,"price_raw":null,"price_value":null,"capacity_total":1,"available_total":1,"occupied_total":0,"status_label":"空位","data_time":"2026-05-02 15:53:29+08:00","city_label":"新北市","facility_kind_label":"路邊車格","available_rate":1,"occupancy_rate":0,"price_tier":"unknown","price_tier_label":"價格未知"}},{"type":"Feature","geometry":{"type":"Point","coordinates":[121.439017,25.196336]},"properties":{"supply_id":"new_taipei-onstreet-115209","city":"new_taipei","district":"淡水區","display_name":"義山路二段 車格 115209","address":"義山路二段","facility_kind":"onstreet","symbol_text":null,"type_reference":"路邊停車格","type_confidence":0.6,"price_raw":null,"price_value":null,"capacity_total":1,"available_total":1,"occupied_total":0,"status_label":"空位","data_time":"2026-05-02 15:53:29+08:00","city_label":"新北市","facility_kind_label":"路邊車格","available_rate":1,"occupancy_rate":0,"price_tier":"unknown","price_tier_label":"價格未知"}},{"type":"Feature","geometry":{"type":"Point","coordinates":[121.432083,25.183694]},"properties":{"supply_id":"new_taipei-onstreet-139787","city":"new_taipei","district":"淡水區","display_name":"大庄路 車格 139787","address":"大庄路","facility_kind":"onstreet","symbol_text":null,"type_reference":"路邊停車格","type_confidence":0.6,"price_raw":null,"price_value":null,"capacity_total":1,"available_total":0,"occupied_total":1,"status_label":"已停","data_time":"2026-05-02 15:53:29+08:00","city_label":"新北市","facility_kind_label":"路邊車格","available_rate":0,"occupancy_rate":1,"price_tier":"unknown","price_tier_label":"價格未知"}},{"type":"Feature","geometry":{"type":"Point","coordinates":[121.439025,25.196385]},"properties":{"supply_id":"new_taipei-onstreet-115208","city":"new_taipei","district":"淡水區","display_name":"義山路二段 車格 115208","address":"義山路二段","facility_kind":"onstreet","symbol_text":null,"type_reference":"路邊停車格","type_confidence":0.6,"price_raw":null,"price_value":null,"capacity_total":1,"available_total":1,"occupied_total":0,"status_label":"空位","data_time":"2026-05-02 15:53:29+08:00","city_label":"新北市","facility_kind_label":"路邊車格","available_rate":1,"occupancy_rate":0,"price_tier":"unknown","price_tier_label":"價格未知"}},{"type":"Feature","geometry":{"type":"Point","coordinates":[121.432368,25.183668]},"properties":{"supply_id":"new_taipei-onstreet-139793","city":"new_taipei","district":"淡水區","display_name":"大庄路 車格 139793","address":"大庄路","facility_kind":"onstreet","symbol_text":null,"type_reference":"路邊停車格","type_confidence":0.6,"price_raw":null,"price_value":null,"capacity_total":1,"available_total":1,"occupied_total":0,"status_label":"空位","data_time":"2026-05-02 15:53:29+08:00","city_label":"新北市","facility_kind_label":"路邊車格","available_rate":1,"occupancy_rate":0,"price_tier":"unknown","price_tier_label":"價格未知"}},{"type":"Feature","geometry":{"type":"Point","coordinates":[121.431816,25.183746]},"properties":{"supply_id":"new_taipei-onstreet-139783","city":"new_taipei","district":"淡水區","display_name":"大庄路 車格 139783","address":"大庄路","facility_kind":"onstreet","symbol_text":null,"type_reference":"路邊停車格","type_confidence":0.6,"price_raw":null,"price_value":null,"capacity_total":1,"available_total":1,"occupied_total":0,"status_label":"空位","data_time":"2026-05-02 15:53:29+08:00","city_label":"新北市","facility_kind_label":"路邊車格","available_rate":1,"occupancy_rate":0,"price_tier":"unknown","price_tier_label":"價格未知"}},{"type":"Feature","geometry":{"type":"Point","coordinates":[121.439062,25.196631]},"properties":{"supply_id":"new_taipei-onstreet-115203","city":"new_taipei","district":"淡水區","display_name":"義山路二段 車格 115203","address":"義山路二段","facility_kind":"onstreet","symbol_text":null,"type_reference":"路邊停車格","type_confidence":0.6,"price_raw":null,"price_value":null,"capacity_total":1,"available_total":1,"occupied_total":0,"status_label":"空位","data_time":"2026-05-02 15:53:29+08:00","city_label":"新北市","facility_kind_label":"路邊車格","available_rate":1,"occupancy_rate":0,"price_tier":"unknown","price_tier_label":"價格未知"}},{"type":"Feature","geometry":{"type":"Point","coordinates":[121.439069,25.19668]},"properties":{"supply_id":"new_taipei-onstreet-115202","city":"new_taipei","district":"淡水區","display_name":"義山路二段 車格 115202","address":"義山路二段","facility_kind":"onstreet","symbol_text":null,"type_reference":"路邊停車格","type_confidence":0.6,"price_raw":null,"price_value":null,"capacity_total":1,"available_total":1,"occupied_total":0,"status_label":"空位","data_time":"2026-05-02 15:53:29+08:00","city_label":"新北市","facility_kind_label":"路邊車格","available_rate":1,"occupancy_rate":0,"price_tier":"unknown","price_tier_label":"價格未知"}},{"type":"Feature","geometry":{"type":"Point","coordinates":[121.431763,25.183761]},"properties":{"supply_id":"new_taipei-onstreet-139780","city":"new_taipei","district":"淡水區","display_name":"大庄路 車格 139780","address":"大庄路","facility_kind":"onstreet","symbol_text":null,"type_reference":"路邊停車格","type_confidence":0.6,"price_raw":null,"price_value":null,"capacity_total":1,"available_total":1,"occupied_total":0,"status_label":"空位","data_time":"2026-05-02 15:53:29+08:00","city_label":"新北市","facility_kind_label":"路邊車格","available_rate":1,"occupancy_rate":0,"price_tier":"unknown","price_tier_label":"價格未知"}},{"type":"Feature","geometry":{"type":"Point","coordinates":[121.431923,25.183724]},"properties":{"supply_id":"new_taipei-onstreet-139781","city":"new_taipei","district":"淡水區","display_name":"大庄路 車格 139781","address":"大庄路","facility_kind":"onstreet","symbol_text":null,"type_reference":"路邊停車格","type_confidence":0.6,"price_raw":null,"price_value":null,"capacity_total":1,"available_total":1,"occupied_total":0,"status_label":"空位","data_time":"2026-05-02 15:53:29+08:00","city_label":"新北市","facility_kind_label":"路邊車格","available_rate":1,"occupancy_rate":0,"price_tier":"unknown","price_tier_label":"價格未知"}},{"type":"Feature","geometry":{"type":"Point","coordinates":[121.439084,25.196778]},"properties":{"supply_id":"new_taipei-onstreet-115200","city":"new_taipei","district":"淡水區","display_name":"義山路二段 車格 115200","address":"義山路二段","facility_kind":"onstreet","symbol_text":null,"type_reference":"路邊停車格","type_confidence":0.6,"price_raw":null,"price_value":null,"capacity_total":1,"available_total":1,"occupied_total":0,"status_label":"空位","data_time":"2026-05-02 15:53:29+08:00","city_label":"新北市","facility_kind_label":"路邊車格","available_rate":1,"occupancy_rate":0,"price_tier":"unknown","price_tier_label":"價格未知"}},{"type":"Feature","geometry":{"type":"Point","coordinates":[121.439076,25.196729]},"properties":{"supply_id":"new_taipei-onstreet-115201","city":"new_taipei","district":"淡水區","display_name":"義山路二段 車格 115201","address":"義山路二段","facility_kind":"onstreet","symbol_text":null,"type_reference":"路邊停車格","type_confidence":0.6,"price_raw":null,"price_value":null,"capacity_total":1,"available_total":1,"occupied_total":0,"status_label":"空位","data_time":"2026-05-02 15:53:29+08:00","city_label":"新北市","facility_kind_label":"路邊車格","available_rate":1,"occupancy_rate":0,"price_tier":"unknown","price_tier_label":"價格未知"}},{"type":"Feature","geometry":{"type":"Point","coordinates":[121.439047,25.196533]},"properties":{"supply_id":"new_taipei-onstreet-115205","city":"new_taipei","district":"淡水區","display_name":"義山路二段 車格 115205","address":"義山路二段","facility_kind":"onstreet","symbol_text":null,"type_reference":"路邊停車格","type_confidence":0.6,"price_raw":null,"price_value":null,"capacity_total":1,"available_total":1,"occupied_total":0,"status_label":"空位","data_time":"2026-05-02 15:53:29+08:00","city_label":"新北市","facility_kind_label":"路邊車格","available_rate":1,"occupancy_rate":0,"price_tier":"unknown","price_tier_label":"價格未知"}},{"type":"Feature","geometry":{"type":"Point","coordinates":[121.439054,25.196582]},"properties":{"supply_id":"new_taipei-onstreet-115204","city":"new_taipei","district":"淡水區","display_name":"義山路二段 車格 115204","address":"義山路二段","facility_kind":"onstreet","symbol_text":null,"type_reference":"路邊停車格","type_confidence":0.6,"price_raw":null,"price_value":null,"capacity_total":1,"available_total":1,"occupied_total":0,"status_label":"空位","data_time":"2026-05-02 15:53:29+08:00","city_label":"新北市","facility_kind_label":"路邊車格","available_rate":1,"occupancy_rate":0,"price_tier":"unknown","price_tier_label":"價格未知"}},{"type":"Feature","geometry":{"type":"Point","coordinates":[121.431662,25.183798]},"properties":{"supply_id":"new_taipei-onstreet-139779","city":"new_taipei","district":"淡水區","display_name":"大庄路 車格 139779","address":"大庄路","facility_kind":"onstreet","symbol_text":null,"type_reference":"路邊停車格","type_confidence":0.6,"price_raw":null,"price_value":null,"capacity_total":1,"available_total":1,"occupied_total":0,"status_label":"空位","data_time":"2026-05-02 15:53:29+08:00","city_label":"新北市","facility_kind_label":"路邊車格","available_rate":1,"occupancy_rate":0,"price_tier":"unknown","price_tier_label":"價格未知"}},{"type":"Feature","geometry":{"type":"Point","coordinates":[121.431612,25.183817]},"properties":{"supply_id":"new_taipei-onstreet-139777","city":"new_taipei","district":"淡水區","display_name":"大庄路 車格 139777","address":"大庄路","facility_kind":"onstreet","symbol_text":null,"type_reference":"路邊停車格","type_confidence":0.6,"price_raw":null,"price_value":null,"capacity_total":1,"available_total":0,"occupied_total":1,"status_label":"已停","data_time":"2026-05-02 15:53:29+08:00","city_label":"新北市","facility_kind_label":"路邊車格","available_rate":0,"occupancy_rate":1,"price_tier":"unknown","price_tier_label":"價格未知"}},{"type":"Feature","geometry":{"type":"Point","coordinates":[121.439091,25.196827]},"properties":{"supply_id":"new_taipei-onstreet-115199","city":"new_taipei","district":"淡水區","display_name":"義山路二段 車格 115199","address":"義山路二段","facility_kind":"onstreet","symbol_text":null,"type_reference":"路邊停車格","type_confidence":0.6,"price_raw":null,"price_value":null,"capacity_total":1,"available_total":1,"occupied_total":0,"status_label":"空位","data_time":"2026-05-02 15:53:29+08:00","city_label":"新北市","facility_kind_label":"路邊車格","available_rate":1,"occupancy_rate":0,"price_tier":"unknown","price_tier_label":"價格未知"}},{"type":"Feature","geometry":{"type":"Point","coordinates":[121.43146,25.183874]},"properties":{"supply_id":"new_taipei-onstreet-139770","city":"new_taipei","district":"淡水區","display_name":"大庄路 車格 139770","address":"大庄路","facility_kind":"onstreet","symbol_text":null,"type_reference":"路邊停車格","type_confidence":0.6,"price_raw":null,"price_value":null,"capacity_total":1,"available_total":1,"occupied_total":0,"status_label":"空位","data_time":"2026-05-02 15:53:29+08:00","city_label":"新北市","facility_kind_label":"路邊車格","available_rate":1,"occupancy_rate":0,"price_tier":"unknown","price_tier_label":"價格未知"}},{"type":"Feature","geometry":{"type":"Point","coordinates":[121.439032,25.196434]},"properties":{"supply_id":"new_taipei-onstreet-115207","city":"new_taipei","district":"淡水區","display_name":"義山路二段 車格 115207","address":"義山路二段","facility_kind":"onstreet","symbol_text":null,"type_reference":"路邊停車格","type_confidence":0.6,"price_raw":null,"price_value":null,"capacity_total":1,"available_total":1,"occupied_total":0,"status_label":"空位","data_time":"2026-05-02 15:53:29+08:00","city_label":"新北市","facility_kind_label":"路邊車格","available_rate":1,"occupancy_rate":0,"price_tier":"unknown","price_tier_label":"價格未知"}},{"type":"Feature","geometry":{"type":"Point","coordinates":[121.431977,25.183714]},"properties":{"supply_id":"new_taipei-onstreet-139786","city":"new_taipei","district":"淡水區","display_name":"大庄路 車格 139786","address":"大庄路","facility_kind":"onstreet","symbol_text":null,"type_reference":"路邊停車格","type_confidence":0.6,"price_raw":null,"price_value":null,"capacity_total":1,"available_total":1,"occupied_total":0,"status_label":"空位","data_time":"2026-05-02 15:53:29+08:00","city_label":"新北市","facility_kind_label":"路邊車格","available_rate":1,"occupancy_rate":0,"price_tier":"unknown","price_tier_label":"價格未知"}},{"type":"Feature","geometry":{"type":"Point","coordinates":[121.439106,25.196926]},"properties":{"supply_id":"new_taipei-onstreet-115197","city":"new_taipei","district":"淡水區","display_name":"義山路二段 車格 115197","address":"義山路二段","facility_kind":"onstreet","symbol_text":null,"type_reference":"路邊停車格","type_confidence":0.6,"price_raw":null,"price_value":null,"capacity_total":1,"available_total":1,"occupied_total":0,"status_label":"空位","data_time":"2026-05-02 15:53:29+08:00","city_label":"新北市","facility_kind_label":"路邊車格","available_rate":1,"occupancy_rate":0,"price_tier":"unknown","price_tier_label":"價格未知"}},{"type":"Feature","geometry":{"type":"Point","coordinates":[121.439113,25.196975]},"properties":{"supply_id":"new_taipei-onstreet-115196","city":"new_taipei","district":"淡水區","display_name":"義山路二段 車格 115196","address":"義山路二段","facility_kind":"onstreet","symbol_text":null,"type_reference":"路邊停車格","type_confidence":0.6,"price_raw":null,"price_value":null,"capacity_total":1,"available_total":1,"occupied_total":0,"status_label":"空位","data_time":"2026-05-02 15:53:29+08:00","city_label":"新北市","facility_kind_label":"路邊車格","available_rate":1,"occupancy_rate":0,"price_tier":"unknown","price_tier_label":"價格未知"}},{"type":"Feature","geometry":{"type":"Point","coordinates":[121.43136,25.183916]},"properties":{"supply_id":"new_taipei-onstreet-139774","city":"new_taipei","district":"淡水區","display_name":"大庄路 車格 139774","address":"大庄路","facility_kind":"onstreet","symbol_text":null,"type_reference":"路邊停車格","type_confidence":0.6,"price_raw":null,"price_value":null,"capacity_total":1,"available_total":1,"occupied_total":0,"status_label":"空位","data_time":"2026-05-02 15:53:29+08:00","city_label":"新北市","facility_kind_label":"路邊車格","available_rate":1,"occupancy_rate":0,"price_tier":"unknown","price_tier_label":"價格未知"}},{"type":"Feature","geometry":{"type":"Point","coordinates":[121.431712,25.183778]},"properties":{"supply_id":"new_taipei-onstreet-139778","city":"new_taipei","district":"淡水區","display_name":"大庄路 車格 139778","address":"大庄路","facility_kind":"onstreet","symbol_text":null,"type_reference":"路邊停車格","type_confidence":0.6,"price_raw":null,"price_value":null,"capacity_total":1,"available_total":0,"occupied_total":1,"status_label":"已停","data_time":"2026-05-02 15:53:29+08:00","city_label":"新北市","facility_kind_label":"路邊車格","available_rate":0,"occupancy_rate":1,"price_tier":"unknown","price_tier_label":"價格未知"}},{"type":"Feature","geometry":{"type":"Point","coordinates":[121.431561,25.183836]},"properties":{"supply_id":"new_taipei-onstreet-139775","city":"new_taipei","district":"淡水區","display_name":"大庄路 車格 139775","address":"大庄路","facility_kind":"onstreet","symbol_text":null,"type_reference":"路邊停車格","type_confidence":0.6,"price_raw":null,"price_value":null,"capacity_total":1,"available_total":1,"occupied_total":0,"status_label":"空位","data_time":"2026-05-02 15:53:29+08:00","city_label":"新北市","facility_kind_label":"路邊車格","available_rate":1,"occupancy_rate":0,"price_tier":"unknown","price_tier_label":"價格未知"}},{"type":"Feature","geometry":{"type":"Point","coordinates":[121.439099,25.196877]},"properties":{"supply_id":"new_taipei-onstreet-115198","city":"new_taipei","district":"淡水區","display_name":"義山路二段 車格 115198","address":"義山路二段","facility_kind":"onstreet","symbol_text":null,"type_reference":"路邊停車格","type_confidence":0.6,"price_raw":null,"price_value":null,"capacity_total":1,"available_total":1,"occupied_total":0,"status_label":"空位","data_time":"2026-05-02 15:53:29+08:00","city_label":"新北市","facility_kind_label":"路邊車格","available_rate":1,"occupancy_rate":0,"price_tier":"unknown","price_tier_label":"價格未知"}},{"type":"Feature","geometry":{"type":"Point","coordinates":[121.431511,25.183855]},"properties":{"supply_id":"new_taipei-onstreet-139776","city":"new_taipei","district":"淡水區","display_name":"大庄路 車格 139776","address":"大庄路","facility_kind":"onstreet","symbol_text":null,"type_reference":"路邊停車格","type_confidence":0.6,"price_raw":null,"price_value":null,"capacity_total":1,"available_total":1,"occupied_total":0,"status_label":"空位","data_time":"2026-05-02 15:53:29+08:00","city_label":"新北市","facility_kind_label":"路邊車格","available_rate":1,"occupancy_rate":0,"price_tier":"unknown","price_tier_label":"價格未知"}},{"type":"Feature","geometry":{"type":"Point","coordinates":[121.431216,25.183986]},"properties":{"supply_id":"new_taipei-onstreet-139764","city":"new_taipei","district":"淡水區","display_name":"大庄路 車格 139764","address":"大庄路","facility_kind":"onstreet","symbol_text":null,"type_reference":"路邊停車格","type_confidence":0.6,"price_raw":null,"price_value":null,"capacity_total":1,"available_total":1,"occupied_total":0,"status_label":"空位","data_time":"2026-05-02 15:53:29+08:00","city_label":"新北市","facility_kind_label":"路邊車格","available_rate":1,"occupancy_rate":0,"price_tier":"unknown","price_tier_label":"價格未知"}},{"type":"Feature","geometry":{"type":"Point","coordinates":[121.439121,25.197024]},"properties":{"supply_id":"new_taipei-onstreet-115195","city":"new_taipei","district":"淡水區","display_name":"義山路二段 車格 115195","address":"義山路二段","facility_kind":"onstreet","symbol_text":null,"type_reference":"路邊停車格","type_confidence":0.6,"price_raw":null,"price_value":null,"capacity_total":1,"available_total":1,"occupied_total":0,"status_label":"空位","data_time":"2026-05-02 15:53:29+08:00","city_label":"新北市","facility_kind_label":"路邊車格","available_rate":1,"occupancy_rate":0,"price_tier":"unknown","price_tier_label":"價格未知"}},{"type":"Feature","geometry":{"type":"Point","coordinates":[121.431312,25.183939]},"properties":{"supply_id":"new_taipei-onstreet-139772","city":"new_taipei","district":"淡水區","display_name":"大庄路 車格 139772","address":"大庄路","facility_kind":"onstreet","symbol_text":null,"type_reference":"路邊停車格","type_confidence":0.6,"price_raw":null,"price_value":null,"capacity_total":1,"available_total":1,"occupied_total":0,"status_label":"空位","data_time":"2026-05-02 15:53:29+08:00","city_label":"新北市","facility_kind_label":"路邊車格","available_rate":1,"occupancy_rate":0,"price_tier":"unknown","price_tier_label":"價格未知"}},{"type":"Feature","geometry":{"type":"Point","coordinates":[121.431119,25.184033]},"properties":{"supply_id":"new_taipei-onstreet-139763","city":"new_taipei","district":"淡水區","display_name":"大庄路 車格 139763","address":"大庄路","facility_kind":"onstreet","symbol_text":null,"type_reference":"路邊停車格","type_confidence":0.6,"price_raw":null,"price_value":null,"capacity_total":1,"available_total":1,"occupied_total":0,"status_label":"空位","data_time":"2026-05-02 15:53:29+08:00","city_label":"新北市","facility_kind_label":"路邊車格","available_rate":1,"occupancy_rate":0,"price_tier":"unknown","price_tier_label":"價格未知"}},{"type":"Feature","geometry":{"type":"Point","coordinates":[121.43141,25.183894]},"properties":{"supply_id":"new_taipei-onstreet-139773","city":"new_taipei","district":"淡水區","display_name":"大庄路 車格 139773","address":"大庄路","facility_kind":"onstreet","symbol_text":null,"type_reference":"路邊停車格","type_confidence":0.6,"price_raw":null,"price_value":null,"capacity_total":1,"available_total":1,"occupied_total":0,"status_label":"空位","data_time":"2026-05-02 15:53:29+08:00","city_label":"新北市","facility_kind_label":"路邊車格","available_rate":1,"occupancy_rate":0,"price_tier":"unknown","price_tier_label":"價格未知"}},{"type":"Feature","geometry":{"type":"Point","coordinates":[121.431264,25.183963]},"properties":{"supply_id":"new_taipei-onstreet-139771","city":"new_taipei","district":"淡水區","display_name":"大庄路 車格 139771","address":"大庄路","facility_kind":"onstreet","symbol_text":null,"type_reference":"路邊停車格","type_confidence":0.6,"price_raw":null,"price_value":null,"capacity_total":1,"available_total":0,"occupied_total":1,"status_label":"已停","data_time":"2026-05-02 15:53:29+08:00","city_label":"新北市","facility_kind_label":"路邊車格","available_rate":0,"occupancy_rate":1,"price_tier":"unknown","price_tier_label":"價格未知"}},{"type":"Feature","geometry":{"type":"Point","coordinates":[121.43915,25.197221]},"properties":{"supply_id":"new_taipei-onstreet-115191","city":"new_taipei","district":"淡水區","display_name":"義山路二段 車格 115191","address":"義山路二段","facility_kind":"onstreet","symbol_text":null,"type_reference":"路邊停車格","type_confidence":0.6,"price_raw":null,"price_value":null,"capacity_total":1,"available_total":1,"occupied_total":0,"status_label":"空位","data_time":"2026-05-02 15:53:29+08:00","city_label":"新北市","facility_kind_label":"路邊車格","available_rate":1,"occupancy_rate":0,"price_tier":"unknown","price_tier_label":"價格未知"}},{"type":"Feature","geometry":{"type":"Point","coordinates":[121.431168,25.184009]},"properties":{"supply_id":"new_taipei-onstreet-139766","city":"new_taipei","district":"淡水區","display_name":"大庄路 車格 139766","address":"大庄路","facility_kind":"onstreet","symbol_text":null,"type_reference":"路邊停車格","type_confidence":0.6,"price_raw":null,"price_value":null,"capacity_total":1,"available_total":1,"occupied_total":0,"status_label":"空位","data_time":"2026-05-02 15:53:29+08:00","city_label":"新北市","facility_kind_label":"路邊車格","available_rate":1,"occupancy_rate":0,"price_tier":"unknown","price_tier_label":"價格未知"}},{"type":"Feature","geometry":{"type":"Point","coordinates":[121.439158,25.19727]},"properties":{"supply_id":"new_taipei-onstreet-115190","city":"new_taipei","district":"淡水區","display_name":"義山路二段 車格 115190","address":"義山路二段","facility_kind":"onstreet","symbol_text":null,"type_reference":"路邊停車格","type_confidence":0.6,"price_raw":null,"price_value":null,"capacity_total":1,"available_total":1,"occupied_total":0,"status_label":"空位","data_time":"2026-05-02 15:53:29+08:00","city_label":"新北市","facility_kind_label":"路邊車格","available_rate":1,"occupancy_rate":0,"price_tier":"unknown","price_tier_label":"價格未知"}},{"type":"Feature","geometry":{"type":"Point","coordinates":[121.439143,25.197172]},"properties":{"supply_id":"new_taipei-onstreet-115192","city":"new_taipei","district":"淡水區","display_name":"義山路二段 車格 115192","address":"義山路二段","facility_kind":"onstreet","symbol_text":null,"type_reference":"路邊停車格","type_confidence":0.6,"price_raw":null,"price_value":null,"capacity_total":1,"available_total":1,"occupied_total":0,"status_label":"空位","data_time":"2026-05-02 15:53:29+08:00","city_label":"新北市","facility_kind_label":"路邊車格","available_rate":1,"occupancy_rate":0,"price_tier":"unknown","price_tier_label":"價格未知"}},{"type":"Feature","geometry":{"type":"Point","coordinates":[121.439165,25.197319]},"properties":{"supply_id":"new_taipei-onstreet-115189","city":"new_taipei","district":"淡水區","display_name":"義山路二段 車格 115189","address":"義山路二段","facility_kind":"onstreet","symbol_text":null,"type_reference":"路邊停車格","type_confidence":0.6,"price_raw":null,"price_value":null,"capacity_total":1,"available_total":1,"occupied_total":0,"status_label":"空位","data_time":"2026-05-02 15:53:29+08:00","city_label":"新北市","facility_kind_label":"路邊車格","available_rate":1,"occupancy_rate":0,"price_tier":"unknown","price_tier_label":"價格未知"}},{"type":"Feature","geometry":{"type":"Point","coordinates":[121.439172,25.197368]},"properties":{"supply_id":"new_taipei-onstreet-115188","city":"new_taipei","district":"淡水區","display_name":"義山路二段 車格 115188","address":"義山路二段","facility_kind":"onstreet","symbol_text":null,"type_reference":"路邊停車格","type_confidence":0.6,"price_raw":null,"price_value":null,"capacity_total":1,"available_total":1,"occupied_total":0,"status_label":"空位","data_time":"2026-05-02 15:53:29+08:00","city_label":"新北市","facility_kind_label":"路邊車格","available_rate":1,"occupancy_rate":0,"price_tier":"unknown","price_tier_label":"價格未知"}},{"type":"Feature","geometry":{"type":"Point","coordinates":[121.43918,25.197418]},"properties":{"supply_id":"new_taipei-onstreet-115187","city":"new_taipei","district":"淡水區","display_name":"義山路二段 車格 115187","address":"義山路二段","facility_kind":"onstreet","symbol_text":null,"type_reference":"路邊停車格","type_confidence":0.6,"price_raw":null,"price_value":null,"capacity_total":1,"available_total":1,"occupied_total":0,"status_label":"空位","data_time":"2026-05-02 15:53:29+08:00","city_label":"新北市","facility_kind_label":"路邊車格","available_rate":1,"occupancy_rate":0,"price_tier":"unknown","price_tier_label":"價格未知"}},{"type":"Feature","geometry":{"type":"Point","coordinates":[121.439187,25.197467]},"properties":{"supply_id":"new_taipei-onstreet-115186","city":"new_taipei","district":"淡水區","display_name":"義山路二段 車格 115186","address":"義山路二段","facility_kind":"onstreet","symbol_text":null,"type_reference":"路邊停車格","type_confidence":0.6,"price_raw":null,"price_value":null,"capacity_total":1,"available_total":1,"occupied_total":0,"status_label":"空位","data_time":"2026-05-02 15:53:29+08:00","city_label":"新北市","facility_kind_label":"路邊車格","available_rate":1,"occupancy_rate":0,"price_tier":"unknown","price_tier_label":"價格未知"}},{"type":"Feature","geometry":{"type":"Point","coordinates":[121.439135,25.197123]},"properties":{"supply_id":"new_taipei-onstreet-115193","city":"new_taipei","district":"淡水區","display_name":"義山路二段 車格 115193","address":"義山路二段","facility_kind":"onstreet","symbol_text":null,"type_reference":"路邊停車格","type_confidence":0.6,"price_raw":null,"price_value":null,"capacity_total":1,"available_total":1,"occupied_total":0,"status_label":"空位","data_time":"2026-05-02 15:53:29+08:00","city_label":"新北市","facility_kind_label":"路邊車格","available_rate":1,"occupancy_rate":0,"price_tier":"unknown","price_tier_label":"價格未知"}},{"type":"Feature","geometry":{"type":"Point","coordinates":[121.439128,25.197073]},"properties":{"supply_id":"new_taipei-onstreet-115194","city":"new_taipei","district":"淡水區","display_name":"義山路二段 車格 115194","address":"義山路二段","facility_kind":"onstreet","symbol_text":null,"type_reference":"路邊停車格","type_confidence":0.6,"price_raw":null,"price_value":null,"capacity_total":1,"available_total":1,"occupied_total":0,"status_label":"空位","data_time":"2026-05-02 15:53:29+08:00","city_label":"新北市","facility_kind_label":"路邊車格","available_rate":1,"occupancy_rate":0,"price_tier":"unknown","price_tier_label":"價格未知"}},{"type":"Feature","geometry":{"type":"Point","coordinates":[121.431071,25.184056]},"properties":{"supply_id":"new_taipei-onstreet-139762","city":"new_taipei","district":"淡水區","display_name":"大庄路 車格 139762","address":"大庄路","facility_kind":"onstreet","symbol_text":null,"type_reference":"路邊停車格","type_confidence":0.6,"price_raw":null,"price_value":null,"capacity_total":1,"available_total":1,"occupied_total":0,"status_label":"空位","data_time":"2026-05-02 15:53:29+08:00","city_label":"新北市","facility_kind_label":"路邊車格","available_rate":1,"occupancy_rate":0,"price_tier":"unknown","price_tier_label":"價格未知"}},{"type":"Feature","geometry":{"type":"Point","coordinates":[121.431023,25.184079]},"properties":{"supply_id":"new_taipei-onstreet-139768","city":"new_taipei","district":"淡水區","display_name":"大庄路 車格 139768","address":"大庄路","facility_kind":"onstreet","symbol_text":null,"type_reference":"路邊停車格","type_confidence":0.6,"price_raw":null,"price_value":null,"capacity_total":1,"available_total":1,"occupied_total":0,"status_label":"空位","data_time":"2026-05-02 15:53:29+08:00","city_label":"新北市","facility_kind_label":"路邊車格","available_rate":1,"occupancy_rate":0,"price_tier":"unknown","price_tier_label":"價格未知"}},{"type":"Feature","geometry":{"type":"Point","coordinates":[121.430927,25.184126]},"properties":{"supply_id":"new_taipei-onstreet-139767","city":"new_taipei","district":"淡水區","display_name":"大庄路 車格 139767","address":"大庄路","facility_kind":"onstreet","symbol_text":null,"type_reference":"路邊停車格","type_confidence":0.6,"price_raw":null,"price_value":null,"capacity_total":1,"available_total":1,"occupied_total":0,"status_label":"空位","data_time":"2026-05-02 15:53:29+08:00","city_label":"新北市","facility_kind_label":"路邊車格","available_rate":1,"occupancy_rate":0,"price_tier":"unknown","price_tier_label":"價格未知"}},{"type":"Feature","geometry":{"type":"Point","coordinates":[121.430975,25.184103]},"properties":{"supply_id":"new_taipei-onstreet-139765","city":"new_taipei","district":"淡水區","display_name":"大庄路 車格 139765","address":"大庄路","facility_kind":"onstreet","symbol_text":null,"type_reference":"路邊停車格","type_confidence":0.6,"price_raw":null,"price_value":null,"capacity_total":1,"available_total":1,"occupied_total":0,"status_label":"空位","data_time":"2026-05-02 15:53:29+08:00","city_label":"新北市","facility_kind_label":"路邊車格","available_rate":1,"occupancy_rate":0,"price_tier":"unknown","price_tier_label":"價格未知"}},{"type":"Feature","geometry":{"type":"Point","coordinates":[121.430879,25.184149]},"properties":{"supply_id":"new_taipei-onstreet-139769","city":"new_taipei","district":"淡水區","display_name":"大庄路 車格 139769","address":"大庄路","facility_kind":"onstreet","symbol_text":null,"type_reference":"路邊停車格","type_confidence":0.6,"price_raw":null,"price_value":null,"capacity_total":1,"available_total":1,"occupied_total":0,"status_label":"空位","data_time":"2026-05-02 15:53:29+08:00","city_label":"新北市","facility_kind_label":"路邊車格","available_rate":1,"occupancy_rate":0,"price_tier":"unknown","price_tier_label":"價格未知"}},{"type":"Feature","geometry":{"type":"Point","coordinates":[121.439,25.197188]},"properties":{"supply_id":"new_taipei-onstreet-115252","city":"new_taipei","district":"淡水區","display_name":"義山路二段 車格 115252","address":"義山路二段","facility_kind":"onstreet","symbol_text":null,"type_reference":"路邊停車格","type_confidence":0.6,"price_raw":null,"price_value":null,"capacity_total":1,"available_total":0,"occupied_total":1,"status_label":"已停","data_time":"2026-05-02 15:53:29+08:00","city_label":"新北市","facility_kind_label":"路邊車格","available_rate":0,"occupancy_rate":1,"price_tier":"unknown","price_tier_label":"價格未知"}},{"type":"Feature","geometry":{"type":"Point","coordinates":[121.438992,25.197139]},"properties":{"supply_id":"new_taipei-onstreet-115253","city":"new_taipei","district":"淡水區","display_name":"義山路二段 車格 115253","address":"義山路二段","facility_kind":"onstreet","symbol_text":null,"type_reference":"路邊停車格","type_confidence":0.6,"price_raw":null,"price_value":null,"capacity_total":1,"available_total":0,"occupied_total":1,"status_label":"已停","data_time":"2026-05-02 15:53:29+08:00","city_label":"新北市","facility_kind_label":"路邊車格","available_rate":0,"occupancy_rate":1,"price_tier":"unknown","price_tier_label":"價格未知"}},{"type":"Feature","geometry":{"type":"Point","coordinates":[121.438985,25.197089]},"properties":{"supply_id":"new_taipei-onstreet-115254","city":"new_taipei","district":"淡水區","display_name":"義山路二段 車格 115254","address":"義山路二段","facility_kind":"onstreet","symbol_text":null,"type_reference":"路邊停車格","type_confidence":0.6,"price_raw":null,"price_value":null,"capacity_total":1,"available_total":1,"occupied_total":0,"status_label":"空位","data_time":"2026-05-02 15:53:29+08:00","city_label":"新北市","facility_kind_label":"路邊車格","available_rate":1,"occupancy_rate":0,"price_tier":"unknown","price_tier_label":"價格未知"}},{"type":"Feature","geometry":{"type":"Point","coordinates":[121.4389,25.196552]},"properties":{"supply_id":"new_taipei-onstreet-115260","city":"new_taipei","district":"淡水區","display_name":"義山路二段 車格 115260","address":"義山路二段","facility_kind":"onstreet","symbol_text":null,"type_reference":"路邊停車格","type_confidence":0.6,"price_raw":null,"price_value":null,"capacity_total":1,"available_total":1,"occupied_total":0,"status_label":"空位","data_time":"2026-05-02 15:53:29+08:00","city_label":"新北市","facility_kind_label":"路邊車格","available_rate":1,"occupancy_rate":0,"price_tier":"unknown","price_tier_label":"價格未知"}},{"type":"Feature","geometry":{"type":"Point","coordinates":[121.430734,25.18422]},"properties":{"supply_id":"new_taipei-onstreet-139759","city":"new_taipei","district":"淡水區","display_name":"大庄路 車格 139759","address":"大庄路","facility_kind":"onstreet","symbol_text":null,"type_reference":"路邊停車格","type_confidence":0.6,"price_raw":null,"price_value":null,"capacity_total":1,"available_total":1,"occupied_total":0,"status_label":"空位","data_time":"2026-05-02 15:53:29+08:00","city_label":"新北市","facility_kind_label":"路邊車格","available_rate":1,"occupancy_rate":0,"price_tier":"unknown","price_tier_label":"價格未知"}},{"type":"Feature","geometry":{"type":"Point","coordinates":[121.43893,25.196749]},"properties":{"supply_id":"new_taipei-onstreet-115256","city":"new_taipei","district":"淡水區","display_name":"義山路二段 車格 115256","address":"義山路二段","facility_kind":"onstreet","symbol_text":null,"type_reference":"路邊停車格","type_confidence":0.6,"price_raw":null,"price_value":null,"capacity_total":1,"available_total":1,"occupied_total":0,"status_label":"空位","data_time":"2026-05-02 15:53:29+08:00","city_label":"新北市","facility_kind_label":"路邊車格","available_rate":1,"occupancy_rate":0,"price_tier":"unknown","price_tier_label":"價格未知"}},{"type":"Feature","geometry":{"type":"Point","coordinates":[121.430638,25.184266]},"properties":{"supply_id":"new_taipei-onstreet-139756","city":"new_taipei","district":"淡水區","display_name":"大庄路 車格 139756","address":"大庄路","facility_kind":"onstreet","symbol_text":null,"type_reference":"路邊停車格","type_confidence":0.6,"price_raw":null,"price_value":null,"capacity_total":1,"available_total":1,"occupied_total":0,"status_label":"空位","data_time":"2026-05-02 15:53:29+08:00","city_label":"新北市","facility_kind_label":"路邊車格","available_rate":1,"occupancy_rate":0,"price_tier":"unknown","price_tier_label":"價格未知"}},{"type":"Feature","geometry":{"type":"Point","coordinates":[121.430494,25.184336]},"properties":{"supply_id":"new_taipei-onstreet-139754","city":"new_taipei","district":"淡水區","display_name":"大庄路 車格 139754","address":"大庄路","facility_kind":"onstreet","symbol_text":null,"type_reference":"路邊停車格","type_confidence":0.6,"price_raw":null,"price_value":null,"capacity_total":1,"available_total":1,"occupied_total":0,"status_label":"空位","data_time":"2026-05-02 15:53:29+08:00","city_label":"新北市","facility_kind_label":"路邊車格","available_rate":1,"occupancy_rate":0,"price_tier":"unknown","price_tier_label":"價格未知"}},{"type":"Feature","geometry":{"type":"Point","coordinates":[121.430445,25.18436]},"properties":{"supply_id":"new_taipei-onstreet-139753","city":"new_taipei","district":"淡水區","display_name":"大庄路 車格 139753","address":"大庄路","facility_kind":"onstreet","symbol_text":null,"type_reference":"路邊停車格","type_confidence":0.6,"price_raw":null,"price_value":null,"capacity_total":1,"available_total":0,"occupied_total":1,"status_label":"已停","data_time":"2026-05-02 15:53:29+08:00","city_label":"新北市","facility_kind_label":"路邊車格","available_rate":0,"occupancy_rate":1,"price_tier":"unknown","price_tier_label":"價格未知"}},{"type":"Feature","geometry":{"type":"Point","coordinates":[121.430782,25.184196]},"properties":{"supply_id":"new_taipei-onstreet-139758","city":"new_taipei","district":"淡水區","display_name":"大庄路 車格 139758","address":"大庄路","facility_kind":"onstreet","symbol_text":null,"type_reference":"路邊停車格","type_confidence":0.6,"price_raw":null,"price_value":null,"capacity_total":1,"available_total":1,"occupied_total":0,"status_label":"空位","data_time":"2026-05-02 15:53:29+08:00","city_label":"新北市","facility_kind_label":"路邊車格","available_rate":1,"occupancy_rate":0,"price_tier":"unknown","price_tier_label":"價格未知"}},{"type":"Feature","geometry":{"type":"Point","coordinates":[121.430686,25.184243]},"properties":{"supply_id":"new_taipei-onstreet-139761","city":"new_taipei","district":"淡水區","display_name":"大庄路 車格 139761","address":"大庄路","facility_kind":"onstreet","symbol_text":null,"type_reference":"路邊停車格","type_confidence":0.6,"price_raw":null,"price_value":null,"capacity_total":1,"available_total":1,"occupied_total":0,"status_label":"空位","data_time":"2026-05-02 15:53:29+08:00","city_label":"新北市","facility_kind_label":"路邊車格","available_rate":1,"occupancy_rate":0,"price_tier":"unknown","price_tier_label":"價格未知"}},{"type":"Feature","geometry":{"type":"Point","coordinates":[121.438873,25.196373]},"properties":{"supply_id":"new_taipei-onstreet-157540","city":"new_taipei","district":"淡水區","display_name":"義山路二段 車格 157540","address":"義山路二段","facility_kind":"onstreet","symbol_text":null,"type_reference":"路邊停車格","type_confidence":0.6,"price_raw":null,"price_value":null,"capacity_total":1,"available_total":1,"occupied_total":0,"status_label":"空位","data_time":"2026-05-02 15:53:29+08:00","city_label":"新北市","facility_kind_label":"路邊車格","available_rate":1,"occupancy_rate":0,"price_tier":"unknown","price_tier_label":"價格未知"}},{"type":"Feature","geometry":{"type":"Point","coordinates":[121.438908,25.196601]},"properties":{"supply_id":"new_taipei-onstreet-115259","city":"new_taipei","district":"淡水區","display_name":"義山路二段 車格 115259","address":"義山路二段","facility_kind":"onstreet","symbol_text":null,"type_reference":"路邊停車格","type_confidence":0.6,"price_raw":null,"price_value":null,"capacity_total":1,"available_total":1,"occupied_total":0,"status_label":"空位","data_time":"2026-05-02 15:53:29+08:00","city_label":"新北市","facility_kind_label":"路邊車格","available_rate":1,"occupancy_rate":0,"price_tier":"unknown","price_tier_label":"價格未知"}},{"type":"Feature","geometry":{"type":"Point","coordinates":[121.438923,25.1967]},"properties":{"supply_id":"new_taipei-onstreet-115257","city":"new_taipei","district":"淡水區","display_name":"義山路二段 車格 115257","address":"義山路二段","facility_kind":"onstreet","symbol_text":null,"type_reference":"路邊停車格","type_confidence":0.6,"price_raw":null,"price_value":null,"capacity_total":1,"available_total":1,"occupied_total":0,"status_label":"空位","data_time":"2026-05-02 15:53:29+08:00","city_label":"新北市","facility_kind_label":"路邊車格","available_rate":1,"occupancy_rate":0,"price_tier":"unknown","price_tier_label":"價格未知"}},{"type":"Feature","geometry":{"type":"Point","coordinates":[121.430542,25.184313]},"properties":{"supply_id":"new_taipei-onstreet-139755","city":"new_taipei","district":"淡水區","display_name":"大庄路 車格 139755","address":"大庄路","facility_kind":"onstreet","symbol_text":null,"type_reference":"路邊停車格","type_confidence":0.6,"price_raw":null,"price_value":null,"capacity_total":1,"available_total":1,"occupied_total":0,"status_label":"空位","data_time":"2026-05-02 15:53:29+08:00","city_label":"新北市","facility_kind_label":"路邊車格","available_rate":1,"occupancy_rate":0,"price_tier":"unknown","price_tier_label":"價格未知"}},{"type":"Feature","geometry":{"type":"Point","coordinates":[121.439007,25.197237]},"properties":{"supply_id":"new_taipei-onstreet-115251","city":"new_taipei","district":"淡水區","display_name":"義山路二段 車格 115251","address":"義山路二段","facility_kind":"onstreet","symbol_text":null,"type_reference":"路邊停車格","type_confidence":0.6,"price_raw":null,"price_value":null,"capacity_total":1,"available_total":1,"occupied_total":0,"status_label":"空位","data_time":"2026-05-02 15:53:29+08:00","city_label":"新北市","facility_kind_label":"路邊車格","available_rate":1,"occupancy_rate":0,"price_tier":"unknown","price_tier_label":"價格未知"}},{"type":"Feature","geometry":{"type":"Point","coordinates":[121.430831,25.184173]},"properties":{"supply_id":"new_taipei-onstreet-139760","city":"new_taipei","district":"淡水區","display_name":"大庄路 車格 139760","address":"大庄路","facility_kind":"onstreet","symbol_text":null,"type_reference":"路邊停車格","type_confidence":0.6,"price_raw":null,"price_value":null,"capacity_total":1,"available_total":1,"occupied_total":0,"status_label":"空位","data_time":"2026-05-02 15:53:29+08:00","city_label":"新北市","facility_kind_label":"路邊車格","available_rate":1,"occupancy_rate":0,"price_tier":"unknown","price_tier_label":"價格未知"}},{"type":"Feature","geometry":{"type":"Point","coordinates":[121.438835,25.196127]},"properties":{"supply_id":"new_taipei-onstreet-14767","city":"new_taipei","district":"淡水區","display_name":"義山路二段 車格 14767","address":"義山路二段","facility_kind":"onstreet","symbol_text":null,"type_reference":"路邊停車格","type_confidence":0.6,"price_raw":null,"price_value":null,"capacity_total":1,"available_total":0,"occupied_total":1,"status_label":"已停","data_time":"2026-05-02 15:53:29+08:00","city_label":"新北市","facility_kind_label":"路邊車格","available_rate":0,"occupancy_rate":1,"price_tier":"unknown","price_tier_label":"價格未知"}},{"type":"Feature","geometry":{"type":"Point","coordinates":[121.438858,25.196275]},"properties":{"supply_id":"new_taipei-onstreet-115263","city":"new_taipei","district":"淡水區","display_name":"義山路二段 車格 115263","address":"義山路二段","facility_kind":"onstreet","symbol_text":null,"type_reference":"路邊停車格","type_confidence":0.6,"price_raw":null,"price_value":null,"capacity_total":1,"available_total":1,"occupied_total":0,"status_label":"空位","data_time":"2026-05-02 15:53:29+08:00","city_label":"新北市","facility_kind_label":"路邊車格","available_rate":1,"occupancy_rate":0,"price_tier":"unknown","price_tier_label":"價格未知"}},{"type":"Feature","geometry":{"type":"Point","coordinates":[121.43885,25.196226]},"properties":{"supply_id":"new_taipei-onstreet-115264","city":"new_taipei","district":"淡水區","display_name":"義山路二段 車格 115264","address":"義山路二段","facility_kind":"onstreet","symbol_text":null,"type_reference":"路邊停車格","type_confidence":0.6,"price_raw":null,"price_value":null,"capacity_total":1,"available_total":1,"occupied_total":0,"status_label":"空位","data_time":"2026-05-02 15:53:29+08:00","city_label":"新北市","facility_kind_label":"路邊車格","available_rate":1,"occupancy_rate":0,"price_tier":"unknown","price_tier_label":"價格未知"}},{"type":"Feature","geometry":{"type":"Point","coordinates":[121.438865,25.196324]},"properties":{"supply_id":"new_taipei-onstreet-115262","city":"new_taipei","district":"淡水區","display_name":"義山路二段 車格 115262","address":"義山路二段","facility_kind":"onstreet","symbol_text":null,"type_reference":"路邊停車格","type_confidence":0.6,"price_raw":null,"price_value":null,"capacity_total":1,"available_total":1,"occupied_total":0,"status_label":"空位","data_time":"2026-05-02 15:53:29+08:00","city_label":"新北市","facility_kind_label":"路邊車格","available_rate":1,"occupancy_rate":0,"price_tier":"unknown","price_tier_label":"價格未知"}},{"type":"Feature","geometry":{"type":"Point","coordinates":[121.43059,25.18429]},"properties":{"supply_id":"new_taipei-onstreet-139757","city":"new_taipei","district":"淡水區","display_name":"大庄路 車格 139757","address":"大庄路","facility_kind":"onstreet","symbol_text":null,"type_reference":"路邊停車格","type_confidence":0.6,"price_raw":null,"price_value":null,"capacity_total":1,"available_total":1,"occupied_total":0,"status_label":"空位","data_time":"2026-05-02 15:53:29+08:00","city_label":"新北市","facility_kind_label":"路邊車格","available_rate":1,"occupancy_rate":0,"price_tier":"unknown","price_tier_label":"價格未知"}},{"type":"Feature","geometry":{"type":"Point","coordinates":[121.438915,25.196651]},"properties":{"supply_id":"new_taipei-onstreet-115258","city":"new_taipei","district":"淡水區","display_name":"義山路二段 車格 115258","address":"義山路二段","facility_kind":"onstreet","symbol_text":null,"type_reference":"路邊停車格","type_confidence":0.6,"price_raw":null,"price_value":null,"capacity_total":1,"available_total":1,"occupied_total":0,"status_label":"空位","data_time":"2026-05-02 15:53:29+08:00","city_label":"新北市","facility_kind_label":"路邊車格","available_rate":1,"occupancy_rate":0,"price_tier":"unknown","price_tier_label":"價格未知"}},{"type":"Feature","geometry":{"type":"Point","coordinates":[121.438668,25.195013]},"properties":{"supply_id":"new_taipei-onstreet-115279","city":"new_taipei","district":"淡水區","display_name":"義山路二段 車格 115279","address":"義山路二段","facility_kind":"onstreet","symbol_text":null,"type_reference":"路邊停車格","type_confidence":0.6,"price_raw":null,"price_value":null,"capacity_total":1,"available_total":1,"occupied_total":0,"status_label":"空位","data_time":"2026-05-02 15:53:29+08:00","city_label":"新北市","facility_kind_label":"路邊車格","available_rate":1,"occupancy_rate":0,"price_tier":"unknown","price_tier_label":"價格未知"}},{"type":"Feature","geometry":{"type":"Point","coordinates":[121.438683,25.195111]},"properties":{"supply_id":"new_taipei-onstreet-115277","city":"new_taipei","district":"淡水區","display_name":"義山路二段 車格 115277","address":"義山路二段","facility_kind":"onstreet","symbol_text":null,"type_reference":"路邊停車格","type_confidence":0.6,"price_raw":null,"price_value":null,"capacity_total":1,"available_total":1,"occupied_total":0,"status_label":"空位","data_time":"2026-05-02 15:53:29+08:00","city_label":"新北市","facility_kind_label":"路邊車格","available_rate":1,"occupancy_rate":0,"price_tier":"unknown","price_tier_label":"價格未知"}},{"type":"Feature","geometry":{"type":"Point","coordinates":[121.438661,25.194964]},"properties":{"supply_id":"new_taipei-onstreet-115280","city":"new_taipei","district":"淡水區","display_name":"義山路二段 車格 115280","address":"義山路二段","facility_kind":"onstreet","symbol_text":null,"type_reference":"路邊停車格","type_confidence":0.6,"price_raw":null,"price_value":null,"capacity_total":1,"available_total":1,"occupied_total":0,"status_label":"空位","data_time":"2026-05-02 15:53:29+08:00","city_label":"新北市","facility_kind_label":"路邊車格","available_rate":1,"occupancy_rate":0,"price_tier":"unknown","price_tier_label":"價格未知"}},{"type":"Feature","geometry":{"type":"Point","coordinates":[121.438653,25.194914]},"properties":{"supply_id":"new_taipei-onstreet-115281","city":"new_taipei","district":"淡水區","display_name":"義山路二段 車格 115281","address":"義山路二段","facility_kind":"onstreet","symbol_text":null,"type_reference":"路邊停車格","type_confidence":0.6,"price_raw":null,"price_value":null,"capacity_total":1,"available_total":1,"occupied_total":0,"status_label":"空位","data_time":"2026-05-02 15:53:29+08:00","city_label":"新北市","facility_kind_label":"路邊車格","available_rate":1,"occupancy_rate":0,"price_tier":"unknown","price_tier_label":"價格未知"}},{"type":"Feature","geometry":{"type":"Point","coordinates":[121.438589,25.194489]},"properties":{"supply_id":"new_taipei-onstreet-115319","city":"new_taipei","district":"淡水區","display_name":"義山路二段 車格 115319","address":"義山路二段","facility_kind":"onstreet","symbol_text":null,"type_reference":"路邊停車格","type_confidence":0.6,"price_raw":null,"price_value":null,"capacity_total":1,"available_total":1,"occupied_total":0,"status_label":"空位","data_time":"2026-05-02 15:53:29+08:00","city_label":"新北市","facility_kind_label":"路邊車格","available_rate":1,"occupancy_rate":0,"price_tier":"unknown","price_tier_label":"價格未知"}},{"type":"Feature","geometry":{"type":"Point","coordinates":[121.438646,25.194865]},"properties":{"supply_id":"new_taipei-onstreet-115282","city":"new_taipei","district":"淡水區","display_name":"義山路二段 車格 115282","address":"義山路二段","facility_kind":"onstreet","symbol_text":null,"type_reference":"路邊停車格","type_confidence":0.6,"price_raw":null,"price_value":null,"capacity_total":1,"available_total":1,"occupied_total":0,"status_label":"空位","data_time":"2026-05-02 15:53:29+08:00","city_label":"新北市","facility_kind_label":"路邊車格","available_rate":1,"occupancy_rate":0,"price_tier":"unknown","price_tier_label":"價格未知"}},{"type":"Feature","geometry":{"type":"Point","coordinates":[121.438638,25.194816]},"properties":{"supply_id":"new_taipei-onstreet-147194","city":"new_taipei","district":"淡水區","display_name":"義山路二段 車格 147194","address":"義山路二段","facility_kind":"onstreet","symbol_text":null,"type_reference":"路邊停車格","type_confidence":0.6,"price_raw":null,"price_value":null,"capacity_total":1,"available_total":1,"occupied_total":0,"status_label":"空位","data_time":"2026-05-02 15:53:29+08:00","city_label":"新北市","facility_kind_label":"路邊車格","available_rate":1,"occupancy_rate":0,"price_tier":"unknown","price_tier_label":"價格未知"}},{"type":"Feature","geometry":{"type":"Point","coordinates":[121.438843,25.196177]},"properties":{"supply_id":"new_taipei-onstreet-14768","city":"new_taipei","district":"淡水區","display_name":"義山路二段 車格 14768","address":"義山路二段","facility_kind":"onstreet","symbol_text":null,"type_reference":"路邊停車格","type_confidence":0.6,"price_raw":null,"price_value":null,"capacity_total":1,"available_total":0,"occupied_total":1,"status_label":"已停","data_time":"2026-05-02 15:53:29+08:00","city_label":"新北市","facility_kind_label":"路邊車格","available_rate":0,"occupancy_rate":1,"price_tier":"unknown","price_tier_label":"價格未知"}},{"type":"Feature","geometry":{"type":"Point","coordinates":[121.43855,25.194234]},"properties":{"supply_id":"new_taipei-onstreet-115323","city":"new_taipei","district":"淡水區","display_name":"義山路二段 車格 115323","address":"義山路二段","facility_kind":"onstreet","symbol_text":null,"type_reference":"路邊停車格","type_confidence":0.6,"price_raw":null,"price_value":null,"capacity_total":1,"available_total":1,"occupied_total":0,"status_label":"空位","data_time":"2026-05-02 15:53:29+08:00","city_label":"新北市","facility_kind_label":"路邊車格","available_rate":1,"occupancy_rate":0,"price_tier":"unknown","price_tier_label":"價格未知"}},{"type":"Feature","geometry":{"type":"Point","coordinates":[121.438535,25.194136]},"properties":{"supply_id":"new_taipei-onstreet-115325","city":"new_taipei","district":"淡水區","display_name":"義山路二段 車格 115325","address":"義山路二段","facility_kind":"onstreet","symbol_text":null,"type_reference":"路邊停車格","type_confidence":0.6,"price_raw":null,"price_value":null,"capacity_total":1,"available_total":1,"occupied_total":0,"status_label":"空位","data_time":"2026-05-02 15:53:29+08:00","city_label":"新北市","facility_kind_label":"路邊車格","available_rate":1,"occupancy_rate":0,"price_tier":"unknown","price_tier_label":"價格未知"}},{"type":"Feature","geometry":{"type":"Point","coordinates":[121.438581,25.19444]},"properties":{"supply_id":"new_taipei-onstreet-115320","city":"new_taipei","district":"淡水區","display_name":"義山路二段 車格 115320","address":"義山路二段","facility_kind":"onstreet","symbol_text":null,"type_reference":"路邊停車格","type_confidence":0.6,"price_raw":null,"price_value":null,"capacity_total":1,"available_total":1,"occupied_total":0,"status_label":"空位","data_time":"2026-05-02 15:53:29+08:00","city_label":"新北市","facility_kind_label":"路邊車格","available_rate":1,"occupancy_rate":0,"price_tier":"unknown","price_tier_label":"價格未知"}},{"type":"Feature","geometry":{"type":"Point","coordinates":[121.438574,25.194391]},"properties":{"supply_id":"new_taipei-onstreet-115321","city":"new_taipei","district":"淡水區","display_name":"義山路二段 車格 115321","address":"義山路二段","facility_kind":"onstreet","symbol_text":null,"type_reference":"路邊停車格","type_confidence":0.6,"price_raw":null,"price_value":null,"capacity_total":1,"available_total":1,"occupied_total":0,"status_label":"空位","data_time":"2026-05-02 15:53:29+08:00","city_label":"新北市","facility_kind_label":"路邊車格","available_rate":1,"occupancy_rate":0,"price_tier":"unknown","price_tier_label":"價格未知"}},{"type":"Feature","geometry":{"type":"Point","coordinates":[121.438558,25.194284]},"properties":{"supply_id":"new_taipei-onstreet-115322","city":"new_taipei","district":"淡水區","display_name":"義山路二段 車格 115322","address":"義山路二段","facility_kind":"onstreet","symbol_text":null,"type_reference":"路邊停車格","type_confidence":0.6,"price_raw":null,"price_value":null,"capacity_total":1,"available_total":0,"occupied_total":1,"status_label":"已停","data_time":"2026-05-02 15:53:29+08:00","city_label":"新北市","facility_kind_label":"路邊車格","available_rate":0,"occupancy_rate":1,"price_tier":"unknown","price_tier_label":"價格未知"}},{"type":"Feature","geometry":{"type":"Point","coordinates":[121.438676,25.195062]},"properties":{"supply_id":"new_taipei-onstreet-115278","city":"new_taipei","district":"淡水區","display_name":"義山路二段 車格 115278","address":"義山路二段","facility_kind":"onstreet","symbol_text":null,"type_reference":"路邊停車格","type_confidence":0.6,"price_raw":null,"price_value":null,"capacity_total":1,"available_total":1,"occupied_total":0,"status_label":"空位","data_time":"2026-05-02 15:53:29+08:00","city_label":"新北市","facility_kind_label":"路邊車格","available_rate":1,"occupancy_rate":0,"price_tier":"unknown","price_tier_label":"價格未知"}},{"type":"Feature","geometry":{"type":"Point","coordinates":[121.438491,25.193841]},"properties":{"supply_id":"new_taipei-onstreet-115331","city":"new_taipei","district":"淡水區","display_name":"義山路二段 車格 115331","address":"義山路二段","facility_kind":"onstreet","symbol_text":null,"type_reference":"路邊停車格","type_confidence":0.6,"price_raw":null,"price_value":null,"capacity_total":1,"available_total":1,"occupied_total":0,"status_label":"空位","data_time":"2026-05-02 15:53:29+08:00","city_label":"新北市","facility_kind_label":"路邊車格","available_rate":1,"occupancy_rate":0,"price_tier":"unknown","price_tier_label":"價格未知"}},{"type":"Feature","geometry":{"type":"Point","coordinates":[121.438513,25.193989]},"properties":{"supply_id":"new_taipei-onstreet-115328","city":"new_taipei","district":"淡水區","display_name":"義山路二段 車格 115328","address":"義山路二段","facility_kind":"onstreet","symbol_text":null,"type_reference":"路邊停車格","type_confidence":0.6,"price_raw":null,"price_value":null,"capacity_total":1,"available_total":1,"occupied_total":0,"status_label":"空位","data_time":"2026-05-02 15:53:29+08:00","city_label":"新北市","facility_kind_label":"路邊車格","available_rate":1,"occupancy_rate":0,"price_tier":"unknown","price_tier_label":"價格未知"}},{"type":"Feature","geometry":{"type":"Point","coordinates":[121.438476,25.193743]},"properties":{"supply_id":"new_taipei-onstreet-115333","city":"new_taipei","district":"淡水區","display_name":"義山路二段 車格 115333","address":"義山路二段","facility_kind":"onstreet","symbol_text":null,"type_reference":"路邊停車格","type_confidence":0.6,"price_raw":null,"price_value":null,"capacity_total":1,"available_total":1,"occupied_total":0,"status_label":"空位","data_time":"2026-05-02 15:53:29+08:00","city_label":"新北市","facility_kind_label":"路邊車格","available_rate":1,"occupancy_rate":0,"price_tier":"unknown","price_tier_label":"價格未知"}},{"type":"Feature","geometry":{"type":"Point","coordinates":[121.438453,25.193596]},"properties":{"supply_id":"new_taipei-onstreet-115336","city":"new_taipei","district":"淡水區","display_name":"義山路二段 車格 115336","address":"義山路二段","facility_kind":"onstreet","symbol_text":null,"type_reference":"路邊停車格","type_confidence":0.6,"price_raw":null,"price_value":null,"capacity_total":1,"available_total":1,"occupied_total":0,"status_label":"空位","data_time":"2026-05-02 15:53:29+08:00","city_label":"新北市","facility_kind_label":"路邊車格","available_rate":1,"occupancy_rate":0,"price_tier":"unknown","price_tier_label":"價格未知"}},{"type":"Feature","geometry":{"type":"Point","coordinates":[121.438446,25.193546]},"properties":{"supply_id":"new_taipei-onstreet-115337","city":"new_taipei","district":"淡水區","display_name":"義山路二段 車格 115337","address":"義山路二段","facility_kind":"onstreet","symbol_text":null,"type_reference":"路邊停車格","type_confidence":0.6,"price_raw":null,"price_value":null,"capacity_total":1,"available_total":1,"occupied_total":0,"status_label":"空位","data_time":"2026-05-02 15:53:29+08:00","city_label":"新北市","facility_kind_label":"路邊車格","available_rate":1,"occupancy_rate":0,"price_tier":"unknown","price_tier_label":"價格未知"}},{"type":"Feature","geometry":{"type":"Point","coordinates":[121.438543,25.194185]},"properties":{"supply_id":"new_taipei-onstreet-115324","city":"new_taipei","district":"淡水區","display_name":"義山路二段 車格 115324","address":"義山路二段","facility_kind":"onstreet","symbol_text":null,"type_reference":"路邊停車格","type_confidence":0.6,"price_raw":null,"price_value":null,"capacity_total":1,"available_total":0,"occupied_total":1,"status_label":"已停","data_time":"2026-05-02 15:53:29+08:00","city_label":"新北市","facility_kind_label":"路邊車格","available_rate":0,"occupancy_rate":1,"price_tier":"unknown","price_tier_label":"價格未知"}},{"type":"Feature","geometry":{"type":"Point","coordinates":[121.438528,25.194087]},"properties":{"supply_id":"new_taipei-onstreet-115326","city":"new_taipei","district":"淡水區","display_name":"義山路二段 車格 115326","address":"義山路二段","facility_kind":"onstreet","symbol_text":null,"type_reference":"路邊停車格","type_confidence":0.6,"price_raw":null,"price_value":null,"capacity_total":1,"available_total":0,"occupied_total":1,"status_label":"已停","data_time":"2026-05-02 15:53:29+08:00","city_label":"新北市","facility_kind_label":"路邊車格","available_rate":0,"occupancy_rate":1,"price_tier":"unknown","price_tier_label":"價格未知"}},{"type":"Feature","geometry":{"type":"Point","coordinates":[121.438498,25.19389]},"properties":{"supply_id":"new_taipei-onstreet-115330","city":"new_taipei","district":"淡水區","display_name":"義山路二段 車格 115330","address":"義山路二段","facility_kind":"onstreet","symbol_text":null,"type_reference":"路邊停車格","type_confidence":0.6,"price_raw":null,"price_value":null,"capacity_total":1,"available_total":1,"occupied_total":0,"status_label":"空位","data_time":"2026-05-02 15:53:29+08:00","city_label":"新北市","facility_kind_label":"路邊車格","available_rate":1,"occupancy_rate":0,"price_tier":"unknown","price_tier_label":"價格未知"}},{"type":"Feature","geometry":{"type":"Point","coordinates":[121.438461,25.193645]},"properties":{"supply_id":"new_taipei-onstreet-115335","city":"new_taipei","district":"淡水區","display_name":"義山路二段 車格 115335","address":"義山路二段","facility_kind":"onstreet","symbol_text":null,"type_reference":"路邊停車格","type_confidence":0.6,"price_raw":null,"price_value":null,"capacity_total":1,"available_total":1,"occupied_total":0,"status_label":"空位","data_time":"2026-05-02 15:53:29+08:00","city_label":"新北市","facility_kind_label":"路邊車格","available_rate":1,"occupancy_rate":0,"price_tier":"unknown","price_tier_label":"價格未知"}},{"type":"Feature","geometry":{"type":"Point","coordinates":[121.438483,25.193792]},"properties":{"supply_id":"new_taipei-onstreet-115332","city":"new_taipei","district":"淡水區","display_name":"義山路二段 車格 115332","address":"義山路二段","facility_kind":"onstreet","symbol_text":null,"type_reference":"路邊停車格","type_confidence":0.6,"price_raw":null,"price_value":null,"capacity_total":1,"available_total":1,"occupied_total":0,"status_label":"空位","data_time":"2026-05-02 15:53:29+08:00","city_label":"新北市","facility_kind_label":"路邊車格","available_rate":1,"occupancy_rate":0,"price_tier":"unknown","price_tier_label":"價格未知"}},{"type":"Feature","geometry":{"type":"Point","coordinates":[121.438468,25.193694]},"properties":{"supply_id":"new_taipei-onstreet-115334","city":"new_taipei","district":"淡水區","display_name":"義山路二段 車格 115334","address":"義山路二段","facility_kind":"onstreet","symbol_text":null,"type_reference":"路邊停車格","type_confidence":0.6,"price_raw":null,"price_value":null,"capacity_total":1,"available_total":1,"occupied_total":0,"status_label":"空位","data_time":"2026-05-02 15:53:29+08:00","city_label":"新北市","facility_kind_label":"路邊車格","available_rate":1,"occupancy_rate":0,"price_tier":"unknown","price_tier_label":"價格未知"}},{"type":"Feature","geometry":{"type":"Point","coordinates":[121.438506,25.193939]},"properties":{"supply_id":"new_taipei-onstreet-115329","city":"new_taipei","district":"淡水區","display_name":"義山路二段 車格 115329","address":"義山路二段","facility_kind":"onstreet","symbol_text":null,"type_reference":"路邊停車格","type_confidence":0.6,"price_raw":null,"price_value":null,"capacity_total":1,"available_total":1,"occupied_total":0,"status_label":"空位","data_time":"2026-05-02 15:53:29+08:00","city_label":"新北市","facility_kind_label":"路邊車格","available_rate":1,"occupancy_rate":0,"price_tier":"unknown","price_tier_label":"價格未知"}},{"type":"Feature","geometry":{"type":"Point","coordinates":[121.438438,25.193497]},"properties":{"supply_id":"new_taipei-onstreet-115338","city":"new_taipei","district":"淡水區","display_name":"義山路二段 車格 115338","address":"義山路二段","facility_kind":"onstreet","symbol_text":null,"type_reference":"路邊停車格","type_confidence":0.6,"price_raw":null,"price_value":null,"capacity_total":1,"available_total":1,"occupied_total":0,"status_label":"空位","data_time":"2026-05-02 15:53:29+08:00","city_label":"新北市","facility_kind_label":"路邊車格","available_rate":1,"occupancy_rate":0,"price_tier":"unknown","price_tier_label":"價格未知"}},{"type":"Feature","geometry":{"type":"Point","coordinates":[121.438326,25.192755]},"properties":{"supply_id":"new_taipei-onstreet-132828","city":"new_taipei","district":"淡水區","display_name":"義山路一段 車格 132828","address":"義山路一段","facility_kind":"onstreet","symbol_text":null,"type_reference":"路邊停車格","type_confidence":0.6,"price_raw":null,"price_value":null,"capacity_total":1,"available_total":1,"occupied_total":0,"status_label":"空位","data_time":"2026-05-02 15:53:29+08:00","city_label":"新北市","facility_kind_label":"路邊車格","available_rate":1,"occupancy_rate":0,"price_tier":"unknown","price_tier_label":"價格未知"}},{"type":"Feature","geometry":{"type":"Point","coordinates":[121.438297,25.192562]},"properties":{"supply_id":"new_taipei-onstreet-115368","city":"new_taipei","district":"淡水區","display_name":"義山路二段 車格 115368","address":"義山路二段","facility_kind":"onstreet","symbol_text":null,"type_reference":"路邊停車格","type_confidence":0.6,"price_raw":null,"price_value":null,"capacity_total":1,"available_total":1,"occupied_total":0,"status_label":"空位","data_time":"2026-05-02 15:53:29+08:00","city_label":"新北市","facility_kind_label":"路邊車格","available_rate":1,"occupancy_rate":0,"price_tier":"unknown","price_tier_label":"價格未知"}},{"type":"Feature","geometry":{"type":"Point","coordinates":[121.438341,25.192853]},"properties":{"supply_id":"new_taipei-onstreet-134138","city":"new_taipei","district":"淡水區","display_name":"義山路一段 車格 134138","address":"義山路一段","facility_kind":"onstreet","symbol_text":null,"type_reference":"路邊停車格","type_confidence":0.6,"price_raw":null,"price_value":null,"capacity_total":1,"available_total":1,"occupied_total":0,"status_label":"空位","data_time":"2026-05-02 15:53:29+08:00","city_label":"新北市","facility_kind_label":"路邊車格","available_rate":1,"occupancy_rate":0,"price_tier":"unknown","price_tier_label":"價格未知"}},{"type":"Feature","geometry":{"type":"Point","coordinates":[121.438258,25.192317]},"properties":{"supply_id":"new_taipei-onstreet-115361","city":"new_taipei","district":"淡水區","display_name":"義山路二段 車格 115361","address":"義山路二段","facility_kind":"onstreet","symbol_text":null,"type_reference":"路邊停車格","type_confidence":0.6,"price_raw":null,"price_value":null,"capacity_total":1,"available_total":1,"occupied_total":0,"status_label":"空位","data_time":"2026-05-02 15:53:29+08:00","city_label":"新北市","facility_kind_label":"路邊車格","available_rate":1,"occupancy_rate":0,"price_tier":"unknown","price_tier_label":"價格未知"}},{"type":"Feature","geometry":{"type":"Point","coordinates":[121.438304,25.192612]},"properties":{"supply_id":"new_taipei-onstreet-115367","city":"new_taipei","district":"淡水區","display_name":"義山路二段 車格 115367","address":"義山路二段","facility_kind":"onstreet","symbol_text":null,"type_reference":"路邊停車格","type_confidence":0.6,"price_raw":null,"price_value":null,"capacity_total":1,"available_total":1,"occupied_total":0,"status_label":"空位","data_time":"2026-05-02 15:53:29+08:00","city_label":"新北市","facility_kind_label":"路邊車格","available_rate":1,"occupancy_rate":0,"price_tier":"unknown","price_tier_label":"價格未知"}},{"type":"Feature","geometry":{"type":"Point","coordinates":[121.438289,25.192513]},"properties":{"supply_id":"new_taipei-onstreet-115369","city":"new_taipei","district":"淡水區","display_name":"義山路二段 車格 115369","address":"義山路二段","facility_kind":"onstreet","symbol_text":null,"type_reference":"路邊停車格","type_confidence":0.6,"price_raw":null,"price_value":null,"capacity_total":1,"available_total":1,"occupied_total":0,"status_label":"空位","data_time":"2026-05-02 15:53:29+08:00","city_label":"新北市","facility_kind_label":"路邊車格","available_rate":1,"occupancy_rate":0,"price_tier":"unknown","price_tier_label":"價格未知"}},{"type":"Feature","geometry":{"type":"Point","coordinates":[121.438521,25.194038]},"properties":{"supply_id":"new_taipei-onstreet-115327","city":"new_taipei","district":"淡水區","display_name":"義山路二段 車格 115327","address":"義山路二段","facility_kind":"onstreet","symbol_text":null,"type_reference":"路邊停車格","type_confidence":0.6,"price_raw":null,"price_value":null,"capacity_total":1,"available_total":0,"occupied_total":1,"status_label":"已停","data_time":"2026-05-02 15:53:29+08:00","city_label":"新北市","facility_kind_label":"路邊車格","available_rate":0,"occupancy_rate":1,"price_tier":"unknown","price_tier_label":"價格未知"}},{"type":"Feature","geometry":{"type":"Point","coordinates":[121.438281,25.192464]},"properties":{"supply_id":"new_taipei-onstreet-115370","city":"new_taipei","district":"淡水區","display_name":"義山路二段 車格 115370","address":"義山路二段","facility_kind":"onstreet","symbol_text":null,"type_reference":"路邊停車格","type_confidence":0.6,"price_raw":null,"price_value":null,"capacity_total":1,"available_total":1,"occupied_total":0,"status_label":"空位","data_time":"2026-05-02 15:53:29+08:00","city_label":"新北市","facility_kind_label":"路邊車格","available_rate":1,"occupancy_rate":0,"price_tier":"unknown","price_tier_label":"價格未知"}},{"type":"Feature","geometry":{"type":"Point","coordinates":[121.438318,25.192706]},"properties":{"supply_id":"new_taipei-onstreet-150301","city":"new_taipei","district":"淡水區","display_name":"義山路一段 車格 150301","address":"義山路一段","facility_kind":"onstreet","symbol_text":null,"type_reference":"路邊停車格","type_confidence":0.6,"price_raw":null,"price_value":null,"capacity_total":1,"available_total":0,"occupied_total":1,"status_label":"已停","data_time":"2026-05-02 15:53:29+08:00","city_label":"新北市","facility_kind_label":"路邊車格","available_rate":0,"occupancy_rate":1,"price_tier":"unknown","price_tier_label":"價格未知"}},{"type":"Feature","geometry":{"type":"Point","coordinates":[121.438266,25.192366]},"properties":{"supply_id":"new_taipei-onstreet-115372","city":"new_taipei","district":"淡水區","display_name":"義山路二段 車格 115372","address":"義山路二段","facility_kind":"onstreet","symbol_text":null,"type_reference":"路邊停車格","type_confidence":0.6,"price_raw":null,"price_value":null,"capacity_total":1,"available_total":1,"occupied_total":0,"status_label":"空位","data_time":"2026-05-02 15:53:29+08:00","city_label":"新北市","facility_kind_label":"路邊車格","available_rate":1,"occupancy_rate":0,"price_tier":"unknown","price_tier_label":"價格未知"}},{"type":"Feature","geometry":{"type":"Point","coordinates":[121.438251,25.192267]},"properties":{"supply_id":"new_taipei-onstreet-115362","city":"new_taipei","district":"淡水區","display_name":"義山路二段 車格 115362","address":"義山路二段","facility_kind":"onstreet","symbol_text":null,"type_reference":"路邊停車格","type_confidence":0.6,"price_raw":null,"price_value":null,"capacity_total":1,"available_total":1,"occupied_total":0,"status_label":"空位","data_time":"2026-05-02 15:53:29+08:00","city_label":"新北市","facility_kind_label":"路邊車格","available_rate":1,"occupancy_rate":0,"price_tier":"unknown","price_tier_label":"價格未知"}},{"type":"Feature","geometry":{"type":"Point","coordinates":[121.438227,25.192116]},"properties":{"supply_id":"new_taipei-onstreet-115378","city":"new_taipei","district":"淡水區","display_name":"義山路二段 車格 115378","address":"義山路二段","facility_kind":"onstreet","symbol_text":null,"type_reference":"路邊停車格","type_confidence":0.6,"price_raw":null,"price_value":null,"capacity_total":1,"available_total":1,"occupied_total":0,"status_label":"空位","data_time":"2026-05-02 15:53:29+08:00","city_label":"新北市","facility_kind_label":"路邊車格","available_rate":1,"occupancy_rate":0,"price_tier":"unknown","price_tier_label":"價格未知"}},{"type":"Feature","geometry":{"type":"Point","coordinates":[121.438174,25.191771]},"properties":{"supply_id":"new_taipei-onstreet-115374","city":"new_taipei","district":"淡水區","display_name":"義山路二段 車格 115374","address":"義山路二段","facility_kind":"onstreet","symbol_text":null,"type_reference":"路邊停車格","type_confidence":0.6,"price_raw":null,"price_value":null,"capacity_total":1,"available_total":1,"occupied_total":0,"status_label":"空位","data_time":"2026-05-02 15:53:29+08:00","city_label":"新北市","facility_kind_label":"路邊車格","available_rate":1,"occupancy_rate":0,"price_tier":"unknown","price_tier_label":"價格未知"}},{"type":"Feature","geometry":{"type":"Point","coordinates":[121.438334,25.192804]},"properties":{"supply_id":"new_taipei-onstreet-132830","city":"new_taipei","district":"淡水區","display_name":"義山路一段 車格 132830","address":"義山路一段","facility_kind":"onstreet","symbol_text":null,"type_reference":"路邊停車格","type_confidence":0.6,"price_raw":null,"price_value":null,"capacity_total":1,"available_total":1,"occupied_total":0,"status_label":"空位","data_time":"2026-05-02 15:53:29+08:00","city_label":"新北市","facility_kind_label":"路邊車格","available_rate":1,"occupancy_rate":0,"price_tier":"unknown","price_tier_label":"價格未知"}},{"type":"Feature","geometry":{"type":"Point","coordinates":[121.438197,25.191919]},"properties":{"supply_id":"new_taipei-onstreet-115382","city":"new_taipei","district":"淡水區","display_name":"義山路二段 車格 115382","address":"義山路二段","facility_kind":"onstreet","symbol_text":null,"type_reference":"路邊停車格","type_confidence":0.6,"price_raw":null,"price_value":null,"capacity_total":1,"available_total":1,"occupied_total":0,"status_label":"空位","data_time":"2026-05-02 15:53:29+08:00","city_label":"新北市","facility_kind_label":"路邊車格","available_rate":1,"occupancy_rate":0,"price_tier":"unknown","price_tier_label":"價格未知"}},{"type":"Feature","geometry":{"type":"Point","coordinates":[121.438235,25.192165]},"properties":{"supply_id":"new_taipei-onstreet-115384","city":"new_taipei","district":"淡水區","display_name":"義山路二段 車格 115384","address":"義山路二段","facility_kind":"onstreet","symbol_text":null,"type_reference":"路邊停車格","type_confidence":0.6,"price_raw":null,"price_value":null,"capacity_total":1,"available_total":1,"occupied_total":0,"status_label":"空位","data_time":"2026-05-02 15:53:29+08:00","city_label":"新北市","facility_kind_label":"路邊車格","available_rate":1,"occupancy_rate":0,"price_tier":"unknown","price_tier_label":"價格未知"}},{"type":"Feature","geometry":{"type":"Point","coordinates":[121.438212,25.192017]},"properties":{"supply_id":"new_taipei-onstreet-115380","city":"new_taipei","district":"淡水區","display_name":"義山路二段 車格 115380","address":"義山路二段","facility_kind":"onstreet","symbol_text":null,"type_reference":"路邊停車格","type_confidence":0.6,"price_raw":null,"price_value":null,"capacity_total":1,"available_total":1,"occupied_total":0,"status_label":"空位","data_time":"2026-05-02 15:53:29+08:00","city_label":"新北市","facility_kind_label":"路邊車格","available_rate":1,"occupancy_rate":0,"price_tier":"unknown","price_tier_label":"價格未知"}},{"type":"Feature","geometry":{"type":"Point","coordinates":[121.438166,25.191722]},"properties":{"supply_id":"new_taipei-onstreet-115375","city":"new_taipei","district":"淡水區","display_name":"義山路二段 車格 115375","address":"義山路二段","facility_kind":"onstreet","symbol_text":null,"type_reference":"路邊停車格","type_confidence":0.6,"price_raw":null,"price_value":null,"capacity_total":1,"available_total":1,"occupied_total":0,"status_label":"空位","data_time":"2026-05-02 15:53:29+08:00","city_label":"新北市","facility_kind_label":"路邊車格","available_rate":1,"occupancy_rate":0,"price_tier":"unknown","price_tier_label":"價格未知"}},{"type":"Feature","geometry":{"type":"Point","coordinates":[121.438274,25.192415]},"properties":{"supply_id":"new_taipei-onstreet-115371","city":"new_taipei","district":"淡水區","display_name":"義山路二段 車格 115371","address":"義山路二段","facility_kind":"onstreet","symbol_text":null,"type_reference":"路邊停車格","type_confidence":0.6,"price_raw":null,"price_value":null,"capacity_total":1,"available_total":1,"occupied_total":0,"status_label":"空位","data_time":"2026-05-02 15:53:29+08:00","city_label":"新北市","facility_kind_label":"路邊車格","available_rate":1,"occupancy_rate":0,"price_tier":"unknown","price_tier_label":"價格未知"}},{"type":"Feature","geometry":{"type":"Point","coordinates":[121.438182,25.191821]},"properties":{"supply_id":"new_taipei-onstreet-115373","city":"new_taipei","district":"淡水區","display_name":"義山路二段 車格 115373","address":"義山路二段","facility_kind":"onstreet","symbol_text":null,"type_reference":"路邊停車格","type_confidence":0.6,"price_raw":null,"price_value":null,"capacity_total":1,"available_total":1,"occupied_total":0,"status_label":"空位","data_time":"2026-05-02 15:53:29+08:00","city_label":"新北市","facility_kind_label":"路邊車格","available_rate":1,"occupancy_rate":0,"price_tier":"unknown","price_tier_label":"價格未知"}},{"type":"Feature","geometry":{"type":"Point","coordinates":[121.438159,25.191673]},"properties":{"supply_id":"new_taipei-onstreet-115376","city":"new_taipei","district":"淡水區","display_name":"義山路二段 車格 115376","address":"義山路二段","facility_kind":"onstreet","symbol_text":null,"type_reference":"路邊停車格","type_confidence":0.6,"price_raw":null,"price_value":null,"capacity_total":1,"available_total":1,"occupied_total":0,"status_label":"空位","data_time":"2026-05-02 15:53:29+08:00","city_label":"新北市","facility_kind_label":"路邊車格","available_rate":1,"occupancy_rate":0,"price_tier":"unknown","price_tier_label":"價格未知"}},{"type":"Feature","geometry":{"type":"Point","coordinates":[121.437931,25.190154]},"properties":{"supply_id":"new_taipei-onstreet-111375","city":"new_taipei","district":"淡水區","display_name":"義山路一段 車格 111375","address":"義山路一段","facility_kind":"onstreet","symbol_text":null,"type_reference":"路邊停車格","type_confidence":0.6,"price_raw":null,"price_value":null,"capacity_total":1,"available_total":1,"occupied_total":0,"status_label":"空位","data_time":"2026-05-02 15:53:29+08:00","city_label":"新北市","facility_kind_label":"路邊車格","available_rate":1,"occupancy_rate":0,"price_tier":"unknown","price_tier_label":"價格未知"}},{"type":"Feature","geometry":{"type":"Point","coordinates":[121.438151,25.191624]},"properties":{"supply_id":"new_taipei-onstreet-115385","city":"new_taipei","district":"淡水區","display_name":"義山路二段 車格 115385","address":"義山路二段","facility_kind":"onstreet","symbol_text":null,"type_reference":"路邊停車格","type_confidence":0.6,"price_raw":null,"price_value":null,"capacity_total":1,"available_total":1,"occupied_total":0,"status_label":"空位","data_time":"2026-05-02 15:53:29+08:00","city_label":"新北市","facility_kind_label":"路邊車格","available_rate":1,"occupancy_rate":0,"price_tier":"unknown","price_tier_label":"價格未知"}},{"type":"Feature","geometry":{"type":"Point","coordinates":[121.437983,25.190499]},"properties":{"supply_id":"new_taipei-onstreet-111365","city":"new_taipei","district":"淡水區","display_name":"義山路一段 車格 111365","address":"義山路一段","facility_kind":"onstreet","symbol_text":null,"type_reference":"路邊停車格","type_confidence":0.6,"price_raw":null,"price_value":null,"capacity_total":1,"available_total":1,"occupied_total":0,"status_label":"空位","data_time":"2026-05-02 15:53:29+08:00","city_label":"新北市","facility_kind_label":"路邊車格","available_rate":1,"occupancy_rate":0,"price_tier":"unknown","price_tier_label":"價格未知"}},{"type":"Feature","geometry":{"type":"Point","coordinates":[121.437976,25.19045]},"properties":{"supply_id":"new_taipei-onstreet-111369","city":"new_taipei","district":"淡水區","display_name":"義山路一段 車格 111369","address":"義山路一段","facility_kind":"onstreet","symbol_text":null,"type_reference":"路邊停車格","type_confidence":0.6,"price_raw":null,"price_value":null,"capacity_total":1,"available_total":1,"occupied_total":0,"status_label":"空位","data_time":"2026-05-02 15:53:29+08:00","city_label":"新北市","facility_kind_label":"路邊車格","available_rate":1,"occupancy_rate":0,"price_tier":"unknown","price_tier_label":"價格未知"}},{"type":"Feature","geometry":{"type":"Point","coordinates":[121.437953,25.190302]},"properties":{"supply_id":"new_taipei-onstreet-111372","city":"new_taipei","district":"淡水區","display_name":"義山路一段 車格 111372","address":"義山路一段","facility_kind":"onstreet","symbol_text":null,"type_reference":"路邊停車格","type_confidence":0.6,"price_raw":null,"price_value":null,"capacity_total":1,"available_total":1,"occupied_total":0,"status_label":"空位","data_time":"2026-05-02 15:53:29+08:00","city_label":"新北市","facility_kind_label":"路邊車格","available_rate":1,"occupancy_rate":0,"price_tier":"unknown","price_tier_label":"價格未知"}},{"type":"Feature","geometry":{"type":"Point","coordinates":[121.43822,25.192066]},"properties":{"supply_id":"new_taipei-onstreet-115379","city":"new_taipei","district":"淡水區","display_name":"義山路二段 車格 115379","address":"義山路二段","facility_kind":"onstreet","symbol_text":null,"type_reference":"路邊停車格","type_confidence":0.6,"price_raw":null,"price_value":null,"capacity_total":1,"available_total":1,"occupied_total":0,"status_label":"空位","data_time":"2026-05-02 15:53:29+08:00","city_label":"新北市","facility_kind_label":"路邊車格","available_rate":1,"occupancy_rate":0,"price_tier":"unknown","price_tier_label":"價格未知"}},{"type":"Feature","geometry":{"type":"Point","coordinates":[121.438143,25.191575]},"properties":{"supply_id":"new_taipei-onstreet-115377","city":"new_taipei","district":"淡水區","display_name":"義山路二段 車格 115377","address":"義山路二段","facility_kind":"onstreet","symbol_text":null,"type_reference":"路邊停車格","type_confidence":0.6,"price_raw":null,"price_value":null,"capacity_total":1,"available_total":1,"occupied_total":0,"status_label":"空位","data_time":"2026-05-02 15:53:29+08:00","city_label":"新北市","facility_kind_label":"路邊車格","available_rate":1,"occupancy_rate":0,"price_tier":"unknown","price_tier_label":"價格未知"}},{"type":"Feature","geometry":{"type":"Point","coordinates":[121.437938,25.190204]},"properties":{"supply_id":"new_taipei-onstreet-111374","city":"new_taipei","district":"淡水區","display_name":"義山路一段 車格 111374","address":"義山路一段","facility_kind":"onstreet","symbol_text":null,"type_reference":"路邊停車格","type_confidence":0.6,"price_raw":null,"price_value":null,"capacity_total":1,"available_total":1,"occupied_total":0,"status_label":"空位","data_time":"2026-05-02 15:53:29+08:00","city_label":"新北市","facility_kind_label":"路邊車格","available_rate":1,"occupancy_rate":0,"price_tier":"unknown","price_tier_label":"價格未知"}},{"type":"Feature","geometry":{"type":"Point","coordinates":[121.437747,25.188955]},"properties":{"supply_id":"new_taipei-onstreet-115272","city":"new_taipei","district":"淡水區","display_name":"義山路一段 車格 115272","address":"義山路一段","facility_kind":"onstreet","symbol_text":null,"type_reference":"路邊停車格","type_confidence":0.6,"price_raw":null,"price_value":null,"capacity_total":1,"available_total":1,"occupied_total":0,"status_label":"空位","data_time":"2026-05-02 15:53:29+08:00","city_label":"新北市","facility_kind_label":"路邊車格","available_rate":1,"occupancy_rate":0,"price_tier":"unknown","price_tier_label":"價格未知"}},{"type":"Feature","geometry":{"type":"Point","coordinates":[121.437696,25.188614]},"properties":{"supply_id":"new_taipei-onstreet-115292","city":"new_taipei","district":"淡水區","display_name":"義山路一段 車格 115292","address":"義山路一段","facility_kind":"onstreet","symbol_text":null,"type_reference":"路邊停車格","type_confidence":0.6,"price_raw":null,"price_value":null,"capacity_total":1,"available_total":1,"occupied_total":0,"status_label":"空位","data_time":"2026-05-02 15:53:29+08:00","city_label":"新北市","facility_kind_label":"路邊車格","available_rate":1,"occupancy_rate":0,"price_tier":"unknown","price_tier_label":"價格未知"}},{"type":"Feature","geometry":{"type":"Point","coordinates":[121.437769,25.189102]},"properties":{"supply_id":"new_taipei-onstreet-115276","city":"new_taipei","district":"淡水區","display_name":"義山路一段 車格 115276","address":"義山路一段","facility_kind":"onstreet","symbol_text":null,"type_reference":"路邊停車格","type_confidence":0.6,"price_raw":null,"price_value":null,"capacity_total":1,"available_total":1,"occupied_total":0,"status_label":"空位","data_time":"2026-05-02 15:53:29+08:00","city_label":"新北市","facility_kind_label":"路邊車格","available_rate":1,"occupancy_rate":0,"price_tier":"unknown","price_tier_label":"價格未知"}},{"type":"Feature","geometry":{"type":"Point","coordinates":[121.437754,25.189004]},"properties":{"supply_id":"new_taipei-onstreet-115274","city":"new_taipei","district":"淡水區","display_name":"義山路一段 車格 115274","address":"義山路一段","facility_kind":"onstreet","symbol_text":null,"type_reference":"路邊停車格","type_confidence":0.6,"price_raw":null,"price_value":null,"capacity_total":1,"available_total":1,"occupied_total":0,"status_label":"空位","data_time":"2026-05-02 15:53:29+08:00","city_label":"新北市","facility_kind_label":"路邊車格","available_rate":1,"occupancy_rate":0,"price_tier":"unknown","price_tier_label":"價格未知"}},{"type":"Feature","geometry":{"type":"Point","coordinates":[121.438204,25.191968]},"properties":{"supply_id":"new_taipei-onstreet-115381","city":"new_taipei","district":"淡水區","display_name":"義山路二段 車格 115381","address":"義山路二段","facility_kind":"onstreet","symbol_text":null,"type_reference":"路邊停車格","type_confidence":0.6,"price_raw":null,"price_value":null,"capacity_total":1,"available_total":1,"occupied_total":0,"status_label":"空位","data_time":"2026-05-02 15:53:29+08:00","city_label":"新北市","facility_kind_label":"路邊車格","available_rate":1,"occupancy_rate":0,"price_tier":"unknown","price_tier_label":"價格未知"}},{"type":"Feature","geometry":{"type":"Point","coordinates":[121.438189,25.19187]},"properties":{"supply_id":"new_taipei-onstreet-115383","city":"new_taipei","district":"淡水區","display_name":"義山路二段 車格 115383","address":"義山路二段","facility_kind":"onstreet","symbol_text":null,"type_reference":"路邊停車格","type_confidence":0.6,"price_raw":null,"price_value":null,"capacity_total":1,"available_total":1,"occupied_total":0,"status_label":"空位","data_time":"2026-05-02 15:53:29+08:00","city_label":"新北市","facility_kind_label":"路邊車格","available_rate":1,"occupancy_rate":0,"price_tier":"unknown","price_tier_label":"價格未知"}},{"type":"Feature","geometry":{"type":"Point","coordinates":[121.437968,25.1904]},"properties":{"supply_id":"new_taipei-onstreet-111370","city":"new_taipei","district":"淡水區","display_name":"義山路一段 車格 111370","address":"義山路一段","facility_kind":"onstreet","symbol_text":null,"type_reference":"路邊停車格","type_confidence":0.6,"price_raw":null,"price_value":null,"capacity_total":1,"available_total":1,"occupied_total":0,"status_label":"空位","data_time":"2026-05-02 15:53:29+08:00","city_label":"新北市","facility_kind_label":"路邊車格","available_rate":1,"occupancy_rate":0,"price_tier":"unknown","price_tier_label":"價格未知"}},{"type":"Feature","geometry":{"type":"Point","coordinates":[121.437946,25.190253]},"properties":{"supply_id":"new_taipei-onstreet-111371","city":"new_taipei","district":"淡水區","display_name":"義山路一段 車格 111371","address":"義山路一段","facility_kind":"onstreet","symbol_text":null,"type_reference":"路邊停車格","type_confidence":0.6,"price_raw":null,"price_value":null,"capacity_total":1,"available_total":1,"occupied_total":0,"status_label":"空位","data_time":"2026-05-02 15:53:29+08:00","city_label":"新北市","facility_kind_label":"路邊車格","available_rate":1,"occupancy_rate":0,"price_tier":"unknown","price_tier_label":"價格未知"}},{"type":"Feature","geometry":{"type":"Point","coordinates":[121.437739,25.188905]},"properties":{"supply_id":"new_taipei-onstreet-115273","city":"new_taipei","district":"淡水區","display_name":"義山路一段 車格 115273","address":"義山路一段","facility_kind":"onstreet","symbol_text":null,"type_reference":"路邊停車格","type_confidence":0.6,"price_raw":null,"price_value":null,"capacity_total":1,"available_total":1,"occupied_total":0,"status_label":"空位","data_time":"2026-05-02 15:53:29+08:00","city_label":"新北市","facility_kind_label":"路邊車格","available_rate":1,"occupancy_rate":0,"price_tier":"unknown","price_tier_label":"價格未知"}},{"type":"Feature","geometry":{"type":"Point","coordinates":[121.437726,25.188811]},"properties":{"supply_id":"new_taipei-onstreet-115296","city":"new_taipei","district":"淡水區","display_name":"義山路一段 車格 115296","address":"義山路一段","facility_kind":"onstreet","symbol_text":null,"type_reference":"路邊停車格","type_confidence":0.6,"price_raw":null,"price_value":null,"capacity_total":1,"available_total":1,"occupied_total":0,"status_label":"空位","data_time":"2026-05-02 15:53:29+08:00","city_label":"新北市","facility_kind_label":"路邊車格","available_rate":1,"occupancy_rate":0,"price_tier":"unknown","price_tier_label":"價格未知"}},{"type":"Feature","geometry":{"type":"Point","coordinates":[121.437544,25.187632]},"properties":{"supply_id":"new_taipei-onstreet-115246","city":"new_taipei","district":"淡水區","display_name":"義山路一段 車格 115246","address":"義山路一段","facility_kind":"onstreet","symbol_text":null,"type_reference":"路邊停車格","type_confidence":0.6,"price_raw":null,"price_value":null,"capacity_total":1,"available_total":1,"occupied_total":0,"status_label":"空位","data_time":"2026-05-02 15:53:29+08:00","city_label":"新北市","facility_kind_label":"路邊車格","available_rate":1,"occupancy_rate":0,"price_tier":"unknown","price_tier_label":"價格未知"}},{"type":"Feature","geometry":{"type":"Point","coordinates":[121.437506,25.187383]},"properties":{"supply_id":"new_taipei-onstreet-115243","city":"new_taipei","district":"淡水區","display_name":"義山路一段 車格 115243","address":"義山路一段","facility_kind":"onstreet","symbol_text":null,"type_reference":"路邊停車格","type_confidence":0.6,"price_raw":null,"price_value":null,"capacity_total":1,"available_total":1,"occupied_total":0,"status_label":"空位","data_time":"2026-05-02 15:53:29+08:00","city_label":"新北市","facility_kind_label":"路邊車格","available_rate":1,"occupancy_rate":0,"price_tier":"unknown","price_tier_label":"價格未知"}},{"type":"Feature","geometry":{"type":"Point","coordinates":[121.437711,25.188713]},"properties":{"supply_id":"new_taipei-onstreet-115295","city":"new_taipei","district":"淡水區","display_name":"義山路一段 車格 115295","address":"義山路一段","facility_kind":"onstreet","symbol_text":null,"type_reference":"路邊停車格","type_confidence":0.6,"price_raw":null,"price_value":null,"capacity_total":1,"available_total":1,"occupied_total":0,"status_label":"空位","data_time":"2026-05-02 15:53:29+08:00","city_label":"新北市","facility_kind_label":"路邊車格","available_rate":1,"occupancy_rate":0,"price_tier":"unknown","price_tier_label":"價格未知"}},{"type":"Feature","geometry":{"type":"Point","coordinates":[121.437689,25.188565]},"properties":{"supply_id":"new_taipei-onstreet-115290","city":"new_taipei","district":"淡水區","display_name":"義山路一段 車格 115290","address":"義山路一段","facility_kind":"onstreet","symbol_text":null,"type_reference":"路邊停車格","type_confidence":0.6,"price_raw":null,"price_value":null,"capacity_total":1,"available_total":1,"occupied_total":0,"status_label":"空位","data_time":"2026-05-02 15:53:29+08:00","city_label":"新北市","facility_kind_label":"路邊車格","available_rate":1,"occupancy_rate":0,"price_tier":"unknown","price_tier_label":"價格未知"}},{"type":"Feature","geometry":{"type":"Point","coordinates":[121.437704,25.188663]},"properties":{"supply_id":"new_taipei-onstreet-115293","city":"new_taipei","district":"淡水區","display_name":"義山路一段 車格 115293","address":"義山路一段","facility_kind":"onstreet","symbol_text":null,"type_reference":"路邊停車格","type_confidence":0.6,"price_raw":null,"price_value":null,"capacity_total":1,"available_total":1,"occupied_total":0,"status_label":"空位","data_time":"2026-05-02 15:53:29+08:00","city_label":"新北市","facility_kind_label":"路邊車格","available_rate":1,"occupancy_rate":0,"price_tier":"unknown","price_tier_label":"價格未知"}},{"type":"Feature","geometry":{"type":"Point","coordinates":[121.437674,25.188467]},"properties":{"supply_id":"new_taipei-onstreet-115289","city":"new_taipei","district":"淡水區","display_name":"義山路一段 車格 115289","address":"義山路一段","facility_kind":"onstreet","symbol_text":null,"type_reference":"路邊停車格","type_confidence":0.6,"price_raw":null,"price_value":null,"capacity_total":1,"available_total":1,"occupied_total":0,"status_label":"空位","data_time":"2026-05-02 15:53:29+08:00","city_label":"新北市","facility_kind_label":"路邊車格","available_rate":1,"occupancy_rate":0,"price_tier":"unknown","price_tier_label":"價格未知"}},{"type":"Feature","geometry":{"type":"Point","coordinates":[121.437652,25.188319]},"properties":{"supply_id":"new_taipei-onstreet-115287","city":"new_taipei","district":"淡水區","display_name":"義山路一段 車格 115287","address":"義山路一段","facility_kind":"onstreet","symbol_text":null,"type_reference":"路邊停車格","type_confidence":0.6,"price_raw":null,"price_value":null,"capacity_total":1,"available_total":1,"occupied_total":0,"status_label":"空位","data_time":"2026-05-02 15:53:29+08:00","city_label":"新北市","facility_kind_label":"路邊車格","available_rate":1,"occupancy_rate":0,"price_tier":"unknown","price_tier_label":"價格未知"}},{"type":"Feature","geometry":{"type":"Point","coordinates":[121.437961,25.190351]},"properties":{"supply_id":"new_taipei-onstreet-111368","city":"new_taipei","district":"淡水區","display_name":"義山路一段 車格 111368","address":"義山路一段","facility_kind":"onstreet","symbol_text":null,"type_reference":"路邊停車格","type_confidence":0.6,"price_raw":null,"price_value":null,"capacity_total":1,"available_total":1,"occupied_total":0,"status_label":"空位","data_time":"2026-05-02 15:53:29+08:00","city_label":"新北市","facility_kind_label":"路邊車格","available_rate":1,"occupancy_rate":0,"price_tier":"unknown","price_tier_label":"價格未知"}},{"type":"Feature","geometry":{"type":"Point","coordinates":[121.437923,25.190105]},"properties":{"supply_id":"new_taipei-onstreet-111373","city":"new_taipei","district":"淡水區","display_name":"義山路一段 車格 111373","address":"義山路一段","facility_kind":"onstreet","symbol_text":null,"type_reference":"路邊停車格","type_confidence":0.6,"price_raw":null,"price_value":null,"capacity_total":1,"available_total":1,"occupied_total":0,"status_label":"空位","data_time":"2026-05-02 15:53:29+08:00","city_label":"新北市","facility_kind_label":"路邊車格","available_rate":1,"occupancy_rate":0,"price_tier":"unknown","price_tier_label":"價格未知"}},{"type":"Feature","geometry":{"type":"Point","coordinates":[121.437659,25.188368]},"properties":{"supply_id":"new_taipei-onstreet-115286","city":"new_taipei","district":"淡水區","display_name":"義山路一段 車格 115286","address":"義山路一段","facility_kind":"onstreet","symbol_text":null,"type_reference":"路邊停車格","type_confidence":0.6,"price_raw":null,"price_value":null,"capacity_total":1,"available_total":1,"occupied_total":0,"status_label":"空位","data_time":"2026-05-02 15:53:29+08:00","city_label":"新北市","facility_kind_label":"路邊車格","available_rate":1,"occupancy_rate":0,"price_tier":"unknown","price_tier_label":"價格未知"}},{"type":"Feature","geometry":{"type":"Point","coordinates":[121.437762,25.189053]},"properties":{"supply_id":"new_taipei-onstreet-115275","city":"new_taipei","district":"淡水區","display_name":"義山路一段 車格 115275","address":"義山路一段","facility_kind":"onstreet","symbol_text":null,"type_reference":"路邊停車格","type_confidence":0.6,"price_raw":null,"price_value":null,"capacity_total":1,"available_total":1,"occupied_total":0,"status_label":"空位","data_time":"2026-05-02 15:53:29+08:00","city_label":"新北市","facility_kind_label":"路邊車格","available_rate":1,"occupancy_rate":0,"price_tier":"unknown","price_tier_label":"價格未知"}},{"type":"Feature","geometry":{"type":"Point","coordinates":[121.437718,25.188762]},"properties":{"supply_id":"new_taipei-onstreet-115294","city":"new_taipei","district":"淡水區","display_name":"義山路一段 車格 115294","address":"義山路一段","facility_kind":"onstreet","symbol_text":null,"type_reference":"路邊停車格","type_confidence":0.6,"price_raw":null,"price_value":null,"capacity_total":1,"available_total":1,"occupied_total":0,"status_label":"空位","data_time":"2026-05-02 15:53:29+08:00","city_label":"新北市","facility_kind_label":"路邊車格","available_rate":1,"occupancy_rate":0,"price_tier":"unknown","price_tier_label":"價格未知"}},{"type":"Feature","geometry":{"type":"Point","coordinates":[121.437637,25.188221]},"properties":{"supply_id":"new_taipei-onstreet-115284","city":"new_taipei","district":"淡水區","display_name":"義山路一段 車格 115284","address":"義山路一段","facility_kind":"onstreet","symbol_text":null,"type_reference":"路邊停車格","type_confidence":0.6,"price_raw":null,"price_value":null,"capacity_total":1,"available_total":1,"occupied_total":0,"status_label":"空位","data_time":"2026-05-02 15:53:29+08:00","city_label":"新北市","facility_kind_label":"路邊車格","available_rate":1,"occupancy_rate":0,"price_tier":"unknown","price_tier_label":"價格未知"}},{"type":"Feature","geometry":{"type":"Point","coordinates":[121.437499,25.187334]},"properties":{"supply_id":"new_taipei-onstreet-115242","city":"new_taipei","district":"淡水區","display_name":"義山路一段 車格 115242","address":"義山路一段","facility_kind":"onstreet","symbol_text":null,"type_reference":"路邊停車格","type_confidence":0.6,"price_raw":null,"price_value":null,"capacity_total":1,"available_total":1,"occupied_total":0,"status_label":"空位","data_time":"2026-05-02 15:53:29+08:00","city_label":"新北市","facility_kind_label":"路邊車格","available_rate":1,"occupancy_rate":0,"price_tier":"unknown","price_tier_label":"價格未知"}},{"type":"Feature","geometry":{"type":"Point","coordinates":[121.437667,25.188417]},"properties":{"supply_id":"new_taipei-onstreet-115288","city":"new_taipei","district":"淡水區","display_name":"義山路一段 車格 115288","address":"義山路一段","facility_kind":"onstreet","symbol_text":null,"type_reference":"路邊停車格","type_confidence":0.6,"price_raw":null,"price_value":null,"capacity_total":1,"available_total":1,"occupied_total":0,"status_label":"空位","data_time":"2026-05-02 15:53:29+08:00","city_label":"新北市","facility_kind_label":"路邊車格","available_rate":1,"occupancy_rate":0,"price_tier":"unknown","price_tier_label":"價格未知"}},{"type":"Feature","geometry":{"type":"Point","coordinates":[121.437681,25.188516]},"properties":{"supply_id":"new_taipei-onstreet-115291","city":"new_taipei","district":"淡水區","display_name":"義山路一段 車格 115291","address":"義山路一段","facility_kind":"onstreet","symbol_text":null,"type_reference":"路邊停車格","type_confidence":0.6,"price_raw":null,"price_value":null,"capacity_total":1,"available_total":1,"occupied_total":0,"status_label":"空位","data_time":"2026-05-02 15:53:29+08:00","city_label":"新北市","facility_kind_label":"路邊車格","available_rate":1,"occupancy_rate":0,"price_tier":"unknown","price_tier_label":"價格未知"}},{"type":"Feature","geometry":{"type":"Point","coordinates":[121.437644,25.18827]},"properties":{"supply_id":"new_taipei-onstreet-115285","city":"new_taipei","district":"淡水區","display_name":"義山路一段 車格 115285","address":"義山路一段","facility_kind":"onstreet","symbol_text":null,"type_reference":"路邊停車格","type_confidence":0.6,"price_raw":null,"price_value":null,"capacity_total":1,"available_total":1,"occupied_total":0,"status_label":"空位","data_time":"2026-05-02 15:53:29+08:00","city_label":"新北市","facility_kind_label":"路邊車格","available_rate":1,"occupancy_rate":0,"price_tier":"unknown","price_tier_label":"價格未知"}},{"type":"Feature","geometry":{"type":"Point","coordinates":[121.437537,25.187582]},"properties":{"supply_id":"new_taipei-onstreet-115245","city":"new_taipei","district":"淡水區","display_name":"義山路一段 車格 115245","address":"義山路一段","facility_kind":"onstreet","symbol_text":null,"type_reference":"路邊停車格","type_confidence":0.6,"price_raw":null,"price_value":null,"capacity_total":1,"available_total":1,"occupied_total":0,"status_label":"空位","data_time":"2026-05-02 15:53:29+08:00","city_label":"新北市","facility_kind_label":"路邊車格","available_rate":1,"occupancy_rate":0,"price_tier":"unknown","price_tier_label":"價格未知"}}]}