{"type":"FeatureCollection","features":[{"type":"Feature","geometry":{"type":"Point","coordinates":[121.37589587481557,24.942316749345174]},"properties":{"supply_id":"new_taipei-parking-090037","city":"new_taipei","district":"三峽區","display_name":"鼎冠小吃店停車場","address":"新北市三峽區大學路86-3號","facility_kind":"public_parking","symbol_text":"S","type_reference":"一般停車場","type_confidence":1,"price_raw":"小型車計時200元;","price_value":200,"capacity_total":6,"available_total":null,"occupied_total":null,"status_label":"狀態未知","data_time":"2026-05-03 06:08:01.942681+08:00","city_label":"新北市","facility_kind_label":"停車場","available_rate":null,"occupancy_rate":null,"price_tier":"premium","price_tier_label":"極高價"}},{"type":"Feature","geometry":{"type":"Point","coordinates":[121.36993419308084,24.936476794089778]},"properties":{"supply_id":"new_taipei-parking-090021","city":"new_taipei","district":"三峽區","display_name":"台灣聯通三峽停車場","address":"新北市三峽區和平街65號B2","facility_kind":"public_parking","symbol_text":"S","type_reference":"一般停車場","type_confidence":1,"price_raw":"小型車計時40元;小型車月租4000元;","price_value":4000,"capacity_total":21,"available_total":null,"occupied_total":null,"status_label":"狀態未知","data_time":"2026-05-03 06:08:01.942681+08:00","city_label":"新北市","facility_kind_label":"停車場","available_rate":null,"occupancy_rate":null,"price_tier":"premium","price_tier_label":"極高價"}},{"type":"Feature","geometry":{"type":"Point","coordinates":[121.37732869523784,24.936134139491372]},"properties":{"supply_id":"new_taipei-parking-090051","city":"new_taipei","district":"三峽區","display_name":"悅灣悠悅社區停車場","address":"新北市三峽區民生街1巷6-1號B1、B2","facility_kind":"public_parking","symbol_text":"S","type_reference":"一般停車場","type_confidence":1,"price_raw":"小型車月租2500元;","price_value":2500,"capacity_total":111,"available_total":null,"occupied_total":null,"status_label":"狀態未知","data_time":"2026-05-03 06:08:01.942681+08:00","city_label":"新北市","facility_kind_label":"停車場","available_rate":null,"occupancy_rate":null,"price_tier":"premium","price_tier_label":"極高價"}},{"type":"Feature","geometry":{"type":"Point","coordinates":[121.37510204030208,24.93260877761486]},"properties":{"supply_id":"new_taipei-parking-090049","city":"new_taipei","district":"三峽區","display_name":"祥耀停車場","address":"新北市三峽區中華路8號對面","facility_kind":"public_parking","symbol_text":"S","type_reference":"一般停車場","type_confidence":1,"price_raw":"小型車計時40元;","price_value":40,"capacity_total":40,"available_total":null,"occupied_total":null,"status_label":"狀態未知","data_time":"2026-05-03 06:08:01.942681+08:00","city_label":"新北市","facility_kind_label":"停車場","available_rate":null,"occupancy_rate":null,"price_tier":"medium","price_tier_label":"中價"}},{"type":"Feature","geometry":{"type":"Point","coordinates":[121.3624242738798,24.936644213021534]},"properties":{"supply_id":"new_taipei-parking-090053","city":"new_taipei","district":"三峽區","display_name":"詮營停車第二停車場","address":"新北市三峽區中山路257巷16號對面空地","facility_kind":"public_parking","symbol_text":"S","type_reference":"一般停車場","type_confidence":1,"price_raw":"小型車計時50元;小型車月租4000元;機車計次20元;","price_value":4000,"capacity_total":50,"available_total":null,"occupied_total":null,"status_label":"狀態未知","data_time":"2026-05-03 06:08:01.942681+08:00","city_label":"新北市","facility_kind_label":"停車場","available_rate":null,"occupancy_rate":null,"price_tier":"premium","price_tier_label":"極高價"}},{"type":"Feature","geometry":{"type":"Point","coordinates":[121.3721767007203,24.947280830076124]},"properties":{"supply_id":"new_taipei-parking-090054","city":"new_taipei","district":"三峽區","display_name":"Times三峽大學路第2停車場","address":"新北市三峽區大學路218號旁","facility_kind":"public_parking","symbol_text":"S","type_reference":"一般停車場","type_confidence":1,"price_raw":"小型車計時80元;小型車月租8000元;","price_value":8000,"capacity_total":81,"available_total":null,"occupied_total":null,"status_label":"狀態未知","data_time":"2026-05-03 06:08:01.942681+08:00","city_label":"新北市","facility_kind_label":"停車場","available_rate":null,"occupancy_rate":null,"price_tier":"premium","price_tier_label":"極高價"}},{"type":"Feature","geometry":{"type":"Point","coordinates":[121.37863031341843,24.945383970443935]},"properties":{"supply_id":"new_taipei-parking-090023","city":"new_taipei","district":"三峽區","display_name":"台灣聯通北大停車場","address":"新北市三峽區學成路398號B1~B2","facility_kind":"public_parking","symbol_text":"S","type_reference":"一般停車場","type_confidence":1,"price_raw":"小型車計時60元;小型車月租6000元;機車計次30元;機車月租1,000元;","price_value":6000,"capacity_total":82,"available_total":null,"occupied_total":null,"status_label":"狀態未知","data_time":"2026-05-03 06:08:01.942681+08:00","city_label":"新北市","facility_kind_label":"停車場","available_rate":null,"occupancy_rate":null,"price_tier":"premium","price_tier_label":"極高價"}},{"type":"Feature","geometry":{"type":"Point","coordinates":[121.37304758491163,24.943485852860736]},"properties":{"supply_id":"new_taipei-parking-090055","city":"new_taipei","district":"三峽區","display_name":"禮頓企業有限公司大學站停車場","address":"新北市三峽區國際二街25號旁空地","facility_kind":"public_parking","symbol_text":"S","type_reference":"一般停車場","type_confidence":1,"price_raw":"小型車計時80元;小型車月租8000元;","price_value":8000,"capacity_total":50,"available_total":null,"occupied_total":null,"status_label":"狀態未知","data_time":"2026-05-03 06:08:01.942681+08:00","city_label":"新北市","facility_kind_label":"停車場","available_rate":null,"occupancy_rate":null,"price_tier":"premium","price_tier_label":"極高價"}},{"type":"Feature","geometry":{"type":"Point","coordinates":[121.37402088912862,24.944769949399813]},"properties":{"supply_id":"new_taipei-parking-090059","city":"new_taipei","district":"三峽區","display_name":"Times三峽大學路第3停車場","address":"新北市三峽區大學路152號旁","facility_kind":"public_parking","symbol_text":"S","type_reference":"一般停車場","type_confidence":1,"price_raw":"小型車計時80元;小型車月租8000元;","price_value":8000,"capacity_total":25,"available_total":null,"occupied_total":null,"status_label":"狀態未知","data_time":"2026-05-03 06:08:01.942681+08:00","city_label":"新北市","facility_kind_label":"停車場","available_rate":null,"occupancy_rate":null,"price_tier":"premium","price_tier_label":"極高價"}},{"type":"Feature","geometry":{"type":"Point","coordinates":[121.37313154094166,24.94078526955381]},"properties":{"supply_id":"new_taipei-parking-090060","city":"new_taipei","district":"三峽區","display_name":"富山三峽國成街停車場(一區)","address":"新北市三峽區學成路97號對面空地","facility_kind":"public_parking","symbol_text":"S","type_reference":"一般停車場","type_confidence":1,"price_raw":"小型車計時60元;小型車月租5000元;","price_value":5000,"capacity_total":49,"available_total":null,"occupied_total":null,"status_label":"狀態未知","data_time":"2026-05-03 06:08:01.942681+08:00","city_label":"新北市","facility_kind_label":"停車場","available_rate":null,"occupancy_rate":null,"price_tier":"premium","price_tier_label":"極高價"}},{"type":"Feature","geometry":{"type":"Point","coordinates":[121.3732412346974,24.94071276821084]},"properties":{"supply_id":"new_taipei-parking-090061","city":"new_taipei","district":"三峽區","display_name":"富山三峽國成街停車場(二區)","address":"新北市三峽區學成路97號對面空地","facility_kind":"public_parking","symbol_text":"S","type_reference":"一般停車場","type_confidence":1,"price_raw":"小型車計時60元;小型車月租5000元;","price_value":5000,"capacity_total":11,"available_total":null,"occupied_total":null,"status_label":"狀態未知","data_time":"2026-05-03 06:08:01.942681+08:00","city_label":"新北市","facility_kind_label":"停車場","available_rate":null,"occupancy_rate":null,"price_tier":"premium","price_tier_label":"極高價"}},{"type":"Feature","geometry":{"type":"Point","coordinates":[121.36716123972118,24.927956379658287]},"properties":{"supply_id":"new_taipei-parking-090007","city":"new_taipei","district":"三峽區","display_name":"三峽區中園國民小學停車場","address":"新北市三峽區弘園街22號1F/1~41、49~55號及B1/1~28號車格位","facility_kind":"public_parking","symbol_text":"S","type_reference":"一般停車場","type_confidence":1,"price_raw":"小型車計次100元;小型車月租1800元;","price_value":1800,"capacity_total":76,"available_total":null,"occupied_total":null,"status_label":"狀態未知","data_time":"2026-05-03 06:08:01.942681+08:00","city_label":"新北市","facility_kind_label":"停車場","available_rate":null,"occupancy_rate":null,"price_tier":"premium","price_tier_label":"極高價"}},{"type":"Feature","geometry":{"type":"Point","coordinates":[121.37424700963055,24.94291857483535]},"properties":{"supply_id":"new_taipei-parking-090052","city":"new_taipei","district":"三峽區","display_name":"禮頓企業有限公司國際一街上水停車場","address":"新北市三峽區國際一街15號旁空地","facility_kind":"public_parking","symbol_text":"S","type_reference":"一般停車場","type_confidence":1,"price_raw":"小型車計時60元;小型車月租8000元;","price_value":8000,"capacity_total":22,"available_total":null,"occupied_total":null,"status_label":"狀態未知","data_time":"2026-05-03 06:08:01.942681+08:00","city_label":"新北市","facility_kind_label":"停車場","available_rate":null,"occupancy_rate":null,"price_tier":"premium","price_tier_label":"極高價"}},{"type":"Feature","geometry":{"type":"Point","coordinates":[121.36128009236216,24.937478501326186]},"properties":{"supply_id":"new_taipei-parking-090062","city":"new_taipei","district":"三峽區","display_name":"Times三峽中山路停車場","address":"新北市三峽區中山路299巷3號對面","facility_kind":"public_parking","symbol_text":"S","type_reference":"一般停車場","type_confidence":1,"price_raw":"小型車計時80元;小型車月租8000元;","price_value":8000,"capacity_total":6,"available_total":null,"occupied_total":null,"status_label":"狀態未知","data_time":"2026-05-03 06:08:01.942681+08:00","city_label":"新北市","facility_kind_label":"停車場","available_rate":null,"occupancy_rate":null,"price_tier":"premium","price_tier_label":"極高價"}},{"type":"Feature","geometry":{"type":"Point","coordinates":[121.37018345762759,24.935396385943683]},"properties":{"supply_id":"new_taipei-parking-090063","city":"new_taipei","district":"三峽區","display_name":"Times三峽和平街停車場","address":"新北市三峽區和平街29巷8號旁","facility_kind":"public_parking","symbol_text":"S","type_reference":"一般停車場","type_confidence":1,"price_raw":"小型車計時80元;小型車月租8000元;","price_value":8000,"capacity_total":13,"available_total":null,"occupied_total":null,"status_label":"狀態未知","data_time":"2026-05-03 06:08:01.942681+08:00","city_label":"新北市","facility_kind_label":"停車場","available_rate":null,"occupancy_rate":null,"price_tier":"premium","price_tier_label":"極高價"}},{"type":"Feature","geometry":{"type":"Point","coordinates":[121.3717511455099,24.93680632156705]},"properties":{"supply_id":"new_taipei-parking-090064","city":"new_taipei","district":"三峽區","display_name":"Times三峽文化路停車場","address":"新北市三峽區文化路120巷22弄5號斜對面","facility_kind":"public_parking","symbol_text":"S","type_reference":"一般停車場","type_confidence":1,"price_raw":"小型車計時80元;小型車月租8000元;","price_value":8000,"capacity_total":23,"available_total":null,"occupied_total":null,"status_label":"狀態未知","data_time":"2026-05-03 06:08:01.942681+08:00","city_label":"新北市","facility_kind_label":"停車場","available_rate":null,"occupancy_rate":null,"price_tier":"premium","price_tier_label":"極高價"}},{"type":"Feature","geometry":{"type":"Point","coordinates":[121.37385950387589,24.946745751658238]},"properties":{"supply_id":"new_taipei-parking-090036","city":"new_taipei","district":"三峽區","display_name":"禮頓企業有限公司大觀停車場","address":"新北市三峽區大觀路101號旁空地","facility_kind":"public_parking","symbol_text":"S","type_reference":"一般停車場","type_confidence":1,"price_raw":"小型車計時60元;小型車月租3000元;","price_value":3000,"capacity_total":36,"available_total":null,"occupied_total":null,"status_label":"狀態未知","data_time":"2026-05-03 06:08:01.942681+08:00","city_label":"新北市","facility_kind_label":"停車場","available_rate":null,"occupancy_rate":null,"price_tier":"premium","price_tier_label":"極高價"}},{"type":"Feature","geometry":{"type":"Point","coordinates":[121.37552136457771,24.94551372061007]},"properties":{"supply_id":"new_taipei-parking-090035","city":"new_taipei","district":"三峽區","display_name":"Times 三峽大德路停車場","address":"新北市三峽區大德路157號旁","facility_kind":"public_parking","symbol_text":"S","type_reference":"一般停車場","type_confidence":1,"price_raw":"小型車計時80元;小型車月租8000元;","price_value":8000,"capacity_total":23,"available_total":null,"occupied_total":null,"status_label":"狀態未知","data_time":"2026-05-03 06:08:01.942681+08:00","city_label":"新北市","facility_kind_label":"停車場","available_rate":null,"occupancy_rate":null,"price_tier":"premium","price_tier_label":"極高價"}},{"type":"Feature","geometry":{"type":"Point","coordinates":[121.36696405613507,24.926566499168676]},"properties":{"supply_id":"new_taipei-parking-090066","city":"new_taipei","district":"三峽區","display_name":"禮頓企業有限公司三峽大同路停車場","address":"新北市三峽區大同路214號旁空地","facility_kind":"public_parking","symbol_text":"S","type_reference":"一般停車場","type_confidence":1,"price_raw":"小型車計時80元;小型車月租8000元;","price_value":8000,"capacity_total":13,"available_total":null,"occupied_total":null,"status_label":"狀態未知","data_time":"2026-05-03 06:08:01.942681+08:00","city_label":"新北市","facility_kind_label":"停車場","available_rate":null,"occupancy_rate":null,"price_tier":"premium","price_tier_label":"極高價"}},{"type":"Feature","geometry":{"type":"Point","coordinates":[121.36348362752187,24.93761398551503]},"properties":{"supply_id":"new_taipei-parking-090065","city":"new_taipei","district":"三峽區","display_name":"詮營停車第一停車場","address":"新北市三峽區中山路220巷旁空地","facility_kind":"public_parking","symbol_text":"S","type_reference":"一般停車場","type_confidence":1,"price_raw":"小型車計時60元;小型車月租4000元;機車計次10元;","price_value":4000,"capacity_total":113,"available_total":null,"occupied_total":null,"status_label":"狀態未知","data_time":"2026-05-03 06:08:01.942681+08:00","city_label":"新北市","facility_kind_label":"停車場","available_rate":null,"occupancy_rate":null,"price_tier":"premium","price_tier_label":"極高價"}},{"type":"Feature","geometry":{"type":"Point","coordinates":[121.37076769330905,24.935079844711918]},"properties":{"supply_id":"new_taipei-parking-090025","city":"new_taipei","district":"三峽區","display_name":"三峽區三峽公有零售市場所屬停車場","address":"新北市三峽區民生街186號B1、B2","facility_kind":"public_parking","symbol_text":"S","type_reference":"一般停車場","type_confidence":1,"price_raw":"小型車計時20元;小型車計時30元;小型車月租4000元;身障車月租2000元;小型車月租3200元;機車計時10元;機車月租300元;身障機車月租150元;重型機車計時20元;重型機車計時30元;重型機車月租1500元;","price_value":4000,"capacity_total":92,"available_total":44,"occupied_total":48,"status_label":"空位","data_time":"2026-05-03 06:08:01.942681+08:00","city_label":"新北市","facility_kind_label":"停車場","available_rate":0.4782608695652174,"occupancy_rate":0.5217391304347826,"price_tier":"premium","price_tier_label":"極高價"}},{"type":"Feature","geometry":{"type":"Point","coordinates":[121.37305412799068,24.94500078960839]},"properties":{"supply_id":"new_taipei-parking-090009","city":"new_taipei","district":"三峽區","display_name":"國立臺北大學三峽校區停車場","address":"新北市三峽區大學路151號","facility_kind":"public_parking","symbol_text":"S","type_reference":"一般停車場","type_confidence":1,"price_raw":"大型車計次200元;小型車計時20元;小型車計時40元;小型車月租1800元;","price_value":1800,"capacity_total":56,"available_total":null,"occupied_total":null,"status_label":"狀態未知","data_time":"2026-05-03 06:08:01.942681+08:00","city_label":"新北市","facility_kind_label":"停車場","available_rate":null,"occupancy_rate":null,"price_tier":"premium","price_tier_label":"極高價"}},{"type":"Feature","geometry":{"type":"Point","coordinates":[121.37552832356053,24.945522731394338]},"properties":{"supply_id":"new_taipei-parking-090057","city":"new_taipei","district":"三峽區","display_name":"嘟嘟房三峽大德站停車場","address":"新北市三峽區大德路181號旁停車場","facility_kind":"public_parking","symbol_text":"S","type_reference":"一般停車場","type_confidence":1,"price_raw":"小型車計時60元;小型車月租6000元;","price_value":6000,"capacity_total":24,"available_total":null,"occupied_total":null,"status_label":"狀態未知","data_time":"2026-05-03 06:08:01.942681+08:00","city_label":"新北市","facility_kind_label":"停車場","available_rate":null,"occupancy_rate":null,"price_tier":"premium","price_tier_label":"極高價"}},{"type":"Feature","geometry":{"type":"Point","coordinates":[121.37187491417896,24.941424005188328]},"properties":{"supply_id":"new_taipei-parking-090020","city":"new_taipei","district":"三峽區","display_name":"好庭車三峽北大停車場","address":"新北市三峽區國際一街120號旁空地","facility_kind":"public_parking","symbol_text":"S","type_reference":"一般停車場","type_confidence":1,"price_raw":"小型車計時50元;小型車月租4000元;","price_value":4000,"capacity_total":34,"available_total":null,"occupied_total":null,"status_label":"狀態未知","data_time":"2026-05-03 06:08:01.942681+08:00","city_label":"新北市","facility_kind_label":"停車場","available_rate":null,"occupancy_rate":null,"price_tier":"premium","price_tier_label":"極高價"}},{"type":"Feature","geometry":{"type":"Point","coordinates":[121.3615340783539,24.937650326744944]},"properties":{"supply_id":"new_taipei-parking-090068","city":"new_taipei","district":"三峽區","display_name":"Times三峽中山路第2停車場","address":"新北市三峽區中山路287號旁停車場","facility_kind":"public_parking","symbol_text":"S","type_reference":"一般停車場","type_confidence":1,"price_raw":"小型車計時80元;小型車月租8000元;","price_value":8000,"capacity_total":8,"available_total":null,"occupied_total":null,"status_label":"狀態未知","data_time":"2026-05-03 06:08:01.942681+08:00","city_label":"新北市","facility_kind_label":"停車場","available_rate":null,"occupancy_rate":null,"price_tier":"premium","price_tier_label":"極高價"}},{"type":"Feature","geometry":{"type":"Point","coordinates":[121.37193299999592,24.94288399930116]},"properties":{"supply_id":"new_taipei-parking-090041","city":"new_taipei","district":"三峽區","display_name":"禮頓企業有限公司國際二街停車場","address":"新北市三峽區國際二街39號旁空地","facility_kind":"public_parking","symbol_text":"S","type_reference":"一般停車場","type_confidence":1,"price_raw":"小型車計時100元;小型車月租8000元;","price_value":8000,"capacity_total":37,"available_total":null,"occupied_total":null,"status_label":"狀態未知","data_time":"2026-05-03 06:08:01.942681+08:00","city_label":"新北市","facility_kind_label":"停車場","available_rate":null,"occupancy_rate":null,"price_tier":"premium","price_tier_label":"極高價"}},{"type":"Feature","geometry":{"type":"Point","coordinates":[121.36878499995136,24.937167998686952]},"properties":{"supply_id":"new_taipei-parking-090044","city":"new_taipei","district":"三峽區","display_name":"新北市三峽國民運動中心收費停車場","address":"新北市三峽區文化路210巷12號1樓及B1","facility_kind":"public_parking","symbol_text":"S","type_reference":"一般停車場","type_confidence":1,"price_raw":"小型車計時20元;小型車計時30元;小型車月租4000元;機車計次20元;","price_value":4000,"capacity_total":132,"available_total":0,"occupied_total":132,"status_label":"已停","data_time":"2026-05-03 06:08:01.942681+08:00","city_label":"新北市","facility_kind_label":"停車場","available_rate":0,"occupancy_rate":1,"price_tier":"premium","price_tier_label":"極高價"}},{"type":"Feature","geometry":{"type":"Point","coordinates":[121.40797157431935,24.948570251506652]},"properties":{"supply_id":"new_taipei-parking-090019","city":"new_taipei","district":"三峽區","display_name":"新北市市立殯儀館三峽火化場立體停車場","address":"新北市三峽區介壽路3段260巷1號1、2樓/61~96號車格位及B1","facility_kind":"public_parking","symbol_text":"S","type_reference":"一般停車場","type_confidence":1,"price_raw":"小型車計時30元;","price_value":30,"capacity_total":96,"available_total":null,"occupied_total":null,"status_label":"狀態未知","data_time":"2026-05-03 06:08:01.942681+08:00","city_label":"新北市","facility_kind_label":"停車場","available_rate":null,"occupancy_rate":null,"price_tier":"medium","price_tier_label":"中價"}},{"type":"Feature","geometry":{"type":"Point","coordinates":[121.37323699992236,24.939150999396492]},"properties":{"supply_id":"new_taipei-parking-090045","city":"new_taipei","district":"三峽區","display_name":"北大國民小學停車場","address":"新北市三峽區國光街100號B1","facility_kind":"public_parking","symbol_text":"S","type_reference":"一般停車場","type_confidence":1,"price_raw":"小型車月租2500元;","price_value":2500,"capacity_total":21,"available_total":null,"occupied_total":null,"status_label":"狀態未知","data_time":"2026-05-03 06:08:01.942681+08:00","city_label":"新北市","facility_kind_label":"停車場","available_rate":null,"occupancy_rate":null,"price_tier":"premium","price_tier_label":"極高價"}},{"type":"Feature","geometry":{"type":"Point","coordinates":[121.37136882464289,24.94040145450701]},"properties":{"supply_id":"new_taipei-parking-090069","city":"new_taipei","district":"三峽區","display_name":"長揚停車場三峽站","address":"新北市三峽區國光街364巷14號對面空地","facility_kind":"public_parking","symbol_text":"S","type_reference":"一般停車場","type_confidence":1,"price_raw":"小型車月租3500元;","price_value":3500,"capacity_total":4,"available_total":null,"occupied_total":null,"status_label":"狀態未知","data_time":"2026-05-03 06:08:01.942681+08:00","city_label":"新北市","facility_kind_label":"停車場","available_rate":null,"occupancy_rate":null,"price_tier":"premium","price_tier_label":"極高價"}},{"type":"Feature","geometry":{"type":"Point","coordinates":[121.37474283985779,24.942175200233198]},"properties":{"supply_id":"new_taipei-parking-090030","city":"new_taipei","district":"三峽區","display_name":"禮頓企業股份有限公司北大學成二站停車場","address":"新北市三峽區學成路159號旁","facility_kind":"public_parking","symbol_text":"S","type_reference":"一般停車場","type_confidence":1,"price_raw":"小型車計時100元;小型車月租8000元;","price_value":8000,"capacity_total":24,"available_total":null,"occupied_total":null,"status_label":"狀態未知","data_time":"2026-05-03 06:08:01.942681+08:00","city_label":"新北市","facility_kind_label":"停車場","available_rate":null,"occupancy_rate":null,"price_tier":"premium","price_tier_label":"極高價"}},{"type":"Feature","geometry":{"type":"Point","coordinates":[121.40708184725747,24.870891007407273]},"properties":{"supply_id":"new_taipei-parking-090070","city":"new_taipei","district":"三峽區","display_name":"大板根酒店本館地下室收費停車場","address":"新北市三峽區插角里79號B2、B3","facility_kind":"public_parking","symbol_text":"S","type_reference":"一般停車場","type_confidence":1,"price_raw":"小型車計時50元;","price_value":50,"capacity_total":125,"available_total":null,"occupied_total":null,"status_label":"狀態未知","data_time":"2026-05-03 06:08:01.942681+08:00","city_label":"新北市","facility_kind_label":"停車場","available_rate":null,"occupancy_rate":null,"price_tier":"high","price_tier_label":"高價"}},{"type":"Feature","geometry":{"type":"Point","coordinates":[121.44579917102344,24.832710452649177]},"properties":{"supply_id":"new_taipei-parking-090071","city":"new_taipei","district":"三峽區","display_name":"滿月圓國家森林遊樂區停車場","address":"新北市三峽區有木里179號","facility_kind":"public_parking","symbol_text":"S","type_reference":"一般停車場","type_confidence":1,"price_raw":"大型車計次100元;小型車計次100元;","price_value":100,"capacity_total":110,"available_total":null,"occupied_total":null,"status_label":"狀態未知","data_time":"2026-05-03 06:08:01.942681+08:00","city_label":"新北市","facility_kind_label":"停車場","available_rate":null,"occupancy_rate":null,"price_tier":"premium","price_tier_label":"極高價"}},{"type":"Feature","geometry":{"type":"Point","coordinates":[121.37417420205145,24.93520495110819]},"properties":{"supply_id":"new_taipei-parking-090072","city":"new_taipei","district":"三峽區","display_name":"Times三峽清水街停車場","address":"新北市三峽區清水街291號旁","facility_kind":"public_parking","symbol_text":"S","type_reference":"一般停車場","type_confidence":1,"price_raw":"小型車計時80元;小型車月租8000元;","price_value":8000,"capacity_total":3,"available_total":null,"occupied_total":null,"status_label":"狀態未知","data_time":"2026-05-03 06:08:01.942681+08:00","city_label":"新北市","facility_kind_label":"停車場","available_rate":null,"occupancy_rate":null,"price_tier":"premium","price_tier_label":"極高價"}},{"type":"Feature","geometry":{"type":"Point","coordinates":[121.37742717355168,24.942783254446688]},"properties":{"supply_id":"new_taipei-parking-090056","city":"new_taipei","district":"三峽區","display_name":"嘟嘟房三峽大德2站停車場","address":"新北市三峽區大德路33號旁停車場","facility_kind":"public_parking","symbol_text":"S","type_reference":"一般停車場","type_confidence":1,"price_raw":"小型車計時80元;小型車月租5000元;","price_value":5000,"capacity_total":85,"available_total":null,"occupied_total":null,"status_label":"狀態未知","data_time":"2026-05-03 06:08:01.942681+08:00","city_label":"新北市","facility_kind_label":"停車場","available_rate":null,"occupancy_rate":null,"price_tier":"premium","price_tier_label":"極高價"}},{"type":"Feature","geometry":{"type":"Point","coordinates":[121.372574,24.931752]},"properties":{"supply_id":"new_taipei-onstreet-90587","city":"new_taipei","district":"三峽區","display_name":"光明路 車格 90587","address":"光明路","facility_kind":"onstreet","symbol_text":null,"type_reference":"路邊停車格","type_confidence":0.6,"price_raw":null,"price_value":null,"capacity_total":1,"available_total":1,"occupied_total":0,"status_label":"空位","data_time":"2026-05-02 15:53:29+08:00","city_label":"新北市","facility_kind_label":"路邊車格","available_rate":1,"occupancy_rate":0,"price_tier":"unknown","price_tier_label":"價格未知"}},{"type":"Feature","geometry":{"type":"Point","coordinates":[121.378393,24.930232]},"properties":{"supply_id":"new_taipei-onstreet-87539","city":"new_taipei","district":"三峽區","display_name":"大同路 車格 87539","address":"大同路","facility_kind":"onstreet","symbol_text":null,"type_reference":"路邊停車格","type_confidence":0.6,"price_raw":null,"price_value":null,"capacity_total":1,"available_total":1,"occupied_total":0,"status_label":"空位","data_time":"2026-05-02 15:53:29+08:00","city_label":"新北市","facility_kind_label":"路邊車格","available_rate":1,"occupancy_rate":0,"price_tier":"unknown","price_tier_label":"價格未知"}},{"type":"Feature","geometry":{"type":"Point","coordinates":[121.374725,24.93002]},"properties":{"supply_id":"new_taipei-onstreet-26897","city":"new_taipei","district":"三峽區","display_name":"中正路一段 車格 26897","address":"中正路一段","facility_kind":"onstreet","symbol_text":null,"type_reference":"路邊停車格","type_confidence":0.6,"price_raw":null,"price_value":null,"capacity_total":1,"available_total":0,"occupied_total":1,"status_label":"已停","data_time":"2026-05-02 15:53:29+08:00","city_label":"新北市","facility_kind_label":"路邊車格","available_rate":0,"occupancy_rate":1,"price_tier":"unknown","price_tier_label":"價格未知"}},{"type":"Feature","geometry":{"type":"Point","coordinates":[121.354206,24.93595]},"properties":{"supply_id":"new_taipei-onstreet-158023","city":"new_taipei","district":"三峽區","display_name":"中山路 車格 158023","address":"中山路","facility_kind":"onstreet","symbol_text":null,"type_reference":"路邊停車格","type_confidence":0.6,"price_raw":null,"price_value":null,"capacity_total":1,"available_total":0,"occupied_total":1,"status_label":"已停","data_time":"2026-05-02 15:53:29+08:00","city_label":"新北市","facility_kind_label":"路邊車格","available_rate":0,"occupancy_rate":1,"price_tier":"unknown","price_tier_label":"價格未知"}},{"type":"Feature","geometry":{"type":"Point","coordinates":[121.375036,24.935992]},"properties":{"supply_id":"new_taipei-onstreet-147037","city":"new_taipei","district":"三峽區","display_name":"民生街 車格 147037","address":"民生街","facility_kind":"onstreet","symbol_text":null,"type_reference":"路邊停車格","type_confidence":0.6,"price_raw":null,"price_value":null,"capacity_total":1,"available_total":1,"occupied_total":0,"status_label":"空位","data_time":"2026-05-02 15:53:29+08:00","city_label":"新北市","facility_kind_label":"路邊車格","available_rate":1,"occupancy_rate":0,"price_tier":"unknown","price_tier_label":"價格未知"}},{"type":"Feature","geometry":{"type":"Point","coordinates":[121.375961,24.942081]},"properties":{"supply_id":"new_taipei-onstreet-154806","city":"new_taipei","district":"三峽區","display_name":"大學路 車格 154806","address":"大學路","facility_kind":"onstreet","symbol_text":null,"type_reference":"路邊停車格","type_confidence":0.6,"price_raw":null,"price_value":null,"capacity_total":1,"available_total":0,"occupied_total":1,"status_label":"已停","data_time":"2026-05-02 15:53:29+08:00","city_label":"新北市","facility_kind_label":"路邊車格","available_rate":0,"occupancy_rate":1,"price_tier":"unknown","price_tier_label":"價格未知"}},{"type":"Feature","geometry":{"type":"Point","coordinates":[121.371528,24.932584]},"properties":{"supply_id":"new_taipei-onstreet-86803","city":"new_taipei","district":"三峽區","display_name":"安溪路 車格 86803","address":"安溪路","facility_kind":"onstreet","symbol_text":null,"type_reference":"路邊停車格","type_confidence":0.6,"price_raw":null,"price_value":null,"capacity_total":1,"available_total":null,"occupied_total":null,"status_label":"不可用","data_time":"2026-05-02 15:53:29+08:00","city_label":"新北市","facility_kind_label":"路邊車格","available_rate":null,"occupancy_rate":null,"price_tier":"unknown","price_tier_label":"價格未知"}},{"type":"Feature","geometry":{"type":"Point","coordinates":[121.368001,24.932482]},"properties":{"supply_id":"new_taipei-onstreet-112381","city":"new_taipei","district":"三峽區","display_name":"鳶峰路 車格 112381","address":"鳶峰路","facility_kind":"onstreet","symbol_text":null,"type_reference":"路邊停車格","type_confidence":0.6,"price_raw":null,"price_value":null,"capacity_total":1,"available_total":0,"occupied_total":1,"status_label":"已停","data_time":"2026-05-02 15:53:29+08:00","city_label":"新北市","facility_kind_label":"路邊車格","available_rate":0,"occupancy_rate":1,"price_tier":"unknown","price_tier_label":"價格未知"}},{"type":"Feature","geometry":{"type":"Point","coordinates":[121.369151,24.921245]},"properties":{"supply_id":"new_taipei-onstreet-146528","city":"new_taipei","district":"三峽區","display_name":"安溪路 車格 146528","address":"安溪路","facility_kind":"onstreet","symbol_text":null,"type_reference":"路邊停車格","type_confidence":0.6,"price_raw":null,"price_value":null,"capacity_total":1,"available_total":0,"occupied_total":1,"status_label":"已停","data_time":"2026-05-02 15:53:29+08:00","city_label":"新北市","facility_kind_label":"路邊車格","available_rate":0,"occupancy_rate":1,"price_tier":"unknown","price_tier_label":"價格未知"}},{"type":"Feature","geometry":{"type":"Point","coordinates":[121.378427,24.933331]},"properties":{"supply_id":"new_taipei-onstreet-155189","city":"new_taipei","district":"三峽區","display_name":"水防道路 車格 155189","address":"水防道路","facility_kind":"onstreet","symbol_text":null,"type_reference":"路邊停車格","type_confidence":0.6,"price_raw":null,"price_value":null,"capacity_total":1,"available_total":1,"occupied_total":0,"status_label":"空位","data_time":"2026-05-02 15:53:29+08:00","city_label":"新北市","facility_kind_label":"路邊車格","available_rate":1,"occupancy_rate":0,"price_tier":"unknown","price_tier_label":"價格未知"}},{"type":"Feature","geometry":{"type":"Point","coordinates":[121.372778,24.931282]},"properties":{"supply_id":"new_taipei-onstreet-159801","city":"new_taipei","district":"三峽區","display_name":"中華路 車格 159801","address":"中華路","facility_kind":"onstreet","symbol_text":null,"type_reference":"路邊停車格","type_confidence":0.6,"price_raw":null,"price_value":null,"capacity_total":1,"available_total":1,"occupied_total":0,"status_label":"空位","data_time":"2026-05-02 15:53:29+08:00","city_label":"新北市","facility_kind_label":"路邊車格","available_rate":1,"occupancy_rate":0,"price_tier":"unknown","price_tier_label":"價格未知"}},{"type":"Feature","geometry":{"type":"Point","coordinates":[121.374737,24.932212]},"properties":{"supply_id":"new_taipei-onstreet-57862","city":"new_taipei","district":"三峽區","display_name":"愛國路 車格 57862","address":"愛國路","facility_kind":"onstreet","symbol_text":null,"type_reference":"路邊停車格","type_confidence":0.6,"price_raw":null,"price_value":null,"capacity_total":1,"available_total":1,"occupied_total":0,"status_label":"空位","data_time":"2026-05-02 15:53:29+08:00","city_label":"新北市","facility_kind_label":"路邊車格","available_rate":1,"occupancy_rate":0,"price_tier":"unknown","price_tier_label":"價格未知"}},{"type":"Feature","geometry":{"type":"Point","coordinates":[121.371492,24.932541]},"properties":{"supply_id":"new_taipei-onstreet-88203","city":"new_taipei","district":"三峽區","display_name":"安溪路 車格 88203","address":"安溪路","facility_kind":"onstreet","symbol_text":null,"type_reference":"路邊停車格","type_confidence":0.6,"price_raw":null,"price_value":null,"capacity_total":1,"available_total":null,"occupied_total":null,"status_label":"不可用","data_time":"2026-05-02 15:53:29+08:00","city_label":"新北市","facility_kind_label":"路邊車格","available_rate":null,"occupancy_rate":null,"price_tier":"unknown","price_tier_label":"價格未知"}},{"type":"Feature","geometry":{"type":"Point","coordinates":[121.374753,24.932165]},"properties":{"supply_id":"new_taipei-onstreet-86831","city":"new_taipei","district":"三峽區","display_name":"愛國路 車格 86831","address":"愛國路","facility_kind":"onstreet","symbol_text":null,"type_reference":"路邊停車格","type_confidence":0.6,"price_raw":null,"price_value":null,"capacity_total":1,"available_total":1,"occupied_total":0,"status_label":"空位","data_time":"2026-05-02 15:53:29+08:00","city_label":"新北市","facility_kind_label":"路邊車格","available_rate":1,"occupancy_rate":0,"price_tier":"unknown","price_tier_label":"價格未知"}},{"type":"Feature","geometry":{"type":"Point","coordinates":[121.374053,24.929513]},"properties":{"supply_id":"new_taipei-onstreet-82989","city":"new_taipei","district":"三峽區","display_name":"中正路一段 車格 82989","address":"中正路一段","facility_kind":"onstreet","symbol_text":null,"type_reference":"路邊停車格","type_confidence":0.6,"price_raw":null,"price_value":null,"capacity_total":1,"available_total":0,"occupied_total":1,"status_label":"已停","data_time":"2026-05-02 15:53:29+08:00","city_label":"新北市","facility_kind_label":"路邊車格","available_rate":0,"occupancy_rate":1,"price_tier":"unknown","price_tier_label":"價格未知"}},{"type":"Feature","geometry":{"type":"Point","coordinates":[121.369152,24.921263]},"properties":{"supply_id":"new_taipei-onstreet-146529","city":"new_taipei","district":"三峽區","display_name":"安溪路 車格 146529","address":"安溪路","facility_kind":"onstreet","symbol_text":null,"type_reference":"路邊停車格","type_confidence":0.6,"price_raw":null,"price_value":null,"capacity_total":1,"available_total":1,"occupied_total":0,"status_label":"空位","data_time":"2026-05-02 15:53:29+08:00","city_label":"新北市","facility_kind_label":"路邊車格","available_rate":1,"occupancy_rate":0,"price_tier":"unknown","price_tier_label":"價格未知"}},{"type":"Feature","geometry":{"type":"Point","coordinates":[121.378475,24.933305]},"properties":{"supply_id":"new_taipei-onstreet-155190","city":"new_taipei","district":"三峽區","display_name":"水防道路 車格 155190","address":"水防道路","facility_kind":"onstreet","symbol_text":null,"type_reference":"路邊停車格","type_confidence":0.6,"price_raw":null,"price_value":null,"capacity_total":1,"available_total":1,"occupied_total":0,"status_label":"空位","data_time":"2026-05-02 15:53:29+08:00","city_label":"新北市","facility_kind_label":"路邊車格","available_rate":1,"occupancy_rate":0,"price_tier":"unknown","price_tier_label":"價格未知"}},{"type":"Feature","geometry":{"type":"Point","coordinates":[121.354159,24.935935]},"properties":{"supply_id":"new_taipei-onstreet-158022","city":"new_taipei","district":"三峽區","display_name":"中山路 車格 158022","address":"中山路","facility_kind":"onstreet","symbol_text":null,"type_reference":"路邊停車格","type_confidence":0.6,"price_raw":null,"price_value":null,"capacity_total":1,"available_total":1,"occupied_total":0,"status_label":"空位","data_time":"2026-05-02 15:53:29+08:00","city_label":"新北市","facility_kind_label":"路邊車格","available_rate":1,"occupancy_rate":0,"price_tier":"unknown","price_tier_label":"價格未知"}},{"type":"Feature","geometry":{"type":"Point","coordinates":[121.360564,24.935905]},"properties":{"supply_id":"new_taipei-onstreet-95267","city":"new_taipei","district":"三峽區","display_name":"大智路 車格 95267","address":"大智路","facility_kind":"onstreet","symbol_text":null,"type_reference":"路邊停車格","type_confidence":0.6,"price_raw":null,"price_value":null,"capacity_total":1,"available_total":1,"occupied_total":0,"status_label":"空位","data_time":"2026-05-02 15:53:29+08:00","city_label":"新北市","facility_kind_label":"路邊車格","available_rate":1,"occupancy_rate":0,"price_tier":"unknown","price_tier_label":"價格未知"}},{"type":"Feature","geometry":{"type":"Point","coordinates":[121.368816,24.934375]},"properties":{"supply_id":"new_taipei-onstreet-85232","city":"new_taipei","district":"三峽區","display_name":"中山路 車格 85232","address":"中山路","facility_kind":"onstreet","symbol_text":null,"type_reference":"路邊停車格","type_confidence":0.6,"price_raw":null,"price_value":null,"capacity_total":1,"available_total":1,"occupied_total":0,"status_label":"空位","data_time":"2026-05-02 15:53:29+08:00","city_label":"新北市","facility_kind_label":"路邊車格","available_rate":1,"occupancy_rate":0,"price_tier":"unknown","price_tier_label":"價格未知"}},{"type":"Feature","geometry":{"type":"Point","coordinates":[121.377441,24.938186]},"properties":{"supply_id":"new_taipei-onstreet-152366","city":"new_taipei","district":"三峽區","display_name":"國慶路 車格 152366","address":"國慶路","facility_kind":"onstreet","symbol_text":null,"type_reference":"路邊停車格","type_confidence":0.6,"price_raw":null,"price_value":null,"capacity_total":1,"available_total":1,"occupied_total":0,"status_label":"空位","data_time":"2026-05-02 15:53:29+08:00","city_label":"新北市","facility_kind_label":"路邊車格","available_rate":1,"occupancy_rate":0,"price_tier":"unknown","price_tier_label":"價格未知"}},{"type":"Feature","geometry":{"type":"Point","coordinates":[121.376149,24.928663]},"properties":{"supply_id":"new_taipei-onstreet-96758","city":"new_taipei","district":"三峽區","display_name":"大同路64號旁巷道 車格 96758","address":"大同路64號旁巷道","facility_kind":"onstreet","symbol_text":null,"type_reference":"路邊停車格","type_confidence":0.6,"price_raw":null,"price_value":null,"capacity_total":1,"available_total":1,"occupied_total":0,"status_label":"空位","data_time":"2026-05-02 15:53:29+08:00","city_label":"新北市","facility_kind_label":"路邊車格","available_rate":1,"occupancy_rate":0,"price_tier":"unknown","price_tier_label":"價格未知"}},{"type":"Feature","geometry":{"type":"Point","coordinates":[121.368734,24.935997]},"properties":{"supply_id":"new_taipei-onstreet-93602","city":"new_taipei","district":"三峽區","display_name":"文化路 車格 93602","address":"文化路","facility_kind":"onstreet","symbol_text":null,"type_reference":"路邊停車格","type_confidence":0.6,"price_raw":null,"price_value":null,"capacity_total":1,"available_total":1,"occupied_total":0,"status_label":"空位","data_time":"2026-05-02 15:53:29+08:00","city_label":"新北市","facility_kind_label":"路邊車格","available_rate":1,"occupancy_rate":0,"price_tier":"unknown","price_tier_label":"價格未知"}},{"type":"Feature","geometry":{"type":"Point","coordinates":[121.376466,24.928197]},"properties":{"supply_id":"new_taipei-onstreet-95324","city":"new_taipei","district":"三峽區","display_name":"大同路 車格 95324","address":"大同路","facility_kind":"onstreet","symbol_text":null,"type_reference":"路邊停車格","type_confidence":0.6,"price_raw":null,"price_value":null,"capacity_total":1,"available_total":1,"occupied_total":0,"status_label":"空位","data_time":"2026-05-02 15:53:29+08:00","city_label":"新北市","facility_kind_label":"路邊車格","available_rate":1,"occupancy_rate":0,"price_tier":"unknown","price_tier_label":"價格未知"}},{"type":"Feature","geometry":{"type":"Point","coordinates":[121.372645,24.931677]},"properties":{"supply_id":"new_taipei-onstreet-90586","city":"new_taipei","district":"三峽區","display_name":"光明路 車格 90586","address":"光明路","facility_kind":"onstreet","symbol_text":null,"type_reference":"路邊停車格","type_confidence":0.6,"price_raw":null,"price_value":null,"capacity_total":1,"available_total":1,"occupied_total":0,"status_label":"空位","data_time":"2026-05-02 15:53:29+08:00","city_label":"新北市","facility_kind_label":"路邊車格","available_rate":1,"occupancy_rate":0,"price_tier":"unknown","price_tier_label":"價格未知"}},{"type":"Feature","geometry":{"type":"Point","coordinates":[121.377365,24.938257]},"properties":{"supply_id":"new_taipei-onstreet-152368","city":"new_taipei","district":"三峽區","display_name":"國慶路 車格 152368","address":"國慶路","facility_kind":"onstreet","symbol_text":null,"type_reference":"路邊停車格","type_confidence":0.6,"price_raw":null,"price_value":null,"capacity_total":1,"available_total":1,"occupied_total":0,"status_label":"空位","data_time":"2026-05-02 15:53:29+08:00","city_label":"新北市","facility_kind_label":"路邊車格","available_rate":1,"occupancy_rate":0,"price_tier":"unknown","price_tier_label":"價格未知"}},{"type":"Feature","geometry":{"type":"Point","coordinates":[121.376221,24.928589]},"properties":{"supply_id":"new_taipei-onstreet-95381","city":"new_taipei","district":"三峽區","display_name":"大同路64號旁巷道 車格 95381","address":"大同路64號旁巷道","facility_kind":"onstreet","symbol_text":null,"type_reference":"路邊停車格","type_confidence":0.6,"price_raw":null,"price_value":null,"capacity_total":1,"available_total":1,"occupied_total":0,"status_label":"空位","data_time":"2026-05-02 15:53:29+08:00","city_label":"新北市","facility_kind_label":"路邊車格","available_rate":1,"occupancy_rate":0,"price_tier":"unknown","price_tier_label":"價格未知"}},{"type":"Feature","geometry":{"type":"Point","coordinates":[121.375197,24.936078]},"properties":{"supply_id":"new_taipei-onstreet-151631","city":"new_taipei","district":"三峽區","display_name":"民生街 車格 151631","address":"民生街","facility_kind":"onstreet","symbol_text":null,"type_reference":"路邊停車格","type_confidence":0.6,"price_raw":null,"price_value":null,"capacity_total":1,"available_total":1,"occupied_total":0,"status_label":"空位","data_time":"2026-05-02 15:53:29+08:00","city_label":"新北市","facility_kind_label":"路邊車格","available_rate":1,"occupancy_rate":0,"price_tier":"unknown","price_tier_label":"價格未知"}},{"type":"Feature","geometry":{"type":"Point","coordinates":[121.375946,24.942105]},"properties":{"supply_id":"new_taipei-onstreet-154808","city":"new_taipei","district":"三峽區","display_name":"大學路 車格 154808","address":"大學路","facility_kind":"onstreet","symbol_text":null,"type_reference":"路邊停車格","type_confidence":0.6,"price_raw":null,"price_value":null,"capacity_total":1,"available_total":1,"occupied_total":0,"status_label":"空位","data_time":"2026-05-02 15:53:29+08:00","city_label":"新北市","facility_kind_label":"路邊車格","available_rate":1,"occupancy_rate":0,"price_tier":"unknown","price_tier_label":"價格未知"}},{"type":"Feature","geometry":{"type":"Point","coordinates":[121.378604,24.94035]},"properties":{"supply_id":"new_taipei-onstreet-95306","city":"new_taipei","district":"三峽區","display_name":"三樹路 車格 95306","address":"三樹路","facility_kind":"onstreet","symbol_text":null,"type_reference":"路邊停車格","type_confidence":0.6,"price_raw":null,"price_value":null,"capacity_total":1,"available_total":0,"occupied_total":1,"status_label":"已停","data_time":"2026-05-02 15:53:29+08:00","city_label":"新北市","facility_kind_label":"路邊車格","available_rate":0,"occupancy_rate":1,"price_tier":"unknown","price_tier_label":"價格未知"}},{"type":"Feature","geometry":{"type":"Point","coordinates":[121.371398,24.932379]},"properties":{"supply_id":"new_taipei-onstreet-86812","city":"new_taipei","district":"三峽區","display_name":"安溪路 車格 86812","address":"安溪路","facility_kind":"onstreet","symbol_text":null,"type_reference":"路邊停車格","type_confidence":0.6,"price_raw":null,"price_value":null,"capacity_total":1,"available_total":null,"occupied_total":null,"status_label":"不可用","data_time":"2026-05-02 15:53:29+08:00","city_label":"新北市","facility_kind_label":"路邊車格","available_rate":null,"occupancy_rate":null,"price_tier":"unknown","price_tier_label":"價格未知"}},{"type":"Feature","geometry":{"type":"Point","coordinates":[121.377,24.928592]},"properties":{"supply_id":"new_taipei-onstreet-59687","city":"new_taipei","district":"三峽區","display_name":"大同路 車格 59687","address":"大同路","facility_kind":"onstreet","symbol_text":null,"type_reference":"路邊停車格","type_confidence":0.6,"price_raw":null,"price_value":null,"capacity_total":1,"available_total":1,"occupied_total":0,"status_label":"空位","data_time":"2026-05-02 15:53:29+08:00","city_label":"新北市","facility_kind_label":"路邊車格","available_rate":1,"occupancy_rate":0,"price_tier":"unknown","price_tier_label":"價格未知"}},{"type":"Feature","geometry":{"type":"Point","coordinates":[121.360562,24.93596]},"properties":{"supply_id":"new_taipei-onstreet-36869","city":"new_taipei","district":"三峽區","display_name":"大智路 車格 36869","address":"大智路","facility_kind":"onstreet","symbol_text":null,"type_reference":"路邊停車格","type_confidence":0.6,"price_raw":null,"price_value":null,"capacity_total":1,"available_total":1,"occupied_total":0,"status_label":"空位","data_time":"2026-05-02 15:53:29+08:00","city_label":"新北市","facility_kind_label":"路邊車格","available_rate":1,"occupancy_rate":0,"price_tier":"unknown","price_tier_label":"價格未知"}},{"type":"Feature","geometry":{"type":"Point","coordinates":[121.369457,24.934373]},"properties":{"supply_id":"new_taipei-onstreet-137291","city":"new_taipei","district":"三峽區","display_name":"中山路 車格 137291","address":"中山路","facility_kind":"onstreet","symbol_text":null,"type_reference":"路邊停車格","type_confidence":0.6,"price_raw":null,"price_value":null,"capacity_total":1,"available_total":0,"occupied_total":1,"status_label":"已停","data_time":"2026-05-02 15:53:29+08:00","city_label":"新北市","facility_kind_label":"路邊車格","available_rate":0,"occupancy_rate":1,"price_tier":"unknown","price_tier_label":"價格未知"}},{"type":"Feature","geometry":{"type":"Point","coordinates":[121.367986,24.932469]},"properties":{"supply_id":"new_taipei-onstreet-112382","city":"new_taipei","district":"三峽區","display_name":"鳶峰路 車格 112382","address":"鳶峰路","facility_kind":"onstreet","symbol_text":null,"type_reference":"路邊停車格","type_confidence":0.6,"price_raw":null,"price_value":null,"capacity_total":1,"available_total":0,"occupied_total":1,"status_label":"已停","data_time":"2026-05-02 15:53:29+08:00","city_label":"新北市","facility_kind_label":"路邊車格","available_rate":0,"occupancy_rate":1,"price_tier":"unknown","price_tier_label":"價格未知"}},{"type":"Feature","geometry":{"type":"Point","coordinates":[121.372743,24.931244]},"properties":{"supply_id":"new_taipei-onstreet-159802","city":"new_taipei","district":"三峽區","display_name":"中華路 車格 159802","address":"中華路","facility_kind":"onstreet","symbol_text":null,"type_reference":"路邊停車格","type_confidence":0.6,"price_raw":null,"price_value":null,"capacity_total":1,"available_total":1,"occupied_total":0,"status_label":"空位","data_time":"2026-05-02 15:53:29+08:00","city_label":"新北市","facility_kind_label":"路邊車格","available_rate":1,"occupancy_rate":0,"price_tier":"unknown","price_tier_label":"價格未知"}},{"type":"Feature","geometry":{"type":"Point","coordinates":[121.376424,24.928164]},"properties":{"supply_id":"new_taipei-onstreet-95326","city":"new_taipei","district":"三峽區","display_name":"大同路 車格 95326","address":"大同路","facility_kind":"onstreet","symbol_text":null,"type_reference":"路邊停車格","type_confidence":0.6,"price_raw":null,"price_value":null,"capacity_total":1,"available_total":0,"occupied_total":1,"status_label":"已停","data_time":"2026-05-02 15:53:29+08:00","city_label":"新北市","facility_kind_label":"路邊車格","available_rate":0,"occupancy_rate":1,"price_tier":"unknown","price_tier_label":"價格未知"}},{"type":"Feature","geometry":{"type":"Point","coordinates":[121.373815,24.929342]},"properties":{"supply_id":"new_taipei-onstreet-59747","city":"new_taipei","district":"三峽區","display_name":"中正路一段 車格 59747","address":"中正路一段","facility_kind":"onstreet","symbol_text":null,"type_reference":"路邊停車格","type_confidence":0.6,"price_raw":null,"price_value":null,"capacity_total":1,"available_total":1,"occupied_total":0,"status_label":"空位","data_time":"2026-05-02 15:53:29+08:00","city_label":"新北市","facility_kind_label":"路邊車格","available_rate":1,"occupancy_rate":0,"price_tier":"unknown","price_tier_label":"價格未知"}},{"type":"Feature","geometry":{"type":"Point","coordinates":[121.37261,24.931715]},"properties":{"supply_id":"new_taipei-onstreet-90588","city":"new_taipei","district":"三峽區","display_name":"光明路 車格 90588","address":"光明路","facility_kind":"onstreet","symbol_text":null,"type_reference":"路邊停車格","type_confidence":0.6,"price_raw":null,"price_value":null,"capacity_total":1,"available_total":0,"occupied_total":1,"status_label":"已停","data_time":"2026-05-02 15:53:29+08:00","city_label":"新北市","facility_kind_label":"路邊車格","available_rate":0,"occupancy_rate":1,"price_tier":"unknown","price_tier_label":"價格未知"}},{"type":"Feature","geometry":{"type":"Point","coordinates":[121.377403,24.938221]},"properties":{"supply_id":"new_taipei-onstreet-152367","city":"new_taipei","district":"三峽區","display_name":"國慶路 車格 152367","address":"國慶路","facility_kind":"onstreet","symbol_text":null,"type_reference":"路邊停車格","type_confidence":0.6,"price_raw":null,"price_value":null,"capacity_total":1,"available_total":1,"occupied_total":0,"status_label":"空位","data_time":"2026-05-02 15:53:29+08:00","city_label":"新北市","facility_kind_label":"路邊車格","available_rate":1,"occupancy_rate":0,"price_tier":"unknown","price_tier_label":"價格未知"}},{"type":"Feature","geometry":{"type":"Point","coordinates":[121.376184,24.928627]},"properties":{"supply_id":"new_taipei-onstreet-95382","city":"new_taipei","district":"三峽區","display_name":"大同路64號旁巷道 車格 95382","address":"大同路64號旁巷道","facility_kind":"onstreet","symbol_text":null,"type_reference":"路邊停車格","type_confidence":0.6,"price_raw":null,"price_value":null,"capacity_total":1,"available_total":1,"occupied_total":0,"status_label":"空位","data_time":"2026-05-02 15:53:29+08:00","city_label":"新北市","facility_kind_label":"路邊車格","available_rate":1,"occupancy_rate":0,"price_tier":"unknown","price_tier_label":"價格未知"}},{"type":"Feature","geometry":{"type":"Point","coordinates":[121.375988,24.936491]},"properties":{"supply_id":"new_taipei-onstreet-147025","city":"new_taipei","district":"三峽區","display_name":"民生街 車格 147025","address":"民生街","facility_kind":"onstreet","symbol_text":null,"type_reference":"路邊停車格","type_confidence":0.6,"price_raw":null,"price_value":null,"capacity_total":1,"available_total":1,"occupied_total":0,"status_label":"空位","data_time":"2026-05-02 15:53:29+08:00","city_label":"新北市","facility_kind_label":"路邊車格","available_rate":1,"occupancy_rate":0,"price_tier":"unknown","price_tier_label":"價格未知"}},{"type":"Feature","geometry":{"type":"Point","coordinates":[121.375954,24.942093]},"properties":{"supply_id":"new_taipei-onstreet-154807","city":"new_taipei","district":"三峽區","display_name":"大學路 車格 154807","address":"大學路","facility_kind":"onstreet","symbol_text":null,"type_reference":"路邊停車格","type_confidence":0.6,"price_raw":null,"price_value":null,"capacity_total":1,"available_total":1,"occupied_total":0,"status_label":"空位","data_time":"2026-05-02 15:53:29+08:00","city_label":"新北市","facility_kind_label":"路邊車格","available_rate":1,"occupancy_rate":0,"price_tier":"unknown","price_tier_label":"價格未知"}},{"type":"Feature","geometry":{"type":"Point","coordinates":[121.376276,24.928533]},"properties":{"supply_id":"new_taipei-onstreet-95380","city":"new_taipei","district":"三峽區","display_name":"大同路64號旁巷道 車格 95380","address":"大同路64號旁巷道","facility_kind":"onstreet","symbol_text":null,"type_reference":"路邊停車格","type_confidence":0.6,"price_raw":null,"price_value":null,"capacity_total":1,"available_total":1,"occupied_total":0,"status_label":"空位","data_time":"2026-05-02 15:53:29+08:00","city_label":"新北市","facility_kind_label":"路邊車格","available_rate":1,"occupancy_rate":0,"price_tier":"unknown","price_tier_label":"價格未知"}},{"type":"Feature","geometry":{"type":"Point","coordinates":[121.373948,24.935425]},"properties":{"supply_id":"new_taipei-onstreet-157253","city":"new_taipei","district":"三峽區","display_name":"民生街 車格 157253","address":"民生街","facility_kind":"onstreet","symbol_text":null,"type_reference":"路邊停車格","type_confidence":0.6,"price_raw":null,"price_value":null,"capacity_total":1,"available_total":0,"occupied_total":1,"status_label":"已停","data_time":"2026-05-02 15:53:29+08:00","city_label":"新北市","facility_kind_label":"路邊車格","available_rate":0,"occupancy_rate":1,"price_tier":"unknown","price_tier_label":"價格未知"}},{"type":"Feature","geometry":{"type":"Point","coordinates":[121.360553,24.936515]},"properties":{"supply_id":"new_taipei-onstreet-50665","city":"new_taipei","district":"三峽區","display_name":"大智路 車格 50665","address":"大智路","facility_kind":"onstreet","symbol_text":null,"type_reference":"路邊停車格","type_confidence":0.6,"price_raw":null,"price_value":null,"capacity_total":1,"available_total":1,"occupied_total":0,"status_label":"空位","data_time":"2026-05-02 15:53:29+08:00","city_label":"新北市","facility_kind_label":"路邊車格","available_rate":1,"occupancy_rate":0,"price_tier":"unknown","price_tier_label":"價格未知"}},{"type":"Feature","geometry":{"type":"Point","coordinates":[121.363762,24.936897]},"properties":{"supply_id":"new_taipei-onstreet-86973","city":"new_taipei","district":"三峽區","display_name":"中山路 車格 86973","address":"中山路","facility_kind":"onstreet","symbol_text":null,"type_reference":"路邊停車格","type_confidence":0.6,"price_raw":null,"price_value":null,"capacity_total":1,"available_total":0,"occupied_total":1,"status_label":"已停","data_time":"2026-05-02 15:53:29+08:00","city_label":"新北市","facility_kind_label":"路邊車格","available_rate":0,"occupancy_rate":1,"price_tier":"unknown","price_tier_label":"價格未知"}},{"type":"Feature","geometry":{"type":"Point","coordinates":[121.367972,24.932455]},"properties":{"supply_id":"new_taipei-onstreet-112383","city":"new_taipei","district":"三峽區","display_name":"鳶峰路 車格 112383","address":"鳶峰路","facility_kind":"onstreet","symbol_text":null,"type_reference":"路邊停車格","type_confidence":0.6,"price_raw":null,"price_value":null,"capacity_total":1,"available_total":0,"occupied_total":1,"status_label":"已停","data_time":"2026-05-02 15:53:29+08:00","city_label":"新北市","facility_kind_label":"路邊車格","available_rate":0,"occupancy_rate":1,"price_tier":"unknown","price_tier_label":"價格未知"}},{"type":"Feature","geometry":{"type":"Point","coordinates":[121.372708,24.931206]},"properties":{"supply_id":"new_taipei-onstreet-159803","city":"new_taipei","district":"三峽區","display_name":"中華路 車格 159803","address":"中華路","facility_kind":"onstreet","symbol_text":null,"type_reference":"路邊停車格","type_confidence":0.6,"price_raw":null,"price_value":null,"capacity_total":1,"available_total":null,"occupied_total":null,"status_label":"不可用","data_time":"2026-05-02 15:53:29+08:00","city_label":"新北市","facility_kind_label":"路邊車格","available_rate":null,"occupancy_rate":null,"price_tier":"unknown","price_tier_label":"價格未知"}},{"type":"Feature","geometry":{"type":"Point","coordinates":[121.371427,24.932426]},"properties":{"supply_id":"new_taipei-onstreet-86811","city":"new_taipei","district":"三峽區","display_name":"安溪路 車格 86811","address":"安溪路","facility_kind":"onstreet","symbol_text":null,"type_reference":"路邊停車格","type_confidence":0.6,"price_raw":null,"price_value":null,"capacity_total":1,"available_total":null,"occupied_total":null,"status_label":"不可用","data_time":"2026-05-02 15:53:29+08:00","city_label":"新北市","facility_kind_label":"路邊車格","available_rate":null,"occupancy_rate":null,"price_tier":"unknown","price_tier_label":"價格未知"}},{"type":"Feature","geometry":{"type":"Point","coordinates":[121.373858,24.929375]},"properties":{"supply_id":"new_taipei-onstreet-59760","city":"new_taipei","district":"三峽區","display_name":"中正路一段 車格 59760","address":"中正路一段","facility_kind":"onstreet","symbol_text":null,"type_reference":"路邊停車格","type_confidence":0.6,"price_raw":null,"price_value":null,"capacity_total":1,"available_total":1,"occupied_total":0,"status_label":"空位","data_time":"2026-05-02 15:53:29+08:00","city_label":"新北市","facility_kind_label":"路邊車格","available_rate":1,"occupancy_rate":0,"price_tier":"unknown","price_tier_label":"價格未知"}},{"type":"Feature","geometry":{"type":"Point","coordinates":[121.369154,24.921281]},"properties":{"supply_id":"new_taipei-onstreet-146530","city":"new_taipei","district":"三峽區","display_name":"安溪路 車格 146530","address":"安溪路","facility_kind":"onstreet","symbol_text":null,"type_reference":"路邊停車格","type_confidence":0.6,"price_raw":null,"price_value":null,"capacity_total":1,"available_total":0,"occupied_total":1,"status_label":"已停","data_time":"2026-05-02 15:53:29+08:00","city_label":"新北市","facility_kind_label":"路邊車格","available_rate":0,"occupancy_rate":1,"price_tier":"unknown","price_tier_label":"價格未知"}},{"type":"Feature","geometry":{"type":"Point","coordinates":[121.378522,24.93328]},"properties":{"supply_id":"new_taipei-onstreet-155191","city":"new_taipei","district":"三峽區","display_name":"水防道路 車格 155191","address":"水防道路","facility_kind":"onstreet","symbol_text":null,"type_reference":"路邊停車格","type_confidence":0.6,"price_raw":null,"price_value":null,"capacity_total":1,"available_total":1,"occupied_total":0,"status_label":"空位","data_time":"2026-05-02 15:53:29+08:00","city_label":"新北市","facility_kind_label":"路邊車格","available_rate":1,"occupancy_rate":0,"price_tier":"unknown","price_tier_label":"價格未知"}},{"type":"Feature","geometry":{"type":"Point","coordinates":[121.354112,24.93592]},"properties":{"supply_id":"new_taipei-onstreet-158021","city":"new_taipei","district":"三峽區","display_name":"中山路 車格 158021","address":"中山路","facility_kind":"onstreet","symbol_text":null,"type_reference":"路邊停車格","type_confidence":0.6,"price_raw":null,"price_value":null,"capacity_total":1,"available_total":1,"occupied_total":0,"status_label":"空位","data_time":"2026-05-02 15:53:29+08:00","city_label":"新北市","facility_kind_label":"路邊車格","available_rate":1,"occupancy_rate":0,"price_tier":"unknown","price_tier_label":"價格未知"}},{"type":"Feature","geometry":{"type":"Point","coordinates":[121.360553,24.936564]},"properties":{"supply_id":"new_taipei-onstreet-50666","city":"new_taipei","district":"三峽區","display_name":"大智路 車格 50666","address":"大智路","facility_kind":"onstreet","symbol_text":null,"type_reference":"路邊停車格","type_confidence":0.6,"price_raw":null,"price_value":null,"capacity_total":1,"available_total":1,"occupied_total":0,"status_label":"空位","data_time":"2026-05-02 15:53:29+08:00","city_label":"新北市","facility_kind_label":"路邊車格","available_rate":1,"occupancy_rate":0,"price_tier":"unknown","price_tier_label":"價格未知"}},{"type":"Feature","geometry":{"type":"Point","coordinates":[121.364038,24.936662]},"properties":{"supply_id":"new_taipei-onstreet-132453","city":"new_taipei","district":"三峽區","display_name":"中山路 車格 132453","address":"中山路","facility_kind":"onstreet","symbol_text":null,"type_reference":"路邊停車格","type_confidence":0.6,"price_raw":null,"price_value":null,"capacity_total":1,"available_total":1,"occupied_total":0,"status_label":"空位","data_time":"2026-05-02 15:53:29+08:00","city_label":"新北市","facility_kind_label":"路邊車格","available_rate":1,"occupancy_rate":0,"price_tier":"unknown","price_tier_label":"價格未知"}},{"type":"Feature","geometry":{"type":"Point","coordinates":[121.373627,24.929202]},"properties":{"supply_id":"new_taipei-onstreet-59750","city":"new_taipei","district":"三峽區","display_name":"中正路一段 車格 59750","address":"中正路一段","facility_kind":"onstreet","symbol_text":null,"type_reference":"路邊停車格","type_confidence":0.6,"price_raw":null,"price_value":null,"capacity_total":1,"available_total":1,"occupied_total":0,"status_label":"空位","data_time":"2026-05-02 15:53:29+08:00","city_label":"新北市","facility_kind_label":"路邊車格","available_rate":1,"occupancy_rate":0,"price_tier":"unknown","price_tier_label":"價格未知"}},{"type":"Feature","geometry":{"type":"Point","coordinates":[121.360561,24.936016]},"properties":{"supply_id":"new_taipei-onstreet-95264","city":"new_taipei","district":"三峽區","display_name":"大智路 車格 95264","address":"大智路","facility_kind":"onstreet","symbol_text":null,"type_reference":"路邊停車格","type_confidence":0.6,"price_raw":null,"price_value":null,"capacity_total":1,"available_total":0,"occupied_total":1,"status_label":"已停","data_time":"2026-05-02 15:53:29+08:00","city_label":"新北市","facility_kind_label":"路邊車格","available_rate":0,"occupancy_rate":1,"price_tier":"unknown","price_tier_label":"價格未知"}},{"type":"Feature","geometry":{"type":"Point","coordinates":[121.369403,24.934381]},"properties":{"supply_id":"new_taipei-onstreet-137290","city":"new_taipei","district":"三峽區","display_name":"中山路 車格 137290","address":"中山路","facility_kind":"onstreet","symbol_text":null,"type_reference":"路邊停車格","type_confidence":0.6,"price_raw":null,"price_value":null,"capacity_total":1,"available_total":1,"occupied_total":0,"status_label":"空位","data_time":"2026-05-02 15:53:29+08:00","city_label":"新北市","facility_kind_label":"路邊車格","available_rate":1,"occupancy_rate":0,"price_tier":"unknown","price_tier_label":"價格未知"}},{"type":"Feature","geometry":{"type":"Point","coordinates":[121.3705,24.938231]},"properties":{"supply_id":"new_taipei-onstreet-82996","city":"new_taipei","district":"三峽區","display_name":"和平街 車格 82996","address":"和平街","facility_kind":"onstreet","symbol_text":null,"type_reference":"路邊停車格","type_confidence":0.6,"price_raw":null,"price_value":null,"capacity_total":1,"available_total":1,"occupied_total":0,"status_label":"空位","data_time":"2026-05-02 15:53:29+08:00","city_label":"新北市","facility_kind_label":"路邊車格","available_rate":1,"occupancy_rate":0,"price_tier":"unknown","price_tier_label":"價格未知"}},{"type":"Feature","geometry":{"type":"Point","coordinates":[121.374777,24.932095]},"properties":{"supply_id":"new_taipei-onstreet-76402","city":"new_taipei","district":"三峽區","display_name":"愛國路 車格 76402","address":"愛國路","facility_kind":"onstreet","symbol_text":null,"type_reference":"路邊停車格","type_confidence":0.6,"price_raw":null,"price_value":null,"capacity_total":1,"available_total":1,"occupied_total":0,"status_label":"空位","data_time":"2026-05-02 15:53:29+08:00","city_label":"新北市","facility_kind_label":"路邊車格","available_rate":1,"occupancy_rate":0,"price_tier":"unknown","price_tier_label":"價格未知"}},{"type":"Feature","geometry":{"type":"Point","coordinates":[121.374809,24.931998]},"properties":{"supply_id":"new_taipei-onstreet-51367","city":"new_taipei","district":"三峽區","display_name":"愛國路 車格 51367","address":"愛國路","facility_kind":"onstreet","symbol_text":null,"type_reference":"路邊停車格","type_confidence":0.6,"price_raw":null,"price_value":null,"capacity_total":1,"available_total":0,"occupied_total":1,"status_label":"已停","data_time":"2026-05-02 15:53:29+08:00","city_label":"新北市","facility_kind_label":"路邊車格","available_rate":0,"occupancy_rate":1,"price_tier":"unknown","price_tier_label":"價格未知"}},{"type":"Feature","geometry":{"type":"Point","coordinates":[121.377288,24.938327]},"properties":{"supply_id":"new_taipei-onstreet-152370","city":"new_taipei","district":"三峽區","display_name":"國慶路 車格 152370","address":"國慶路","facility_kind":"onstreet","symbol_text":null,"type_reference":"路邊停車格","type_confidence":0.6,"price_raw":null,"price_value":null,"capacity_total":1,"available_total":1,"occupied_total":0,"status_label":"空位","data_time":"2026-05-02 15:53:29+08:00","city_label":"新北市","facility_kind_label":"路邊車格","available_rate":1,"occupancy_rate":0,"price_tier":"unknown","price_tier_label":"價格未知"}},{"type":"Feature","geometry":{"type":"Point","coordinates":[121.374851,24.931874]},"properties":{"supply_id":"new_taipei-onstreet-132817","city":"new_taipei","district":"三峽區","display_name":"愛國路 車格 132817","address":"愛國路","facility_kind":"onstreet","symbol_text":null,"type_reference":"路邊停車格","type_confidence":0.6,"price_raw":null,"price_value":null,"capacity_total":1,"available_total":0,"occupied_total":1,"status_label":"已停","data_time":"2026-05-02 15:53:29+08:00","city_label":"新北市","facility_kind_label":"路邊車格","available_rate":0,"occupancy_rate":1,"price_tier":"unknown","price_tier_label":"價格未知"}},{"type":"Feature","geometry":{"type":"Point","coordinates":[121.376296,24.939254]},"properties":{"supply_id":"new_taipei-onstreet-152373","city":"new_taipei","district":"三峽區","display_name":"國慶路 車格 152373","address":"國慶路","facility_kind":"onstreet","symbol_text":null,"type_reference":"路邊停車格","type_confidence":0.6,"price_raw":null,"price_value":null,"capacity_total":1,"available_total":1,"occupied_total":0,"status_label":"空位","data_time":"2026-05-02 15:53:29+08:00","city_label":"新北市","facility_kind_label":"路邊車格","available_rate":1,"occupancy_rate":0,"price_tier":"unknown","price_tier_label":"價格未知"}},{"type":"Feature","geometry":{"type":"Point","coordinates":[121.376412,24.928393]},"properties":{"supply_id":"new_taipei-onstreet-95263","city":"new_taipei","district":"三峽區","display_name":"大同路64號旁巷道 車格 95263","address":"大同路64號旁巷道","facility_kind":"onstreet","symbol_text":null,"type_reference":"路邊停車格","type_confidence":0.6,"price_raw":null,"price_value":null,"capacity_total":1,"available_total":0,"occupied_total":1,"status_label":"已停","data_time":"2026-05-02 15:53:29+08:00","city_label":"新北市","facility_kind_label":"路邊車格","available_rate":0,"occupancy_rate":1,"price_tier":"unknown","price_tier_label":"價格未知"}},{"type":"Feature","geometry":{"type":"Point","coordinates":[121.372681,24.931639]},"properties":{"supply_id":"new_taipei-onstreet-57696","city":"new_taipei","district":"三峽區","display_name":"光明路 車格 57696","address":"光明路","facility_kind":"onstreet","symbol_text":null,"type_reference":"路邊停車格","type_confidence":0.6,"price_raw":null,"price_value":null,"capacity_total":1,"available_total":0,"occupied_total":1,"status_label":"已停","data_time":"2026-05-02 15:53:29+08:00","city_label":"新北市","facility_kind_label":"路邊車格","available_rate":0,"occupancy_rate":1,"price_tier":"unknown","price_tier_label":"價格未知"}},{"type":"Feature","geometry":{"type":"Point","coordinates":[121.36868,24.935991]},"properties":{"supply_id":"new_taipei-onstreet-93604","city":"new_taipei","district":"三峽區","display_name":"文化路 車格 93604","address":"文化路","facility_kind":"onstreet","symbol_text":null,"type_reference":"路邊停車格","type_confidence":0.6,"price_raw":null,"price_value":null,"capacity_total":1,"available_total":1,"occupied_total":0,"status_label":"空位","data_time":"2026-05-02 15:53:29+08:00","city_label":"新北市","facility_kind_label":"路邊車格","available_rate":1,"occupancy_rate":0,"price_tier":"unknown","price_tier_label":"價格未知"}},{"type":"Feature","geometry":{"type":"Point","coordinates":[121.374793,24.932046]},"properties":{"supply_id":"new_taipei-onstreet-90090","city":"new_taipei","district":"三峽區","display_name":"愛國路 車格 90090","address":"愛國路","facility_kind":"onstreet","symbol_text":null,"type_reference":"路邊停車格","type_confidence":0.6,"price_raw":null,"price_value":null,"capacity_total":1,"available_total":1,"occupied_total":0,"status_label":"空位","data_time":"2026-05-02 15:53:29+08:00","city_label":"新北市","facility_kind_label":"路邊車格","available_rate":1,"occupancy_rate":0,"price_tier":"unknown","price_tier_label":"價格未知"}},{"type":"Feature","geometry":{"type":"Point","coordinates":[121.367958,24.932442]},"properties":{"supply_id":"new_taipei-onstreet-112384","city":"new_taipei","district":"三峽區","display_name":"鳶峰路 車格 112384","address":"鳶峰路","facility_kind":"onstreet","symbol_text":null,"type_reference":"路邊停車格","type_confidence":0.6,"price_raw":null,"price_value":null,"capacity_total":1,"available_total":0,"occupied_total":1,"status_label":"已停","data_time":"2026-05-02 15:53:29+08:00","city_label":"新北市","facility_kind_label":"路邊車格","available_rate":0,"occupancy_rate":1,"price_tier":"unknown","price_tier_label":"價格未知"}},{"type":"Feature","geometry":{"type":"Point","coordinates":[121.374835,24.931922]},"properties":{"supply_id":"new_taipei-onstreet-132818","city":"new_taipei","district":"三峽區","display_name":"愛國路 車格 132818","address":"愛國路","facility_kind":"onstreet","symbol_text":null,"type_reference":"路邊停車格","type_confidence":0.6,"price_raw":null,"price_value":null,"capacity_total":1,"available_total":0,"occupied_total":1,"status_label":"已停","data_time":"2026-05-02 15:53:29+08:00","city_label":"新北市","facility_kind_label":"路邊車格","available_rate":0,"occupancy_rate":1,"price_tier":"unknown","price_tier_label":"價格未知"}},{"type":"Feature","geometry":{"type":"Point","coordinates":[121.37132,24.932173]},"properties":{"supply_id":"new_taipei-onstreet-51213","city":"new_taipei","district":"三峽區","display_name":"安溪路 車格 51213","address":"安溪路","facility_kind":"onstreet","symbol_text":null,"type_reference":"路邊停車格","type_confidence":0.6,"price_raw":null,"price_value":null,"capacity_total":1,"available_total":null,"occupied_total":null,"status_label":"不可用","data_time":"2026-05-02 15:53:29+08:00","city_label":"新北市","facility_kind_label":"路邊車格","available_rate":null,"occupancy_rate":null,"price_tier":"unknown","price_tier_label":"價格未知"}},{"type":"Feature","geometry":{"type":"Point","coordinates":[121.367595,24.934626]},"properties":{"supply_id":"new_taipei-onstreet-59723","city":"new_taipei","district":"三峽區","display_name":"中山路67巷公有空地平面停車場 車格 59723","address":"中山路67巷公有空地平面停車場","facility_kind":"onstreet","symbol_text":null,"type_reference":"路邊停車格","type_confidence":0.6,"price_raw":null,"price_value":null,"capacity_total":1,"available_total":0,"occupied_total":1,"status_label":"已停","data_time":"2026-05-02 15:53:29+08:00","city_label":"新北市","facility_kind_label":"路邊車格","available_rate":0,"occupancy_rate":1,"price_tier":"unknown","price_tier_label":"價格未知"}},{"type":"Feature","geometry":{"type":"Point","coordinates":[121.372673,24.931167]},"properties":{"supply_id":"new_taipei-onstreet-159804","city":"new_taipei","district":"三峽區","display_name":"中華路 車格 159804","address":"中華路","facility_kind":"onstreet","symbol_text":null,"type_reference":"路邊停車格","type_confidence":0.6,"price_raw":null,"price_value":null,"capacity_total":1,"available_total":null,"occupied_total":null,"status_label":"不可用","data_time":"2026-05-02 15:53:29+08:00","city_label":"新北市","facility_kind_label":"路邊車格","available_rate":null,"occupancy_rate":null,"price_tier":"unknown","price_tier_label":"價格未知"}},{"type":"Feature","geometry":{"type":"Point","coordinates":[121.360554,24.936459]},"properties":{"supply_id":"new_taipei-onstreet-26894","city":"new_taipei","district":"三峽區","display_name":"大智路 車格 26894","address":"大智路","facility_kind":"onstreet","symbol_text":null,"type_reference":"路邊停車格","type_confidence":0.6,"price_raw":null,"price_value":null,"capacity_total":1,"available_total":1,"occupied_total":0,"status_label":"空位","data_time":"2026-05-02 15:53:29+08:00","city_label":"新北市","facility_kind_label":"路邊車格","available_rate":1,"occupancy_rate":0,"price_tier":"unknown","price_tier_label":"價格未知"}},{"type":"Feature","geometry":{"type":"Point","coordinates":[121.36926,24.9344]},"properties":{"supply_id":"new_taipei-onstreet-26896","city":"new_taipei","district":"三峽區","display_name":"中山路 車格 26896","address":"中山路","facility_kind":"onstreet","symbol_text":null,"type_reference":"路邊停車格","type_confidence":0.6,"price_raw":null,"price_value":null,"capacity_total":1,"available_total":1,"occupied_total":0,"status_label":"空位","data_time":"2026-05-02 15:53:29+08:00","city_label":"新北市","facility_kind_label":"路邊車格","available_rate":1,"occupancy_rate":0,"price_tier":"unknown","price_tier_label":"價格未知"}},{"type":"Feature","geometry":{"type":"Point","coordinates":[121.360554,24.936614]},"properties":{"supply_id":"new_taipei-onstreet-50664","city":"new_taipei","district":"三峽區","display_name":"大智路 車格 50664","address":"大智路","facility_kind":"onstreet","symbol_text":null,"type_reference":"路邊停車格","type_confidence":0.6,"price_raw":null,"price_value":null,"capacity_total":1,"available_total":1,"occupied_total":0,"status_label":"空位","data_time":"2026-05-02 15:53:29+08:00","city_label":"新北市","facility_kind_label":"路邊車格","available_rate":1,"occupancy_rate":0,"price_tier":"unknown","price_tier_label":"價格未知"}},{"type":"Feature","geometry":{"type":"Point","coordinates":[121.371337,24.932225]},"properties":{"supply_id":"new_taipei-onstreet-51210","city":"new_taipei","district":"三峽區","display_name":"安溪路 車格 51210","address":"安溪路","facility_kind":"onstreet","symbol_text":null,"type_reference":"路邊停車格","type_confidence":0.6,"price_raw":null,"price_value":null,"capacity_total":1,"available_total":null,"occupied_total":null,"status_label":"不可用","data_time":"2026-05-02 15:53:29+08:00","city_label":"新北市","facility_kind_label":"路邊車格","available_rate":null,"occupancy_rate":null,"price_tier":"unknown","price_tier_label":"價格未知"}},{"type":"Feature","geometry":{"type":"Point","coordinates":[121.360563,24.936847]},"properties":{"supply_id":"new_taipei-onstreet-95272","city":"new_taipei","district":"三峽區","display_name":"大智路 車格 95272","address":"大智路","facility_kind":"onstreet","symbol_text":null,"type_reference":"路邊停車格","type_confidence":0.6,"price_raw":null,"price_value":null,"capacity_total":1,"available_total":1,"occupied_total":0,"status_label":"空位","data_time":"2026-05-02 15:53:29+08:00","city_label":"新北市","facility_kind_label":"路邊車格","available_rate":1,"occupancy_rate":0,"price_tier":"unknown","price_tier_label":"價格未知"}},{"type":"Feature","geometry":{"type":"Point","coordinates":[121.369157,24.921317]},"properties":{"supply_id":"new_taipei-onstreet-146532","city":"new_taipei","district":"三峽區","display_name":"安溪路 車格 146532","address":"安溪路","facility_kind":"onstreet","symbol_text":null,"type_reference":"路邊停車格","type_confidence":0.6,"price_raw":null,"price_value":null,"capacity_total":1,"available_total":1,"occupied_total":0,"status_label":"空位","data_time":"2026-05-02 15:53:29+08:00","city_label":"新北市","facility_kind_label":"路邊車格","available_rate":1,"occupancy_rate":0,"price_tier":"unknown","price_tier_label":"價格未知"}},{"type":"Feature","geometry":{"type":"Point","coordinates":[121.378617,24.933228]},"properties":{"supply_id":"new_taipei-onstreet-155193","city":"new_taipei","district":"三峽區","display_name":"水防道路 車格 155193","address":"水防道路","facility_kind":"onstreet","symbol_text":null,"type_reference":"路邊停車格","type_confidence":0.6,"price_raw":null,"price_value":null,"capacity_total":1,"available_total":0,"occupied_total":1,"status_label":"已停","data_time":"2026-05-02 15:53:29+08:00","city_label":"新北市","facility_kind_label":"路邊車格","available_rate":0,"occupancy_rate":1,"price_tier":"unknown","price_tier_label":"價格未知"}},{"type":"Feature","geometry":{"type":"Point","coordinates":[121.377327,24.938292]},"properties":{"supply_id":"new_taipei-onstreet-152369","city":"new_taipei","district":"三峽區","display_name":"國慶路 車格 152369","address":"國慶路","facility_kind":"onstreet","symbol_text":null,"type_reference":"路邊停車格","type_confidence":0.6,"price_raw":null,"price_value":null,"capacity_total":1,"available_total":1,"occupied_total":0,"status_label":"空位","data_time":"2026-05-02 15:53:29+08:00","city_label":"新北市","facility_kind_label":"路邊車格","available_rate":1,"occupancy_rate":0,"price_tier":"unknown","price_tier_label":"價格未知"}},{"type":"Feature","geometry":{"type":"Point","coordinates":[121.369155,24.921299]},"properties":{"supply_id":"new_taipei-onstreet-146531","city":"new_taipei","district":"三峽區","display_name":"安溪路 車格 146531","address":"安溪路","facility_kind":"onstreet","symbol_text":null,"type_reference":"路邊停車格","type_confidence":0.6,"price_raw":null,"price_value":null,"capacity_total":1,"available_total":0,"occupied_total":1,"status_label":"已停","data_time":"2026-05-02 15:53:29+08:00","city_label":"新北市","facility_kind_label":"路邊車格","available_rate":0,"occupancy_rate":1,"price_tier":"unknown","price_tier_label":"價格未知"}},{"type":"Feature","geometry":{"type":"Point","coordinates":[121.37857,24.933254]},"properties":{"supply_id":"new_taipei-onstreet-155192","city":"new_taipei","district":"三峽區","display_name":"水防道路 車格 155192","address":"水防道路","facility_kind":"onstreet","symbol_text":null,"type_reference":"路邊停車格","type_confidence":0.6,"price_raw":null,"price_value":null,"capacity_total":1,"available_total":1,"occupied_total":0,"status_label":"空位","data_time":"2026-05-02 15:53:29+08:00","city_label":"新北市","facility_kind_label":"路邊車格","available_rate":1,"occupancy_rate":0,"price_tier":"unknown","price_tier_label":"價格未知"}},{"type":"Feature","geometry":{"type":"Point","coordinates":[121.354065,24.935904]},"properties":{"supply_id":"new_taipei-onstreet-158025","city":"new_taipei","district":"三峽區","display_name":"中山路 車格 158025","address":"中山路","facility_kind":"onstreet","symbol_text":null,"type_reference":"路邊停車格","type_confidence":0.6,"price_raw":null,"price_value":null,"capacity_total":1,"available_total":1,"occupied_total":0,"status_label":"空位","data_time":"2026-05-02 15:53:29+08:00","city_label":"新北市","facility_kind_label":"路邊車格","available_rate":1,"occupancy_rate":0,"price_tier":"unknown","price_tier_label":"價格未知"}},{"type":"Feature","geometry":{"type":"Point","coordinates":[121.372716,24.931602]},"properties":{"supply_id":"new_taipei-onstreet-57697","city":"new_taipei","district":"三峽區","display_name":"光明路 車格 57697","address":"光明路","facility_kind":"onstreet","symbol_text":null,"type_reference":"路邊停車格","type_confidence":0.6,"price_raw":null,"price_value":null,"capacity_total":1,"available_total":1,"occupied_total":0,"status_label":"空位","data_time":"2026-05-02 15:53:29+08:00","city_label":"新北市","facility_kind_label":"路邊車格","available_rate":1,"occupancy_rate":0,"price_tier":"unknown","price_tier_label":"價格未知"}},{"type":"Feature","geometry":{"type":"Point","coordinates":[121.373769,24.929307]},"properties":{"supply_id":"new_taipei-onstreet-59749","city":"new_taipei","district":"三峽區","display_name":"中正路一段 車格 59749","address":"中正路一段","facility_kind":"onstreet","symbol_text":null,"type_reference":"路邊停車格","type_confidence":0.6,"price_raw":null,"price_value":null,"capacity_total":1,"available_total":1,"occupied_total":0,"status_label":"空位","data_time":"2026-05-02 15:53:29+08:00","city_label":"新北市","facility_kind_label":"路邊車格","available_rate":1,"occupancy_rate":0,"price_tier":"unknown","price_tier_label":"價格未知"}},{"type":"Feature","geometry":{"type":"Point","coordinates":[121.364133,24.936625]},"properties":{"supply_id":"new_taipei-onstreet-132454","city":"new_taipei","district":"三峽區","display_name":"中山路 車格 132454","address":"中山路","facility_kind":"onstreet","symbol_text":null,"type_reference":"路邊停車格","type_confidence":0.6,"price_raw":null,"price_value":null,"capacity_total":1,"available_total":0,"occupied_total":1,"status_label":"已停","data_time":"2026-05-02 15:53:29+08:00","city_label":"新北市","facility_kind_label":"路邊車格","available_rate":0,"occupancy_rate":1,"price_tier":"unknown","price_tier_label":"價格未知"}},{"type":"Feature","geometry":{"type":"Point","coordinates":[121.378627,24.940447]},"properties":{"supply_id":"new_taipei-onstreet-95287","city":"new_taipei","district":"三峽區","display_name":"三樹路 車格 95287","address":"三樹路","facility_kind":"onstreet","symbol_text":null,"type_reference":"路邊停車格","type_confidence":0.6,"price_raw":null,"price_value":null,"capacity_total":1,"available_total":1,"occupied_total":0,"status_label":"空位","data_time":"2026-05-02 15:53:29+08:00","city_label":"新北市","facility_kind_label":"路邊車格","available_rate":1,"occupancy_rate":0,"price_tier":"unknown","price_tier_label":"價格未知"}},{"type":"Feature","geometry":{"type":"Point","coordinates":[121.367929,24.932415]},"properties":{"supply_id":"new_taipei-onstreet-112386","city":"new_taipei","district":"三峽區","display_name":"鳶峰路 車格 112386","address":"鳶峰路","facility_kind":"onstreet","symbol_text":null,"type_reference":"路邊停車格","type_confidence":0.6,"price_raw":null,"price_value":null,"capacity_total":1,"available_total":0,"occupied_total":1,"status_label":"已停","data_time":"2026-05-02 15:53:29+08:00","city_label":"新北市","facility_kind_label":"路邊車格","available_rate":0,"occupancy_rate":1,"price_tier":"unknown","price_tier_label":"價格未知"}},{"type":"Feature","geometry":{"type":"Point","coordinates":[121.369158,24.921335]},"properties":{"supply_id":"new_taipei-onstreet-146533","city":"new_taipei","district":"三峽區","display_name":"安溪路 車格 146533","address":"安溪路","facility_kind":"onstreet","symbol_text":null,"type_reference":"路邊停車格","type_confidence":0.6,"price_raw":null,"price_value":null,"capacity_total":1,"available_total":1,"occupied_total":0,"status_label":"空位","data_time":"2026-05-02 15:53:29+08:00","city_label":"新北市","facility_kind_label":"路邊車格","available_rate":1,"occupancy_rate":0,"price_tier":"unknown","price_tier_label":"價格未知"}},{"type":"Feature","geometry":{"type":"Point","coordinates":[121.378664,24.933203]},"properties":{"supply_id":"new_taipei-onstreet-155194","city":"new_taipei","district":"三峽區","display_name":"水防道路 車格 155194","address":"水防道路","facility_kind":"onstreet","symbol_text":null,"type_reference":"路邊停車格","type_confidence":0.6,"price_raw":null,"price_value":null,"capacity_total":1,"available_total":1,"occupied_total":0,"status_label":"空位","data_time":"2026-05-02 15:53:29+08:00","city_label":"新北市","facility_kind_label":"路邊車格","available_rate":1,"occupancy_rate":0,"price_tier":"unknown","price_tier_label":"價格未知"}},{"type":"Feature","geometry":{"type":"Point","coordinates":[121.378615,24.940399]},"properties":{"supply_id":"new_taipei-onstreet-95307","city":"new_taipei","district":"三峽區","display_name":"三樹路 車格 95307","address":"三樹路","facility_kind":"onstreet","symbol_text":null,"type_reference":"路邊停車格","type_confidence":0.6,"price_raw":null,"price_value":null,"capacity_total":1,"available_total":1,"occupied_total":0,"status_label":"空位","data_time":"2026-05-02 15:53:29+08:00","city_label":"新北市","facility_kind_label":"路邊車格","available_rate":1,"occupancy_rate":0,"price_tier":"unknown","price_tier_label":"價格未知"}},{"type":"Feature","geometry":{"type":"Point","coordinates":[121.376313,24.928495]},"properties":{"supply_id":"new_taipei-onstreet-96757","city":"new_taipei","district":"三峽區","display_name":"大同路64號旁巷道 車格 96757","address":"大同路64號旁巷道","facility_kind":"onstreet","symbol_text":null,"type_reference":"路邊停車格","type_confidence":0.6,"price_raw":null,"price_value":null,"capacity_total":1,"available_total":1,"occupied_total":0,"status_label":"空位","data_time":"2026-05-02 15:53:29+08:00","city_label":"新北市","facility_kind_label":"路邊車格","available_rate":1,"occupancy_rate":0,"price_tier":"unknown","price_tier_label":"價格未知"}},{"type":"Feature","geometry":{"type":"Point","coordinates":[121.370126,24.936757]},"properties":{"supply_id":"new_taipei-onstreet-25631","city":"new_taipei","district":"三峽區","display_name":"和平街 車格 25631","address":"和平街","facility_kind":"onstreet","symbol_text":null,"type_reference":"路邊停車格","type_confidence":0.6,"price_raw":null,"price_value":null,"capacity_total":1,"available_total":1,"occupied_total":0,"status_label":"空位","data_time":"2026-05-02 15:53:29+08:00","city_label":"新北市","facility_kind_label":"路邊車格","available_rate":1,"occupancy_rate":0,"price_tier":"unknown","price_tier_label":"價格未知"}},{"type":"Feature","geometry":{"type":"Point","coordinates":[121.376383,24.928133]},"properties":{"supply_id":"new_taipei-onstreet-95323","city":"new_taipei","district":"三峽區","display_name":"大同路 車格 95323","address":"大同路","facility_kind":"onstreet","symbol_text":null,"type_reference":"路邊停車格","type_confidence":0.6,"price_raw":null,"price_value":null,"capacity_total":1,"available_total":0,"occupied_total":1,"status_label":"已停","data_time":"2026-05-02 15:53:29+08:00","city_label":"新北市","facility_kind_label":"路邊車格","available_rate":0,"occupancy_rate":1,"price_tier":"unknown","price_tier_label":"價格未知"}},{"type":"Feature","geometry":{"type":"Point","coordinates":[121.368614,24.935985]},"properties":{"supply_id":"new_taipei-onstreet-93605","city":"new_taipei","district":"三峽區","display_name":"文化路 車格 93605","address":"文化路","facility_kind":"onstreet","symbol_text":null,"type_reference":"路邊停車格","type_confidence":0.6,"price_raw":null,"price_value":null,"capacity_total":1,"available_total":0,"occupied_total":1,"status_label":"已停","data_time":"2026-05-02 15:53:29+08:00","city_label":"新北市","facility_kind_label":"路邊車格","available_rate":0,"occupancy_rate":1,"price_tier":"unknown","price_tier_label":"價格未知"}},{"type":"Feature","geometry":{"type":"Point","coordinates":[121.371373,24.932329]},"properties":{"supply_id":"new_taipei-onstreet-51204","city":"new_taipei","district":"三峽區","display_name":"安溪路 車格 51204","address":"安溪路","facility_kind":"onstreet","symbol_text":null,"type_reference":"路邊停車格","type_confidence":0.6,"price_raw":null,"price_value":null,"capacity_total":1,"available_total":null,"occupied_total":null,"status_label":"不可用","data_time":"2026-05-02 15:53:29+08:00","city_label":"新北市","facility_kind_label":"路邊車格","available_rate":null,"occupancy_rate":null,"price_tier":"unknown","price_tier_label":"價格未知"}},{"type":"Feature","geometry":{"type":"Point","coordinates":[121.372752,24.931564]},"properties":{"supply_id":"new_taipei-onstreet-90591","city":"new_taipei","district":"三峽區","display_name":"光明路 車格 90591","address":"光明路","facility_kind":"onstreet","symbol_text":null,"type_reference":"路邊停車格","type_confidence":0.6,"price_raw":null,"price_value":null,"capacity_total":1,"available_total":1,"occupied_total":0,"status_label":"空位","data_time":"2026-05-02 15:53:29+08:00","city_label":"新北市","facility_kind_label":"路邊車格","available_rate":1,"occupancy_rate":0,"price_tier":"unknown","price_tier_label":"價格未知"}},{"type":"Feature","geometry":{"type":"Point","coordinates":[121.37865,24.940544]},"properties":{"supply_id":"new_taipei-onstreet-95311","city":"new_taipei","district":"三峽區","display_name":"三樹路 車格 95311","address":"三樹路","facility_kind":"onstreet","symbol_text":null,"type_reference":"路邊停車格","type_confidence":0.6,"price_raw":null,"price_value":null,"capacity_total":1,"available_total":1,"occupied_total":0,"status_label":"空位","data_time":"2026-05-02 15:53:29+08:00","city_label":"新北市","facility_kind_label":"路邊車格","available_rate":1,"occupancy_rate":0,"price_tier":"unknown","price_tier_label":"價格未知"}},{"type":"Feature","geometry":{"type":"Point","coordinates":[121.375166,24.927411]},"properties":{"supply_id":"new_taipei-onstreet-95330","city":"new_taipei","district":"三峽區","display_name":"大同路 車格 95330","address":"大同路","facility_kind":"onstreet","symbol_text":null,"type_reference":"路邊停車格","type_confidence":0.6,"price_raw":null,"price_value":null,"capacity_total":1,"available_total":0,"occupied_total":1,"status_label":"已停","data_time":"2026-05-02 15:53:29+08:00","city_label":"新北市","facility_kind_label":"路邊車格","available_rate":0,"occupancy_rate":1,"price_tier":"unknown","price_tier_label":"價格未知"}},{"type":"Feature","geometry":{"type":"Point","coordinates":[121.37622,24.939324]},"properties":{"supply_id":"new_taipei-onstreet-152375","city":"new_taipei","district":"三峽區","display_name":"國慶路 車格 152375","address":"國慶路","facility_kind":"onstreet","symbol_text":null,"type_reference":"路邊停車格","type_confidence":0.6,"price_raw":null,"price_value":null,"capacity_total":1,"available_total":1,"occupied_total":0,"status_label":"空位","data_time":"2026-05-02 15:53:29+08:00","city_label":"新北市","facility_kind_label":"路邊車格","available_rate":1,"occupancy_rate":0,"price_tier":"unknown","price_tier_label":"價格未知"}},{"type":"Feature","geometry":{"type":"Point","coordinates":[121.367943,24.932428]},"properties":{"supply_id":"new_taipei-onstreet-112385","city":"new_taipei","district":"三峽區","display_name":"鳶峰路 車格 112385","address":"鳶峰路","facility_kind":"onstreet","symbol_text":null,"type_reference":"路邊停車格","type_confidence":0.6,"price_raw":null,"price_value":null,"capacity_total":1,"available_total":1,"occupied_total":0,"status_label":"空位","data_time":"2026-05-02 15:53:29+08:00","city_label":"新北市","facility_kind_label":"路邊車格","available_rate":1,"occupancy_rate":0,"price_tier":"unknown","price_tier_label":"價格未知"}},{"type":"Feature","geometry":{"type":"Point","coordinates":[121.378638,24.940496]},"properties":{"supply_id":"new_taipei-onstreet-95310","city":"new_taipei","district":"三峽區","display_name":"三樹路 車格 95310","address":"三樹路","facility_kind":"onstreet","symbol_text":null,"type_reference":"路邊停車格","type_confidence":0.6,"price_raw":null,"price_value":null,"capacity_total":1,"available_total":1,"occupied_total":0,"status_label":"空位","data_time":"2026-05-02 15:53:29+08:00","city_label":"新北市","facility_kind_label":"路邊車格","available_rate":1,"occupancy_rate":0,"price_tier":"unknown","price_tier_label":"價格未知"}},{"type":"Feature","geometry":{"type":"Point","coordinates":[121.368378,24.933911]},"properties":{"supply_id":"new_taipei-onstreet-129604","city":"new_taipei","district":"三峽區","display_name":"仁愛街 車格 129604","address":"仁愛街","facility_kind":"onstreet","symbol_text":null,"type_reference":"路邊停車格","type_confidence":0.6,"price_raw":null,"price_value":null,"capacity_total":1,"available_total":1,"occupied_total":0,"status_label":"空位","data_time":"2026-05-02 15:53:29+08:00","city_label":"新北市","facility_kind_label":"路邊車格","available_rate":1,"occupancy_rate":0,"price_tier":"unknown","price_tier_label":"價格未知"}},{"type":"Feature","geometry":{"type":"Point","coordinates":[121.368559,24.935979]},"properties":{"supply_id":"new_taipei-onstreet-93606","city":"new_taipei","district":"三峽區","display_name":"文化路 車格 93606","address":"文化路","facility_kind":"onstreet","symbol_text":null,"type_reference":"路邊停車格","type_confidence":0.6,"price_raw":null,"price_value":null,"capacity_total":1,"available_total":1,"occupied_total":0,"status_label":"空位","data_time":"2026-05-02 15:53:29+08:00","city_label":"新北市","facility_kind_label":"路邊車格","available_rate":1,"occupancy_rate":0,"price_tier":"unknown","price_tier_label":"價格未知"}},{"type":"Feature","geometry":{"type":"Point","coordinates":[121.376334,24.939219]},"properties":{"supply_id":"new_taipei-onstreet-152372","city":"new_taipei","district":"三峽區","display_name":"國慶路 車格 152372","address":"國慶路","facility_kind":"onstreet","symbol_text":null,"type_reference":"路邊停車格","type_confidence":0.6,"price_raw":null,"price_value":null,"capacity_total":1,"available_total":0,"occupied_total":1,"status_label":"已停","data_time":"2026-05-02 15:53:29+08:00","city_label":"新北市","facility_kind_label":"路邊車格","available_rate":0,"occupancy_rate":1,"price_tier":"unknown","price_tier_label":"價格未知"}},{"type":"Feature","geometry":{"type":"Point","coordinates":[121.376375,24.928431]},"properties":{"supply_id":"new_taipei-onstreet-32045","city":"new_taipei","district":"三峽區","display_name":"大同路64號旁巷道 車格 32045","address":"大同路64號旁巷道","facility_kind":"onstreet","symbol_text":null,"type_reference":"路邊停車格","type_confidence":0.6,"price_raw":null,"price_value":null,"capacity_total":1,"available_total":1,"occupied_total":0,"status_label":"空位","data_time":"2026-05-02 15:53:29+08:00","city_label":"新北市","facility_kind_label":"路邊車格","available_rate":1,"occupancy_rate":0,"price_tier":"unknown","price_tier_label":"價格未知"}},{"type":"Feature","geometry":{"type":"Point","coordinates":[121.372788,24.931527]},"properties":{"supply_id":"new_taipei-onstreet-57698","city":"new_taipei","district":"三峽區","display_name":"光明路 車格 57698","address":"光明路","facility_kind":"onstreet","symbol_text":null,"type_reference":"路邊停車格","type_confidence":0.6,"price_raw":null,"price_value":null,"capacity_total":1,"available_total":0,"occupied_total":1,"status_label":"已停","data_time":"2026-05-02 15:53:29+08:00","city_label":"新北市","facility_kind_label":"路邊車格","available_rate":0,"occupancy_rate":1,"price_tier":"unknown","price_tier_label":"價格未知"}},{"type":"Feature","geometry":{"type":"Point","coordinates":[121.367832,24.932528]},"properties":{"supply_id":"new_taipei-onstreet-112389","city":"new_taipei","district":"三峽區","display_name":"鳶峰路 車格 112389","address":"鳶峰路","facility_kind":"onstreet","symbol_text":null,"type_reference":"路邊停車格","type_confidence":0.6,"price_raw":null,"price_value":null,"capacity_total":1,"available_total":0,"occupied_total":1,"status_label":"已停","data_time":"2026-05-02 15:53:29+08:00","city_label":"新北市","facility_kind_label":"路邊車格","available_rate":0,"occupancy_rate":1,"price_tier":"unknown","price_tier_label":"價格未知"}},{"type":"Feature","geometry":{"type":"Point","coordinates":[121.371354,24.932277]},"properties":{"supply_id":"new_taipei-onstreet-51209","city":"new_taipei","district":"三峽區","display_name":"安溪路 車格 51209","address":"安溪路","facility_kind":"onstreet","symbol_text":null,"type_reference":"路邊停車格","type_confidence":0.6,"price_raw":null,"price_value":null,"capacity_total":1,"available_total":null,"occupied_total":null,"status_label":"不可用","data_time":"2026-05-02 15:53:29+08:00","city_label":"新北市","facility_kind_label":"路邊車格","available_rate":null,"occupancy_rate":null,"price_tier":"unknown","price_tier_label":"價格未知"}},{"type":"Feature","geometry":{"type":"Point","coordinates":[121.373581,24.929168]},"properties":{"supply_id":"new_taipei-onstreet-59746","city":"new_taipei","district":"三峽區","display_name":"中正路一段 車格 59746","address":"中正路一段","facility_kind":"onstreet","symbol_text":null,"type_reference":"路邊停車格","type_confidence":0.6,"price_raw":null,"price_value":null,"capacity_total":1,"available_total":1,"occupied_total":0,"status_label":"空位","data_time":"2026-05-02 15:53:29+08:00","city_label":"新北市","facility_kind_label":"路邊車格","available_rate":1,"occupancy_rate":0,"price_tier":"unknown","price_tier_label":"價格未知"}},{"type":"Feature","geometry":{"type":"Point","coordinates":[121.36916,24.921353]},"properties":{"supply_id":"new_taipei-onstreet-146534","city":"new_taipei","district":"三峽區","display_name":"安溪路 車格 146534","address":"安溪路","facility_kind":"onstreet","symbol_text":null,"type_reference":"路邊停車格","type_confidence":0.6,"price_raw":null,"price_value":null,"capacity_total":1,"available_total":0,"occupied_total":1,"status_label":"已停","data_time":"2026-05-02 15:53:29+08:00","city_label":"新北市","facility_kind_label":"路邊車格","available_rate":0,"occupancy_rate":1,"price_tier":"unknown","price_tier_label":"價格未知"}},{"type":"Feature","geometry":{"type":"Point","coordinates":[121.378712,24.933177]},"properties":{"supply_id":"new_taipei-onstreet-155195","city":"new_taipei","district":"三峽區","display_name":"水防道路 車格 155195","address":"水防道路","facility_kind":"onstreet","symbol_text":null,"type_reference":"路邊停車格","type_confidence":0.6,"price_raw":null,"price_value":null,"capacity_total":1,"available_total":1,"occupied_total":0,"status_label":"空位","data_time":"2026-05-02 15:53:29+08:00","city_label":"新北市","facility_kind_label":"路邊車格","available_rate":1,"occupancy_rate":0,"price_tier":"unknown","price_tier_label":"價格未知"}},{"type":"Feature","geometry":{"type":"Point","coordinates":[121.367794,24.932513]},"properties":{"supply_id":"new_taipei-onstreet-112391","city":"new_taipei","district":"三峽區","display_name":"鳶峰路 車格 112391","address":"鳶峰路","facility_kind":"onstreet","symbol_text":null,"type_reference":"路邊停車格","type_confidence":0.6,"price_raw":null,"price_value":null,"capacity_total":1,"available_total":1,"occupied_total":0,"status_label":"空位","data_time":"2026-05-02 15:53:29+08:00","city_label":"新北市","facility_kind_label":"路邊車格","available_rate":1,"occupancy_rate":0,"price_tier":"unknown","price_tier_label":"價格未知"}},{"type":"Feature","geometry":{"type":"Point","coordinates":[121.369163,24.921389]},"properties":{"supply_id":"new_taipei-onstreet-146536","city":"new_taipei","district":"三峽區","display_name":"安溪路 車格 146536","address":"安溪路","facility_kind":"onstreet","symbol_text":null,"type_reference":"路邊停車格","type_confidence":0.6,"price_raw":null,"price_value":null,"capacity_total":1,"available_total":0,"occupied_total":1,"status_label":"已停","data_time":"2026-05-02 15:53:29+08:00","city_label":"新北市","facility_kind_label":"路邊車格","available_rate":0,"occupancy_rate":1,"price_tier":"unknown","price_tier_label":"價格未知"}},{"type":"Feature","geometry":{"type":"Point","coordinates":[121.379046,24.93297]},"properties":{"supply_id":"new_taipei-onstreet-155184","city":"new_taipei","district":"三峽區","display_name":"水防道路 車格 155184","address":"水防道路","facility_kind":"onstreet","symbol_text":null,"type_reference":"路邊停車格","type_confidence":0.6,"price_raw":null,"price_value":null,"capacity_total":1,"available_total":0,"occupied_total":1,"status_label":"已停","data_time":"2026-05-02 15:53:29+08:00","city_label":"新北市","facility_kind_label":"路邊車格","available_rate":0,"occupancy_rate":1,"price_tier":"unknown","price_tier_label":"價格未知"}},{"type":"Feature","geometry":{"type":"Point","coordinates":[121.360553,24.936681]},"properties":{"supply_id":"new_taipei-onstreet-65669","city":"new_taipei","district":"三峽區","display_name":"大智路 車格 65669","address":"大智路","facility_kind":"onstreet","symbol_text":null,"type_reference":"路邊停車格","type_confidence":0.6,"price_raw":null,"price_value":null,"capacity_total":1,"available_total":1,"occupied_total":0,"status_label":"空位","data_time":"2026-05-02 15:53:29+08:00","city_label":"新北市","facility_kind_label":"路邊車格","available_rate":1,"occupancy_rate":0,"price_tier":"unknown","price_tier_label":"價格未知"}},{"type":"Feature","geometry":{"type":"Point","coordinates":[121.369161,24.921371]},"properties":{"supply_id":"new_taipei-onstreet-146535","city":"new_taipei","district":"三峽區","display_name":"安溪路 車格 146535","address":"安溪路","facility_kind":"onstreet","symbol_text":null,"type_reference":"路邊停車格","type_confidence":0.6,"price_raw":null,"price_value":null,"capacity_total":1,"available_total":1,"occupied_total":0,"status_label":"空位","data_time":"2026-05-02 15:53:29+08:00","city_label":"新北市","facility_kind_label":"路邊車格","available_rate":1,"occupancy_rate":0,"price_tier":"unknown","price_tier_label":"價格未知"}},{"type":"Feature","geometry":{"type":"Point","coordinates":[121.375012,24.927326]},"properties":{"supply_id":"new_taipei-onstreet-95328","city":"new_taipei","district":"三峽區","display_name":"大同路 車格 95328","address":"大同路","facility_kind":"onstreet","symbol_text":null,"type_reference":"路邊停車格","type_confidence":0.6,"price_raw":null,"price_value":null,"capacity_total":1,"available_total":0,"occupied_total":1,"status_label":"已停","data_time":"2026-05-02 15:53:29+08:00","city_label":"新北市","facility_kind_label":"路邊車格","available_rate":0,"occupancy_rate":1,"price_tier":"unknown","price_tier_label":"價格未知"}},{"type":"Feature","geometry":{"type":"Point","coordinates":[121.368399,24.933631]},"properties":{"supply_id":"new_taipei-onstreet-1403","city":"new_taipei","district":"三峽區","display_name":"仁愛街 車格 1403","address":"仁愛街","facility_kind":"onstreet","symbol_text":null,"type_reference":"路邊停車格","type_confidence":0.6,"price_raw":null,"price_value":null,"capacity_total":1,"available_total":1,"occupied_total":0,"status_label":"空位","data_time":"2026-05-02 15:53:29+08:00","city_label":"新北市","facility_kind_label":"路邊車格","available_rate":1,"occupancy_rate":0,"price_tier":"unknown","price_tier_label":"價格未知"}},{"type":"Feature","geometry":{"type":"Point","coordinates":[121.373138,24.92881]},"properties":{"supply_id":"new_taipei-onstreet-59745","city":"new_taipei","district":"三峽區","display_name":"中正路一段 車格 59745","address":"中正路一段","facility_kind":"onstreet","symbol_text":null,"type_reference":"路邊停車格","type_confidence":0.6,"price_raw":null,"price_value":null,"capacity_total":1,"available_total":0,"occupied_total":1,"status_label":"已停","data_time":"2026-05-02 15:53:29+08:00","city_label":"新北市","facility_kind_label":"路邊車格","available_rate":0,"occupancy_rate":1,"price_tier":"unknown","price_tier_label":"價格未知"}},{"type":"Feature","geometry":{"type":"Point","coordinates":[121.373481,24.929095]},"properties":{"supply_id":"new_taipei-onstreet-87579","city":"new_taipei","district":"三峽區","display_name":"中正路一段 車格 87579","address":"中正路一段","facility_kind":"onstreet","symbol_text":null,"type_reference":"路邊停車格","type_confidence":0.6,"price_raw":null,"price_value":null,"capacity_total":1,"available_total":0,"occupied_total":1,"status_label":"已停","data_time":"2026-05-02 15:53:29+08:00","city_label":"新北市","facility_kind_label":"路邊車格","available_rate":0,"occupancy_rate":1,"price_tier":"unknown","price_tier_label":"價格未知"}},{"type":"Feature","geometry":{"type":"Point","coordinates":[121.378759,24.933151]},"properties":{"supply_id":"new_taipei-onstreet-155196","city":"new_taipei","district":"三峽區","display_name":"水防道路 車格 155196","address":"水防道路","facility_kind":"onstreet","symbol_text":null,"type_reference":"路邊停車格","type_confidence":0.6,"price_raw":null,"price_value":null,"capacity_total":1,"available_total":1,"occupied_total":0,"status_label":"空位","data_time":"2026-05-02 15:53:29+08:00","city_label":"新北市","facility_kind_label":"路邊車格","available_rate":1,"occupancy_rate":0,"price_tier":"unknown","price_tier_label":"價格未知"}},{"type":"Feature","geometry":{"type":"Point","coordinates":[121.367755,24.932499]},"properties":{"supply_id":"new_taipei-onstreet-112393","city":"new_taipei","district":"三峽區","display_name":"鳶峰路 車格 112393","address":"鳶峰路","facility_kind":"onstreet","symbol_text":null,"type_reference":"路邊停車格","type_confidence":0.6,"price_raw":null,"price_value":null,"capacity_total":1,"available_total":0,"occupied_total":1,"status_label":"已停","data_time":"2026-05-02 15:53:29+08:00","city_label":"新北市","facility_kind_label":"路邊車格","available_rate":0,"occupancy_rate":1,"price_tier":"unknown","price_tier_label":"價格未知"}},{"type":"Feature","geometry":{"type":"Point","coordinates":[121.369165,24.921425]},"properties":{"supply_id":"new_taipei-onstreet-146539","city":"new_taipei","district":"三峽區","display_name":"安溪路 車格 146539","address":"安溪路","facility_kind":"onstreet","symbol_text":null,"type_reference":"路邊停車格","type_confidence":0.6,"price_raw":null,"price_value":null,"capacity_total":1,"available_total":1,"occupied_total":0,"status_label":"空位","data_time":"2026-05-02 15:53:29+08:00","city_label":"新北市","facility_kind_label":"路邊車格","available_rate":1,"occupancy_rate":0,"price_tier":"unknown","price_tier_label":"價格未知"}},{"type":"Feature","geometry":{"type":"Point","coordinates":[121.379127,24.932902]},"properties":{"supply_id":"new_taipei-onstreet-155186","city":"new_taipei","district":"三峽區","display_name":"水防道路 車格 155186","address":"水防道路","facility_kind":"onstreet","symbol_text":null,"type_reference":"路邊停車格","type_confidence":0.6,"price_raw":null,"price_value":null,"capacity_total":1,"available_total":1,"occupied_total":0,"status_label":"空位","data_time":"2026-05-02 15:53:29+08:00","city_label":"新北市","facility_kind_label":"路邊車格","available_rate":1,"occupancy_rate":0,"price_tier":"unknown","price_tier_label":"價格未知"}},{"type":"Feature","geometry":{"type":"Point","coordinates":[121.37491,24.927268]},"properties":{"supply_id":"new_taipei-onstreet-95329","city":"new_taipei","district":"三峽區","display_name":"大同路 車格 95329","address":"大同路","facility_kind":"onstreet","symbol_text":null,"type_reference":"路邊停車格","type_confidence":0.6,"price_raw":null,"price_value":null,"capacity_total":1,"available_total":1,"occupied_total":0,"status_label":"空位","data_time":"2026-05-02 15:53:29+08:00","city_label":"新北市","facility_kind_label":"路邊車格","available_rate":1,"occupancy_rate":0,"price_tier":"unknown","price_tier_label":"價格未知"}},{"type":"Feature","geometry":{"type":"Point","coordinates":[121.368401,24.933577]},"properties":{"supply_id":"new_taipei-onstreet-1404","city":"new_taipei","district":"三峽區","display_name":"仁愛街 車格 1404","address":"仁愛街","facility_kind":"onstreet","symbol_text":null,"type_reference":"路邊停車格","type_confidence":0.6,"price_raw":null,"price_value":null,"capacity_total":1,"available_total":0,"occupied_total":1,"status_label":"已停","data_time":"2026-05-02 15:53:29+08:00","city_label":"新北市","facility_kind_label":"路邊車格","available_rate":0,"occupancy_rate":1,"price_tier":"unknown","price_tier_label":"價格未知"}},{"type":"Feature","geometry":{"type":"Point","coordinates":[121.366508,24.93577]},"properties":{"supply_id":"new_taipei-onstreet-59785","city":"new_taipei","district":"三峽區","display_name":"文化路 車格 59785","address":"文化路","facility_kind":"onstreet","symbol_text":null,"type_reference":"路邊停車格","type_confidence":0.6,"price_raw":null,"price_value":null,"capacity_total":1,"available_total":1,"occupied_total":0,"status_label":"空位","data_time":"2026-05-02 15:53:29+08:00","city_label":"新北市","facility_kind_label":"路邊車格","available_rate":1,"occupancy_rate":0,"price_tier":"unknown","price_tier_label":"價格未知"}},{"type":"Feature","geometry":{"type":"Point","coordinates":[121.368479,24.935971]},"properties":{"supply_id":"new_taipei-onstreet-39610","city":"new_taipei","district":"三峽區","display_name":"文化路 車格 39610","address":"文化路","facility_kind":"onstreet","symbol_text":null,"type_reference":"路邊停車格","type_confidence":0.6,"price_raw":null,"price_value":null,"capacity_total":1,"available_total":0,"occupied_total":1,"status_label":"已停","data_time":"2026-05-02 15:53:29+08:00","city_label":"新北市","facility_kind_label":"路邊車格","available_rate":0,"occupancy_rate":1,"price_tier":"unknown","price_tier_label":"價格未知"}},{"type":"Feature","geometry":{"type":"Point","coordinates":[121.373418,24.930875]},"properties":{"supply_id":"new_taipei-onstreet-57693","city":"new_taipei","district":"三峽區","display_name":"光明路 車格 57693","address":"光明路","facility_kind":"onstreet","symbol_text":null,"type_reference":"路邊停車格","type_confidence":0.6,"price_raw":null,"price_value":null,"capacity_total":1,"available_total":1,"occupied_total":0,"status_label":"空位","data_time":"2026-05-02 15:53:29+08:00","city_label":"新北市","facility_kind_label":"路邊車格","available_rate":1,"occupancy_rate":0,"price_tier":"unknown","price_tier_label":"價格未知"}},{"type":"Feature","geometry":{"type":"Point","coordinates":[121.376258,24.939289]},"properties":{"supply_id":"new_taipei-onstreet-152374","city":"new_taipei","district":"三峽區","display_name":"國慶路 車格 152374","address":"國慶路","facility_kind":"onstreet","symbol_text":null,"type_reference":"路邊停車格","type_confidence":0.6,"price_raw":null,"price_value":null,"capacity_total":1,"available_total":1,"occupied_total":0,"status_label":"空位","data_time":"2026-05-02 15:53:29+08:00","city_label":"新北市","facility_kind_label":"路邊車格","available_rate":1,"occupancy_rate":0,"price_tier":"unknown","price_tier_label":"價格未知"}},{"type":"Feature","geometry":{"type":"Point","coordinates":[121.368052,24.930742]},"properties":{"supply_id":"new_taipei-onstreet-57888","city":"new_taipei","district":"三峽區","display_name":"民權街 車格 57888","address":"民權街","facility_kind":"onstreet","symbol_text":null,"type_reference":"路邊停車格","type_confidence":0.6,"price_raw":null,"price_value":null,"capacity_total":1,"available_total":1,"occupied_total":0,"status_label":"空位","data_time":"2026-05-02 15:53:29+08:00","city_label":"新北市","facility_kind_label":"路邊車格","available_rate":1,"occupancy_rate":0,"price_tier":"unknown","price_tier_label":"價格未知"}},{"type":"Feature","geometry":{"type":"Point","coordinates":[121.372296,24.92794]},"properties":{"supply_id":"new_taipei-onstreet-51009","city":"new_taipei","district":"三峽區","display_name":"中正路一段 車格 51009","address":"中正路一段","facility_kind":"onstreet","symbol_text":null,"type_reference":"路邊停車格","type_confidence":0.6,"price_raw":null,"price_value":null,"capacity_total":1,"available_total":1,"occupied_total":0,"status_label":"空位","data_time":"2026-05-02 15:53:29+08:00","city_label":"新北市","facility_kind_label":"路邊車格","available_rate":1,"occupancy_rate":0,"price_tier":"unknown","price_tier_label":"價格未知"}},{"type":"Feature","geometry":{"type":"Point","coordinates":[121.379169,24.932872]},"properties":{"supply_id":"new_taipei-onstreet-155187","city":"new_taipei","district":"三峽區","display_name":"水防道路 車格 155187","address":"水防道路","facility_kind":"onstreet","symbol_text":null,"type_reference":"路邊停車格","type_confidence":0.6,"price_raw":null,"price_value":null,"capacity_total":1,"available_total":0,"occupied_total":1,"status_label":"已停","data_time":"2026-05-02 15:53:29+08:00","city_label":"新北市","facility_kind_label":"路邊車格","available_rate":0,"occupancy_rate":1,"price_tier":"unknown","price_tier_label":"價格未知"}},{"type":"Feature","geometry":{"type":"Point","coordinates":[121.378662,24.940593]},"properties":{"supply_id":"new_taipei-onstreet-95312","city":"new_taipei","district":"三峽區","display_name":"三樹路 車格 95312","address":"三樹路","facility_kind":"onstreet","symbol_text":null,"type_reference":"路邊停車格","type_confidence":0.6,"price_raw":null,"price_value":null,"capacity_total":1,"available_total":1,"occupied_total":0,"status_label":"空位","data_time":"2026-05-02 15:53:29+08:00","city_label":"新北市","facility_kind_label":"路邊車格","available_rate":1,"occupancy_rate":0,"price_tier":"unknown","price_tier_label":"價格未知"}},{"type":"Feature","geometry":{"type":"Point","coordinates":[121.371304,24.932121]},"properties":{"supply_id":"new_taipei-onstreet-51215","city":"new_taipei","district":"三峽區","display_name":"安溪路 車格 51215","address":"安溪路","facility_kind":"onstreet","symbol_text":null,"type_reference":"路邊停車格","type_confidence":0.6,"price_raw":null,"price_value":null,"capacity_total":1,"available_total":null,"occupied_total":null,"status_label":"不可用","data_time":"2026-05-02 15:53:29+08:00","city_label":"新北市","facility_kind_label":"路邊車格","available_rate":null,"occupancy_rate":null,"price_tier":"unknown","price_tier_label":"價格未知"}},{"type":"Feature","geometry":{"type":"Point","coordinates":[121.367573,24.934639]},"properties":{"supply_id":"new_taipei-onstreet-59724","city":"new_taipei","district":"三峽區","display_name":"中山路67巷公有空地平面停車場 車格 59724","address":"中山路67巷公有空地平面停車場","facility_kind":"onstreet","symbol_text":null,"type_reference":"路邊停車格","type_confidence":0.6,"price_raw":null,"price_value":null,"capacity_total":1,"available_total":0,"occupied_total":1,"status_label":"已停","data_time":"2026-05-02 15:53:29+08:00","city_label":"新北市","facility_kind_label":"路邊車格","available_rate":0,"occupancy_rate":1,"price_tier":"unknown","price_tier_label":"價格未知"}},{"type":"Feature","geometry":{"type":"Point","coordinates":[121.378714,24.94083]},"properties":{"supply_id":"new_taipei-onstreet-95300","city":"new_taipei","district":"三峽區","display_name":"三樹路 車格 95300","address":"三樹路","facility_kind":"onstreet","symbol_text":null,"type_reference":"路邊停車格","type_confidence":0.6,"price_raw":null,"price_value":null,"capacity_total":1,"available_total":0,"occupied_total":1,"status_label":"已停","data_time":"2026-05-02 15:53:29+08:00","city_label":"新北市","facility_kind_label":"路邊車格","available_rate":0,"occupancy_rate":1,"price_tier":"unknown","price_tier_label":"價格未知"}},{"type":"Feature","geometry":{"type":"Point","coordinates":[121.36807,24.930789]},"properties":{"supply_id":"new_taipei-onstreet-57887","city":"new_taipei","district":"三峽區","display_name":"民權街 車格 57887","address":"民權街","facility_kind":"onstreet","symbol_text":null,"type_reference":"路邊停車格","type_confidence":0.6,"price_raw":null,"price_value":null,"capacity_total":1,"available_total":1,"occupied_total":0,"status_label":"空位","data_time":"2026-05-02 15:53:29+08:00","city_label":"新北市","facility_kind_label":"路邊車格","available_rate":1,"occupancy_rate":0,"price_tier":"unknown","price_tier_label":"價格未知"}},{"type":"Feature","geometry":{"type":"Point","coordinates":[121.366317,24.935753]},"properties":{"supply_id":"new_taipei-onstreet-59786","city":"new_taipei","district":"三峽區","display_name":"文化路 車格 59786","address":"文化路","facility_kind":"onstreet","symbol_text":null,"type_reference":"路邊停車格","type_confidence":0.6,"price_raw":null,"price_value":null,"capacity_total":1,"available_total":1,"occupied_total":0,"status_label":"空位","data_time":"2026-05-02 15:53:29+08:00","city_label":"新北市","facility_kind_label":"路邊車格","available_rate":1,"occupancy_rate":0,"price_tier":"unknown","price_tier_label":"價格未知"}},{"type":"Feature","geometry":{"type":"Point","coordinates":[121.366243,24.935746]},"properties":{"supply_id":"new_taipei-onstreet-56817","city":"new_taipei","district":"三峽區","display_name":"文化路 車格 56817","address":"文化路","facility_kind":"onstreet","symbol_text":null,"type_reference":"路邊停車格","type_confidence":0.6,"price_raw":null,"price_value":null,"capacity_total":1,"available_total":1,"occupied_total":0,"status_label":"空位","data_time":"2026-05-02 15:53:29+08:00","city_label":"新北市","facility_kind_label":"路邊車格","available_rate":1,"occupancy_rate":0,"price_tier":"unknown","price_tier_label":"價格未知"}},{"type":"Feature","geometry":{"type":"Point","coordinates":[121.371244,24.931911]},"properties":{"supply_id":"new_taipei-onstreet-51214","city":"new_taipei","district":"三峽區","display_name":"安溪路 車格 51214","address":"安溪路","facility_kind":"onstreet","symbol_text":null,"type_reference":"路邊停車格","type_confidence":0.6,"price_raw":null,"price_value":null,"capacity_total":1,"available_total":0,"occupied_total":1,"status_label":"已停","data_time":"2026-05-02 15:53:29+08:00","city_label":"新北市","facility_kind_label":"路邊車格","available_rate":0,"occupancy_rate":1,"price_tier":"unknown","price_tier_label":"價格未知"}},{"type":"Feature","geometry":{"type":"Point","coordinates":[121.367483,24.934688]},"properties":{"supply_id":"new_taipei-onstreet-59730","city":"new_taipei","district":"三峽區","display_name":"中山路67巷公有空地平面停車場 車格 59730","address":"中山路67巷公有空地平面停車場","facility_kind":"onstreet","symbol_text":null,"type_reference":"路邊停車格","type_confidence":0.6,"price_raw":null,"price_value":null,"capacity_total":1,"available_total":1,"occupied_total":0,"status_label":"空位","data_time":"2026-05-02 15:53:29+08:00","city_label":"新北市","facility_kind_label":"路邊車格","available_rate":1,"occupancy_rate":0,"price_tier":"unknown","price_tier_label":"價格未知"}},{"type":"Feature","geometry":{"type":"Point","coordinates":[121.375115,24.927383]},"properties":{"supply_id":"new_taipei-onstreet-57086","city":"new_taipei","district":"三峽區","display_name":"大同路 車格 57086","address":"大同路","facility_kind":"onstreet","symbol_text":null,"type_reference":"路邊停車格","type_confidence":0.6,"price_raw":null,"price_value":null,"capacity_total":1,"available_total":0,"occupied_total":1,"status_label":"已停","data_time":"2026-05-02 15:53:29+08:00","city_label":"新北市","facility_kind_label":"路邊車格","available_rate":0,"occupancy_rate":1,"price_tier":"unknown","price_tier_label":"價格未知"}},{"type":"Feature","geometry":{"type":"Point","coordinates":[121.368398,24.933684]},"properties":{"supply_id":"new_taipei-onstreet-56814","city":"new_taipei","district":"三峽區","display_name":"仁愛街 車格 56814","address":"仁愛街","facility_kind":"onstreet","symbol_text":null,"type_reference":"路邊停車格","type_confidence":0.6,"price_raw":null,"price_value":null,"capacity_total":1,"available_total":1,"occupied_total":0,"status_label":"空位","data_time":"2026-05-02 15:53:29+08:00","city_label":"新北市","facility_kind_label":"路邊車格","available_rate":1,"occupancy_rate":0,"price_tier":"unknown","price_tier_label":"價格未知"}},{"type":"Feature","geometry":{"type":"Point","coordinates":[121.373073,24.931234]},"properties":{"supply_id":"new_taipei-onstreet-57695","city":"new_taipei","district":"三峽區","display_name":"光明路 車格 57695","address":"光明路","facility_kind":"onstreet","symbol_text":null,"type_reference":"路邊停車格","type_confidence":0.6,"price_raw":null,"price_value":null,"capacity_total":1,"available_total":1,"occupied_total":0,"status_label":"空位","data_time":"2026-05-02 15:53:29+08:00","city_label":"新北市","facility_kind_label":"路邊車格","available_rate":1,"occupancy_rate":0,"price_tier":"unknown","price_tier_label":"價格未知"}},{"type":"Feature","geometry":{"type":"Point","coordinates":[121.367813,24.932521]},"properties":{"supply_id":"new_taipei-onstreet-112390","city":"new_taipei","district":"三峽區","display_name":"鳶峰路 車格 112390","address":"鳶峰路","facility_kind":"onstreet","symbol_text":null,"type_reference":"路邊停車格","type_confidence":0.6,"price_raw":null,"price_value":null,"capacity_total":1,"available_total":0,"occupied_total":1,"status_label":"已停","data_time":"2026-05-02 15:53:29+08:00","city_label":"新北市","facility_kind_label":"路邊車格","available_rate":0,"occupancy_rate":1,"price_tier":"unknown","price_tier_label":"價格未知"}},{"type":"Feature","geometry":{"type":"Point","coordinates":[121.378724,24.940874]},"properties":{"supply_id":"new_taipei-onstreet-59683","city":"new_taipei","district":"三峽區","display_name":"三樹路 車格 59683","address":"三樹路","facility_kind":"onstreet","symbol_text":null,"type_reference":"路邊停車格","type_confidence":0.6,"price_raw":null,"price_value":null,"capacity_total":1,"available_total":0,"occupied_total":1,"status_label":"已停","data_time":"2026-05-02 15:53:29+08:00","city_label":"新北市","facility_kind_label":"路邊車格","available_rate":0,"occupancy_rate":1,"price_tier":"unknown","price_tier_label":"價格未知"}},{"type":"Feature","geometry":{"type":"Point","coordinates":[121.374859,24.92724]},"properties":{"supply_id":"new_taipei-onstreet-95321","city":"new_taipei","district":"三峽區","display_name":"大同路 車格 95321","address":"大同路","facility_kind":"onstreet","symbol_text":null,"type_reference":"路邊停車格","type_confidence":0.6,"price_raw":null,"price_value":null,"capacity_total":1,"available_total":0,"occupied_total":1,"status_label":"已停","data_time":"2026-05-02 15:53:29+08:00","city_label":"新北市","facility_kind_label":"路邊車格","available_rate":0,"occupancy_rate":1,"price_tier":"unknown","price_tier_label":"價格未知"}},{"type":"Feature","geometry":{"type":"Point","coordinates":[121.373109,24.931197]},"properties":{"supply_id":"new_taipei-onstreet-57694","city":"new_taipei","district":"三峽區","display_name":"光明路 車格 57694","address":"光明路","facility_kind":"onstreet","symbol_text":null,"type_reference":"路邊停車格","type_confidence":0.6,"price_raw":null,"price_value":null,"capacity_total":1,"available_total":1,"occupied_total":0,"status_label":"空位","data_time":"2026-05-02 15:53:29+08:00","city_label":"新北市","facility_kind_label":"路邊車格","available_rate":1,"occupancy_rate":0,"price_tier":"unknown","price_tier_label":"價格未知"}},{"type":"Feature","geometry":{"type":"Point","coordinates":[121.379215,24.932846]},"properties":{"supply_id":"new_taipei-onstreet-155188","city":"new_taipei","district":"三峽區","display_name":"水防道路 車格 155188","address":"水防道路","facility_kind":"onstreet","symbol_text":null,"type_reference":"路邊停車格","type_confidence":0.6,"price_raw":null,"price_value":null,"capacity_total":1,"available_total":1,"occupied_total":0,"status_label":"空位","data_time":"2026-05-02 15:53:29+08:00","city_label":"新北市","facility_kind_label":"路邊車格","available_rate":1,"occupancy_rate":0,"price_tier":"unknown","price_tier_label":"價格未知"}},{"type":"Feature","geometry":{"type":"Point","coordinates":[121.378878,24.941215]},"properties":{"supply_id":"new_taipei-onstreet-95295","city":"new_taipei","district":"三峽區","display_name":"三樹路 車格 95295","address":"三樹路","facility_kind":"onstreet","symbol_text":null,"type_reference":"路邊停車格","type_confidence":0.6,"price_raw":null,"price_value":null,"capacity_total":1,"available_total":0,"occupied_total":1,"status_label":"已停","data_time":"2026-05-02 15:53:29+08:00","city_label":"新北市","facility_kind_label":"路邊車格","available_rate":0,"occupancy_rate":1,"price_tier":"unknown","price_tier_label":"價格未知"}},{"type":"Feature","geometry":{"type":"Point","coordinates":[121.373046,24.928729]},"properties":{"supply_id":"new_taipei-onstreet-27523","city":"new_taipei","district":"三峽區","display_name":"中正路一段 車格 27523","address":"中正路一段","facility_kind":"onstreet","symbol_text":null,"type_reference":"路邊停車格","type_confidence":0.6,"price_raw":null,"price_value":null,"capacity_total":1,"available_total":0,"occupied_total":1,"status_label":"已停","data_time":"2026-05-02 15:53:29+08:00","city_label":"新北市","facility_kind_label":"路邊車格","available_rate":0,"occupancy_rate":1,"price_tier":"unknown","price_tier_label":"價格未知"}},{"type":"Feature","geometry":{"type":"Point","coordinates":[121.378704,24.940784]},"properties":{"supply_id":"new_taipei-onstreet-78772","city":"new_taipei","district":"三峽區","display_name":"三樹路 車格 78772","address":"三樹路","facility_kind":"onstreet","symbol_text":null,"type_reference":"路邊停車格","type_confidence":0.6,"price_raw":null,"price_value":null,"capacity_total":1,"available_total":0,"occupied_total":1,"status_label":"已停","data_time":"2026-05-02 15:53:29+08:00","city_label":"新北市","facility_kind_label":"路邊車格","available_rate":0,"occupancy_rate":1,"price_tier":"unknown","price_tier_label":"價格未知"}},{"type":"Feature","geometry":{"type":"Point","coordinates":[121.368088,24.930836]},"properties":{"supply_id":"new_taipei-onstreet-57886","city":"new_taipei","district":"三峽區","display_name":"民權街 車格 57886","address":"民權街","facility_kind":"onstreet","symbol_text":null,"type_reference":"路邊停車格","type_confidence":0.6,"price_raw":null,"price_value":null,"capacity_total":1,"available_total":0,"occupied_total":1,"status_label":"已停","data_time":"2026-05-02 15:53:29+08:00","city_label":"新北市","facility_kind_label":"路邊車格","available_rate":0,"occupancy_rate":1,"price_tier":"unknown","price_tier_label":"價格未知"}},{"type":"Feature","geometry":{"type":"Point","coordinates":[121.371289,24.932068]},"properties":{"supply_id":"new_taipei-onstreet-51211","city":"new_taipei","district":"三峽區","display_name":"安溪路 車格 51211","address":"安溪路","facility_kind":"onstreet","symbol_text":null,"type_reference":"路邊停車格","type_confidence":0.6,"price_raw":null,"price_value":null,"capacity_total":1,"available_total":null,"occupied_total":null,"status_label":"不可用","data_time":"2026-05-02 15:53:29+08:00","city_label":"新北市","facility_kind_label":"路邊車格","available_rate":null,"occupancy_rate":null,"price_tier":"unknown","price_tier_label":"價格未知"}},{"type":"Feature","geometry":{"type":"Point","coordinates":[121.36755,24.934651]},"properties":{"supply_id":"new_taipei-onstreet-59727","city":"new_taipei","district":"三峽區","display_name":"中山路67巷公有空地平面停車場 車格 59727","address":"中山路67巷公有空地平面停車場","facility_kind":"onstreet","symbol_text":null,"type_reference":"路邊停車格","type_confidence":0.6,"price_raw":null,"price_value":null,"capacity_total":1,"available_total":0,"occupied_total":1,"status_label":"已停","data_time":"2026-05-02 15:53:29+08:00","city_label":"新北市","facility_kind_label":"路邊車格","available_rate":0,"occupancy_rate":1,"price_tier":"unknown","price_tier_label":"價格未知"}},{"type":"Feature","geometry":{"type":"Point","coordinates":[121.367775,24.932506]},"properties":{"supply_id":"new_taipei-onstreet-112392","city":"new_taipei","district":"三峽區","display_name":"鳶峰路 車格 112392","address":"鳶峰路","facility_kind":"onstreet","symbol_text":null,"type_reference":"路邊停車格","type_confidence":0.6,"price_raw":null,"price_value":null,"capacity_total":1,"available_total":1,"occupied_total":0,"status_label":"空位","data_time":"2026-05-02 15:53:29+08:00","city_label":"新北市","facility_kind_label":"路邊車格","available_rate":1,"occupancy_rate":0,"price_tier":"unknown","price_tier_label":"價格未知"}},{"type":"Feature","geometry":{"type":"Point","coordinates":[121.369164,24.921407]},"properties":{"supply_id":"new_taipei-onstreet-146537","city":"new_taipei","district":"三峽區","display_name":"安溪路 車格 146537","address":"安溪路","facility_kind":"onstreet","symbol_text":null,"type_reference":"路邊停車格","type_confidence":0.6,"price_raw":null,"price_value":null,"capacity_total":1,"available_total":0,"occupied_total":1,"status_label":"已停","data_time":"2026-05-02 15:53:29+08:00","city_label":"新北市","facility_kind_label":"路邊車格","available_rate":0,"occupancy_rate":1,"price_tier":"unknown","price_tier_label":"價格未知"}},{"type":"Feature","geometry":{"type":"Point","coordinates":[121.379087,24.932936]},"properties":{"supply_id":"new_taipei-onstreet-155185","city":"new_taipei","district":"三峽區","display_name":"水防道路 車格 155185","address":"水防道路","facility_kind":"onstreet","symbol_text":null,"type_reference":"路邊停車格","type_confidence":0.6,"price_raw":null,"price_value":null,"capacity_total":1,"available_total":0,"occupied_total":1,"status_label":"已停","data_time":"2026-05-02 15:53:29+08:00","city_label":"新北市","facility_kind_label":"路邊車格","available_rate":0,"occupancy_rate":1,"price_tier":"unknown","price_tier_label":"價格未知"}},{"type":"Feature","geometry":{"type":"Point","coordinates":[121.374648,24.927119]},"properties":{"supply_id":"new_taipei-onstreet-60221","city":"new_taipei","district":"三峽區","display_name":"大同路 車格 60221","address":"大同路","facility_kind":"onstreet","symbol_text":null,"type_reference":"路邊停車格","type_confidence":0.6,"price_raw":null,"price_value":null,"capacity_total":1,"available_total":0,"occupied_total":1,"status_label":"已停","data_time":"2026-05-02 15:53:29+08:00","city_label":"新北市","facility_kind_label":"路邊車格","available_rate":0,"occupancy_rate":1,"price_tier":"unknown","price_tier_label":"價格未知"}},{"type":"Feature","geometry":{"type":"Point","coordinates":[121.3644,24.935568]},"properties":{"supply_id":"new_taipei-onstreet-59800","city":"new_taipei","district":"三峽區","display_name":"文化路 車格 59800","address":"文化路","facility_kind":"onstreet","symbol_text":null,"type_reference":"路邊停車格","type_confidence":0.6,"price_raw":null,"price_value":null,"capacity_total":1,"available_total":1,"occupied_total":0,"status_label":"空位","data_time":"2026-05-02 15:53:29+08:00","city_label":"新北市","facility_kind_label":"路邊車格","available_rate":1,"occupancy_rate":0,"price_tier":"unknown","price_tier_label":"價格未知"}},{"type":"Feature","geometry":{"type":"Point","coordinates":[121.372141,24.927707]},"properties":{"supply_id":"new_taipei-onstreet-59773","city":"new_taipei","district":"三峽區","display_name":"中正路一段 車格 59773","address":"中正路一段","facility_kind":"onstreet","symbol_text":null,"type_reference":"路邊停車格","type_confidence":0.6,"price_raw":null,"price_value":null,"capacity_total":1,"available_total":1,"occupied_total":0,"status_label":"空位","data_time":"2026-05-02 15:53:29+08:00","city_label":"新北市","facility_kind_label":"路邊車格","available_rate":1,"occupancy_rate":0,"price_tier":"unknown","price_tier_label":"價格未知"}},{"type":"Feature","geometry":{"type":"Point","coordinates":[121.360566,24.936902]},"properties":{"supply_id":"new_taipei-onstreet-50663","city":"new_taipei","district":"三峽區","display_name":"大智路 車格 50663","address":"大智路","facility_kind":"onstreet","symbol_text":null,"type_reference":"路邊停車格","type_confidence":0.6,"price_raw":null,"price_value":null,"capacity_total":1,"available_total":1,"occupied_total":0,"status_label":"空位","data_time":"2026-05-02 15:53:29+08:00","city_label":"新北市","facility_kind_label":"路邊車格","available_rate":1,"occupancy_rate":0,"price_tier":"unknown","price_tier_label":"價格未知"}},{"type":"Feature","geometry":{"type":"Point","coordinates":[121.371259,24.931964]},"properties":{"supply_id":"new_taipei-onstreet-51206","city":"new_taipei","district":"三峽區","display_name":"安溪路 車格 51206","address":"安溪路","facility_kind":"onstreet","symbol_text":null,"type_reference":"路邊停車格","type_confidence":0.6,"price_raw":null,"price_value":null,"capacity_total":1,"available_total":0,"occupied_total":1,"status_label":"已停","data_time":"2026-05-02 15:53:29+08:00","city_label":"新北市","facility_kind_label":"路邊車格","available_rate":0,"occupancy_rate":1,"price_tier":"unknown","price_tier_label":"價格未知"}},{"type":"Feature","geometry":{"type":"Point","coordinates":[121.367505,24.934676]},"properties":{"supply_id":"new_taipei-onstreet-59729","city":"new_taipei","district":"三峽區","display_name":"中山路67巷公有空地平面停車場 車格 59729","address":"中山路67巷公有空地平面停車場","facility_kind":"onstreet","symbol_text":null,"type_reference":"路邊停車格","type_confidence":0.6,"price_raw":null,"price_value":null,"capacity_total":1,"available_total":1,"occupied_total":0,"status_label":"空位","data_time":"2026-05-02 15:53:29+08:00","city_label":"新北市","facility_kind_label":"路邊車格","available_rate":1,"occupancy_rate":0,"price_tier":"unknown","price_tier_label":"價格未知"}},{"type":"Feature","geometry":{"type":"Point","coordinates":[121.376106,24.939426]},"properties":{"supply_id":"new_taipei-onstreet-152377","city":"new_taipei","district":"三峽區","display_name":"國慶路 車格 152377","address":"國慶路","facility_kind":"onstreet","symbol_text":null,"type_reference":"路邊停車格","type_confidence":0.6,"price_raw":null,"price_value":null,"capacity_total":1,"available_total":1,"occupied_total":0,"status_label":"空位","data_time":"2026-05-02 15:53:29+08:00","city_label":"新北市","facility_kind_label":"路邊車格","available_rate":1,"occupancy_rate":0,"price_tier":"unknown","price_tier_label":"價格未知"}},{"type":"Feature","geometry":{"type":"Point","coordinates":[121.367629,24.92884]},"properties":{"supply_id":"new_taipei-onstreet-57891","city":"new_taipei","district":"三峽區","display_name":"民權街 車格 57891","address":"民權街","facility_kind":"onstreet","symbol_text":null,"type_reference":"路邊停車格","type_confidence":0.6,"price_raw":null,"price_value":null,"capacity_total":1,"available_total":0,"occupied_total":1,"status_label":"已停","data_time":"2026-05-02 15:53:29+08:00","city_label":"新北市","facility_kind_label":"路邊車格","available_rate":0,"occupancy_rate":1,"price_tier":"unknown","price_tier_label":"價格未知"}},{"type":"Feature","geometry":{"type":"Point","coordinates":[121.360577,24.93701]},"properties":{"supply_id":"new_taipei-onstreet-59690","city":"new_taipei","district":"三峽區","display_name":"大智路 車格 59690","address":"大智路","facility_kind":"onstreet","symbol_text":null,"type_reference":"路邊停車格","type_confidence":0.6,"price_raw":null,"price_value":null,"capacity_total":1,"available_total":1,"occupied_total":0,"status_label":"空位","data_time":"2026-05-02 15:53:29+08:00","city_label":"新北市","facility_kind_label":"路邊車格","available_rate":1,"occupancy_rate":0,"price_tier":"unknown","price_tier_label":"價格未知"}},{"type":"Feature","geometry":{"type":"Point","coordinates":[121.371216,24.931806]},"properties":{"supply_id":"new_taipei-onstreet-51205","city":"new_taipei","district":"三峽區","display_name":"安溪路 車格 51205","address":"安溪路","facility_kind":"onstreet","symbol_text":null,"type_reference":"路邊停車格","type_confidence":0.6,"price_raw":null,"price_value":null,"capacity_total":1,"available_total":0,"occupied_total":1,"status_label":"已停","data_time":"2026-05-02 15:53:29+08:00","city_label":"新北市","facility_kind_label":"路邊車格","available_rate":0,"occupancy_rate":1,"price_tier":"unknown","price_tier_label":"價格未知"}},{"type":"Feature","geometry":{"type":"Point","coordinates":[121.367438,24.934713]},"properties":{"supply_id":"new_taipei-onstreet-59732","city":"new_taipei","district":"三峽區","display_name":"中山路67巷公有空地平面停車場 車格 59732","address":"中山路67巷公有空地平面停車場","facility_kind":"onstreet","symbol_text":null,"type_reference":"路邊停車格","type_confidence":0.6,"price_raw":null,"price_value":null,"capacity_total":1,"available_total":0,"occupied_total":1,"status_label":"已停","data_time":"2026-05-02 15:53:29+08:00","city_label":"新北市","facility_kind_label":"路邊車格","available_rate":0,"occupancy_rate":1,"price_tier":"unknown","price_tier_label":"價格未知"}},{"type":"Feature","geometry":{"type":"Point","coordinates":[121.367631,24.92889]},"properties":{"supply_id":"new_taipei-onstreet-57890","city":"new_taipei","district":"三峽區","display_name":"民權街 車格 57890","address":"民權街","facility_kind":"onstreet","symbol_text":null,"type_reference":"路邊停車格","type_confidence":0.6,"price_raw":null,"price_value":null,"capacity_total":1,"available_total":1,"occupied_total":0,"status_label":"空位","data_time":"2026-05-02 15:53:29+08:00","city_label":"新北市","facility_kind_label":"路邊車格","available_rate":1,"occupancy_rate":0,"price_tier":"unknown","price_tier_label":"價格未知"}},{"type":"Feature","geometry":{"type":"Point","coordinates":[121.375105,24.940336]},"properties":{"supply_id":"new_taipei-onstreet-152388","city":"new_taipei","district":"三峽區","display_name":"國慶路 車格 152388","address":"國慶路","facility_kind":"onstreet","symbol_text":null,"type_reference":"路邊停車格","type_confidence":0.6,"price_raw":null,"price_value":null,"capacity_total":1,"available_total":1,"occupied_total":0,"status_label":"空位","data_time":"2026-05-02 15:53:29+08:00","city_label":"新北市","facility_kind_label":"路邊車格","available_rate":1,"occupancy_rate":0,"price_tier":"unknown","price_tier_label":"價格未知"}},{"type":"Feature","geometry":{"type":"Point","coordinates":[121.36057,24.936956]},"properties":{"supply_id":"new_taipei-onstreet-95271","city":"new_taipei","district":"三峽區","display_name":"大智路 車格 95271","address":"大智路","facility_kind":"onstreet","symbol_text":null,"type_reference":"路邊停車格","type_confidence":0.6,"price_raw":null,"price_value":null,"capacity_total":1,"available_total":1,"occupied_total":0,"status_label":"空位","data_time":"2026-05-02 15:53:29+08:00","city_label":"新北市","facility_kind_label":"路邊車格","available_rate":1,"occupancy_rate":0,"price_tier":"unknown","price_tier_label":"價格未知"}},{"type":"Feature","geometry":{"type":"Point","coordinates":[121.371274,24.932016]},"properties":{"supply_id":"new_taipei-onstreet-52125","city":"new_taipei","district":"三峽區","display_name":"安溪路 車格 52125","address":"安溪路","facility_kind":"onstreet","symbol_text":null,"type_reference":"路邊停車格","type_confidence":0.6,"price_raw":null,"price_value":null,"capacity_total":1,"available_total":0,"occupied_total":1,"status_label":"已停","data_time":"2026-05-02 15:53:29+08:00","city_label":"新北市","facility_kind_label":"路邊車格","available_rate":0,"occupancy_rate":1,"price_tier":"unknown","price_tier_label":"價格未知"}},{"type":"Feature","geometry":{"type":"Point","coordinates":[121.367528,24.934663]},"properties":{"supply_id":"new_taipei-onstreet-59728","city":"new_taipei","district":"三峽區","display_name":"中山路67巷公有空地平面停車場 車格 59728","address":"中山路67巷公有空地平面停車場","facility_kind":"onstreet","symbol_text":null,"type_reference":"路邊停車格","type_confidence":0.6,"price_raw":null,"price_value":null,"capacity_total":1,"available_total":0,"occupied_total":1,"status_label":"已停","data_time":"2026-05-02 15:53:29+08:00","city_label":"新北市","facility_kind_label":"路邊車格","available_rate":0,"occupancy_rate":1,"price_tier":"unknown","price_tier_label":"價格未知"}},{"type":"Feature","geometry":{"type":"Point","coordinates":[121.371393,24.927066]},"properties":{"supply_id":"new_taipei-onstreet-84689","city":"new_taipei","district":"三峽區","display_name":"大同路 車格 84689","address":"大同路","facility_kind":"onstreet","symbol_text":null,"type_reference":"路邊停車格","type_confidence":0.6,"price_raw":null,"price_value":null,"capacity_total":1,"available_total":1,"occupied_total":0,"status_label":"空位","data_time":"2026-05-02 15:53:29+08:00","city_label":"新北市","facility_kind_label":"路邊車格","available_rate":1,"occupancy_rate":0,"price_tier":"unknown","price_tier_label":"價格未知"}},{"type":"Feature","geometry":{"type":"Point","coordinates":[121.37191,24.927236]},"properties":{"supply_id":"new_taipei-onstreet-45977","city":"new_taipei","district":"三峽區","display_name":"中正路一段 車格 45977","address":"中正路一段","facility_kind":"onstreet","symbol_text":null,"type_reference":"路邊停車格","type_confidence":0.6,"price_raw":null,"price_value":null,"capacity_total":1,"available_total":0,"occupied_total":1,"status_label":"已停","data_time":"2026-05-02 15:53:29+08:00","city_label":"新北市","facility_kind_label":"路邊車格","available_rate":0,"occupancy_rate":1,"price_tier":"unknown","price_tier_label":"價格未知"}},{"type":"Feature","geometry":{"type":"Point","coordinates":[121.367718,24.932485]},"properties":{"supply_id":"new_taipei-onstreet-112395","city":"new_taipei","district":"三峽區","display_name":"鳶峰路 車格 112395","address":"鳶峰路","facility_kind":"onstreet","symbol_text":null,"type_reference":"路邊停車格","type_confidence":0.6,"price_raw":null,"price_value":null,"capacity_total":1,"available_total":0,"occupied_total":1,"status_label":"已停","data_time":"2026-05-02 15:53:29+08:00","city_label":"新北市","facility_kind_label":"路邊車格","available_rate":0,"occupancy_rate":1,"price_tier":"unknown","price_tier_label":"價格未知"}},{"type":"Feature","geometry":{"type":"Point","coordinates":[121.367737,24.932492]},"properties":{"supply_id":"new_taipei-onstreet-112394","city":"new_taipei","district":"三峽區","display_name":"鳶峰路 車格 112394","address":"鳶峰路","facility_kind":"onstreet","symbol_text":null,"type_reference":"路邊停車格","type_confidence":0.6,"price_raw":null,"price_value":null,"capacity_total":1,"available_total":0,"occupied_total":1,"status_label":"已停","data_time":"2026-05-02 15:53:29+08:00","city_label":"新北市","facility_kind_label":"路邊車格","available_rate":0,"occupancy_rate":1,"price_tier":"unknown","price_tier_label":"價格未知"}},{"type":"Feature","geometry":{"type":"Point","coordinates":[121.378826,24.941104]},"properties":{"supply_id":"new_taipei-onstreet-95286","city":"new_taipei","district":"三峽區","display_name":"三樹路 車格 95286","address":"三樹路","facility_kind":"onstreet","symbol_text":null,"type_reference":"路邊停車格","type_confidence":0.6,"price_raw":null,"price_value":null,"capacity_total":1,"available_total":1,"occupied_total":0,"status_label":"空位","data_time":"2026-05-02 15:53:29+08:00","city_label":"新北市","facility_kind_label":"路邊車格","available_rate":1,"occupancy_rate":0,"price_tier":"unknown","price_tier_label":"價格未知"}},{"type":"Feature","geometry":{"type":"Point","coordinates":[121.374698,24.927147]},"properties":{"supply_id":"new_taipei-onstreet-89218","city":"new_taipei","district":"三峽區","display_name":"大同路 車格 89218","address":"大同路","facility_kind":"onstreet","symbol_text":null,"type_reference":"路邊停車格","type_confidence":0.6,"price_raw":null,"price_value":null,"capacity_total":1,"available_total":0,"occupied_total":1,"status_label":"已停","data_time":"2026-05-02 15:53:29+08:00","city_label":"新北市","facility_kind_label":"路邊車格","available_rate":0,"occupancy_rate":1,"price_tier":"unknown","price_tier_label":"價格未知"}},{"type":"Feature","geometry":{"type":"Point","coordinates":[121.368036,24.930695]},"properties":{"supply_id":"new_taipei-onstreet-57889","city":"new_taipei","district":"三峽區","display_name":"民權街 車格 57889","address":"民權街","facility_kind":"onstreet","symbol_text":null,"type_reference":"路邊停車格","type_confidence":0.6,"price_raw":null,"price_value":null,"capacity_total":1,"available_total":0,"occupied_total":1,"status_label":"已停","data_time":"2026-05-02 15:53:29+08:00","city_label":"新北市","facility_kind_label":"路邊車格","available_rate":0,"occupancy_rate":1,"price_tier":"unknown","price_tier_label":"價格未知"}},{"type":"Feature","geometry":{"type":"Point","coordinates":[121.37152,24.927049]},"properties":{"supply_id":"new_taipei-onstreet-47296","city":"new_taipei","district":"三峽區","display_name":"大同路 車格 47296","address":"大同路","facility_kind":"onstreet","symbol_text":null,"type_reference":"路邊停車格","type_confidence":0.6,"price_raw":null,"price_value":null,"capacity_total":1,"available_total":1,"occupied_total":0,"status_label":"空位","data_time":"2026-05-02 15:53:29+08:00","city_label":"新北市","facility_kind_label":"路邊車格","available_rate":1,"occupancy_rate":0,"price_tier":"unknown","price_tier_label":"價格未知"}},{"type":"Feature","geometry":{"type":"Point","coordinates":[121.364291,24.935564]},"properties":{"supply_id":"new_taipei-onstreet-59789","city":"new_taipei","district":"三峽區","display_name":"文化路 車格 59789","address":"文化路","facility_kind":"onstreet","symbol_text":null,"type_reference":"路邊停車格","type_confidence":0.6,"price_raw":null,"price_value":null,"capacity_total":1,"available_total":0,"occupied_total":1,"status_label":"已停","data_time":"2026-05-02 15:53:29+08:00","city_label":"新北市","facility_kind_label":"路邊車格","available_rate":0,"occupancy_rate":1,"price_tier":"unknown","price_tier_label":"價格未知"}},{"type":"Feature","geometry":{"type":"Point","coordinates":[121.379262,24.93282]},"properties":{"supply_id":"new_taipei-onstreet-155199","city":"new_taipei","district":"三峽區","display_name":"水防道路 車格 155199","address":"水防道路","facility_kind":"onstreet","symbol_text":null,"type_reference":"路邊停車格","type_confidence":0.6,"price_raw":null,"price_value":null,"capacity_total":1,"available_total":0,"occupied_total":1,"status_label":"已停","data_time":"2026-05-02 15:53:29+08:00","city_label":"新北市","facility_kind_label":"路邊車格","available_rate":0,"occupancy_rate":1,"price_tier":"unknown","price_tier_label":"價格未知"}},{"type":"Feature","geometry":{"type":"Point","coordinates":[121.375145,24.940303]},"properties":{"supply_id":"new_taipei-onstreet-152387","city":"new_taipei","district":"三峽區","display_name":"國慶路 車格 152387","address":"國慶路","facility_kind":"onstreet","symbol_text":null,"type_reference":"路邊停車格","type_confidence":0.6,"price_raw":null,"price_value":null,"capacity_total":1,"available_total":0,"occupied_total":1,"status_label":"已停","data_time":"2026-05-02 15:53:29+08:00","city_label":"新北市","facility_kind_label":"路邊車格","available_rate":0,"occupancy_rate":1,"price_tier":"unknown","price_tier_label":"價格未知"}},{"type":"Feature","geometry":{"type":"Point","coordinates":[121.367627,24.928791]},"properties":{"supply_id":"new_taipei-onstreet-57892","city":"new_taipei","district":"三峽區","display_name":"民權街 車格 57892","address":"民權街","facility_kind":"onstreet","symbol_text":null,"type_reference":"路邊停車格","type_confidence":0.6,"price_raw":null,"price_value":null,"capacity_total":1,"available_total":1,"occupied_total":0,"status_label":"空位","data_time":"2026-05-02 15:53:29+08:00","city_label":"新北市","facility_kind_label":"路邊車格","available_rate":1,"occupancy_rate":0,"price_tier":"unknown","price_tier_label":"價格未知"}},{"type":"Feature","geometry":{"type":"Point","coordinates":[121.371193,24.9317]},"properties":{"supply_id":"new_taipei-onstreet-51220","city":"new_taipei","district":"三峽區","display_name":"安溪路 車格 51220","address":"安溪路","facility_kind":"onstreet","symbol_text":null,"type_reference":"路邊停車格","type_confidence":0.6,"price_raw":null,"price_value":null,"capacity_total":1,"available_total":0,"occupied_total":1,"status_label":"已停","data_time":"2026-05-02 15:53:29+08:00","city_label":"新北市","facility_kind_label":"路邊車格","available_rate":0,"occupancy_rate":1,"price_tier":"unknown","price_tier_label":"價格未知"}},{"type":"Feature","geometry":{"type":"Point","coordinates":[121.367562,24.934601]},"properties":{"supply_id":"new_taipei-onstreet-59733","city":"new_taipei","district":"三峽區","display_name":"中山路67巷公有空地平面停車場 車格 59733","address":"中山路67巷公有空地平面停車場","facility_kind":"onstreet","symbol_text":null,"type_reference":"路邊停車格","type_confidence":0.6,"price_raw":null,"price_value":null,"capacity_total":1,"available_total":0,"occupied_total":1,"status_label":"已停","data_time":"2026-05-02 15:53:29+08:00","city_label":"新北市","facility_kind_label":"路邊車格","available_rate":0,"occupancy_rate":1,"price_tier":"unknown","price_tier_label":"價格未知"}},{"type":"Feature","geometry":{"type":"Point","coordinates":[121.371446,24.926936]},"properties":{"supply_id":"new_taipei-onstreet-59700","city":"new_taipei","district":"三峽區","display_name":"大同路 車格 59700","address":"大同路","facility_kind":"onstreet","symbol_text":null,"type_reference":"路邊停車格","type_confidence":0.6,"price_raw":null,"price_value":null,"capacity_total":1,"available_total":1,"occupied_total":0,"status_label":"空位","data_time":"2026-05-02 15:53:29+08:00","city_label":"新北市","facility_kind_label":"路邊車格","available_rate":1,"occupancy_rate":0,"price_tier":"unknown","price_tier_label":"價格未知"}},{"type":"Feature","geometry":{"type":"Point","coordinates":[121.363939,24.935575]},"properties":{"supply_id":"new_taipei-onstreet-84210","city":"new_taipei","district":"三峽區","display_name":"中山路107巷 車格 84210","address":"中山路107巷","facility_kind":"onstreet","symbol_text":null,"type_reference":"路邊停車格","type_confidence":0.6,"price_raw":null,"price_value":null,"capacity_total":1,"available_total":0,"occupied_total":1,"status_label":"已停","data_time":"2026-05-02 15:53:29+08:00","city_label":"新北市","facility_kind_label":"路邊車格","available_rate":0,"occupancy_rate":1,"price_tier":"unknown","price_tier_label":"價格未知"}},{"type":"Feature","geometry":{"type":"Point","coordinates":[121.375185,24.940269]},"properties":{"supply_id":"new_taipei-onstreet-152386","city":"new_taipei","district":"三峽區","display_name":"國慶路 車格 152386","address":"國慶路","facility_kind":"onstreet","symbol_text":null,"type_reference":"路邊停車格","type_confidence":0.6,"price_raw":null,"price_value":null,"capacity_total":1,"available_total":0,"occupied_total":1,"status_label":"已停","data_time":"2026-05-02 15:53:29+08:00","city_label":"新北市","facility_kind_label":"路邊車格","available_rate":0,"occupancy_rate":1,"price_tier":"unknown","price_tier_label":"價格未知"}},{"type":"Feature","geometry":{"type":"Point","coordinates":[121.372298,24.94672]},"properties":{"supply_id":"new_taipei-onstreet-59720","city":"new_taipei","district":"三峽區","display_name":"大學路 車格 59720","address":"大學路","facility_kind":"onstreet","symbol_text":null,"type_reference":"路邊停車格","type_confidence":0.6,"price_raw":null,"price_value":null,"capacity_total":1,"available_total":1,"occupied_total":0,"status_label":"空位","data_time":"2026-05-02 15:53:29+08:00","city_label":"新北市","facility_kind_label":"路邊車格","available_rate":1,"occupancy_rate":0,"price_tier":"unknown","price_tier_label":"價格未知"}},{"type":"Feature","geometry":{"type":"Point","coordinates":[121.369138,24.92154]},"properties":{"supply_id":"new_taipei-onstreet-146538","city":"new_taipei","district":"三峽區","display_name":"安溪路 車格 146538","address":"安溪路","facility_kind":"onstreet","symbol_text":null,"type_reference":"路邊停車格","type_confidence":0.6,"price_raw":null,"price_value":null,"capacity_total":1,"available_total":0,"occupied_total":1,"status_label":"已停","data_time":"2026-05-02 15:53:29+08:00","city_label":"新北市","facility_kind_label":"路邊車格","available_rate":0,"occupancy_rate":1,"price_tier":"unknown","price_tier_label":"價格未知"}},{"type":"Feature","geometry":{"type":"Point","coordinates":[121.379307,24.932793]},"properties":{"supply_id":"new_taipei-onstreet-155200","city":"new_taipei","district":"三峽區","display_name":"水防道路 車格 155200","address":"水防道路","facility_kind":"onstreet","symbol_text":null,"type_reference":"路邊停車格","type_confidence":0.6,"price_raw":null,"price_value":null,"capacity_total":1,"available_total":1,"occupied_total":0,"status_label":"空位","data_time":"2026-05-02 15:53:29+08:00","city_label":"新北市","facility_kind_label":"路邊車格","available_rate":1,"occupancy_rate":0,"price_tier":"unknown","price_tier_label":"價格未知"}},{"type":"Feature","geometry":{"type":"Point","coordinates":[121.371229,24.931859]},"properties":{"supply_id":"new_taipei-onstreet-51212","city":"new_taipei","district":"三峽區","display_name":"安溪路 車格 51212","address":"安溪路","facility_kind":"onstreet","symbol_text":null,"type_reference":"路邊停車格","type_confidence":0.6,"price_raw":null,"price_value":null,"capacity_total":1,"available_total":1,"occupied_total":0,"status_label":"空位","data_time":"2026-05-02 15:53:29+08:00","city_label":"新北市","facility_kind_label":"路邊車格","available_rate":1,"occupancy_rate":0,"price_tier":"unknown","price_tier_label":"價格未知"}},{"type":"Feature","geometry":{"type":"Point","coordinates":[121.36746,24.9347]},"properties":{"supply_id":"new_taipei-onstreet-59731","city":"new_taipei","district":"三峽區","display_name":"中山路67巷公有空地平面停車場 車格 59731","address":"中山路67巷公有空地平面停車場","facility_kind":"onstreet","symbol_text":null,"type_reference":"路邊停車格","type_confidence":0.6,"price_raw":null,"price_value":null,"capacity_total":1,"available_total":1,"occupied_total":0,"status_label":"空位","data_time":"2026-05-02 15:53:29+08:00","city_label":"新北市","facility_kind_label":"路邊車格","available_rate":1,"occupancy_rate":0,"price_tier":"unknown","price_tier_label":"價格未知"}},{"type":"Feature","geometry":{"type":"Point","coordinates":[121.36383,24.935589]},"properties":{"supply_id":"new_taipei-onstreet-84208","city":"new_taipei","district":"三峽區","display_name":"文化路 車格 84208","address":"文化路","facility_kind":"onstreet","symbol_text":null,"type_reference":"路邊停車格","type_confidence":0.6,"price_raw":null,"price_value":null,"capacity_total":1,"available_total":0,"occupied_total":1,"status_label":"已停","data_time":"2026-05-02 15:53:29+08:00","city_label":"新北市","facility_kind_label":"路邊車格","available_rate":0,"occupancy_rate":1,"price_tier":"unknown","price_tier_label":"價格未知"}},{"type":"Feature","geometry":{"type":"Point","coordinates":[121.364345,24.935565]},"properties":{"supply_id":"new_taipei-onstreet-59790","city":"new_taipei","district":"三峽區","display_name":"文化路 車格 59790","address":"文化路","facility_kind":"onstreet","symbol_text":null,"type_reference":"路邊停車格","type_confidence":0.6,"price_raw":null,"price_value":null,"capacity_total":1,"available_total":1,"occupied_total":0,"status_label":"空位","data_time":"2026-05-02 15:53:29+08:00","city_label":"新北市","facility_kind_label":"路邊車格","available_rate":1,"occupancy_rate":0,"price_tier":"unknown","price_tier_label":"價格未知"}},{"type":"Feature","geometry":{"type":"Point","coordinates":[121.372022,24.927487]},"properties":{"supply_id":"new_taipei-onstreet-45975","city":"new_taipei","district":"三峽區","display_name":"中正路一段 車格 45975","address":"中正路一段","facility_kind":"onstreet","symbol_text":null,"type_reference":"路邊停車格","type_confidence":0.6,"price_raw":null,"price_value":null,"capacity_total":1,"available_total":1,"occupied_total":0,"status_label":"空位","data_time":"2026-05-02 15:53:29+08:00","city_label":"新北市","facility_kind_label":"路邊車格","available_rate":1,"occupancy_rate":0,"price_tier":"unknown","price_tier_label":"價格未知"}},{"type":"Feature","geometry":{"type":"Point","coordinates":[121.367699,24.932477]},"properties":{"supply_id":"new_taipei-onstreet-112396","city":"new_taipei","district":"三峽區","display_name":"鳶峰路 車格 112396","address":"鳶峰路","facility_kind":"onstreet","symbol_text":null,"type_reference":"路邊停車格","type_confidence":0.6,"price_raw":null,"price_value":null,"capacity_total":1,"available_total":0,"occupied_total":1,"status_label":"已停","data_time":"2026-05-02 15:53:29+08:00","city_label":"新北市","facility_kind_label":"路邊車格","available_rate":0,"occupancy_rate":1,"price_tier":"unknown","price_tier_label":"價格未知"}},{"type":"Feature","geometry":{"type":"Point","coordinates":[121.380115,24.943542]},"properties":{"supply_id":"new_taipei-onstreet-81661","city":"new_taipei","district":"三峽區","display_name":"三樹路 車格 81661","address":"三樹路","facility_kind":"onstreet","symbol_text":null,"type_reference":"路邊停車格","type_confidence":0.6,"price_raw":null,"price_value":null,"capacity_total":1,"available_total":0,"occupied_total":1,"status_label":"已停","data_time":"2026-05-02 15:53:29+08:00","city_label":"新北市","facility_kind_label":"路邊車格","available_rate":0,"occupancy_rate":1,"price_tier":"unknown","price_tier_label":"價格未知"}},{"type":"Feature","geometry":{"type":"Point","coordinates":[121.371526,24.926927]},"properties":{"supply_id":"new_taipei-onstreet-95325","city":"new_taipei","district":"三峽區","display_name":"大同路 車格 95325","address":"大同路","facility_kind":"onstreet","symbol_text":null,"type_reference":"路邊停車格","type_confidence":0.6,"price_raw":null,"price_value":null,"capacity_total":1,"available_total":1,"occupied_total":0,"status_label":"空位","data_time":"2026-05-02 15:53:29+08:00","city_label":"新北市","facility_kind_label":"路邊車格","available_rate":1,"occupancy_rate":0,"price_tier":"unknown","price_tier_label":"價格未知"}},{"type":"Feature","geometry":{"type":"Point","coordinates":[121.367628,24.928692]},"properties":{"supply_id":"new_taipei-onstreet-57895","city":"new_taipei","district":"三峽區","display_name":"民權街 車格 57895","address":"民權街","facility_kind":"onstreet","symbol_text":null,"type_reference":"路邊停車格","type_confidence":0.6,"price_raw":null,"price_value":null,"capacity_total":1,"available_total":1,"occupied_total":0,"status_label":"空位","data_time":"2026-05-02 15:53:29+08:00","city_label":"新北市","facility_kind_label":"路邊車格","available_rate":1,"occupancy_rate":0,"price_tier":"unknown","price_tier_label":"價格未知"}},{"type":"Feature","geometry":{"type":"Point","coordinates":[121.371871,24.927143]},"properties":{"supply_id":"new_taipei-onstreet-45971","city":"new_taipei","district":"三峽區","display_name":"中正路一段 車格 45971","address":"中正路一段","facility_kind":"onstreet","symbol_text":null,"type_reference":"路邊停車格","type_confidence":0.6,"price_raw":null,"price_value":null,"capacity_total":1,"available_total":1,"occupied_total":0,"status_label":"空位","data_time":"2026-05-02 15:53:29+08:00","city_label":"新北市","facility_kind_label":"路邊車格","available_rate":1,"occupancy_rate":0,"price_tier":"unknown","price_tier_label":"價格未知"}},{"type":"Feature","geometry":{"type":"Point","coordinates":[121.369153,24.921738]},"properties":{"supply_id":"new_taipei-onstreet-146543","city":"new_taipei","district":"三峽區","display_name":"安溪路 車格 146543","address":"安溪路","facility_kind":"onstreet","symbol_text":null,"type_reference":"路邊停車格","type_confidence":0.6,"price_raw":null,"price_value":null,"capacity_total":1,"available_total":1,"occupied_total":0,"status_label":"空位","data_time":"2026-05-02 15:53:29+08:00","city_label":"新北市","facility_kind_label":"路邊車格","available_rate":1,"occupancy_rate":0,"price_tier":"unknown","price_tier_label":"價格未知"}},{"type":"Feature","geometry":{"type":"Point","coordinates":[121.379631,24.932606]},"properties":{"supply_id":"new_taipei-onstreet-155204","city":"new_taipei","district":"三峽區","display_name":"水防道路 車格 155204","address":"水防道路","facility_kind":"onstreet","symbol_text":null,"type_reference":"路邊停車格","type_confidence":0.6,"price_raw":null,"price_value":null,"capacity_total":1,"available_total":1,"occupied_total":0,"status_label":"空位","data_time":"2026-05-02 15:53:29+08:00","city_label":"新北市","facility_kind_label":"路邊車格","available_rate":1,"occupancy_rate":0,"price_tier":"unknown","price_tier_label":"價格未知"}},{"type":"Feature","geometry":{"type":"Point","coordinates":[121.374126,24.930466]},"properties":{"supply_id":"new_taipei-onstreet-90091","city":"new_taipei","district":"三峽區","display_name":"愛國路 車格 90091","address":"愛國路","facility_kind":"onstreet","symbol_text":null,"type_reference":"路邊停車格","type_confidence":0.6,"price_raw":null,"price_value":null,"capacity_total":1,"available_total":1,"occupied_total":0,"status_label":"空位","data_time":"2026-05-02 15:53:29+08:00","city_label":"新北市","facility_kind_label":"路邊車格","available_rate":1,"occupancy_rate":0,"price_tier":"unknown","price_tier_label":"價格未知"}},{"type":"Feature","geometry":{"type":"Point","coordinates":[121.369142,24.92159]},"properties":{"supply_id":"new_taipei-onstreet-146540","city":"new_taipei","district":"三峽區","display_name":"安溪路 車格 146540","address":"安溪路","facility_kind":"onstreet","symbol_text":null,"type_reference":"路邊停車格","type_confidence":0.6,"price_raw":null,"price_value":null,"capacity_total":1,"available_total":1,"occupied_total":0,"status_label":"空位","data_time":"2026-05-02 15:53:29+08:00","city_label":"新北市","facility_kind_label":"路邊車格","available_rate":1,"occupancy_rate":0,"price_tier":"unknown","price_tier_label":"價格未知"}},{"type":"Feature","geometry":{"type":"Point","coordinates":[121.379354,24.932765]},"properties":{"supply_id":"new_taipei-onstreet-155201","city":"new_taipei","district":"三峽區","display_name":"水防道路 車格 155201","address":"水防道路","facility_kind":"onstreet","symbol_text":null,"type_reference":"路邊停車格","type_confidence":0.6,"price_raw":null,"price_value":null,"capacity_total":1,"available_total":1,"occupied_total":0,"status_label":"空位","data_time":"2026-05-02 15:53:29+08:00","city_label":"新北市","facility_kind_label":"路邊車格","available_rate":1,"occupancy_rate":0,"price_tier":"unknown","price_tier_label":"價格未知"}},{"type":"Feature","geometry":{"type":"Point","coordinates":[121.371164,24.93154]},"properties":{"supply_id":"new_taipei-onstreet-84206","city":"new_taipei","district":"三峽區","display_name":"安溪路 車格 84206","address":"安溪路","facility_kind":"onstreet","symbol_text":null,"type_reference":"路邊停車格","type_confidence":0.6,"price_raw":null,"price_value":null,"capacity_total":1,"available_total":0,"occupied_total":1,"status_label":"已停","data_time":"2026-05-02 15:53:29+08:00","city_label":"新北市","facility_kind_label":"路邊車格","available_rate":0,"occupancy_rate":1,"price_tier":"unknown","price_tier_label":"價格未知"}},{"type":"Feature","geometry":{"type":"Point","coordinates":[121.367423,24.934678]},"properties":{"supply_id":"new_taipei-onstreet-59740","city":"new_taipei","district":"三峽區","display_name":"中山路67巷公有空地平面停車場 車格 59740","address":"中山路67巷公有空地平面停車場","facility_kind":"onstreet","symbol_text":null,"type_reference":"路邊停車格","type_confidence":0.6,"price_raw":null,"price_value":null,"capacity_total":1,"available_total":1,"occupied_total":0,"status_label":"空位","data_time":"2026-05-02 15:53:29+08:00","city_label":"新北市","facility_kind_label":"路邊車格","available_rate":1,"occupancy_rate":0,"price_tier":"unknown","price_tier_label":"價格未知"}},{"type":"Feature","geometry":{"type":"Point","coordinates":[121.374151,24.930626]},"properties":{"supply_id":"new_taipei-onstreet-57864","city":"new_taipei","district":"三峽區","display_name":"愛國路 車格 57864","address":"愛國路","facility_kind":"onstreet","symbol_text":null,"type_reference":"路邊停車格","type_confidence":0.6,"price_raw":null,"price_value":null,"capacity_total":1,"available_total":1,"occupied_total":0,"status_label":"空位","data_time":"2026-05-02 15:53:29+08:00","city_label":"新北市","facility_kind_label":"路邊車格","available_rate":1,"occupancy_rate":0,"price_tier":"unknown","price_tier_label":"價格未知"}},{"type":"Feature","geometry":{"type":"Point","coordinates":[121.363993,24.935569]},"properties":{"supply_id":"new_taipei-onstreet-72012","city":"new_taipei","district":"三峽區","display_name":"中山路107巷 車格 72012","address":"中山路107巷","facility_kind":"onstreet","symbol_text":null,"type_reference":"路邊停車格","type_confidence":0.6,"price_raw":null,"price_value":null,"capacity_total":1,"available_total":0,"occupied_total":1,"status_label":"已停","data_time":"2026-05-02 15:53:29+08:00","city_label":"新北市","facility_kind_label":"路邊車格","available_rate":0,"occupancy_rate":1,"price_tier":"unknown","price_tier_label":"價格未知"}},{"type":"Feature","geometry":{"type":"Point","coordinates":[121.374108,24.930596]},"properties":{"supply_id":"new_taipei-onstreet-147557","city":"new_taipei","district":"三峽區","display_name":"愛國路 車格 147557","address":"愛國路","facility_kind":"onstreet","symbol_text":null,"type_reference":"路邊停車格","type_confidence":0.6,"price_raw":null,"price_value":null,"capacity_total":1,"available_total":1,"occupied_total":0,"status_label":"空位","data_time":"2026-05-02 15:53:29+08:00","city_label":"新北市","facility_kind_label":"路邊車格","available_rate":1,"occupancy_rate":0,"price_tier":"unknown","price_tier_label":"價格未知"}},{"type":"Feature","geometry":{"type":"Point","coordinates":[121.372361,24.946639]},"properties":{"supply_id":"new_taipei-onstreet-90317","city":"new_taipei","district":"三峽區","display_name":"大學路 車格 90317","address":"大學路","facility_kind":"onstreet","symbol_text":null,"type_reference":"路邊停車格","type_confidence":0.6,"price_raw":null,"price_value":null,"capacity_total":1,"available_total":0,"occupied_total":1,"status_label":"已停","data_time":"2026-05-02 15:53:29+08:00","city_label":"新北市","facility_kind_label":"路邊車格","available_rate":0,"occupancy_rate":1,"price_tier":"unknown","price_tier_label":"價格未知"}},{"type":"Feature","geometry":{"type":"Point","coordinates":[121.374171,24.930499]},"properties":{"supply_id":"new_taipei-onstreet-90092","city":"new_taipei","district":"三峽區","display_name":"愛國路 車格 90092","address":"愛國路","facility_kind":"onstreet","symbol_text":null,"type_reference":"路邊停車格","type_confidence":0.6,"price_raw":null,"price_value":null,"capacity_total":1,"available_total":1,"occupied_total":0,"status_label":"空位","data_time":"2026-05-02 15:53:29+08:00","city_label":"新北市","facility_kind_label":"路邊車格","available_rate":1,"occupancy_rate":0,"price_tier":"unknown","price_tier_label":"價格未知"}},{"type":"Feature","geometry":{"type":"Point","coordinates":[121.371712,24.926662]},"properties":{"supply_id":"new_taipei-onstreet-45978","city":"new_taipei","district":"三峽區","display_name":"中正路一段 車格 45978","address":"中正路一段","facility_kind":"onstreet","symbol_text":null,"type_reference":"路邊停車格","type_confidence":0.6,"price_raw":null,"price_value":null,"capacity_total":1,"available_total":0,"occupied_total":1,"status_label":"已停","data_time":"2026-05-02 15:53:29+08:00","city_label":"新北市","facility_kind_label":"路邊車格","available_rate":0,"occupancy_rate":1,"price_tier":"unknown","price_tier_label":"價格未知"}},{"type":"Feature","geometry":{"type":"Point","coordinates":[121.369156,24.921788]},"properties":{"supply_id":"new_taipei-onstreet-146544","city":"new_taipei","district":"三峽區","display_name":"安溪路 車格 146544","address":"安溪路","facility_kind":"onstreet","symbol_text":null,"type_reference":"路邊停車格","type_confidence":0.6,"price_raw":null,"price_value":null,"capacity_total":1,"available_total":0,"occupied_total":1,"status_label":"已停","data_time":"2026-05-02 15:53:29+08:00","city_label":"新北市","facility_kind_label":"路邊車格","available_rate":0,"occupancy_rate":1,"price_tier":"unknown","price_tier_label":"價格未知"}},{"type":"Feature","geometry":{"type":"Point","coordinates":[121.379677,24.932579]},"properties":{"supply_id":"new_taipei-onstreet-155206","city":"new_taipei","district":"三峽區","display_name":"水防道路 車格 155206","address":"水防道路","facility_kind":"onstreet","symbol_text":null,"type_reference":"路邊停車格","type_confidence":0.6,"price_raw":null,"price_value":null,"capacity_total":1,"available_total":0,"occupied_total":1,"status_label":"已停","data_time":"2026-05-02 15:53:29+08:00","city_label":"新北市","facility_kind_label":"路邊車格","available_rate":0,"occupancy_rate":1,"price_tier":"unknown","price_tier_label":"價格未知"}},{"type":"Feature","geometry":{"type":"Point","coordinates":[121.372049,24.927543]},"properties":{"supply_id":"new_taipei-onstreet-45974","city":"new_taipei","district":"三峽區","display_name":"中正路一段 車格 45974","address":"中正路一段","facility_kind":"onstreet","symbol_text":null,"type_reference":"路邊停車格","type_confidence":0.6,"price_raw":null,"price_value":null,"capacity_total":1,"available_total":1,"occupied_total":0,"status_label":"空位","data_time":"2026-05-02 15:53:29+08:00","city_label":"新北市","facility_kind_label":"路邊車格","available_rate":1,"occupancy_rate":0,"price_tier":"unknown","price_tier_label":"價格未知"}},{"type":"Feature","geometry":{"type":"Point","coordinates":[121.372267,24.946761]},"properties":{"supply_id":"new_taipei-onstreet-85241","city":"new_taipei","district":"三峽區","display_name":"大學路 車格 85241","address":"大學路","facility_kind":"onstreet","symbol_text":null,"type_reference":"路邊停車格","type_confidence":0.6,"price_raw":null,"price_value":null,"capacity_total":1,"available_total":1,"occupied_total":0,"status_label":"空位","data_time":"2026-05-02 15:53:29+08:00","city_label":"新北市","facility_kind_label":"路邊車格","available_rate":1,"occupancy_rate":0,"price_tier":"unknown","price_tier_label":"價格未知"}},{"type":"Feature","geometry":{"type":"Point","coordinates":[121.371204,24.931753]},"properties":{"supply_id":"new_taipei-onstreet-84205","city":"new_taipei","district":"三峽區","display_name":"安溪路 車格 84205","address":"安溪路","facility_kind":"onstreet","symbol_text":null,"type_reference":"路邊停車格","type_confidence":0.6,"price_raw":null,"price_value":null,"capacity_total":1,"available_total":0,"occupied_total":1,"status_label":"已停","data_time":"2026-05-02 15:53:29+08:00","city_label":"新北市","facility_kind_label":"路邊車格","available_rate":0,"occupancy_rate":1,"price_tier":"unknown","price_tier_label":"價格未知"}},{"type":"Feature","geometry":{"type":"Point","coordinates":[121.367415,24.934725]},"properties":{"supply_id":"new_taipei-onstreet-92593","city":"new_taipei","district":"三峽區","display_name":"中山路67巷公有空地平面停車場 車格 92593","address":"中山路67巷公有空地平面停車場","facility_kind":"onstreet","symbol_text":null,"type_reference":"路邊停車格","type_confidence":0.6,"price_raw":null,"price_value":null,"capacity_total":1,"available_total":1,"occupied_total":0,"status_label":"空位","data_time":"2026-05-02 15:53:29+08:00","city_label":"新北市","facility_kind_label":"路邊車格","available_rate":1,"occupancy_rate":0,"price_tier":"unknown","price_tier_label":"價格未知"}},{"type":"Feature","geometry":{"type":"Point","coordinates":[121.360538,24.937363]},"properties":{"supply_id":"new_taipei-onstreet-95273","city":"new_taipei","district":"三峽區","display_name":"大智路 車格 95273","address":"大智路","facility_kind":"onstreet","symbol_text":null,"type_reference":"路邊停車格","type_confidence":0.6,"price_raw":null,"price_value":null,"capacity_total":1,"available_total":1,"occupied_total":0,"status_label":"空位","data_time":"2026-05-02 15:53:29+08:00","city_label":"新北市","facility_kind_label":"路邊車格","available_rate":1,"occupancy_rate":0,"price_tier":"unknown","price_tier_label":"價格未知"}},{"type":"Feature","geometry":{"type":"Point","coordinates":[121.369146,24.921639]},"properties":{"supply_id":"new_taipei-onstreet-146541","city":"new_taipei","district":"三峽區","display_name":"安溪路 車格 146541","address":"安溪路","facility_kind":"onstreet","symbol_text":null,"type_reference":"路邊停車格","type_confidence":0.6,"price_raw":null,"price_value":null,"capacity_total":1,"available_total":1,"occupied_total":0,"status_label":"空位","data_time":"2026-05-02 15:53:29+08:00","city_label":"新北市","facility_kind_label":"路邊車格","available_rate":1,"occupancy_rate":0,"price_tier":"unknown","price_tier_label":"價格未知"}},{"type":"Feature","geometry":{"type":"Point","coordinates":[121.3794,24.932739]},"properties":{"supply_id":"new_taipei-onstreet-155202","city":"new_taipei","district":"三峽區","display_name":"水防道路 車格 155202","address":"水防道路","facility_kind":"onstreet","symbol_text":null,"type_reference":"路邊停車格","type_confidence":0.6,"price_raw":null,"price_value":null,"capacity_total":1,"available_total":1,"occupied_total":0,"status_label":"空位","data_time":"2026-05-02 15:53:29+08:00","city_label":"新北市","facility_kind_label":"路邊車格","available_rate":1,"occupancy_rate":0,"price_tier":"unknown","price_tier_label":"價格未知"}},{"type":"Feature","geometry":{"type":"Point","coordinates":[121.374053,24.930557]},"properties":{"supply_id":"new_taipei-onstreet-147556","city":"new_taipei","district":"三峽區","display_name":"愛國路 車格 147556","address":"愛國路","facility_kind":"onstreet","symbol_text":null,"type_reference":"路邊停車格","type_confidence":0.6,"price_raw":null,"price_value":null,"capacity_total":1,"available_total":1,"occupied_total":0,"status_label":"空位","data_time":"2026-05-02 15:53:29+08:00","city_label":"新北市","facility_kind_label":"路邊車格","available_rate":1,"occupancy_rate":0,"price_tier":"unknown","price_tier_label":"價格未知"}},{"type":"Feature","geometry":{"type":"Point","coordinates":[121.371891,24.92719]},"properties":{"supply_id":"new_taipei-onstreet-45970","city":"new_taipei","district":"三峽區","display_name":"中正路一段 車格 45970","address":"中正路一段","facility_kind":"onstreet","symbol_text":null,"type_reference":"路邊停車格","type_confidence":0.6,"price_raw":null,"price_value":null,"capacity_total":1,"available_total":0,"occupied_total":1,"status_label":"已停","data_time":"2026-05-02 15:53:29+08:00","city_label":"新北市","facility_kind_label":"路邊車格","available_rate":0,"occupancy_rate":1,"price_tier":"unknown","price_tier_label":"價格未知"}},{"type":"Feature","geometry":{"type":"Point","coordinates":[121.379089,24.941668]},"properties":{"supply_id":"new_taipei-onstreet-59673","city":"new_taipei","district":"三峽區","display_name":"三樹路 車格 59673","address":"三樹路","facility_kind":"onstreet","symbol_text":null,"type_reference":"路邊停車格","type_confidence":0.6,"price_raw":null,"price_value":null,"capacity_total":1,"available_total":1,"occupied_total":0,"status_label":"空位","data_time":"2026-05-02 15:53:29+08:00","city_label":"新北市","facility_kind_label":"路邊車格","available_rate":1,"occupancy_rate":0,"price_tier":"unknown","price_tier_label":"價格未知"}},{"type":"Feature","geometry":{"type":"Point","coordinates":[121.367627,24.928744]},"properties":{"supply_id":"new_taipei-onstreet-57893","city":"new_taipei","district":"三峽區","display_name":"民權街 車格 57893","address":"民權街","facility_kind":"onstreet","symbol_text":null,"type_reference":"路邊停車格","type_confidence":0.6,"price_raw":null,"price_value":null,"capacity_total":1,"available_total":1,"occupied_total":0,"status_label":"空位","data_time":"2026-05-02 15:53:29+08:00","city_label":"新北市","facility_kind_label":"路邊車格","available_rate":1,"occupancy_rate":0,"price_tier":"unknown","price_tier_label":"價格未知"}},{"type":"Feature","geometry":{"type":"Point","coordinates":[121.369149,24.921689]},"properties":{"supply_id":"new_taipei-onstreet-146542","city":"new_taipei","district":"三峽區","display_name":"安溪路 車格 146542","address":"安溪路","facility_kind":"onstreet","symbol_text":null,"type_reference":"路邊停車格","type_confidence":0.6,"price_raw":null,"price_value":null,"capacity_total":1,"available_total":1,"occupied_total":0,"status_label":"空位","data_time":"2026-05-02 15:53:29+08:00","city_label":"新北市","facility_kind_label":"路邊車格","available_rate":1,"occupancy_rate":0,"price_tier":"unknown","price_tier_label":"價格未知"}},{"type":"Feature","geometry":{"type":"Point","coordinates":[121.379446,24.932712]},"properties":{"supply_id":"new_taipei-onstreet-155203","city":"new_taipei","district":"三峽區","display_name":"水防道路 車格 155203","address":"水防道路","facility_kind":"onstreet","symbol_text":null,"type_reference":"路邊停車格","type_confidence":0.6,"price_raw":null,"price_value":null,"capacity_total":1,"available_total":1,"occupied_total":0,"status_label":"空位","data_time":"2026-05-02 15:53:29+08:00","city_label":"新北市","facility_kind_label":"路邊車格","available_rate":1,"occupancy_rate":0,"price_tier":"unknown","price_tier_label":"價格未知"}},{"type":"Feature","geometry":{"type":"Point","coordinates":[121.37233,24.94668]},"properties":{"supply_id":"new_taipei-onstreet-47573","city":"new_taipei","district":"三峽區","display_name":"大學路 車格 47573","address":"大學路","facility_kind":"onstreet","symbol_text":null,"type_reference":"路邊停車格","type_confidence":0.6,"price_raw":null,"price_value":null,"capacity_total":1,"available_total":1,"occupied_total":0,"status_label":"空位","data_time":"2026-05-02 15:53:29+08:00","city_label":"新北市","facility_kind_label":"路邊車格","available_rate":1,"occupancy_rate":0,"price_tier":"unknown","price_tier_label":"價格未知"}},{"type":"Feature","geometry":{"type":"Point","coordinates":[121.363884,24.935581]},"properties":{"supply_id":"new_taipei-onstreet-59803","city":"new_taipei","district":"三峽區","display_name":"文化路 車格 59803","address":"文化路","facility_kind":"onstreet","symbol_text":null,"type_reference":"路邊停車格","type_confidence":0.6,"price_raw":null,"price_value":null,"capacity_total":1,"available_total":1,"occupied_total":0,"status_label":"空位","data_time":"2026-05-02 15:53:29+08:00","city_label":"新北市","facility_kind_label":"路邊車格","available_rate":1,"occupancy_rate":0,"price_tier":"unknown","price_tier_label":"價格未知"}},{"type":"Feature","geometry":{"type":"Point","coordinates":[121.380223,24.943584]},"properties":{"supply_id":"new_taipei-onstreet-60157","city":"new_taipei","district":"三峽區","display_name":"三樹路 車格 60157","address":"三樹路","facility_kind":"onstreet","symbol_text":null,"type_reference":"路邊停車格","type_confidence":0.6,"price_raw":null,"price_value":null,"capacity_total":1,"available_total":1,"occupied_total":0,"status_label":"空位","data_time":"2026-05-02 15:53:29+08:00","city_label":"新北市","facility_kind_label":"路邊車格","available_rate":1,"occupancy_rate":0,"price_tier":"unknown","price_tier_label":"價格未知"}},{"type":"Feature","geometry":{"type":"Point","coordinates":[121.371604,24.926918]},"properties":{"supply_id":"new_taipei-onstreet-59701","city":"new_taipei","district":"三峽區","display_name":"大同路 車格 59701","address":"大同路","facility_kind":"onstreet","symbol_text":null,"type_reference":"路邊停車格","type_confidence":0.6,"price_raw":null,"price_value":null,"capacity_total":1,"available_total":1,"occupied_total":0,"status_label":"空位","data_time":"2026-05-02 15:53:29+08:00","city_label":"新北市","facility_kind_label":"路邊車格","available_rate":1,"occupancy_rate":0,"price_tier":"unknown","price_tier_label":"價格未知"}},{"type":"Feature","geometry":{"type":"Point","coordinates":[121.360521,24.937307]},"properties":{"supply_id":"new_taipei-onstreet-95274","city":"new_taipei","district":"三峽區","display_name":"大智路 車格 95274","address":"大智路","facility_kind":"onstreet","symbol_text":null,"type_reference":"路邊停車格","type_confidence":0.6,"price_raw":null,"price_value":null,"capacity_total":1,"available_total":1,"occupied_total":0,"status_label":"空位","data_time":"2026-05-02 15:53:29+08:00","city_label":"新北市","facility_kind_label":"路邊車格","available_rate":1,"occupancy_rate":0,"price_tier":"unknown","price_tier_label":"價格未知"}},{"type":"Feature","geometry":{"type":"Point","coordinates":[121.371183,24.931647]},"properties":{"supply_id":"new_taipei-onstreet-27777","city":"new_taipei","district":"三峽區","display_name":"安溪路 車格 27777","address":"安溪路","facility_kind":"onstreet","symbol_text":null,"type_reference":"路邊停車格","type_confidence":0.6,"price_raw":null,"price_value":null,"capacity_total":1,"available_total":0,"occupied_total":1,"status_label":"已停","data_time":"2026-05-02 15:53:29+08:00","city_label":"新北市","facility_kind_label":"路邊車格","available_rate":0,"occupancy_rate":1,"price_tier":"unknown","price_tier_label":"價格未知"}},{"type":"Feature","geometry":{"type":"Point","coordinates":[121.367516,24.934627]},"properties":{"supply_id":"new_taipei-onstreet-59734","city":"new_taipei","district":"三峽區","display_name":"中山路67巷公有空地平面停車場 車格 59734","address":"中山路67巷公有空地平面停車場","facility_kind":"onstreet","symbol_text":null,"type_reference":"路邊停車格","type_confidence":0.6,"price_raw":null,"price_value":null,"capacity_total":1,"available_total":0,"occupied_total":1,"status_label":"已停","data_time":"2026-05-02 15:53:29+08:00","city_label":"新北市","facility_kind_label":"路邊車格","available_rate":0,"occupancy_rate":1,"price_tier":"unknown","price_tier_label":"價格未知"}},{"type":"Feature","geometry":{"type":"Point","coordinates":[121.371173,24.931594]},"properties":{"supply_id":"new_taipei-onstreet-27279","city":"new_taipei","district":"三峽區","display_name":"安溪路 車格 27279","address":"安溪路","facility_kind":"onstreet","symbol_text":null,"type_reference":"路邊停車格","type_confidence":0.6,"price_raw":null,"price_value":null,"capacity_total":1,"available_total":0,"occupied_total":1,"status_label":"已停","data_time":"2026-05-02 15:53:29+08:00","city_label":"新北市","facility_kind_label":"路邊車格","available_rate":0,"occupancy_rate":1,"price_tier":"unknown","price_tier_label":"價格未知"}},{"type":"Feature","geometry":{"type":"Point","coordinates":[121.367469,24.934652]},"properties":{"supply_id":"new_taipei-onstreet-59739","city":"new_taipei","district":"三峽區","display_name":"中山路67巷公有空地平面停車場 車格 59739","address":"中山路67巷公有空地平面停車場","facility_kind":"onstreet","symbol_text":null,"type_reference":"路邊停車格","type_confidence":0.6,"price_raw":null,"price_value":null,"capacity_total":1,"available_total":0,"occupied_total":1,"status_label":"已停","data_time":"2026-05-02 15:53:29+08:00","city_label":"新北市","facility_kind_label":"路邊車格","available_rate":0,"occupancy_rate":1,"price_tier":"unknown","price_tier_label":"價格未知"}},{"type":"Feature","geometry":{"type":"Point","coordinates":[121.36046,24.937029]},"properties":{"supply_id":"new_taipei-onstreet-95268","city":"new_taipei","district":"三峽區","display_name":"大智路 車格 95268","address":"大智路","facility_kind":"onstreet","symbol_text":null,"type_reference":"路邊停車格","type_confidence":0.6,"price_raw":null,"price_value":null,"capacity_total":1,"available_total":0,"occupied_total":1,"status_label":"已停","data_time":"2026-05-02 15:53:29+08:00","city_label":"新北市","facility_kind_label":"路邊車格","available_rate":0,"occupancy_rate":1,"price_tier":"unknown","price_tier_label":"價格未知"}},{"type":"Feature","geometry":{"type":"Point","coordinates":[121.376795,24.947735]},"properties":{"supply_id":"new_taipei-onstreet-24273","city":"new_taipei","district":"三峽區","display_name":"大義路 車格 24273","address":"大義路","facility_kind":"onstreet","symbol_text":null,"type_reference":"路邊停車格","type_confidence":0.6,"price_raw":null,"price_value":null,"capacity_total":1,"available_total":1,"occupied_total":0,"status_label":"空位","data_time":"2026-05-02 15:53:29+08:00","city_label":"新北市","facility_kind_label":"路邊車格","available_rate":1,"occupancy_rate":0,"price_tier":"unknown","price_tier_label":"價格未知"}},{"type":"Feature","geometry":{"type":"Point","coordinates":[121.371155,24.931487]},"properties":{"supply_id":"new_taipei-onstreet-51217","city":"new_taipei","district":"三峽區","display_name":"安溪路 車格 51217","address":"安溪路","facility_kind":"onstreet","symbol_text":null,"type_reference":"路邊停車格","type_confidence":0.6,"price_raw":null,"price_value":null,"capacity_total":1,"available_total":0,"occupied_total":1,"status_label":"已停","data_time":"2026-05-02 15:53:29+08:00","city_label":"新北市","facility_kind_label":"路邊車格","available_rate":0,"occupancy_rate":1,"price_tier":"unknown","price_tier_label":"價格未知"}},{"type":"Feature","geometry":{"type":"Point","coordinates":[121.367376,24.934704]},"properties":{"supply_id":"new_taipei-onstreet-59741","city":"new_taipei","district":"三峽區","display_name":"中山路67巷公有空地平面停車場 車格 59741","address":"中山路67巷公有空地平面停車場","facility_kind":"onstreet","symbol_text":null,"type_reference":"路邊停車格","type_confidence":0.6,"price_raw":null,"price_value":null,"capacity_total":1,"available_total":0,"occupied_total":1,"status_label":"已停","data_time":"2026-05-02 15:53:29+08:00","city_label":"新北市","facility_kind_label":"路邊車格","available_rate":0,"occupancy_rate":1,"price_tier":"unknown","price_tier_label":"價格未知"}},{"type":"Feature","geometry":{"type":"Point","coordinates":[121.367629,24.928642]},"properties":{"supply_id":"new_taipei-onstreet-57896","city":"new_taipei","district":"三峽區","display_name":"民權街 車格 57896","address":"民權街","facility_kind":"onstreet","symbol_text":null,"type_reference":"路邊停車格","type_confidence":0.6,"price_raw":null,"price_value":null,"capacity_total":1,"available_total":0,"occupied_total":1,"status_label":"已停","data_time":"2026-05-02 15:53:29+08:00","city_label":"新北市","facility_kind_label":"路邊車格","available_rate":0,"occupancy_rate":1,"price_tier":"unknown","price_tier_label":"價格未知"}},{"type":"Feature","geometry":{"type":"Point","coordinates":[121.374669,24.929562]},"properties":{"supply_id":"new_taipei-onstreet-95480","city":"new_taipei","district":"三峽區","display_name":"光明路 車格 95480","address":"光明路","facility_kind":"onstreet","symbol_text":null,"type_reference":"路邊停車格","type_confidence":0.6,"price_raw":null,"price_value":null,"capacity_total":1,"available_total":1,"occupied_total":0,"status_label":"空位","data_time":"2026-05-02 15:53:29+08:00","city_label":"新北市","facility_kind_label":"路邊車格","available_rate":1,"occupancy_rate":0,"price_tier":"unknown","price_tier_label":"價格未知"}},{"type":"Feature","geometry":{"type":"Point","coordinates":[121.363777,24.935598]},"properties":{"supply_id":"new_taipei-onstreet-84209","city":"new_taipei","district":"三峽區","display_name":"中山路107巷 車格 84209","address":"中山路107巷","facility_kind":"onstreet","symbol_text":null,"type_reference":"路邊停車格","type_confidence":0.6,"price_raw":null,"price_value":null,"capacity_total":1,"available_total":1,"occupied_total":0,"status_label":"空位","data_time":"2026-05-02 15:53:29+08:00","city_label":"新北市","facility_kind_label":"路邊車格","available_rate":1,"occupancy_rate":0,"price_tier":"unknown","price_tier_label":"價格未知"}},{"type":"Feature","geometry":{"type":"Point","coordinates":[121.443119,24.985527]},"properties":{"supply_id":"new_taipei-onstreet-55806","city":"new_taipei","district":"三峽區","display_name":"民權街 車格 55806","address":"民權街","facility_kind":"onstreet","symbol_text":null,"type_reference":"路邊停車格","type_confidence":0.6,"price_raw":null,"price_value":null,"capacity_total":1,"available_total":1,"occupied_total":0,"status_label":"空位","data_time":"2026-05-02 15:53:29+08:00","city_label":"新北市","facility_kind_label":"路邊車格","available_rate":1,"occupancy_rate":0,"price_tier":"unknown","price_tier_label":"價格未知"}},{"type":"Feature","geometry":{"type":"Point","coordinates":[121.367644,24.928507]},"properties":{"supply_id":"new_taipei-onstreet-146065","city":"new_taipei","district":"三峽區","display_name":"民權街 車格 146065","address":"民權街","facility_kind":"onstreet","symbol_text":null,"type_reference":"路邊停車格","type_confidence":0.6,"price_raw":null,"price_value":null,"capacity_total":1,"available_total":1,"occupied_total":0,"status_label":"空位","data_time":"2026-05-02 15:53:29+08:00","city_label":"新北市","facility_kind_label":"路邊車格","available_rate":1,"occupancy_rate":0,"price_tier":"unknown","price_tier_label":"價格未知"}},{"type":"Feature","geometry":{"type":"Point","coordinates":[121.380275,24.943602]},"properties":{"supply_id":"new_taipei-onstreet-60179","city":"new_taipei","district":"三峽區","display_name":"三樹路 車格 60179","address":"三樹路","facility_kind":"onstreet","symbol_text":null,"type_reference":"路邊停車格","type_confidence":0.6,"price_raw":null,"price_value":null,"capacity_total":1,"available_total":0,"occupied_total":1,"status_label":"已停","data_time":"2026-05-02 15:53:29+08:00","city_label":"新北市","facility_kind_label":"路邊車格","available_rate":0,"occupancy_rate":1,"price_tier":"unknown","price_tier_label":"價格未知"}},{"type":"Feature","geometry":{"type":"Point","coordinates":[121.374206,24.930524]},"properties":{"supply_id":"new_taipei-onstreet-57869","city":"new_taipei","district":"三峽區","display_name":"愛國路 車格 57869","address":"愛國路","facility_kind":"onstreet","symbol_text":null,"type_reference":"路邊停車格","type_confidence":0.6,"price_raw":null,"price_value":null,"capacity_total":1,"available_total":1,"occupied_total":0,"status_label":"空位","data_time":"2026-05-02 15:53:29+08:00","city_label":"新北市","facility_kind_label":"路邊車格","available_rate":1,"occupancy_rate":0,"price_tier":"unknown","price_tier_label":"價格未知"}},{"type":"Feature","geometry":{"type":"Point","coordinates":[121.372392,24.946599]},"properties":{"supply_id":"new_taipei-onstreet-59719","city":"new_taipei","district":"三峽區","display_name":"大學路 車格 59719","address":"大學路","facility_kind":"onstreet","symbol_text":null,"type_reference":"路邊停車格","type_confidence":0.6,"price_raw":null,"price_value":null,"capacity_total":1,"available_total":1,"occupied_total":0,"status_label":"空位","data_time":"2026-05-02 15:53:29+08:00","city_label":"新北市","facility_kind_label":"路邊車格","available_rate":1,"occupancy_rate":0,"price_tier":"unknown","price_tier_label":"價格未知"}},{"type":"Feature","geometry":{"type":"Point","coordinates":[121.371692,24.926602]},"properties":{"supply_id":"new_taipei-onstreet-45976","city":"new_taipei","district":"三峽區","display_name":"中正路一段 車格 45976","address":"中正路一段","facility_kind":"onstreet","symbol_text":null,"type_reference":"路邊停車格","type_confidence":0.6,"price_raw":null,"price_value":null,"capacity_total":1,"available_total":0,"occupied_total":1,"status_label":"已停","data_time":"2026-05-02 15:53:29+08:00","city_label":"新北市","facility_kind_label":"路邊車格","available_rate":0,"occupancy_rate":1,"price_tier":"unknown","price_tier_label":"價格未知"}},{"type":"Feature","geometry":{"type":"Point","coordinates":[121.380325,24.943621]},"properties":{"supply_id":"new_taipei-onstreet-60167","city":"new_taipei","district":"三峽區","display_name":"三樹路 車格 60167","address":"三樹路","facility_kind":"onstreet","symbol_text":null,"type_reference":"路邊停車格","type_confidence":0.6,"price_raw":null,"price_value":null,"capacity_total":1,"available_total":1,"occupied_total":0,"status_label":"空位","data_time":"2026-05-02 15:53:29+08:00","city_label":"新北市","facility_kind_label":"路邊車格","available_rate":1,"occupancy_rate":0,"price_tier":"unknown","price_tier_label":"價格未知"}},{"type":"Feature","geometry":{"type":"Point","coordinates":[121.372246,24.926805]},"properties":{"supply_id":"new_taipei-onstreet-150903","city":"new_taipei","district":"三峽區","display_name":"大同路 車格 150903","address":"大同路","facility_kind":"onstreet","symbol_text":null,"type_reference":"路邊停車格","type_confidence":0.6,"price_raw":null,"price_value":null,"capacity_total":1,"available_total":1,"occupied_total":0,"status_label":"空位","data_time":"2026-05-02 15:53:29+08:00","city_label":"新北市","facility_kind_label":"路邊車格","available_rate":1,"occupancy_rate":0,"price_tier":"unknown","price_tier_label":"價格未知"}},{"type":"Feature","geometry":{"type":"Point","coordinates":[121.372423,24.946558]},"properties":{"supply_id":"new_taipei-onstreet-57294","city":"new_taipei","district":"三峽區","display_name":"大學路 車格 57294","address":"大學路","facility_kind":"onstreet","symbol_text":null,"type_reference":"路邊停車格","type_confidence":0.6,"price_raw":null,"price_value":null,"capacity_total":1,"available_total":1,"occupied_total":0,"status_label":"空位","data_time":"2026-05-02 15:53:29+08:00","city_label":"新北市","facility_kind_label":"路邊車格","available_rate":1,"occupancy_rate":0,"price_tier":"unknown","price_tier_label":"價格未知"}},{"type":"Feature","geometry":{"type":"Point","coordinates":[121.374256,24.93056]},"properties":{"supply_id":"new_taipei-onstreet-88503","city":"new_taipei","district":"三峽區","display_name":"愛國路 車格 88503","address":"愛國路","facility_kind":"onstreet","symbol_text":null,"type_reference":"路邊停車格","type_confidence":0.6,"price_raw":null,"price_value":null,"capacity_total":1,"available_total":1,"occupied_total":0,"status_label":"空位","data_time":"2026-05-02 15:53:29+08:00","city_label":"新北市","facility_kind_label":"路邊車格","available_rate":1,"occupancy_rate":0,"price_tier":"unknown","price_tier_label":"價格未知"}},{"type":"Feature","geometry":{"type":"Point","coordinates":[121.371617,24.926363]},"properties":{"supply_id":"new_taipei-onstreet-46009","city":"new_taipei","district":"三峽區","display_name":"中正路一段 車格 46009","address":"中正路一段","facility_kind":"onstreet","symbol_text":null,"type_reference":"路邊停車格","type_confidence":0.6,"price_raw":null,"price_value":null,"capacity_total":1,"available_total":0,"occupied_total":1,"status_label":"已停","data_time":"2026-05-02 15:53:29+08:00","city_label":"新北市","facility_kind_label":"路邊車格","available_rate":0,"occupancy_rate":1,"price_tier":"unknown","price_tier_label":"價格未知"}},{"type":"Feature","geometry":{"type":"Point","coordinates":[121.369214,24.922037]},"properties":{"supply_id":"new_taipei-onstreet-146549","city":"new_taipei","district":"三峽區","display_name":"安溪路 車格 146549","address":"安溪路","facility_kind":"onstreet","symbol_text":null,"type_reference":"路邊停車格","type_confidence":0.6,"price_raw":null,"price_value":null,"capacity_total":1,"available_total":0,"occupied_total":1,"status_label":"已停","data_time":"2026-05-02 15:53:29+08:00","city_label":"新北市","facility_kind_label":"路邊車格","available_rate":0,"occupancy_rate":1,"price_tier":"unknown","price_tier_label":"價格未知"}},{"type":"Feature","geometry":{"type":"Point","coordinates":[121.379771,24.932527]},"properties":{"supply_id":"new_taipei-onstreet-155208","city":"new_taipei","district":"三峽區","display_name":"水防道路 車格 155208","address":"水防道路","facility_kind":"onstreet","symbol_text":null,"type_reference":"路邊停車格","type_confidence":0.6,"price_raw":null,"price_value":null,"capacity_total":1,"available_total":0,"occupied_total":1,"status_label":"已停","data_time":"2026-05-02 15:53:29+08:00","city_label":"新北市","facility_kind_label":"路邊車格","available_rate":0,"occupancy_rate":1,"price_tier":"unknown","price_tier_label":"價格未知"}},{"type":"Feature","geometry":{"type":"Point","coordinates":[121.360454,24.936975]},"properties":{"supply_id":"new_taipei-onstreet-95269","city":"new_taipei","district":"三峽區","display_name":"大智路 車格 95269","address":"大智路","facility_kind":"onstreet","symbol_text":null,"type_reference":"路邊停車格","type_confidence":0.6,"price_raw":null,"price_value":null,"capacity_total":1,"available_total":1,"occupied_total":0,"status_label":"空位","data_time":"2026-05-02 15:53:29+08:00","city_label":"新北市","facility_kind_label":"路邊車格","available_rate":1,"occupancy_rate":0,"price_tier":"unknown","price_tier_label":"價格未知"}},{"type":"Feature","geometry":{"type":"Point","coordinates":[121.36916,24.921837]},"properties":{"supply_id":"new_taipei-onstreet-146545","city":"new_taipei","district":"三峽區","display_name":"安溪路 車格 146545","address":"安溪路","facility_kind":"onstreet","symbol_text":null,"type_reference":"路邊停車格","type_confidence":0.6,"price_raw":null,"price_value":null,"capacity_total":1,"available_total":0,"occupied_total":1,"status_label":"已停","data_time":"2026-05-02 15:53:29+08:00","city_label":"新北市","facility_kind_label":"路邊車格","available_rate":0,"occupancy_rate":1,"price_tier":"unknown","price_tier_label":"價格未知"}},{"type":"Feature","geometry":{"type":"Point","coordinates":[121.379724,24.932553]},"properties":{"supply_id":"new_taipei-onstreet-155207","city":"new_taipei","district":"三峽區","display_name":"水防道路 車格 155207","address":"水防道路","facility_kind":"onstreet","symbol_text":null,"type_reference":"路邊停車格","type_confidence":0.6,"price_raw":null,"price_value":null,"capacity_total":1,"available_total":0,"occupied_total":1,"status_label":"已停","data_time":"2026-05-02 15:53:29+08:00","city_label":"新北市","facility_kind_label":"路邊車格","available_rate":0,"occupancy_rate":1,"price_tier":"unknown","price_tier_label":"價格未知"}},{"type":"Feature","geometry":{"type":"Point","coordinates":[121.360441,24.93678]},"properties":{"supply_id":"new_taipei-onstreet-1402","city":"new_taipei","district":"三峽區","display_name":"大智路 車格 1402","address":"大智路","facility_kind":"onstreet","symbol_text":null,"type_reference":"路邊停車格","type_confidence":0.6,"price_raw":null,"price_value":null,"capacity_total":1,"available_total":0,"occupied_total":1,"status_label":"已停","data_time":"2026-05-02 15:53:29+08:00","city_label":"新北市","facility_kind_label":"路邊車格","available_rate":0,"occupancy_rate":1,"price_tier":"unknown","price_tier_label":"價格未知"}},{"type":"Feature","geometry":{"type":"Point","coordinates":[121.371138,24.93138]},"properties":{"supply_id":"new_taipei-onstreet-51218","city":"new_taipei","district":"三峽區","display_name":"安溪路 車格 51218","address":"安溪路","facility_kind":"onstreet","symbol_text":null,"type_reference":"路邊停車格","type_confidence":0.6,"price_raw":null,"price_value":null,"capacity_total":1,"available_total":0,"occupied_total":1,"status_label":"已停","data_time":"2026-05-02 15:53:29+08:00","city_label":"新北市","facility_kind_label":"路邊車格","available_rate":0,"occupancy_rate":1,"price_tier":"unknown","price_tier_label":"價格未知"}},{"type":"Feature","geometry":{"type":"Point","coordinates":[121.367514,24.934566]},"properties":{"supply_id":"new_taipei-onstreet-59742","city":"new_taipei","district":"三峽區","display_name":"中山路67巷公有空地平面停車場 車格 59742","address":"中山路67巷公有空地平面停車場","facility_kind":"onstreet","symbol_text":null,"type_reference":"路邊停車格","type_confidence":0.6,"price_raw":null,"price_value":null,"capacity_total":1,"available_total":1,"occupied_total":0,"status_label":"空位","data_time":"2026-05-02 15:53:29+08:00","city_label":"新北市","facility_kind_label":"路邊車格","available_rate":1,"occupancy_rate":0,"price_tier":"unknown","price_tier_label":"價格未知"}},{"type":"Feature","geometry":{"type":"Point","coordinates":[121.375963,24.928135]},"properties":{"supply_id":"new_taipei-onstreet-59781","city":"new_taipei","district":"三峽區","display_name":"光明路 車格 59781","address":"光明路","facility_kind":"onstreet","symbol_text":null,"type_reference":"路邊停車格","type_confidence":0.6,"price_raw":null,"price_value":null,"capacity_total":1,"available_total":1,"occupied_total":0,"status_label":"空位","data_time":"2026-05-02 15:53:29+08:00","city_label":"新北市","facility_kind_label":"路邊車格","available_rate":1,"occupancy_rate":0,"price_tier":"unknown","price_tier_label":"價格未知"}},{"type":"Feature","geometry":{"type":"Point","coordinates":[121.363727,24.935608]},"properties":{"supply_id":"new_taipei-onstreet-82999","city":"new_taipei","district":"三峽區","display_name":"中山路107巷 車格 82999","address":"中山路107巷","facility_kind":"onstreet","symbol_text":null,"type_reference":"路邊停車格","type_confidence":0.6,"price_raw":null,"price_value":null,"capacity_total":1,"available_total":1,"occupied_total":0,"status_label":"空位","data_time":"2026-05-02 15:53:29+08:00","city_label":"新北市","facility_kind_label":"路邊車格","available_rate":1,"occupancy_rate":0,"price_tier":"unknown","price_tier_label":"價格未知"}},{"type":"Feature","geometry":{"type":"Point","coordinates":[121.371146,24.931433]},"properties":{"supply_id":"new_taipei-onstreet-51219","city":"new_taipei","district":"三峽區","display_name":"安溪路 車格 51219","address":"安溪路","facility_kind":"onstreet","symbol_text":null,"type_reference":"路邊停車格","type_confidence":0.6,"price_raw":null,"price_value":null,"capacity_total":1,"available_total":0,"occupied_total":1,"status_label":"已停","data_time":"2026-05-02 15:53:29+08:00","city_label":"新北市","facility_kind_label":"路邊車格","available_rate":0,"occupancy_rate":1,"price_tier":"unknown","price_tier_label":"價格未知"}},{"type":"Feature","geometry":{"type":"Point","coordinates":[121.367541,24.934567]},"properties":{"supply_id":"new_taipei-onstreet-83086","city":"new_taipei","district":"三峽區","display_name":"中山路67巷公有空地平面停車場 車格 83086","address":"中山路67巷公有空地平面停車場","facility_kind":"onstreet","symbol_text":null,"type_reference":"路邊停車格","type_confidence":0.6,"price_raw":null,"price_value":null,"capacity_total":1,"available_total":0,"occupied_total":1,"status_label":"已停","data_time":"2026-05-02 15:53:29+08:00","city_label":"新北市","facility_kind_label":"路邊車格","available_rate":0,"occupancy_rate":1,"price_tier":"unknown","price_tier_label":"價格未知"}},{"type":"Feature","geometry":{"type":"Point","coordinates":[121.374295,24.930589]},"properties":{"supply_id":"new_taipei-onstreet-57870","city":"new_taipei","district":"三峽區","display_name":"愛國路 車格 57870","address":"愛國路","facility_kind":"onstreet","symbol_text":null,"type_reference":"路邊停車格","type_confidence":0.6,"price_raw":null,"price_value":null,"capacity_total":1,"available_total":0,"occupied_total":1,"status_label":"已停","data_time":"2026-05-02 15:53:29+08:00","city_label":"新北市","facility_kind_label":"路邊車格","available_rate":0,"occupancy_rate":1,"price_tier":"unknown","price_tier_label":"價格未知"}},{"type":"Feature","geometry":{"type":"Point","coordinates":[121.380375,24.94364]},"properties":{"supply_id":"new_taipei-onstreet-60166","city":"new_taipei","district":"三峽區","display_name":"三樹路 車格 60166","address":"三樹路","facility_kind":"onstreet","symbol_text":null,"type_reference":"路邊停車格","type_confidence":0.6,"price_raw":null,"price_value":null,"capacity_total":1,"available_total":1,"occupied_total":0,"status_label":"空位","data_time":"2026-05-02 15:53:29+08:00","city_label":"新北市","facility_kind_label":"路邊車格","available_rate":1,"occupancy_rate":0,"price_tier":"unknown","price_tier_label":"價格未知"}},{"type":"Feature","geometry":{"type":"Point","coordinates":[121.367682,24.928251]},"properties":{"supply_id":"new_taipei-onstreet-84980","city":"new_taipei","district":"三峽區","display_name":"民權街 車格 84980","address":"民權街","facility_kind":"onstreet","symbol_text":null,"type_reference":"路邊停車格","type_confidence":0.6,"price_raw":null,"price_value":null,"capacity_total":1,"available_total":1,"occupied_total":0,"status_label":"空位","data_time":"2026-05-02 15:53:29+08:00","city_label":"新北市","facility_kind_label":"路邊車格","available_rate":1,"occupancy_rate":0,"price_tier":"unknown","price_tier_label":"價格未知"}},{"type":"Feature","geometry":{"type":"Point","coordinates":[121.371589,24.926274]},"properties":{"supply_id":"new_taipei-onstreet-46012","city":"new_taipei","district":"三峽區","display_name":"中正路一段 車格 46012","address":"中正路一段","facility_kind":"onstreet","symbol_text":null,"type_reference":"路邊停車格","type_confidence":0.6,"price_raw":null,"price_value":null,"capacity_total":1,"available_total":0,"occupied_total":1,"status_label":"已停","data_time":"2026-05-02 15:53:29+08:00","city_label":"新北市","facility_kind_label":"路邊車格","available_rate":0,"occupancy_rate":1,"price_tier":"unknown","price_tier_label":"價格未知"}},{"type":"Feature","geometry":{"type":"Point","coordinates":[121.372393,24.926774]},"properties":{"supply_id":"new_taipei-onstreet-150905","city":"new_taipei","district":"三峽區","display_name":"大同路 車格 150905","address":"大同路","facility_kind":"onstreet","symbol_text":null,"type_reference":"路邊停車格","type_confidence":0.6,"price_raw":null,"price_value":null,"capacity_total":1,"available_total":0,"occupied_total":1,"status_label":"已停","data_time":"2026-05-02 15:53:29+08:00","city_label":"新北市","facility_kind_label":"路邊車格","available_rate":0,"occupancy_rate":1,"price_tier":"unknown","price_tier_label":"價格未知"}},{"type":"Feature","geometry":{"type":"Point","coordinates":[121.363371,24.935708]},"properties":{"supply_id":"new_taipei-onstreet-59825","city":"new_taipei","district":"三峽區","display_name":"文化路 車格 59825","address":"文化路","facility_kind":"onstreet","symbol_text":null,"type_reference":"路邊停車格","type_confidence":0.6,"price_raw":null,"price_value":null,"capacity_total":1,"available_total":1,"occupied_total":0,"status_label":"空位","data_time":"2026-05-02 15:53:29+08:00","city_label":"新北市","facility_kind_label":"路邊車格","available_rate":1,"occupancy_rate":0,"price_tier":"unknown","price_tier_label":"價格未知"}},{"type":"Feature","geometry":{"type":"Point","coordinates":[121.37234,24.926785]},"properties":{"supply_id":"new_taipei-onstreet-150904","city":"new_taipei","district":"三峽區","display_name":"大同路 車格 150904","address":"大同路","facility_kind":"onstreet","symbol_text":null,"type_reference":"路邊停車格","type_confidence":0.6,"price_raw":null,"price_value":null,"capacity_total":1,"available_total":1,"occupied_total":0,"status_label":"空位","data_time":"2026-05-02 15:53:29+08:00","city_label":"新北市","facility_kind_label":"路邊車格","available_rate":1,"occupancy_rate":0,"price_tier":"unknown","price_tier_label":"價格未知"}},{"type":"Feature","geometry":{"type":"Point","coordinates":[121.36368,24.935618]},"properties":{"supply_id":"new_taipei-onstreet-59799","city":"new_taipei","district":"三峽區","display_name":"文化路 車格 59799","address":"文化路","facility_kind":"onstreet","symbol_text":null,"type_reference":"路邊停車格","type_confidence":0.6,"price_raw":null,"price_value":null,"capacity_total":1,"available_total":1,"occupied_total":0,"status_label":"空位","data_time":"2026-05-02 15:53:29+08:00","city_label":"新北市","facility_kind_label":"路邊車格","available_rate":1,"occupancy_rate":0,"price_tier":"unknown","price_tier_label":"價格未知"}},{"type":"Feature","geometry":{"type":"Point","coordinates":[121.369217,24.922055]},"properties":{"supply_id":"new_taipei-onstreet-146550","city":"new_taipei","district":"三峽區","display_name":"安溪路 車格 146550","address":"安溪路","facility_kind":"onstreet","symbol_text":null,"type_reference":"路邊停車格","type_confidence":0.6,"price_raw":null,"price_value":null,"capacity_total":1,"available_total":0,"occupied_total":1,"status_label":"已停","data_time":"2026-05-02 15:53:29+08:00","city_label":"新北市","facility_kind_label":"路邊車格","available_rate":0,"occupancy_rate":1,"price_tier":"unknown","price_tier_label":"價格未知"}},{"type":"Feature","geometry":{"type":"Point","coordinates":[121.379819,24.932502]},"properties":{"supply_id":"new_taipei-onstreet-155209","city":"new_taipei","district":"三峽區","display_name":"水防道路 車格 155209","address":"水防道路","facility_kind":"onstreet","symbol_text":null,"type_reference":"路邊停車格","type_confidence":0.6,"price_raw":null,"price_value":null,"capacity_total":1,"available_total":0,"occupied_total":1,"status_label":"已停","data_time":"2026-05-02 15:53:29+08:00","city_label":"新北市","facility_kind_label":"路邊車格","available_rate":0,"occupancy_rate":1,"price_tier":"unknown","price_tier_label":"價格未知"}},{"type":"Feature","geometry":{"type":"Point","coordinates":[121.360441,24.936726]},"properties":{"supply_id":"new_taipei-onstreet-59704","city":"new_taipei","district":"三峽區","display_name":"大智路 車格 59704","address":"大智路","facility_kind":"onstreet","symbol_text":null,"type_reference":"路邊停車格","type_confidence":0.6,"price_raw":null,"price_value":null,"capacity_total":1,"available_total":1,"occupied_total":0,"status_label":"空位","data_time":"2026-05-02 15:53:29+08:00","city_label":"新北市","facility_kind_label":"路邊車格","available_rate":1,"occupancy_rate":0,"price_tier":"unknown","price_tier_label":"價格未知"}},{"type":"Feature","geometry":{"type":"Point","coordinates":[121.371129,24.931326]},"properties":{"supply_id":"new_taipei-onstreet-84203","city":"new_taipei","district":"三峽區","display_name":"安溪路 車格 84203","address":"安溪路","facility_kind":"onstreet","symbol_text":null,"type_reference":"路邊停車格","type_confidence":0.6,"price_raw":null,"price_value":null,"capacity_total":1,"available_total":1,"occupied_total":0,"status_label":"空位","data_time":"2026-05-02 15:53:29+08:00","city_label":"新北市","facility_kind_label":"路邊車格","available_rate":1,"occupancy_rate":0,"price_tier":"unknown","price_tier_label":"價格未知"}},{"type":"Feature","geometry":{"type":"Point","coordinates":[121.367488,24.934566]},"properties":{"supply_id":"new_taipei-onstreet-37277","city":"new_taipei","district":"三峽區","display_name":"中山路67巷公有空地平面停車場 車格 37277","address":"中山路67巷公有空地平面停車場","facility_kind":"onstreet","symbol_text":null,"type_reference":"路邊停車格","type_confidence":0.6,"price_raw":null,"price_value":null,"capacity_total":1,"available_total":1,"occupied_total":0,"status_label":"空位","data_time":"2026-05-02 15:53:29+08:00","city_label":"新北市","facility_kind_label":"路邊車格","available_rate":1,"occupancy_rate":0,"price_tier":"unknown","price_tier_label":"價格未知"}},{"type":"Feature","geometry":{"type":"Point","coordinates":[121.376177,24.928101]},"properties":{"supply_id":"new_taipei-onstreet-87310","city":"new_taipei","district":"三峽區","display_name":"光明路 車格 87310","address":"光明路","facility_kind":"onstreet","symbol_text":null,"type_reference":"路邊停車格","type_confidence":0.6,"price_raw":null,"price_value":null,"capacity_total":1,"available_total":1,"occupied_total":0,"status_label":"空位","data_time":"2026-05-02 15:53:29+08:00","city_label":"新北市","facility_kind_label":"路邊車格","available_rate":1,"occupancy_rate":0,"price_tier":"unknown","price_tier_label":"價格未知"}},{"type":"Feature","geometry":{"type":"Point","coordinates":[121.369219,24.922072]},"properties":{"supply_id":"new_taipei-onstreet-146551","city":"new_taipei","district":"三峽區","display_name":"安溪路 車格 146551","address":"安溪路","facility_kind":"onstreet","symbol_text":null,"type_reference":"路邊停車格","type_confidence":0.6,"price_raw":null,"price_value":null,"capacity_total":1,"available_total":0,"occupied_total":1,"status_label":"已停","data_time":"2026-05-02 15:53:29+08:00","city_label":"新北市","facility_kind_label":"路邊車格","available_rate":0,"occupancy_rate":1,"price_tier":"unknown","price_tier_label":"價格未知"}},{"type":"Feature","geometry":{"type":"Point","coordinates":[121.379867,24.932477]},"properties":{"supply_id":"new_taipei-onstreet-155210","city":"new_taipei","district":"三峽區","display_name":"水防道路 車格 155210","address":"水防道路","facility_kind":"onstreet","symbol_text":null,"type_reference":"路邊停車格","type_confidence":0.6,"price_raw":null,"price_value":null,"capacity_total":1,"available_total":1,"occupied_total":0,"status_label":"空位","data_time":"2026-05-02 15:53:29+08:00","city_label":"新北市","facility_kind_label":"路邊車格","available_rate":1,"occupancy_rate":0,"price_tier":"unknown","price_tier_label":"價格未知"}},{"type":"Feature","geometry":{"type":"Point","coordinates":[121.371121,24.931272]},"properties":{"supply_id":"new_taipei-onstreet-51216","city":"new_taipei","district":"三峽區","display_name":"安溪路 車格 51216","address":"安溪路","facility_kind":"onstreet","symbol_text":null,"type_reference":"路邊停車格","type_confidence":0.6,"price_raw":null,"price_value":null,"capacity_total":1,"available_total":1,"occupied_total":0,"status_label":"空位","data_time":"2026-05-02 15:53:29+08:00","city_label":"新北市","facility_kind_label":"路邊車格","available_rate":1,"occupancy_rate":0,"price_tier":"unknown","price_tier_label":"價格未知"}},{"type":"Feature","geometry":{"type":"Point","coordinates":[121.367462,24.934565]},"properties":{"supply_id":"new_taipei-onstreet-59744","city":"new_taipei","district":"三峽區","display_name":"中山路67巷公有空地平面停車場 車格 59744","address":"中山路67巷公有空地平面停車場","facility_kind":"onstreet","symbol_text":null,"type_reference":"路邊停車格","type_confidence":0.6,"price_raw":null,"price_value":null,"capacity_total":1,"available_total":0,"occupied_total":1,"status_label":"已停","data_time":"2026-05-02 15:53:29+08:00","city_label":"新北市","facility_kind_label":"路邊車格","available_rate":0,"occupancy_rate":1,"price_tier":"unknown","price_tier_label":"價格未知"}},{"type":"Feature","geometry":{"type":"Point","coordinates":[121.360441,24.936672]},"properties":{"supply_id":"new_taipei-onstreet-59703","city":"new_taipei","district":"三峽區","display_name":"大智路 車格 59703","address":"大智路","facility_kind":"onstreet","symbol_text":null,"type_reference":"路邊停車格","type_confidence":0.6,"price_raw":null,"price_value":null,"capacity_total":1,"available_total":0,"occupied_total":1,"status_label":"已停","data_time":"2026-05-02 15:53:29+08:00","city_label":"新北市","facility_kind_label":"路邊車格","available_rate":0,"occupancy_rate":1,"price_tier":"unknown","price_tier_label":"價格未知"}},{"type":"Feature","geometry":{"type":"Point","coordinates":[121.373199,24.926675]},"properties":{"supply_id":"new_taipei-onstreet-132329","city":"new_taipei","district":"三峽區","display_name":"大同路 車格 132329","address":"大同路","facility_kind":"onstreet","symbol_text":null,"type_reference":"路邊停車格","type_confidence":0.6,"price_raw":null,"price_value":null,"capacity_total":1,"available_total":0,"occupied_total":1,"status_label":"已停","data_time":"2026-05-02 15:53:29+08:00","city_label":"新北市","facility_kind_label":"路邊車格","available_rate":0,"occupancy_rate":1,"price_tier":"unknown","price_tier_label":"價格未知"}},{"type":"Feature","geometry":{"type":"Point","coordinates":[121.36332,24.935727]},"properties":{"supply_id":"new_taipei-onstreet-59826","city":"new_taipei","district":"三峽區","display_name":"文化路 車格 59826","address":"文化路","facility_kind":"onstreet","symbol_text":null,"type_reference":"路邊停車格","type_confidence":0.6,"price_raw":null,"price_value":null,"capacity_total":1,"available_total":0,"occupied_total":1,"status_label":"已停","data_time":"2026-05-02 15:53:29+08:00","city_label":"新北市","facility_kind_label":"路邊車格","available_rate":0,"occupancy_rate":1,"price_tier":"unknown","price_tier_label":"價格未知"}},{"type":"Feature","geometry":{"type":"Point","coordinates":[121.380476,24.943679]},"properties":{"supply_id":"new_taipei-onstreet-60164","city":"new_taipei","district":"三峽區","display_name":"三樹路 車格 60164","address":"三樹路","facility_kind":"onstreet","symbol_text":null,"type_reference":"路邊停車格","type_confidence":0.6,"price_raw":null,"price_value":null,"capacity_total":1,"available_total":1,"occupied_total":0,"status_label":"空位","data_time":"2026-05-02 15:53:29+08:00","city_label":"新北市","facility_kind_label":"路邊車格","available_rate":1,"occupancy_rate":0,"price_tier":"unknown","price_tier_label":"價格未知"}},{"type":"Feature","geometry":{"type":"Point","coordinates":[121.367707,24.928144]},"properties":{"supply_id":"new_taipei-onstreet-93201","city":"new_taipei","district":"三峽區","display_name":"民權街 車格 93201","address":"民權街","facility_kind":"onstreet","symbol_text":null,"type_reference":"路邊停車格","type_confidence":0.6,"price_raw":null,"price_value":null,"capacity_total":1,"available_total":null,"occupied_total":null,"status_label":"不可用","data_time":"2026-05-02 15:53:29+08:00","city_label":"新北市","facility_kind_label":"路邊車格","available_rate":null,"occupancy_rate":null,"price_tier":"unknown","price_tier_label":"價格未知"}},{"type":"Feature","geometry":{"type":"Point","coordinates":[121.374375,24.930646]},"properties":{"supply_id":"new_taipei-onstreet-57875","city":"new_taipei","district":"三峽區","display_name":"愛國路 車格 57875","address":"愛國路","facility_kind":"onstreet","symbol_text":null,"type_reference":"路邊停車格","type_confidence":0.6,"price_raw":null,"price_value":null,"capacity_total":1,"available_total":0,"occupied_total":1,"status_label":"已停","data_time":"2026-05-02 15:53:29+08:00","city_label":"新北市","facility_kind_label":"路邊車格","available_rate":0,"occupancy_rate":1,"price_tier":"unknown","price_tier_label":"價格未知"}},{"type":"Feature","geometry":{"type":"Point","coordinates":[121.369221,24.92209]},"properties":{"supply_id":"new_taipei-onstreet-146552","city":"new_taipei","district":"三峽區","display_name":"安溪路 車格 146552","address":"安溪路","facility_kind":"onstreet","symbol_text":null,"type_reference":"路邊停車格","type_confidence":0.6,"price_raw":null,"price_value":null,"capacity_total":1,"available_total":1,"occupied_total":0,"status_label":"空位","data_time":"2026-05-02 15:53:29+08:00","city_label":"新北市","facility_kind_label":"路邊車格","available_rate":1,"occupancy_rate":0,"price_tier":"unknown","price_tier_label":"價格未知"}},{"type":"Feature","geometry":{"type":"Point","coordinates":[121.379915,24.932452]},"properties":{"supply_id":"new_taipei-onstreet-155211","city":"new_taipei","district":"三峽區","display_name":"水防道路 車格 155211","address":"水防道路","facility_kind":"onstreet","symbol_text":null,"type_reference":"路邊停車格","type_confidence":0.6,"price_raw":null,"price_value":null,"capacity_total":1,"available_total":1,"occupied_total":0,"status_label":"空位","data_time":"2026-05-02 15:53:29+08:00","city_label":"新北市","facility_kind_label":"路邊車格","available_rate":1,"occupancy_rate":0,"price_tier":"unknown","price_tier_label":"價格未知"}},{"type":"Feature","geometry":{"type":"Point","coordinates":[121.380425,24.94366]},"properties":{"supply_id":"new_taipei-onstreet-60165","city":"new_taipei","district":"三峽區","display_name":"三樹路 車格 60165","address":"三樹路","facility_kind":"onstreet","symbol_text":null,"type_reference":"路邊停車格","type_confidence":0.6,"price_raw":null,"price_value":null,"capacity_total":1,"available_total":1,"occupied_total":0,"status_label":"空位","data_time":"2026-05-02 15:53:29+08:00","city_label":"新北市","facility_kind_label":"路邊車格","available_rate":1,"occupancy_rate":0,"price_tier":"unknown","price_tier_label":"價格未知"}},{"type":"Feature","geometry":{"type":"Point","coordinates":[121.367696,24.928193]},"properties":{"supply_id":"new_taipei-onstreet-84981","city":"new_taipei","district":"三峽區","display_name":"民權街 車格 84981","address":"民權街","facility_kind":"onstreet","symbol_text":null,"type_reference":"路邊停車格","type_confidence":0.6,"price_raw":null,"price_value":null,"capacity_total":1,"available_total":null,"occupied_total":null,"status_label":"不可用","data_time":"2026-05-02 15:53:29+08:00","city_label":"新北市","facility_kind_label":"路邊車格","available_rate":null,"occupancy_rate":null,"price_tier":"unknown","price_tier_label":"價格未知"}},{"type":"Feature","geometry":{"type":"Point","coordinates":[121.37434,24.930622]},"properties":{"supply_id":"new_taipei-onstreet-57871","city":"new_taipei","district":"三峽區","display_name":"愛國路 車格 57871","address":"愛國路","facility_kind":"onstreet","symbol_text":null,"type_reference":"路邊停車格","type_confidence":0.6,"price_raw":null,"price_value":null,"capacity_total":1,"available_total":1,"occupied_total":0,"status_label":"空位","data_time":"2026-05-02 15:53:29+08:00","city_label":"新北市","facility_kind_label":"路邊車格","available_rate":1,"occupancy_rate":0,"price_tier":"unknown","price_tier_label":"價格未知"}},{"type":"Feature","geometry":{"type":"Point","coordinates":[121.371572,24.92622]},"properties":{"supply_id":"new_taipei-onstreet-46010","city":"new_taipei","district":"三峽區","display_name":"中正路一段 車格 46010","address":"中正路一段","facility_kind":"onstreet","symbol_text":null,"type_reference":"路邊停車格","type_confidence":0.6,"price_raw":null,"price_value":null,"capacity_total":1,"available_total":1,"occupied_total":0,"status_label":"空位","data_time":"2026-05-02 15:53:29+08:00","city_label":"新北市","facility_kind_label":"路邊車格","available_rate":1,"occupancy_rate":0,"price_tier":"unknown","price_tier_label":"價格未知"}},{"type":"Feature","geometry":{"type":"Point","coordinates":[121.371533,24.926094]},"properties":{"supply_id":"new_taipei-onstreet-46013","city":"new_taipei","district":"三峽區","display_name":"中正路一段 車格 46013","address":"中正路一段","facility_kind":"onstreet","symbol_text":null,"type_reference":"路邊停車格","type_confidence":0.6,"price_raw":null,"price_value":null,"capacity_total":1,"available_total":0,"occupied_total":1,"status_label":"已停","data_time":"2026-05-02 15:53:29+08:00","city_label":"新北市","facility_kind_label":"路邊車格","available_rate":0,"occupancy_rate":1,"price_tier":"unknown","price_tier_label":"價格未知"}},{"type":"Feature","geometry":{"type":"Point","coordinates":[121.373259,24.926671]},"properties":{"supply_id":"new_taipei-onstreet-132330","city":"new_taipei","district":"三峽區","display_name":"大同路 車格 132330","address":"大同路","facility_kind":"onstreet","symbol_text":null,"type_reference":"路邊停車格","type_confidence":0.6,"price_raw":null,"price_value":null,"capacity_total":1,"available_total":1,"occupied_total":0,"status_label":"空位","data_time":"2026-05-02 15:53:29+08:00","city_label":"新北市","facility_kind_label":"路邊車格","available_rate":1,"occupancy_rate":0,"price_tier":"unknown","price_tier_label":"價格未知"}},{"type":"Feature","geometry":{"type":"Point","coordinates":[121.36327,24.935746]},"properties":{"supply_id":"new_taipei-onstreet-60209","city":"new_taipei","district":"三峽區","display_name":"文化路 車格 60209","address":"文化路","facility_kind":"onstreet","symbol_text":null,"type_reference":"路邊停車格","type_confidence":0.6,"price_raw":null,"price_value":null,"capacity_total":1,"available_total":1,"occupied_total":0,"status_label":"空位","data_time":"2026-05-02 15:53:29+08:00","city_label":"新北市","facility_kind_label":"路邊車格","available_rate":1,"occupancy_rate":0,"price_tier":"unknown","price_tier_label":"價格未知"}},{"type":"Feature","geometry":{"type":"Point","coordinates":[121.371112,24.931219]},"properties":{"supply_id":"new_taipei-onstreet-51221","city":"new_taipei","district":"三峽區","display_name":"安溪路 車格 51221","address":"安溪路","facility_kind":"onstreet","symbol_text":null,"type_reference":"路邊停車格","type_confidence":0.6,"price_raw":null,"price_value":null,"capacity_total":1,"available_total":1,"occupied_total":0,"status_label":"空位","data_time":"2026-05-02 15:53:29+08:00","city_label":"新北市","facility_kind_label":"路邊車格","available_rate":1,"occupancy_rate":0,"price_tier":"unknown","price_tier_label":"價格未知"}},{"type":"Feature","geometry":{"type":"Point","coordinates":[121.367436,24.934565]},"properties":{"supply_id":"new_taipei-onstreet-104975","city":"new_taipei","district":"三峽區","display_name":"中山路67巷公有空地平面停車場 車格 104975","address":"中山路67巷公有空地平面停車場","facility_kind":"onstreet","symbol_text":null,"type_reference":"路邊停車格","type_confidence":0.6,"price_raw":null,"price_value":null,"capacity_total":1,"available_total":0,"occupied_total":1,"status_label":"已停","data_time":"2026-05-02 15:53:29+08:00","city_label":"新北市","facility_kind_label":"路邊車格","available_rate":0,"occupancy_rate":1,"price_tier":"unknown","price_tier_label":"價格未知"}},{"type":"Feature","geometry":{"type":"Point","coordinates":[121.360441,24.936618]},"properties":{"supply_id":"new_taipei-onstreet-59702","city":"new_taipei","district":"三峽區","display_name":"大智路 車格 59702","address":"大智路","facility_kind":"onstreet","symbol_text":null,"type_reference":"路邊停車格","type_confidence":0.6,"price_raw":null,"price_value":null,"capacity_total":1,"available_total":1,"occupied_total":0,"status_label":"空位","data_time":"2026-05-02 15:53:29+08:00","city_label":"新北市","facility_kind_label":"路邊車格","available_rate":1,"occupancy_rate":0,"price_tier":"unknown","price_tier_label":"價格未知"}},{"type":"Feature","geometry":{"type":"Point","coordinates":[121.369224,24.922108]},"properties":{"supply_id":"new_taipei-onstreet-146553","city":"new_taipei","district":"三峽區","display_name":"安溪路 車格 146553","address":"安溪路","facility_kind":"onstreet","symbol_text":null,"type_reference":"路邊停車格","type_confidence":0.6,"price_raw":null,"price_value":null,"capacity_total":1,"available_total":0,"occupied_total":1,"status_label":"已停","data_time":"2026-05-02 15:53:29+08:00","city_label":"新北市","facility_kind_label":"路邊車格","available_rate":0,"occupancy_rate":1,"price_tier":"unknown","price_tier_label":"價格未知"}},{"type":"Feature","geometry":{"type":"Point","coordinates":[121.379962,24.932427]},"properties":{"supply_id":"new_taipei-onstreet-155212","city":"new_taipei","district":"三峽區","display_name":"水防道路 車格 155212","address":"水防道路","facility_kind":"onstreet","symbol_text":null,"type_reference":"路邊停車格","type_confidence":0.6,"price_raw":null,"price_value":null,"capacity_total":1,"available_total":1,"occupied_total":0,"status_label":"空位","data_time":"2026-05-02 15:53:29+08:00","city_label":"新北市","facility_kind_label":"路邊車格","available_rate":1,"occupancy_rate":0,"price_tier":"unknown","price_tier_label":"價格未知"}},{"type":"Feature","geometry":{"type":"Point","coordinates":[121.374632,24.930835]},"properties":{"supply_id":"new_taipei-onstreet-57877","city":"new_taipei","district":"三峽區","display_name":"愛國路 車格 57877","address":"愛國路","facility_kind":"onstreet","symbol_text":null,"type_reference":"路邊停車格","type_confidence":0.6,"price_raw":null,"price_value":null,"capacity_total":1,"available_total":1,"occupied_total":0,"status_label":"空位","data_time":"2026-05-02 15:53:29+08:00","city_label":"新北市","facility_kind_label":"路邊車格","available_rate":1,"occupancy_rate":0,"price_tier":"unknown","price_tier_label":"價格未知"}},{"type":"Feature","geometry":{"type":"Point","coordinates":[121.371514,24.926023]},"properties":{"supply_id":"new_taipei-onstreet-46006","city":"new_taipei","district":"三峽區","display_name":"中正路一段 車格 46006","address":"中正路一段","facility_kind":"onstreet","symbol_text":null,"type_reference":"路邊停車格","type_confidence":0.6,"price_raw":null,"price_value":null,"capacity_total":1,"available_total":0,"occupied_total":1,"status_label":"已停","data_time":"2026-05-02 15:53:29+08:00","city_label":"新北市","facility_kind_label":"路邊車格","available_rate":0,"occupancy_rate":1,"price_tier":"unknown","price_tier_label":"價格未知"}},{"type":"Feature","geometry":{"type":"Point","coordinates":[121.381509,24.944008]},"properties":{"supply_id":"new_taipei-onstreet-81659","city":"new_taipei","district":"三峽區","display_name":"三樹路 車格 81659","address":"三樹路","facility_kind":"onstreet","symbol_text":null,"type_reference":"路邊停車格","type_confidence":0.6,"price_raw":null,"price_value":null,"capacity_total":1,"available_total":1,"occupied_total":0,"status_label":"空位","data_time":"2026-05-02 15:53:29+08:00","city_label":"新北市","facility_kind_label":"路邊車格","available_rate":1,"occupancy_rate":0,"price_tier":"unknown","price_tier_label":"價格未知"}},{"type":"Feature","geometry":{"type":"Point","coordinates":[121.367719,24.928096]},"properties":{"supply_id":"new_taipei-onstreet-93202","city":"new_taipei","district":"三峽區","display_name":"民權街 車格 93202","address":"民權街","facility_kind":"onstreet","symbol_text":null,"type_reference":"路邊停車格","type_confidence":0.6,"price_raw":null,"price_value":null,"capacity_total":1,"available_total":null,"occupied_total":null,"status_label":"不可用","data_time":"2026-05-02 15:53:29+08:00","city_label":"新北市","facility_kind_label":"路邊車格","available_rate":null,"occupancy_rate":null,"price_tier":"unknown","price_tier_label":"價格未知"}},{"type":"Feature","geometry":{"type":"Point","coordinates":[121.374425,24.929993]},"properties":{"supply_id":"new_taipei-onstreet-101782","city":"new_taipei","district":"三峽區","display_name":"光明路 車格 101782","address":"光明路","facility_kind":"onstreet","symbol_text":null,"type_reference":"路邊停車格","type_confidence":0.6,"price_raw":null,"price_value":null,"capacity_total":1,"available_total":1,"occupied_total":0,"status_label":"空位","data_time":"2026-05-02 15:53:29+08:00","city_label":"新北市","facility_kind_label":"路邊車格","available_rate":1,"occupancy_rate":0,"price_tier":"unknown","price_tier_label":"價格未知"}},{"type":"Feature","geometry":{"type":"Point","coordinates":[121.374389,24.93003]},"properties":{"supply_id":"new_taipei-onstreet-51398","city":"new_taipei","district":"三峽區","display_name":"光明路 車格 51398","address":"光明路","facility_kind":"onstreet","symbol_text":null,"type_reference":"路邊停車格","type_confidence":0.6,"price_raw":null,"price_value":null,"capacity_total":1,"available_total":1,"occupied_total":0,"status_label":"空位","data_time":"2026-05-02 15:53:29+08:00","city_label":"新北市","facility_kind_label":"路邊車格","available_rate":1,"occupancy_rate":0,"price_tier":"unknown","price_tier_label":"價格未知"}},{"type":"Feature","geometry":{"type":"Point","coordinates":[121.369226,24.922126]},"properties":{"supply_id":"new_taipei-onstreet-146554","city":"new_taipei","district":"三峽區","display_name":"安溪路 車格 146554","address":"安溪路","facility_kind":"onstreet","symbol_text":null,"type_reference":"路邊停車格","type_confidence":0.6,"price_raw":null,"price_value":null,"capacity_total":1,"available_total":1,"occupied_total":0,"status_label":"空位","data_time":"2026-05-02 15:53:29+08:00","city_label":"新北市","facility_kind_label":"路邊車格","available_rate":1,"occupancy_rate":0,"price_tier":"unknown","price_tier_label":"價格未知"}},{"type":"Feature","geometry":{"type":"Point","coordinates":[121.38001,24.932402]},"properties":{"supply_id":"new_taipei-onstreet-155213","city":"new_taipei","district":"三峽區","display_name":"水防道路 車格 155213","address":"水防道路","facility_kind":"onstreet","symbol_text":null,"type_reference":"路邊停車格","type_confidence":0.6,"price_raw":null,"price_value":null,"capacity_total":1,"available_total":1,"occupied_total":0,"status_label":"空位","data_time":"2026-05-02 15:53:29+08:00","city_label":"新北市","facility_kind_label":"路邊車格","available_rate":1,"occupancy_rate":0,"price_tier":"unknown","price_tier_label":"價格未知"}},{"type":"Feature","geometry":{"type":"Point","coordinates":[121.381587,24.944005]},"properties":{"supply_id":"new_taipei-onstreet-87694","city":"new_taipei","district":"三峽區","display_name":"三樹路 車格 87694","address":"三樹路","facility_kind":"onstreet","symbol_text":null,"type_reference":"路邊停車格","type_confidence":0.6,"price_raw":null,"price_value":null,"capacity_total":1,"available_total":1,"occupied_total":0,"status_label":"空位","data_time":"2026-05-02 15:53:29+08:00","city_label":"新北市","facility_kind_label":"路邊車格","available_rate":1,"occupancy_rate":0,"price_tier":"unknown","price_tier_label":"價格未知"}},{"type":"Feature","geometry":{"type":"Point","coordinates":[121.367733,24.928048]},"properties":{"supply_id":"new_taipei-onstreet-92672","city":"new_taipei","district":"三峽區","display_name":"民權街 車格 92672","address":"民權街","facility_kind":"onstreet","symbol_text":null,"type_reference":"路邊停車格","type_confidence":0.6,"price_raw":null,"price_value":null,"capacity_total":1,"available_total":0,"occupied_total":1,"status_label":"已停","data_time":"2026-05-02 15:53:29+08:00","city_label":"新北市","facility_kind_label":"路邊車格","available_rate":0,"occupancy_rate":1,"price_tier":"unknown","price_tier_label":"價格未知"}},{"type":"Feature","geometry":{"type":"Point","coordinates":[121.375608,24.928718]},"properties":{"supply_id":"new_taipei-onstreet-92594","city":"new_taipei","district":"三峽區","display_name":"光明路 車格 92594","address":"光明路","facility_kind":"onstreet","symbol_text":null,"type_reference":"路邊停車格","type_confidence":0.6,"price_raw":null,"price_value":null,"capacity_total":1,"available_total":0,"occupied_total":1,"status_label":"已停","data_time":"2026-05-02 15:53:29+08:00","city_label":"新北市","facility_kind_label":"路邊車格","available_rate":0,"occupancy_rate":1,"price_tier":"unknown","price_tier_label":"價格未知"}},{"type":"Feature","geometry":{"type":"Point","coordinates":[121.371549,24.926146]},"properties":{"supply_id":"new_taipei-onstreet-46008","city":"new_taipei","district":"三峽區","display_name":"中正路一段 車格 46008","address":"中正路一段","facility_kind":"onstreet","symbol_text":null,"type_reference":"路邊停車格","type_confidence":0.6,"price_raw":null,"price_value":null,"capacity_total":1,"available_total":0,"occupied_total":1,"status_label":"已停","data_time":"2026-05-02 15:53:29+08:00","city_label":"新北市","facility_kind_label":"路邊車格","available_rate":0,"occupancy_rate":1,"price_tier":"unknown","price_tier_label":"價格未知"}},{"type":"Feature","geometry":{"type":"Point","coordinates":[121.381723,24.944]},"properties":{"supply_id":"new_taipei-onstreet-87508","city":"new_taipei","district":"三峽區","display_name":"三樹路 車格 87508","address":"三樹路","facility_kind":"onstreet","symbol_text":null,"type_reference":"路邊停車格","type_confidence":0.6,"price_raw":null,"price_value":null,"capacity_total":1,"available_total":1,"occupied_total":0,"status_label":"空位","data_time":"2026-05-02 15:53:29+08:00","city_label":"新北市","facility_kind_label":"路邊車格","available_rate":1,"occupancy_rate":0,"price_tier":"unknown","price_tier_label":"價格未知"}},{"type":"Feature","geometry":{"type":"Point","coordinates":[121.367858,24.927679]},"properties":{"supply_id":"new_taipei-onstreet-93619","city":"new_taipei","district":"三峽區","display_name":"民權街 車格 93619","address":"民權街","facility_kind":"onstreet","symbol_text":null,"type_reference":"路邊停車格","type_confidence":0.6,"price_raw":null,"price_value":null,"capacity_total":1,"available_total":0,"occupied_total":1,"status_label":"已停","data_time":"2026-05-02 15:53:29+08:00","city_label":"新北市","facility_kind_label":"路邊車格","available_rate":0,"occupancy_rate":1,"price_tier":"unknown","price_tier_label":"價格未知"}},{"type":"Feature","geometry":{"type":"Point","coordinates":[121.371096,24.931111]},"properties":{"supply_id":"new_taipei-onstreet-51225","city":"new_taipei","district":"三峽區","display_name":"安溪路 車格 51225","address":"安溪路","facility_kind":"onstreet","symbol_text":null,"type_reference":"路邊停車格","type_confidence":0.6,"price_raw":null,"price_value":null,"capacity_total":1,"available_total":1,"occupied_total":0,"status_label":"空位","data_time":"2026-05-02 15:53:29+08:00","city_label":"新北市","facility_kind_label":"路邊車格","available_rate":1,"occupancy_rate":0,"price_tier":"unknown","price_tier_label":"價格未知"}},{"type":"Feature","geometry":{"type":"Point","coordinates":[121.367383,24.934564]},"properties":{"supply_id":"new_taipei-onstreet-93853","city":"new_taipei","district":"三峽區","display_name":"中山路67巷公有空地平面停車場 車格 93853","address":"中山路67巷公有空地平面停車場","facility_kind":"onstreet","symbol_text":null,"type_reference":"路邊停車格","type_confidence":0.6,"price_raw":null,"price_value":null,"capacity_total":1,"available_total":0,"occupied_total":1,"status_label":"已停","data_time":"2026-05-02 15:53:29+08:00","city_label":"新北市","facility_kind_label":"路邊車格","available_rate":0,"occupancy_rate":1,"price_tier":"unknown","price_tier_label":"價格未知"}},{"type":"Feature","geometry":{"type":"Point","coordinates":[121.369228,24.922144]},"properties":{"supply_id":"new_taipei-onstreet-146555","city":"new_taipei","district":"三峽區","display_name":"安溪路 車格 146555","address":"安溪路","facility_kind":"onstreet","symbol_text":null,"type_reference":"路邊停車格","type_confidence":0.6,"price_raw":null,"price_value":null,"capacity_total":1,"available_total":1,"occupied_total":0,"status_label":"空位","data_time":"2026-05-02 15:53:29+08:00","city_label":"新北市","facility_kind_label":"路邊車格","available_rate":1,"occupancy_rate":0,"price_tier":"unknown","price_tier_label":"價格未知"}},{"type":"Feature","geometry":{"type":"Point","coordinates":[121.380057,24.932377]},"properties":{"supply_id":"new_taipei-onstreet-155214","city":"new_taipei","district":"三峽區","display_name":"水防道路 車格 155214","address":"水防道路","facility_kind":"onstreet","symbol_text":null,"type_reference":"路邊停車格","type_confidence":0.6,"price_raw":null,"price_value":null,"capacity_total":1,"available_total":1,"occupied_total":0,"status_label":"空位","data_time":"2026-05-02 15:53:29+08:00","city_label":"新北市","facility_kind_label":"路邊車格","available_rate":1,"occupancy_rate":0,"price_tier":"unknown","price_tier_label":"價格未知"}},{"type":"Feature","geometry":{"type":"Point","coordinates":[121.36044,24.936564]},"properties":{"supply_id":"new_taipei-onstreet-95275","city":"new_taipei","district":"三峽區","display_name":"大智路 車格 95275","address":"大智路","facility_kind":"onstreet","symbol_text":null,"type_reference":"路邊停車格","type_confidence":0.6,"price_raw":null,"price_value":null,"capacity_total":1,"available_total":0,"occupied_total":1,"status_label":"已停","data_time":"2026-05-02 15:53:29+08:00","city_label":"新北市","facility_kind_label":"路邊車格","available_rate":0,"occupancy_rate":1,"price_tier":"unknown","price_tier_label":"價格未知"}},{"type":"Feature","geometry":{"type":"Point","coordinates":[121.371104,24.931165]},"properties":{"supply_id":"new_taipei-onstreet-86813","city":"new_taipei","district":"三峽區","display_name":"安溪路 車格 86813","address":"安溪路","facility_kind":"onstreet","symbol_text":null,"type_reference":"路邊停車格","type_confidence":0.6,"price_raw":null,"price_value":null,"capacity_total":1,"available_total":0,"occupied_total":1,"status_label":"已停","data_time":"2026-05-02 15:53:29+08:00","city_label":"新北市","facility_kind_label":"路邊車格","available_rate":0,"occupancy_rate":1,"price_tier":"unknown","price_tier_label":"價格未知"}},{"type":"Feature","geometry":{"type":"Point","coordinates":[121.36741,24.934564]},"properties":{"supply_id":"new_taipei-onstreet-64378","city":"new_taipei","district":"三峽區","display_name":"中山路67巷公有空地平面停車場 車格 64378","address":"中山路67巷公有空地平面停車場","facility_kind":"onstreet","symbol_text":null,"type_reference":"路邊停車格","type_confidence":0.6,"price_raw":null,"price_value":null,"capacity_total":1,"available_total":1,"occupied_total":0,"status_label":"空位","data_time":"2026-05-02 15:53:29+08:00","city_label":"新北市","facility_kind_label":"路邊車格","available_rate":1,"occupancy_rate":0,"price_tier":"unknown","price_tier_label":"價格未知"}},{"type":"Feature","geometry":{"type":"Point","coordinates":[121.360441,24.93649]},"properties":{"supply_id":"new_taipei-onstreet-95276","city":"new_taipei","district":"三峽區","display_name":"大智路 車格 95276","address":"大智路","facility_kind":"onstreet","symbol_text":null,"type_reference":"路邊停車格","type_confidence":0.6,"price_raw":null,"price_value":null,"capacity_total":1,"available_total":0,"occupied_total":1,"status_label":"已停","data_time":"2026-05-02 15:53:29+08:00","city_label":"新北市","facility_kind_label":"路邊車格","available_rate":0,"occupancy_rate":1,"price_tier":"unknown","price_tier_label":"價格未知"}},{"type":"Feature","geometry":{"type":"Point","coordinates":[121.37467,24.930863]},"properties":{"supply_id":"new_taipei-onstreet-57878","city":"new_taipei","district":"三峽區","display_name":"愛國路 車格 57878","address":"愛國路","facility_kind":"onstreet","symbol_text":null,"type_reference":"路邊停車格","type_confidence":0.6,"price_raw":null,"price_value":null,"capacity_total":1,"available_total":1,"occupied_total":0,"status_label":"空位","data_time":"2026-05-02 15:53:29+08:00","city_label":"新北市","facility_kind_label":"路邊車格","available_rate":1,"occupancy_rate":0,"price_tier":"unknown","price_tier_label":"價格未知"}},{"type":"Feature","geometry":{"type":"Point","coordinates":[121.373119,24.945656]},"properties":{"supply_id":"new_taipei-onstreet-26067","city":"new_taipei","district":"三峽區","display_name":"大學路 車格 26067","address":"大學路","facility_kind":"onstreet","symbol_text":null,"type_reference":"路邊停車格","type_confidence":0.6,"price_raw":null,"price_value":null,"capacity_total":1,"available_total":1,"occupied_total":0,"status_label":"空位","data_time":"2026-05-02 15:53:29+08:00","city_label":"新北市","facility_kind_label":"路邊車格","available_rate":1,"occupancy_rate":0,"price_tier":"unknown","price_tier_label":"價格未知"}},{"type":"Feature","geometry":{"type":"Point","coordinates":[121.373378,24.926664]},"properties":{"supply_id":"new_taipei-onstreet-132332","city":"new_taipei","district":"三峽區","display_name":"大同路 車格 132332","address":"大同路","facility_kind":"onstreet","symbol_text":null,"type_reference":"路邊停車格","type_confidence":0.6,"price_raw":null,"price_value":null,"capacity_total":1,"available_total":1,"occupied_total":0,"status_label":"空位","data_time":"2026-05-02 15:53:29+08:00","city_label":"新北市","facility_kind_label":"路邊車格","available_rate":1,"occupancy_rate":0,"price_tier":"unknown","price_tier_label":"價格未知"}},{"type":"Feature","geometry":{"type":"Point","coordinates":[121.363169,24.935789]},"properties":{"supply_id":"new_taipei-onstreet-57040","city":"new_taipei","district":"三峽區","display_name":"文化路 車格 57040","address":"文化路","facility_kind":"onstreet","symbol_text":null,"type_reference":"路邊停車格","type_confidence":0.6,"price_raw":null,"price_value":null,"capacity_total":1,"available_total":0,"occupied_total":1,"status_label":"已停","data_time":"2026-05-02 15:53:29+08:00","city_label":"新北市","facility_kind_label":"路邊車格","available_rate":0,"occupancy_rate":1,"price_tier":"unknown","price_tier_label":"價格未知"}},{"type":"Feature","geometry":{"type":"Point","coordinates":[121.371505,24.925974]},"properties":{"supply_id":"new_taipei-onstreet-46007","city":"new_taipei","district":"三峽區","display_name":"中正路一段 車格 46007","address":"中正路一段","facility_kind":"onstreet","symbol_text":null,"type_reference":"路邊停車格","type_confidence":0.6,"price_raw":null,"price_value":null,"capacity_total":1,"available_total":0,"occupied_total":1,"status_label":"已停","data_time":"2026-05-02 15:53:29+08:00","city_label":"新北市","facility_kind_label":"路邊車格","available_rate":0,"occupancy_rate":1,"price_tier":"unknown","price_tier_label":"價格未知"}},{"type":"Feature","geometry":{"type":"Point","coordinates":[121.360442,24.936436]},"properties":{"supply_id":"new_taipei-onstreet-59712","city":"new_taipei","district":"三峽區","display_name":"大智路 車格 59712","address":"大智路","facility_kind":"onstreet","symbol_text":null,"type_reference":"路邊停車格","type_confidence":0.6,"price_raw":null,"price_value":null,"capacity_total":1,"available_total":1,"occupied_total":0,"status_label":"空位","data_time":"2026-05-02 15:53:29+08:00","city_label":"新北市","facility_kind_label":"路邊車格","available_rate":1,"occupancy_rate":0,"price_tier":"unknown","price_tier_label":"價格未知"}},{"type":"Feature","geometry":{"type":"Point","coordinates":[121.374317,24.930105]},"properties":{"supply_id":"new_taipei-onstreet-51399","city":"new_taipei","district":"三峽區","display_name":"光明路 車格 51399","address":"光明路","facility_kind":"onstreet","symbol_text":null,"type_reference":"路邊停車格","type_confidence":0.6,"price_raw":null,"price_value":null,"capacity_total":1,"available_total":1,"occupied_total":0,"status_label":"空位","data_time":"2026-05-02 15:53:29+08:00","city_label":"新北市","facility_kind_label":"路邊車格","available_rate":1,"occupancy_rate":0,"price_tier":"unknown","price_tier_label":"價格未知"}},{"type":"Feature","geometry":{"type":"Point","coordinates":[121.373904,24.944635]},"properties":{"supply_id":"new_taipei-onstreet-95355","city":"new_taipei","district":"三峽區","display_name":"大學路 車格 95355","address":"大學路","facility_kind":"onstreet","symbol_text":null,"type_reference":"路邊停車格","type_confidence":0.6,"price_raw":null,"price_value":null,"capacity_total":1,"available_total":1,"occupied_total":0,"status_label":"空位","data_time":"2026-05-02 15:53:29+08:00","city_label":"新北市","facility_kind_label":"路邊車格","available_rate":1,"occupancy_rate":0,"price_tier":"unknown","price_tier_label":"價格未知"}},{"type":"Feature","geometry":{"type":"Point","coordinates":[121.373452,24.926666]},"properties":{"supply_id":"new_taipei-onstreet-132334","city":"new_taipei","district":"三峽區","display_name":"大同路 車格 132334","address":"大同路","facility_kind":"onstreet","symbol_text":null,"type_reference":"路邊停車格","type_confidence":0.6,"price_raw":null,"price_value":null,"capacity_total":1,"available_total":0,"occupied_total":1,"status_label":"已停","data_time":"2026-05-02 15:53:29+08:00","city_label":"新北市","facility_kind_label":"路邊車格","available_rate":0,"occupancy_rate":1,"price_tier":"unknown","price_tier_label":"價格未知"}},{"type":"Feature","geometry":{"type":"Point","coordinates":[121.363024,24.935853]},"properties":{"supply_id":"new_taipei-onstreet-59810","city":"new_taipei","district":"三峽區","display_name":"文化路 車格 59810","address":"文化路","facility_kind":"onstreet","symbol_text":null,"type_reference":"路邊停車格","type_confidence":0.6,"price_raw":null,"price_value":null,"capacity_total":1,"available_total":1,"occupied_total":0,"status_label":"空位","data_time":"2026-05-02 15:53:29+08:00","city_label":"新北市","facility_kind_label":"路邊車格","available_rate":1,"occupancy_rate":0,"price_tier":"unknown","price_tier_label":"價格未知"}},{"type":"Feature","geometry":{"type":"Point","coordinates":[121.371496,24.925925]},"properties":{"supply_id":"new_taipei-onstreet-46011","city":"new_taipei","district":"三峽區","display_name":"中正路一段 車格 46011","address":"中正路一段","facility_kind":"onstreet","symbol_text":null,"type_reference":"路邊停車格","type_confidence":0.6,"price_raw":null,"price_value":null,"capacity_total":1,"available_total":1,"occupied_total":0,"status_label":"空位","data_time":"2026-05-02 15:53:29+08:00","city_label":"新北市","facility_kind_label":"路邊車格","available_rate":1,"occupancy_rate":0,"price_tier":"unknown","price_tier_label":"價格未知"}},{"type":"Feature","geometry":{"type":"Point","coordinates":[121.373318,24.926668]},"properties":{"supply_id":"new_taipei-onstreet-132331","city":"new_taipei","district":"三峽區","display_name":"大同路 車格 132331","address":"大同路","facility_kind":"onstreet","symbol_text":null,"type_reference":"路邊停車格","type_confidence":0.6,"price_raw":null,"price_value":null,"capacity_total":1,"available_total":1,"occupied_total":0,"status_label":"空位","data_time":"2026-05-02 15:53:29+08:00","city_label":"新北市","facility_kind_label":"路邊車格","available_rate":1,"occupancy_rate":0,"price_tier":"unknown","price_tier_label":"價格未知"}},{"type":"Feature","geometry":{"type":"Point","coordinates":[121.36322,24.935767]},"properties":{"supply_id":"new_taipei-onstreet-59824","city":"new_taipei","district":"三峽區","display_name":"文化路 車格 59824","address":"文化路","facility_kind":"onstreet","symbol_text":null,"type_reference":"路邊停車格","type_confidence":0.6,"price_raw":null,"price_value":null,"capacity_total":1,"available_total":0,"occupied_total":1,"status_label":"已停","data_time":"2026-05-02 15:53:29+08:00","city_label":"新北市","facility_kind_label":"路邊車格","available_rate":0,"occupancy_rate":1,"price_tier":"unknown","price_tier_label":"價格未知"}},{"type":"Feature","geometry":{"type":"Point","coordinates":[121.367875,24.927631]},"properties":{"supply_id":"new_taipei-onstreet-93621","city":"new_taipei","district":"三峽區","display_name":"民權街 車格 93621","address":"民權街","facility_kind":"onstreet","symbol_text":null,"type_reference":"路邊停車格","type_confidence":0.6,"price_raw":null,"price_value":null,"capacity_total":1,"available_total":1,"occupied_total":0,"status_label":"空位","data_time":"2026-05-02 15:53:29+08:00","city_label":"新北市","facility_kind_label":"路邊車格","available_rate":1,"occupancy_rate":0,"price_tier":"unknown","price_tier_label":"價格未知"}},{"type":"Feature","geometry":{"type":"Point","coordinates":[121.371088,24.931058]},"properties":{"supply_id":"new_taipei-onstreet-52591","city":"new_taipei","district":"三峽區","display_name":"安溪路 車格 52591","address":"安溪路","facility_kind":"onstreet","symbol_text":null,"type_reference":"路邊停車格","type_confidence":0.6,"price_raw":null,"price_value":null,"capacity_total":1,"available_total":1,"occupied_total":0,"status_label":"空位","data_time":"2026-05-02 15:53:29+08:00","city_label":"新北市","facility_kind_label":"路邊車格","available_rate":1,"occupancy_rate":0,"price_tier":"unknown","price_tier_label":"價格未知"}},{"type":"Feature","geometry":{"type":"Point","coordinates":[121.367357,24.934563]},"properties":{"supply_id":"new_taipei-onstreet-104978","city":"new_taipei","district":"三峽區","display_name":"中山路67巷公有空地平面停車場 車格 104978","address":"中山路67巷公有空地平面停車場","facility_kind":"onstreet","symbol_text":null,"type_reference":"路邊停車格","type_confidence":0.6,"price_raw":null,"price_value":null,"capacity_total":1,"available_total":0,"occupied_total":1,"status_label":"已停","data_time":"2026-05-02 15:53:29+08:00","city_label":"新北市","facility_kind_label":"路邊車格","available_rate":0,"occupancy_rate":1,"price_tier":"unknown","price_tier_label":"價格未知"}},{"type":"Feature","geometry":{"type":"Point","coordinates":[121.369231,24.922162]},"properties":{"supply_id":"new_taipei-onstreet-146556","city":"new_taipei","district":"三峽區","display_name":"安溪路 車格 146556","address":"安溪路","facility_kind":"onstreet","symbol_text":null,"type_reference":"路邊停車格","type_confidence":0.6,"price_raw":null,"price_value":null,"capacity_total":1,"available_total":1,"occupied_total":0,"status_label":"空位","data_time":"2026-05-02 15:53:29+08:00","city_label":"新北市","facility_kind_label":"路邊車格","available_rate":1,"occupancy_rate":0,"price_tier":"unknown","price_tier_label":"價格未知"}},{"type":"Feature","geometry":{"type":"Point","coordinates":[121.380105,24.932352]},"properties":{"supply_id":"new_taipei-onstreet-155215","city":"new_taipei","district":"三峽區","display_name":"水防道路 車格 155215","address":"水防道路","facility_kind":"onstreet","symbol_text":null,"type_reference":"路邊停車格","type_confidence":0.6,"price_raw":null,"price_value":null,"capacity_total":1,"available_total":0,"occupied_total":1,"status_label":"已停","data_time":"2026-05-02 15:53:29+08:00","city_label":"新北市","facility_kind_label":"路邊車格","available_rate":0,"occupancy_rate":1,"price_tier":"unknown","price_tier_label":"價格未知"}},{"type":"Feature","geometry":{"type":"Point","coordinates":[121.373512,24.926668]},"properties":{"supply_id":"new_taipei-onstreet-132333","city":"new_taipei","district":"三峽區","display_name":"大同路 車格 132333","address":"大同路","facility_kind":"onstreet","symbol_text":null,"type_reference":"路邊停車格","type_confidence":0.6,"price_raw":null,"price_value":null,"capacity_total":1,"available_total":1,"occupied_total":0,"status_label":"空位","data_time":"2026-05-02 15:53:29+08:00","city_label":"新北市","facility_kind_label":"路邊車格","available_rate":1,"occupancy_rate":0,"price_tier":"unknown","price_tier_label":"價格未知"}},{"type":"Feature","geometry":{"type":"Point","coordinates":[121.374259,24.930164]},"properties":{"supply_id":"new_taipei-onstreet-51381","city":"new_taipei","district":"三峽區","display_name":"光明路 車格 51381","address":"光明路","facility_kind":"onstreet","symbol_text":null,"type_reference":"路邊停車格","type_confidence":0.6,"price_raw":null,"price_value":null,"capacity_total":1,"available_total":1,"occupied_total":0,"status_label":"空位","data_time":"2026-05-02 15:53:29+08:00","city_label":"新北市","facility_kind_label":"路邊車格","available_rate":1,"occupancy_rate":0,"price_tier":"unknown","price_tier_label":"價格未知"}},{"type":"Feature","geometry":{"type":"Point","coordinates":[121.374353,24.930067]},"properties":{"supply_id":"new_taipei-onstreet-51392","city":"new_taipei","district":"三峽區","display_name":"光明路 車格 51392","address":"光明路","facility_kind":"onstreet","symbol_text":null,"type_reference":"路邊停車格","type_confidence":0.6,"price_raw":null,"price_value":null,"capacity_total":1,"available_total":1,"occupied_total":0,"status_label":"空位","data_time":"2026-05-02 15:53:29+08:00","city_label":"新北市","facility_kind_label":"路邊車格","available_rate":1,"occupancy_rate":0,"price_tier":"unknown","price_tier_label":"價格未知"}},{"type":"Feature","geometry":{"type":"Point","coordinates":[121.362518,24.936018]},"properties":{"supply_id":"new_taipei-onstreet-15375","city":"new_taipei","district":"三峽區","display_name":"文化路 車格 15375","address":"文化路","facility_kind":"onstreet","symbol_text":null,"type_reference":"路邊停車格","type_confidence":0.6,"price_raw":null,"price_value":null,"capacity_total":1,"available_total":1,"occupied_total":0,"status_label":"空位","data_time":"2026-05-02 15:53:29+08:00","city_label":"新北市","facility_kind_label":"路邊車格","available_rate":1,"occupancy_rate":0,"price_tier":"unknown","price_tier_label":"價格未知"}},{"type":"Feature","geometry":{"type":"Point","coordinates":[121.37108,24.931004]},"properties":{"supply_id":"new_taipei-onstreet-86815","city":"new_taipei","district":"三峽區","display_name":"安溪路 車格 86815","address":"安溪路","facility_kind":"onstreet","symbol_text":null,"type_reference":"路邊停車格","type_confidence":0.6,"price_raw":null,"price_value":null,"capacity_total":1,"available_total":1,"occupied_total":0,"status_label":"空位","data_time":"2026-05-02 15:53:29+08:00","city_label":"新北市","facility_kind_label":"路邊車格","available_rate":1,"occupancy_rate":0,"price_tier":"unknown","price_tier_label":"價格未知"}},{"type":"Feature","geometry":{"type":"Point","coordinates":[121.36792,24.927508]},"properties":{"supply_id":"new_taipei-onstreet-93620","city":"new_taipei","district":"三峽區","display_name":"民權街 車格 93620","address":"民權街","facility_kind":"onstreet","symbol_text":null,"type_reference":"路邊停車格","type_confidence":0.6,"price_raw":null,"price_value":null,"capacity_total":1,"available_total":1,"occupied_total":0,"status_label":"空位","data_time":"2026-05-02 15:53:29+08:00","city_label":"新北市","facility_kind_label":"路邊車格","available_rate":1,"occupancy_rate":0,"price_tier":"unknown","price_tier_label":"價格未知"}},{"type":"Feature","geometry":{"type":"Point","coordinates":[121.373936,24.944595]},"properties":{"supply_id":"new_taipei-onstreet-95358","city":"new_taipei","district":"三峽區","display_name":"大學路 車格 95358","address":"大學路","facility_kind":"onstreet","symbol_text":null,"type_reference":"路邊停車格","type_confidence":0.6,"price_raw":null,"price_value":null,"capacity_total":1,"available_total":1,"occupied_total":0,"status_label":"空位","data_time":"2026-05-02 15:53:29+08:00","city_label":"新北市","facility_kind_label":"路邊車格","available_rate":1,"occupancy_rate":0,"price_tier":"unknown","price_tier_label":"價格未知"}},{"type":"Feature","geometry":{"type":"Point","coordinates":[121.367331,24.934563]},"properties":{"supply_id":"new_taipei-onstreet-12606","city":"new_taipei","district":"三峽區","display_name":"中山路67巷公有空地平面停車場 車格 12606","address":"中山路67巷公有空地平面停車場","facility_kind":"onstreet","symbol_text":null,"type_reference":"路邊停車格","type_confidence":0.6,"price_raw":null,"price_value":null,"capacity_total":1,"available_total":1,"occupied_total":0,"status_label":"空位","data_time":"2026-05-02 15:53:29+08:00","city_label":"新北市","facility_kind_label":"路邊車格","available_rate":1,"occupancy_rate":0,"price_tier":"unknown","price_tier_label":"價格未知"}},{"type":"Feature","geometry":{"type":"Point","coordinates":[121.373598,24.926675]},"properties":{"supply_id":"new_taipei-onstreet-132335","city":"new_taipei","district":"三峽區","display_name":"大同路 車格 132335","address":"大同路","facility_kind":"onstreet","symbol_text":null,"type_reference":"路邊停車格","type_confidence":0.6,"price_raw":null,"price_value":null,"capacity_total":1,"available_total":0,"occupied_total":1,"status_label":"已停","data_time":"2026-05-02 15:53:29+08:00","city_label":"新北市","facility_kind_label":"路邊車格","available_rate":0,"occupancy_rate":1,"price_tier":"unknown","price_tier_label":"價格未知"}},{"type":"Feature","geometry":{"type":"Point","coordinates":[121.362826,24.935936]},"properties":{"supply_id":"new_taipei-onstreet-84211","city":"new_taipei","district":"三峽區","display_name":"文化路 車格 84211","address":"文化路","facility_kind":"onstreet","symbol_text":null,"type_reference":"路邊停車格","type_confidence":0.6,"price_raw":null,"price_value":null,"capacity_total":1,"available_total":1,"occupied_total":0,"status_label":"空位","data_time":"2026-05-02 15:53:29+08:00","city_label":"新北市","facility_kind_label":"路邊車格","available_rate":1,"occupancy_rate":0,"price_tier":"unknown","price_tier_label":"價格未知"}},{"type":"Feature","geometry":{"type":"Point","coordinates":[121.360445,24.936267]},"properties":{"supply_id":"new_taipei-onstreet-95277","city":"new_taipei","district":"三峽區","display_name":"大智路 車格 95277","address":"大智路","facility_kind":"onstreet","symbol_text":null,"type_reference":"路邊停車格","type_confidence":0.6,"price_raw":null,"price_value":null,"capacity_total":1,"available_total":0,"occupied_total":1,"status_label":"已停","data_time":"2026-05-02 15:53:29+08:00","city_label":"新北市","facility_kind_label":"路邊車格","available_rate":0,"occupancy_rate":1,"price_tier":"unknown","price_tier_label":"價格未知"}},{"type":"Feature","geometry":{"type":"Point","coordinates":[121.373967,24.944554]},"properties":{"supply_id":"new_taipei-onstreet-95359","city":"new_taipei","district":"三峽區","display_name":"大學路 車格 95359","address":"大學路","facility_kind":"onstreet","symbol_text":null,"type_reference":"路邊停車格","type_confidence":0.6,"price_raw":null,"price_value":null,"capacity_total":1,"available_total":1,"occupied_total":0,"status_label":"空位","data_time":"2026-05-02 15:53:29+08:00","city_label":"新北市","facility_kind_label":"路邊車格","available_rate":1,"occupancy_rate":0,"price_tier":"unknown","price_tier_label":"價格未知"}},{"type":"Feature","geometry":{"type":"Point","coordinates":[121.374226,24.930199]},"properties":{"supply_id":"new_taipei-onstreet-50444","city":"new_taipei","district":"三峽區","display_name":"光明路 車格 50444","address":"光明路","facility_kind":"onstreet","symbol_text":null,"type_reference":"路邊停車格","type_confidence":0.6,"price_raw":null,"price_value":null,"capacity_total":1,"available_total":1,"occupied_total":0,"status_label":"空位","data_time":"2026-05-02 15:53:29+08:00","city_label":"新北市","facility_kind_label":"路邊車格","available_rate":1,"occupancy_rate":0,"price_tier":"unknown","price_tier_label":"價格未知"}},{"type":"Feature","geometry":{"type":"Point","coordinates":[121.371388,24.925362]},"properties":{"supply_id":"new_taipei-onstreet-46015","city":"new_taipei","district":"三峽區","display_name":"中正路一段 車格 46015","address":"中正路一段","facility_kind":"onstreet","symbol_text":null,"type_reference":"路邊停車格","type_confidence":0.6,"price_raw":null,"price_value":null,"capacity_total":1,"available_total":1,"occupied_total":0,"status_label":"空位","data_time":"2026-05-02 15:53:29+08:00","city_label":"新北市","facility_kind_label":"路邊車格","available_rate":1,"occupancy_rate":0,"price_tier":"unknown","price_tier_label":"價格未知"}},{"type":"Feature","geometry":{"type":"Point","coordinates":[121.360446,24.936212]},"properties":{"supply_id":"new_taipei-onstreet-83504","city":"new_taipei","district":"三峽區","display_name":"大智路 車格 83504","address":"大智路","facility_kind":"onstreet","symbol_text":null,"type_reference":"路邊停車格","type_confidence":0.6,"price_raw":null,"price_value":null,"capacity_total":1,"available_total":0,"occupied_total":1,"status_label":"已停","data_time":"2026-05-02 15:53:29+08:00","city_label":"新北市","facility_kind_label":"路邊車格","available_rate":0,"occupancy_rate":1,"price_tier":"unknown","price_tier_label":"價格未知"}},{"type":"Feature","geometry":{"type":"Point","coordinates":[121.371063,24.930897]},"properties":{"supply_id":"new_taipei-onstreet-51223","city":"new_taipei","district":"三峽區","display_name":"安溪路 車格 51223","address":"安溪路","facility_kind":"onstreet","symbol_text":null,"type_reference":"路邊停車格","type_confidence":0.6,"price_raw":null,"price_value":null,"capacity_total":1,"available_total":1,"occupied_total":0,"status_label":"空位","data_time":"2026-05-02 15:53:29+08:00","city_label":"新北市","facility_kind_label":"路邊車格","available_rate":1,"occupancy_rate":0,"price_tier":"unknown","price_tier_label":"價格未知"}},{"type":"Feature","geometry":{"type":"Point","coordinates":[121.367265,24.934548]},"properties":{"supply_id":"new_taipei-onstreet-83087","city":"new_taipei","district":"三峽區","display_name":"中山路67巷公有空地平面停車場 車格 83087","address":"中山路67巷公有空地平面停車場","facility_kind":"onstreet","symbol_text":null,"type_reference":"路邊停車格","type_confidence":0.6,"price_raw":null,"price_value":null,"capacity_total":1,"available_total":0,"occupied_total":1,"status_label":"已停","data_time":"2026-05-02 15:53:29+08:00","city_label":"新北市","facility_kind_label":"路邊車格","available_rate":0,"occupancy_rate":1,"price_tier":"unknown","price_tier_label":"價格未知"}},{"type":"Feature","geometry":{"type":"Point","coordinates":[121.371072,24.93095]},"properties":{"supply_id":"new_taipei-onstreet-86814","city":"new_taipei","district":"三峽區","display_name":"安溪路 車格 86814","address":"安溪路","facility_kind":"onstreet","symbol_text":null,"type_reference":"路邊停車格","type_confidence":0.6,"price_raw":null,"price_value":null,"capacity_total":1,"available_total":1,"occupied_total":0,"status_label":"空位","data_time":"2026-05-02 15:53:29+08:00","city_label":"新北市","facility_kind_label":"路邊車格","available_rate":1,"occupancy_rate":0,"price_tier":"unknown","price_tier_label":"價格未知"}},{"type":"Feature","geometry":{"type":"Point","coordinates":[121.367305,24.934563]},"properties":{"supply_id":"new_taipei-onstreet-26919","city":"new_taipei","district":"三峽區","display_name":"中山路67巷公有空地平面停車場 車格 26919","address":"中山路67巷公有空地平面停車場","facility_kind":"onstreet","symbol_text":null,"type_reference":"路邊停車格","type_confidence":0.6,"price_raw":null,"price_value":null,"capacity_total":1,"available_total":1,"occupied_total":0,"status_label":"空位","data_time":"2026-05-02 15:53:29+08:00","city_label":"新北市","facility_kind_label":"路邊車格","available_rate":1,"occupancy_rate":0,"price_tier":"unknown","price_tier_label":"價格未知"}},{"type":"Feature","geometry":{"type":"Point","coordinates":[121.368003,24.927278]},"properties":{"supply_id":"new_taipei-onstreet-93623","city":"new_taipei","district":"三峽區","display_name":"民權街 車格 93623","address":"民權街","facility_kind":"onstreet","symbol_text":null,"type_reference":"路邊停車格","type_confidence":0.6,"price_raw":null,"price_value":null,"capacity_total":1,"available_total":0,"occupied_total":1,"status_label":"已停","data_time":"2026-05-02 15:53:29+08:00","city_label":"新北市","facility_kind_label":"路邊車格","available_rate":0,"occupancy_rate":1,"price_tier":"unknown","price_tier_label":"價格未知"}},{"type":"Feature","geometry":{"type":"Point","coordinates":[121.360444,24.936321]},"properties":{"supply_id":"new_taipei-onstreet-95265","city":"new_taipei","district":"三峽區","display_name":"大智路 車格 95265","address":"大智路","facility_kind":"onstreet","symbol_text":null,"type_reference":"路邊停車格","type_confidence":0.6,"price_raw":null,"price_value":null,"capacity_total":1,"available_total":1,"occupied_total":0,"status_label":"空位","data_time":"2026-05-02 15:53:29+08:00","city_label":"新北市","facility_kind_label":"路邊車格","available_rate":1,"occupancy_rate":0,"price_tier":"unknown","price_tier_label":"價格未知"}},{"type":"Feature","geometry":{"type":"Point","coordinates":[121.37474,24.930915]},"properties":{"supply_id":"new_taipei-onstreet-57881","city":"new_taipei","district":"三峽區","display_name":"愛國路 車格 57881","address":"愛國路","facility_kind":"onstreet","symbol_text":null,"type_reference":"路邊停車格","type_confidence":0.6,"price_raw":null,"price_value":null,"capacity_total":1,"available_total":1,"occupied_total":0,"status_label":"空位","data_time":"2026-05-02 15:53:29+08:00","city_label":"新北市","facility_kind_label":"路邊車格","available_rate":1,"occupancy_rate":0,"price_tier":"unknown","price_tier_label":"價格未知"}},{"type":"Feature","geometry":{"type":"Point","coordinates":[121.371398,24.925411]},"properties":{"supply_id":"new_taipei-onstreet-46016","city":"new_taipei","district":"三峽區","display_name":"中正路一段 車格 46016","address":"中正路一段","facility_kind":"onstreet","symbol_text":null,"type_reference":"路邊停車格","type_confidence":0.6,"price_raw":null,"price_value":null,"capacity_total":1,"available_total":1,"occupied_total":0,"status_label":"空位","data_time":"2026-05-02 15:53:29+08:00","city_label":"新北市","facility_kind_label":"路邊車格","available_rate":1,"occupancy_rate":0,"price_tier":"unknown","price_tier_label":"價格未知"}},{"type":"Feature","geometry":{"type":"Point","coordinates":[121.369233,24.92218]},"properties":{"supply_id":"new_taipei-onstreet-146557","city":"new_taipei","district":"三峽區","display_name":"安溪路 車格 146557","address":"安溪路","facility_kind":"onstreet","symbol_text":null,"type_reference":"路邊停車格","type_confidence":0.6,"price_raw":null,"price_value":null,"capacity_total":1,"available_total":1,"occupied_total":0,"status_label":"空位","data_time":"2026-05-02 15:53:29+08:00","city_label":"新北市","facility_kind_label":"路邊車格","available_rate":1,"occupancy_rate":0,"price_tier":"unknown","price_tier_label":"價格未知"}},{"type":"Feature","geometry":{"type":"Point","coordinates":[121.380375,24.932211]},"properties":{"supply_id":"new_taipei-onstreet-155218","city":"new_taipei","district":"三峽區","display_name":"水防道路 車格 155218","address":"水防道路","facility_kind":"onstreet","symbol_text":null,"type_reference":"路邊停車格","type_confidence":0.6,"price_raw":null,"price_value":null,"capacity_total":1,"available_total":1,"occupied_total":0,"status_label":"空位","data_time":"2026-05-02 15:53:29+08:00","city_label":"新北市","facility_kind_label":"路邊車格","available_rate":1,"occupancy_rate":0,"price_tier":"unknown","price_tier_label":"價格未知"}},{"type":"Feature","geometry":{"type":"Point","coordinates":[121.373998,24.944513]},"properties":{"supply_id":"new_taipei-onstreet-87523","city":"new_taipei","district":"三峽區","display_name":"大學路 車格 87523","address":"大學路","facility_kind":"onstreet","symbol_text":null,"type_reference":"路邊停車格","type_confidence":0.6,"price_raw":null,"price_value":null,"capacity_total":1,"available_total":1,"occupied_total":0,"status_label":"空位","data_time":"2026-05-02 15:53:29+08:00","city_label":"新北市","facility_kind_label":"路邊車格","available_rate":1,"occupancy_rate":0,"price_tier":"unknown","price_tier_label":"價格未知"}},{"type":"Feature","geometry":{"type":"Point","coordinates":[121.369238,24.922216]},"properties":{"supply_id":"new_taipei-onstreet-146559","city":"new_taipei","district":"三峽區","display_name":"安溪路 車格 146559","address":"安溪路","facility_kind":"onstreet","symbol_text":null,"type_reference":"路邊停車格","type_confidence":0.6,"price_raw":null,"price_value":null,"capacity_total":1,"available_total":0,"occupied_total":1,"status_label":"已停","data_time":"2026-05-02 15:53:29+08:00","city_label":"新北市","facility_kind_label":"路邊車格","available_rate":0,"occupancy_rate":1,"price_tier":"unknown","price_tier_label":"價格未知"}},{"type":"Feature","geometry":{"type":"Point","coordinates":[121.380471,24.932161]},"properties":{"supply_id":"new_taipei-onstreet-155220","city":"new_taipei","district":"三峽區","display_name":"水防道路 車格 155220","address":"水防道路","facility_kind":"onstreet","symbol_text":null,"type_reference":"路邊停車格","type_confidence":0.6,"price_raw":null,"price_value":null,"capacity_total":1,"available_total":0,"occupied_total":1,"status_label":"已停","data_time":"2026-05-02 15:53:29+08:00","city_label":"新北市","facility_kind_label":"路邊車格","available_rate":0,"occupancy_rate":1,"price_tier":"unknown","price_tier_label":"價格未知"}},{"type":"Feature","geometry":{"type":"Point","coordinates":[121.373657,24.926681]},"properties":{"supply_id":"new_taipei-onstreet-132336","city":"new_taipei","district":"三峽區","display_name":"大同路 車格 132336","address":"大同路","facility_kind":"onstreet","symbol_text":null,"type_reference":"路邊停車格","type_confidence":0.6,"price_raw":null,"price_value":null,"capacity_total":1,"available_total":1,"occupied_total":0,"status_label":"空位","data_time":"2026-05-02 15:53:29+08:00","city_label":"新北市","facility_kind_label":"路邊車格","available_rate":1,"occupancy_rate":0,"price_tier":"unknown","price_tier_label":"價格未知"}},{"type":"Feature","geometry":{"type":"Point","coordinates":[121.362775,24.935954]},"properties":{"supply_id":"new_taipei-onstreet-72016","city":"new_taipei","district":"三峽區","display_name":"文化路 車格 72016","address":"文化路","facility_kind":"onstreet","symbol_text":null,"type_reference":"路邊停車格","type_confidence":0.6,"price_raw":null,"price_value":null,"capacity_total":1,"available_total":0,"occupied_total":1,"status_label":"已停","data_time":"2026-05-02 15:53:29+08:00","city_label":"新北市","facility_kind_label":"路邊車格","available_rate":0,"occupancy_rate":1,"price_tier":"unknown","price_tier_label":"價格未知"}},{"type":"Feature","geometry":{"type":"Point","coordinates":[121.36924,24.922234]},"properties":{"supply_id":"new_taipei-onstreet-146560","city":"new_taipei","district":"三峽區","display_name":"安溪路 車格 146560","address":"安溪路","facility_kind":"onstreet","symbol_text":null,"type_reference":"路邊停車格","type_confidence":0.6,"price_raw":null,"price_value":null,"capacity_total":1,"available_total":0,"occupied_total":1,"status_label":"已停","data_time":"2026-05-02 15:53:29+08:00","city_label":"新北市","facility_kind_label":"路邊車格","available_rate":0,"occupancy_rate":1,"price_tier":"unknown","price_tier_label":"價格未知"}},{"type":"Feature","geometry":{"type":"Point","coordinates":[121.380518,24.932136]},"properties":{"supply_id":"new_taipei-onstreet-155221","city":"new_taipei","district":"三峽區","display_name":"水防道路 車格 155221","address":"水防道路","facility_kind":"onstreet","symbol_text":null,"type_reference":"路邊停車格","type_confidence":0.6,"price_raw":null,"price_value":null,"capacity_total":1,"available_total":1,"occupied_total":0,"status_label":"空位","data_time":"2026-05-02 15:53:29+08:00","city_label":"新北市","facility_kind_label":"路邊車格","available_rate":1,"occupancy_rate":0,"price_tier":"unknown","price_tier_label":"價格未知"}},{"type":"Feature","geometry":{"type":"Point","coordinates":[121.371378,24.925313]},"properties":{"supply_id":"new_taipei-onstreet-46017","city":"new_taipei","district":"三峽區","display_name":"中正路一段 車格 46017","address":"中正路一段","facility_kind":"onstreet","symbol_text":null,"type_reference":"路邊停車格","type_confidence":0.6,"price_raw":null,"price_value":null,"capacity_total":1,"available_total":0,"occupied_total":1,"status_label":"已停","data_time":"2026-05-02 15:53:29+08:00","city_label":"新北市","facility_kind_label":"路邊車格","available_rate":0,"occupancy_rate":1,"price_tier":"unknown","price_tier_label":"價格未知"}},{"type":"Feature","geometry":{"type":"Point","coordinates":[121.369236,24.922198]},"properties":{"supply_id":"new_taipei-onstreet-146558","city":"new_taipei","district":"三峽區","display_name":"安溪路 車格 146558","address":"安溪路","facility_kind":"onstreet","symbol_text":null,"type_reference":"路邊停車格","type_confidence":0.6,"price_raw":null,"price_value":null,"capacity_total":1,"available_total":1,"occupied_total":0,"status_label":"空位","data_time":"2026-05-02 15:53:29+08:00","city_label":"新北市","facility_kind_label":"路邊車格","available_rate":1,"occupancy_rate":0,"price_tier":"unknown","price_tier_label":"價格未知"}},{"type":"Feature","geometry":{"type":"Point","coordinates":[121.380423,24.932186]},"properties":{"supply_id":"new_taipei-onstreet-155219","city":"new_taipei","district":"三峽區","display_name":"水防道路 車格 155219","address":"水防道路","facility_kind":"onstreet","symbol_text":null,"type_reference":"路邊停車格","type_confidence":0.6,"price_raw":null,"price_value":null,"capacity_total":1,"available_total":0,"occupied_total":1,"status_label":"已停","data_time":"2026-05-02 15:53:29+08:00","city_label":"新北市","facility_kind_label":"路邊車格","available_rate":0,"occupancy_rate":1,"price_tier":"unknown","price_tier_label":"價格未知"}},{"type":"Feature","geometry":{"type":"Point","coordinates":[121.367986,24.927325]},"properties":{"supply_id":"new_taipei-onstreet-93622","city":"new_taipei","district":"三峽區","display_name":"民權街 車格 93622","address":"民權街","facility_kind":"onstreet","symbol_text":null,"type_reference":"路邊停車格","type_confidence":0.6,"price_raw":null,"price_value":null,"capacity_total":1,"available_total":1,"occupied_total":0,"status_label":"空位","data_time":"2026-05-02 15:53:29+08:00","city_label":"新北市","facility_kind_label":"路邊車格","available_rate":1,"occupancy_rate":0,"price_tier":"unknown","price_tier_label":"價格未知"}},{"type":"Feature","geometry":{"type":"Point","coordinates":[121.374779,24.930944]},"properties":{"supply_id":"new_taipei-onstreet-37192","city":"new_taipei","district":"三峽區","display_name":"愛國路 車格 37192","address":"愛國路","facility_kind":"onstreet","symbol_text":null,"type_reference":"路邊停車格","type_confidence":0.6,"price_raw":null,"price_value":null,"capacity_total":1,"available_total":0,"occupied_total":1,"status_label":"已停","data_time":"2026-05-02 15:53:29+08:00","city_label":"新北市","facility_kind_label":"路邊車格","available_rate":0,"occupancy_rate":1,"price_tier":"unknown","price_tier_label":"價格未知"}},{"type":"Feature","geometry":{"type":"Point","coordinates":[121.37403,24.944472]},"properties":{"supply_id":"new_taipei-onstreet-95363","city":"new_taipei","district":"三峽區","display_name":"大學路 車格 95363","address":"大學路","facility_kind":"onstreet","symbol_text":null,"type_reference":"路邊停車格","type_confidence":0.6,"price_raw":null,"price_value":null,"capacity_total":1,"available_total":1,"occupied_total":0,"status_label":"空位","data_time":"2026-05-02 15:53:29+08:00","city_label":"新北市","facility_kind_label":"路邊車格","available_rate":1,"occupancy_rate":0,"price_tier":"unknown","price_tier_label":"價格未知"}},{"type":"Feature","geometry":{"type":"Point","coordinates":[121.374061,24.944432]},"properties":{"supply_id":"new_taipei-onstreet-95357","city":"new_taipei","district":"三峽區","display_name":"大學路 車格 95357","address":"大學路","facility_kind":"onstreet","symbol_text":null,"type_reference":"路邊停車格","type_confidence":0.6,"price_raw":null,"price_value":null,"capacity_total":1,"available_total":1,"occupied_total":0,"status_label":"空位","data_time":"2026-05-02 15:53:29+08:00","city_label":"新北市","facility_kind_label":"路邊車格","available_rate":1,"occupancy_rate":0,"price_tier":"unknown","price_tier_label":"價格未知"}},{"type":"Feature","geometry":{"type":"Point","coordinates":[121.374905,24.93104]},"properties":{"supply_id":"new_taipei-onstreet-57880","city":"new_taipei","district":"三峽區","display_name":"愛國路 車格 57880","address":"愛國路","facility_kind":"onstreet","symbol_text":null,"type_reference":"路邊停車格","type_confidence":0.6,"price_raw":null,"price_value":null,"capacity_total":1,"available_total":1,"occupied_total":0,"status_label":"空位","data_time":"2026-05-02 15:53:29+08:00","city_label":"新北市","facility_kind_label":"路邊車格","available_rate":1,"occupancy_rate":0,"price_tier":"unknown","price_tier_label":"價格未知"}},{"type":"Feature","geometry":{"type":"Point","coordinates":[121.372146,24.927142]},"properties":{"supply_id":"new_taipei-onstreet-140572","city":"new_taipei","district":"三峽區","display_name":"中正路一段 車格 140572","address":"中正路一段","facility_kind":"onstreet","symbol_text":null,"type_reference":"路邊停車格","type_confidence":0.6,"price_raw":null,"price_value":null,"capacity_total":1,"available_total":1,"occupied_total":0,"status_label":"空位","data_time":"2026-05-02 15:53:29+08:00","city_label":"新北市","facility_kind_label":"路邊車格","available_rate":1,"occupancy_rate":0,"price_tier":"unknown","price_tier_label":"價格未知"}},{"type":"Feature","geometry":{"type":"Point","coordinates":[121.369243,24.922252]},"properties":{"supply_id":"new_taipei-onstreet-146561","city":"new_taipei","district":"三峽區","display_name":"安溪路 車格 146561","address":"安溪路","facility_kind":"onstreet","symbol_text":null,"type_reference":"路邊停車格","type_confidence":0.6,"price_raw":null,"price_value":null,"capacity_total":1,"available_total":0,"occupied_total":1,"status_label":"已停","data_time":"2026-05-02 15:53:29+08:00","city_label":"新北市","facility_kind_label":"路邊車格","available_rate":0,"occupancy_rate":1,"price_tier":"unknown","price_tier_label":"價格未知"}},{"type":"Feature","geometry":{"type":"Point","coordinates":[121.380566,24.932111]},"properties":{"supply_id":"new_taipei-onstreet-155222","city":"new_taipei","district":"三峽區","display_name":"水防道路 車格 155222","address":"水防道路","facility_kind":"onstreet","symbol_text":null,"type_reference":"路邊停車格","type_confidence":0.6,"price_raw":null,"price_value":null,"capacity_total":1,"available_total":1,"occupied_total":0,"status_label":"空位","data_time":"2026-05-02 15:53:29+08:00","city_label":"新北市","facility_kind_label":"路邊車格","available_rate":1,"occupancy_rate":0,"price_tier":"unknown","price_tier_label":"價格未知"}},{"type":"Feature","geometry":{"type":"Point","coordinates":[121.360446,24.936158]},"properties":{"supply_id":"new_taipei-onstreet-95266","city":"new_taipei","district":"三峽區","display_name":"大智路 車格 95266","address":"大智路","facility_kind":"onstreet","symbol_text":null,"type_reference":"路邊停車格","type_confidence":0.6,"price_raw":null,"price_value":null,"capacity_total":1,"available_total":1,"occupied_total":0,"status_label":"空位","data_time":"2026-05-02 15:53:29+08:00","city_label":"新北市","facility_kind_label":"路邊車格","available_rate":1,"occupancy_rate":0,"price_tier":"unknown","price_tier_label":"價格未知"}},{"type":"Feature","geometry":{"type":"Point","coordinates":[121.37486,24.931005]},"properties":{"supply_id":"new_taipei-onstreet-57879","city":"new_taipei","district":"三峽區","display_name":"愛國路 車格 57879","address":"愛國路","facility_kind":"onstreet","symbol_text":null,"type_reference":"路邊停車格","type_confidence":0.6,"price_raw":null,"price_value":null,"capacity_total":1,"available_total":0,"occupied_total":1,"status_label":"已停","data_time":"2026-05-02 15:53:29+08:00","city_label":"新北市","facility_kind_label":"路邊車格","available_rate":0,"occupancy_rate":1,"price_tier":"unknown","price_tier_label":"價格未知"}},{"type":"Feature","geometry":{"type":"Point","coordinates":[121.367996,24.927686]},"properties":{"supply_id":"new_taipei-onstreet-86802","city":"new_taipei","district":"三峽區","display_name":"民權街 車格 86802","address":"民權街","facility_kind":"onstreet","symbol_text":null,"type_reference":"路邊停車格","type_confidence":0.6,"price_raw":null,"price_value":null,"capacity_total":1,"available_total":1,"occupied_total":0,"status_label":"空位","data_time":"2026-05-02 15:53:29+08:00","city_label":"新北市","facility_kind_label":"路邊車格","available_rate":1,"occupancy_rate":0,"price_tier":"unknown","price_tier_label":"價格未知"}},{"type":"Feature","geometry":{"type":"Point","coordinates":[121.371047,24.930789]},"properties":{"supply_id":"new_taipei-onstreet-51222","city":"new_taipei","district":"三峽區","display_name":"安溪路 車格 51222","address":"安溪路","facility_kind":"onstreet","symbol_text":null,"type_reference":"路邊停車格","type_confidence":0.6,"price_raw":null,"price_value":null,"capacity_total":1,"available_total":1,"occupied_total":0,"status_label":"空位","data_time":"2026-05-02 15:53:29+08:00","city_label":"新北市","facility_kind_label":"路邊車格","available_rate":1,"occupancy_rate":0,"price_tier":"unknown","price_tier_label":"價格未知"}},{"type":"Feature","geometry":{"type":"Point","coordinates":[121.374817,24.930972]},"properties":{"supply_id":"new_taipei-onstreet-57882","city":"new_taipei","district":"三峽區","display_name":"愛國路 車格 57882","address":"愛國路","facility_kind":"onstreet","symbol_text":null,"type_reference":"路邊停車格","type_confidence":0.6,"price_raw":null,"price_value":null,"capacity_total":1,"available_total":1,"occupied_total":0,"status_label":"空位","data_time":"2026-05-02 15:53:29+08:00","city_label":"新北市","facility_kind_label":"路邊車格","available_rate":1,"occupancy_rate":0,"price_tier":"unknown","price_tier_label":"價格未知"}},{"type":"Feature","geometry":{"type":"Point","coordinates":[121.360447,24.936104]},"properties":{"supply_id":"new_taipei-onstreet-15538","city":"new_taipei","district":"三峽區","display_name":"大智路 車格 15538","address":"大智路","facility_kind":"onstreet","symbol_text":null,"type_reference":"路邊停車格","type_confidence":0.6,"price_raw":null,"price_value":null,"capacity_total":1,"available_total":1,"occupied_total":0,"status_label":"空位","data_time":"2026-05-02 15:53:29+08:00","city_label":"新北市","facility_kind_label":"路邊車格","available_rate":1,"occupancy_rate":0,"price_tier":"unknown","price_tier_label":"價格未知"}},{"type":"Feature","geometry":{"type":"Point","coordinates":[121.362624,24.935997]},"properties":{"supply_id":"new_taipei-onstreet-81014","city":"new_taipei","district":"三峽區","display_name":"文化路 車格 81014","address":"文化路","facility_kind":"onstreet","symbol_text":null,"type_reference":"路邊停車格","type_confidence":0.6,"price_raw":null,"price_value":null,"capacity_total":1,"available_total":1,"occupied_total":0,"status_label":"空位","data_time":"2026-05-02 15:53:29+08:00","city_label":"新北市","facility_kind_label":"路邊車格","available_rate":1,"occupancy_rate":0,"price_tier":"unknown","price_tier_label":"價格未知"}},{"type":"Feature","geometry":{"type":"Point","coordinates":[121.371055,24.930843]},"properties":{"supply_id":"new_taipei-onstreet-52590","city":"new_taipei","district":"三峽區","display_name":"安溪路 車格 52590","address":"安溪路","facility_kind":"onstreet","symbol_text":null,"type_reference":"路邊停車格","type_confidence":0.6,"price_raw":null,"price_value":null,"capacity_total":1,"available_total":1,"occupied_total":0,"status_label":"空位","data_time":"2026-05-02 15:53:29+08:00","city_label":"新北市","facility_kind_label":"路邊車格","available_rate":1,"occupancy_rate":0,"price_tier":"unknown","price_tier_label":"價格未知"}},{"type":"Feature","geometry":{"type":"Point","coordinates":[121.377928,24.929346]},"properties":{"supply_id":"new_taipei-onstreet-59686","city":"new_taipei","district":"三峽區","display_name":"大同路 車格 59686","address":"大同路","facility_kind":"onstreet","symbol_text":null,"type_reference":"路邊停車格","type_confidence":0.6,"price_raw":null,"price_value":null,"capacity_total":1,"available_total":1,"occupied_total":0,"status_label":"空位","data_time":"2026-05-02 15:53:29+08:00","city_label":"新北市","facility_kind_label":"路邊車格","available_rate":1,"occupancy_rate":0,"price_tier":"unknown","price_tier_label":"價格未知"}},{"type":"Feature","geometry":{"type":"Point","coordinates":[121.362802,24.935823]},"properties":{"supply_id":"new_taipei-onstreet-37959","city":"new_taipei","district":"三峽區","display_name":"文化路 車格 37959","address":"文化路","facility_kind":"onstreet","symbol_text":null,"type_reference":"路邊停車格","type_confidence":0.6,"price_raw":null,"price_value":null,"capacity_total":1,"available_total":1,"occupied_total":0,"status_label":"空位","data_time":"2026-05-02 15:53:29+08:00","city_label":"新北市","facility_kind_label":"路邊車格","available_rate":1,"occupancy_rate":0,"price_tier":"unknown","price_tier_label":"價格未知"}},{"type":"Feature","geometry":{"type":"Point","coordinates":[121.376496,24.928069]},"properties":{"supply_id":"new_taipei-onstreet-112136","city":"new_taipei","district":"三峽區","display_name":"大同路 車格 112136","address":"大同路","facility_kind":"onstreet","symbol_text":null,"type_reference":"路邊停車格","type_confidence":0.6,"price_raw":null,"price_value":null,"capacity_total":1,"available_total":1,"occupied_total":0,"status_label":"空位","data_time":"2026-05-02 15:53:29+08:00","city_label":"新北市","facility_kind_label":"路邊車格","available_rate":1,"occupancy_rate":0,"price_tier":"unknown","price_tier_label":"價格未知"}},{"type":"Feature","geometry":{"type":"Point","coordinates":[121.362526,24.935897]},"properties":{"supply_id":"new_taipei-onstreet-84217","city":"new_taipei","district":"三峽區","display_name":"文化路 車格 84217","address":"文化路","facility_kind":"onstreet","symbol_text":null,"type_reference":"路邊停車格","type_confidence":0.6,"price_raw":null,"price_value":null,"capacity_total":1,"available_total":1,"occupied_total":0,"status_label":"空位","data_time":"2026-05-02 15:53:29+08:00","city_label":"新北市","facility_kind_label":"路邊車格","available_rate":1,"occupancy_rate":0,"price_tier":"unknown","price_tier_label":"價格未知"}},{"type":"Feature","geometry":{"type":"Point","coordinates":[121.372192,24.92723]},"properties":{"supply_id":"new_taipei-onstreet-140573","city":"new_taipei","district":"三峽區","display_name":"中正路一段 車格 140573","address":"中正路一段","facility_kind":"onstreet","symbol_text":null,"type_reference":"路邊停車格","type_confidence":0.6,"price_raw":null,"price_value":null,"capacity_total":1,"available_total":1,"occupied_total":0,"status_label":"空位","data_time":"2026-05-02 15:53:29+08:00","city_label":"新北市","facility_kind_label":"路邊車格","available_rate":1,"occupancy_rate":0,"price_tier":"unknown","price_tier_label":"價格未知"}},{"type":"Feature","geometry":{"type":"Point","coordinates":[121.371039,24.930736]},"properties":{"supply_id":"new_taipei-onstreet-51224","city":"new_taipei","district":"三峽區","display_name":"安溪路 車格 51224","address":"安溪路","facility_kind":"onstreet","symbol_text":null,"type_reference":"路邊停車格","type_confidence":0.6,"price_raw":null,"price_value":null,"capacity_total":1,"available_total":0,"occupied_total":1,"status_label":"已停","data_time":"2026-05-02 15:53:29+08:00","city_label":"新北市","facility_kind_label":"路邊車格","available_rate":0,"occupancy_rate":1,"price_tier":"unknown","price_tier_label":"價格未知"}},{"type":"Feature","geometry":{"type":"Point","coordinates":[121.3738,24.930648]},"properties":{"supply_id":"new_taipei-onstreet-90585","city":"new_taipei","district":"三峽區","display_name":"光明路 車格 90585","address":"光明路","facility_kind":"onstreet","symbol_text":null,"type_reference":"路邊停車格","type_confidence":0.6,"price_raw":null,"price_value":null,"capacity_total":1,"available_total":1,"occupied_total":0,"status_label":"空位","data_time":"2026-05-02 15:53:29+08:00","city_label":"新北市","facility_kind_label":"路邊車格","available_rate":1,"occupancy_rate":0,"price_tier":"unknown","price_tier_label":"價格未知"}},{"type":"Feature","geometry":{"type":"Point","coordinates":[121.372122,24.927097]},"properties":{"supply_id":"new_taipei-onstreet-45986","city":"new_taipei","district":"三峽區","display_name":"中正路一段 車格 45986","address":"中正路一段","facility_kind":"onstreet","symbol_text":null,"type_reference":"路邊停車格","type_confidence":0.6,"price_raw":null,"price_value":null,"capacity_total":1,"available_total":0,"occupied_total":1,"status_label":"已停","data_time":"2026-05-02 15:53:29+08:00","city_label":"新北市","facility_kind_label":"路邊車格","available_rate":0,"occupancy_rate":1,"price_tier":"unknown","price_tier_label":"價格未知"}},{"type":"Feature","geometry":{"type":"Point","coordinates":[121.375035,24.931172]},"properties":{"supply_id":"new_taipei-onstreet-87593","city":"new_taipei","district":"三峽區","display_name":"愛國路 車格 87593","address":"愛國路","facility_kind":"onstreet","symbol_text":null,"type_reference":"路邊停車格","type_confidence":0.6,"price_raw":null,"price_value":null,"capacity_total":1,"available_total":0,"occupied_total":1,"status_label":"已停","data_time":"2026-05-02 15:53:29+08:00","city_label":"新北市","facility_kind_label":"路邊車格","available_rate":0,"occupancy_rate":1,"price_tier":"unknown","price_tier_label":"價格未知"}},{"type":"Feature","geometry":{"type":"Point","coordinates":[121.36928,24.922121]},"properties":{"supply_id":"new_taipei-onstreet-146572","city":"new_taipei","district":"三峽區","display_name":"安溪路 車格 146572","address":"安溪路","facility_kind":"onstreet","symbol_text":null,"type_reference":"路邊停車格","type_confidence":0.6,"price_raw":null,"price_value":null,"capacity_total":1,"available_total":0,"occupied_total":1,"status_label":"已停","data_time":"2026-05-02 15:53:29+08:00","city_label":"新北市","facility_kind_label":"路邊車格","available_rate":0,"occupancy_rate":1,"price_tier":"unknown","price_tier_label":"價格未知"}},{"type":"Feature","geometry":{"type":"Point","coordinates":[121.380661,24.932061]},"properties":{"supply_id":"new_taipei-onstreet-155224","city":"new_taipei","district":"三峽區","display_name":"水防道路 車格 155224","address":"水防道路","facility_kind":"onstreet","symbol_text":null,"type_reference":"路邊停車格","type_confidence":0.6,"price_raw":null,"price_value":null,"capacity_total":1,"available_total":1,"occupied_total":0,"status_label":"空位","data_time":"2026-05-02 15:53:29+08:00","city_label":"新北市","facility_kind_label":"路邊車格","available_rate":1,"occupancy_rate":0,"price_tier":"unknown","price_tier_label":"價格未知"}},{"type":"Feature","geometry":{"type":"Point","coordinates":[121.375053,24.931219]},"properties":{"supply_id":"new_taipei-onstreet-51369","city":"new_taipei","district":"三峽區","display_name":"愛國路 車格 51369","address":"愛國路","facility_kind":"onstreet","symbol_text":null,"type_reference":"路邊停車格","type_confidence":0.6,"price_raw":null,"price_value":null,"capacity_total":1,"available_total":1,"occupied_total":0,"status_label":"空位","data_time":"2026-05-02 15:53:29+08:00","city_label":"新北市","facility_kind_label":"路邊車格","available_rate":1,"occupancy_rate":0,"price_tier":"unknown","price_tier_label":"價格未知"}},{"type":"Feature","geometry":{"type":"Point","coordinates":[121.376449,24.928036]},"properties":{"supply_id":"new_taipei-onstreet-95327","city":"new_taipei","district":"三峽區","display_name":"大同路 車格 95327","address":"大同路","facility_kind":"onstreet","symbol_text":null,"type_reference":"路邊停車格","type_confidence":0.6,"price_raw":null,"price_value":null,"capacity_total":1,"available_total":1,"occupied_total":0,"status_label":"空位","data_time":"2026-05-02 15:53:29+08:00","city_label":"新北市","facility_kind_label":"路邊車格","available_rate":1,"occupancy_rate":0,"price_tier":"unknown","price_tier_label":"價格未知"}},{"type":"Feature","geometry":{"type":"Point","coordinates":[121.362571,24.936008]},"properties":{"supply_id":"new_taipei-onstreet-81015","city":"new_taipei","district":"三峽區","display_name":"文化路 車格 81015","address":"文化路","facility_kind":"onstreet","symbol_text":null,"type_reference":"路邊停車格","type_confidence":0.6,"price_raw":null,"price_value":null,"capacity_total":1,"available_total":1,"occupied_total":0,"status_label":"空位","data_time":"2026-05-02 15:53:29+08:00","city_label":"新北市","facility_kind_label":"路邊車格","available_rate":1,"occupancy_rate":0,"price_tier":"unknown","price_tier_label":"價格未知"}},{"type":"Feature","geometry":{"type":"Point","coordinates":[121.371023,24.929938]},"properties":{"supply_id":"new_taipei-onstreet-58867","city":"new_taipei","district":"三峽區","display_name":"安溪路 車格 58867","address":"安溪路","facility_kind":"onstreet","symbol_text":null,"type_reference":"路邊停車格","type_confidence":0.6,"price_raw":null,"price_value":null,"capacity_total":1,"available_total":1,"occupied_total":0,"status_label":"空位","data_time":"2026-05-02 15:53:29+08:00","city_label":"新北市","facility_kind_label":"路邊車格","available_rate":1,"occupancy_rate":0,"price_tier":"unknown","price_tier_label":"價格未知"}},{"type":"Feature","geometry":{"type":"Point","coordinates":[121.360452,24.935879]},"properties":{"supply_id":"new_taipei-onstreet-62199","city":"new_taipei","district":"三峽區","display_name":"大智路 車格 62199","address":"大智路","facility_kind":"onstreet","symbol_text":null,"type_reference":"路邊停車格","type_confidence":0.6,"price_raw":null,"price_value":null,"capacity_total":1,"available_total":1,"occupied_total":0,"status_label":"空位","data_time":"2026-05-02 15:53:29+08:00","city_label":"新北市","facility_kind_label":"路邊車格","available_rate":1,"occupancy_rate":0,"price_tier":"unknown","price_tier_label":"價格未知"}},{"type":"Feature","geometry":{"type":"Point","coordinates":[121.369245,24.92227]},"properties":{"supply_id":"new_taipei-onstreet-146562","city":"new_taipei","district":"三峽區","display_name":"安溪路 車格 146562","address":"安溪路","facility_kind":"onstreet","symbol_text":null,"type_reference":"路邊停車格","type_confidence":0.6,"price_raw":null,"price_value":null,"capacity_total":1,"available_total":0,"occupied_total":1,"status_label":"已停","data_time":"2026-05-02 15:53:29+08:00","city_label":"新北市","facility_kind_label":"路邊車格","available_rate":0,"occupancy_rate":1,"price_tier":"unknown","price_tier_label":"價格未知"}},{"type":"Feature","geometry":{"type":"Point","coordinates":[121.380613,24.932087]},"properties":{"supply_id":"new_taipei-onstreet-155223","city":"new_taipei","district":"三峽區","display_name":"水防道路 車格 155223","address":"水防道路","facility_kind":"onstreet","symbol_text":null,"type_reference":"路邊停車格","type_confidence":0.6,"price_raw":null,"price_value":null,"capacity_total":1,"available_total":1,"occupied_total":0,"status_label":"空位","data_time":"2026-05-02 15:53:29+08:00","city_label":"新北市","facility_kind_label":"路邊車格","available_rate":1,"occupancy_rate":0,"price_tier":"unknown","price_tier_label":"價格未知"}},{"type":"Feature","geometry":{"type":"Point","coordinates":[121.372283,24.927401]},"properties":{"supply_id":"new_taipei-onstreet-45998","city":"new_taipei","district":"三峽區","display_name":"中正路一段 車格 45998","address":"中正路一段","facility_kind":"onstreet","symbol_text":null,"type_reference":"路邊停車格","type_confidence":0.6,"price_raw":null,"price_value":null,"capacity_total":1,"available_total":1,"occupied_total":0,"status_label":"空位","data_time":"2026-05-02 15:53:29+08:00","city_label":"新北市","facility_kind_label":"路邊車格","available_rate":1,"occupancy_rate":0,"price_tier":"unknown","price_tier_label":"價格未知"}},{"type":"Feature","geometry":{"type":"Point","coordinates":[121.369283,24.922139]},"properties":{"supply_id":"new_taipei-onstreet-146563","city":"new_taipei","district":"三峽區","display_name":"安溪路 車格 146563","address":"安溪路","facility_kind":"onstreet","symbol_text":null,"type_reference":"路邊停車格","type_confidence":0.6,"price_raw":null,"price_value":null,"capacity_total":1,"available_total":0,"occupied_total":1,"status_label":"已停","data_time":"2026-05-02 15:53:29+08:00","city_label":"新北市","facility_kind_label":"路邊車格","available_rate":0,"occupancy_rate":1,"price_tier":"unknown","price_tier_label":"價格未知"}},{"type":"Feature","geometry":{"type":"Point","coordinates":[121.380709,24.932036]},"properties":{"supply_id":"new_taipei-onstreet-155225","city":"new_taipei","district":"三峽區","display_name":"水防道路 車格 155225","address":"水防道路","facility_kind":"onstreet","symbol_text":null,"type_reference":"路邊停車格","type_confidence":0.6,"price_raw":null,"price_value":null,"capacity_total":1,"available_total":1,"occupied_total":0,"status_label":"空位","data_time":"2026-05-02 15:53:29+08:00","city_label":"新北市","facility_kind_label":"路邊車格","available_rate":1,"occupancy_rate":0,"price_tier":"unknown","price_tier_label":"價格未知"}},{"type":"Feature","geometry":{"type":"Point","coordinates":[121.375073,24.931272]},"properties":{"supply_id":"new_taipei-onstreet-90093","city":"new_taipei","district":"三峽區","display_name":"愛國路 車格 90093","address":"愛國路","facility_kind":"onstreet","symbol_text":null,"type_reference":"路邊停車格","type_confidence":0.6,"price_raw":null,"price_value":null,"capacity_total":1,"available_total":1,"occupied_total":0,"status_label":"空位","data_time":"2026-05-02 15:53:29+08:00","city_label":"新北市","facility_kind_label":"路邊車格","available_rate":1,"occupancy_rate":0,"price_tier":"unknown","price_tier_label":"價格未知"}},{"type":"Feature","geometry":{"type":"Point","coordinates":[121.374093,24.944392]},"properties":{"supply_id":"new_taipei-onstreet-95356","city":"new_taipei","district":"三峽區","display_name":"大學路 車格 95356","address":"大學路","facility_kind":"onstreet","symbol_text":null,"type_reference":"路邊停車格","type_confidence":0.6,"price_raw":null,"price_value":null,"capacity_total":1,"available_total":1,"occupied_total":0,"status_label":"空位","data_time":"2026-05-02 15:53:29+08:00","city_label":"新北市","facility_kind_label":"路邊車格","available_rate":1,"occupancy_rate":0,"price_tier":"unknown","price_tier_label":"價格未知"}},{"type":"Feature","geometry":{"type":"Point","coordinates":[121.371026,24.929992]},"properties":{"supply_id":"new_taipei-onstreet-85818","city":"new_taipei","district":"三峽區","display_name":"安溪路 車格 85818","address":"安溪路","facility_kind":"onstreet","symbol_text":null,"type_reference":"路邊停車格","type_confidence":0.6,"price_raw":null,"price_value":null,"capacity_total":1,"available_total":1,"occupied_total":0,"status_label":"空位","data_time":"2026-05-02 15:53:29+08:00","city_label":"新北市","facility_kind_label":"路邊車格","available_rate":1,"occupancy_rate":0,"price_tier":"unknown","price_tier_label":"價格未知"}},{"type":"Feature","geometry":{"type":"Point","coordinates":[121.37103,24.930046]},"properties":{"supply_id":"new_taipei-onstreet-65278","city":"new_taipei","district":"三峽區","display_name":"安溪路 車格 65278","address":"安溪路","facility_kind":"onstreet","symbol_text":null,"type_reference":"路邊停車格","type_confidence":0.6,"price_raw":null,"price_value":null,"capacity_total":1,"available_total":1,"occupied_total":0,"status_label":"空位","data_time":"2026-05-02 15:53:29+08:00","city_label":"新北市","facility_kind_label":"路邊車格","available_rate":1,"occupancy_rate":0,"price_tier":"unknown","price_tier_label":"價格未知"}},{"type":"Feature","geometry":{"type":"Point","coordinates":[121.372259,24.927356]},"properties":{"supply_id":"new_taipei-onstreet-45997","city":"new_taipei","district":"三峽區","display_name":"中正路一段 車格 45997","address":"中正路一段","facility_kind":"onstreet","symbol_text":null,"type_reference":"路邊停車格","type_confidence":0.6,"price_raw":null,"price_value":null,"capacity_total":1,"available_total":0,"occupied_total":1,"status_label":"已停","data_time":"2026-05-02 15:53:29+08:00","city_label":"新北市","facility_kind_label":"路邊車格","available_rate":0,"occupancy_rate":1,"price_tier":"unknown","price_tier_label":"價格未知"}},{"type":"Feature","geometry":{"type":"Point","coordinates":[121.374406,24.943988]},"properties":{"supply_id":"new_taipei-onstreet-95349","city":"new_taipei","district":"三峽區","display_name":"大學路 車格 95349","address":"大學路","facility_kind":"onstreet","symbol_text":null,"type_reference":"路邊停車格","type_confidence":0.6,"price_raw":null,"price_value":null,"capacity_total":1,"available_total":1,"occupied_total":0,"status_label":"空位","data_time":"2026-05-02 15:53:29+08:00","city_label":"新北市","facility_kind_label":"路邊車格","available_rate":1,"occupancy_rate":0,"price_tier":"unknown","price_tier_label":"價格未知"}},{"type":"Feature","geometry":{"type":"Point","coordinates":[121.375087,24.931378]},"properties":{"supply_id":"new_taipei-onstreet-36897","city":"new_taipei","district":"三峽區","display_name":"愛國路 車格 36897","address":"愛國路","facility_kind":"onstreet","symbol_text":null,"type_reference":"路邊停車格","type_confidence":0.6,"price_raw":null,"price_value":null,"capacity_total":1,"available_total":1,"occupied_total":0,"status_label":"空位","data_time":"2026-05-02 15:53:29+08:00","city_label":"新北市","facility_kind_label":"路邊車格","available_rate":1,"occupancy_rate":0,"price_tier":"unknown","price_tier_label":"價格未知"}},{"type":"Feature","geometry":{"type":"Point","coordinates":[121.369287,24.922174]},"properties":{"supply_id":"new_taipei-onstreet-146565","city":"new_taipei","district":"三峽區","display_name":"安溪路 車格 146565","address":"安溪路","facility_kind":"onstreet","symbol_text":null,"type_reference":"路邊停車格","type_confidence":0.6,"price_raw":null,"price_value":null,"capacity_total":1,"available_total":0,"occupied_total":1,"status_label":"已停","data_time":"2026-05-02 15:53:29+08:00","city_label":"新北市","facility_kind_label":"路邊車格","available_rate":0,"occupancy_rate":1,"price_tier":"unknown","price_tier_label":"價格未知"}},{"type":"Feature","geometry":{"type":"Point","coordinates":[121.380807,24.931988]},"properties":{"supply_id":"new_taipei-onstreet-155227","city":"new_taipei","district":"三峽區","display_name":"水防道路 車格 155227","address":"水防道路","facility_kind":"onstreet","symbol_text":null,"type_reference":"路邊停車格","type_confidence":0.6,"price_raw":null,"price_value":null,"capacity_total":1,"available_total":1,"occupied_total":0,"status_label":"空位","data_time":"2026-05-02 15:53:29+08:00","city_label":"新北市","facility_kind_label":"路邊車格","available_rate":1,"occupancy_rate":0,"price_tier":"unknown","price_tier_label":"價格未知"}},{"type":"Feature","geometry":{"type":"Point","coordinates":[121.374376,24.944028]},"properties":{"supply_id":"new_taipei-onstreet-95348","city":"new_taipei","district":"三峽區","display_name":"大學路 車格 95348","address":"大學路","facility_kind":"onstreet","symbol_text":null,"type_reference":"路邊停車格","type_confidence":0.6,"price_raw":null,"price_value":null,"capacity_total":1,"available_total":1,"occupied_total":0,"status_label":"空位","data_time":"2026-05-02 15:53:29+08:00","city_label":"新北市","facility_kind_label":"路邊車格","available_rate":1,"occupancy_rate":0,"price_tier":"unknown","price_tier_label":"價格未知"}},{"type":"Feature","geometry":{"type":"Point","coordinates":[121.375084,24.93132]},"properties":{"supply_id":"new_taipei-onstreet-90094","city":"new_taipei","district":"三峽區","display_name":"愛國路 車格 90094","address":"愛國路","facility_kind":"onstreet","symbol_text":null,"type_reference":"路邊停車格","type_confidence":0.6,"price_raw":null,"price_value":null,"capacity_total":1,"available_total":1,"occupied_total":0,"status_label":"空位","data_time":"2026-05-02 15:53:29+08:00","city_label":"新北市","facility_kind_label":"路邊車格","available_rate":1,"occupancy_rate":0,"price_tier":"unknown","price_tier_label":"價格未知"}},{"type":"Feature","geometry":{"type":"Point","coordinates":[121.369285,24.922156]},"properties":{"supply_id":"new_taipei-onstreet-146564","city":"new_taipei","district":"三峽區","display_name":"安溪路 車格 146564","address":"安溪路","facility_kind":"onstreet","symbol_text":null,"type_reference":"路邊停車格","type_confidence":0.6,"price_raw":null,"price_value":null,"capacity_total":1,"available_total":0,"occupied_total":1,"status_label":"已停","data_time":"2026-05-02 15:53:29+08:00","city_label":"新北市","facility_kind_label":"路邊車格","available_rate":0,"occupancy_rate":1,"price_tier":"unknown","price_tier_label":"價格未知"}},{"type":"Feature","geometry":{"type":"Point","coordinates":[121.380758,24.932012]},"properties":{"supply_id":"new_taipei-onstreet-155226","city":"new_taipei","district":"三峽區","display_name":"水防道路 車格 155226","address":"水防道路","facility_kind":"onstreet","symbol_text":null,"type_reference":"路邊停車格","type_confidence":0.6,"price_raw":null,"price_value":null,"capacity_total":1,"available_total":1,"occupied_total":0,"status_label":"空位","data_time":"2026-05-02 15:53:29+08:00","city_label":"新北市","facility_kind_label":"路邊車格","available_rate":1,"occupancy_rate":0,"price_tier":"unknown","price_tier_label":"價格未知"}},{"type":"Feature","geometry":{"type":"Point","coordinates":[121.372332,24.927492]},"properties":{"supply_id":"new_taipei-onstreet-45999","city":"new_taipei","district":"三峽區","display_name":"中正路一段 車格 45999","address":"中正路一段","facility_kind":"onstreet","symbol_text":null,"type_reference":"路邊停車格","type_confidence":0.6,"price_raw":null,"price_value":null,"capacity_total":1,"available_total":0,"occupied_total":1,"status_label":"已停","data_time":"2026-05-02 15:53:29+08:00","city_label":"新北市","facility_kind_label":"路邊車格","available_rate":0,"occupancy_rate":1,"price_tier":"unknown","price_tier_label":"價格未知"}},{"type":"Feature","geometry":{"type":"Point","coordinates":[121.378007,24.92945]},"properties":{"supply_id":"new_taipei-onstreet-59685","city":"new_taipei","district":"三峽區","display_name":"大同路 車格 59685","address":"大同路","facility_kind":"onstreet","symbol_text":null,"type_reference":"路邊停車格","type_confidence":0.6,"price_raw":null,"price_value":null,"capacity_total":1,"available_total":1,"occupied_total":0,"status_label":"空位","data_time":"2026-05-02 15:53:29+08:00","city_label":"新北市","facility_kind_label":"路邊車格","available_rate":1,"occupancy_rate":0,"price_tier":"unknown","price_tier_label":"價格未知"}},{"type":"Feature","geometry":{"type":"Point","coordinates":[121.362403,24.936032]},"properties":{"supply_id":"new_taipei-onstreet-59821","city":"new_taipei","district":"三峽區","display_name":"文化路 車格 59821","address":"文化路","facility_kind":"onstreet","symbol_text":null,"type_reference":"路邊停車格","type_confidence":0.6,"price_raw":null,"price_value":null,"capacity_total":1,"available_total":1,"occupied_total":0,"status_label":"空位","data_time":"2026-05-02 15:53:29+08:00","city_label":"新北市","facility_kind_label":"路邊車格","available_rate":1,"occupancy_rate":0,"price_tier":"unknown","price_tier_label":"價格未知"}},{"type":"Feature","geometry":{"type":"Point","coordinates":[121.362294,24.936033]},"properties":{"supply_id":"new_taipei-onstreet-59822","city":"new_taipei","district":"三峽區","display_name":"文化路 車格 59822","address":"文化路","facility_kind":"onstreet","symbol_text":null,"type_reference":"路邊停車格","type_confidence":0.6,"price_raw":null,"price_value":null,"capacity_total":1,"available_total":1,"occupied_total":0,"status_label":"空位","data_time":"2026-05-02 15:53:29+08:00","city_label":"新北市","facility_kind_label":"路邊車格","available_rate":1,"occupancy_rate":0,"price_tier":"unknown","price_tier_label":"價格未知"}},{"type":"Feature","geometry":{"type":"Point","coordinates":[121.371016,24.92983]},"properties":{"supply_id":"new_taipei-onstreet-58776","city":"new_taipei","district":"三峽區","display_name":"安溪路 車格 58776","address":"安溪路","facility_kind":"onstreet","symbol_text":null,"type_reference":"路邊停車格","type_confidence":0.6,"price_raw":null,"price_value":null,"capacity_total":1,"available_total":1,"occupied_total":0,"status_label":"空位","data_time":"2026-05-02 15:53:29+08:00","city_label":"新北市","facility_kind_label":"路邊車格","available_rate":1,"occupancy_rate":0,"price_tier":"unknown","price_tier_label":"價格未知"}},{"type":"Feature","geometry":{"type":"Point","coordinates":[121.37102,24.929884]},"properties":{"supply_id":"new_taipei-onstreet-85813","city":"new_taipei","district":"三峽區","display_name":"安溪路 車格 85813","address":"安溪路","facility_kind":"onstreet","symbol_text":null,"type_reference":"路邊停車格","type_confidence":0.6,"price_raw":null,"price_value":null,"capacity_total":1,"available_total":1,"occupied_total":0,"status_label":"空位","data_time":"2026-05-02 15:53:29+08:00","city_label":"新北市","facility_kind_label":"路邊車格","available_rate":1,"occupancy_rate":0,"price_tier":"unknown","price_tier_label":"價格未知"}},{"type":"Feature","geometry":{"type":"Point","coordinates":[121.378073,24.929539]},"properties":{"supply_id":"new_taipei-onstreet-59684","city":"new_taipei","district":"三峽區","display_name":"大同路 車格 59684","address":"大同路","facility_kind":"onstreet","symbol_text":null,"type_reference":"路邊停車格","type_confidence":0.6,"price_raw":null,"price_value":null,"capacity_total":1,"available_total":1,"occupied_total":0,"status_label":"空位","data_time":"2026-05-02 15:53:29+08:00","city_label":"新北市","facility_kind_label":"路邊車格","available_rate":1,"occupancy_rate":0,"price_tier":"unknown","price_tier_label":"價格未知"}},{"type":"Feature","geometry":{"type":"Point","coordinates":[121.362348,24.936033]},"properties":{"supply_id":"new_taipei-onstreet-59829","city":"new_taipei","district":"三峽區","display_name":"文化路 車格 59829","address":"文化路","facility_kind":"onstreet","symbol_text":null,"type_reference":"路邊停車格","type_confidence":0.6,"price_raw":null,"price_value":null,"capacity_total":1,"available_total":0,"occupied_total":1,"status_label":"已停","data_time":"2026-05-02 15:53:29+08:00","city_label":"新北市","facility_kind_label":"路邊車格","available_rate":0,"occupancy_rate":1,"price_tier":"unknown","price_tier_label":"價格未知"}},{"type":"Feature","geometry":{"type":"Point","coordinates":[121.372427,24.927651]},"properties":{"supply_id":"new_taipei-onstreet-45996","city":"new_taipei","district":"三峽區","display_name":"中正路一段 車格 45996","address":"中正路一段","facility_kind":"onstreet","symbol_text":null,"type_reference":"路邊停車格","type_confidence":0.6,"price_raw":null,"price_value":null,"capacity_total":1,"available_total":0,"occupied_total":1,"status_label":"已停","data_time":"2026-05-02 15:53:29+08:00","city_label":"新北市","facility_kind_label":"路邊車格","available_rate":0,"occupancy_rate":1,"price_tier":"unknown","price_tier_label":"價格未知"}},{"type":"Feature","geometry":{"type":"Point","coordinates":[121.362185,24.936035]},"properties":{"supply_id":"new_taipei-onstreet-59830","city":"new_taipei","district":"三峽區","display_name":"文化路 車格 59830","address":"文化路","facility_kind":"onstreet","symbol_text":null,"type_reference":"路邊停車格","type_confidence":0.6,"price_raw":null,"price_value":null,"capacity_total":1,"available_total":1,"occupied_total":0,"status_label":"空位","data_time":"2026-05-02 15:53:29+08:00","city_label":"新北市","facility_kind_label":"路邊車格","available_rate":1,"occupancy_rate":0,"price_tier":"unknown","price_tier_label":"價格未知"}},{"type":"Feature","geometry":{"type":"Point","coordinates":[121.362239,24.936034]},"properties":{"supply_id":"new_taipei-onstreet-59831","city":"new_taipei","district":"三峽區","display_name":"文化路 車格 59831","address":"文化路","facility_kind":"onstreet","symbol_text":null,"type_reference":"路邊停車格","type_confidence":0.6,"price_raw":null,"price_value":null,"capacity_total":1,"available_total":0,"occupied_total":1,"status_label":"已停","data_time":"2026-05-02 15:53:29+08:00","city_label":"新北市","facility_kind_label":"路邊車格","available_rate":0,"occupancy_rate":1,"price_tier":"unknown","price_tier_label":"價格未知"}},{"type":"Feature","geometry":{"type":"Point","coordinates":[121.375085,24.931428]},"properties":{"supply_id":"new_taipei-onstreet-36898","city":"new_taipei","district":"三峽區","display_name":"愛國路 車格 36898","address":"愛國路","facility_kind":"onstreet","symbol_text":null,"type_reference":"路邊停車格","type_confidence":0.6,"price_raw":null,"price_value":null,"capacity_total":1,"available_total":1,"occupied_total":0,"status_label":"空位","data_time":"2026-05-02 15:53:29+08:00","city_label":"新北市","facility_kind_label":"路邊車格","available_rate":1,"occupancy_rate":0,"price_tier":"unknown","price_tier_label":"價格未知"}},{"type":"Feature","geometry":{"type":"Point","coordinates":[121.375081,24.931486]},"properties":{"supply_id":"new_taipei-onstreet-57858","city":"new_taipei","district":"三峽區","display_name":"愛國路 車格 57858","address":"愛國路","facility_kind":"onstreet","symbol_text":null,"type_reference":"路邊停車格","type_confidence":0.6,"price_raw":null,"price_value":null,"capacity_total":1,"available_total":1,"occupied_total":0,"status_label":"空位","data_time":"2026-05-02 15:53:29+08:00","city_label":"新北市","facility_kind_label":"路邊車格","available_rate":1,"occupancy_rate":0,"price_tier":"unknown","price_tier_label":"價格未知"}},{"type":"Feature","geometry":{"type":"Point","coordinates":[121.369292,24.92221]},"properties":{"supply_id":"new_taipei-onstreet-146567","city":"new_taipei","district":"三峽區","display_name":"安溪路 車格 146567","address":"安溪路","facility_kind":"onstreet","symbol_text":null,"type_reference":"路邊停車格","type_confidence":0.6,"price_raw":null,"price_value":null,"capacity_total":1,"available_total":1,"occupied_total":0,"status_label":"空位","data_time":"2026-05-02 15:53:29+08:00","city_label":"新北市","facility_kind_label":"路邊車格","available_rate":1,"occupancy_rate":0,"price_tier":"unknown","price_tier_label":"價格未知"}},{"type":"Feature","geometry":{"type":"Point","coordinates":[121.380905,24.931941]},"properties":{"supply_id":"new_taipei-onstreet-155229","city":"new_taipei","district":"三峽區","display_name":"水防道路 車格 155229","address":"水防道路","facility_kind":"onstreet","symbol_text":null,"type_reference":"路邊停車格","type_confidence":0.6,"price_raw":null,"price_value":null,"capacity_total":1,"available_total":1,"occupied_total":0,"status_label":"空位","data_time":"2026-05-02 15:53:29+08:00","city_label":"新北市","facility_kind_label":"路邊車格","available_rate":1,"occupancy_rate":0,"price_tier":"unknown","price_tier_label":"價格未知"}},{"type":"Feature","geometry":{"type":"Point","coordinates":[121.378014,24.945286]},"properties":{"supply_id":"new_taipei-onstreet-62063","city":"new_taipei","district":"三峽區","display_name":"大義路 車格 62063","address":"大義路","facility_kind":"onstreet","symbol_text":null,"type_reference":"路邊停車格","type_confidence":0.6,"price_raw":null,"price_value":null,"capacity_total":1,"available_total":1,"occupied_total":0,"status_label":"空位","data_time":"2026-05-02 15:53:29+08:00","city_label":"新北市","facility_kind_label":"路邊車格","available_rate":1,"occupancy_rate":0,"price_tier":"unknown","price_tier_label":"價格未知"}},{"type":"Feature","geometry":{"type":"Point","coordinates":[121.36929,24.922192]},"properties":{"supply_id":"new_taipei-onstreet-146566","city":"new_taipei","district":"三峽區","display_name":"安溪路 車格 146566","address":"安溪路","facility_kind":"onstreet","symbol_text":null,"type_reference":"路邊停車格","type_confidence":0.6,"price_raw":null,"price_value":null,"capacity_total":1,"available_total":1,"occupied_total":0,"status_label":"空位","data_time":"2026-05-02 15:53:29+08:00","city_label":"新北市","facility_kind_label":"路邊車格","available_rate":1,"occupancy_rate":0,"price_tier":"unknown","price_tier_label":"價格未知"}},{"type":"Feature","geometry":{"type":"Point","coordinates":[121.380856,24.931965]},"properties":{"supply_id":"new_taipei-onstreet-155228","city":"new_taipei","district":"三峽區","display_name":"水防道路 車格 155228","address":"水防道路","facility_kind":"onstreet","symbol_text":null,"type_reference":"路邊停車格","type_confidence":0.6,"price_raw":null,"price_value":null,"capacity_total":1,"available_total":0,"occupied_total":1,"status_label":"已停","data_time":"2026-05-02 15:53:29+08:00","city_label":"新北市","facility_kind_label":"路邊車格","available_rate":0,"occupancy_rate":1,"price_tier":"unknown","price_tier_label":"價格未知"}},{"type":"Feature","geometry":{"type":"Point","coordinates":[121.371001,24.929613]},"properties":{"supply_id":"new_taipei-onstreet-58768","city":"new_taipei","district":"三峽區","display_name":"安溪路 車格 58768","address":"安溪路","facility_kind":"onstreet","symbol_text":null,"type_reference":"路邊停車格","type_confidence":0.6,"price_raw":null,"price_value":null,"capacity_total":1,"available_total":1,"occupied_total":0,"status_label":"空位","data_time":"2026-05-02 15:53:29+08:00","city_label":"新北市","facility_kind_label":"路邊車格","available_rate":1,"occupancy_rate":0,"price_tier":"unknown","price_tier_label":"價格未知"}},{"type":"Feature","geometry":{"type":"Point","coordinates":[121.362075,24.936032]},"properties":{"supply_id":"new_taipei-onstreet-59832","city":"new_taipei","district":"三峽區","display_name":"文化路 車格 59832","address":"文化路","facility_kind":"onstreet","symbol_text":null,"type_reference":"路邊停車格","type_confidence":0.6,"price_raw":null,"price_value":null,"capacity_total":1,"available_total":0,"occupied_total":1,"status_label":"已停","data_time":"2026-05-02 15:53:29+08:00","city_label":"新北市","facility_kind_label":"路邊車格","available_rate":0,"occupancy_rate":1,"price_tier":"unknown","price_tier_label":"價格未知"}},{"type":"Feature","geometry":{"type":"Point","coordinates":[121.369297,24.922246]},"properties":{"supply_id":"new_taipei-onstreet-146569","city":"new_taipei","district":"三峽區","display_name":"安溪路 車格 146569","address":"安溪路","facility_kind":"onstreet","symbol_text":null,"type_reference":"路邊停車格","type_confidence":0.6,"price_raw":null,"price_value":null,"capacity_total":1,"available_total":1,"occupied_total":0,"status_label":"空位","data_time":"2026-05-02 15:53:29+08:00","city_label":"新北市","facility_kind_label":"路邊車格","available_rate":1,"occupancy_rate":0,"price_tier":"unknown","price_tier_label":"價格未知"}},{"type":"Feature","geometry":{"type":"Point","coordinates":[121.381002,24.931894]},"properties":{"supply_id":"new_taipei-onstreet-155231","city":"new_taipei","district":"三峽區","display_name":"水防道路 車格 155231","address":"水防道路","facility_kind":"onstreet","symbol_text":null,"type_reference":"路邊停車格","type_confidence":0.6,"price_raw":null,"price_value":null,"capacity_total":1,"available_total":1,"occupied_total":0,"status_label":"空位","data_time":"2026-05-02 15:53:29+08:00","city_label":"新北市","facility_kind_label":"路邊車格","available_rate":1,"occupancy_rate":0,"price_tier":"unknown","price_tier_label":"價格未知"}},{"type":"Feature","geometry":{"type":"Point","coordinates":[121.375071,24.931593]},"properties":{"supply_id":"new_taipei-onstreet-57860","city":"new_taipei","district":"三峽區","display_name":"愛國路 車格 57860","address":"愛國路","facility_kind":"onstreet","symbol_text":null,"type_reference":"路邊停車格","type_confidence":0.6,"price_raw":null,"price_value":null,"capacity_total":1,"available_total":0,"occupied_total":1,"status_label":"已停","data_time":"2026-05-02 15:53:29+08:00","city_label":"新北市","facility_kind_label":"路邊車格","available_rate":0,"occupancy_rate":1,"price_tier":"unknown","price_tier_label":"價格未知"}},{"type":"Feature","geometry":{"type":"Point","coordinates":[121.372605,24.927954]},"properties":{"supply_id":"new_taipei-onstreet-98957","city":"new_taipei","district":"三峽區","display_name":"中正路一段 車格 98957","address":"中正路一段","facility_kind":"onstreet","symbol_text":null,"type_reference":"路邊停車格","type_confidence":0.6,"price_raw":null,"price_value":null,"capacity_total":1,"available_total":0,"occupied_total":1,"status_label":"已停","data_time":"2026-05-02 15:53:29+08:00","city_label":"新北市","facility_kind_label":"路邊車格","available_rate":0,"occupancy_rate":1,"price_tier":"unknown","price_tier_label":"價格未知"}},{"type":"Feature","geometry":{"type":"Point","coordinates":[121.372582,24.946353]},"properties":{"supply_id":"new_taipei-onstreet-155699","city":"new_taipei","district":"三峽區","display_name":"大學路 車格 155699","address":"大學路","facility_kind":"onstreet","symbol_text":null,"type_reference":"路邊停車格","type_confidence":0.6,"price_raw":null,"price_value":null,"capacity_total":1,"available_total":1,"occupied_total":0,"status_label":"空位","data_time":"2026-05-02 15:53:29+08:00","city_label":"新北市","facility_kind_label":"路邊車格","available_rate":1,"occupancy_rate":0,"price_tier":"unknown","price_tier_label":"價格未知"}},{"type":"Feature","geometry":{"type":"Point","coordinates":[121.375079,24.931536]},"properties":{"supply_id":"new_taipei-onstreet-57859","city":"new_taipei","district":"三峽區","display_name":"愛國路 車格 57859","address":"愛國路","facility_kind":"onstreet","symbol_text":null,"type_reference":"路邊停車格","type_confidence":0.6,"price_raw":null,"price_value":null,"capacity_total":1,"available_total":1,"occupied_total":0,"status_label":"空位","data_time":"2026-05-02 15:53:29+08:00","city_label":"新北市","facility_kind_label":"路邊車格","available_rate":1,"occupancy_rate":0,"price_tier":"unknown","price_tier_label":"價格未知"}},{"type":"Feature","geometry":{"type":"Point","coordinates":[121.36213,24.936036]},"properties":{"supply_id":"new_taipei-onstreet-59833","city":"new_taipei","district":"三峽區","display_name":"文化路 車格 59833","address":"文化路","facility_kind":"onstreet","symbol_text":null,"type_reference":"路邊停車格","type_confidence":0.6,"price_raw":null,"price_value":null,"capacity_total":1,"available_total":0,"occupied_total":1,"status_label":"已停","data_time":"2026-05-02 15:53:29+08:00","city_label":"新北市","facility_kind_label":"路邊車格","available_rate":0,"occupancy_rate":1,"price_tier":"unknown","price_tier_label":"價格未知"}},{"type":"Feature","geometry":{"type":"Point","coordinates":[121.369294,24.922228]},"properties":{"supply_id":"new_taipei-onstreet-146568","city":"new_taipei","district":"三峽區","display_name":"安溪路 車格 146568","address":"安溪路","facility_kind":"onstreet","symbol_text":null,"type_reference":"路邊停車格","type_confidence":0.6,"price_raw":null,"price_value":null,"capacity_total":1,"available_total":0,"occupied_total":1,"status_label":"已停","data_time":"2026-05-02 15:53:29+08:00","city_label":"新北市","facility_kind_label":"路邊車格","available_rate":0,"occupancy_rate":1,"price_tier":"unknown","price_tier_label":"價格未知"}},{"type":"Feature","geometry":{"type":"Point","coordinates":[121.380953,24.931918]},"properties":{"supply_id":"new_taipei-onstreet-155230","city":"new_taipei","district":"三峽區","display_name":"水防道路 車格 155230","address":"水防道路","facility_kind":"onstreet","symbol_text":null,"type_reference":"路邊停車格","type_confidence":0.6,"price_raw":null,"price_value":null,"capacity_total":1,"available_total":1,"occupied_total":0,"status_label":"空位","data_time":"2026-05-02 15:53:29+08:00","city_label":"新北市","facility_kind_label":"路邊車格","available_rate":1,"occupancy_rate":0,"price_tier":"unknown","price_tier_label":"價格未知"}},{"type":"Feature","geometry":{"type":"Point","coordinates":[121.372455,24.946517]},"properties":{"supply_id":"new_taipei-onstreet-155700","city":"new_taipei","district":"三峽區","display_name":"大學路 車格 155700","address":"大學路","facility_kind":"onstreet","symbol_text":null,"type_reference":"路邊停車格","type_confidence":0.6,"price_raw":null,"price_value":null,"capacity_total":1,"available_total":0,"occupied_total":1,"status_label":"已停","data_time":"2026-05-02 15:53:29+08:00","city_label":"新北市","facility_kind_label":"路邊車格","available_rate":0,"occupancy_rate":1,"price_tier":"unknown","price_tier_label":"價格未知"}},{"type":"Feature","geometry":{"type":"Point","coordinates":[121.37248,24.927737]},"properties":{"supply_id":"new_taipei-onstreet-45988","city":"new_taipei","district":"三峽區","display_name":"中正路一段 車格 45988","address":"中正路一段","facility_kind":"onstreet","symbol_text":null,"type_reference":"路邊停車格","type_confidence":0.6,"price_raw":null,"price_value":null,"capacity_total":1,"available_total":0,"occupied_total":1,"status_label":"已停","data_time":"2026-05-02 15:53:29+08:00","city_label":"新北市","facility_kind_label":"路邊車格","available_rate":0,"occupancy_rate":1,"price_tier":"unknown","price_tier_label":"價格未知"}},{"type":"Feature","geometry":{"type":"Point","coordinates":[121.374437,24.943947]},"properties":{"supply_id":"new_taipei-onstreet-26808","city":"new_taipei","district":"三峽區","display_name":"大學路 車格 26808","address":"大學路","facility_kind":"onstreet","symbol_text":null,"type_reference":"路邊停車格","type_confidence":0.6,"price_raw":null,"price_value":null,"capacity_total":1,"available_total":1,"occupied_total":0,"status_label":"空位","data_time":"2026-05-02 15:53:29+08:00","city_label":"新北市","facility_kind_label":"路邊車格","available_rate":1,"occupancy_rate":0,"price_tier":"unknown","price_tier_label":"價格未知"}},{"type":"Feature","geometry":{"type":"Point","coordinates":[121.361197,24.935715]},"properties":{"supply_id":"new_taipei-onstreet-92744","city":"new_taipei","district":"三峽區","display_name":"文化路 車格 92744","address":"文化路","facility_kind":"onstreet","symbol_text":null,"type_reference":"路邊停車格","type_confidence":0.6,"price_raw":null,"price_value":null,"capacity_total":1,"available_total":0,"occupied_total":1,"status_label":"已停","data_time":"2026-05-02 15:53:29+08:00","city_label":"新北市","facility_kind_label":"路邊車格","available_rate":0,"occupancy_rate":1,"price_tier":"unknown","price_tier_label":"價格未知"}},{"type":"Feature","geometry":{"type":"Point","coordinates":[121.375062,24.931637]},"properties":{"supply_id":"new_taipei-onstreet-57861","city":"new_taipei","district":"三峽區","display_name":"愛國路 車格 57861","address":"愛國路","facility_kind":"onstreet","symbol_text":null,"type_reference":"路邊停車格","type_confidence":0.6,"price_raw":null,"price_value":null,"capacity_total":1,"available_total":1,"occupied_total":0,"status_label":"空位","data_time":"2026-05-02 15:53:29+08:00","city_label":"新北市","facility_kind_label":"路邊車格","available_rate":1,"occupancy_rate":0,"price_tier":"unknown","price_tier_label":"價格未知"}},{"type":"Feature","geometry":{"type":"Point","coordinates":[121.372666,24.928038]},"properties":{"supply_id":"new_taipei-onstreet-98958","city":"new_taipei","district":"三峽區","display_name":"中正路一段 車格 98958","address":"中正路一段","facility_kind":"onstreet","symbol_text":null,"type_reference":"路邊停車格","type_confidence":0.6,"price_raw":null,"price_value":null,"capacity_total":1,"available_total":1,"occupied_total":0,"status_label":"空位","data_time":"2026-05-02 15:53:29+08:00","city_label":"新北市","facility_kind_label":"路邊車格","available_rate":1,"occupancy_rate":0,"price_tier":"unknown","price_tier_label":"價格未知"}},{"type":"Feature","geometry":{"type":"Point","coordinates":[121.378183,24.944971]},"properties":{"supply_id":"new_taipei-onstreet-55130","city":"new_taipei","district":"三峽區","display_name":"大義路 車格 55130","address":"大義路","facility_kind":"onstreet","symbol_text":null,"type_reference":"路邊停車格","type_confidence":0.6,"price_raw":null,"price_value":null,"capacity_total":1,"available_total":1,"occupied_total":0,"status_label":"空位","data_time":"2026-05-02 15:53:29+08:00","city_label":"新北市","facility_kind_label":"路邊車格","available_rate":1,"occupancy_rate":0,"price_tier":"unknown","price_tier_label":"價格未知"}},{"type":"Feature","geometry":{"type":"Point","coordinates":[121.372676,24.946231]},"properties":{"supply_id":"new_taipei-onstreet-155702","city":"new_taipei","district":"三峽區","display_name":"大學路 車格 155702","address":"大學路","facility_kind":"onstreet","symbol_text":null,"type_reference":"路邊停車格","type_confidence":0.6,"price_raw":null,"price_value":null,"capacity_total":1,"available_total":1,"occupied_total":0,"status_label":"空位","data_time":"2026-05-02 15:53:29+08:00","city_label":"新北市","facility_kind_label":"路邊車格","available_rate":1,"occupancy_rate":0,"price_tier":"unknown","price_tier_label":"價格未知"}},{"type":"Feature","geometry":{"type":"Point","coordinates":[121.378135,24.94506]},"properties":{"supply_id":"new_taipei-onstreet-55128","city":"new_taipei","district":"三峽區","display_name":"大義路 車格 55128","address":"大義路","facility_kind":"onstreet","symbol_text":null,"type_reference":"路邊停車格","type_confidence":0.6,"price_raw":null,"price_value":null,"capacity_total":1,"available_total":1,"occupied_total":0,"status_label":"空位","data_time":"2026-05-02 15:53:29+08:00","city_label":"新北市","facility_kind_label":"路邊車格","available_rate":1,"occupancy_rate":0,"price_tier":"unknown","price_tier_label":"價格未知"}},{"type":"Feature","geometry":{"type":"Point","coordinates":[121.371009,24.929722]},"properties":{"supply_id":"new_taipei-onstreet-84591","city":"new_taipei","district":"三峽區","display_name":"安溪路 車格 84591","address":"安溪路","facility_kind":"onstreet","symbol_text":null,"type_reference":"路邊停車格","type_confidence":0.6,"price_raw":null,"price_value":null,"capacity_total":1,"available_total":1,"occupied_total":0,"status_label":"空位","data_time":"2026-05-02 15:53:29+08:00","city_label":"新北市","facility_kind_label":"路邊車格","available_rate":1,"occupancy_rate":0,"price_tier":"unknown","price_tier_label":"價格未知"}},{"type":"Feature","geometry":{"type":"Point","coordinates":[121.371005,24.929668]},"properties":{"supply_id":"new_taipei-onstreet-58775","city":"new_taipei","district":"三峽區","display_name":"安溪路 車格 58775","address":"安溪路","facility_kind":"onstreet","symbol_text":null,"type_reference":"路邊停車格","type_confidence":0.6,"price_raw":null,"price_value":null,"capacity_total":1,"available_total":1,"occupied_total":0,"status_label":"空位","data_time":"2026-05-02 15:53:29+08:00","city_label":"新北市","facility_kind_label":"路邊車格","available_rate":1,"occupancy_rate":0,"price_tier":"unknown","price_tier_label":"價格未知"}},{"type":"Feature","geometry":{"type":"Point","coordinates":[121.371012,24.929776]},"properties":{"supply_id":"new_taipei-onstreet-58777","city":"new_taipei","district":"三峽區","display_name":"安溪路 車格 58777","address":"安溪路","facility_kind":"onstreet","symbol_text":null,"type_reference":"路邊停車格","type_confidence":0.6,"price_raw":null,"price_value":null,"capacity_total":1,"available_total":1,"occupied_total":0,"status_label":"空位","data_time":"2026-05-02 15:53:29+08:00","city_label":"新北市","facility_kind_label":"路邊車格","available_rate":1,"occupancy_rate":0,"price_tier":"unknown","price_tier_label":"價格未知"}},{"type":"Feature","geometry":{"type":"Point","coordinates":[121.361334,24.935737]},"properties":{"supply_id":"new_taipei-onstreet-58382","city":"new_taipei","district":"三峽區","display_name":"文化路 車格 58382","address":"文化路","facility_kind":"onstreet","symbol_text":null,"type_reference":"路邊停車格","type_confidence":0.6,"price_raw":null,"price_value":null,"capacity_total":1,"available_total":0,"occupied_total":1,"status_label":"已停","data_time":"2026-05-02 15:53:29+08:00","city_label":"新北市","facility_kind_label":"路邊車格","available_rate":0,"occupancy_rate":1,"price_tier":"unknown","price_tier_label":"價格未知"}},{"type":"Feature","geometry":{"type":"Point","coordinates":[121.37498,24.931881]},"properties":{"supply_id":"new_taipei-onstreet-84833","city":"new_taipei","district":"三峽區","display_name":"愛國路 車格 84833","address":"愛國路","facility_kind":"onstreet","symbol_text":null,"type_reference":"路邊停車格","type_confidence":0.6,"price_raw":null,"price_value":null,"capacity_total":1,"available_total":1,"occupied_total":0,"status_label":"空位","data_time":"2026-05-02 15:53:29+08:00","city_label":"新北市","facility_kind_label":"路邊車格","available_rate":1,"occupancy_rate":0,"price_tier":"unknown","price_tier_label":"價格未知"}},{"type":"Feature","geometry":{"type":"Point","coordinates":[121.373175,24.928621]},"properties":{"supply_id":"new_taipei-onstreet-98956","city":"new_taipei","district":"三峽區","display_name":"中正路一段 車格 98956","address":"中正路一段","facility_kind":"onstreet","symbol_text":null,"type_reference":"路邊停車格","type_confidence":0.6,"price_raw":null,"price_value":null,"capacity_total":1,"available_total":1,"occupied_total":0,"status_label":"空位","data_time":"2026-05-02 15:53:29+08:00","city_label":"新北市","facility_kind_label":"路邊車格","available_rate":1,"occupancy_rate":0,"price_tier":"unknown","price_tier_label":"價格未知"}},{"type":"Feature","geometry":{"type":"Point","coordinates":[121.360989,24.935682]},"properties":{"supply_id":"new_taipei-onstreet-78921","city":"new_taipei","district":"三峽區","display_name":"文化路 車格 78921","address":"文化路","facility_kind":"onstreet","symbol_text":null,"type_reference":"路邊停車格","type_confidence":0.6,"price_raw":null,"price_value":null,"capacity_total":1,"available_total":0,"occupied_total":1,"status_label":"已停","data_time":"2026-05-02 15:53:29+08:00","city_label":"新北市","facility_kind_label":"路邊車格","available_rate":0,"occupancy_rate":1,"price_tier":"unknown","price_tier_label":"價格未知"}},{"type":"Feature","geometry":{"type":"Point","coordinates":[121.372707,24.946191]},"properties":{"supply_id":"new_taipei-onstreet-155707","city":"new_taipei","district":"三峽區","display_name":"大學路 車格 155707","address":"大學路","facility_kind":"onstreet","symbol_text":null,"type_reference":"路邊停車格","type_confidence":0.6,"price_raw":null,"price_value":null,"capacity_total":1,"available_total":1,"occupied_total":0,"status_label":"空位","data_time":"2026-05-02 15:53:29+08:00","city_label":"新北市","facility_kind_label":"路邊車格","available_rate":1,"occupancy_rate":0,"price_tier":"unknown","price_tier_label":"價格未知"}},{"type":"Feature","geometry":{"type":"Point","coordinates":[121.370997,24.929559]},"properties":{"supply_id":"new_taipei-onstreet-58769","city":"new_taipei","district":"三峽區","display_name":"安溪路 車格 58769","address":"安溪路","facility_kind":"onstreet","symbol_text":null,"type_reference":"路邊停車格","type_confidence":0.6,"price_raw":null,"price_value":null,"capacity_total":1,"available_total":1,"occupied_total":0,"status_label":"空位","data_time":"2026-05-02 15:53:29+08:00","city_label":"新北市","facility_kind_label":"路邊車格","available_rate":1,"occupancy_rate":0,"price_tier":"unknown","price_tier_label":"價格未知"}},{"type":"Feature","geometry":{"type":"Point","coordinates":[121.372507,24.92778]},"properties":{"supply_id":"new_taipei-onstreet-45989","city":"new_taipei","district":"三峽區","display_name":"中正路一段 車格 45989","address":"中正路一段","facility_kind":"onstreet","symbol_text":null,"type_reference":"路邊停車格","type_confidence":0.6,"price_raw":null,"price_value":null,"capacity_total":1,"available_total":0,"occupied_total":1,"status_label":"已停","data_time":"2026-05-02 15:53:29+08:00","city_label":"新北市","facility_kind_label":"路邊車格","available_rate":0,"occupancy_rate":1,"price_tier":"unknown","price_tier_label":"價格未知"}},{"type":"Feature","geometry":{"type":"Point","coordinates":[121.372613,24.946313]},"properties":{"supply_id":"new_taipei-onstreet-155701","city":"new_taipei","district":"三峽區","display_name":"大學路 車格 155701","address":"大學路","facility_kind":"onstreet","symbol_text":null,"type_reference":"路邊停車格","type_confidence":0.6,"price_raw":null,"price_value":null,"capacity_total":1,"available_total":1,"occupied_total":0,"status_label":"空位","data_time":"2026-05-02 15:53:29+08:00","city_label":"新北市","facility_kind_label":"路邊車格","available_rate":1,"occupancy_rate":0,"price_tier":"unknown","price_tier_label":"價格未知"}},{"type":"Feature","geometry":{"type":"Point","coordinates":[121.378531,24.944343]},"properties":{"supply_id":"new_taipei-onstreet-90307","city":"new_taipei","district":"三峽區","display_name":"大義路 車格 90307","address":"大義路","facility_kind":"onstreet","symbol_text":null,"type_reference":"路邊停車格","type_confidence":0.6,"price_raw":null,"price_value":null,"capacity_total":1,"available_total":0,"occupied_total":1,"status_label":"已停","data_time":"2026-05-02 15:53:29+08:00","city_label":"新北市","facility_kind_label":"路邊車格","available_rate":0,"occupancy_rate":1,"price_tier":"unknown","price_tier_label":"價格未知"}},{"type":"Feature","geometry":{"type":"Point","coordinates":[121.381529,24.931639]},"properties":{"supply_id":"new_taipei-onstreet-155239","city":"new_taipei","district":"三峽區","display_name":"水防道路 車格 155239","address":"水防道路","facility_kind":"onstreet","symbol_text":null,"type_reference":"路邊停車格","type_confidence":0.6,"price_raw":null,"price_value":null,"capacity_total":1,"available_total":1,"occupied_total":0,"status_label":"空位","data_time":"2026-05-02 15:53:29+08:00","city_label":"新北市","facility_kind_label":"路邊車格","available_rate":1,"occupancy_rate":0,"price_tier":"unknown","price_tier_label":"價格未知"}},{"type":"Feature","geometry":{"type":"Point","coordinates":[121.378557,24.944299]},"properties":{"supply_id":"new_taipei-onstreet-8836","city":"new_taipei","district":"三峽區","display_name":"大義路 車格 8836","address":"大義路","facility_kind":"onstreet","symbol_text":null,"type_reference":"路邊停車格","type_confidence":0.6,"price_raw":null,"price_value":null,"capacity_total":1,"available_total":1,"occupied_total":0,"status_label":"空位","data_time":"2026-05-02 15:53:29+08:00","city_label":"新北市","facility_kind_label":"路邊車格","available_rate":1,"occupancy_rate":0,"price_tier":"unknown","price_tier_label":"價格未知"}},{"type":"Feature","geometry":{"type":"Point","coordinates":[121.372645,24.946272]},"properties":{"supply_id":"new_taipei-onstreet-155703","city":"new_taipei","district":"三峽區","display_name":"大學路 車格 155703","address":"大學路","facility_kind":"onstreet","symbol_text":null,"type_reference":"路邊停車格","type_confidence":0.6,"price_raw":null,"price_value":null,"capacity_total":1,"available_total":1,"occupied_total":0,"status_label":"空位","data_time":"2026-05-02 15:53:29+08:00","city_label":"新北市","facility_kind_label":"路邊車格","available_rate":1,"occupancy_rate":0,"price_tier":"unknown","price_tier_label":"價格未知"}},{"type":"Feature","geometry":{"type":"Point","coordinates":[121.369299,24.922264]},"properties":{"supply_id":"new_taipei-onstreet-146570","city":"new_taipei","district":"三峽區","display_name":"安溪路 車格 146570","address":"安溪路","facility_kind":"onstreet","symbol_text":null,"type_reference":"路邊停車格","type_confidence":0.6,"price_raw":null,"price_value":null,"capacity_total":1,"available_total":1,"occupied_total":0,"status_label":"空位","data_time":"2026-05-02 15:53:29+08:00","city_label":"新北市","facility_kind_label":"路邊車格","available_rate":1,"occupancy_rate":0,"price_tier":"unknown","price_tier_label":"價格未知"}},{"type":"Feature","geometry":{"type":"Point","coordinates":[121.38105,24.93187]},"properties":{"supply_id":"new_taipei-onstreet-155232","city":"new_taipei","district":"三峽區","display_name":"水防道路 車格 155232","address":"水防道路","facility_kind":"onstreet","symbol_text":null,"type_reference":"路邊停車格","type_confidence":0.6,"price_raw":null,"price_value":null,"capacity_total":1,"available_total":1,"occupied_total":0,"status_label":"空位","data_time":"2026-05-02 15:53:29+08:00","city_label":"新北市","facility_kind_label":"路邊車格","available_rate":1,"occupancy_rate":0,"price_tier":"unknown","price_tier_label":"價格未知"}},{"type":"Feature","geometry":{"type":"Point","coordinates":[121.360851,24.93566]},"properties":{"supply_id":"new_taipei-onstreet-92745","city":"new_taipei","district":"三峽區","display_name":"文化路 車格 92745","address":"文化路","facility_kind":"onstreet","symbol_text":null,"type_reference":"路邊停車格","type_confidence":0.6,"price_raw":null,"price_value":null,"capacity_total":1,"available_total":0,"occupied_total":1,"status_label":"已停","data_time":"2026-05-02 15:53:29+08:00","city_label":"新北市","facility_kind_label":"路邊車格","available_rate":0,"occupancy_rate":1,"price_tier":"unknown","price_tier_label":"價格未知"}},{"type":"Feature","geometry":{"type":"Point","coordinates":[121.378479,24.94443]},"properties":{"supply_id":"new_taipei-onstreet-61987","city":"new_taipei","district":"三峽區","display_name":"大義路 車格 61987","address":"大義路","facility_kind":"onstreet","symbol_text":null,"type_reference":"路邊停車格","type_confidence":0.6,"price_raw":null,"price_value":null,"capacity_total":1,"available_total":1,"occupied_total":0,"status_label":"空位","data_time":"2026-05-02 15:53:29+08:00","city_label":"新北市","facility_kind_label":"路邊車格","available_rate":1,"occupancy_rate":0,"price_tier":"unknown","price_tier_label":"價格未知"}},{"type":"Feature","geometry":{"type":"Point","coordinates":[121.372738,24.94615]},"properties":{"supply_id":"new_taipei-onstreet-155704","city":"new_taipei","district":"三峽區","display_name":"大學路 車格 155704","address":"大學路","facility_kind":"onstreet","symbol_text":null,"type_reference":"路邊停車格","type_confidence":0.6,"price_raw":null,"price_value":null,"capacity_total":1,"available_total":1,"occupied_total":0,"status_label":"空位","data_time":"2026-05-02 15:53:29+08:00","city_label":"新北市","facility_kind_label":"路邊車格","available_rate":1,"occupancy_rate":0,"price_tier":"unknown","price_tier_label":"價格未知"}},{"type":"Feature","geometry":{"type":"Point","coordinates":[121.381479,24.93166]},"properties":{"supply_id":"new_taipei-onstreet-155238","city":"new_taipei","district":"三峽區","display_name":"水防道路 車格 155238","address":"水防道路","facility_kind":"onstreet","symbol_text":null,"type_reference":"路邊停車格","type_confidence":0.6,"price_raw":null,"price_value":null,"capacity_total":1,"available_total":0,"occupied_total":1,"status_label":"已停","data_time":"2026-05-02 15:53:29+08:00","city_label":"新北市","facility_kind_label":"路邊車格","available_rate":0,"occupancy_rate":1,"price_tier":"unknown","price_tier_label":"價格未知"}},{"type":"Feature","geometry":{"type":"Point","coordinates":[121.370994,24.929505]},"properties":{"supply_id":"new_taipei-onstreet-16857","city":"new_taipei","district":"三峽區","display_name":"安溪路 車格 16857","address":"安溪路","facility_kind":"onstreet","symbol_text":null,"type_reference":"路邊停車格","type_confidence":0.6,"price_raw":null,"price_value":null,"capacity_total":1,"available_total":0,"occupied_total":1,"status_label":"已停","data_time":"2026-05-02 15:53:29+08:00","city_label":"新北市","facility_kind_label":"路邊車格","available_rate":0,"occupancy_rate":1,"price_tier":"unknown","price_tier_label":"價格未知"}},{"type":"Feature","geometry":{"type":"Point","coordinates":[121.378159,24.945015]},"properties":{"supply_id":"new_taipei-onstreet-55129","city":"new_taipei","district":"三峽區","display_name":"大義路 車格 55129","address":"大義路","facility_kind":"onstreet","symbol_text":null,"type_reference":"路邊停車格","type_confidence":0.6,"price_raw":null,"price_value":null,"capacity_total":1,"available_total":1,"occupied_total":0,"status_label":"空位","data_time":"2026-05-02 15:53:29+08:00","city_label":"新北市","facility_kind_label":"路邊車格","available_rate":1,"occupancy_rate":0,"price_tier":"unknown","price_tier_label":"價格未知"}},{"type":"Feature","geometry":{"type":"Point","coordinates":[121.378864,24.943745]},"properties":{"supply_id":"new_taipei-onstreet-90308","city":"new_taipei","district":"三峽區","display_name":"大義路 車格 90308","address":"大義路","facility_kind":"onstreet","symbol_text":null,"type_reference":"路邊停車格","type_confidence":0.6,"price_raw":null,"price_value":null,"capacity_total":1,"available_total":1,"occupied_total":0,"status_label":"空位","data_time":"2026-05-02 15:53:29+08:00","city_label":"新北市","facility_kind_label":"路邊車格","available_rate":1,"occupancy_rate":0,"price_tier":"unknown","price_tier_label":"價格未知"}},{"type":"Feature","geometry":{"type":"Point","coordinates":[121.374936,24.932011]},"properties":{"supply_id":"new_taipei-onstreet-52384","city":"new_taipei","district":"三峽區","display_name":"愛國路 車格 52384","address":"愛國路","facility_kind":"onstreet","symbol_text":null,"type_reference":"路邊停車格","type_confidence":0.6,"price_raw":null,"price_value":null,"capacity_total":1,"available_total":0,"occupied_total":1,"status_label":"已停","data_time":"2026-05-02 15:53:29+08:00","city_label":"新北市","facility_kind_label":"路邊車格","available_rate":0,"occupancy_rate":1,"price_tier":"unknown","price_tier_label":"價格未知"}},{"type":"Feature","geometry":{"type":"Point","coordinates":[121.370991,24.929451]},"properties":{"supply_id":"new_taipei-onstreet-80958","city":"new_taipei","district":"三峽區","display_name":"安溪路 車格 80958","address":"安溪路","facility_kind":"onstreet","symbol_text":null,"type_reference":"路邊停車格","type_confidence":0.6,"price_raw":null,"price_value":null,"capacity_total":1,"available_total":1,"occupied_total":0,"status_label":"空位","data_time":"2026-05-02 15:53:29+08:00","city_label":"新北市","facility_kind_label":"路邊車格","available_rate":1,"occupancy_rate":0,"price_tier":"unknown","price_tier_label":"價格未知"}},{"type":"Feature","geometry":{"type":"Point","coordinates":[121.375048,24.93169]},"properties":{"supply_id":"new_taipei-onstreet-143213","city":"new_taipei","district":"三峽區","display_name":"愛國路 車格 143213","address":"愛國路","facility_kind":"onstreet","symbol_text":null,"type_reference":"路邊停車格","type_confidence":0.6,"price_raw":null,"price_value":null,"capacity_total":1,"available_total":1,"occupied_total":0,"status_label":"空位","data_time":"2026-05-02 15:53:29+08:00","city_label":"新北市","facility_kind_label":"路邊車格","available_rate":1,"occupancy_rate":0,"price_tier":"unknown","price_tier_label":"價格未知"}},{"type":"Feature","geometry":{"type":"Point","coordinates":[121.370986,24.929343]},"properties":{"supply_id":"new_taipei-onstreet-58783","city":"new_taipei","district":"三峽區","display_name":"安溪路 車格 58783","address":"安溪路","facility_kind":"onstreet","symbol_text":null,"type_reference":"路邊停車格","type_confidence":0.6,"price_raw":null,"price_value":null,"capacity_total":1,"available_total":1,"occupied_total":0,"status_label":"空位","data_time":"2026-05-02 15:53:29+08:00","city_label":"新北市","facility_kind_label":"路邊車格","available_rate":1,"occupancy_rate":0,"price_tier":"unknown","price_tier_label":"價格未知"}},{"type":"Feature","geometry":{"type":"Point","coordinates":[121.37489,24.932142]},"properties":{"supply_id":"new_taipei-onstreet-84832","city":"new_taipei","district":"三峽區","display_name":"愛國路 車格 84832","address":"愛國路","facility_kind":"onstreet","symbol_text":null,"type_reference":"路邊停車格","type_confidence":0.6,"price_raw":null,"price_value":null,"capacity_total":1,"available_total":1,"occupied_total":0,"status_label":"空位","data_time":"2026-05-02 15:53:29+08:00","city_label":"新北市","facility_kind_label":"路邊車格","available_rate":1,"occupancy_rate":0,"price_tier":"unknown","price_tier_label":"價格未知"}},{"type":"Feature","geometry":{"type":"Point","coordinates":[121.372801,24.946069]},"properties":{"supply_id":"new_taipei-onstreet-155705","city":"new_taipei","district":"三峽區","display_name":"大學路 車格 155705","address":"大學路","facility_kind":"onstreet","symbol_text":null,"type_reference":"路邊停車格","type_confidence":0.6,"price_raw":null,"price_value":null,"capacity_total":1,"available_total":1,"occupied_total":0,"status_label":"空位","data_time":"2026-05-02 15:53:29+08:00","city_label":"新北市","facility_kind_label":"路邊車格","available_rate":1,"occupancy_rate":0,"price_tier":"unknown","price_tier_label":"價格未知"}},{"type":"Feature","geometry":{"type":"Point","coordinates":[121.382271,24.9442]},"properties":{"supply_id":"new_taipei-onstreet-50621","city":"new_taipei","district":"三峽區","display_name":"三樹路 車格 50621","address":"三樹路","facility_kind":"onstreet","symbol_text":null,"type_reference":"路邊停車格","type_confidence":0.6,"price_raw":null,"price_value":null,"capacity_total":1,"available_total":1,"occupied_total":0,"status_label":"空位","data_time":"2026-05-02 15:53:29+08:00","city_label":"新北市","facility_kind_label":"路邊車格","available_rate":1,"occupancy_rate":0,"price_tier":"unknown","price_tier_label":"價格未知"}},{"type":"Feature","geometry":{"type":"Point","coordinates":[121.381831,24.931518]},"properties":{"supply_id":"new_taipei-onstreet-155244","city":"new_taipei","district":"三峽區","display_name":"水防道路 車格 155244","address":"水防道路","facility_kind":"onstreet","symbol_text":null,"type_reference":"路邊停車格","type_confidence":0.6,"price_raw":null,"price_value":null,"capacity_total":1,"available_total":1,"occupied_total":0,"status_label":"空位","data_time":"2026-05-02 15:53:29+08:00","city_label":"新北市","facility_kind_label":"路邊車格","available_rate":1,"occupancy_rate":0,"price_tier":"unknown","price_tier_label":"價格未知"}},{"type":"Feature","geometry":{"type":"Point","coordinates":[121.37355,24.928939]},"properties":{"supply_id":"new_taipei-onstreet-45959","city":"new_taipei","district":"三峽區","display_name":"中正路一段 車格 45959","address":"中正路一段","facility_kind":"onstreet","symbol_text":null,"type_reference":"路邊停車格","type_confidence":0.6,"price_raw":null,"price_value":null,"capacity_total":1,"available_total":0,"occupied_total":1,"status_label":"已停","data_time":"2026-05-02 15:53:29+08:00","city_label":"新北市","facility_kind_label":"路邊車格","available_rate":0,"occupancy_rate":1,"price_tier":"unknown","price_tier_label":"價格未知"}},{"type":"Feature","geometry":{"type":"Point","coordinates":[121.381679,24.931577]},"properties":{"supply_id":"new_taipei-onstreet-155242","city":"new_taipei","district":"三峽區","display_name":"水防道路 車格 155242","address":"水防道路","facility_kind":"onstreet","symbol_text":null,"type_reference":"路邊停車格","type_confidence":0.6,"price_raw":null,"price_value":null,"capacity_total":1,"available_total":0,"occupied_total":1,"status_label":"已停","data_time":"2026-05-02 15:53:29+08:00","city_label":"新北市","facility_kind_label":"路邊車格","available_rate":0,"occupancy_rate":1,"price_tier":"unknown","price_tier_label":"價格未知"}},{"type":"Feature","geometry":{"type":"Point","coordinates":[121.374841,24.932299]},"properties":{"supply_id":"new_taipei-onstreet-80155","city":"new_taipei","district":"三峽區","display_name":"愛國路 車格 80155","address":"愛國路","facility_kind":"onstreet","symbol_text":null,"type_reference":"路邊停車格","type_confidence":0.6,"price_raw":null,"price_value":null,"capacity_total":1,"available_total":0,"occupied_total":1,"status_label":"已停","data_time":"2026-05-02 15:53:29+08:00","city_label":"新北市","facility_kind_label":"路邊車格","available_rate":0,"occupancy_rate":1,"price_tier":"unknown","price_tier_label":"價格未知"}},{"type":"Feature","geometry":{"type":"Point","coordinates":[121.378505,24.944387]},"properties":{"supply_id":"new_taipei-onstreet-25322","city":"new_taipei","district":"三峽區","display_name":"大義路 車格 25322","address":"大義路","facility_kind":"onstreet","symbol_text":null,"type_reference":"路邊停車格","type_confidence":0.6,"price_raw":null,"price_value":null,"capacity_total":1,"available_total":1,"occupied_total":0,"status_label":"空位","data_time":"2026-05-02 15:53:29+08:00","city_label":"新北市","facility_kind_label":"路邊車格","available_rate":1,"occupancy_rate":0,"price_tier":"unknown","price_tier_label":"價格未知"}},{"type":"Feature","geometry":{"type":"Point","coordinates":[121.361469,24.935764]},"properties":{"supply_id":"new_taipei-onstreet-58381","city":"new_taipei","district":"三峽區","display_name":"文化路 車格 58381","address":"文化路","facility_kind":"onstreet","symbol_text":null,"type_reference":"路邊停車格","type_confidence":0.6,"price_raw":null,"price_value":null,"capacity_total":1,"available_total":0,"occupied_total":1,"status_label":"已停","data_time":"2026-05-02 15:53:29+08:00","city_label":"新北市","facility_kind_label":"路邊車格","available_rate":0,"occupancy_rate":1,"price_tier":"unknown","price_tier_label":"價格未知"}},{"type":"Feature","geometry":{"type":"Point","coordinates":[121.370989,24.929397]},"properties":{"supply_id":"new_taipei-onstreet-58778","city":"new_taipei","district":"三峽區","display_name":"安溪路 車格 58778","address":"安溪路","facility_kind":"onstreet","symbol_text":null,"type_reference":"路邊停車格","type_confidence":0.6,"price_raw":null,"price_value":null,"capacity_total":1,"available_total":0,"occupied_total":1,"status_label":"已停","data_time":"2026-05-02 15:53:29+08:00","city_label":"新北市","facility_kind_label":"路邊車格","available_rate":0,"occupancy_rate":1,"price_tier":"unknown","price_tier_label":"價格未知"}},{"type":"Feature","geometry":{"type":"Point","coordinates":[121.372864,24.945987]},"properties":{"supply_id":"new_taipei-onstreet-155708","city":"new_taipei","district":"三峽區","display_name":"大學路 車格 155708","address":"大學路","facility_kind":"onstreet","symbol_text":null,"type_reference":"路邊停車格","type_confidence":0.6,"price_raw":null,"price_value":null,"capacity_total":1,"available_total":1,"occupied_total":0,"status_label":"空位","data_time":"2026-05-02 15:53:29+08:00","city_label":"新北市","facility_kind_label":"路邊車格","available_rate":1,"occupancy_rate":0,"price_tier":"unknown","price_tier_label":"價格未知"}},{"type":"Feature","geometry":{"type":"Point","coordinates":[121.37098,24.929235]},"properties":{"supply_id":"new_taipei-onstreet-58785","city":"new_taipei","district":"三峽區","display_name":"安溪路 車格 58785","address":"安溪路","facility_kind":"onstreet","symbol_text":null,"type_reference":"路邊停車格","type_confidence":0.6,"price_raw":null,"price_value":null,"capacity_total":1,"available_total":0,"occupied_total":1,"status_label":"已停","data_time":"2026-05-02 15:53:29+08:00","city_label":"新北市","facility_kind_label":"路邊車格","available_rate":0,"occupancy_rate":1,"price_tier":"unknown","price_tier_label":"價格未知"}},{"type":"Feature","geometry":{"type":"Point","coordinates":[121.37277,24.946109]},"properties":{"supply_id":"new_taipei-onstreet-155706","city":"new_taipei","district":"三峽區","display_name":"大學路 車格 155706","address":"大學路","facility_kind":"onstreet","symbol_text":null,"type_reference":"路邊停車格","type_confidence":0.6,"price_raw":null,"price_value":null,"capacity_total":1,"available_total":1,"occupied_total":0,"status_label":"空位","data_time":"2026-05-02 15:53:29+08:00","city_label":"新北市","facility_kind_label":"路邊車格","available_rate":1,"occupancy_rate":0,"price_tier":"unknown","price_tier_label":"價格未知"}},{"type":"Feature","geometry":{"type":"Point","coordinates":[121.373345,24.928774]},"properties":{"supply_id":"new_taipei-onstreet-45962","city":"new_taipei","district":"三峽區","display_name":"中正路一段 車格 45962","address":"中正路一段","facility_kind":"onstreet","symbol_text":null,"type_reference":"路邊停車格","type_confidence":0.6,"price_raw":null,"price_value":null,"capacity_total":1,"available_total":0,"occupied_total":1,"status_label":"已停","data_time":"2026-05-02 15:53:29+08:00","city_label":"新北市","facility_kind_label":"路邊車格","available_rate":0,"occupancy_rate":1,"price_tier":"unknown","price_tier_label":"價格未知"}},{"type":"Feature","geometry":{"type":"Point","coordinates":[121.373385,24.928808]},"properties":{"supply_id":"new_taipei-onstreet-45963","city":"new_taipei","district":"三峽區","display_name":"中正路一段 車格 45963","address":"中正路一段","facility_kind":"onstreet","symbol_text":null,"type_reference":"路邊停車格","type_confidence":0.6,"price_raw":null,"price_value":null,"capacity_total":1,"available_total":0,"occupied_total":1,"status_label":"已停","data_time":"2026-05-02 15:53:29+08:00","city_label":"新北市","facility_kind_label":"路邊車格","available_rate":0,"occupancy_rate":1,"price_tier":"unknown","price_tier_label":"價格未知"}},{"type":"Feature","geometry":{"type":"Point","coordinates":[121.378772,24.944519]},"properties":{"supply_id":"new_taipei-onstreet-95451","city":"new_taipei","district":"三峽區","display_name":"大義路 車格 95451","address":"大義路","facility_kind":"onstreet","symbol_text":null,"type_reference":"路邊停車格","type_confidence":0.6,"price_raw":null,"price_value":null,"capacity_total":1,"available_total":1,"occupied_total":0,"status_label":"空位","data_time":"2026-05-02 15:53:29+08:00","city_label":"新北市","facility_kind_label":"路邊車格","available_rate":1,"occupancy_rate":0,"price_tier":"unknown","price_tier_label":"價格未知"}},{"type":"Feature","geometry":{"type":"Point","coordinates":[121.373905,24.929197]},"properties":{"supply_id":"new_taipei-onstreet-45933","city":"new_taipei","district":"三峽區","display_name":"中正路一段 車格 45933","address":"中正路一段","facility_kind":"onstreet","symbol_text":null,"type_reference":"路邊停車格","type_confidence":0.6,"price_raw":null,"price_value":null,"capacity_total":1,"available_total":1,"occupied_total":0,"status_label":"空位","data_time":"2026-05-02 15:53:29+08:00","city_label":"新北市","facility_kind_label":"路邊車格","available_rate":1,"occupancy_rate":0,"price_tier":"unknown","price_tier_label":"價格未知"}},{"type":"Feature","geometry":{"type":"Point","coordinates":[121.381881,24.931499]},"properties":{"supply_id":"new_taipei-onstreet-155246","city":"new_taipei","district":"三峽區","display_name":"水防道路 車格 155246","address":"水防道路","facility_kind":"onstreet","symbol_text":null,"type_reference":"路邊停車格","type_confidence":0.6,"price_raw":null,"price_value":null,"capacity_total":1,"available_total":0,"occupied_total":1,"status_label":"已停","data_time":"2026-05-02 15:53:29+08:00","city_label":"新北市","facility_kind_label":"路邊車格","available_rate":0,"occupancy_rate":1,"price_tier":"unknown","price_tier_label":"價格未知"}},{"type":"Feature","geometry":{"type":"Point","coordinates":[121.373688,24.929046]},"properties":{"supply_id":"new_taipei-onstreet-45960","city":"new_taipei","district":"三峽區","display_name":"中正路一段 車格 45960","address":"中正路一段","facility_kind":"onstreet","symbol_text":null,"type_reference":"路邊停車格","type_confidence":0.6,"price_raw":null,"price_value":null,"capacity_total":1,"available_total":0,"occupied_total":1,"status_label":"已停","data_time":"2026-05-02 15:53:29+08:00","city_label":"新北市","facility_kind_label":"路邊車格","available_rate":0,"occupancy_rate":1,"price_tier":"unknown","price_tier_label":"價格未知"}},{"type":"Feature","geometry":{"type":"Point","coordinates":[121.378797,24.944475]},"properties":{"supply_id":"new_taipei-onstreet-65972","city":"new_taipei","district":"三峽區","display_name":"大義路 車格 65972","address":"大義路","facility_kind":"onstreet","symbol_text":null,"type_reference":"路邊停車格","type_confidence":0.6,"price_raw":null,"price_value":null,"capacity_total":1,"available_total":0,"occupied_total":1,"status_label":"已停","data_time":"2026-05-02 15:53:29+08:00","city_label":"新北市","facility_kind_label":"路邊車格","available_rate":0,"occupancy_rate":1,"price_tier":"unknown","price_tier_label":"價格未知"}},{"type":"Feature","geometry":{"type":"Point","coordinates":[121.378884,24.943698]},"properties":{"supply_id":"new_taipei-onstreet-90309","city":"new_taipei","district":"三峽區","display_name":"大義路 車格 90309","address":"大義路","facility_kind":"onstreet","symbol_text":null,"type_reference":"路邊停車格","type_confidence":0.6,"price_raw":null,"price_value":null,"capacity_total":1,"available_total":1,"occupied_total":0,"status_label":"空位","data_time":"2026-05-02 15:53:29+08:00","city_label":"新北市","facility_kind_label":"路邊車格","available_rate":1,"occupancy_rate":0,"price_tier":"unknown","price_tier_label":"價格未知"}},{"type":"Feature","geometry":{"type":"Point","coordinates":[121.370977,24.92918]},"properties":{"supply_id":"new_taipei-onstreet-58781","city":"new_taipei","district":"三峽區","display_name":"安溪路 車格 58781","address":"安溪路","facility_kind":"onstreet","symbol_text":null,"type_reference":"路邊停車格","type_confidence":0.6,"price_raw":null,"price_value":null,"capacity_total":1,"available_total":0,"occupied_total":1,"status_label":"已停","data_time":"2026-05-02 15:53:29+08:00","city_label":"新北市","facility_kind_label":"路邊車格","available_rate":0,"occupancy_rate":1,"price_tier":"unknown","price_tier_label":"價格未知"}},{"type":"Feature","geometry":{"type":"Point","coordinates":[121.361648,24.935809]},"properties":{"supply_id":"new_taipei-onstreet-89216","city":"new_taipei","district":"三峽區","display_name":"文化路 車格 89216","address":"文化路","facility_kind":"onstreet","symbol_text":null,"type_reference":"路邊停車格","type_confidence":0.6,"price_raw":null,"price_value":null,"capacity_total":1,"available_total":1,"occupied_total":0,"status_label":"空位","data_time":"2026-05-02 15:53:29+08:00","city_label":"新北市","facility_kind_label":"路邊車格","available_rate":1,"occupancy_rate":0,"price_tier":"unknown","price_tier_label":"價格未知"}},{"type":"Feature","geometry":{"type":"Point","coordinates":[121.374855,24.932257]},"properties":{"supply_id":"new_taipei-onstreet-36896","city":"new_taipei","district":"三峽區","display_name":"愛國路 車格 36896","address":"愛國路","facility_kind":"onstreet","symbol_text":null,"type_reference":"路邊停車格","type_confidence":0.6,"price_raw":null,"price_value":null,"capacity_total":1,"available_total":1,"occupied_total":0,"status_label":"空位","data_time":"2026-05-02 15:53:29+08:00","city_label":"新北市","facility_kind_label":"路邊車格","available_rate":1,"occupancy_rate":0,"price_tier":"unknown","price_tier_label":"價格未知"}},{"type":"Feature","geometry":{"type":"Point","coordinates":[121.373467,24.928874]},"properties":{"supply_id":"new_taipei-onstreet-45957","city":"new_taipei","district":"三峽區","display_name":"中正路一段 車格 45957","address":"中正路一段","facility_kind":"onstreet","symbol_text":null,"type_reference":"路邊停車格","type_confidence":0.6,"price_raw":null,"price_value":null,"capacity_total":1,"available_total":1,"occupied_total":0,"status_label":"空位","data_time":"2026-05-02 15:53:29+08:00","city_label":"新北市","facility_kind_label":"路邊車格","available_rate":1,"occupancy_rate":0,"price_tier":"unknown","price_tier_label":"價格未知"}},{"type":"Feature","geometry":{"type":"Point","coordinates":[121.372832,24.946028]},"properties":{"supply_id":"new_taipei-onstreet-155709","city":"new_taipei","district":"三峽區","display_name":"大學路 車格 155709","address":"大學路","facility_kind":"onstreet","symbol_text":null,"type_reference":"路邊停車格","type_confidence":0.6,"price_raw":null,"price_value":null,"capacity_total":1,"available_total":1,"occupied_total":0,"status_label":"空位","data_time":"2026-05-02 15:53:29+08:00","city_label":"新北市","facility_kind_label":"路邊車格","available_rate":1,"occupancy_rate":0,"price_tier":"unknown","price_tier_label":"價格未知"}},{"type":"Feature","geometry":{"type":"Point","coordinates":[121.381628,24.931597]},"properties":{"supply_id":"new_taipei-onstreet-155241","city":"new_taipei","district":"三峽區","display_name":"水防道路 車格 155241","address":"水防道路","facility_kind":"onstreet","symbol_text":null,"type_reference":"路邊停車格","type_confidence":0.6,"price_raw":null,"price_value":null,"capacity_total":1,"available_total":1,"occupied_total":0,"status_label":"空位","data_time":"2026-05-02 15:53:29+08:00","city_label":"新北市","facility_kind_label":"路邊車格","available_rate":1,"occupancy_rate":0,"price_tier":"unknown","price_tier_label":"價格未知"}},{"type":"Feature","geometry":{"type":"Point","coordinates":[121.381579,24.931618]},"properties":{"supply_id":"new_taipei-onstreet-155240","city":"new_taipei","district":"三峽區","display_name":"水防道路 車格 155240","address":"水防道路","facility_kind":"onstreet","symbol_text":null,"type_reference":"路邊停車格","type_confidence":0.6,"price_raw":null,"price_value":null,"capacity_total":1,"available_total":1,"occupied_total":0,"status_label":"空位","data_time":"2026-05-02 15:53:29+08:00","city_label":"新北市","facility_kind_label":"路邊車格","available_rate":1,"occupancy_rate":0,"price_tier":"unknown","price_tier_label":"價格未知"}},{"type":"Feature","geometry":{"type":"Point","coordinates":[121.373508,24.928907]},"properties":{"supply_id":"new_taipei-onstreet-45958","city":"new_taipei","district":"三峽區","display_name":"中正路一段 車格 45958","address":"中正路一段","facility_kind":"onstreet","symbol_text":null,"type_reference":"路邊停車格","type_confidence":0.6,"price_raw":null,"price_value":null,"capacity_total":1,"available_total":1,"occupied_total":0,"status_label":"空位","data_time":"2026-05-02 15:53:29+08:00","city_label":"新北市","facility_kind_label":"路邊車格","available_rate":1,"occupancy_rate":0,"price_tier":"unknown","price_tier_label":"價格未知"}},{"type":"Feature","geometry":{"type":"Point","coordinates":[121.37872,24.944607]},"properties":{"supply_id":"new_taipei-onstreet-95450","city":"new_taipei","district":"三峽區","display_name":"大義路 車格 95450","address":"大義路","facility_kind":"onstreet","symbol_text":null,"type_reference":"路邊停車格","type_confidence":0.6,"price_raw":null,"price_value":null,"capacity_total":1,"available_total":1,"occupied_total":0,"status_label":"空位","data_time":"2026-05-02 15:53:29+08:00","city_label":"新北市","facility_kind_label":"路邊車格","available_rate":1,"occupancy_rate":0,"price_tier":"unknown","price_tier_label":"價格未知"}},{"type":"Feature","geometry":{"type":"Point","coordinates":[121.370974,24.929126]},"properties":{"supply_id":"new_taipei-onstreet-58782","city":"new_taipei","district":"三峽區","display_name":"安溪路 車格 58782","address":"安溪路","facility_kind":"onstreet","symbol_text":null,"type_reference":"路邊停車格","type_confidence":0.6,"price_raw":null,"price_value":null,"capacity_total":1,"available_total":1,"occupied_total":0,"status_label":"空位","data_time":"2026-05-02 15:53:29+08:00","city_label":"新北市","facility_kind_label":"路邊車格","available_rate":1,"occupancy_rate":0,"price_tier":"unknown","price_tier_label":"價格未知"}},{"type":"Feature","geometry":{"type":"Point","coordinates":[121.381729,24.931558]},"properties":{"supply_id":"new_taipei-onstreet-155243","city":"new_taipei","district":"三峽區","display_name":"水防道路 車格 155243","address":"水防道路","facility_kind":"onstreet","symbol_text":null,"type_reference":"路邊停車格","type_confidence":0.6,"price_raw":null,"price_value":null,"capacity_total":1,"available_total":1,"occupied_total":0,"status_label":"空位","data_time":"2026-05-02 15:53:29+08:00","city_label":"新北市","facility_kind_label":"路邊車格","available_rate":1,"occupancy_rate":0,"price_tier":"unknown","price_tier_label":"價格未知"}},{"type":"Feature","geometry":{"type":"Point","coordinates":[121.361769,24.935848]},"properties":{"supply_id":"new_taipei-onstreet-23735","city":"new_taipei","district":"三峽區","display_name":"文化路 車格 23735","address":"文化路","facility_kind":"onstreet","symbol_text":null,"type_reference":"路邊停車格","type_confidence":0.6,"price_raw":null,"price_value":null,"capacity_total":1,"available_total":0,"occupied_total":1,"status_label":"已停","data_time":"2026-05-02 15:53:29+08:00","city_label":"新北市","facility_kind_label":"路邊車格","available_rate":0,"occupancy_rate":1,"price_tier":"unknown","price_tier_label":"價格未知"}},{"type":"Feature","geometry":{"type":"Point","coordinates":[121.370983,24.929289]},"properties":{"supply_id":"new_taipei-onstreet-58779","city":"new_taipei","district":"三峽區","display_name":"安溪路 車格 58779","address":"安溪路","facility_kind":"onstreet","symbol_text":null,"type_reference":"路邊停車格","type_confidence":0.6,"price_raw":null,"price_value":null,"capacity_total":1,"available_total":0,"occupied_total":1,"status_label":"已停","data_time":"2026-05-02 15:53:29+08:00","city_label":"新北市","facility_kind_label":"路邊車格","available_rate":0,"occupancy_rate":1,"price_tier":"unknown","price_tier_label":"價格未知"}},{"type":"Feature","geometry":{"type":"Point","coordinates":[121.382172,24.944205]},"properties":{"supply_id":"new_taipei-onstreet-50622","city":"new_taipei","district":"三峽區","display_name":"三樹路 車格 50622","address":"三樹路","facility_kind":"onstreet","symbol_text":null,"type_reference":"路邊停車格","type_confidence":0.6,"price_raw":null,"price_value":null,"capacity_total":1,"available_total":0,"occupied_total":1,"status_label":"已停","data_time":"2026-05-02 15:53:29+08:00","city_label":"新北市","facility_kind_label":"路邊車格","available_rate":0,"occupancy_rate":1,"price_tier":"unknown","price_tier_label":"價格未知"}},{"type":"Feature","geometry":{"type":"Point","coordinates":[121.361895,24.935886]},"properties":{"supply_id":"new_taipei-onstreet-78915","city":"new_taipei","district":"三峽區","display_name":"文化路 車格 78915","address":"文化路","facility_kind":"onstreet","symbol_text":null,"type_reference":"路邊停車格","type_confidence":0.6,"price_raw":null,"price_value":null,"capacity_total":1,"available_total":1,"occupied_total":0,"status_label":"空位","data_time":"2026-05-02 15:53:29+08:00","city_label":"新北市","facility_kind_label":"路邊車格","available_rate":1,"occupancy_rate":0,"price_tier":"unknown","price_tier_label":"價格未知"}},{"type":"Feature","geometry":{"type":"Point","coordinates":[121.362016,24.935904]},"properties":{"supply_id":"new_taipei-onstreet-59834","city":"new_taipei","district":"三峽區","display_name":"文化路 車格 59834","address":"文化路","facility_kind":"onstreet","symbol_text":null,"type_reference":"路邊停車格","type_confidence":0.6,"price_raw":null,"price_value":null,"capacity_total":1,"available_total":0,"occupied_total":1,"status_label":"已停","data_time":"2026-05-02 15:53:29+08:00","city_label":"新北市","facility_kind_label":"路邊車格","available_rate":0,"occupancy_rate":1,"price_tier":"unknown","price_tier_label":"價格未知"}},{"type":"Feature","geometry":{"type":"Point","coordinates":[121.362071,24.935913]},"properties":{"supply_id":"new_taipei-onstreet-59837","city":"new_taipei","district":"三峽區","display_name":"文化路 車格 59837","address":"文化路","facility_kind":"onstreet","symbol_text":null,"type_reference":"路邊停車格","type_confidence":0.6,"price_raw":null,"price_value":null,"capacity_total":1,"available_total":1,"occupied_total":0,"status_label":"空位","data_time":"2026-05-02 15:53:29+08:00","city_label":"新北市","facility_kind_label":"路邊車格","available_rate":1,"occupancy_rate":0,"price_tier":"unknown","price_tier_label":"價格未知"}},{"type":"Feature","geometry":{"type":"Point","coordinates":[121.381932,24.931481]},"properties":{"supply_id":"new_taipei-onstreet-155247","city":"new_taipei","district":"三峽區","display_name":"水防道路 車格 155247","address":"水防道路","facility_kind":"onstreet","symbol_text":null,"type_reference":"路邊停車格","type_confidence":0.6,"price_raw":null,"price_value":null,"capacity_total":1,"available_total":1,"occupied_total":0,"status_label":"空位","data_time":"2026-05-02 15:53:29+08:00","city_label":"新北市","facility_kind_label":"路邊車格","available_rate":1,"occupancy_rate":0,"price_tier":"unknown","price_tier_label":"價格未知"}},{"type":"Feature","geometry":{"type":"Point","coordinates":[121.374134,24.929364]},"properties":{"supply_id":"new_taipei-onstreet-122278","city":"new_taipei","district":"三峽區","display_name":"中正路一段 車格 122278","address":"中正路一段","facility_kind":"onstreet","symbol_text":null,"type_reference":"路邊停車格","type_confidence":0.6,"price_raw":null,"price_value":null,"capacity_total":1,"available_total":1,"occupied_total":0,"status_label":"空位","data_time":"2026-05-02 15:53:29+08:00","city_label":"新北市","facility_kind_label":"路邊車格","available_rate":1,"occupancy_rate":0,"price_tier":"unknown","price_tier_label":"價格未知"}},{"type":"Feature","geometry":{"type":"Point","coordinates":[121.378746,24.944563]},"properties":{"supply_id":"new_taipei-onstreet-95449","city":"new_taipei","district":"三峽區","display_name":"大義路 車格 95449","address":"大義路","facility_kind":"onstreet","symbol_text":null,"type_reference":"路邊停車格","type_confidence":0.6,"price_raw":null,"price_value":null,"capacity_total":1,"available_total":1,"occupied_total":0,"status_label":"空位","data_time":"2026-05-02 15:53:29+08:00","city_label":"新北市","facility_kind_label":"路邊車格","available_rate":1,"occupancy_rate":0,"price_tier":"unknown","price_tier_label":"價格未知"}},{"type":"Feature","geometry":{"type":"Point","coordinates":[121.374097,24.929337]},"properties":{"supply_id":"new_taipei-onstreet-122279","city":"new_taipei","district":"三峽區","display_name":"中正路一段 車格 122279","address":"中正路一段","facility_kind":"onstreet","symbol_text":null,"type_reference":"路邊停車格","type_confidence":0.6,"price_raw":null,"price_value":null,"capacity_total":1,"available_total":1,"occupied_total":0,"status_label":"空位","data_time":"2026-05-02 15:53:29+08:00","city_label":"新北市","facility_kind_label":"路邊車格","available_rate":1,"occupancy_rate":0,"price_tier":"unknown","price_tier_label":"價格未知"}},{"type":"Feature","geometry":{"type":"Point","coordinates":[121.381984,24.931464]},"properties":{"supply_id":"new_taipei-onstreet-155248","city":"new_taipei","district":"三峽區","display_name":"水防道路 車格 155248","address":"水防道路","facility_kind":"onstreet","symbol_text":null,"type_reference":"路邊停車格","type_confidence":0.6,"price_raw":null,"price_value":null,"capacity_total":1,"available_total":1,"occupied_total":0,"status_label":"空位","data_time":"2026-05-02 15:53:29+08:00","city_label":"新北市","facility_kind_label":"路邊車格","available_rate":1,"occupancy_rate":0,"price_tier":"unknown","price_tier_label":"價格未知"}},{"type":"Feature","geometry":{"type":"Point","coordinates":[121.378903,24.943651]},"properties":{"supply_id":"new_taipei-onstreet-88589","city":"new_taipei","district":"三峽區","display_name":"大義路 車格 88589","address":"大義路","facility_kind":"onstreet","symbol_text":null,"type_reference":"路邊停車格","type_confidence":0.6,"price_raw":null,"price_value":null,"capacity_total":1,"available_total":1,"occupied_total":0,"status_label":"空位","data_time":"2026-05-02 15:53:29+08:00","city_label":"新北市","facility_kind_label":"路邊車格","available_rate":1,"occupancy_rate":0,"price_tier":"unknown","price_tier_label":"價格未知"}},{"type":"Feature","geometry":{"type":"Point","coordinates":[121.37373,24.929078]},"properties":{"supply_id":"new_taipei-onstreet-45961","city":"new_taipei","district":"三峽區","display_name":"中正路一段 車格 45961","address":"中正路一段","facility_kind":"onstreet","symbol_text":null,"type_reference":"路邊停車格","type_confidence":0.6,"price_raw":null,"price_value":null,"capacity_total":1,"available_total":0,"occupied_total":1,"status_label":"已停","data_time":"2026-05-02 15:53:29+08:00","city_label":"新北市","facility_kind_label":"路邊車格","available_rate":0,"occupancy_rate":1,"price_tier":"unknown","price_tier_label":"價格未知"}},{"type":"Feature","geometry":{"type":"Point","coordinates":[121.362314,24.935928]},"properties":{"supply_id":"new_taipei-onstreet-59839","city":"new_taipei","district":"三峽區","display_name":"文化路 車格 59839","address":"文化路","facility_kind":"onstreet","symbol_text":null,"type_reference":"路邊停車格","type_confidence":0.6,"price_raw":null,"price_value":null,"capacity_total":1,"available_total":0,"occupied_total":1,"status_label":"已停","data_time":"2026-05-02 15:53:29+08:00","city_label":"新北市","facility_kind_label":"路邊車格","available_rate":0,"occupancy_rate":1,"price_tier":"unknown","price_tier_label":"價格未知"}},{"type":"Feature","geometry":{"type":"Point","coordinates":[121.380588,24.945816]},"properties":{"supply_id":"new_taipei-onstreet-5759","city":"new_taipei","district":"三峽區","display_name":"學成路 車格 5759","address":"學成路","facility_kind":"onstreet","symbol_text":null,"type_reference":"路邊停車格","type_confidence":0.6,"price_raw":null,"price_value":null,"capacity_total":1,"available_total":1,"occupied_total":0,"status_label":"空位","data_time":"2026-05-02 15:53:29+08:00","city_label":"新北市","facility_kind_label":"路邊車格","available_rate":1,"occupancy_rate":0,"price_tier":"unknown","price_tier_label":"價格未知"}},{"type":"Feature","geometry":{"type":"Point","coordinates":[121.37093,24.92856]},"properties":{"supply_id":"new_taipei-onstreet-58788","city":"new_taipei","district":"三峽區","display_name":"安溪路 車格 58788","address":"安溪路","facility_kind":"onstreet","symbol_text":null,"type_reference":"路邊停車格","type_confidence":0.6,"price_raw":null,"price_value":null,"capacity_total":1,"available_total":0,"occupied_total":1,"status_label":"已停","data_time":"2026-05-02 15:53:29+08:00","city_label":"新北市","facility_kind_label":"路邊車格","available_rate":0,"occupancy_rate":1,"price_tier":"unknown","price_tier_label":"價格未知"}},{"type":"Feature","geometry":{"type":"Point","coordinates":[121.362179,24.935924]},"properties":{"supply_id":"new_taipei-onstreet-59835","city":"new_taipei","district":"三峽區","display_name":"文化路 車格 59835","address":"文化路","facility_kind":"onstreet","symbol_text":null,"type_reference":"路邊停車格","type_confidence":0.6,"price_raw":null,"price_value":null,"capacity_total":1,"available_total":1,"occupied_total":0,"status_label":"空位","data_time":"2026-05-02 15:53:29+08:00","city_label":"新北市","facility_kind_label":"路邊車格","available_rate":1,"occupancy_rate":0,"price_tier":"unknown","price_tier_label":"價格未知"}},{"type":"Feature","geometry":{"type":"Point","coordinates":[121.381778,24.944228]},"properties":{"supply_id":"new_taipei-onstreet-86667","city":"new_taipei","district":"三峽區","display_name":"三樹路 車格 86667","address":"三樹路","facility_kind":"onstreet","symbol_text":null,"type_reference":"路邊停車格","type_confidence":0.6,"price_raw":null,"price_value":null,"capacity_total":1,"available_total":0,"occupied_total":1,"status_label":"已停","data_time":"2026-05-02 15:53:29+08:00","city_label":"新北市","facility_kind_label":"路邊車格","available_rate":0,"occupancy_rate":1,"price_tier":"unknown","price_tier_label":"價格未知"}},{"type":"Feature","geometry":{"type":"Point","coordinates":[121.374792,24.929836]},"properties":{"supply_id":"new_taipei-onstreet-45896","city":"new_taipei","district":"三峽區","display_name":"中正路一段 車格 45896","address":"中正路一段","facility_kind":"onstreet","symbol_text":null,"type_reference":"路邊停車格","type_confidence":0.6,"price_raw":null,"price_value":null,"capacity_total":1,"available_total":1,"occupied_total":0,"status_label":"空位","data_time":"2026-05-02 15:53:29+08:00","city_label":"新北市","facility_kind_label":"路邊車格","available_rate":1,"occupancy_rate":0,"price_tier":"unknown","price_tier_label":"價格未知"}},{"type":"Feature","geometry":{"type":"Point","coordinates":[121.382352,24.93137]},"properties":{"supply_id":"new_taipei-onstreet-155253","city":"new_taipei","district":"三峽區","display_name":"水防道路 車格 155253","address":"水防道路","facility_kind":"onstreet","symbol_text":null,"type_reference":"路邊停車格","type_confidence":0.6,"price_raw":null,"price_value":null,"capacity_total":1,"available_total":1,"occupied_total":0,"status_label":"空位","data_time":"2026-05-02 15:53:29+08:00","city_label":"新北市","facility_kind_label":"路邊車格","available_rate":1,"occupancy_rate":0,"price_tier":"unknown","price_tier_label":"價格未知"}},{"type":"Feature","geometry":{"type":"Point","coordinates":[121.374191,24.929405]},"properties":{"supply_id":"new_taipei-onstreet-45905","city":"new_taipei","district":"三峽區","display_name":"中正路一段 車格 45905","address":"中正路一段","facility_kind":"onstreet","symbol_text":null,"type_reference":"路邊停車格","type_confidence":0.6,"price_raw":null,"price_value":null,"capacity_total":1,"available_total":1,"occupied_total":0,"status_label":"空位","data_time":"2026-05-02 15:53:29+08:00","city_label":"新北市","facility_kind_label":"路邊車格","available_rate":1,"occupancy_rate":0,"price_tier":"unknown","price_tier_label":"價格未知"}},{"type":"Feature","geometry":{"type":"Point","coordinates":[121.382036,24.931448]},"properties":{"supply_id":"new_taipei-onstreet-155249","city":"new_taipei","district":"三峽區","display_name":"水防道路 車格 155249","address":"水防道路","facility_kind":"onstreet","symbol_text":null,"type_reference":"路邊停車格","type_confidence":0.6,"price_raw":null,"price_value":null,"capacity_total":1,"available_total":0,"occupied_total":1,"status_label":"已停","data_time":"2026-05-02 15:53:29+08:00","city_label":"新北市","facility_kind_label":"路邊車格","available_rate":0,"occupancy_rate":1,"price_tier":"unknown","price_tier_label":"價格未知"}},{"type":"Feature","geometry":{"type":"Point","coordinates":[121.362369,24.935925]},"properties":{"supply_id":"new_taipei-onstreet-59806","city":"new_taipei","district":"三峽區","display_name":"文化路 車格 59806","address":"文化路","facility_kind":"onstreet","symbol_text":null,"type_reference":"路邊停車格","type_confidence":0.6,"price_raw":null,"price_value":null,"capacity_total":1,"available_total":1,"occupied_total":0,"status_label":"空位","data_time":"2026-05-02 15:53:29+08:00","city_label":"新北市","facility_kind_label":"路邊車格","available_rate":1,"occupancy_rate":0,"price_tier":"unknown","price_tier_label":"價格未知"}},{"type":"Feature","geometry":{"type":"Point","coordinates":[121.374264,24.929458]},"properties":{"supply_id":"new_taipei-onstreet-45934","city":"new_taipei","district":"三峽區","display_name":"中正路一段 車格 45934","address":"中正路一段","facility_kind":"onstreet","symbol_text":null,"type_reference":"路邊停車格","type_confidence":0.6,"price_raw":null,"price_value":null,"capacity_total":1,"available_total":0,"occupied_total":1,"status_label":"已停","data_time":"2026-05-02 15:53:29+08:00","city_label":"新北市","facility_kind_label":"路邊車格","available_rate":0,"occupancy_rate":1,"price_tier":"unknown","price_tier_label":"價格未知"}},{"type":"Feature","geometry":{"type":"Point","coordinates":[121.382088,24.931433]},"properties":{"supply_id":"new_taipei-onstreet-155250","city":"new_taipei","district":"三峽區","display_name":"水防道路 車格 155250","address":"水防道路","facility_kind":"onstreet","symbol_text":null,"type_reference":"路邊停車格","type_confidence":0.6,"price_raw":null,"price_value":null,"capacity_total":1,"available_total":0,"occupied_total":1,"status_label":"已停","data_time":"2026-05-02 15:53:29+08:00","city_label":"新北市","facility_kind_label":"路邊車格","available_rate":0,"occupancy_rate":1,"price_tier":"unknown","price_tier_label":"價格未知"}},{"type":"Feature","geometry":{"type":"Point","coordinates":[121.362125,24.93592]},"properties":{"supply_id":"new_taipei-onstreet-59838","city":"new_taipei","district":"三峽區","display_name":"文化路 車格 59838","address":"文化路","facility_kind":"onstreet","symbol_text":null,"type_reference":"路邊停車格","type_confidence":0.6,"price_raw":null,"price_value":null,"capacity_total":1,"available_total":0,"occupied_total":1,"status_label":"已停","data_time":"2026-05-02 15:53:29+08:00","city_label":"新北市","facility_kind_label":"路邊車格","available_rate":0,"occupancy_rate":1,"price_tier":"unknown","price_tier_label":"價格未知"}},{"type":"Feature","geometry":{"type":"Point","coordinates":[121.380639,24.945834]},"properties":{"supply_id":"new_taipei-onstreet-5750","city":"new_taipei","district":"三峽區","display_name":"學成路 車格 5750","address":"學成路","facility_kind":"onstreet","symbol_text":null,"type_reference":"路邊停車格","type_confidence":0.6,"price_raw":null,"price_value":null,"capacity_total":1,"available_total":1,"occupied_total":0,"status_label":"空位","data_time":"2026-05-02 15:53:29+08:00","city_label":"新北市","facility_kind_label":"路邊車格","available_rate":1,"occupancy_rate":0,"price_tier":"unknown","price_tier_label":"價格未知"}},{"type":"Feature","geometry":{"type":"Point","coordinates":[121.370971,24.929072]},"properties":{"supply_id":"new_taipei-onstreet-84590","city":"new_taipei","district":"三峽區","display_name":"安溪路 車格 84590","address":"安溪路","facility_kind":"onstreet","symbol_text":null,"type_reference":"路邊停車格","type_confidence":0.6,"price_raw":null,"price_value":null,"capacity_total":1,"available_total":1,"occupied_total":0,"status_label":"空位","data_time":"2026-05-02 15:53:29+08:00","city_label":"新北市","facility_kind_label":"路邊車格","available_rate":1,"occupancy_rate":0,"price_tier":"unknown","price_tier_label":"價格未知"}},{"type":"Feature","geometry":{"type":"Point","coordinates":[121.382118,24.944208]},"properties":{"supply_id":"new_taipei-onstreet-50623","city":"new_taipei","district":"三峽區","display_name":"三樹路 車格 50623","address":"三樹路","facility_kind":"onstreet","symbol_text":null,"type_reference":"路邊停車格","type_confidence":0.6,"price_raw":null,"price_value":null,"capacity_total":1,"available_total":1,"occupied_total":0,"status_label":"空位","data_time":"2026-05-02 15:53:29+08:00","city_label":"新北市","facility_kind_label":"路邊車格","available_rate":1,"occupancy_rate":0,"price_tier":"unknown","price_tier_label":"價格未知"}},{"type":"Feature","geometry":{"type":"Point","coordinates":[121.380537,24.945799]},"properties":{"supply_id":"new_taipei-onstreet-5740","city":"new_taipei","district":"三峽區","display_name":"學成路 車格 5740","address":"學成路","facility_kind":"onstreet","symbol_text":null,"type_reference":"路邊停車格","type_confidence":0.6,"price_raw":null,"price_value":null,"capacity_total":1,"available_total":0,"occupied_total":1,"status_label":"已停","data_time":"2026-05-02 15:53:29+08:00","city_label":"新北市","facility_kind_label":"路邊車格","available_rate":0,"occupancy_rate":1,"price_tier":"unknown","price_tier_label":"價格未知"}},{"type":"Feature","geometry":{"type":"Point","coordinates":[121.370945,24.928668]},"properties":{"supply_id":"new_taipei-onstreet-87642","city":"new_taipei","district":"三峽區","display_name":"安溪路 車格 87642","address":"安溪路","facility_kind":"onstreet","symbol_text":null,"type_reference":"路邊停車格","type_confidence":0.6,"price_raw":null,"price_value":null,"capacity_total":1,"available_total":1,"occupied_total":0,"status_label":"空位","data_time":"2026-05-02 15:53:29+08:00","city_label":"新北市","facility_kind_label":"路邊車格","available_rate":1,"occupancy_rate":0,"price_tier":"unknown","price_tier_label":"價格未知"}},{"type":"Feature","geometry":{"type":"Point","coordinates":[121.374445,24.929591]},"properties":{"supply_id":"new_taipei-onstreet-45904","city":"new_taipei","district":"三峽區","display_name":"中正路一段 車格 45904","address":"中正路一段","facility_kind":"onstreet","symbol_text":null,"type_reference":"路邊停車格","type_confidence":0.6,"price_raw":null,"price_value":null,"capacity_total":1,"available_total":0,"occupied_total":1,"status_label":"已停","data_time":"2026-05-02 15:53:29+08:00","city_label":"新北市","facility_kind_label":"路邊車格","available_rate":0,"occupancy_rate":1,"price_tier":"unknown","price_tier_label":"價格未知"}},{"type":"Feature","geometry":{"type":"Point","coordinates":[121.370939,24.928614]},"properties":{"supply_id":"new_taipei-onstreet-84592","city":"new_taipei","district":"三峽區","display_name":"安溪路 車格 84592","address":"安溪路","facility_kind":"onstreet","symbol_text":null,"type_reference":"路邊停車格","type_confidence":0.6,"price_raw":null,"price_value":null,"capacity_total":1,"available_total":1,"occupied_total":0,"status_label":"空位","data_time":"2026-05-02 15:53:29+08:00","city_label":"新北市","facility_kind_label":"路邊車格","available_rate":1,"occupancy_rate":0,"price_tier":"unknown","price_tier_label":"價格未知"}},{"type":"Feature","geometry":{"type":"Point","coordinates":[121.38214,24.93142]},"properties":{"supply_id":"new_taipei-onstreet-155251","city":"new_taipei","district":"三峽區","display_name":"水防道路 車格 155251","address":"水防道路","facility_kind":"onstreet","symbol_text":null,"type_reference":"路邊停車格","type_confidence":0.6,"price_raw":null,"price_value":null,"capacity_total":1,"available_total":1,"occupied_total":0,"status_label":"空位","data_time":"2026-05-02 15:53:29+08:00","city_label":"新北市","facility_kind_label":"路邊車格","available_rate":1,"occupancy_rate":0,"price_tier":"unknown","price_tier_label":"價格未知"}},{"type":"Feature","geometry":{"type":"Point","coordinates":[121.37091,24.928453]},"properties":{"supply_id":"new_taipei-onstreet-64937","city":"new_taipei","district":"三峽區","display_name":"安溪路 車格 64937","address":"安溪路","facility_kind":"onstreet","symbol_text":null,"type_reference":"路邊停車格","type_confidence":0.6,"price_raw":null,"price_value":null,"capacity_total":1,"available_total":1,"occupied_total":0,"status_label":"空位","data_time":"2026-05-02 15:53:29+08:00","city_label":"新北市","facility_kind_label":"路邊車格","available_rate":1,"occupancy_rate":0,"price_tier":"unknown","price_tier_label":"價格未知"}},{"type":"Feature","geometry":{"type":"Point","coordinates":[121.362234,24.935927]},"properties":{"supply_id":"new_taipei-onstreet-59836","city":"new_taipei","district":"三峽區","display_name":"文化路 車格 59836","address":"文化路","facility_kind":"onstreet","symbol_text":null,"type_reference":"路邊停車格","type_confidence":0.6,"price_raw":null,"price_value":null,"capacity_total":1,"available_total":1,"occupied_total":0,"status_label":"空位","data_time":"2026-05-02 15:53:29+08:00","city_label":"新北市","facility_kind_label":"路邊車格","available_rate":1,"occupancy_rate":0,"price_tier":"unknown","price_tier_label":"價格未知"}},{"type":"Feature","geometry":{"type":"Point","coordinates":[121.362976,24.935749]},"properties":{"supply_id":"new_taipei-onstreet-51366","city":"new_taipei","district":"三峽區","display_name":"文化路 車格 51366","address":"文化路","facility_kind":"onstreet","symbol_text":null,"type_reference":"路邊停車格","type_confidence":0.6,"price_raw":null,"price_value":null,"capacity_total":1,"available_total":1,"occupied_total":0,"status_label":"空位","data_time":"2026-05-02 15:53:29+08:00","city_label":"新北市","facility_kind_label":"路邊車格","available_rate":1,"occupancy_rate":0,"price_tier":"unknown","price_tier_label":"價格未知"}},{"type":"Feature","geometry":{"type":"Point","coordinates":[121.382622,24.931332]},"properties":{"supply_id":"new_taipei-onstreet-155258","city":"new_taipei","district":"三峽區","display_name":"水防道路 車格 155258","address":"水防道路","facility_kind":"onstreet","symbol_text":null,"type_reference":"路邊停車格","type_confidence":0.6,"price_raw":null,"price_value":null,"capacity_total":1,"available_total":0,"occupied_total":1,"status_label":"已停","data_time":"2026-05-02 15:53:29+08:00","city_label":"新北市","facility_kind_label":"路邊車格","available_rate":0,"occupancy_rate":1,"price_tier":"unknown","price_tier_label":"價格未知"}},{"type":"Feature","geometry":{"type":"Point","coordinates":[121.362645,24.935868]},"properties":{"supply_id":"new_taipei-onstreet-59841","city":"new_taipei","district":"三峽區","display_name":"文化路 車格 59841","address":"文化路","facility_kind":"onstreet","symbol_text":null,"type_reference":"路邊停車格","type_confidence":0.6,"price_raw":null,"price_value":null,"capacity_total":1,"available_total":1,"occupied_total":0,"status_label":"空位","data_time":"2026-05-02 15:53:29+08:00","city_label":"新北市","facility_kind_label":"路邊車格","available_rate":1,"occupancy_rate":0,"price_tier":"unknown","price_tier_label":"價格未知"}},{"type":"Feature","geometry":{"type":"Point","coordinates":[121.380146,24.945794]},"properties":{"supply_id":"new_taipei-onstreet-7877","city":"new_taipei","district":"三峽區","display_name":"大雅路 車格 7877","address":"大雅路","facility_kind":"onstreet","symbol_text":null,"type_reference":"路邊停車格","type_confidence":0.6,"price_raw":null,"price_value":null,"capacity_total":1,"available_total":1,"occupied_total":0,"status_label":"空位","data_time":"2026-05-02 15:53:29+08:00","city_label":"新北市","facility_kind_label":"路邊車格","available_rate":1,"occupancy_rate":0,"price_tier":"unknown","price_tier_label":"價格未知"}},{"type":"Feature","geometry":{"type":"Point","coordinates":[121.379398,24.945346]},"properties":{"supply_id":"new_taipei-onstreet-5824","city":"new_taipei","district":"三峽區","display_name":"學成路 車格 5824","address":"學成路","facility_kind":"onstreet","symbol_text":null,"type_reference":"路邊停車格","type_confidence":0.6,"price_raw":null,"price_value":null,"capacity_total":1,"available_total":1,"occupied_total":0,"status_label":"空位","data_time":"2026-05-02 15:53:29+08:00","city_label":"新北市","facility_kind_label":"路邊車格","available_rate":1,"occupancy_rate":0,"price_tier":"unknown","price_tier_label":"價格未知"}},{"type":"Feature","geometry":{"type":"Point","coordinates":[121.370685,24.927818]},"properties":{"supply_id":"new_taipei-onstreet-58913","city":"new_taipei","district":"三峽區","display_name":"安溪路 車格 58913","address":"安溪路","facility_kind":"onstreet","symbol_text":null,"type_reference":"路邊停車格","type_confidence":0.6,"price_raw":null,"price_value":null,"capacity_total":1,"available_total":0,"occupied_total":1,"status_label":"已停","data_time":"2026-05-02 15:53:29+08:00","city_label":"新北市","facility_kind_label":"路邊車格","available_rate":0,"occupancy_rate":1,"price_tier":"unknown","price_tier_label":"價格未知"}},{"type":"Feature","geometry":{"type":"Point","coordinates":[121.374402,24.929559]},"properties":{"supply_id":"new_taipei-onstreet-45936","city":"new_taipei","district":"三峽區","display_name":"中正路一段 車格 45936","address":"中正路一段","facility_kind":"onstreet","symbol_text":null,"type_reference":"路邊停車格","type_confidence":0.6,"price_raw":null,"price_value":null,"capacity_total":1,"available_total":1,"occupied_total":0,"status_label":"空位","data_time":"2026-05-02 15:53:29+08:00","city_label":"新北市","facility_kind_label":"路邊車格","available_rate":1,"occupancy_rate":0,"price_tier":"unknown","price_tier_label":"價格未知"}},{"type":"Feature","geometry":{"type":"Point","coordinates":[121.374833,24.929869]},"properties":{"supply_id":"new_taipei-onstreet-45895","city":"new_taipei","district":"三峽區","display_name":"中正路一段 車格 45895","address":"中正路一段","facility_kind":"onstreet","symbol_text":null,"type_reference":"路邊停車格","type_confidence":0.6,"price_raw":null,"price_value":null,"capacity_total":1,"available_total":1,"occupied_total":0,"status_label":"空位","data_time":"2026-05-02 15:53:29+08:00","city_label":"新北市","facility_kind_label":"路邊車格","available_rate":1,"occupancy_rate":0,"price_tier":"unknown","price_tier_label":"價格未知"}},{"type":"Feature","geometry":{"type":"Point","coordinates":[121.370756,24.927967]},"properties":{"supply_id":"new_taipei-onstreet-58914","city":"new_taipei","district":"三峽區","display_name":"安溪路 車格 58914","address":"安溪路","facility_kind":"onstreet","symbol_text":null,"type_reference":"路邊停車格","type_confidence":0.6,"price_raw":null,"price_value":null,"capacity_total":1,"available_total":0,"occupied_total":1,"status_label":"已停","data_time":"2026-05-02 15:53:29+08:00","city_label":"新北市","facility_kind_label":"路邊車格","available_rate":0,"occupancy_rate":1,"price_tier":"unknown","price_tier_label":"價格未知"}},{"type":"Feature","geometry":{"type":"Point","coordinates":[121.362423,24.935918]},"properties":{"supply_id":"new_taipei-onstreet-59840","city":"new_taipei","district":"三峽區","display_name":"文化路 車格 59840","address":"文化路","facility_kind":"onstreet","symbol_text":null,"type_reference":"路邊停車格","type_confidence":0.6,"price_raw":null,"price_value":null,"capacity_total":1,"available_total":1,"occupied_total":0,"status_label":"空位","data_time":"2026-05-02 15:53:29+08:00","city_label":"新北市","facility_kind_label":"路邊車格","available_rate":1,"occupancy_rate":0,"price_tier":"unknown","price_tier_label":"價格未知"}},{"type":"Feature","geometry":{"type":"Point","coordinates":[121.370921,24.928506]},"properties":{"supply_id":"new_taipei-onstreet-84593","city":"new_taipei","district":"三峽區","display_name":"安溪路 車格 84593","address":"安溪路","facility_kind":"onstreet","symbol_text":null,"type_reference":"路邊停車格","type_confidence":0.6,"price_raw":null,"price_value":null,"capacity_total":1,"available_total":0,"occupied_total":1,"status_label":"已停","data_time":"2026-05-02 15:53:29+08:00","city_label":"新北市","facility_kind_label":"路邊車格","available_rate":0,"occupancy_rate":1,"price_tier":"unknown","price_tier_label":"價格未知"}},{"type":"Feature","geometry":{"type":"Point","coordinates":[121.363209,24.935642]},"properties":{"supply_id":"new_taipei-onstreet-59804","city":"new_taipei","district":"三峽區","display_name":"文化路 車格 59804","address":"文化路","facility_kind":"onstreet","symbol_text":null,"type_reference":"路邊停車格","type_confidence":0.6,"price_raw":null,"price_value":null,"capacity_total":1,"available_total":1,"occupied_total":0,"status_label":"空位","data_time":"2026-05-02 15:53:29+08:00","city_label":"新北市","facility_kind_label":"路邊車格","available_rate":1,"occupancy_rate":0,"price_tier":"unknown","price_tier_label":"價格未知"}},{"type":"Feature","geometry":{"type":"Point","coordinates":[121.362592,24.935881]},"properties":{"supply_id":"new_taipei-onstreet-59807","city":"new_taipei","district":"三峽區","display_name":"文化路 車格 59807","address":"文化路","facility_kind":"onstreet","symbol_text":null,"type_reference":"路邊停車格","type_confidence":0.6,"price_raw":null,"price_value":null,"capacity_total":1,"available_total":1,"occupied_total":0,"status_label":"空位","data_time":"2026-05-02 15:53:29+08:00","city_label":"新北市","facility_kind_label":"路邊車格","available_rate":1,"occupancy_rate":0,"price_tier":"unknown","price_tier_label":"價格未知"}},{"type":"Feature","geometry":{"type":"Point","coordinates":[121.382406,24.931359]},"properties":{"supply_id":"new_taipei-onstreet-155254","city":"new_taipei","district":"三峽區","display_name":"水防道路 車格 155254","address":"水防道路","facility_kind":"onstreet","symbol_text":null,"type_reference":"路邊停車格","type_confidence":0.6,"price_raw":null,"price_value":null,"capacity_total":1,"available_total":1,"occupied_total":0,"status_label":"空位","data_time":"2026-05-02 15:53:29+08:00","city_label":"新北市","facility_kind_label":"路邊車格","available_rate":1,"occupancy_rate":0,"price_tier":"unknown","price_tier_label":"價格未知"}},{"type":"Feature","geometry":{"type":"Point","coordinates":[121.381724,24.944231]},"properties":{"supply_id":"new_taipei-onstreet-86669","city":"new_taipei","district":"三峽區","display_name":"三樹路 車格 86669","address":"三樹路","facility_kind":"onstreet","symbol_text":null,"type_reference":"路邊停車格","type_confidence":0.6,"price_raw":null,"price_value":null,"capacity_total":1,"available_total":0,"occupied_total":1,"status_label":"已停","data_time":"2026-05-02 15:53:29+08:00","city_label":"新北市","facility_kind_label":"路邊車格","available_rate":0,"occupancy_rate":1,"price_tier":"unknown","price_tier_label":"價格未知"}},{"type":"Feature","geometry":{"type":"Point","coordinates":[121.370818,24.928121]},"properties":{"supply_id":"new_taipei-onstreet-27483","city":"new_taipei","district":"三峽區","display_name":"安溪路 車格 27483","address":"安溪路","facility_kind":"onstreet","symbol_text":null,"type_reference":"路邊停車格","type_confidence":0.6,"price_raw":null,"price_value":null,"capacity_total":1,"available_total":1,"occupied_total":0,"status_label":"空位","data_time":"2026-05-02 15:53:29+08:00","city_label":"新北市","facility_kind_label":"路邊車格","available_rate":1,"occupancy_rate":0,"price_tier":"unknown","price_tier_label":"價格未知"}},{"type":"Feature","geometry":{"type":"Point","coordinates":[121.382785,24.931314]},"properties":{"supply_id":"new_taipei-onstreet-155260","city":"new_taipei","district":"三峽區","display_name":"水防道路 車格 155260","address":"水防道路","facility_kind":"onstreet","symbol_text":null,"type_reference":"路邊停車格","type_confidence":0.6,"price_raw":null,"price_value":null,"capacity_total":1,"available_total":0,"occupied_total":1,"status_label":"已停","data_time":"2026-05-02 15:53:29+08:00","city_label":"新北市","facility_kind_label":"路邊車格","available_rate":0,"occupancy_rate":1,"price_tier":"unknown","price_tier_label":"價格未知"}},{"type":"Feature","geometry":{"type":"Point","coordinates":[121.363112,24.935686]},"properties":{"supply_id":"new_taipei-onstreet-59818","city":"new_taipei","district":"三峽區","display_name":"文化路 車格 59818","address":"文化路","facility_kind":"onstreet","symbol_text":null,"type_reference":"路邊停車格","type_confidence":0.6,"price_raw":null,"price_value":null,"capacity_total":1,"available_total":1,"occupied_total":0,"status_label":"空位","data_time":"2026-05-02 15:53:29+08:00","city_label":"新北市","facility_kind_label":"路邊車格","available_rate":1,"occupancy_rate":0,"price_tier":"unknown","price_tier_label":"價格未知"}},{"type":"Feature","geometry":{"type":"Point","coordinates":[121.381832,24.944226]},"properties":{"supply_id":"new_taipei-onstreet-50624","city":"new_taipei","district":"三峽區","display_name":"三樹路 車格 50624","address":"三樹路","facility_kind":"onstreet","symbol_text":null,"type_reference":"路邊停車格","type_confidence":0.6,"price_raw":null,"price_value":null,"capacity_total":1,"available_total":0,"occupied_total":1,"status_label":"已停","data_time":"2026-05-02 15:53:29+08:00","city_label":"新北市","facility_kind_label":"路邊車格","available_rate":0,"occupancy_rate":1,"price_tier":"unknown","price_tier_label":"價格未知"}},{"type":"Feature","geometry":{"type":"Point","coordinates":[121.3823,24.931383]},"properties":{"supply_id":"new_taipei-onstreet-155252","city":"new_taipei","district":"三峽區","display_name":"水防道路 車格 155252","address":"水防道路","facility_kind":"onstreet","symbol_text":null,"type_reference":"路邊停車格","type_confidence":0.6,"price_raw":null,"price_value":null,"capacity_total":1,"available_total":0,"occupied_total":1,"status_label":"已停","data_time":"2026-05-02 15:53:29+08:00","city_label":"新北市","facility_kind_label":"路邊車格","available_rate":0,"occupancy_rate":1,"price_tier":"unknown","price_tier_label":"價格未知"}},{"type":"Feature","geometry":{"type":"Point","coordinates":[121.362927,24.935771]},"properties":{"supply_id":"new_taipei-onstreet-59805","city":"new_taipei","district":"三峽區","display_name":"文化路 車格 59805","address":"文化路","facility_kind":"onstreet","symbol_text":null,"type_reference":"路邊停車格","type_confidence":0.6,"price_raw":null,"price_value":null,"capacity_total":1,"available_total":1,"occupied_total":0,"status_label":"空位","data_time":"2026-05-02 15:53:29+08:00","city_label":"新北市","facility_kind_label":"路邊車格","available_rate":1,"occupancy_rate":0,"price_tier":"unknown","price_tier_label":"價格未知"}},{"type":"Feature","geometry":{"type":"Point","coordinates":[121.382567,24.931337]},"properties":{"supply_id":"new_taipei-onstreet-155257","city":"new_taipei","district":"三峽區","display_name":"水防道路 車格 155257","address":"水防道路","facility_kind":"onstreet","symbol_text":null,"type_reference":"路邊停車格","type_confidence":0.6,"price_raw":null,"price_value":null,"capacity_total":1,"available_total":1,"occupied_total":0,"status_label":"空位","data_time":"2026-05-02 15:53:29+08:00","city_label":"新北市","facility_kind_label":"路邊車格","available_rate":1,"occupancy_rate":0,"price_tier":"unknown","price_tier_label":"價格未知"}},{"type":"Feature","geometry":{"type":"Point","coordinates":[121.362477,24.935908]},"properties":{"supply_id":"new_taipei-onstreet-59808","city":"new_taipei","district":"三峽區","display_name":"文化路 車格 59808","address":"文化路","facility_kind":"onstreet","symbol_text":null,"type_reference":"路邊停車格","type_confidence":0.6,"price_raw":null,"price_value":null,"capacity_total":1,"available_total":0,"occupied_total":1,"status_label":"已停","data_time":"2026-05-02 15:53:29+08:00","city_label":"新北市","facility_kind_label":"路邊車格","available_rate":0,"occupancy_rate":1,"price_tier":"unknown","price_tier_label":"價格未知"}},{"type":"Feature","geometry":{"type":"Point","coordinates":[121.370836,24.928172]},"properties":{"supply_id":"new_taipei-onstreet-27482","city":"new_taipei","district":"三峽區","display_name":"安溪路 車格 27482","address":"安溪路","facility_kind":"onstreet","symbol_text":null,"type_reference":"路邊停車格","type_confidence":0.6,"price_raw":null,"price_value":null,"capacity_total":1,"available_total":1,"occupied_total":0,"status_label":"空位","data_time":"2026-05-02 15:53:29+08:00","city_label":"新北市","facility_kind_label":"路邊車格","available_rate":1,"occupancy_rate":0,"price_tier":"unknown","price_tier_label":"價格未知"}},{"type":"Feature","geometry":{"type":"Point","coordinates":[121.380325,24.945313]},"properties":{"supply_id":"new_taipei-onstreet-85253","city":"new_taipei","district":"三峽區","display_name":"大雅路 車格 85253","address":"大雅路","facility_kind":"onstreet","symbol_text":null,"type_reference":"路邊停車格","type_confidence":0.6,"price_raw":null,"price_value":null,"capacity_total":1,"available_total":1,"occupied_total":0,"status_label":"空位","data_time":"2026-05-02 15:53:29+08:00","city_label":"新北市","facility_kind_label":"路邊車格","available_rate":1,"occupancy_rate":0,"price_tier":"unknown","price_tier_label":"價格未知"}},{"type":"Feature","geometry":{"type":"Point","coordinates":[121.382894,24.931302]},"properties":{"supply_id":"new_taipei-onstreet-155262","city":"new_taipei","district":"三峽區","display_name":"水防道路 車格 155262","address":"水防道路","facility_kind":"onstreet","symbol_text":null,"type_reference":"路邊停車格","type_confidence":0.6,"price_raw":null,"price_value":null,"capacity_total":1,"available_total":1,"occupied_total":0,"status_label":"空位","data_time":"2026-05-02 15:53:29+08:00","city_label":"新北市","facility_kind_label":"路邊車格","available_rate":1,"occupancy_rate":0,"price_tier":"unknown","price_tier_label":"價格未知"}},{"type":"Feature","geometry":{"type":"Point","coordinates":[121.362697,24.935855]},"properties":{"supply_id":"new_taipei-onstreet-59842","city":"new_taipei","district":"三峽區","display_name":"文化路 車格 59842","address":"文化路","facility_kind":"onstreet","symbol_text":null,"type_reference":"路邊停車格","type_confidence":0.6,"price_raw":null,"price_value":null,"capacity_total":1,"available_total":1,"occupied_total":0,"status_label":"空位","data_time":"2026-05-02 15:53:29+08:00","city_label":"新北市","facility_kind_label":"路邊車格","available_rate":1,"occupancy_rate":0,"price_tier":"unknown","price_tier_label":"價格未知"}},{"type":"Feature","geometry":{"type":"Point","coordinates":[121.379447,24.945367]},"properties":{"supply_id":"new_taipei-onstreet-5816","city":"new_taipei","district":"三峽區","display_name":"學成路 車格 5816","address":"學成路","facility_kind":"onstreet","symbol_text":null,"type_reference":"路邊停車格","type_confidence":0.6,"price_raw":null,"price_value":null,"capacity_total":1,"available_total":1,"occupied_total":0,"status_label":"空位","data_time":"2026-05-02 15:53:29+08:00","city_label":"新北市","facility_kind_label":"路邊車格","available_rate":1,"occupancy_rate":0,"price_tier":"unknown","price_tier_label":"價格未知"}},{"type":"Feature","geometry":{"type":"Point","coordinates":[121.370711,24.927867]},"properties":{"supply_id":"new_taipei-onstreet-84596","city":"new_taipei","district":"三峽區","display_name":"安溪路 車格 84596","address":"安溪路","facility_kind":"onstreet","symbol_text":null,"type_reference":"路邊停車格","type_confidence":0.6,"price_raw":null,"price_value":null,"capacity_total":1,"available_total":1,"occupied_total":0,"status_label":"空位","data_time":"2026-05-02 15:53:29+08:00","city_label":"新北市","facility_kind_label":"路邊車格","available_rate":1,"occupancy_rate":0,"price_tier":"unknown","price_tier_label":"價格未知"}},{"type":"Feature","geometry":{"type":"Point","coordinates":[121.375149,24.930113]},"properties":{"supply_id":"new_taipei-onstreet-101042","city":"new_taipei","district":"三峽區","display_name":"中正路一段 車格 101042","address":"中正路一段","facility_kind":"onstreet","symbol_text":null,"type_reference":"路邊停車格","type_confidence":0.6,"price_raw":null,"price_value":null,"capacity_total":1,"available_total":1,"occupied_total":0,"status_label":"空位","data_time":"2026-05-02 15:53:29+08:00","city_label":"新北市","facility_kind_label":"路邊車格","available_rate":1,"occupancy_rate":0,"price_tier":"unknown","price_tier_label":"價格未知"}},{"type":"Feature","geometry":{"type":"Point","coordinates":[121.380442,24.943922]},"properties":{"supply_id":"new_taipei-onstreet-95291","city":"new_taipei","district":"三峽區","display_name":"三樹路 車格 95291","address":"三樹路","facility_kind":"onstreet","symbol_text":null,"type_reference":"路邊停車格","type_confidence":0.6,"price_raw":null,"price_value":null,"capacity_total":1,"available_total":1,"occupied_total":0,"status_label":"空位","data_time":"2026-05-02 15:53:29+08:00","city_label":"新北市","facility_kind_label":"路邊車格","available_rate":1,"occupancy_rate":0,"price_tier":"unknown","price_tier_label":"價格未知"}},{"type":"Feature","geometry":{"type":"Point","coordinates":[121.363687,24.935495]},"properties":{"supply_id":"new_taipei-onstreet-84216","city":"new_taipei","district":"三峽區","display_name":"文化路 車格 84216","address":"文化路","facility_kind":"onstreet","symbol_text":null,"type_reference":"路邊停車格","type_confidence":0.6,"price_raw":null,"price_value":null,"capacity_total":1,"available_total":1,"occupied_total":0,"status_label":"空位","data_time":"2026-05-02 15:53:29+08:00","city_label":"新北市","facility_kind_label":"路邊車格","available_rate":1,"occupancy_rate":0,"price_tier":"unknown","price_tier_label":"價格未知"}},{"type":"Feature","geometry":{"type":"Point","coordinates":[121.37547,24.930347]},"properties":{"supply_id":"new_taipei-onstreet-82988","city":"new_taipei","district":"三峽區","display_name":"中正路一段 車格 82988","address":"中正路一段","facility_kind":"onstreet","symbol_text":null,"type_reference":"路邊停車格","type_confidence":0.6,"price_raw":null,"price_value":null,"capacity_total":1,"available_total":0,"occupied_total":1,"status_label":"已停","data_time":"2026-05-02 15:53:29+08:00","city_label":"新北市","facility_kind_label":"路邊車格","available_rate":0,"occupancy_rate":1,"price_tier":"unknown","price_tier_label":"價格未知"}},{"type":"Feature","geometry":{"type":"Point","coordinates":[121.374558,24.943788]},"properties":{"supply_id":"new_taipei-onstreet-95351","city":"new_taipei","district":"三峽區","display_name":"大學路 車格 95351","address":"大學路","facility_kind":"onstreet","symbol_text":null,"type_reference":"路邊停車格","type_confidence":0.6,"price_raw":null,"price_value":null,"capacity_total":1,"available_total":1,"occupied_total":0,"status_label":"空位","data_time":"2026-05-02 15:53:29+08:00","city_label":"新北市","facility_kind_label":"路邊車格","available_rate":1,"occupancy_rate":0,"price_tier":"unknown","price_tier_label":"價格未知"}},{"type":"Feature","geometry":{"type":"Point","coordinates":[121.362754,24.93584]},"properties":{"supply_id":"new_taipei-onstreet-84218","city":"new_taipei","district":"三峽區","display_name":"文化路 車格 84218","address":"文化路","facility_kind":"onstreet","symbol_text":null,"type_reference":"路邊停車格","type_confidence":0.6,"price_raw":null,"price_value":null,"capacity_total":1,"available_total":1,"occupied_total":0,"status_label":"空位","data_time":"2026-05-02 15:53:29+08:00","city_label":"新北市","facility_kind_label":"路邊車格","available_rate":1,"occupancy_rate":0,"price_tier":"unknown","price_tier_label":"價格未知"}},{"type":"Feature","geometry":{"type":"Point","coordinates":[121.382581,24.944407]},"properties":{"supply_id":"new_taipei-onstreet-55571","city":"new_taipei","district":"三峽區","display_name":"大成路 車格 55571","address":"大成路","facility_kind":"onstreet","symbol_text":null,"type_reference":"路邊停車格","type_confidence":0.6,"price_raw":null,"price_value":null,"capacity_total":1,"available_total":1,"occupied_total":0,"status_label":"空位","data_time":"2026-05-02 15:53:29+08:00","city_label":"新北市","facility_kind_label":"路邊車格","available_rate":1,"occupancy_rate":0,"price_tier":"unknown","price_tier_label":"價格未知"}},{"type":"Feature","geometry":{"type":"Point","coordinates":[121.375379,24.930281]},"properties":{"supply_id":"new_taipei-onstreet-158791","city":"new_taipei","district":"三峽區","display_name":"中正路一段 車格 158791","address":"中正路一段","facility_kind":"onstreet","symbol_text":null,"type_reference":"路邊停車格","type_confidence":0.6,"price_raw":null,"price_value":null,"capacity_total":1,"available_total":1,"occupied_total":0,"status_label":"空位","data_time":"2026-05-02 15:53:29+08:00","city_label":"新北市","facility_kind_label":"路邊車格","available_rate":1,"occupancy_rate":0,"price_tier":"unknown","price_tier_label":"價格未知"}},{"type":"Feature","geometry":{"type":"Point","coordinates":[121.370798,24.928069]},"properties":{"supply_id":"new_taipei-onstreet-69886","city":"new_taipei","district":"三峽區","display_name":"安溪路 車格 69886","address":"安溪路","facility_kind":"onstreet","symbol_text":null,"type_reference":"路邊停車格","type_confidence":0.6,"price_raw":null,"price_value":null,"capacity_total":1,"available_total":0,"occupied_total":1,"status_label":"已停","data_time":"2026-05-02 15:53:29+08:00","city_label":"新北市","facility_kind_label":"路邊車格","available_rate":0,"occupancy_rate":1,"price_tier":"unknown","price_tier_label":"價格未知"}},{"type":"Feature","geometry":{"type":"Point","coordinates":[121.379496,24.945388]},"properties":{"supply_id":"new_taipei-onstreet-5812","city":"new_taipei","district":"三峽區","display_name":"學成路 車格 5812","address":"學成路","facility_kind":"onstreet","symbol_text":null,"type_reference":"路邊停車格","type_confidence":0.6,"price_raw":null,"price_value":null,"capacity_total":1,"available_total":1,"occupied_total":0,"status_label":"空位","data_time":"2026-05-02 15:53:29+08:00","city_label":"新北市","facility_kind_label":"路邊車格","available_rate":1,"occupancy_rate":0,"price_tier":"unknown","price_tier_label":"價格未知"}},{"type":"Feature","geometry":{"type":"Point","coordinates":[121.370734,24.927917]},"properties":{"supply_id":"new_taipei-onstreet-58874","city":"new_taipei","district":"三峽區","display_name":"安溪路 車格 58874","address":"安溪路","facility_kind":"onstreet","symbol_text":null,"type_reference":"路邊停車格","type_confidence":0.6,"price_raw":null,"price_value":null,"capacity_total":1,"available_total":1,"occupied_total":0,"status_label":"空位","data_time":"2026-05-02 15:53:29+08:00","city_label":"新北市","facility_kind_label":"路邊車格","available_rate":1,"occupancy_rate":0,"price_tier":"unknown","price_tier_label":"價格未知"}},{"type":"Feature","geometry":{"type":"Point","coordinates":[121.380459,24.944927]},"properties":{"supply_id":"new_taipei-onstreet-71438","city":"new_taipei","district":"三峽區","display_name":"大雅路 車格 71438","address":"大雅路","facility_kind":"onstreet","symbol_text":null,"type_reference":"路邊停車格","type_confidence":0.6,"price_raw":null,"price_value":null,"capacity_total":1,"available_total":1,"occupied_total":0,"status_label":"空位","data_time":"2026-05-02 15:53:29+08:00","city_label":"新北市","facility_kind_label":"路邊車格","available_rate":1,"occupancy_rate":0,"price_tier":"unknown","price_tier_label":"價格未知"}},{"type":"Feature","geometry":{"type":"Point","coordinates":[121.363847,24.935468]},"properties":{"supply_id":"new_taipei-onstreet-59797","city":"new_taipei","district":"三峽區","display_name":"文化路 車格 59797","address":"文化路","facility_kind":"onstreet","symbol_text":null,"type_reference":"路邊停車格","type_confidence":0.6,"price_raw":null,"price_value":null,"capacity_total":1,"available_total":0,"occupied_total":1,"status_label":"已停","data_time":"2026-05-02 15:53:29+08:00","city_label":"新北市","facility_kind_label":"路邊車格","available_rate":0,"occupancy_rate":1,"price_tier":"unknown","price_tier_label":"價格未知"}},{"type":"Feature","geometry":{"type":"Point","coordinates":[121.38246,24.931349]},"properties":{"supply_id":"new_taipei-onstreet-155255","city":"new_taipei","district":"三峽區","display_name":"水防道路 車格 155255","address":"水防道路","facility_kind":"onstreet","symbol_text":null,"type_reference":"路邊停車格","type_confidence":0.6,"price_raw":null,"price_value":null,"capacity_total":1,"available_total":1,"occupied_total":0,"status_label":"空位","data_time":"2026-05-02 15:53:29+08:00","city_label":"新北市","facility_kind_label":"路邊車格","available_rate":1,"occupancy_rate":0,"price_tier":"unknown","price_tier_label":"價格未知"}},{"type":"Feature","geometry":{"type":"Point","coordinates":[121.363063,24.935709]},"properties":{"supply_id":"new_taipei-onstreet-59813","city":"new_taipei","district":"三峽區","display_name":"文化路 車格 59813","address":"文化路","facility_kind":"onstreet","symbol_text":null,"type_reference":"路邊停車格","type_confidence":0.6,"price_raw":null,"price_value":null,"capacity_total":1,"available_total":1,"occupied_total":0,"status_label":"空位","data_time":"2026-05-02 15:53:29+08:00","city_label":"新北市","facility_kind_label":"路邊車格","available_rate":1,"occupancy_rate":0,"price_tier":"unknown","price_tier_label":"價格未知"}},{"type":"Feature","geometry":{"type":"Point","coordinates":[121.370557,24.927574]},"properties":{"supply_id":"new_taipei-onstreet-87671","city":"new_taipei","district":"三峽區","display_name":"安溪路 車格 87671","address":"安溪路","facility_kind":"onstreet","symbol_text":null,"type_reference":"路邊停車格","type_confidence":0.6,"price_raw":null,"price_value":null,"capacity_total":1,"available_total":0,"occupied_total":1,"status_label":"已停","data_time":"2026-05-02 15:53:29+08:00","city_label":"新北市","facility_kind_label":"路邊車格","available_rate":0,"occupancy_rate":1,"price_tier":"unknown","price_tier_label":"價格未知"}},{"type":"Feature","geometry":{"type":"Point","coordinates":[121.370778,24.928018]},"properties":{"supply_id":"new_taipei-onstreet-84595","city":"new_taipei","district":"三峽區","display_name":"安溪路 車格 84595","address":"安溪路","facility_kind":"onstreet","symbol_text":null,"type_reference":"路邊停車格","type_confidence":0.6,"price_raw":null,"price_value":null,"capacity_total":1,"available_total":1,"occupied_total":0,"status_label":"空位","data_time":"2026-05-02 15:53:29+08:00","city_label":"新北市","facility_kind_label":"路邊車格","available_rate":1,"occupancy_rate":0,"price_tier":"unknown","price_tier_label":"價格未知"}},{"type":"Feature","geometry":{"type":"Point","coordinates":[121.382513,24.931342]},"properties":{"supply_id":"new_taipei-onstreet-155256","city":"new_taipei","district":"三峽區","display_name":"水防道路 車格 155256","address":"水防道路","facility_kind":"onstreet","symbol_text":null,"type_reference":"路邊停車格","type_confidence":0.6,"price_raw":null,"price_value":null,"capacity_total":1,"available_total":0,"occupied_total":1,"status_label":"已停","data_time":"2026-05-02 15:53:29+08:00","city_label":"新北市","facility_kind_label":"路邊車格","available_rate":0,"occupancy_rate":1,"price_tier":"unknown","price_tier_label":"價格未知"}},{"type":"Feature","geometry":{"type":"Point","coordinates":[121.380341,24.945265]},"properties":{"supply_id":"new_taipei-onstreet-85254","city":"new_taipei","district":"三峽區","display_name":"大雅路 車格 85254","address":"大雅路","facility_kind":"onstreet","symbol_text":null,"type_reference":"路邊停車格","type_confidence":0.6,"price_raw":null,"price_value":null,"capacity_total":1,"available_total":1,"occupied_total":0,"status_label":"空位","data_time":"2026-05-02 15:53:29+08:00","city_label":"新北市","facility_kind_label":"路邊車格","available_rate":1,"occupancy_rate":0,"price_tier":"unknown","price_tier_label":"價格未知"}},{"type":"Feature","geometry":{"type":"Point","coordinates":[121.3793,24.945303]},"properties":{"supply_id":"new_taipei-onstreet-5826","city":"new_taipei","district":"三峽區","display_name":"學成路 車格 5826","address":"學成路","facility_kind":"onstreet","symbol_text":null,"type_reference":"路邊停車格","type_confidence":0.6,"price_raw":null,"price_value":null,"capacity_total":1,"available_total":1,"occupied_total":0,"status_label":"空位","data_time":"2026-05-02 15:53:29+08:00","city_label":"新北市","facility_kind_label":"路邊車格","available_rate":1,"occupancy_rate":0,"price_tier":"unknown","price_tier_label":"價格未知"}},{"type":"Feature","geometry":{"type":"Point","coordinates":[121.370634,24.92772]},"properties":{"supply_id":"new_taipei-onstreet-58923","city":"new_taipei","district":"三峽區","display_name":"安溪路 車格 58923","address":"安溪路","facility_kind":"onstreet","symbol_text":null,"type_reference":"路邊停車格","type_confidence":0.6,"price_raw":null,"price_value":null,"capacity_total":1,"available_total":1,"occupied_total":0,"status_label":"空位","data_time":"2026-05-02 15:53:29+08:00","city_label":"新北市","facility_kind_label":"路邊車格","available_rate":1,"occupancy_rate":0,"price_tier":"unknown","price_tier_label":"價格未知"}},{"type":"Feature","geometry":{"type":"Point","coordinates":[121.370608,24.927671]},"properties":{"supply_id":"new_taipei-onstreet-58877","city":"new_taipei","district":"三峽區","display_name":"安溪路 車格 58877","address":"安溪路","facility_kind":"onstreet","symbol_text":null,"type_reference":"路邊停車格","type_confidence":0.6,"price_raw":null,"price_value":null,"capacity_total":1,"available_total":1,"occupied_total":0,"status_label":"空位","data_time":"2026-05-02 15:53:29+08:00","city_label":"新北市","facility_kind_label":"路邊車格","available_rate":1,"occupancy_rate":0,"price_tier":"unknown","price_tier_label":"價格未知"}},{"type":"Feature","geometry":{"type":"Point","coordinates":[121.380117,24.945875]},"properties":{"supply_id":"new_taipei-onstreet-53511","city":"new_taipei","district":"三峽區","display_name":"大雅路 車格 53511","address":"大雅路","facility_kind":"onstreet","symbol_text":null,"type_reference":"路邊停車格","type_confidence":0.6,"price_raw":null,"price_value":null,"capacity_total":1,"available_total":1,"occupied_total":0,"status_label":"空位","data_time":"2026-05-02 15:53:29+08:00","city_label":"新北市","facility_kind_label":"路邊車格","available_rate":1,"occupancy_rate":0,"price_tier":"unknown","price_tier_label":"價格未知"}},{"type":"Feature","geometry":{"type":"Point","coordinates":[121.382839,24.931308]},"properties":{"supply_id":"new_taipei-onstreet-155261","city":"new_taipei","district":"三峽區","display_name":"水防道路 車格 155261","address":"水防道路","facility_kind":"onstreet","symbol_text":null,"type_reference":"路邊停車格","type_confidence":0.6,"price_raw":null,"price_value":null,"capacity_total":1,"available_total":0,"occupied_total":1,"status_label":"已停","data_time":"2026-05-02 15:53:29+08:00","city_label":"新北市","facility_kind_label":"路邊車格","available_rate":0,"occupancy_rate":1,"price_tier":"unknown","price_tier_label":"價格未知"}},{"type":"Feature","geometry":{"type":"Point","coordinates":[121.364063,24.935449]},"properties":{"supply_id":"new_taipei-onstreet-90059","city":"new_taipei","district":"三峽區","display_name":"文化路 車格 90059","address":"文化路","facility_kind":"onstreet","symbol_text":null,"type_reference":"路邊停車格","type_confidence":0.6,"price_raw":null,"price_value":null,"capacity_total":1,"available_total":1,"occupied_total":0,"status_label":"空位","data_time":"2026-05-02 15:53:29+08:00","city_label":"新北市","facility_kind_label":"路邊車格","available_rate":1,"occupancy_rate":0,"price_tier":"unknown","price_tier_label":"價格未知"}},{"type":"Feature","geometry":{"type":"Point","coordinates":[121.381184,24.944225]},"properties":{"supply_id":"new_taipei-onstreet-86670","city":"new_taipei","district":"三峽區","display_name":"三樹路 車格 86670","address":"三樹路","facility_kind":"onstreet","symbol_text":null,"type_reference":"路邊停車格","type_confidence":0.6,"price_raw":null,"price_value":null,"capacity_total":1,"available_total":0,"occupied_total":1,"status_label":"已停","data_time":"2026-05-02 15:53:29+08:00","city_label":"新北市","facility_kind_label":"路邊車格","available_rate":0,"occupancy_rate":1,"price_tier":"unknown","price_tier_label":"價格未知"}},{"type":"Feature","geometry":{"type":"Point","coordinates":[121.379349,24.945325]},"properties":{"supply_id":"new_taipei-onstreet-5665","city":"new_taipei","district":"三峽區","display_name":"學成路 車格 5665","address":"學成路","facility_kind":"onstreet","symbol_text":null,"type_reference":"路邊停車格","type_confidence":0.6,"price_raw":null,"price_value":null,"capacity_total":1,"available_total":1,"occupied_total":0,"status_label":"空位","data_time":"2026-05-02 15:53:29+08:00","city_label":"新北市","facility_kind_label":"路邊車格","available_rate":1,"occupancy_rate":0,"price_tier":"unknown","price_tier_label":"價格未知"}},{"type":"Feature","geometry":{"type":"Point","coordinates":[121.37066,24.927769]},"properties":{"supply_id":"new_taipei-onstreet-58912","city":"new_taipei","district":"三峽區","display_name":"安溪路 車格 58912","address":"安溪路","facility_kind":"onstreet","symbol_text":null,"type_reference":"路邊停車格","type_confidence":0.6,"price_raw":null,"price_value":null,"capacity_total":1,"available_total":0,"occupied_total":1,"status_label":"已停","data_time":"2026-05-02 15:53:29+08:00","city_label":"新北市","facility_kind_label":"路邊車格","available_rate":0,"occupancy_rate":1,"price_tier":"unknown","price_tier_label":"價格未知"}},{"type":"Feature","geometry":{"type":"Point","coordinates":[121.380201,24.943813]},"properties":{"supply_id":"new_taipei-onstreet-95293","city":"new_taipei","district":"三峽區","display_name":"三樹路 車格 95293","address":"三樹路","facility_kind":"onstreet","symbol_text":null,"type_reference":"路邊停車格","type_confidence":0.6,"price_raw":null,"price_value":null,"capacity_total":1,"available_total":0,"occupied_total":1,"status_label":"已停","data_time":"2026-05-02 15:53:29+08:00","city_label":"新北市","facility_kind_label":"路邊車格","available_rate":0,"occupancy_rate":1,"price_tier":"unknown","price_tier_label":"價格未知"}},{"type":"Feature","geometry":{"type":"Point","coordinates":[121.370184,24.926805]},"properties":{"supply_id":"new_taipei-onstreet-58931","city":"new_taipei","district":"三峽區","display_name":"安溪路 車格 58931","address":"安溪路","facility_kind":"onstreet","symbol_text":null,"type_reference":"路邊停車格","type_confidence":0.6,"price_raw":null,"price_value":null,"capacity_total":1,"available_total":0,"occupied_total":1,"status_label":"已停","data_time":"2026-05-02 15:53:29+08:00","city_label":"新北市","facility_kind_label":"路邊車格","available_rate":0,"occupancy_rate":1,"price_tier":"unknown","price_tier_label":"價格未知"}},{"type":"Feature","geometry":{"type":"Point","coordinates":[121.363398,24.935572]},"properties":{"supply_id":"new_taipei-onstreet-59845","city":"new_taipei","district":"三峽區","display_name":"文化路 車格 59845","address":"文化路","facility_kind":"onstreet","symbol_text":null,"type_reference":"路邊停車格","type_confidence":0.6,"price_raw":null,"price_value":null,"capacity_total":1,"available_total":0,"occupied_total":1,"status_label":"已停","data_time":"2026-05-02 15:53:29+08:00","city_label":"新北市","facility_kind_label":"路邊車格","available_rate":0,"occupancy_rate":1,"price_tier":"unknown","price_tier_label":"價格未知"}},{"type":"Feature","geometry":{"type":"Point","coordinates":[121.370583,24.927622]},"properties":{"supply_id":"new_taipei-onstreet-58875","city":"new_taipei","district":"三峽區","display_name":"安溪路 車格 58875","address":"安溪路","facility_kind":"onstreet","symbol_text":null,"type_reference":"路邊停車格","type_confidence":0.6,"price_raw":null,"price_value":null,"capacity_total":1,"available_total":0,"occupied_total":1,"status_label":"已停","data_time":"2026-05-02 15:53:29+08:00","city_label":"新北市","facility_kind_label":"路邊車格","available_rate":0,"occupancy_rate":1,"price_tier":"unknown","price_tier_label":"價格未知"}},{"type":"Feature","geometry":{"type":"Point","coordinates":[121.374495,24.94387]},"properties":{"supply_id":"new_taipei-onstreet-95350","city":"new_taipei","district":"三峽區","display_name":"大學路 車格 95350","address":"大學路","facility_kind":"onstreet","symbol_text":null,"type_reference":"路邊停車格","type_confidence":0.6,"price_raw":null,"price_value":null,"capacity_total":1,"available_total":1,"occupied_total":0,"status_label":"空位","data_time":"2026-05-02 15:53:29+08:00","city_label":"新北市","facility_kind_label":"路邊車格","available_rate":1,"occupancy_rate":0,"price_tier":"unknown","price_tier_label":"價格未知"}},{"type":"Feature","geometry":{"type":"Point","coordinates":[121.375426,24.930314]},"properties":{"supply_id":"new_taipei-onstreet-45888","city":"new_taipei","district":"三峽區","display_name":"中正路一段 車格 45888","address":"中正路一段","facility_kind":"onstreet","symbol_text":null,"type_reference":"路邊停車格","type_confidence":0.6,"price_raw":null,"price_value":null,"capacity_total":1,"available_total":0,"occupied_total":1,"status_label":"已停","data_time":"2026-05-02 15:53:29+08:00","city_label":"新北市","facility_kind_label":"路邊車格","available_rate":0,"occupancy_rate":1,"price_tier":"unknown","price_tier_label":"價格未知"}},{"type":"Feature","geometry":{"type":"Point","coordinates":[121.383106,24.931278]},"properties":{"supply_id":"new_taipei-onstreet-155266","city":"new_taipei","district":"三峽區","display_name":"水防道路 車格 155266","address":"水防道路","facility_kind":"onstreet","symbol_text":null,"type_reference":"路邊停車格","type_confidence":0.6,"price_raw":null,"price_value":null,"capacity_total":1,"available_total":0,"occupied_total":1,"status_label":"已停","data_time":"2026-05-02 15:53:29+08:00","city_label":"新北市","facility_kind_label":"路邊車格","available_rate":0,"occupancy_rate":1,"price_tier":"unknown","price_tier_label":"價格未知"}},{"type":"Feature","geometry":{"type":"Point","coordinates":[121.382559,24.944504]},"properties":{"supply_id":"new_taipei-onstreet-84407","city":"new_taipei","district":"三峽區","display_name":"大成路 車格 84407","address":"大成路","facility_kind":"onstreet","symbol_text":null,"type_reference":"路邊停車格","type_confidence":0.6,"price_raw":null,"price_value":null,"capacity_total":1,"available_total":1,"occupied_total":0,"status_label":"空位","data_time":"2026-05-02 15:53:29+08:00","city_label":"新北市","facility_kind_label":"路邊車格","available_rate":1,"occupancy_rate":0,"price_tier":"unknown","price_tier_label":"價格未知"}},{"type":"Feature","geometry":{"type":"Point","coordinates":[121.38257,24.944456]},"properties":{"supply_id":"new_taipei-onstreet-19609","city":"new_taipei","district":"三峽區","display_name":"大成路 車格 19609","address":"大成路","facility_kind":"onstreet","symbol_text":null,"type_reference":"路邊停車格","type_confidence":0.6,"price_raw":null,"price_value":null,"capacity_total":1,"available_total":1,"occupied_total":0,"status_label":"空位","data_time":"2026-05-02 15:53:29+08:00","city_label":"新北市","facility_kind_label":"路邊車格","available_rate":1,"occupancy_rate":0,"price_tier":"unknown","price_tier_label":"價格未知"}},{"type":"Feature","geometry":{"type":"Point","coordinates":[121.380376,24.945164]},"properties":{"supply_id":"new_taipei-onstreet-96029","city":"new_taipei","district":"三峽區","display_name":"大雅路 車格 96029","address":"大雅路","facility_kind":"onstreet","symbol_text":null,"type_reference":"路邊停車格","type_confidence":0.6,"price_raw":null,"price_value":null,"capacity_total":1,"available_total":1,"occupied_total":0,"status_label":"空位","data_time":"2026-05-02 15:53:29+08:00","city_label":"新北市","facility_kind_label":"路邊車格","available_rate":1,"occupancy_rate":0,"price_tier":"unknown","price_tier_label":"價格未知"}},{"type":"Feature","geometry":{"type":"Point","coordinates":[121.381132,24.944214]},"properties":{"supply_id":"new_taipei-onstreet-50628","city":"new_taipei","district":"三峽區","display_name":"三樹路 車格 50628","address":"三樹路","facility_kind":"onstreet","symbol_text":null,"type_reference":"路邊停車格","type_confidence":0.6,"price_raw":null,"price_value":null,"capacity_total":1,"available_total":1,"occupied_total":0,"status_label":"空位","data_time":"2026-05-02 15:53:29+08:00","city_label":"新北市","facility_kind_label":"路邊車格","available_rate":1,"occupancy_rate":0,"price_tier":"unknown","price_tier_label":"價格未知"}},{"type":"Feature","geometry":{"type":"Point","coordinates":[121.363258,24.935621]},"properties":{"supply_id":"new_taipei-onstreet-59846","city":"new_taipei","district":"三峽區","display_name":"文化路 車格 59846","address":"文化路","facility_kind":"onstreet","symbol_text":null,"type_reference":"路邊停車格","type_confidence":0.6,"price_raw":null,"price_value":null,"capacity_total":1,"available_total":0,"occupied_total":1,"status_label":"已停","data_time":"2026-05-02 15:53:29+08:00","city_label":"新北市","facility_kind_label":"路邊車格","available_rate":0,"occupancy_rate":1,"price_tier":"unknown","price_tier_label":"價格未知"}},{"type":"Feature","geometry":{"type":"Point","coordinates":[121.36316,24.935664]},"properties":{"supply_id":"new_taipei-onstreet-59812","city":"new_taipei","district":"三峽區","display_name":"文化路 車格 59812","address":"文化路","facility_kind":"onstreet","symbol_text":null,"type_reference":"路邊停車格","type_confidence":0.6,"price_raw":null,"price_value":null,"capacity_total":1,"available_total":1,"occupied_total":0,"status_label":"空位","data_time":"2026-05-02 15:53:29+08:00","city_label":"新北市","facility_kind_label":"路邊車格","available_rate":1,"occupancy_rate":0,"price_tier":"unknown","price_tier_label":"價格未知"}},{"type":"Feature","geometry":{"type":"Point","coordinates":[121.374622,24.943708]},"properties":{"supply_id":"new_taipei-onstreet-95354","city":"new_taipei","district":"三峽區","display_name":"大學路 車格 95354","address":"大學路","facility_kind":"onstreet","symbol_text":null,"type_reference":"路邊停車格","type_confidence":0.6,"price_raw":null,"price_value":null,"capacity_total":1,"available_total":1,"occupied_total":0,"status_label":"空位","data_time":"2026-05-02 15:53:29+08:00","city_label":"新北市","facility_kind_label":"路邊車格","available_rate":1,"occupancy_rate":0,"price_tier":"unknown","price_tier_label":"價格未知"}},{"type":"Feature","geometry":{"type":"Point","coordinates":[121.364009,24.935453]},"properties":{"supply_id":"new_taipei-onstreet-90060","city":"new_taipei","district":"三峽區","display_name":"文化路 車格 90060","address":"文化路","facility_kind":"onstreet","symbol_text":null,"type_reference":"路邊停車格","type_confidence":0.6,"price_raw":null,"price_value":null,"capacity_total":1,"available_total":1,"occupied_total":0,"status_label":"空位","data_time":"2026-05-02 15:53:29+08:00","city_label":"新北市","facility_kind_label":"路邊車格","available_rate":1,"occupancy_rate":0,"price_tier":"unknown","price_tier_label":"價格未知"}},{"type":"Feature","geometry":{"type":"Point","coordinates":[121.374686,24.943627]},"properties":{"supply_id":"new_taipei-onstreet-95347","city":"new_taipei","district":"三峽區","display_name":"大學路 車格 95347","address":"大學路","facility_kind":"onstreet","symbol_text":null,"type_reference":"路邊停車格","type_confidence":0.6,"price_raw":null,"price_value":null,"capacity_total":1,"available_total":1,"occupied_total":0,"status_label":"空位","data_time":"2026-05-02 15:53:29+08:00","city_label":"新北市","facility_kind_label":"路邊車格","available_rate":1,"occupancy_rate":0,"price_tier":"unknown","price_tier_label":"價格未知"}},{"type":"Feature","geometry":{"type":"Point","coordinates":[121.380079,24.943763]},"properties":{"supply_id":"new_taipei-onstreet-95294","city":"new_taipei","district":"三峽區","display_name":"三樹路 車格 95294","address":"三樹路","facility_kind":"onstreet","symbol_text":null,"type_reference":"路邊停車格","type_confidence":0.6,"price_raw":null,"price_value":null,"capacity_total":1,"available_total":1,"occupied_total":0,"status_label":"空位","data_time":"2026-05-02 15:53:29+08:00","city_label":"新北市","facility_kind_label":"路邊車格","available_rate":1,"occupancy_rate":0,"price_tier":"unknown","price_tier_label":"價格未知"}},{"type":"Feature","geometry":{"type":"Point","coordinates":[121.380426,24.945022]},"properties":{"supply_id":"new_taipei-onstreet-92224","city":"new_taipei","district":"三峽區","display_name":"大雅路 車格 92224","address":"大雅路","facility_kind":"onstreet","symbol_text":null,"type_reference":"路邊停車格","type_confidence":0.6,"price_raw":null,"price_value":null,"capacity_total":1,"available_total":1,"occupied_total":0,"status_label":"空位","data_time":"2026-05-02 15:53:29+08:00","city_label":"新北市","facility_kind_label":"路邊車格","available_rate":1,"occupancy_rate":0,"price_tier":"unknown","price_tier_label":"價格未知"}},{"type":"Feature","geometry":{"type":"Point","coordinates":[121.370029,24.926453]},"properties":{"supply_id":"new_taipei-onstreet-58927","city":"new_taipei","district":"三峽區","display_name":"安溪路 車格 58927","address":"安溪路","facility_kind":"onstreet","symbol_text":null,"type_reference":"路邊停車格","type_confidence":0.6,"price_raw":null,"price_value":null,"capacity_total":1,"available_total":0,"occupied_total":1,"status_label":"已停","data_time":"2026-05-02 15:53:29+08:00","city_label":"新北市","facility_kind_label":"路邊車格","available_rate":0,"occupancy_rate":1,"price_tier":"unknown","price_tier_label":"價格未知"}},{"type":"Feature","geometry":{"type":"Point","coordinates":[121.382697,24.944398]},"properties":{"supply_id":"new_taipei-onstreet-87430","city":"new_taipei","district":"三峽區","display_name":"大成路 車格 87430","address":"大成路","facility_kind":"onstreet","symbol_text":null,"type_reference":"路邊停車格","type_confidence":0.6,"price_raw":null,"price_value":null,"capacity_total":1,"available_total":1,"occupied_total":0,"status_label":"空位","data_time":"2026-05-02 15:53:29+08:00","city_label":"新北市","facility_kind_label":"路邊車格","available_rate":1,"occupancy_rate":0,"price_tier":"unknown","price_tier_label":"價格未知"}},{"type":"Feature","geometry":{"type":"Point","coordinates":[121.380393,24.945116]},"properties":{"supply_id":"new_taipei-onstreet-91351","city":"new_taipei","district":"三峽區","display_name":"大雅路 車格 91351","address":"大雅路","facility_kind":"onstreet","symbol_text":null,"type_reference":"路邊停車格","type_confidence":0.6,"price_raw":null,"price_value":null,"capacity_total":1,"available_total":1,"occupied_total":0,"status_label":"空位","data_time":"2026-05-02 15:53:29+08:00","city_label":"新北市","facility_kind_label":"路邊車格","available_rate":1,"occupancy_rate":0,"price_tier":"unknown","price_tier_label":"價格未知"}},{"type":"Feature","geometry":{"type":"Point","coordinates":[121.383053,24.931284]},"properties":{"supply_id":"new_taipei-onstreet-155265","city":"new_taipei","district":"三峽區","display_name":"水防道路 車格 155265","address":"水防道路","facility_kind":"onstreet","symbol_text":null,"type_reference":"路邊停車格","type_confidence":0.6,"price_raw":null,"price_value":null,"capacity_total":1,"available_total":0,"occupied_total":1,"status_label":"已停","data_time":"2026-05-02 15:53:29+08:00","city_label":"新北市","facility_kind_label":"路邊車格","available_rate":0,"occupancy_rate":1,"price_tier":"unknown","price_tier_label":"價格未知"}},{"type":"Feature","geometry":{"type":"Point","coordinates":[121.363634,24.935507]},"properties":{"supply_id":"new_taipei-onstreet-99198","city":"new_taipei","district":"三峽區","display_name":"文化路 車格 99198","address":"文化路","facility_kind":"onstreet","symbol_text":null,"type_reference":"路邊停車格","type_confidence":0.6,"price_raw":null,"price_value":null,"capacity_total":1,"available_total":1,"occupied_total":0,"status_label":"空位","data_time":"2026-05-02 15:53:29+08:00","city_label":"新北市","facility_kind_label":"路邊車格","available_rate":1,"occupancy_rate":0,"price_tier":"unknown","price_tier_label":"價格未知"}},{"type":"Feature","geometry":{"type":"Point","coordinates":[121.382948,24.931296]},"properties":{"supply_id":"new_taipei-onstreet-155263","city":"new_taipei","district":"三峽區","display_name":"水防道路 車格 155263","address":"水防道路","facility_kind":"onstreet","symbol_text":null,"type_reference":"路邊停車格","type_confidence":0.6,"price_raw":null,"price_value":null,"capacity_total":1,"available_total":0,"occupied_total":1,"status_label":"已停","data_time":"2026-05-02 15:53:29+08:00","city_label":"新北市","facility_kind_label":"路邊車格","available_rate":0,"occupancy_rate":1,"price_tier":"unknown","price_tier_label":"價格未知"}},{"type":"Feature","geometry":{"type":"Point","coordinates":[121.381079,24.9442]},"properties":{"supply_id":"new_taipei-onstreet-50629","city":"new_taipei","district":"三峽區","display_name":"三樹路 車格 50629","address":"三樹路","facility_kind":"onstreet","symbol_text":null,"type_reference":"路邊停車格","type_confidence":0.6,"price_raw":null,"price_value":null,"capacity_total":1,"available_total":1,"occupied_total":0,"status_label":"空位","data_time":"2026-05-02 15:53:29+08:00","city_label":"新北市","facility_kind_label":"路邊車格","available_rate":1,"occupancy_rate":0,"price_tier":"unknown","price_tier_label":"價格未知"}},{"type":"Feature","geometry":{"type":"Point","coordinates":[121.364118,24.935448]},"properties":{"supply_id":"new_taipei-onstreet-4267","city":"new_taipei","district":"三峽區","display_name":"文化路 車格 4267","address":"文化路","facility_kind":"onstreet","symbol_text":null,"type_reference":"路邊停車格","type_confidence":0.6,"price_raw":null,"price_value":null,"capacity_total":1,"available_total":1,"occupied_total":0,"status_label":"空位","data_time":"2026-05-02 15:53:29+08:00","city_label":"新北市","facility_kind_label":"路邊車格","available_rate":1,"occupancy_rate":0,"price_tier":"unknown","price_tier_label":"價格未知"}},{"type":"Feature","geometry":{"type":"Point","coordinates":[121.370092,24.926606]},"properties":{"supply_id":"new_taipei-onstreet-58933","city":"new_taipei","district":"三峽區","display_name":"安溪路 車格 58933","address":"安溪路","facility_kind":"onstreet","symbol_text":null,"type_reference":"路邊停車格","type_confidence":0.6,"price_raw":null,"price_value":null,"capacity_total":1,"available_total":1,"occupied_total":0,"status_label":"空位","data_time":"2026-05-02 15:53:29+08:00","city_label":"新北市","facility_kind_label":"路邊車格","available_rate":1,"occupancy_rate":0,"price_tier":"unknown","price_tier_label":"價格未知"}},{"type":"Feature","geometry":{"type":"Point","coordinates":[121.363794,24.935476]},"properties":{"supply_id":"new_taipei-onstreet-59796","city":"new_taipei","district":"三峽區","display_name":"文化路 車格 59796","address":"文化路","facility_kind":"onstreet","symbol_text":null,"type_reference":"路邊停車格","type_confidence":0.6,"price_raw":null,"price_value":null,"capacity_total":1,"available_total":1,"occupied_total":0,"status_label":"空位","data_time":"2026-05-02 15:53:29+08:00","city_label":"新北市","facility_kind_label":"路邊車格","available_rate":1,"occupancy_rate":0,"price_tier":"unknown","price_tier_label":"價格未知"}},{"type":"Feature","geometry":{"type":"Point","coordinates":[121.380476,24.94488]},"properties":{"supply_id":"new_taipei-onstreet-27808","city":"new_taipei","district":"三峽區","display_name":"大雅路 車格 27808","address":"大雅路","facility_kind":"onstreet","symbol_text":null,"type_reference":"路邊停車格","type_confidence":0.6,"price_raw":null,"price_value":null,"capacity_total":1,"available_total":1,"occupied_total":0,"status_label":"空位","data_time":"2026-05-02 15:53:29+08:00","city_label":"新北市","facility_kind_label":"路邊車格","available_rate":1,"occupancy_rate":0,"price_tier":"unknown","price_tier_label":"價格未知"}},{"type":"Feature","geometry":{"type":"Point","coordinates":[121.370161,24.926755]},"properties":{"supply_id":"new_taipei-onstreet-58934","city":"new_taipei","district":"三峽區","display_name":"安溪路 車格 58934","address":"安溪路","facility_kind":"onstreet","symbol_text":null,"type_reference":"路邊停車格","type_confidence":0.6,"price_raw":null,"price_value":null,"capacity_total":1,"available_total":0,"occupied_total":1,"status_label":"已停","data_time":"2026-05-02 15:53:29+08:00","city_label":"新北市","facility_kind_label":"路邊車格","available_rate":0,"occupancy_rate":1,"price_tier":"unknown","price_tier_label":"價格未知"}},{"type":"Feature","geometry":{"type":"Point","coordinates":[121.380804,24.944272]},"properties":{"supply_id":"new_taipei-onstreet-96144","city":"new_taipei","district":"三峽區","display_name":"大雅路 車格 96144","address":"大雅路","facility_kind":"onstreet","symbol_text":null,"type_reference":"路邊停車格","type_confidence":0.6,"price_raw":null,"price_value":null,"capacity_total":1,"available_total":0,"occupied_total":1,"status_label":"已停","data_time":"2026-05-02 15:53:29+08:00","city_label":"新北市","facility_kind_label":"路邊車格","available_rate":0,"occupancy_rate":1,"price_tier":"unknown","price_tier_label":"價格未知"}},{"type":"Feature","geometry":{"type":"Point","coordinates":[121.369981,24.926328]},"properties":{"supply_id":"new_taipei-onstreet-58935","city":"new_taipei","district":"三峽區","display_name":"安溪路 車格 58935","address":"安溪路","facility_kind":"onstreet","symbol_text":null,"type_reference":"路邊停車格","type_confidence":0.6,"price_raw":null,"price_value":null,"capacity_total":1,"available_total":0,"occupied_total":1,"status_label":"已停","data_time":"2026-05-02 15:53:29+08:00","city_label":"新北市","facility_kind_label":"路邊車格","available_rate":0,"occupancy_rate":1,"price_tier":"unknown","price_tier_label":"價格未知"}},{"type":"Feature","geometry":{"type":"Point","coordinates":[121.383001,24.93129]},"properties":{"supply_id":"new_taipei-onstreet-155264","city":"new_taipei","district":"三峽區","display_name":"水防道路 車格 155264","address":"水防道路","facility_kind":"onstreet","symbol_text":null,"type_reference":"路邊停車格","type_confidence":0.6,"price_raw":null,"price_value":null,"capacity_total":1,"available_total":0,"occupied_total":1,"status_label":"已停","data_time":"2026-05-02 15:53:29+08:00","city_label":"新北市","facility_kind_label":"路邊車格","available_rate":0,"occupancy_rate":1,"price_tier":"unknown","price_tier_label":"價格未知"}},{"type":"Feature","geometry":{"type":"Point","coordinates":[121.381029,24.944186]},"properties":{"supply_id":"new_taipei-onstreet-50630","city":"new_taipei","district":"三峽區","display_name":"三樹路 車格 50630","address":"三樹路","facility_kind":"onstreet","symbol_text":null,"type_reference":"路邊停車格","type_confidence":0.6,"price_raw":null,"price_value":null,"capacity_total":1,"available_total":1,"occupied_total":0,"status_label":"空位","data_time":"2026-05-02 15:53:29+08:00","city_label":"新北市","facility_kind_label":"路邊車格","available_rate":1,"occupancy_rate":0,"price_tier":"unknown","price_tier_label":"價格未知"}},{"type":"Feature","geometry":{"type":"Point","coordinates":[121.380409,24.945069]},"properties":{"supply_id":"new_taipei-onstreet-85422","city":"new_taipei","district":"三峽區","display_name":"大雅路 車格 85422","address":"大雅路","facility_kind":"onstreet","symbol_text":null,"type_reference":"路邊停車格","type_confidence":0.6,"price_raw":null,"price_value":null,"capacity_total":1,"available_total":1,"occupied_total":0,"status_label":"空位","data_time":"2026-05-02 15:53:29+08:00","city_label":"新北市","facility_kind_label":"路邊車格","available_rate":1,"occupancy_rate":0,"price_tier":"unknown","price_tier_label":"價格未知"}},{"type":"Feature","geometry":{"type":"Point","coordinates":[121.374527,24.943829]},"properties":{"supply_id":"new_taipei-onstreet-65787","city":"new_taipei","district":"三峽區","display_name":"大學路 車格 65787","address":"大學路","facility_kind":"onstreet","symbol_text":null,"type_reference":"路邊停車格","type_confidence":0.6,"price_raw":null,"price_value":null,"capacity_total":1,"available_total":1,"occupied_total":0,"status_label":"空位","data_time":"2026-05-02 15:53:29+08:00","city_label":"新北市","facility_kind_label":"路邊車格","available_rate":1,"occupancy_rate":0,"price_tier":"unknown","price_tier_label":"價格未知"}},{"type":"Feature","geometry":{"type":"Point","coordinates":[121.38316,24.931272]},"properties":{"supply_id":"new_taipei-onstreet-155267","city":"new_taipei","district":"三峽區","display_name":"水防道路 車格 155267","address":"水防道路","facility_kind":"onstreet","symbol_text":null,"type_reference":"路邊停車格","type_confidence":0.6,"price_raw":null,"price_value":null,"capacity_total":1,"available_total":0,"occupied_total":1,"status_label":"已停","data_time":"2026-05-02 15:53:29+08:00","city_label":"新北市","facility_kind_label":"路邊車格","available_rate":0,"occupancy_rate":1,"price_tier":"unknown","price_tier_label":"價格未知"}},{"type":"Feature","geometry":{"type":"Point","coordinates":[121.370049,24.926504]},"properties":{"supply_id":"new_taipei-onstreet-58925","city":"new_taipei","district":"三峽區","display_name":"安溪路 車格 58925","address":"安溪路","facility_kind":"onstreet","symbol_text":null,"type_reference":"路邊停車格","type_confidence":0.6,"price_raw":null,"price_value":null,"capacity_total":1,"available_total":0,"occupied_total":1,"status_label":"已停","data_time":"2026-05-02 15:53:29+08:00","city_label":"新北市","facility_kind_label":"路邊車格","available_rate":0,"occupancy_rate":1,"price_tier":"unknown","price_tier_label":"價格未知"}},{"type":"Feature","geometry":{"type":"Point","coordinates":[121.378976,24.942834]},"properties":{"supply_id":"new_taipei-onstreet-59671","city":"new_taipei","district":"三峽區","display_name":"三樹路 車格 59671","address":"三樹路","facility_kind":"onstreet","symbol_text":null,"type_reference":"路邊停車格","type_confidence":0.6,"price_raw":null,"price_value":null,"capacity_total":1,"available_total":1,"occupied_total":0,"status_label":"空位","data_time":"2026-05-02 15:53:29+08:00","city_label":"新北市","facility_kind_label":"路邊車格","available_rate":1,"occupancy_rate":0,"price_tier":"unknown","price_tier_label":"價格未知"}},{"type":"Feature","geometry":{"type":"Point","coordinates":[121.370436,24.920801]},"properties":{"supply_id":"new_taipei-onstreet-159700","city":"new_taipei","district":"三峽區","display_name":"中正路一段 車格 159700","address":"中正路一段","facility_kind":"onstreet","symbol_text":null,"type_reference":"路邊停車格","type_confidence":0.6,"price_raw":null,"price_value":null,"capacity_total":1,"available_total":0,"occupied_total":1,"status_label":"已停","data_time":"2026-05-02 15:53:29+08:00","city_label":"新北市","facility_kind_label":"路邊車格","available_rate":0,"occupancy_rate":1,"price_tier":"unknown","price_tier_label":"價格未知"}},{"type":"Feature","geometry":{"type":"Point","coordinates":[121.380693,24.944227]},"properties":{"supply_id":"new_taipei-onstreet-87120","city":"new_taipei","district":"三峽區","display_name":"大雅路 車格 87120","address":"大雅路","facility_kind":"onstreet","symbol_text":null,"type_reference":"路邊停車格","type_confidence":0.6,"price_raw":null,"price_value":null,"capacity_total":1,"available_total":0,"occupied_total":1,"status_label":"已停","data_time":"2026-05-02 15:53:29+08:00","city_label":"新北市","facility_kind_label":"路邊車格","available_rate":0,"occupancy_rate":1,"price_tier":"unknown","price_tier_label":"價格未知"}},{"type":"Feature","geometry":{"type":"Point","coordinates":[121.36457,24.935467]},"properties":{"supply_id":"new_taipei-onstreet-59801","city":"new_taipei","district":"三峽區","display_name":"文化路 車格 59801","address":"文化路","facility_kind":"onstreet","symbol_text":null,"type_reference":"路邊停車格","type_confidence":0.6,"price_raw":null,"price_value":null,"capacity_total":1,"available_total":1,"occupied_total":0,"status_label":"空位","data_time":"2026-05-02 15:53:29+08:00","city_label":"新北市","facility_kind_label":"路邊車格","available_rate":1,"occupancy_rate":0,"price_tier":"unknown","price_tier_label":"價格未知"}},{"type":"Feature","geometry":{"type":"Point","coordinates":[121.370543,24.921226]},"properties":{"supply_id":"new_taipei-onstreet-159705","city":"new_taipei","district":"三峽區","display_name":"中正路一段 車格 159705","address":"中正路一段","facility_kind":"onstreet","symbol_text":null,"type_reference":"路邊停車格","type_confidence":0.6,"price_raw":null,"price_value":null,"capacity_total":1,"available_total":1,"occupied_total":0,"status_label":"空位","data_time":"2026-05-02 15:53:29+08:00","city_label":"新北市","facility_kind_label":"路邊車格","available_rate":1,"occupancy_rate":0,"price_tier":"unknown","price_tier_label":"價格未知"}},{"type":"Feature","geometry":{"type":"Point","coordinates":[121.378486,24.941073]},"properties":{"supply_id":"new_taipei-onstreet-74827","city":"new_taipei","district":"三峽區","display_name":"三樹路 車格 74827","address":"三樹路","facility_kind":"onstreet","symbol_text":null,"type_reference":"路邊停車格","type_confidence":0.6,"price_raw":null,"price_value":null,"capacity_total":1,"available_total":1,"occupied_total":0,"status_label":"空位","data_time":"2026-05-02 15:53:29+08:00","city_label":"新北市","facility_kind_label":"路邊車格","available_rate":1,"occupancy_rate":0,"price_tier":"unknown","price_tier_label":"價格未知"}},{"type":"Feature","geometry":{"type":"Point","coordinates":[121.370556,24.921275]},"properties":{"supply_id":"new_taipei-onstreet-159706","city":"new_taipei","district":"三峽區","display_name":"中正路一段 車格 159706","address":"中正路一段","facility_kind":"onstreet","symbol_text":null,"type_reference":"路邊停車格","type_confidence":0.6,"price_raw":null,"price_value":null,"capacity_total":1,"available_total":0,"occupied_total":1,"status_label":"已停","data_time":"2026-05-02 15:53:29+08:00","city_label":"新北市","facility_kind_label":"路邊車格","available_rate":0,"occupancy_rate":1,"price_tier":"unknown","price_tier_label":"價格未知"}},{"type":"Feature","geometry":{"type":"Point","coordinates":[121.38055,24.944667]},"properties":{"supply_id":"new_taipei-onstreet-63094","city":"new_taipei","district":"三峽區","display_name":"大雅路 車格 63094","address":"大雅路","facility_kind":"onstreet","symbol_text":null,"type_reference":"路邊停車格","type_confidence":0.6,"price_raw":null,"price_value":null,"capacity_total":1,"available_total":1,"occupied_total":0,"status_label":"空位","data_time":"2026-05-02 15:53:29+08:00","city_label":"新北市","facility_kind_label":"路邊車格","available_rate":1,"occupancy_rate":0,"price_tier":"unknown","price_tier_label":"價格未知"}},{"type":"Feature","geometry":{"type":"Point","coordinates":[121.370115,24.926656]},"properties":{"supply_id":"new_taipei-onstreet-58926","city":"new_taipei","district":"三峽區","display_name":"安溪路 車格 58926","address":"安溪路","facility_kind":"onstreet","symbol_text":null,"type_reference":"路邊停車格","type_confidence":0.6,"price_raw":null,"price_value":null,"capacity_total":1,"available_total":0,"occupied_total":1,"status_label":"已停","data_time":"2026-05-02 15:53:29+08:00","city_label":"新北市","facility_kind_label":"路邊車格","available_rate":0,"occupancy_rate":1,"price_tier":"unknown","price_tier_label":"價格未知"}},{"type":"Feature","geometry":{"type":"Point","coordinates":[121.380443,24.944974]},"properties":{"supply_id":"new_taipei-onstreet-87118","city":"new_taipei","district":"三峽區","display_name":"大雅路 車格 87118","address":"大雅路","facility_kind":"onstreet","symbol_text":null,"type_reference":"路邊停車格","type_confidence":0.6,"price_raw":null,"price_value":null,"capacity_total":1,"available_total":1,"occupied_total":0,"status_label":"空位","data_time":"2026-05-02 15:53:29+08:00","city_label":"新北市","facility_kind_label":"路邊車格","available_rate":1,"occupancy_rate":0,"price_tier":"unknown","price_tier_label":"價格未知"}},{"type":"Feature","geometry":{"type":"Point","coordinates":[121.380393,24.943899]},"properties":{"supply_id":"new_taipei-onstreet-95292","city":"new_taipei","district":"三峽區","display_name":"三樹路 車格 95292","address":"三樹路","facility_kind":"onstreet","symbol_text":null,"type_reference":"路邊停車格","type_confidence":0.6,"price_raw":null,"price_value":null,"capacity_total":1,"available_total":0,"occupied_total":1,"status_label":"已停","data_time":"2026-05-02 15:53:29+08:00","city_label":"新北市","facility_kind_label":"路邊車格","available_rate":0,"occupancy_rate":1,"price_tier":"unknown","price_tier_label":"價格未知"}},{"type":"Feature","geometry":{"type":"Point","coordinates":[121.370272,24.926997]},"properties":{"supply_id":"new_taipei-onstreet-81112","city":"new_taipei","district":"三峽區","display_name":"安溪路 車格 81112","address":"安溪路","facility_kind":"onstreet","symbol_text":null,"type_reference":"路邊停車格","type_confidence":0.6,"price_raw":null,"price_value":null,"capacity_total":1,"available_total":1,"occupied_total":0,"status_label":"空位","data_time":"2026-05-02 15:53:29+08:00","city_label":"新北市","facility_kind_label":"路邊車格","available_rate":1,"occupancy_rate":0,"price_tier":"unknown","price_tier_label":"價格未知"}},{"type":"Feature","geometry":{"type":"Point","coordinates":[121.36374,24.935485]},"properties":{"supply_id":"new_taipei-onstreet-59794","city":"new_taipei","district":"三峽區","display_name":"文化路 車格 59794","address":"文化路","facility_kind":"onstreet","symbol_text":null,"type_reference":"路邊停車格","type_confidence":0.6,"price_raw":null,"price_value":null,"capacity_total":1,"available_total":1,"occupied_total":0,"status_label":"空位","data_time":"2026-05-02 15:53:29+08:00","city_label":"新北市","facility_kind_label":"路邊車格","available_rate":1,"occupancy_rate":0,"price_tier":"unknown","price_tier_label":"價格未知"}},{"type":"Feature","geometry":{"type":"Point","coordinates":[121.364516,24.935462]},"properties":{"supply_id":"new_taipei-onstreet-59802","city":"new_taipei","district":"三峽區","display_name":"文化路 車格 59802","address":"文化路","facility_kind":"onstreet","symbol_text":null,"type_reference":"路邊停車格","type_confidence":0.6,"price_raw":null,"price_value":null,"capacity_total":1,"available_total":0,"occupied_total":1,"status_label":"已停","data_time":"2026-05-02 15:53:29+08:00","city_label":"新北市","facility_kind_label":"路邊車格","available_rate":0,"occupancy_rate":1,"price_tier":"unknown","price_tier_label":"價格未知"}},{"type":"Feature","geometry":{"type":"Point","coordinates":[121.370207,24.926855]},"properties":{"supply_id":"new_taipei-onstreet-58928","city":"new_taipei","district":"三峽區","display_name":"安溪路 車格 58928","address":"安溪路","facility_kind":"onstreet","symbol_text":null,"type_reference":"路邊停車格","type_confidence":0.6,"price_raw":null,"price_value":null,"capacity_total":1,"available_total":1,"occupied_total":0,"status_label":"空位","data_time":"2026-05-02 15:53:29+08:00","city_label":"新北市","facility_kind_label":"路邊車格","available_rate":1,"occupancy_rate":0,"price_tier":"unknown","price_tier_label":"價格未知"}},{"type":"Feature","geometry":{"type":"Point","coordinates":[121.383214,24.931266]},"properties":{"supply_id":"new_taipei-onstreet-155268","city":"new_taipei","district":"三峽區","display_name":"水防道路 車格 155268","address":"水防道路","facility_kind":"onstreet","symbol_text":null,"type_reference":"路邊停車格","type_confidence":0.6,"price_raw":null,"price_value":null,"capacity_total":1,"available_total":1,"occupied_total":0,"status_label":"空位","data_time":"2026-05-02 15:53:29+08:00","city_label":"新北市","facility_kind_label":"路邊車格","available_rate":1,"occupancy_rate":0,"price_tier":"unknown","price_tier_label":"價格未知"}},{"type":"Feature","geometry":{"type":"Point","coordinates":[121.36996,24.926277]},"properties":{"supply_id":"new_taipei-onstreet-37033","city":"new_taipei","district":"三峽區","display_name":"安溪路 車格 37033","address":"安溪路","facility_kind":"onstreet","symbol_text":null,"type_reference":"路邊停車格","type_confidence":0.6,"price_raw":null,"price_value":null,"capacity_total":1,"available_total":1,"occupied_total":0,"status_label":"空位","data_time":"2026-05-02 15:53:29+08:00","city_label":"新北市","facility_kind_label":"路邊車格","available_rate":1,"occupancy_rate":0,"price_tier":"unknown","price_tier_label":"價格未知"}},{"type":"Feature","geometry":{"type":"Point","coordinates":[121.378448,24.940973]},"properties":{"supply_id":"new_taipei-onstreet-64902","city":"new_taipei","district":"三峽區","display_name":"三樹路 車格 64902","address":"三樹路","facility_kind":"onstreet","symbol_text":null,"type_reference":"路邊停車格","type_confidence":0.6,"price_raw":null,"price_value":null,"capacity_total":1,"available_total":0,"occupied_total":1,"status_label":"已停","data_time":"2026-05-02 15:53:29+08:00","city_label":"新北市","facility_kind_label":"路邊車格","available_rate":0,"occupancy_rate":1,"price_tier":"unknown","price_tier_label":"價格未知"}},{"type":"Feature","geometry":{"type":"Point","coordinates":[121.37057,24.921332]},"properties":{"supply_id":"new_taipei-onstreet-159707","city":"new_taipei","district":"三峽區","display_name":"中正路一段 車格 159707","address":"中正路一段","facility_kind":"onstreet","symbol_text":null,"type_reference":"路邊停車格","type_confidence":0.6,"price_raw":null,"price_value":null,"capacity_total":1,"available_total":1,"occupied_total":0,"status_label":"空位","data_time":"2026-05-02 15:53:29+08:00","city_label":"新北市","facility_kind_label":"路邊車格","available_rate":1,"occupancy_rate":0,"price_tier":"unknown","price_tier_label":"價格未知"}},{"type":"Feature","geometry":{"type":"Point","coordinates":[121.375254,24.942887]},"properties":{"supply_id":"new_taipei-onstreet-98054","city":"new_taipei","district":"三峽區","display_name":"大學路 車格 98054","address":"大學路","facility_kind":"onstreet","symbol_text":null,"type_reference":"路邊停車格","type_confidence":0.6,"price_raw":null,"price_value":null,"capacity_total":1,"available_total":1,"occupied_total":0,"status_label":"空位","data_time":"2026-05-02 15:53:29+08:00","city_label":"新北市","facility_kind_label":"路邊車格","available_rate":1,"occupancy_rate":0,"price_tier":"unknown","price_tier_label":"價格未知"}},{"type":"Feature","geometry":{"type":"Point","coordinates":[121.375197,24.930365]},"properties":{"supply_id":"new_taipei-onstreet-87159","city":"new_taipei","district":"三峽區","display_name":"中正路一段 車格 87159","address":"中正路一段","facility_kind":"onstreet","symbol_text":null,"type_reference":"路邊停車格","type_confidence":0.6,"price_raw":null,"price_value":null,"capacity_total":1,"available_total":0,"occupied_total":1,"status_label":"已停","data_time":"2026-05-02 15:53:29+08:00","city_label":"新北市","facility_kind_label":"路邊車格","available_rate":0,"occupancy_rate":1,"price_tier":"unknown","price_tier_label":"價格未知"}},{"type":"Feature","geometry":{"type":"Point","coordinates":[121.370138,24.926706]},"properties":{"supply_id":"new_taipei-onstreet-58932","city":"new_taipei","district":"三峽區","display_name":"安溪路 車格 58932","address":"安溪路","facility_kind":"onstreet","symbol_text":null,"type_reference":"路邊停車格","type_confidence":0.6,"price_raw":null,"price_value":null,"capacity_total":1,"available_total":0,"occupied_total":1,"status_label":"已停","data_time":"2026-05-02 15:53:29+08:00","city_label":"新北市","facility_kind_label":"路邊車格","available_rate":0,"occupancy_rate":1,"price_tier":"unknown","price_tier_label":"價格未知"}},{"type":"Feature","geometry":{"type":"Point","coordinates":[121.374654,24.943668]},"properties":{"supply_id":"new_taipei-onstreet-95353","city":"new_taipei","district":"三峽區","display_name":"大學路 車格 95353","address":"大學路","facility_kind":"onstreet","symbol_text":null,"type_reference":"路邊停車格","type_confidence":0.6,"price_raw":null,"price_value":null,"capacity_total":1,"available_total":1,"occupied_total":0,"status_label":"空位","data_time":"2026-05-02 15:53:29+08:00","city_label":"新北市","facility_kind_label":"路邊車格","available_rate":1,"occupancy_rate":0,"price_tier":"unknown","price_tier_label":"價格未知"}},{"type":"Feature","geometry":{"type":"Point","coordinates":[121.37459,24.943748]},"properties":{"supply_id":"new_taipei-onstreet-95352","city":"new_taipei","district":"三峽區","display_name":"大學路 車格 95352","address":"大學路","facility_kind":"onstreet","symbol_text":null,"type_reference":"路邊停車格","type_confidence":0.6,"price_raw":null,"price_value":null,"capacity_total":1,"available_total":1,"occupied_total":0,"status_label":"空位","data_time":"2026-05-02 15:53:29+08:00","city_label":"新北市","facility_kind_label":"路邊車格","available_rate":1,"occupancy_rate":0,"price_tier":"unknown","price_tier_label":"價格未知"}},{"type":"Feature","geometry":{"type":"Point","coordinates":[121.380152,24.943792]},"properties":{"supply_id":"new_taipei-onstreet-95290","city":"new_taipei","district":"三峽區","display_name":"三樹路 車格 95290","address":"三樹路","facility_kind":"onstreet","symbol_text":null,"type_reference":"路邊停車格","type_confidence":0.6,"price_raw":null,"price_value":null,"capacity_total":1,"available_total":1,"occupied_total":0,"status_label":"空位","data_time":"2026-05-02 15:53:29+08:00","city_label":"新北市","facility_kind_label":"路邊車格","available_rate":1,"occupancy_rate":0,"price_tier":"unknown","price_tier_label":"價格未知"}},{"type":"Feature","geometry":{"type":"Point","coordinates":[121.36985,24.926005]},"properties":{"supply_id":"new_taipei-onstreet-58945","city":"new_taipei","district":"三峽區","display_name":"安溪路 車格 58945","address":"安溪路","facility_kind":"onstreet","symbol_text":null,"type_reference":"路邊停車格","type_confidence":0.6,"price_raw":null,"price_value":null,"capacity_total":1,"available_total":1,"occupied_total":0,"status_label":"空位","data_time":"2026-05-02 15:53:29+08:00","city_label":"新北市","facility_kind_label":"路邊車格","available_rate":1,"occupancy_rate":0,"price_tier":"unknown","price_tier_label":"價格未知"}},{"type":"Feature","geometry":{"type":"Point","coordinates":[121.375161,24.943008]},"properties":{"supply_id":"new_taipei-onstreet-98035","city":"new_taipei","district":"三峽區","display_name":"大學路 車格 98035","address":"大學路","facility_kind":"onstreet","symbol_text":null,"type_reference":"路邊停車格","type_confidence":0.6,"price_raw":null,"price_value":null,"capacity_total":1,"available_total":0,"occupied_total":1,"status_label":"已停","data_time":"2026-05-02 15:53:29+08:00","city_label":"新北市","facility_kind_label":"路邊車格","available_rate":0,"occupancy_rate":1,"price_tier":"unknown","price_tier_label":"價格未知"}},{"type":"Feature","geometry":{"type":"Point","coordinates":[121.364335,24.935447]},"properties":{"supply_id":"new_taipei-onstreet-84697","city":"new_taipei","district":"三峽區","display_name":"文化路 車格 84697","address":"文化路","facility_kind":"onstreet","symbol_text":null,"type_reference":"路邊停車格","type_confidence":0.6,"price_raw":null,"price_value":null,"capacity_total":1,"available_total":1,"occupied_total":0,"status_label":"空位","data_time":"2026-05-02 15:53:29+08:00","city_label":"新北市","facility_kind_label":"路邊車格","available_rate":1,"occupancy_rate":0,"price_tier":"unknown","price_tier_label":"價格未知"}},{"type":"Feature","geometry":{"type":"Point","coordinates":[121.380771,24.944367]},"properties":{"supply_id":"new_taipei-onstreet-96066","city":"new_taipei","district":"三峽區","display_name":"大雅路 車格 96066","address":"大雅路","facility_kind":"onstreet","symbol_text":null,"type_reference":"路邊停車格","type_confidence":0.6,"price_raw":null,"price_value":null,"capacity_total":1,"available_total":0,"occupied_total":1,"status_label":"已停","data_time":"2026-05-02 15:53:29+08:00","city_label":"新北市","facility_kind_label":"路邊車格","available_rate":0,"occupancy_rate":1,"price_tier":"unknown","price_tier_label":"價格未知"}},{"type":"Feature","geometry":{"type":"Point","coordinates":[121.379861,24.943693]},"properties":{"supply_id":"new_taipei-onstreet-87716","city":"new_taipei","district":"三峽區","display_name":"三樹路 車格 87716","address":"三樹路","facility_kind":"onstreet","symbol_text":null,"type_reference":"路邊停車格","type_confidence":0.6,"price_raw":null,"price_value":null,"capacity_total":1,"available_total":0,"occupied_total":1,"status_label":"已停","data_time":"2026-05-02 15:53:29+08:00","city_label":"新北市","facility_kind_label":"路邊車格","available_rate":0,"occupancy_rate":1,"price_tier":"unknown","price_tier_label":"價格未知"}},{"type":"Feature","geometry":{"type":"Point","coordinates":[121.37007,24.926555]},"properties":{"supply_id":"new_taipei-onstreet-37248","city":"new_taipei","district":"三峽區","display_name":"安溪路 車格 37248","address":"安溪路","facility_kind":"onstreet","symbol_text":null,"type_reference":"路邊停車格","type_confidence":0.6,"price_raw":null,"price_value":null,"capacity_total":1,"available_total":0,"occupied_total":1,"status_label":"已停","data_time":"2026-05-02 15:53:29+08:00","city_label":"新北市","facility_kind_label":"路邊車格","available_rate":0,"occupancy_rate":1,"price_tier":"unknown","price_tier_label":"價格未知"}},{"type":"Feature","geometry":{"type":"Point","coordinates":[121.378984,24.942919]},"properties":{"supply_id":"new_taipei-onstreet-104842","city":"new_taipei","district":"三峽區","display_name":"三樹路 車格 104842","address":"三樹路","facility_kind":"onstreet","symbol_text":null,"type_reference":"路邊停車格","type_confidence":0.6,"price_raw":null,"price_value":null,"capacity_total":1,"available_total":1,"occupied_total":0,"status_label":"空位","data_time":"2026-05-02 15:53:29+08:00","city_label":"新北市","facility_kind_label":"路邊車格","available_rate":1,"occupancy_rate":0,"price_tier":"unknown","price_tier_label":"價格未知"}},{"type":"Feature","geometry":{"type":"Point","coordinates":[121.380028,24.943744]},"properties":{"supply_id":"new_taipei-onstreet-32533","city":"new_taipei","district":"三峽區","display_name":"三樹路 車格 32533","address":"三樹路","facility_kind":"onstreet","symbol_text":null,"type_reference":"路邊停車格","type_confidence":0.6,"price_raw":null,"price_value":null,"capacity_total":1,"available_total":0,"occupied_total":1,"status_label":"已停","data_time":"2026-05-02 15:53:29+08:00","city_label":"新北市","facility_kind_label":"路邊車格","available_rate":0,"occupancy_rate":1,"price_tier":"unknown","price_tier_label":"價格未知"}},{"type":"Feature","geometry":{"type":"Point","coordinates":[121.380656,24.9447]},"properties":{"supply_id":"new_taipei-onstreet-83459","city":"new_taipei","district":"三峽區","display_name":"大雅路 車格 83459","address":"大雅路","facility_kind":"onstreet","symbol_text":null,"type_reference":"路邊停車格","type_confidence":0.6,"price_raw":null,"price_value":null,"capacity_total":1,"available_total":1,"occupied_total":0,"status_label":"空位","data_time":"2026-05-02 15:53:29+08:00","city_label":"新北市","facility_kind_label":"路邊車格","available_rate":1,"occupancy_rate":0,"price_tier":"unknown","price_tier_label":"價格未知"}},{"type":"Feature","geometry":{"type":"Point","coordinates":[121.370322,24.921109]},"properties":{"supply_id":"new_taipei-onstreet-159721","city":"new_taipei","district":"三峽區","display_name":"中正路一段 車格 159721","address":"中正路一段","facility_kind":"onstreet","symbol_text":null,"type_reference":"路邊停車格","type_confidence":0.6,"price_raw":null,"price_value":null,"capacity_total":1,"available_total":0,"occupied_total":1,"status_label":"已停","data_time":"2026-05-02 15:53:29+08:00","city_label":"新北市","facility_kind_label":"路邊車格","available_rate":0,"occupancy_rate":1,"price_tier":"unknown","price_tier_label":"價格未知"}},{"type":"Feature","geometry":{"type":"Point","coordinates":[121.379914,24.943705]},"properties":{"supply_id":"new_taipei-onstreet-87695","city":"new_taipei","district":"三峽區","display_name":"三樹路 車格 87695","address":"三樹路","facility_kind":"onstreet","symbol_text":null,"type_reference":"路邊停車格","type_confidence":0.6,"price_raw":null,"price_value":null,"capacity_total":1,"available_total":0,"occupied_total":1,"status_label":"已停","data_time":"2026-05-02 15:53:29+08:00","city_label":"新北市","facility_kind_label":"路邊車格","available_rate":0,"occupancy_rate":1,"price_tier":"unknown","price_tier_label":"價格未知"}},{"type":"Feature","geometry":{"type":"Point","coordinates":[121.370706,24.921872]},"properties":{"supply_id":"new_taipei-onstreet-159711","city":"new_taipei","district":"三峽區","display_name":"中正路一段 車格 159711","address":"中正路一段","facility_kind":"onstreet","symbol_text":null,"type_reference":"路邊停車格","type_confidence":0.6,"price_raw":null,"price_value":null,"capacity_total":1,"available_total":1,"occupied_total":0,"status_label":"空位","data_time":"2026-05-02 15:53:29+08:00","city_label":"新北市","facility_kind_label":"路邊車格","available_rate":1,"occupancy_rate":0,"price_tier":"unknown","price_tier_label":"價格未知"}},{"type":"Feature","geometry":{"type":"Point","coordinates":[121.364937,24.935501]},"properties":{"supply_id":"new_taipei-onstreet-37953","city":"new_taipei","district":"三峽區","display_name":"文化路 車格 37953","address":"文化路","facility_kind":"onstreet","symbol_text":null,"type_reference":"路邊停車格","type_confidence":0.6,"price_raw":null,"price_value":null,"capacity_total":1,"available_total":1,"occupied_total":0,"status_label":"空位","data_time":"2026-05-02 15:53:29+08:00","city_label":"新北市","facility_kind_label":"路邊車格","available_rate":1,"occupancy_rate":0,"price_tier":"unknown","price_tier_label":"價格未知"}},{"type":"Feature","geometry":{"type":"Point","coordinates":[121.370654,24.92248]},"properties":{"supply_id":"new_taipei-onstreet-159720","city":"new_taipei","district":"三峽區","display_name":"中正路一段 車格 159720","address":"中正路一段","facility_kind":"onstreet","symbol_text":null,"type_reference":"路邊停車格","type_confidence":0.6,"price_raw":null,"price_value":null,"capacity_total":1,"available_total":0,"occupied_total":1,"status_label":"已停","data_time":"2026-05-02 15:53:29+08:00","city_label":"新北市","facility_kind_label":"路邊車格","available_rate":0,"occupancy_rate":1,"price_tier":"unknown","price_tier_label":"價格未知"}},{"type":"Feature","geometry":{"type":"Point","coordinates":[121.370305,24.921047]},"properties":{"supply_id":"new_taipei-onstreet-159722","city":"new_taipei","district":"三峽區","display_name":"中正路一段 車格 159722","address":"中正路一段","facility_kind":"onstreet","symbol_text":null,"type_reference":"路邊停車格","type_confidence":0.6,"price_raw":null,"price_value":null,"capacity_total":1,"available_total":0,"occupied_total":1,"status_label":"已停","data_time":"2026-05-02 15:53:29+08:00","city_label":"新北市","facility_kind_label":"路邊車格","available_rate":0,"occupancy_rate":1,"price_tier":"unknown","price_tier_label":"價格未知"}},{"type":"Feature","geometry":{"type":"Point","coordinates":[121.378084,24.944691]},"properties":{"supply_id":"new_taipei-onstreet-5785","city":"new_taipei","district":"三峽區","display_name":"學成路 車格 5785","address":"學成路","facility_kind":"onstreet","symbol_text":null,"type_reference":"路邊停車格","type_confidence":0.6,"price_raw":null,"price_value":null,"capacity_total":1,"available_total":1,"occupied_total":0,"status_label":"空位","data_time":"2026-05-02 15:53:29+08:00","city_label":"新北市","facility_kind_label":"路邊車格","available_rate":1,"occupancy_rate":0,"price_tier":"unknown","price_tier_label":"價格未知"}},{"type":"Feature","geometry":{"type":"Point","coordinates":[121.370404,24.920706]},"properties":{"supply_id":"new_taipei-onstreet-159698","city":"new_taipei","district":"三峽區","display_name":"中正路一段 車格 159698","address":"中正路一段","facility_kind":"onstreet","symbol_text":null,"type_reference":"路邊停車格","type_confidence":0.6,"price_raw":null,"price_value":null,"capacity_total":1,"available_total":0,"occupied_total":1,"status_label":"已停","data_time":"2026-05-02 15:53:29+08:00","city_label":"新北市","facility_kind_label":"路邊車格","available_rate":0,"occupancy_rate":1,"price_tier":"unknown","price_tier_label":"價格未知"}},{"type":"Feature","geometry":{"type":"Point","coordinates":[121.37042,24.920753]},"properties":{"supply_id":"new_taipei-onstreet-159699","city":"new_taipei","district":"三峽區","display_name":"中正路一段 車格 159699","address":"中正路一段","facility_kind":"onstreet","symbol_text":null,"type_reference":"路邊停車格","type_confidence":0.6,"price_raw":null,"price_value":null,"capacity_total":1,"available_total":0,"occupied_total":1,"status_label":"已停","data_time":"2026-05-02 15:53:29+08:00","city_label":"新北市","facility_kind_label":"路邊車格","available_rate":0,"occupancy_rate":1,"price_tier":"unknown","price_tier_label":"價格未知"}},{"type":"Feature","geometry":{"type":"Point","coordinates":[121.364281,24.935445]},"properties":{"supply_id":"new_taipei-onstreet-82998","city":"new_taipei","district":"三峽區","display_name":"文化路 車格 82998","address":"文化路","facility_kind":"onstreet","symbol_text":null,"type_reference":"路邊停車格","type_confidence":0.6,"price_raw":null,"price_value":null,"capacity_total":1,"available_total":1,"occupied_total":0,"status_label":"空位","data_time":"2026-05-02 15:53:29+08:00","city_label":"新北市","facility_kind_label":"路邊車格","available_rate":1,"occupancy_rate":0,"price_tier":"unknown","price_tier_label":"價格未知"}},{"type":"Feature","geometry":{"type":"Point","coordinates":[121.370745,24.922017]},"properties":{"supply_id":"new_taipei-onstreet-159714","city":"new_taipei","district":"三峽區","display_name":"中正路一段 車格 159714","address":"中正路一段","facility_kind":"onstreet","symbol_text":null,"type_reference":"路邊停車格","type_confidence":0.6,"price_raw":null,"price_value":null,"capacity_total":1,"available_total":1,"occupied_total":0,"status_label":"空位","data_time":"2026-05-02 15:53:29+08:00","city_label":"新北市","facility_kind_label":"路邊車格","available_rate":1,"occupancy_rate":0,"price_tier":"unknown","price_tier_label":"價格未知"}},{"type":"Feature","geometry":{"type":"Point","coordinates":[121.364172,24.935446]},"properties":{"supply_id":"new_taipei-onstreet-59793","city":"new_taipei","district":"三峽區","display_name":"文化路 車格 59793","address":"文化路","facility_kind":"onstreet","symbol_text":null,"type_reference":"路邊停車格","type_confidence":0.6,"price_raw":null,"price_value":null,"capacity_total":1,"available_total":1,"occupied_total":0,"status_label":"空位","data_time":"2026-05-02 15:53:29+08:00","city_label":"新北市","facility_kind_label":"路邊車格","available_rate":1,"occupancy_rate":0,"price_tier":"unknown","price_tier_label":"價格未知"}},{"type":"Feature","geometry":{"type":"Point","coordinates":[121.364226,24.935446]},"properties":{"supply_id":"new_taipei-onstreet-59792","city":"new_taipei","district":"三峽區","display_name":"文化路 車格 59792","address":"文化路","facility_kind":"onstreet","symbol_text":null,"type_reference":"路邊停車格","type_confidence":0.6,"price_raw":null,"price_value":null,"capacity_total":1,"available_total":0,"occupied_total":1,"status_label":"已停","data_time":"2026-05-02 15:53:29+08:00","city_label":"新北市","facility_kind_label":"路邊車格","available_rate":0,"occupancy_rate":1,"price_tier":"unknown","price_tier_label":"價格未知"}},{"type":"Feature","geometry":{"type":"Point","coordinates":[121.37841,24.940827]},"properties":{"supply_id":"new_taipei-onstreet-95299","city":"new_taipei","district":"三峽區","display_name":"三樹路 車格 95299","address":"三樹路","facility_kind":"onstreet","symbol_text":null,"type_reference":"路邊停車格","type_confidence":0.6,"price_raw":null,"price_value":null,"capacity_total":1,"available_total":0,"occupied_total":1,"status_label":"已停","data_time":"2026-05-02 15:53:29+08:00","city_label":"新北市","facility_kind_label":"路邊車格","available_rate":0,"occupancy_rate":1,"price_tier":"unknown","price_tier_label":"價格未知"}},{"type":"Feature","geometry":{"type":"Point","coordinates":[121.377473,24.944333]},"properties":{"supply_id":"new_taipei-onstreet-5710","city":"new_taipei","district":"三峽區","display_name":"學成路 車格 5710","address":"學成路","facility_kind":"onstreet","symbol_text":null,"type_reference":"路邊停車格","type_confidence":0.6,"price_raw":null,"price_value":null,"capacity_total":1,"available_total":1,"occupied_total":0,"status_label":"空位","data_time":"2026-05-02 15:53:29+08:00","city_label":"新北市","facility_kind_label":"路邊車格","available_rate":1,"occupancy_rate":0,"price_tier":"unknown","price_tier_label":"價格未知"}},{"type":"Feature","geometry":{"type":"Point","coordinates":[121.370719,24.92192]},"properties":{"supply_id":"new_taipei-onstreet-159712","city":"new_taipei","district":"三峽區","display_name":"中正路一段 車格 159712","address":"中正路一段","facility_kind":"onstreet","symbol_text":null,"type_reference":"路邊停車格","type_confidence":0.6,"price_raw":null,"price_value":null,"capacity_total":1,"available_total":0,"occupied_total":1,"status_label":"已停","data_time":"2026-05-02 15:53:29+08:00","city_label":"新北市","facility_kind_label":"路邊車格","available_rate":0,"occupancy_rate":1,"price_tier":"unknown","price_tier_label":"價格未知"}},{"type":"Feature","geometry":{"type":"Point","coordinates":[121.370531,24.921178]},"properties":{"supply_id":"new_taipei-onstreet-159704","city":"new_taipei","district":"三峽區","display_name":"中正路一段 車格 159704","address":"中正路一段","facility_kind":"onstreet","symbol_text":null,"type_reference":"路邊停車格","type_confidence":0.6,"price_raw":null,"price_value":null,"capacity_total":1,"available_total":1,"occupied_total":0,"status_label":"空位","data_time":"2026-05-02 15:53:29+08:00","city_label":"新北市","facility_kind_label":"路邊車格","available_rate":1,"occupancy_rate":0,"price_tier":"unknown","price_tier_label":"價格未知"}},{"type":"Feature","geometry":{"type":"Point","coordinates":[121.369902,24.926129]},"properties":{"supply_id":"new_taipei-onstreet-58937","city":"new_taipei","district":"三峽區","display_name":"安溪路 車格 58937","address":"安溪路","facility_kind":"onstreet","symbol_text":null,"type_reference":"路邊停車格","type_confidence":0.6,"price_raw":null,"price_value":null,"capacity_total":1,"available_total":1,"occupied_total":0,"status_label":"空位","data_time":"2026-05-02 15:53:29+08:00","city_label":"新北市","facility_kind_label":"路邊車格","available_rate":1,"occupancy_rate":0,"price_tier":"unknown","price_tier_label":"價格未知"}},{"type":"Feature","geometry":{"type":"Point","coordinates":[121.380787,24.94432]},"properties":{"supply_id":"new_taipei-onstreet-83476","city":"new_taipei","district":"三峽區","display_name":"大雅路 車格 83476","address":"大雅路","facility_kind":"onstreet","symbol_text":null,"type_reference":"路邊停車格","type_confidence":0.6,"price_raw":null,"price_value":null,"capacity_total":1,"available_total":0,"occupied_total":1,"status_label":"已停","data_time":"2026-05-02 15:53:29+08:00","city_label":"新北市","facility_kind_label":"路邊車格","available_rate":0,"occupancy_rate":1,"price_tier":"unknown","price_tier_label":"價格未知"}},{"type":"Feature","geometry":{"type":"Point","coordinates":[121.370518,24.92113]},"properties":{"supply_id":"new_taipei-onstreet-159703","city":"new_taipei","district":"三峽區","display_name":"中正路一段 車格 159703","address":"中正路一段","facility_kind":"onstreet","symbol_text":null,"type_reference":"路邊停車格","type_confidence":0.6,"price_raw":null,"price_value":null,"capacity_total":1,"available_total":0,"occupied_total":1,"status_label":"已停","data_time":"2026-05-02 15:53:29+08:00","city_label":"新北市","facility_kind_label":"路邊車格","available_rate":0,"occupancy_rate":1,"price_tier":"unknown","price_tier_label":"價格未知"}},{"type":"Feature","geometry":{"type":"Point","coordinates":[121.370459,24.92088]},"properties":{"supply_id":"new_taipei-onstreet-159701","city":"new_taipei","district":"三峽區","display_name":"中正路一段 車格 159701","address":"中正路一段","facility_kind":"onstreet","symbol_text":null,"type_reference":"路邊停車格","type_confidence":0.6,"price_raw":null,"price_value":null,"capacity_total":1,"available_total":0,"occupied_total":1,"status_label":"已停","data_time":"2026-05-02 15:53:29+08:00","city_label":"新北市","facility_kind_label":"路邊車格","available_rate":0,"occupancy_rate":1,"price_tier":"unknown","price_tier_label":"價格未知"}},{"type":"Feature","geometry":{"type":"Point","coordinates":[121.378506,24.941118]},"properties":{"supply_id":"new_taipei-onstreet-95296","city":"new_taipei","district":"三峽區","display_name":"三樹路 車格 95296","address":"三樹路","facility_kind":"onstreet","symbol_text":null,"type_reference":"路邊停車格","type_confidence":0.6,"price_raw":null,"price_value":null,"capacity_total":1,"available_total":1,"occupied_total":0,"status_label":"空位","data_time":"2026-05-02 15:53:29+08:00","city_label":"新北市","facility_kind_label":"路邊車格","available_rate":1,"occupancy_rate":0,"price_tier":"unknown","price_tier_label":"價格未知"}},{"type":"Feature","geometry":{"type":"Point","coordinates":[121.369882,24.926078]},"properties":{"supply_id":"new_taipei-onstreet-58936","city":"new_taipei","district":"三峽區","display_name":"安溪路 車格 58936","address":"安溪路","facility_kind":"onstreet","symbol_text":null,"type_reference":"路邊停車格","type_confidence":0.6,"price_raw":null,"price_value":null,"capacity_total":1,"available_total":1,"occupied_total":0,"status_label":"空位","data_time":"2026-05-02 15:53:29+08:00","city_label":"新北市","facility_kind_label":"路邊車格","available_rate":1,"occupancy_rate":0,"price_tier":"unknown","price_tier_label":"價格未知"}},{"type":"Feature","geometry":{"type":"Point","coordinates":[121.377383,24.944277]},"properties":{"supply_id":"new_taipei-onstreet-5829","city":"new_taipei","district":"三峽區","display_name":"學成路 車格 5829","address":"學成路","facility_kind":"onstreet","symbol_text":null,"type_reference":"路邊停車格","type_confidence":0.6,"price_raw":null,"price_value":null,"capacity_total":1,"available_total":1,"occupied_total":0,"status_label":"空位","data_time":"2026-05-02 15:53:29+08:00","city_label":"新北市","facility_kind_label":"路邊車格","available_rate":1,"occupancy_rate":0,"price_tier":"unknown","price_tier_label":"價格未知"}},{"type":"Feature","geometry":{"type":"Point","coordinates":[121.375192,24.942967]},"properties":{"supply_id":"new_taipei-onstreet-26805","city":"new_taipei","district":"三峽區","display_name":"大學路 車格 26805","address":"大學路","facility_kind":"onstreet","symbol_text":null,"type_reference":"路邊停車格","type_confidence":0.6,"price_raw":null,"price_value":null,"capacity_total":1,"available_total":1,"occupied_total":0,"status_label":"空位","data_time":"2026-05-02 15:53:29+08:00","city_label":"新北市","facility_kind_label":"路邊車格","available_rate":1,"occupancy_rate":0,"price_tier":"unknown","price_tier_label":"價格未知"}},{"type":"Feature","geometry":{"type":"Point","coordinates":[121.378434,24.940925]},"properties":{"supply_id":"new_taipei-onstreet-95297","city":"new_taipei","district":"三峽區","display_name":"三樹路 車格 95297","address":"三樹路","facility_kind":"onstreet","symbol_text":null,"type_reference":"路邊停車格","type_confidence":0.6,"price_raw":null,"price_value":null,"capacity_total":1,"available_total":0,"occupied_total":1,"status_label":"已停","data_time":"2026-05-02 15:53:29+08:00","city_label":"新北市","facility_kind_label":"路邊車格","available_rate":0,"occupancy_rate":1,"price_tier":"unknown","price_tier_label":"價格未知"}},{"type":"Feature","geometry":{"type":"Point","coordinates":[121.369812,24.925902]},"properties":{"supply_id":"new_taipei-onstreet-89819","city":"new_taipei","district":"三峽區","display_name":"安溪路 車格 89819","address":"安溪路","facility_kind":"onstreet","symbol_text":null,"type_reference":"路邊停車格","type_confidence":0.6,"price_raw":null,"price_value":null,"capacity_total":1,"available_total":0,"occupied_total":1,"status_label":"已停","data_time":"2026-05-02 15:53:29+08:00","city_label":"新北市","facility_kind_label":"路邊車格","available_rate":0,"occupancy_rate":1,"price_tier":"unknown","price_tier_label":"價格未知"}},{"type":"Feature","geometry":{"type":"Point","coordinates":[121.364678,24.935478]},"properties":{"supply_id":"new_taipei-onstreet-40410","city":"new_taipei","district":"三峽區","display_name":"文化路 車格 40410","address":"文化路","facility_kind":"onstreet","symbol_text":null,"type_reference":"路邊停車格","type_confidence":0.6,"price_raw":null,"price_value":null,"capacity_total":1,"available_total":0,"occupied_total":1,"status_label":"已停","data_time":"2026-05-02 15:53:29+08:00","city_label":"新北市","facility_kind_label":"路邊車格","available_rate":0,"occupancy_rate":1,"price_tier":"unknown","price_tier_label":"價格未知"}},{"type":"Feature","geometry":{"type":"Point","coordinates":[121.364732,24.935483]},"properties":{"supply_id":"new_taipei-onstreet-25010","city":"new_taipei","district":"三峽區","display_name":"文化路 車格 25010","address":"文化路","facility_kind":"onstreet","symbol_text":null,"type_reference":"路邊停車格","type_confidence":0.6,"price_raw":null,"price_value":null,"capacity_total":1,"available_total":1,"occupied_total":0,"status_label":"空位","data_time":"2026-05-02 15:53:29+08:00","city_label":"新北市","facility_kind_label":"路邊車格","available_rate":1,"occupancy_rate":0,"price_tier":"unknown","price_tier_label":"價格未知"}},{"type":"Feature","geometry":{"type":"Point","coordinates":[121.364786,24.935487]},"properties":{"supply_id":"new_taipei-onstreet-42379","city":"new_taipei","district":"三峽區","display_name":"文化路 車格 42379","address":"文化路","facility_kind":"onstreet","symbol_text":null,"type_reference":"路邊停車格","type_confidence":0.6,"price_raw":null,"price_value":null,"capacity_total":1,"available_total":1,"occupied_total":0,"status_label":"空位","data_time":"2026-05-02 15:53:29+08:00","city_label":"新北市","facility_kind_label":"路邊車格","available_rate":1,"occupancy_rate":0,"price_tier":"unknown","price_tier_label":"價格未知"}},{"type":"Feature","geometry":{"type":"Point","coordinates":[121.370582,24.92138]},"properties":{"supply_id":"new_taipei-onstreet-159708","city":"new_taipei","district":"三峽區","display_name":"中正路一段 車格 159708","address":"中正路一段","facility_kind":"onstreet","symbol_text":null,"type_reference":"路邊停車格","type_confidence":0.6,"price_raw":null,"price_value":null,"capacity_total":1,"available_total":0,"occupied_total":1,"status_label":"已停","data_time":"2026-05-02 15:53:29+08:00","city_label":"新北市","facility_kind_label":"路邊車格","available_rate":0,"occupancy_rate":1,"price_tier":"unknown","price_tier_label":"價格未知"}},{"type":"Feature","geometry":{"type":"Point","coordinates":[121.38064,24.944748]},"properties":{"supply_id":"new_taipei-onstreet-96147","city":"new_taipei","district":"三峽區","display_name":"大雅路 車格 96147","address":"大雅路","facility_kind":"onstreet","symbol_text":null,"type_reference":"路邊停車格","type_confidence":0.6,"price_raw":null,"price_value":null,"capacity_total":1,"available_total":1,"occupied_total":0,"status_label":"空位","data_time":"2026-05-02 15:53:29+08:00","city_label":"新北市","facility_kind_label":"路邊車格","available_rate":1,"occupancy_rate":0,"price_tier":"unknown","price_tier_label":"價格未知"}},{"type":"Feature","geometry":{"type":"Point","coordinates":[121.378386,24.94073]},"properties":{"supply_id":"new_taipei-onstreet-95289","city":"new_taipei","district":"三峽區","display_name":"三樹路 車格 95289","address":"三樹路","facility_kind":"onstreet","symbol_text":null,"type_reference":"路邊停車格","type_confidence":0.6,"price_raw":null,"price_value":null,"capacity_total":1,"available_total":1,"occupied_total":0,"status_label":"空位","data_time":"2026-05-02 15:53:29+08:00","city_label":"新北市","facility_kind_label":"路邊車格","available_rate":1,"occupancy_rate":0,"price_tier":"unknown","price_tier_label":"價格未知"}},{"type":"Feature","geometry":{"type":"Point","coordinates":[121.380623,24.944795]},"properties":{"supply_id":"new_taipei-onstreet-83483","city":"new_taipei","district":"三峽區","display_name":"大雅路 車格 83483","address":"大雅路","facility_kind":"onstreet","symbol_text":null,"type_reference":"路邊停車格","type_confidence":0.6,"price_raw":null,"price_value":null,"capacity_total":1,"available_total":1,"occupied_total":0,"status_label":"空位","data_time":"2026-05-02 15:53:29+08:00","city_label":"新北市","facility_kind_label":"路邊車格","available_rate":1,"occupancy_rate":0,"price_tier":"unknown","price_tier_label":"價格未知"}},{"type":"Feature","geometry":{"type":"Point","coordinates":[121.377428,24.944305]},"properties":{"supply_id":"new_taipei-onstreet-5828","city":"new_taipei","district":"三峽區","display_name":"學成路 車格 5828","address":"學成路","facility_kind":"onstreet","symbol_text":null,"type_reference":"路邊停車格","type_confidence":0.6,"price_raw":null,"price_value":null,"capacity_total":1,"available_total":1,"occupied_total":0,"status_label":"空位","data_time":"2026-05-02 15:53:29+08:00","city_label":"新北市","facility_kind_label":"路邊車格","available_rate":1,"occupancy_rate":0,"price_tier":"unknown","price_tier_label":"價格未知"}},{"type":"Feature","geometry":{"type":"Point","coordinates":[121.370732,24.921969]},"properties":{"supply_id":"new_taipei-onstreet-159713","city":"new_taipei","district":"三峽區","display_name":"中正路一段 車格 159713","address":"中正路一段","facility_kind":"onstreet","symbol_text":null,"type_reference":"路邊停車格","type_confidence":0.6,"price_raw":null,"price_value":null,"capacity_total":1,"available_total":1,"occupied_total":0,"status_label":"空位","data_time":"2026-05-02 15:53:29+08:00","city_label":"新北市","facility_kind_label":"路邊車格","available_rate":1,"occupancy_rate":0,"price_tier":"unknown","price_tier_label":"價格未知"}},{"type":"Feature","geometry":{"type":"Point","coordinates":[121.36983,24.925954]},"properties":{"supply_id":"new_taipei-onstreet-95830","city":"new_taipei","district":"三峽區","display_name":"安溪路 車格 95830","address":"安溪路","facility_kind":"onstreet","symbol_text":null,"type_reference":"路邊停車格","type_confidence":0.6,"price_raw":null,"price_value":null,"capacity_total":1,"available_total":0,"occupied_total":1,"status_label":"已停","data_time":"2026-05-02 15:53:29+08:00","city_label":"新北市","facility_kind_label":"路邊車格","available_rate":0,"occupancy_rate":1,"price_tier":"unknown","price_tier_label":"價格未知"}},{"type":"Feature","geometry":{"type":"Point","coordinates":[121.375223,24.942927]},"properties":{"supply_id":"new_taipei-onstreet-98036","city":"new_taipei","district":"三峽區","display_name":"大學路 車格 98036","address":"大學路","facility_kind":"onstreet","symbol_text":null,"type_reference":"路邊停車格","type_confidence":0.6,"price_raw":null,"price_value":null,"capacity_total":1,"available_total":1,"occupied_total":0,"status_label":"空位","data_time":"2026-05-02 15:53:29+08:00","city_label":"新北市","facility_kind_label":"路邊車格","available_rate":1,"occupancy_rate":0,"price_tier":"unknown","price_tier_label":"價格未知"}},{"type":"Feature","geometry":{"type":"Point","coordinates":[121.364992,24.935506]},"properties":{"supply_id":"new_taipei-onstreet-59788","city":"new_taipei","district":"三峽區","display_name":"文化路 車格 59788","address":"文化路","facility_kind":"onstreet","symbol_text":null,"type_reference":"路邊停車格","type_confidence":0.6,"price_raw":null,"price_value":null,"capacity_total":1,"available_total":0,"occupied_total":1,"status_label":"已停","data_time":"2026-05-02 15:53:29+08:00","city_label":"新北市","facility_kind_label":"路邊車格","available_rate":0,"occupancy_rate":1,"price_tier":"unknown","price_tier_label":"價格未知"}},{"type":"Feature","geometry":{"type":"Point","coordinates":[121.371905,24.932951]},"properties":{"supply_id":"new_taipei-onstreet-47504","city":"new_taipei","district":"三峽區","display_name":"安溪路 車格 47504","address":"安溪路","facility_kind":"onstreet","symbol_text":null,"type_reference":"路邊停車格","type_confidence":0.6,"price_raw":null,"price_value":null,"capacity_total":1,"available_total":0,"occupied_total":1,"status_label":"已停","data_time":"2026-05-02 15:53:29+08:00","city_label":"新北市","facility_kind_label":"路邊車格","available_rate":0,"occupancy_rate":1,"price_tier":"unknown","price_tier_label":"價格未知"}},{"type":"Feature","geometry":{"type":"Point","coordinates":[121.369781,24.925798]},"properties":{"supply_id":"new_taipei-onstreet-27668","city":"new_taipei","district":"三峽區","display_name":"安溪路 車格 27668","address":"安溪路","facility_kind":"onstreet","symbol_text":null,"type_reference":"路邊停車格","type_confidence":0.6,"price_raw":null,"price_value":null,"capacity_total":1,"available_total":0,"occupied_total":1,"status_label":"已停","data_time":"2026-05-02 15:53:29+08:00","city_label":"新北市","facility_kind_label":"路邊車格","available_rate":0,"occupancy_rate":1,"price_tier":"unknown","price_tier_label":"價格未知"}},{"type":"Feature","geometry":{"type":"Point","coordinates":[121.380607,24.944843]},"properties":{"supply_id":"new_taipei-onstreet-96151","city":"new_taipei","district":"三峽區","display_name":"大雅路 車格 96151","address":"大雅路","facility_kind":"onstreet","symbol_text":null,"type_reference":"路邊停車格","type_confidence":0.6,"price_raw":null,"price_value":null,"capacity_total":1,"available_total":1,"occupied_total":0,"status_label":"空位","data_time":"2026-05-02 15:53:29+08:00","city_label":"新北市","facility_kind_label":"路邊車格","available_rate":1,"occupancy_rate":0,"price_tier":"unknown","price_tier_label":"價格未知"}},{"type":"Feature","geometry":{"type":"Point","coordinates":[121.380558,24.944985]},"properties":{"supply_id":"new_taipei-onstreet-96145","city":"new_taipei","district":"三峽區","display_name":"大雅路 車格 96145","address":"大雅路","facility_kind":"onstreet","symbol_text":null,"type_reference":"路邊停車格","type_confidence":0.6,"price_raw":null,"price_value":null,"capacity_total":1,"available_total":1,"occupied_total":0,"status_label":"空位","data_time":"2026-05-02 15:53:29+08:00","city_label":"新北市","facility_kind_label":"路邊車格","available_rate":1,"occupancy_rate":0,"price_tier":"unknown","price_tier_label":"價格未知"}},{"type":"Feature","geometry":{"type":"Point","coordinates":[121.365207,24.935525]},"properties":{"supply_id":"new_taipei-onstreet-74804","city":"new_taipei","district":"三峽區","display_name":"文化路 車格 74804","address":"文化路","facility_kind":"onstreet","symbol_text":null,"type_reference":"路邊停車格","type_confidence":0.6,"price_raw":null,"price_value":null,"capacity_total":1,"available_total":0,"occupied_total":1,"status_label":"已停","data_time":"2026-05-02 15:53:29+08:00","city_label":"新北市","facility_kind_label":"路邊車格","available_rate":0,"occupancy_rate":1,"price_tier":"unknown","price_tier_label":"價格未知"}},{"type":"Feature","geometry":{"type":"Point","coordinates":[121.378375,24.940681]},"properties":{"supply_id":"new_taipei-onstreet-95288","city":"new_taipei","district":"三峽區","display_name":"三樹路 車格 95288","address":"三樹路","facility_kind":"onstreet","symbol_text":null,"type_reference":"路邊停車格","type_confidence":0.6,"price_raw":null,"price_value":null,"capacity_total":1,"available_total":0,"occupied_total":1,"status_label":"已停","data_time":"2026-05-02 15:53:29+08:00","city_label":"新北市","facility_kind_label":"路邊車格","available_rate":0,"occupancy_rate":1,"price_tier":"unknown","price_tier_label":"價格未知"}},{"type":"Feature","geometry":{"type":"Point","coordinates":[121.377339,24.944248]},"properties":{"supply_id":"new_taipei-onstreet-5708","city":"new_taipei","district":"三峽區","display_name":"學成路 車格 5708","address":"學成路","facility_kind":"onstreet","symbol_text":null,"type_reference":"路邊停車格","type_confidence":0.6,"price_raw":null,"price_value":null,"capacity_total":1,"available_total":1,"occupied_total":0,"status_label":"空位","data_time":"2026-05-02 15:53:29+08:00","city_label":"新北市","facility_kind_label":"路邊車格","available_rate":1,"occupancy_rate":0,"price_tier":"unknown","price_tier_label":"價格未知"}},{"type":"Feature","geometry":{"type":"Point","coordinates":[121.371938,24.93298]},"properties":{"supply_id":"new_taipei-onstreet-47592","city":"new_taipei","district":"三峽區","display_name":"安溪路 車格 47592","address":"安溪路","facility_kind":"onstreet","symbol_text":null,"type_reference":"路邊停車格","type_confidence":0.6,"price_raw":null,"price_value":null,"capacity_total":1,"available_total":1,"occupied_total":0,"status_label":"空位","data_time":"2026-05-02 15:53:29+08:00","city_label":"新北市","facility_kind_label":"路邊車格","available_rate":1,"occupancy_rate":0,"price_tier":"unknown","price_tier_label":"價格未知"}},{"type":"Feature","geometry":{"type":"Point","coordinates":[121.378363,24.940633]},"properties":{"supply_id":"new_taipei-onstreet-95283","city":"new_taipei","district":"三峽區","display_name":"三樹路 車格 95283","address":"三樹路","facility_kind":"onstreet","symbol_text":null,"type_reference":"路邊停車格","type_confidence":0.6,"price_raw":null,"price_value":null,"capacity_total":1,"available_total":0,"occupied_total":1,"status_label":"已停","data_time":"2026-05-02 15:53:29+08:00","city_label":"新北市","facility_kind_label":"路邊車格","available_rate":0,"occupancy_rate":1,"price_tier":"unknown","price_tier_label":"價格未知"}},{"type":"Feature","geometry":{"type":"Point","coordinates":[121.377092,24.944088]},"properties":{"supply_id":"new_taipei-onstreet-5673","city":"new_taipei","district":"三峽區","display_name":"學成路 車格 5673","address":"學成路","facility_kind":"onstreet","symbol_text":null,"type_reference":"路邊停車格","type_confidence":0.6,"price_raw":null,"price_value":null,"capacity_total":1,"available_total":1,"occupied_total":0,"status_label":"空位","data_time":"2026-05-02 15:53:29+08:00","city_label":"新北市","facility_kind_label":"路邊車格","available_rate":1,"occupancy_rate":0,"price_tier":"unknown","price_tier_label":"價格未知"}},{"type":"Feature","geometry":{"type":"Point","coordinates":[121.378422,24.940876]},"properties":{"supply_id":"new_taipei-onstreet-95298","city":"new_taipei","district":"三峽區","display_name":"三樹路 車格 95298","address":"三樹路","facility_kind":"onstreet","symbol_text":null,"type_reference":"路邊停車格","type_confidence":0.6,"price_raw":null,"price_value":null,"capacity_total":1,"available_total":0,"occupied_total":1,"status_label":"已停","data_time":"2026-05-02 15:53:29+08:00","city_label":"新北市","facility_kind_label":"路邊車格","available_rate":0,"occupancy_rate":1,"price_tier":"unknown","price_tier_label":"價格未知"}},{"type":"Feature","geometry":{"type":"Point","coordinates":[121.369797,24.92585]},"properties":{"supply_id":"new_taipei-onstreet-89818","city":"new_taipei","district":"三峽區","display_name":"安溪路 車格 89818","address":"安溪路","facility_kind":"onstreet","symbol_text":null,"type_reference":"路邊停車格","type_confidence":0.6,"price_raw":null,"price_value":null,"capacity_total":1,"available_total":0,"occupied_total":1,"status_label":"已停","data_time":"2026-05-02 15:53:29+08:00","city_label":"新北市","facility_kind_label":"路邊車格","available_rate":0,"occupancy_rate":1,"price_tier":"unknown","price_tier_label":"價格未知"}},{"type":"Feature","geometry":{"type":"Point","coordinates":[121.378398,24.940779]},"properties":{"supply_id":"new_taipei-onstreet-48644","city":"new_taipei","district":"三峽區","display_name":"三樹路 車格 48644","address":"三樹路","facility_kind":"onstreet","symbol_text":null,"type_reference":"路邊停車格","type_confidence":0.6,"price_raw":null,"price_value":null,"capacity_total":1,"available_total":1,"occupied_total":0,"status_label":"空位","data_time":"2026-05-02 15:53:29+08:00","city_label":"新北市","facility_kind_label":"路邊車格","available_rate":1,"occupancy_rate":0,"price_tier":"unknown","price_tier_label":"價格未知"}},{"type":"Feature","geometry":{"type":"Point","coordinates":[121.371798,24.932852]},"properties":{"supply_id":"new_taipei-onstreet-85823","city":"new_taipei","district":"三峽區","display_name":"安溪路 車格 85823","address":"安溪路","facility_kind":"onstreet","symbol_text":null,"type_reference":"路邊停車格","type_confidence":0.6,"price_raw":null,"price_value":null,"capacity_total":1,"available_total":0,"occupied_total":1,"status_label":"已停","data_time":"2026-05-02 15:53:29+08:00","city_label":"新北市","facility_kind_label":"路邊車格","available_rate":0,"occupancy_rate":1,"price_tier":"unknown","price_tier_label":"價格未知"}},{"type":"Feature","geometry":{"type":"Point","coordinates":[121.365046,24.935511]},"properties":{"supply_id":"new_taipei-onstreet-59787","city":"new_taipei","district":"三峽區","display_name":"文化路 車格 59787","address":"文化路","facility_kind":"onstreet","symbol_text":null,"type_reference":"路邊停車格","type_confidence":0.6,"price_raw":null,"price_value":null,"capacity_total":1,"available_total":1,"occupied_total":0,"status_label":"空位","data_time":"2026-05-02 15:53:29+08:00","city_label":"新北市","facility_kind_label":"路邊車格","available_rate":1,"occupancy_rate":0,"price_tier":"unknown","price_tier_label":"價格未知"}},{"type":"Feature","geometry":{"type":"Point","coordinates":[121.37183,24.932882]},"properties":{"supply_id":"new_taipei-onstreet-47374","city":"new_taipei","district":"三峽區","display_name":"安溪路 車格 47374","address":"安溪路","facility_kind":"onstreet","symbol_text":null,"type_reference":"路邊停車格","type_confidence":0.6,"price_raw":null,"price_value":null,"capacity_total":1,"available_total":0,"occupied_total":1,"status_label":"已停","data_time":"2026-05-02 15:53:29+08:00","city_label":"新北市","facility_kind_label":"路邊車格","available_rate":0,"occupancy_rate":1,"price_tier":"unknown","price_tier_label":"價格未知"}},{"type":"Feature","geometry":{"type":"Point","coordinates":[121.37077,24.922113]},"properties":{"supply_id":"new_taipei-onstreet-159716","city":"new_taipei","district":"三峽區","display_name":"中正路一段 車格 159716","address":"中正路一段","facility_kind":"onstreet","symbol_text":null,"type_reference":"路邊停車格","type_confidence":0.6,"price_raw":null,"price_value":null,"capacity_total":1,"available_total":0,"occupied_total":1,"status_label":"已停","data_time":"2026-05-02 15:53:29+08:00","city_label":"新北市","facility_kind_label":"路邊車格","available_rate":0,"occupancy_rate":1,"price_tier":"unknown","price_tier_label":"價格未知"}},{"type":"Feature","geometry":{"type":"Point","coordinates":[121.3651,24.935515]},"properties":{"supply_id":"new_taipei-onstreet-59780","city":"new_taipei","district":"三峽區","display_name":"文化路 車格 59780","address":"文化路","facility_kind":"onstreet","symbol_text":null,"type_reference":"路邊停車格","type_confidence":0.6,"price_raw":null,"price_value":null,"capacity_total":1,"available_total":1,"occupied_total":0,"status_label":"空位","data_time":"2026-05-02 15:53:29+08:00","city_label":"新北市","facility_kind_label":"路邊車格","available_rate":1,"occupancy_rate":0,"price_tier":"unknown","price_tier_label":"價格未知"}},{"type":"Feature","geometry":{"type":"Point","coordinates":[121.375636,24.94234]},"properties":{"supply_id":"new_taipei-onstreet-113440","city":"new_taipei","district":"三峽區","display_name":"大學路 車格 113440","address":"大學路","facility_kind":"onstreet","symbol_text":null,"type_reference":"路邊停車格","type_confidence":0.6,"price_raw":null,"price_value":null,"capacity_total":1,"available_total":1,"occupied_total":0,"status_label":"空位","data_time":"2026-05-02 15:53:29+08:00","city_label":"新北市","facility_kind_label":"路邊車格","available_rate":1,"occupancy_rate":0,"price_tier":"unknown","price_tier_label":"價格未知"}},{"type":"Feature","geometry":{"type":"Point","coordinates":[121.377047,24.944059]},"properties":{"supply_id":"new_taipei-onstreet-5831","city":"new_taipei","district":"三峽區","display_name":"學成路 車格 5831","address":"學成路","facility_kind":"onstreet","symbol_text":null,"type_reference":"路邊停車格","type_confidence":0.6,"price_raw":null,"price_value":null,"capacity_total":1,"available_total":1,"occupied_total":0,"status_label":"空位","data_time":"2026-05-02 15:53:29+08:00","city_label":"新北市","facility_kind_label":"路邊車格","available_rate":1,"occupancy_rate":0,"price_tier":"unknown","price_tier_label":"價格未知"}},{"type":"Feature","geometry":{"type":"Point","coordinates":[121.370784,24.922169]},"properties":{"supply_id":"new_taipei-onstreet-159717","city":"new_taipei","district":"三峽區","display_name":"中正路一段 車格 159717","address":"中正路一段","facility_kind":"onstreet","symbol_text":null,"type_reference":"路邊停車格","type_confidence":0.6,"price_raw":null,"price_value":null,"capacity_total":1,"available_total":0,"occupied_total":1,"status_label":"已停","data_time":"2026-05-02 15:53:29+08:00","city_label":"新北市","facility_kind_label":"路邊車格","available_rate":0,"occupancy_rate":1,"price_tier":"unknown","price_tier_label":"價格未知"}},{"type":"Feature","geometry":{"type":"Point","coordinates":[121.370797,24.922217]},"properties":{"supply_id":"new_taipei-onstreet-159718","city":"new_taipei","district":"三峽區","display_name":"中正路一段 車格 159718","address":"中正路一段","facility_kind":"onstreet","symbol_text":null,"type_reference":"路邊停車格","type_confidence":0.6,"price_raw":null,"price_value":null,"capacity_total":1,"available_total":1,"occupied_total":0,"status_label":"空位","data_time":"2026-05-02 15:53:29+08:00","city_label":"新北市","facility_kind_label":"路邊車格","available_rate":1,"occupancy_rate":0,"price_tier":"unknown","price_tier_label":"價格未知"}},{"type":"Feature","geometry":{"type":"Point","coordinates":[121.378322,24.940452]},"properties":{"supply_id":"new_taipei-onstreet-95302","city":"new_taipei","district":"三峽區","display_name":"三樹路 車格 95302","address":"三樹路","facility_kind":"onstreet","symbol_text":null,"type_reference":"路邊停車格","type_confidence":0.6,"price_raw":null,"price_value":null,"capacity_total":1,"available_total":0,"occupied_total":1,"status_label":"已停","data_time":"2026-05-02 15:53:29+08:00","city_label":"新北市","facility_kind_label":"路邊車格","available_rate":0,"occupancy_rate":1,"price_tier":"unknown","price_tier_label":"價格未知"}},{"type":"Feature","geometry":{"type":"Point","coordinates":[121.37081,24.922265]},"properties":{"supply_id":"new_taipei-onstreet-159719","city":"new_taipei","district":"三峽區","display_name":"中正路一段 車格 159719","address":"中正路一段","facility_kind":"onstreet","symbol_text":null,"type_reference":"路邊停車格","type_confidence":0.6,"price_raw":null,"price_value":null,"capacity_total":1,"available_total":0,"occupied_total":1,"status_label":"已停","data_time":"2026-05-02 15:53:29+08:00","city_label":"新北市","facility_kind_label":"路邊車格","available_rate":0,"occupancy_rate":1,"price_tier":"unknown","price_tier_label":"價格未知"}},{"type":"Feature","geometry":{"type":"Point","coordinates":[121.372294,24.933287]},"properties":{"supply_id":"new_taipei-onstreet-49483","city":"new_taipei","district":"三峽區","display_name":"安溪路 車格 49483","address":"安溪路","facility_kind":"onstreet","symbol_text":null,"type_reference":"路邊停車格","type_confidence":0.6,"price_raw":null,"price_value":null,"capacity_total":1,"available_total":1,"occupied_total":0,"status_label":"空位","data_time":"2026-05-02 15:53:29+08:00","city_label":"新北市","facility_kind_label":"路邊車格","available_rate":1,"occupancy_rate":0,"price_tier":"unknown","price_tier_label":"價格未知"}},{"type":"Feature","geometry":{"type":"Point","coordinates":[121.380509,24.945127]},"properties":{"supply_id":"new_taipei-onstreet-83477","city":"new_taipei","district":"三峽區","display_name":"大雅路 車格 83477","address":"大雅路","facility_kind":"onstreet","symbol_text":null,"type_reference":"路邊停車格","type_confidence":0.6,"price_raw":null,"price_value":null,"capacity_total":1,"available_total":1,"occupied_total":0,"status_label":"空位","data_time":"2026-05-02 15:53:29+08:00","city_label":"新北市","facility_kind_label":"路邊車格","available_rate":1,"occupancy_rate":0,"price_tier":"unknown","price_tier_label":"價格未知"}},{"type":"Feature","geometry":{"type":"Point","coordinates":[121.366969,24.935703]},"properties":{"supply_id":"new_taipei-onstreet-84696","city":"new_taipei","district":"三峽區","display_name":"文化路 車格 84696","address":"文化路","facility_kind":"onstreet","symbol_text":null,"type_reference":"路邊停車格","type_confidence":0.6,"price_raw":null,"price_value":null,"capacity_total":1,"available_total":0,"occupied_total":1,"status_label":"已停","data_time":"2026-05-02 15:53:29+08:00","city_label":"新北市","facility_kind_label":"路邊車格","available_rate":0,"occupancy_rate":1,"price_tier":"unknown","price_tier_label":"價格未知"}},{"type":"Feature","geometry":{"type":"Point","coordinates":[121.380574,24.944937]},"properties":{"supply_id":"new_taipei-onstreet-96146","city":"new_taipei","district":"三峽區","display_name":"大雅路 車格 96146","address":"大雅路","facility_kind":"onstreet","symbol_text":null,"type_reference":"路邊停車格","type_confidence":0.6,"price_raw":null,"price_value":null,"capacity_total":1,"available_total":1,"occupied_total":0,"status_label":"空位","data_time":"2026-05-02 15:53:29+08:00","city_label":"新北市","facility_kind_label":"路邊車格","available_rate":1,"occupancy_rate":0,"price_tier":"unknown","price_tier_label":"價格未知"}},{"type":"Feature","geometry":{"type":"Point","coordinates":[121.376536,24.941065]},"properties":{"supply_id":"new_taipei-onstreet-137360","city":"new_taipei","district":"三峽區","display_name":"大學路 車格 137360","address":"大學路","facility_kind":"onstreet","symbol_text":null,"type_reference":"路邊停車格","type_confidence":0.6,"price_raw":null,"price_value":null,"capacity_total":1,"available_total":1,"occupied_total":0,"status_label":"空位","data_time":"2026-05-02 15:53:29+08:00","city_label":"新北市","facility_kind_label":"路邊車格","available_rate":1,"occupancy_rate":0,"price_tier":"unknown","price_tier_label":"價格未知"}},{"type":"Feature","geometry":{"type":"Point","coordinates":[121.372132,24.933155]},"properties":{"supply_id":"new_taipei-onstreet-84213","city":"new_taipei","district":"三峽區","display_name":"安溪路 車格 84213","address":"安溪路","facility_kind":"onstreet","symbol_text":null,"type_reference":"路邊停車格","type_confidence":0.6,"price_raw":null,"price_value":null,"capacity_total":1,"available_total":0,"occupied_total":1,"status_label":"已停","data_time":"2026-05-02 15:53:29+08:00","city_label":"新北市","facility_kind_label":"路邊車格","available_rate":0,"occupancy_rate":1,"price_tier":"unknown","price_tier_label":"價格未知"}},{"type":"Feature","geometry":{"type":"Point","coordinates":[121.378333,24.9405]},"properties":{"supply_id":"new_taipei-onstreet-95301","city":"new_taipei","district":"三峽區","display_name":"三樹路 車格 95301","address":"三樹路","facility_kind":"onstreet","symbol_text":null,"type_reference":"路邊停車格","type_confidence":0.6,"price_raw":null,"price_value":null,"capacity_total":1,"available_total":0,"occupied_total":1,"status_label":"已停","data_time":"2026-05-02 15:53:29+08:00","city_label":"新北市","facility_kind_label":"路邊車格","available_rate":0,"occupancy_rate":1,"price_tier":"unknown","price_tier_label":"價格未知"}},{"type":"Feature","geometry":{"type":"Point","coordinates":[121.372099,24.933125]},"properties":{"supply_id":"new_taipei-onstreet-84212","city":"new_taipei","district":"三峽區","display_name":"安溪路 車格 84212","address":"安溪路","facility_kind":"onstreet","symbol_text":null,"type_reference":"路邊停車格","type_confidence":0.6,"price_raw":null,"price_value":null,"capacity_total":1,"available_total":0,"occupied_total":1,"status_label":"已停","data_time":"2026-05-02 15:53:29+08:00","city_label":"新北市","facility_kind_label":"路邊車格","available_rate":0,"occupancy_rate":1,"price_tier":"unknown","price_tier_label":"價格未知"}},{"type":"Feature","geometry":{"type":"Point","coordinates":[121.37696,24.944]},"properties":{"supply_id":"new_taipei-onstreet-45833","city":"new_taipei","district":"三峽區","display_name":"學成路 車格 45833","address":"學成路","facility_kind":"onstreet","symbol_text":null,"type_reference":"路邊停車格","type_confidence":0.6,"price_raw":null,"price_value":null,"capacity_total":1,"available_total":1,"occupied_total":0,"status_label":"空位","data_time":"2026-05-02 15:53:29+08:00","city_label":"新北市","facility_kind_label":"路邊車格","available_rate":1,"occupancy_rate":0,"price_tier":"unknown","price_tier_label":"價格未知"}},{"type":"Feature","geometry":{"type":"Point","coordinates":[121.380492,24.945175]},"properties":{"supply_id":"new_taipei-onstreet-83482","city":"new_taipei","district":"三峽區","display_name":"大雅路 車格 83482","address":"大雅路","facility_kind":"onstreet","symbol_text":null,"type_reference":"路邊停車格","type_confidence":0.6,"price_raw":null,"price_value":null,"capacity_total":1,"available_total":1,"occupied_total":0,"status_label":"空位","data_time":"2026-05-02 15:53:29+08:00","city_label":"新北市","facility_kind_label":"路邊車格","available_rate":1,"occupancy_rate":0,"price_tier":"unknown","price_tier_label":"價格未知"}},{"type":"Feature","geometry":{"type":"Point","coordinates":[121.380433,24.945347]},"properties":{"supply_id":"new_taipei-onstreet-63396","city":"new_taipei","district":"三峽區","display_name":"大雅路 車格 63396","address":"大雅路","facility_kind":"onstreet","symbol_text":null,"type_reference":"路邊停車格","type_confidence":0.6,"price_raw":null,"price_value":null,"capacity_total":1,"available_total":1,"occupied_total":0,"status_label":"空位","data_time":"2026-05-02 15:53:29+08:00","city_label":"新北市","facility_kind_label":"路邊車格","available_rate":1,"occupancy_rate":0,"price_tier":"unknown","price_tier_label":"價格未知"}},{"type":"Feature","geometry":{"type":"Point","coordinates":[121.378255,24.94016]},"properties":{"supply_id":"new_taipei-onstreet-123882","city":"new_taipei","district":"三峽區","display_name":"三樹路 車格 123882","address":"三樹路","facility_kind":"onstreet","symbol_text":null,"type_reference":"路邊停車格","type_confidence":0.6,"price_raw":null,"price_value":null,"capacity_total":1,"available_total":0,"occupied_total":1,"status_label":"已停","data_time":"2026-05-02 15:53:29+08:00","city_label":"新北市","facility_kind_label":"路邊車格","available_rate":0,"occupancy_rate":1,"price_tier":"unknown","price_tier_label":"價格未知"}},{"type":"Feature","geometry":{"type":"Point","coordinates":[121.380591,24.94489]},"properties":{"supply_id":"new_taipei-onstreet-96148","city":"new_taipei","district":"三峽區","display_name":"大雅路 車格 96148","address":"大雅路","facility_kind":"onstreet","symbol_text":null,"type_reference":"路邊停車格","type_confidence":0.6,"price_raw":null,"price_value":null,"capacity_total":1,"available_total":0,"occupied_total":1,"status_label":"已停","data_time":"2026-05-02 15:53:29+08:00","city_label":"新北市","facility_kind_label":"路邊車格","available_rate":0,"occupancy_rate":1,"price_tier":"unknown","price_tier_label":"價格未知"}},{"type":"Feature","geometry":{"type":"Point","coordinates":[121.370757,24.922065]},"properties":{"supply_id":"new_taipei-onstreet-159715","city":"new_taipei","district":"三峽區","display_name":"中正路一段 車格 159715","address":"中正路一段","facility_kind":"onstreet","symbol_text":null,"type_reference":"路邊停車格","type_confidence":0.6,"price_raw":null,"price_value":null,"capacity_total":1,"available_total":0,"occupied_total":1,"status_label":"已停","data_time":"2026-05-02 15:53:29+08:00","city_label":"新北市","facility_kind_label":"路邊車格","available_rate":0,"occupancy_rate":1,"price_tier":"unknown","price_tier_label":"價格未知"}},{"type":"Feature","geometry":{"type":"Point","coordinates":[121.365154,24.93552]},"properties":{"supply_id":"new_taipei-onstreet-37952","city":"new_taipei","district":"三峽區","display_name":"文化路 車格 37952","address":"文化路","facility_kind":"onstreet","symbol_text":null,"type_reference":"路邊停車格","type_confidence":0.6,"price_raw":null,"price_value":null,"capacity_total":1,"available_total":1,"occupied_total":0,"status_label":"空位","data_time":"2026-05-02 15:53:29+08:00","city_label":"新北市","facility_kind_label":"路邊車格","available_rate":1,"occupancy_rate":0,"price_tier":"unknown","price_tier_label":"價格未知"}},{"type":"Feature","geometry":{"type":"Point","coordinates":[121.378311,24.940403]},"properties":{"supply_id":"new_taipei-onstreet-95303","city":"new_taipei","district":"三峽區","display_name":"三樹路 車格 95303","address":"三樹路","facility_kind":"onstreet","symbol_text":null,"type_reference":"路邊停車格","type_confidence":0.6,"price_raw":null,"price_value":null,"capacity_total":1,"available_total":0,"occupied_total":1,"status_label":"已停","data_time":"2026-05-02 15:53:29+08:00","city_label":"新北市","facility_kind_label":"路邊車格","available_rate":0,"occupancy_rate":1,"price_tier":"unknown","price_tier_label":"價格未知"}},{"type":"Feature","geometry":{"type":"Point","coordinates":[121.372164,24.933184]},"properties":{"supply_id":"new_taipei-onstreet-84214","city":"new_taipei","district":"三峽區","display_name":"安溪路 車格 84214","address":"安溪路","facility_kind":"onstreet","symbol_text":null,"type_reference":"路邊停車格","type_confidence":0.6,"price_raw":null,"price_value":null,"capacity_total":1,"available_total":0,"occupied_total":1,"status_label":"已停","data_time":"2026-05-02 15:53:29+08:00","city_label":"新北市","facility_kind_label":"路邊車格","available_rate":0,"occupancy_rate":1,"price_tier":"unknown","price_tier_label":"價格未知"}},{"type":"Feature","geometry":{"type":"Point","coordinates":[121.378289,24.940306]},"properties":{"supply_id":"new_taipei-onstreet-95305","city":"new_taipei","district":"三峽區","display_name":"三樹路 車格 95305","address":"三樹路","facility_kind":"onstreet","symbol_text":null,"type_reference":"路邊停車格","type_confidence":0.6,"price_raw":null,"price_value":null,"capacity_total":1,"available_total":1,"occupied_total":0,"status_label":"空位","data_time":"2026-05-02 15:53:29+08:00","city_label":"新北市","facility_kind_label":"路邊車格","available_rate":1,"occupancy_rate":0,"price_tier":"unknown","price_tier_label":"價格未知"}},{"type":"Feature","geometry":{"type":"Point","coordinates":[121.372329,24.933314]},"properties":{"supply_id":"new_taipei-onstreet-51582","city":"new_taipei","district":"三峽區","display_name":"安溪路 車格 51582","address":"安溪路","facility_kind":"onstreet","symbol_text":null,"type_reference":"路邊停車格","type_confidence":0.6,"price_raw":null,"price_value":null,"capacity_total":1,"available_total":0,"occupied_total":1,"status_label":"已停","data_time":"2026-05-02 15:53:29+08:00","city_label":"新北市","facility_kind_label":"路邊車格","available_rate":0,"occupancy_rate":1,"price_tier":"unknown","price_tier_label":"價格未知"}},{"type":"Feature","geometry":{"type":"Point","coordinates":[121.3783,24.940354]},"properties":{"supply_id":"new_taipei-onstreet-95304","city":"new_taipei","district":"三峽區","display_name":"三樹路 車格 95304","address":"三樹路","facility_kind":"onstreet","symbol_text":null,"type_reference":"路邊停車格","type_confidence":0.6,"price_raw":null,"price_value":null,"capacity_total":1,"available_total":1,"occupied_total":0,"status_label":"空位","data_time":"2026-05-02 15:53:29+08:00","city_label":"新北市","facility_kind_label":"路邊車格","available_rate":1,"occupancy_rate":0,"price_tier":"unknown","price_tier_label":"價格未知"}},{"type":"Feature","geometry":{"type":"Point","coordinates":[121.380476,24.945222]},"properties":{"supply_id":"new_taipei-onstreet-96149","city":"new_taipei","district":"三峽區","display_name":"大雅路 車格 96149","address":"大雅路","facility_kind":"onstreet","symbol_text":null,"type_reference":"路邊停車格","type_confidence":0.6,"price_raw":null,"price_value":null,"capacity_total":1,"available_total":1,"occupied_total":0,"status_label":"空位","data_time":"2026-05-02 15:53:29+08:00","city_label":"新北市","facility_kind_label":"路邊車格","available_rate":1,"occupancy_rate":0,"price_tier":"unknown","price_tier_label":"價格未知"}},{"type":"Feature","geometry":{"type":"Point","coordinates":[121.378087,24.939445]},"properties":{"supply_id":"new_taipei-onstreet-136550","city":"new_taipei","district":"三峽區","display_name":"三樹路 車格 136550","address":"三樹路","facility_kind":"onstreet","symbol_text":null,"type_reference":"路邊停車格","type_confidence":0.6,"price_raw":null,"price_value":null,"capacity_total":1,"available_total":1,"occupied_total":0,"status_label":"空位","data_time":"2026-05-02 15:53:29+08:00","city_label":"新北市","facility_kind_label":"路邊車格","available_rate":1,"occupancy_rate":0,"price_tier":"unknown","price_tier_label":"價格未知"}},{"type":"Feature","geometry":{"type":"Point","coordinates":[121.37631,24.94354]},"properties":{"supply_id":"new_taipei-onstreet-5726","city":"new_taipei","district":"三峽區","display_name":"學成路 車格 5726","address":"學成路","facility_kind":"onstreet","symbol_text":null,"type_reference":"路邊停車格","type_confidence":0.6,"price_raw":null,"price_value":null,"capacity_total":1,"available_total":1,"occupied_total":0,"status_label":"空位","data_time":"2026-05-02 15:53:29+08:00","city_label":"新北市","facility_kind_label":"路邊車格","available_rate":1,"occupancy_rate":0,"price_tier":"unknown","price_tier_label":"價格未知"}},{"type":"Feature","geometry":{"type":"Point","coordinates":[121.377003,24.94403]},"properties":{"supply_id":"new_taipei-onstreet-5839","city":"new_taipei","district":"三峽區","display_name":"學成路 車格 5839","address":"學成路","facility_kind":"onstreet","symbol_text":null,"type_reference":"路邊停車格","type_confidence":0.6,"price_raw":null,"price_value":null,"capacity_total":1,"available_total":1,"occupied_total":0,"status_label":"空位","data_time":"2026-05-02 15:53:29+08:00","city_label":"新北市","facility_kind_label":"路邊車格","available_rate":1,"occupancy_rate":0,"price_tier":"unknown","price_tier_label":"價格未知"}},{"type":"Feature","geometry":{"type":"Point","coordinates":[121.375806,24.94208]},"properties":{"supply_id":"new_taipei-onstreet-65774","city":"new_taipei","district":"三峽區","display_name":"大學路 車格 65774","address":"大學路","facility_kind":"onstreet","symbol_text":null,"type_reference":"路邊停車格","type_confidence":0.6,"price_raw":null,"price_value":null,"capacity_total":1,"available_total":1,"occupied_total":0,"status_label":"空位","data_time":"2026-05-02 15:53:29+08:00","city_label":"新北市","facility_kind_label":"路邊車格","available_rate":1,"occupancy_rate":0,"price_tier":"unknown","price_tier_label":"價格未知"}},{"type":"Feature","geometry":{"type":"Point","coordinates":[121.367533,24.93576]},"properties":{"supply_id":"new_taipei-onstreet-82990","city":"new_taipei","district":"三峽區","display_name":"文化路 車格 82990","address":"文化路","facility_kind":"onstreet","symbol_text":null,"type_reference":"路邊停車格","type_confidence":0.6,"price_raw":null,"price_value":null,"capacity_total":1,"available_total":0,"occupied_total":1,"status_label":"已停","data_time":"2026-05-02 15:53:29+08:00","city_label":"新北市","facility_kind_label":"路邊車格","available_rate":0,"occupancy_rate":1,"price_tier":"unknown","price_tier_label":"價格未知"}},{"type":"Feature","geometry":{"type":"Point","coordinates":[121.372403,24.936063]},"properties":{"supply_id":"new_taipei-onstreet-87528","city":"new_taipei","district":"三峽區","display_name":"文化路 車格 87528","address":"文化路","facility_kind":"onstreet","symbol_text":null,"type_reference":"路邊停車格","type_confidence":0.6,"price_raw":null,"price_value":null,"capacity_total":1,"available_total":1,"occupied_total":0,"status_label":"空位","data_time":"2026-05-02 15:53:29+08:00","city_label":"新北市","facility_kind_label":"路邊車格","available_rate":1,"occupancy_rate":0,"price_tier":"unknown","price_tier_label":"價格未知"}},{"type":"Feature","geometry":{"type":"Point","coordinates":[121.378267,24.940209]},"properties":{"supply_id":"new_taipei-onstreet-123881","city":"new_taipei","district":"三峽區","display_name":"三樹路 車格 123881","address":"三樹路","facility_kind":"onstreet","symbol_text":null,"type_reference":"路邊停車格","type_confidence":0.6,"price_raw":null,"price_value":null,"capacity_total":1,"available_total":0,"occupied_total":1,"status_label":"已停","data_time":"2026-05-02 15:53:29+08:00","city_label":"新北市","facility_kind_label":"路邊車格","available_rate":0,"occupancy_rate":1,"price_tier":"unknown","price_tier_label":"價格未知"}},{"type":"Feature","geometry":{"type":"Point","coordinates":[121.376453,24.943646]},"properties":{"supply_id":"new_taipei-onstreet-5866","city":"new_taipei","district":"三峽區","display_name":"學成路 車格 5866","address":"學成路","facility_kind":"onstreet","symbol_text":null,"type_reference":"路邊停車格","type_confidence":0.6,"price_raw":null,"price_value":null,"capacity_total":1,"available_total":0,"occupied_total":1,"status_label":"已停","data_time":"2026-05-02 15:53:29+08:00","city_label":"新北市","facility_kind_label":"路邊車格","available_rate":0,"occupancy_rate":1,"price_tier":"unknown","price_tier_label":"價格未知"}},{"type":"Feature","geometry":{"type":"Point","coordinates":[121.376147,24.94158]},"properties":{"supply_id":"new_taipei-onstreet-14732","city":"new_taipei","district":"三峽區","display_name":"大學路 車格 14732","address":"大學路","facility_kind":"onstreet","symbol_text":null,"type_reference":"路邊停車格","type_confidence":0.6,"price_raw":null,"price_value":null,"capacity_total":1,"available_total":1,"occupied_total":0,"status_label":"空位","data_time":"2026-05-02 15:53:29+08:00","city_label":"新北市","facility_kind_label":"路邊車格","available_rate":1,"occupancy_rate":0,"price_tier":"unknown","price_tier_label":"價格未知"}},{"type":"Feature","geometry":{"type":"Point","coordinates":[121.377876,24.938643]},"properties":{"supply_id":"new_taipei-onstreet-159849","city":"new_taipei","district":"三峽區","display_name":"三樹路 車格 159849","address":"三樹路","facility_kind":"onstreet","symbol_text":null,"type_reference":"路邊停車格","type_confidence":0.6,"price_raw":null,"price_value":null,"capacity_total":1,"available_total":1,"occupied_total":0,"status_label":"空位","data_time":"2026-05-02 15:53:29+08:00","city_label":"新北市","facility_kind_label":"路邊車格","available_rate":1,"occupancy_rate":0,"price_tier":"unknown","price_tier_label":"價格未知"}},{"type":"Feature","geometry":{"type":"Point","coordinates":[121.376916,24.943971]},"properties":{"supply_id":"new_taipei-onstreet-45834","city":"new_taipei","district":"三峽區","display_name":"學成路 車格 45834","address":"學成路","facility_kind":"onstreet","symbol_text":null,"type_reference":"路邊停車格","type_confidence":0.6,"price_raw":null,"price_value":null,"capacity_total":1,"available_total":1,"occupied_total":0,"status_label":"空位","data_time":"2026-05-02 15:53:29+08:00","city_label":"新北市","facility_kind_label":"路邊車格","available_rate":1,"occupancy_rate":0,"price_tier":"unknown","price_tier_label":"價格未知"}},{"type":"Feature","geometry":{"type":"Point","coordinates":[121.367477,24.935754]},"properties":{"supply_id":"new_taipei-onstreet-93493","city":"new_taipei","district":"三峽區","display_name":"文化路 車格 93493","address":"文化路","facility_kind":"onstreet","symbol_text":null,"type_reference":"路邊停車格","type_confidence":0.6,"price_raw":null,"price_value":null,"capacity_total":1,"available_total":0,"occupied_total":1,"status_label":"已停","data_time":"2026-05-02 15:53:29+08:00","city_label":"新北市","facility_kind_label":"路邊車格","available_rate":0,"occupancy_rate":1,"price_tier":"unknown","price_tier_label":"價格未知"}},{"type":"Feature","geometry":{"type":"Point","coordinates":[121.378098,24.939494]},"properties":{"supply_id":"new_taipei-onstreet-136549","city":"new_taipei","district":"三峽區","display_name":"三樹路 車格 136549","address":"三樹路","facility_kind":"onstreet","symbol_text":null,"type_reference":"路邊停車格","type_confidence":0.6,"price_raw":null,"price_value":null,"capacity_total":1,"available_total":1,"occupied_total":0,"status_label":"空位","data_time":"2026-05-02 15:53:29+08:00","city_label":"新北市","facility_kind_label":"路邊車格","available_rate":1,"occupancy_rate":0,"price_tier":"unknown","price_tier_label":"價格未知"}},{"type":"Feature","geometry":{"type":"Point","coordinates":[121.37641,24.943615]},"properties":{"supply_id":"new_taipei-onstreet-5814","city":"new_taipei","district":"三峽區","display_name":"學成路 車格 5814","address":"學成路","facility_kind":"onstreet","symbol_text":null,"type_reference":"路邊停車格","type_confidence":0.6,"price_raw":null,"price_value":null,"capacity_total":1,"available_total":1,"occupied_total":0,"status_label":"空位","data_time":"2026-05-02 15:53:29+08:00","city_label":"新北市","facility_kind_label":"路邊車格","available_rate":1,"occupancy_rate":0,"price_tier":"unknown","price_tier_label":"價格未知"}},{"type":"Feature","geometry":{"type":"Point","coordinates":[121.376268,24.943509]},"properties":{"supply_id":"new_taipei-onstreet-5872","city":"new_taipei","district":"三峽區","display_name":"學成路 車格 5872","address":"學成路","facility_kind":"onstreet","symbol_text":null,"type_reference":"路邊停車格","type_confidence":0.6,"price_raw":null,"price_value":null,"capacity_total":1,"available_total":1,"occupied_total":0,"status_label":"空位","data_time":"2026-05-02 15:53:29+08:00","city_label":"新北市","facility_kind_label":"路邊車格","available_rate":1,"occupancy_rate":0,"price_tier":"unknown","price_tier_label":"價格未知"}},{"type":"Feature","geometry":{"type":"Point","coordinates":[121.376086,24.941661]},"properties":{"supply_id":"new_taipei-onstreet-14729","city":"new_taipei","district":"三峽區","display_name":"大學路 車格 14729","address":"大學路","facility_kind":"onstreet","symbol_text":null,"type_reference":"路邊停車格","type_confidence":0.6,"price_raw":null,"price_value":null,"capacity_total":1,"available_total":1,"occupied_total":0,"status_label":"空位","data_time":"2026-05-02 15:53:29+08:00","city_label":"新北市","facility_kind_label":"路邊車格","available_rate":1,"occupancy_rate":0,"price_tier":"unknown","price_tier_label":"價格未知"}},{"type":"Feature","geometry":{"type":"Point","coordinates":[121.376116,24.94162]},"properties":{"supply_id":"new_taipei-onstreet-14730","city":"new_taipei","district":"三峽區","display_name":"大學路 車格 14730","address":"大學路","facility_kind":"onstreet","symbol_text":null,"type_reference":"路邊停車格","type_confidence":0.6,"price_raw":null,"price_value":null,"capacity_total":1,"available_total":1,"occupied_total":0,"status_label":"空位","data_time":"2026-05-02 15:53:29+08:00","city_label":"新北市","facility_kind_label":"路邊車格","available_rate":1,"occupancy_rate":0,"price_tier":"unknown","price_tier_label":"價格未知"}},{"type":"Feature","geometry":{"type":"Point","coordinates":[121.378064,24.939348]},"properties":{"supply_id":"new_taipei-onstreet-136551","city":"new_taipei","district":"三峽區","display_name":"三樹路 車格 136551","address":"三樹路","facility_kind":"onstreet","symbol_text":null,"type_reference":"路邊停車格","type_confidence":0.6,"price_raw":null,"price_value":null,"capacity_total":1,"available_total":0,"occupied_total":1,"status_label":"已停","data_time":"2026-05-02 15:53:29+08:00","city_label":"新北市","facility_kind_label":"路邊車格","available_rate":0,"occupancy_rate":1,"price_tier":"unknown","price_tier_label":"價格未知"}},{"type":"Feature","geometry":{"type":"Point","coordinates":[121.376226,24.943477]},"properties":{"supply_id":"new_taipei-onstreet-5815","city":"new_taipei","district":"三峽區","display_name":"學成路 車格 5815","address":"學成路","facility_kind":"onstreet","symbol_text":null,"type_reference":"路邊停車格","type_confidence":0.6,"price_raw":null,"price_value":null,"capacity_total":1,"available_total":1,"occupied_total":0,"status_label":"空位","data_time":"2026-05-02 15:53:29+08:00","city_label":"新北市","facility_kind_label":"路邊車格","available_rate":1,"occupancy_rate":0,"price_tier":"unknown","price_tier_label":"價格未知"}},{"type":"Feature","geometry":{"type":"Point","coordinates":[121.378278,24.940257]},"properties":{"supply_id":"new_taipei-onstreet-95284","city":"new_taipei","district":"三峽區","display_name":"三樹路 車格 95284","address":"三樹路","facility_kind":"onstreet","symbol_text":null,"type_reference":"路邊停車格","type_confidence":0.6,"price_raw":null,"price_value":null,"capacity_total":1,"available_total":1,"occupied_total":0,"status_label":"空位","data_time":"2026-05-02 15:53:29+08:00","city_label":"新北市","facility_kind_label":"路邊車格","available_rate":1,"occupancy_rate":0,"price_tier":"unknown","price_tier_label":"價格未知"}},{"type":"Feature","geometry":{"type":"Point","coordinates":[121.372365,24.93334]},"properties":{"supply_id":"new_taipei-onstreet-73663","city":"new_taipei","district":"三峽區","display_name":"安溪路 車格 73663","address":"安溪路","facility_kind":"onstreet","symbol_text":null,"type_reference":"路邊停車格","type_confidence":0.6,"price_raw":null,"price_value":null,"capacity_total":1,"available_total":0,"occupied_total":1,"status_label":"已停","data_time":"2026-05-02 15:53:29+08:00","city_label":"新北市","facility_kind_label":"路邊車格","available_rate":0,"occupancy_rate":1,"price_tier":"unknown","price_tier_label":"價格未知"}},{"type":"Feature","geometry":{"type":"Point","coordinates":[121.377812,24.9385]},"properties":{"supply_id":"new_taipei-onstreet-159846","city":"new_taipei","district":"三峽區","display_name":"三樹路 車格 159846","address":"三樹路","facility_kind":"onstreet","symbol_text":null,"type_reference":"路邊停車格","type_confidence":0.6,"price_raw":null,"price_value":null,"capacity_total":1,"available_total":0,"occupied_total":1,"status_label":"已停","data_time":"2026-05-02 15:53:29+08:00","city_label":"新北市","facility_kind_label":"路邊車格","available_rate":0,"occupancy_rate":1,"price_tier":"unknown","price_tier_label":"價格未知"}},{"type":"Feature","geometry":{"type":"Point","coordinates":[121.378075,24.939397]},"properties":{"supply_id":"new_taipei-onstreet-136552","city":"new_taipei","district":"三峽區","display_name":"三樹路 車格 136552","address":"三樹路","facility_kind":"onstreet","symbol_text":null,"type_reference":"路邊停車格","type_confidence":0.6,"price_raw":null,"price_value":null,"capacity_total":1,"available_total":0,"occupied_total":1,"status_label":"已停","data_time":"2026-05-02 15:53:29+08:00","city_label":"新北市","facility_kind_label":"路邊車格","available_rate":0,"occupancy_rate":1,"price_tier":"unknown","price_tier_label":"價格未知"}},{"type":"Feature","geometry":{"type":"Point","coordinates":[121.376178,24.941539]},"properties":{"supply_id":"new_taipei-onstreet-14731","city":"new_taipei","district":"三峽區","display_name":"大學路 車格 14731","address":"大學路","facility_kind":"onstreet","symbol_text":null,"type_reference":"路邊停車格","type_confidence":0.6,"price_raw":null,"price_value":null,"capacity_total":1,"available_total":1,"occupied_total":0,"status_label":"空位","data_time":"2026-05-02 15:53:29+08:00","city_label":"新北市","facility_kind_label":"路邊車格","available_rate":1,"occupancy_rate":0,"price_tier":"unknown","price_tier_label":"價格未知"}},{"type":"Feature","geometry":{"type":"Point","coordinates":[121.376347,24.941314]},"properties":{"supply_id":"new_taipei-onstreet-62036","city":"new_taipei","district":"三峽區","display_name":"大學路 車格 62036","address":"大學路","facility_kind":"onstreet","symbol_text":null,"type_reference":"路邊停車格","type_confidence":0.6,"price_raw":null,"price_value":null,"capacity_total":1,"available_total":1,"occupied_total":0,"status_label":"空位","data_time":"2026-05-02 15:53:29+08:00","city_label":"新北市","facility_kind_label":"路邊車格","available_rate":1,"occupancy_rate":0,"price_tier":"unknown","price_tier_label":"價格未知"}},{"type":"Feature","geometry":{"type":"Point","coordinates":[121.377789,24.938455]},"properties":{"supply_id":"new_taipei-onstreet-159845","city":"new_taipei","district":"三峽區","display_name":"三樹路 車格 159845","address":"三樹路","facility_kind":"onstreet","symbol_text":null,"type_reference":"路邊停車格","type_confidence":0.6,"price_raw":null,"price_value":null,"capacity_total":1,"available_total":0,"occupied_total":1,"status_label":"已停","data_time":"2026-05-02 15:53:29+08:00","city_label":"新北市","facility_kind_label":"路邊車格","available_rate":0,"occupancy_rate":1,"price_tier":"unknown","price_tier_label":"價格未知"}},{"type":"Feature","geometry":{"type":"Point","coordinates":[121.367583,24.935765]},"properties":{"supply_id":"new_taipei-onstreet-104999","city":"new_taipei","district":"三峽區","display_name":"文化路 車格 104999","address":"文化路","facility_kind":"onstreet","symbol_text":null,"type_reference":"路邊停車格","type_confidence":0.6,"price_raw":null,"price_value":null,"capacity_total":1,"available_total":0,"occupied_total":1,"status_label":"已停","data_time":"2026-05-02 15:53:29+08:00","city_label":"新北市","facility_kind_label":"路邊車格","available_rate":0,"occupancy_rate":1,"price_tier":"unknown","price_tier_label":"價格未知"}},{"type":"Feature","geometry":{"type":"Point","coordinates":[121.37782,24.939896]},"properties":{"supply_id":"new_taipei-onstreet-90306","city":"new_taipei","district":"三峽區","display_name":"大學路 車格 90306","address":"大學路","facility_kind":"onstreet","symbol_text":null,"type_reference":"路邊停車格","type_confidence":0.6,"price_raw":null,"price_value":null,"capacity_total":1,"available_total":1,"occupied_total":0,"status_label":"空位","data_time":"2026-05-02 15:53:29+08:00","city_label":"新北市","facility_kind_label":"路邊車格","available_rate":1,"occupancy_rate":0,"price_tier":"unknown","price_tier_label":"價格未知"}},{"type":"Feature","geometry":{"type":"Point","coordinates":[121.37774,24.938361]},"properties":{"supply_id":"new_taipei-onstreet-159843","city":"new_taipei","district":"三峽區","display_name":"三樹路 車格 159843","address":"三樹路","facility_kind":"onstreet","symbol_text":null,"type_reference":"路邊停車格","type_confidence":0.6,"price_raw":null,"price_value":null,"capacity_total":1,"available_total":1,"occupied_total":0,"status_label":"空位","data_time":"2026-05-02 15:53:29+08:00","city_label":"新北市","facility_kind_label":"路邊車格","available_rate":1,"occupancy_rate":0,"price_tier":"unknown","price_tier_label":"價格未知"}},{"type":"Feature","geometry":{"type":"Point","coordinates":[121.375133,24.942527]},"properties":{"supply_id":"new_taipei-onstreet-154814","city":"new_taipei","district":"三峽區","display_name":"學成路 車格 154814","address":"學成路","facility_kind":"onstreet","symbol_text":null,"type_reference":"路邊停車格","type_confidence":0.6,"price_raw":null,"price_value":null,"capacity_total":1,"available_total":1,"occupied_total":0,"status_label":"空位","data_time":"2026-05-02 15:53:29+08:00","city_label":"新北市","facility_kind_label":"路邊車格","available_rate":1,"occupancy_rate":0,"price_tier":"unknown","price_tier_label":"價格未知"}},{"type":"Feature","geometry":{"type":"Point","coordinates":[121.377896,24.93869]},"properties":{"supply_id":"new_taipei-onstreet-159850","city":"new_taipei","district":"三峽區","display_name":"三樹路 車格 159850","address":"三樹路","facility_kind":"onstreet","symbol_text":null,"type_reference":"路邊停車格","type_confidence":0.6,"price_raw":null,"price_value":null,"capacity_total":1,"available_total":1,"occupied_total":0,"status_label":"空位","data_time":"2026-05-02 15:53:29+08:00","city_label":"新北市","facility_kind_label":"路邊車格","available_rate":1,"occupancy_rate":0,"price_tier":"unknown","price_tier_label":"價格未知"}},{"type":"Feature","geometry":{"type":"Point","coordinates":[121.377575,24.940002]},"properties":{"supply_id":"new_taipei-onstreet-130798","city":"new_taipei","district":"三峽區","display_name":"大學路 車格 130798","address":"大學路","facility_kind":"onstreet","symbol_text":null,"type_reference":"路邊停車格","type_confidence":0.6,"price_raw":null,"price_value":null,"capacity_total":1,"available_total":1,"occupied_total":0,"status_label":"空位","data_time":"2026-05-02 15:53:29+08:00","city_label":"新北市","facility_kind_label":"路邊車格","available_rate":1,"occupancy_rate":0,"price_tier":"unknown","price_tier_label":"價格未知"}},{"type":"Feature","geometry":{"type":"Point","coordinates":[121.377836,24.938551]},"properties":{"supply_id":"new_taipei-onstreet-159847","city":"new_taipei","district":"三峽區","display_name":"三樹路 車格 159847","address":"三樹路","facility_kind":"onstreet","symbol_text":null,"type_reference":"路邊停車格","type_confidence":0.6,"price_raw":null,"price_value":null,"capacity_total":1,"available_total":0,"occupied_total":1,"status_label":"已停","data_time":"2026-05-02 15:53:29+08:00","city_label":"新北市","facility_kind_label":"路邊車格","available_rate":0,"occupancy_rate":1,"price_tier":"unknown","price_tier_label":"價格未知"}},{"type":"Feature","geometry":{"type":"Point","coordinates":[121.377856,24.938597]},"properties":{"supply_id":"new_taipei-onstreet-159848","city":"new_taipei","district":"三峽區","display_name":"三樹路 車格 159848","address":"三樹路","facility_kind":"onstreet","symbol_text":null,"type_reference":"路邊停車格","type_confidence":0.6,"price_raw":null,"price_value":null,"capacity_total":1,"available_total":0,"occupied_total":1,"status_label":"已停","data_time":"2026-05-02 15:53:29+08:00","city_label":"新北市","facility_kind_label":"路邊車格","available_rate":0,"occupancy_rate":1,"price_tier":"unknown","price_tier_label":"價格未知"}},{"type":"Feature","geometry":{"type":"Point","coordinates":[121.377622,24.939978]},"properties":{"supply_id":"new_taipei-onstreet-83505","city":"new_taipei","district":"三峽區","display_name":"大學路 車格 83505","address":"大學路","facility_kind":"onstreet","symbol_text":null,"type_reference":"路邊停車格","type_confidence":0.6,"price_raw":null,"price_value":null,"capacity_total":1,"available_total":1,"occupied_total":0,"status_label":"空位","data_time":"2026-05-02 15:53:29+08:00","city_label":"新北市","facility_kind_label":"路邊車格","available_rate":1,"occupancy_rate":0,"price_tier":"unknown","price_tier_label":"價格未知"}},{"type":"Feature","geometry":{"type":"Point","coordinates":[121.37777,24.939915]},"properties":{"supply_id":"new_taipei-onstreet-95345","city":"new_taipei","district":"三峽區","display_name":"大學路 車格 95345","address":"大學路","facility_kind":"onstreet","symbol_text":null,"type_reference":"路邊停車格","type_confidence":0.6,"price_raw":null,"price_value":null,"capacity_total":1,"available_total":1,"occupied_total":0,"status_label":"空位","data_time":"2026-05-02 15:53:29+08:00","city_label":"新北市","facility_kind_label":"路邊車格","available_rate":1,"occupancy_rate":0,"price_tier":"unknown","price_tier_label":"價格未知"}},{"type":"Feature","geometry":{"type":"Point","coordinates":[121.378053,24.939299]},"properties":{"supply_id":"new_taipei-onstreet-136553","city":"new_taipei","district":"三峽區","display_name":"三樹路 車格 136553","address":"三樹路","facility_kind":"onstreet","symbol_text":null,"type_reference":"路邊停車格","type_confidence":0.6,"price_raw":null,"price_value":null,"capacity_total":1,"available_total":1,"occupied_total":0,"status_label":"空位","data_time":"2026-05-02 15:53:29+08:00","city_label":"新北市","facility_kind_label":"路邊車格","available_rate":1,"occupancy_rate":0,"price_tier":"unknown","price_tier_label":"價格未知"}},{"type":"Feature","geometry":{"type":"Point","coordinates":[121.377716,24.938316]},"properties":{"supply_id":"new_taipei-onstreet-159842","city":"new_taipei","district":"三峽區","display_name":"三樹路 車格 159842","address":"三樹路","facility_kind":"onstreet","symbol_text":null,"type_reference":"路邊停車格","type_confidence":0.6,"price_raw":null,"price_value":null,"capacity_total":1,"available_total":1,"occupied_total":0,"status_label":"空位","data_time":"2026-05-02 15:53:29+08:00","city_label":"新北市","facility_kind_label":"路邊車格","available_rate":1,"occupancy_rate":0,"price_tier":"unknown","price_tier_label":"價格未知"}},{"type":"Feature","geometry":{"type":"Point","coordinates":[121.375061,24.942452]},"properties":{"supply_id":"new_taipei-onstreet-154812","city":"new_taipei","district":"三峽區","display_name":"學成路 車格 154812","address":"學成路","facility_kind":"onstreet","symbol_text":null,"type_reference":"路邊停車格","type_confidence":0.6,"price_raw":null,"price_value":null,"capacity_total":1,"available_total":1,"occupied_total":0,"status_label":"空位","data_time":"2026-05-02 15:53:29+08:00","city_label":"新北市","facility_kind_label":"路邊車格","available_rate":1,"occupancy_rate":0,"price_tier":"unknown","price_tier_label":"價格未知"}},{"type":"Feature","geometry":{"type":"Point","coordinates":[121.374596,24.946163]},"properties":{"supply_id":"new_taipei-onstreet-154688","city":"new_taipei","district":"三峽區","display_name":"學勤路 車格 154688","address":"學勤路","facility_kind":"onstreet","symbol_text":null,"type_reference":"路邊停車格","type_confidence":0.6,"price_raw":null,"price_value":null,"capacity_total":1,"available_total":1,"occupied_total":0,"status_label":"空位","data_time":"2026-05-02 15:53:29+08:00","city_label":"新北市","facility_kind_label":"路邊車格","available_rate":1,"occupancy_rate":0,"price_tier":"unknown","price_tier_label":"價格未知"}},{"type":"Feature","geometry":{"type":"Point","coordinates":[121.377765,24.93841]},"properties":{"supply_id":"new_taipei-onstreet-159844","city":"new_taipei","district":"三峽區","display_name":"三樹路 車格 159844","address":"三樹路","facility_kind":"onstreet","symbol_text":null,"type_reference":"路邊停車格","type_confidence":0.6,"price_raw":null,"price_value":null,"capacity_total":1,"available_total":1,"occupied_total":0,"status_label":"空位","data_time":"2026-05-02 15:53:29+08:00","city_label":"新北市","facility_kind_label":"路邊車格","available_rate":1,"occupancy_rate":0,"price_tier":"unknown","price_tier_label":"價格未知"}},{"type":"Feature","geometry":{"type":"Point","coordinates":[121.375097,24.94249]},"properties":{"supply_id":"new_taipei-onstreet-154813","city":"new_taipei","district":"三峽區","display_name":"學成路 車格 154813","address":"學成路","facility_kind":"onstreet","symbol_text":null,"type_reference":"路邊停車格","type_confidence":0.6,"price_raw":null,"price_value":null,"capacity_total":1,"available_total":1,"occupied_total":0,"status_label":"空位","data_time":"2026-05-02 15:53:29+08:00","city_label":"新北市","facility_kind_label":"路邊車格","available_rate":1,"occupancy_rate":0,"price_tier":"unknown","price_tier_label":"價格未知"}},{"type":"Feature","geometry":{"type":"Point","coordinates":[121.374989,24.942377]},"properties":{"supply_id":"new_taipei-onstreet-12712","city":"new_taipei","district":"三峽區","display_name":"學成路 車格 12712","address":"學成路","facility_kind":"onstreet","symbol_text":null,"type_reference":"路邊停車格","type_confidence":0.6,"price_raw":null,"price_value":null,"capacity_total":1,"available_total":0,"occupied_total":1,"status_label":"已停","data_time":"2026-05-02 15:53:29+08:00","city_label":"新北市","facility_kind_label":"路邊車格","available_rate":0,"occupancy_rate":1,"price_tier":"unknown","price_tier_label":"價格未知"}},{"type":"Feature","geometry":{"type":"Point","coordinates":[121.375025,24.942415]},"properties":{"supply_id":"new_taipei-onstreet-154811","city":"new_taipei","district":"三峽區","display_name":"學成路 車格 154811","address":"學成路","facility_kind":"onstreet","symbol_text":null,"type_reference":"路邊停車格","type_confidence":0.6,"price_raw":null,"price_value":null,"capacity_total":1,"available_total":1,"occupied_total":0,"status_label":"空位","data_time":"2026-05-02 15:53:29+08:00","city_label":"新北市","facility_kind_label":"路邊車格","available_rate":1,"occupancy_rate":0,"price_tier":"unknown","price_tier_label":"價格未知"}},{"type":"Feature","geometry":{"type":"Point","coordinates":[121.374017,24.945862]},"properties":{"supply_id":"new_taipei-onstreet-54713","city":"new_taipei","district":"三峽區","display_name":"學勤路 車格 54713","address":"學勤路","facility_kind":"onstreet","symbol_text":null,"type_reference":"路邊停車格","type_confidence":0.6,"price_raw":null,"price_value":null,"capacity_total":1,"available_total":1,"occupied_total":0,"status_label":"空位","data_time":"2026-05-02 15:53:29+08:00","city_label":"新北市","facility_kind_label":"路邊車格","available_rate":1,"occupancy_rate":0,"price_tier":"unknown","price_tier_label":"價格未知"}},{"type":"Feature","geometry":{"type":"Point","coordinates":[121.374635,24.942006]},"properties":{"supply_id":"new_taipei-onstreet-5663","city":"new_taipei","district":"三峽區","display_name":"學成路 車格 5663","address":"學成路","facility_kind":"onstreet","symbol_text":null,"type_reference":"路邊停車格","type_confidence":0.6,"price_raw":null,"price_value":null,"capacity_total":1,"available_total":1,"occupied_total":0,"status_label":"空位","data_time":"2026-05-02 15:53:29+08:00","city_label":"新北市","facility_kind_label":"路邊車格","available_rate":1,"occupancy_rate":0,"price_tier":"unknown","price_tier_label":"價格未知"}},{"type":"Feature","geometry":{"type":"Point","coordinates":[121.3746,24.941968]},"properties":{"supply_id":"new_taipei-onstreet-5664","city":"new_taipei","district":"三峽區","display_name":"學成路 車格 5664","address":"學成路","facility_kind":"onstreet","symbol_text":null,"type_reference":"路邊停車格","type_confidence":0.6,"price_raw":null,"price_value":null,"capacity_total":1,"available_total":1,"occupied_total":0,"status_label":"空位","data_time":"2026-05-02 15:53:29+08:00","city_label":"新北市","facility_kind_label":"路邊車格","available_rate":1,"occupancy_rate":0,"price_tier":"unknown","price_tier_label":"價格未知"}},{"type":"Feature","geometry":{"type":"Point","coordinates":[121.374064,24.945887]},"properties":{"supply_id":"new_taipei-onstreet-35392","city":"new_taipei","district":"三峽區","display_name":"學勤路 車格 35392","address":"學勤路","facility_kind":"onstreet","symbol_text":null,"type_reference":"路邊停車格","type_confidence":0.6,"price_raw":null,"price_value":null,"capacity_total":1,"available_total":1,"occupied_total":0,"status_label":"空位","data_time":"2026-05-02 15:53:29+08:00","city_label":"新北市","facility_kind_label":"路邊車格","available_rate":1,"occupancy_rate":0,"price_tier":"unknown","price_tier_label":"價格未知"}},{"type":"Feature","geometry":{"type":"Point","coordinates":[121.374953,24.94234]},"properties":{"supply_id":"new_taipei-onstreet-8154","city":"new_taipei","district":"三峽區","display_name":"學成路 車格 8154","address":"學成路","facility_kind":"onstreet","symbol_text":null,"type_reference":"路邊停車格","type_confidence":0.6,"price_raw":null,"price_value":null,"capacity_total":1,"available_total":1,"occupied_total":0,"status_label":"空位","data_time":"2026-05-02 15:53:29+08:00","city_label":"新北市","facility_kind_label":"路邊車格","available_rate":1,"occupancy_rate":0,"price_tier":"unknown","price_tier_label":"價格未知"}},{"type":"Feature","geometry":{"type":"Point","coordinates":[121.374741,24.942119]},"properties":{"supply_id":"new_taipei-onstreet-5660","city":"new_taipei","district":"三峽區","display_name":"學成路 車格 5660","address":"學成路","facility_kind":"onstreet","symbol_text":null,"type_reference":"路邊停車格","type_confidence":0.6,"price_raw":null,"price_value":null,"capacity_total":1,"available_total":1,"occupied_total":0,"status_label":"空位","data_time":"2026-05-02 15:53:29+08:00","city_label":"新北市","facility_kind_label":"路邊車格","available_rate":1,"occupancy_rate":0,"price_tier":"unknown","price_tier_label":"價格未知"}},{"type":"Feature","geometry":{"type":"Point","coordinates":[121.374706,24.942082]},"properties":{"supply_id":"new_taipei-onstreet-5744","city":"new_taipei","district":"三峽區","display_name":"學成路 車格 5744","address":"學成路","facility_kind":"onstreet","symbol_text":null,"type_reference":"路邊停車格","type_confidence":0.6,"price_raw":null,"price_value":null,"capacity_total":1,"available_total":1,"occupied_total":0,"status_label":"空位","data_time":"2026-05-02 15:53:29+08:00","city_label":"新北市","facility_kind_label":"路邊車格","available_rate":1,"occupancy_rate":0,"price_tier":"unknown","price_tier_label":"價格未知"}},{"type":"Feature","geometry":{"type":"Point","coordinates":[121.3737,24.945691]},"properties":{"supply_id":"new_taipei-onstreet-86996","city":"new_taipei","district":"三峽區","display_name":"學勤路 車格 86996","address":"學勤路","facility_kind":"onstreet","symbol_text":null,"type_reference":"路邊停車格","type_confidence":0.6,"price_raw":null,"price_value":null,"capacity_total":1,"available_total":1,"occupied_total":0,"status_label":"空位","data_time":"2026-05-02 15:53:29+08:00","city_label":"新北市","facility_kind_label":"路邊車格","available_rate":1,"occupancy_rate":0,"price_tier":"unknown","price_tier_label":"價格未知"}},{"type":"Feature","geometry":{"type":"Point","coordinates":[121.373654,24.945664]},"properties":{"supply_id":"new_taipei-onstreet-61514","city":"new_taipei","district":"三峽區","display_name":"學勤路 車格 61514","address":"學勤路","facility_kind":"onstreet","symbol_text":null,"type_reference":"路邊停車格","type_confidence":0.6,"price_raw":null,"price_value":null,"capacity_total":1,"available_total":1,"occupied_total":0,"status_label":"空位","data_time":"2026-05-02 15:53:29+08:00","city_label":"新北市","facility_kind_label":"路邊車格","available_rate":1,"occupancy_rate":0,"price_tier":"unknown","price_tier_label":"價格未知"}},{"type":"Feature","geometry":{"type":"Point","coordinates":[121.373608,24.945638]},"properties":{"supply_id":"new_taipei-onstreet-54473","city":"new_taipei","district":"三峽區","display_name":"學勤路 車格 54473","address":"學勤路","facility_kind":"onstreet","symbol_text":null,"type_reference":"路邊停車格","type_confidence":0.6,"price_raw":null,"price_value":null,"capacity_total":1,"available_total":1,"occupied_total":0,"status_label":"空位","data_time":"2026-05-02 15:53:29+08:00","city_label":"新北市","facility_kind_label":"路邊車格","available_rate":1,"occupancy_rate":0,"price_tier":"unknown","price_tier_label":"價格未知"}},{"type":"Feature","geometry":{"type":"Point","coordinates":[121.3737,24.945503]},"properties":{"supply_id":"new_taipei-onstreet-57300","city":"new_taipei","district":"三峽區","display_name":"學勤路 車格 57300","address":"學勤路","facility_kind":"onstreet","symbol_text":null,"type_reference":"路邊停車格","type_confidence":0.6,"price_raw":null,"price_value":null,"capacity_total":1,"available_total":1,"occupied_total":0,"status_label":"空位","data_time":"2026-05-02 15:53:29+08:00","city_label":"新北市","facility_kind_label":"路邊車格","available_rate":1,"occupancy_rate":0,"price_tier":"unknown","price_tier_label":"價格未知"}},{"type":"Feature","geometry":{"type":"Point","coordinates":[121.374529,24.941893]},"properties":{"supply_id":"new_taipei-onstreet-125558","city":"new_taipei","district":"三峽區","display_name":"學成路 車格 125558","address":"學成路","facility_kind":"onstreet","symbol_text":null,"type_reference":"路邊停車格","type_confidence":0.6,"price_raw":null,"price_value":null,"capacity_total":1,"available_total":0,"occupied_total":1,"status_label":"已停","data_time":"2026-05-02 15:53:29+08:00","city_label":"新北市","facility_kind_label":"路邊車格","available_rate":0,"occupancy_rate":1,"price_tier":"unknown","price_tier_label":"價格未知"}},{"type":"Feature","geometry":{"type":"Point","coordinates":[121.373746,24.945529]},"properties":{"supply_id":"new_taipei-onstreet-88940","city":"new_taipei","district":"三峽區","display_name":"學勤路 車格 88940","address":"學勤路","facility_kind":"onstreet","symbol_text":null,"type_reference":"路邊停車格","type_confidence":0.6,"price_raw":null,"price_value":null,"capacity_total":1,"available_total":1,"occupied_total":0,"status_label":"空位","data_time":"2026-05-02 15:53:29+08:00","city_label":"新北市","facility_kind_label":"路邊車格","available_rate":1,"occupancy_rate":0,"price_tier":"unknown","price_tier_label":"價格未知"}},{"type":"Feature","geometry":{"type":"Point","coordinates":[121.373562,24.945611]},"properties":{"supply_id":"new_taipei-onstreet-54474","city":"new_taipei","district":"三峽區","display_name":"學勤路 車格 54474","address":"學勤路","facility_kind":"onstreet","symbol_text":null,"type_reference":"路邊停車格","type_confidence":0.6,"price_raw":null,"price_value":null,"capacity_total":1,"available_total":1,"occupied_total":0,"status_label":"空位","data_time":"2026-05-02 15:53:29+08:00","city_label":"新北市","facility_kind_label":"路邊車格","available_rate":1,"occupancy_rate":0,"price_tier":"unknown","price_tier_label":"價格未知"}},{"type":"Feature","geometry":{"type":"Point","coordinates":[121.373654,24.945477]},"properties":{"supply_id":"new_taipei-onstreet-54764","city":"new_taipei","district":"三峽區","display_name":"學勤路 車格 54764","address":"學勤路","facility_kind":"onstreet","symbol_text":null,"type_reference":"路邊停車格","type_confidence":0.6,"price_raw":null,"price_value":null,"capacity_total":1,"available_total":1,"occupied_total":0,"status_label":"空位","data_time":"2026-05-02 15:53:29+08:00","city_label":"新北市","facility_kind_label":"路邊車格","available_rate":1,"occupancy_rate":0,"price_tier":"unknown","price_tier_label":"價格未知"}},{"type":"Feature","geometry":{"type":"Point","coordinates":[121.374918,24.942302]},"properties":{"supply_id":"new_taipei-onstreet-12711","city":"new_taipei","district":"三峽區","display_name":"學成路 車格 12711","address":"學成路","facility_kind":"onstreet","symbol_text":null,"type_reference":"路邊停車格","type_confidence":0.6,"price_raw":null,"price_value":null,"capacity_total":1,"available_total":1,"occupied_total":0,"status_label":"空位","data_time":"2026-05-02 15:53:29+08:00","city_label":"新北市","facility_kind_label":"路邊車格","available_rate":1,"occupancy_rate":0,"price_tier":"unknown","price_tier_label":"價格未知"}},{"type":"Feature","geometry":{"type":"Point","coordinates":[121.37467,24.942044]},"properties":{"supply_id":"new_taipei-onstreet-5680","city":"new_taipei","district":"三峽區","display_name":"學成路 車格 5680","address":"學成路","facility_kind":"onstreet","symbol_text":null,"type_reference":"路邊停車格","type_confidence":0.6,"price_raw":null,"price_value":null,"capacity_total":1,"available_total":1,"occupied_total":0,"status_label":"空位","data_time":"2026-05-02 15:53:29+08:00","city_label":"新北市","facility_kind_label":"路邊車格","available_rate":1,"occupancy_rate":0,"price_tier":"unknown","price_tier_label":"價格未知"}},{"type":"Feature","geometry":{"type":"Point","coordinates":[121.374564,24.941931]},"properties":{"supply_id":"new_taipei-onstreet-5764","city":"new_taipei","district":"三峽區","display_name":"學成路 車格 5764","address":"學成路","facility_kind":"onstreet","symbol_text":null,"type_reference":"路邊停車格","type_confidence":0.6,"price_raw":null,"price_value":null,"capacity_total":1,"available_total":1,"occupied_total":0,"status_label":"空位","data_time":"2026-05-02 15:53:29+08:00","city_label":"新北市","facility_kind_label":"路邊車格","available_rate":1,"occupancy_rate":0,"price_tier":"unknown","price_tier_label":"價格未知"}},{"type":"Feature","geometry":{"type":"Point","coordinates":[121.373793,24.945555]},"properties":{"supply_id":"new_taipei-onstreet-57301","city":"new_taipei","district":"三峽區","display_name":"學勤路 車格 57301","address":"學勤路","facility_kind":"onstreet","symbol_text":null,"type_reference":"路邊停車格","type_confidence":0.6,"price_raw":null,"price_value":null,"capacity_total":1,"available_total":1,"occupied_total":0,"status_label":"空位","data_time":"2026-05-02 15:53:29+08:00","city_label":"新北市","facility_kind_label":"路邊車格","available_rate":1,"occupancy_rate":0,"price_tier":"unknown","price_tier_label":"價格未知"}},{"type":"Feature","geometry":{"type":"Point","coordinates":[121.374453,24.941523]},"properties":{"supply_id":"new_taipei-onstreet-5656","city":"new_taipei","district":"三峽區","display_name":"學成路 車格 5656","address":"學成路","facility_kind":"onstreet","symbol_text":null,"type_reference":"路邊停車格","type_confidence":0.6,"price_raw":null,"price_value":null,"capacity_total":1,"available_total":1,"occupied_total":0,"status_label":"空位","data_time":"2026-05-02 15:53:29+08:00","city_label":"新北市","facility_kind_label":"路邊車格","available_rate":1,"occupancy_rate":0,"price_tier":"unknown","price_tier_label":"價格未知"}},{"type":"Feature","geometry":{"type":"Point","coordinates":[121.382592,24.944359]},"properties":{"supply_id":"new_taipei-onstreet-19608","city":"new_taipei","district":"三峽區","display_name":"大成路 車格 19608","address":"大成路","facility_kind":"onstreet","symbol_text":null,"type_reference":"路邊停車格","type_confidence":0.6,"price_raw":null,"price_value":null,"capacity_total":1,"available_total":1,"occupied_total":0,"status_label":"空位","data_time":"2026-05-02 15:53:29+08:00","city_label":"新北市","facility_kind_label":"路邊車格","available_rate":1,"occupancy_rate":0,"price_tier":"unknown","price_tier_label":"價格未知"}},{"type":"Feature","geometry":{"type":"Point","coordinates":[121.374968,24.942052]},"properties":{"supply_id":"new_taipei-onstreet-45891","city":"new_taipei","district":"三峽區","display_name":"學成路 車格 45891","address":"學成路","facility_kind":"onstreet","symbol_text":null,"type_reference":"路邊停車格","type_confidence":0.6,"price_raw":null,"price_value":null,"capacity_total":1,"available_total":1,"occupied_total":0,"status_label":"空位","data_time":"2026-05-02 15:53:29+08:00","city_label":"新北市","facility_kind_label":"路邊車格","available_rate":1,"occupancy_rate":0,"price_tier":"unknown","price_tier_label":"價格未知"}},{"type":"Feature","geometry":{"type":"Point","coordinates":[121.377124,24.940508]},"properties":{"supply_id":"new_taipei-onstreet-62215","city":"new_taipei","district":"三峽區","display_name":"大學路 車格 62215","address":"大學路","facility_kind":"onstreet","symbol_text":null,"type_reference":"路邊停車格","type_confidence":0.6,"price_raw":null,"price_value":null,"capacity_total":1,"available_total":null,"occupied_total":null,"status_label":"不可用","data_time":"2026-05-02 15:53:29+08:00","city_label":"新北市","facility_kind_label":"路邊車格","available_rate":null,"occupancy_rate":null,"price_tier":"unknown","price_tier_label":"價格未知"}},{"type":"Feature","geometry":{"type":"Point","coordinates":[121.374491,24.941558]},"properties":{"supply_id":"new_taipei-onstreet-5658","city":"new_taipei","district":"三峽區","display_name":"學成路 車格 5658","address":"學成路","facility_kind":"onstreet","symbol_text":null,"type_reference":"路邊停車格","type_confidence":0.6,"price_raw":null,"price_value":null,"capacity_total":1,"available_total":0,"occupied_total":1,"status_label":"已停","data_time":"2026-05-02 15:53:29+08:00","city_label":"新北市","facility_kind_label":"路邊車格","available_rate":0,"occupancy_rate":1,"price_tier":"unknown","price_tier_label":"價格未知"}},{"type":"Feature","geometry":{"type":"Point","coordinates":[121.374837,24.941913]},"properties":{"supply_id":"new_taipei-onstreet-5661","city":"new_taipei","district":"三峽區","display_name":"學成路 車格 5661","address":"學成路","facility_kind":"onstreet","symbol_text":null,"type_reference":"路邊停車格","type_confidence":0.6,"price_raw":null,"price_value":null,"capacity_total":1,"available_total":0,"occupied_total":1,"status_label":"已停","data_time":"2026-05-02 15:53:29+08:00","city_label":"新北市","facility_kind_label":"路邊車格","available_rate":0,"occupancy_rate":1,"price_tier":"unknown","price_tier_label":"價格未知"}},{"type":"Feature","geometry":{"type":"Point","coordinates":[121.374933,24.942014]},"properties":{"supply_id":"new_taipei-onstreet-114000","city":"new_taipei","district":"三峽區","display_name":"學成路 車格 114000","address":"學成路","facility_kind":"onstreet","symbol_text":null,"type_reference":"路邊停車格","type_confidence":0.6,"price_raw":null,"price_value":null,"capacity_total":1,"available_total":1,"occupied_total":0,"status_label":"空位","data_time":"2026-05-02 15:53:29+08:00","city_label":"新北市","facility_kind_label":"路邊車格","available_rate":1,"occupancy_rate":0,"price_tier":"unknown","price_tier_label":"價格未知"}},{"type":"Feature","geometry":{"type":"Point","coordinates":[121.376265,24.943247]},"properties":{"supply_id":"new_taipei-onstreet-5834","city":"new_taipei","district":"三峽區","display_name":"學成路 車格 5834","address":"學成路","facility_kind":"onstreet","symbol_text":null,"type_reference":"路邊停車格","type_confidence":0.6,"price_raw":null,"price_value":null,"capacity_total":1,"available_total":1,"occupied_total":0,"status_label":"空位","data_time":"2026-05-02 15:53:29+08:00","city_label":"新北市","facility_kind_label":"路邊車格","available_rate":1,"occupancy_rate":0,"price_tier":"unknown","price_tier_label":"價格未知"}},{"type":"Feature","geometry":{"type":"Point","coordinates":[121.376812,24.940909]},"properties":{"supply_id":"new_taipei-onstreet-95337","city":"new_taipei","district":"三峽區","display_name":"大學路 車格 95337","address":"大學路","facility_kind":"onstreet","symbol_text":null,"type_reference":"路邊停車格","type_confidence":0.6,"price_raw":null,"price_value":null,"capacity_total":1,"available_total":null,"occupied_total":null,"status_label":"不可用","data_time":"2026-05-02 15:53:29+08:00","city_label":"新北市","facility_kind_label":"路邊車格","available_rate":null,"occupancy_rate":null,"price_tier":"unknown","price_tier_label":"價格未知"}},{"type":"Feature","geometry":{"type":"Point","coordinates":[121.376875,24.940828]},"properties":{"supply_id":"new_taipei-onstreet-123879","city":"new_taipei","district":"三峽區","display_name":"大學路 車格 123879","address":"大學路","facility_kind":"onstreet","symbol_text":null,"type_reference":"路邊停車格","type_confidence":0.6,"price_raw":null,"price_value":null,"capacity_total":1,"available_total":1,"occupied_total":0,"status_label":"空位","data_time":"2026-05-02 15:53:29+08:00","city_label":"新北市","facility_kind_label":"路邊車格","available_rate":1,"occupancy_rate":0,"price_tier":"unknown","price_tier_label":"價格未知"}},{"type":"Feature","geometry":{"type":"Point","coordinates":[121.376694,24.941064]},"properties":{"supply_id":"new_taipei-onstreet-95339","city":"new_taipei","district":"三峽區","display_name":"大學路 車格 95339","address":"大學路","facility_kind":"onstreet","symbol_text":null,"type_reference":"路邊停車格","type_confidence":0.6,"price_raw":null,"price_value":null,"capacity_total":1,"available_total":null,"occupied_total":null,"status_label":"不可用","data_time":"2026-05-02 15:53:29+08:00","city_label":"新北市","facility_kind_label":"路邊車格","available_rate":null,"occupancy_rate":null,"price_tier":"unknown","price_tier_label":"價格未知"}},{"type":"Feature","geometry":{"type":"Point","coordinates":[121.377052,24.943813]},"properties":{"supply_id":"new_taipei-onstreet-5701","city":"new_taipei","district":"三峽區","display_name":"學成路 車格 5701","address":"學成路","facility_kind":"onstreet","symbol_text":null,"type_reference":"路邊停車格","type_confidence":0.6,"price_raw":null,"price_value":null,"capacity_total":1,"available_total":1,"occupied_total":0,"status_label":"空位","data_time":"2026-05-02 15:53:29+08:00","city_label":"新北市","facility_kind_label":"路邊車格","available_rate":1,"occupancy_rate":0,"price_tier":"unknown","price_tier_label":"價格未知"}},{"type":"Feature","geometry":{"type":"Point","coordinates":[121.376844,24.940869]},"properties":{"supply_id":"new_taipei-onstreet-123878","city":"new_taipei","district":"三峽區","display_name":"大學路 車格 123878","address":"大學路","facility_kind":"onstreet","symbol_text":null,"type_reference":"路邊停車格","type_confidence":0.6,"price_raw":null,"price_value":null,"capacity_total":1,"available_total":1,"occupied_total":0,"status_label":"空位","data_time":"2026-05-02 15:53:29+08:00","city_label":"新北市","facility_kind_label":"路邊車格","available_rate":1,"occupancy_rate":0,"price_tier":"unknown","price_tier_label":"價格未知"}},{"type":"Feature","geometry":{"type":"Point","coordinates":[121.376781,24.940949]},"properties":{"supply_id":"new_taipei-onstreet-62219","city":"new_taipei","district":"三峽區","display_name":"大學路 車格 62219","address":"大學路","facility_kind":"onstreet","symbol_text":null,"type_reference":"路邊停車格","type_confidence":0.6,"price_raw":null,"price_value":null,"capacity_total":1,"available_total":null,"occupied_total":null,"status_label":"不可用","data_time":"2026-05-02 15:53:29+08:00","city_label":"新北市","facility_kind_label":"路邊車格","available_rate":null,"occupancy_rate":null,"price_tier":"unknown","price_tier_label":"價格未知"}},{"type":"Feature","geometry":{"type":"Point","coordinates":[121.377185,24.9439]},"properties":{"supply_id":"new_taipei-onstreet-5813","city":"new_taipei","district":"三峽區","display_name":"學成路 車格 5813","address":"學成路","facility_kind":"onstreet","symbol_text":null,"type_reference":"路邊停車格","type_confidence":0.6,"price_raw":null,"price_value":null,"capacity_total":1,"available_total":1,"occupied_total":0,"status_label":"空位","data_time":"2026-05-02 15:53:29+08:00","city_label":"新北市","facility_kind_label":"路邊車格","available_rate":1,"occupancy_rate":0,"price_tier":"unknown","price_tier_label":"價格未知"}},{"type":"Feature","geometry":{"type":"Point","coordinates":[121.376429,24.943372]},"properties":{"supply_id":"new_taipei-onstreet-5822","city":"new_taipei","district":"三峽區","display_name":"學成路 車格 5822","address":"學成路","facility_kind":"onstreet","symbol_text":null,"type_reference":"路邊停車格","type_confidence":0.6,"price_raw":null,"price_value":null,"capacity_total":1,"available_total":0,"occupied_total":1,"status_label":"已停","data_time":"2026-05-02 15:53:29+08:00","city_label":"新北市","facility_kind_label":"路邊車格","available_rate":0,"occupancy_rate":1,"price_tier":"unknown","price_tier_label":"價格未知"}},{"type":"Feature","geometry":{"type":"Point","coordinates":[121.376599,24.941185]},"properties":{"supply_id":"new_taipei-onstreet-79404","city":"new_taipei","district":"三峽區","display_name":"大學路 車格 79404","address":"大學路","facility_kind":"onstreet","symbol_text":null,"type_reference":"路邊停車格","type_confidence":0.6,"price_raw":null,"price_value":null,"capacity_total":1,"available_total":null,"occupied_total":null,"status_label":"不可用","data_time":"2026-05-02 15:53:29+08:00","city_label":"新北市","facility_kind_label":"路邊車格","available_rate":null,"occupancy_rate":null,"price_tier":"unknown","price_tier_label":"價格未知"}},{"type":"Feature","geometry":{"type":"Point","coordinates":[121.376631,24.941145]},"properties":{"supply_id":"new_taipei-onstreet-95338","city":"new_taipei","district":"三峽區","display_name":"大學路 車格 95338","address":"大學路","facility_kind":"onstreet","symbol_text":null,"type_reference":"路邊停車格","type_confidence":0.6,"price_raw":null,"price_value":null,"capacity_total":1,"available_total":null,"occupied_total":null,"status_label":"不可用","data_time":"2026-05-02 15:53:29+08:00","city_label":"新北市","facility_kind_label":"路邊車格","available_rate":null,"occupancy_rate":null,"price_tier":"unknown","price_tier_label":"價格未知"}},{"type":"Feature","geometry":{"type":"Point","coordinates":[121.377583,24.944153]},"properties":{"supply_id":"new_taipei-onstreet-151346","city":"new_taipei","district":"三峽區","display_name":"學成路 車格 151346","address":"學成路","facility_kind":"onstreet","symbol_text":null,"type_reference":"路邊停車格","type_confidence":0.6,"price_raw":null,"price_value":null,"capacity_total":1,"available_total":1,"occupied_total":0,"status_label":"空位","data_time":"2026-05-02 15:53:29+08:00","city_label":"新北市","facility_kind_label":"路邊車格","available_rate":1,"occupancy_rate":0,"price_tier":"unknown","price_tier_label":"價格未知"}},{"type":"Feature","geometry":{"type":"Point","coordinates":[121.376386,24.943341]},"properties":{"supply_id":"new_taipei-onstreet-5821","city":"new_taipei","district":"三峽區","display_name":"學成路 車格 5821","address":"學成路","facility_kind":"onstreet","symbol_text":null,"type_reference":"路邊停車格","type_confidence":0.6,"price_raw":null,"price_value":null,"capacity_total":1,"available_total":0,"occupied_total":1,"status_label":"已停","data_time":"2026-05-02 15:53:29+08:00","city_label":"新北市","facility_kind_label":"路邊車格","available_rate":0,"occupancy_rate":1,"price_tier":"unknown","price_tier_label":"價格未知"}},{"type":"Feature","geometry":{"type":"Point","coordinates":[121.376662,24.941105]},"properties":{"supply_id":"new_taipei-onstreet-95342","city":"new_taipei","district":"三峽區","display_name":"大學路 車格 95342","address":"大學路","facility_kind":"onstreet","symbol_text":null,"type_reference":"路邊停車格","type_confidence":0.6,"price_raw":null,"price_value":null,"capacity_total":1,"available_total":null,"occupied_total":null,"status_label":"不可用","data_time":"2026-05-02 15:53:29+08:00","city_label":"新北市","facility_kind_label":"路邊車格","available_rate":null,"occupancy_rate":null,"price_tier":"unknown","price_tier_label":"價格未知"}},{"type":"Feature","geometry":{"type":"Point","coordinates":[121.376471,24.943403]},"properties":{"supply_id":"new_taipei-onstreet-5823","city":"new_taipei","district":"三峽區","display_name":"學成路 車格 5823","address":"學成路","facility_kind":"onstreet","symbol_text":null,"type_reference":"路邊停車格","type_confidence":0.6,"price_raw":null,"price_value":null,"capacity_total":1,"available_total":1,"occupied_total":0,"status_label":"空位","data_time":"2026-05-02 15:53:29+08:00","city_label":"新北市","facility_kind_label":"路邊車格","available_rate":1,"occupancy_rate":0,"price_tier":"unknown","price_tier_label":"價格未知"}},{"type":"Feature","geometry":{"type":"Point","coordinates":[121.376568,24.941226]},"properties":{"supply_id":"new_taipei-onstreet-79399","city":"new_taipei","district":"三峽區","display_name":"大學路 車格 79399","address":"大學路","facility_kind":"onstreet","symbol_text":null,"type_reference":"路邊停車格","type_confidence":0.6,"price_raw":null,"price_value":null,"capacity_total":1,"available_total":null,"occupied_total":null,"status_label":"不可用","data_time":"2026-05-02 15:53:29+08:00","city_label":"新北市","facility_kind_label":"路邊車格","available_rate":null,"occupancy_rate":null,"price_tier":"unknown","price_tier_label":"價格未知"}},{"type":"Feature","geometry":{"type":"Point","coordinates":[121.377229,24.943929]},"properties":{"supply_id":"new_taipei-onstreet-5811","city":"new_taipei","district":"三峽區","display_name":"學成路 車格 5811","address":"學成路","facility_kind":"onstreet","symbol_text":null,"type_reference":"路邊停車格","type_confidence":0.6,"price_raw":null,"price_value":null,"capacity_total":1,"available_total":1,"occupied_total":0,"status_label":"空位","data_time":"2026-05-02 15:53:29+08:00","city_label":"新北市","facility_kind_label":"路邊車格","available_rate":1,"occupancy_rate":0,"price_tier":"unknown","price_tier_label":"價格未知"}},{"type":"Feature","geometry":{"type":"Point","coordinates":[121.377538,24.944126]},"properties":{"supply_id":"new_taipei-onstreet-151345","city":"new_taipei","district":"三峽區","display_name":"學成路 車格 151345","address":"學成路","facility_kind":"onstreet","symbol_text":null,"type_reference":"路邊停車格","type_confidence":0.6,"price_raw":null,"price_value":null,"capacity_total":1,"available_total":0,"occupied_total":1,"status_label":"已停","data_time":"2026-05-02 15:53:29+08:00","city_label":"新北市","facility_kind_label":"路邊車格","available_rate":0,"occupancy_rate":1,"price_tier":"unknown","price_tier_label":"價格未知"}},{"type":"Feature","geometry":{"type":"Point","coordinates":[121.376286,24.941596]},"properties":{"supply_id":"new_taipei-onstreet-95341","city":"new_taipei","district":"三峽區","display_name":"大學路 車格 95341","address":"大學路","facility_kind":"onstreet","symbol_text":null,"type_reference":"路邊停車格","type_confidence":0.6,"price_raw":null,"price_value":null,"capacity_total":1,"available_total":null,"occupied_total":null,"status_label":"不可用","data_time":"2026-05-02 15:53:29+08:00","city_label":"新北市","facility_kind_label":"路邊車格","available_rate":null,"occupancy_rate":null,"price_tier":"unknown","price_tier_label":"價格未知"}},{"type":"Feature","geometry":{"type":"Point","coordinates":[121.37714,24.943871]},"properties":{"supply_id":"new_taipei-onstreet-5674","city":"new_taipei","district":"三峽區","display_name":"學成路 車格 5674","address":"學成路","facility_kind":"onstreet","symbol_text":null,"type_reference":"路邊停車格","type_confidence":0.6,"price_raw":null,"price_value":null,"capacity_total":1,"available_total":1,"occupied_total":0,"status_label":"空位","data_time":"2026-05-02 15:53:29+08:00","city_label":"新北市","facility_kind_label":"路邊車格","available_rate":1,"occupancy_rate":0,"price_tier":"unknown","price_tier_label":"價格未知"}},{"type":"Feature","geometry":{"type":"Point","coordinates":[121.377096,24.943842]},"properties":{"supply_id":"new_taipei-onstreet-5675","city":"new_taipei","district":"三峽區","display_name":"學成路 車格 5675","address":"學成路","facility_kind":"onstreet","symbol_text":null,"type_reference":"路邊停車格","type_confidence":0.6,"price_raw":null,"price_value":null,"capacity_total":1,"available_total":1,"occupied_total":0,"status_label":"空位","data_time":"2026-05-02 15:53:29+08:00","city_label":"新北市","facility_kind_label":"路邊車格","available_rate":1,"occupancy_rate":0,"price_tier":"unknown","price_tier_label":"價格未知"}},{"type":"Feature","geometry":{"type":"Point","coordinates":[121.376255,24.941637]},"properties":{"supply_id":"new_taipei-onstreet-95340","city":"new_taipei","district":"三峽區","display_name":"大學路 車格 95340","address":"大學路","facility_kind":"onstreet","symbol_text":null,"type_reference":"路邊停車格","type_confidence":0.6,"price_raw":null,"price_value":null,"capacity_total":1,"available_total":null,"occupied_total":null,"status_label":"不可用","data_time":"2026-05-02 15:53:29+08:00","city_label":"新北市","facility_kind_label":"路邊車格","available_rate":null,"occupancy_rate":null,"price_tier":"unknown","price_tier_label":"價格未知"}},{"type":"Feature","geometry":{"type":"Point","coordinates":[121.376224,24.943215]},"properties":{"supply_id":"new_taipei-onstreet-5689","city":"new_taipei","district":"三峽區","display_name":"學成路 車格 5689","address":"學成路","facility_kind":"onstreet","symbol_text":null,"type_reference":"路邊停車格","type_confidence":0.6,"price_raw":null,"price_value":null,"capacity_total":1,"available_total":1,"occupied_total":0,"status_label":"空位","data_time":"2026-05-02 15:53:29+08:00","city_label":"新北市","facility_kind_label":"路邊車格","available_rate":1,"occupancy_rate":0,"price_tier":"unknown","price_tier_label":"價格未知"}},{"type":"Feature","geometry":{"type":"Point","coordinates":[121.378829,24.944853]},"properties":{"supply_id":"new_taipei-onstreet-5840","city":"new_taipei","district":"三峽區","display_name":"學成路 車格 5840","address":"學成路","facility_kind":"onstreet","symbol_text":null,"type_reference":"路邊停車格","type_confidence":0.6,"price_raw":null,"price_value":null,"capacity_total":1,"available_total":0,"occupied_total":1,"status_label":"已停","data_time":"2026-05-02 15:53:29+08:00","city_label":"新北市","facility_kind_label":"路邊車格","available_rate":0,"occupancy_rate":1,"price_tier":"unknown","price_tier_label":"價格未知"}},{"type":"Feature","geometry":{"type":"Point","coordinates":[121.376181,24.941743]},"properties":{"supply_id":"new_taipei-onstreet-27230","city":"new_taipei","district":"三峽區","display_name":"大學路 車格 27230","address":"大學路","facility_kind":"onstreet","symbol_text":null,"type_reference":"路邊停車格","type_confidence":0.6,"price_raw":null,"price_value":null,"capacity_total":1,"available_total":1,"occupied_total":0,"status_label":"空位","data_time":"2026-05-02 15:53:29+08:00","city_label":"新北市","facility_kind_label":"路邊車格","available_rate":1,"occupancy_rate":0,"price_tier":"unknown","price_tier_label":"價格未知"}},{"type":"Feature","geometry":{"type":"Point","coordinates":[121.375866,24.942223]},"properties":{"supply_id":"new_taipei-onstreet-83507","city":"new_taipei","district":"三峽區","display_name":"大學路 車格 83507","address":"大學路","facility_kind":"onstreet","symbol_text":null,"type_reference":"路邊停車格","type_confidence":0.6,"price_raw":null,"price_value":null,"capacity_total":1,"available_total":1,"occupied_total":0,"status_label":"空位","data_time":"2026-05-02 15:53:29+08:00","city_label":"新北市","facility_kind_label":"路邊車格","available_rate":1,"occupancy_rate":0,"price_tier":"unknown","price_tier_label":"價格未知"}},{"type":"Feature","geometry":{"type":"Point","coordinates":[121.375838,24.942265]},"properties":{"supply_id":"new_taipei-onstreet-26804","city":"new_taipei","district":"三峽區","display_name":"大學路 車格 26804","address":"大學路","facility_kind":"onstreet","symbol_text":null,"type_reference":"路邊停車格","type_confidence":0.6,"price_raw":null,"price_value":null,"capacity_total":1,"available_total":1,"occupied_total":0,"status_label":"空位","data_time":"2026-05-02 15:53:29+08:00","city_label":"新北市","facility_kind_label":"路邊車格","available_rate":1,"occupancy_rate":0,"price_tier":"unknown","price_tier_label":"價格未知"}},{"type":"Feature","geometry":{"type":"Point","coordinates":[121.375783,24.94235]},"properties":{"supply_id":"new_taipei-onstreet-37945","city":"new_taipei","district":"三峽區","display_name":"大學路 車格 37945","address":"大學路","facility_kind":"onstreet","symbol_text":null,"type_reference":"路邊停車格","type_confidence":0.6,"price_raw":null,"price_value":null,"capacity_total":1,"available_total":1,"occupied_total":0,"status_label":"空位","data_time":"2026-05-02 15:53:29+08:00","city_label":"新北市","facility_kind_label":"路邊車格","available_rate":1,"occupancy_rate":0,"price_tier":"unknown","price_tier_label":"價格未知"}},{"type":"Feature","geometry":{"type":"Point","coordinates":[121.378976,24.944923]},"properties":{"supply_id":"new_taipei-onstreet-5684","city":"new_taipei","district":"三峽區","display_name":"學成路 車格 5684","address":"學成路","facility_kind":"onstreet","symbol_text":null,"type_reference":"路邊停車格","type_confidence":0.6,"price_raw":null,"price_value":null,"capacity_total":1,"available_total":1,"occupied_total":0,"status_label":"空位","data_time":"2026-05-02 15:53:29+08:00","city_label":"新北市","facility_kind_label":"路邊車格","available_rate":1,"occupancy_rate":0,"price_tier":"unknown","price_tier_label":"價格未知"}},{"type":"Feature","geometry":{"type":"Point","coordinates":[121.378928,24.9449]},"properties":{"supply_id":"new_taipei-onstreet-5683","city":"new_taipei","district":"三峽區","display_name":"學成路 車格 5683","address":"學成路","facility_kind":"onstreet","symbol_text":null,"type_reference":"路邊停車格","type_confidence":0.6,"price_raw":null,"price_value":null,"capacity_total":1,"available_total":1,"occupied_total":0,"status_label":"空位","data_time":"2026-05-02 15:53:29+08:00","city_label":"新北市","facility_kind_label":"路邊車格","available_rate":1,"occupancy_rate":0,"price_tier":"unknown","price_tier_label":"價格未知"}},{"type":"Feature","geometry":{"type":"Point","coordinates":[121.374717,24.943791]},"properties":{"supply_id":"new_taipei-onstreet-56830","city":"new_taipei","district":"三峽區","display_name":"大學路 車格 56830","address":"大學路","facility_kind":"onstreet","symbol_text":null,"type_reference":"路邊停車格","type_confidence":0.6,"price_raw":null,"price_value":null,"capacity_total":1,"available_total":1,"occupied_total":0,"status_label":"空位","data_time":"2026-05-02 15:53:29+08:00","city_label":"新北市","facility_kind_label":"路邊車格","available_rate":1,"occupancy_rate":0,"price_tier":"unknown","price_tier_label":"價格未知"}},{"type":"Feature","geometry":{"type":"Point","coordinates":[121.37514,24.943242]},"properties":{"supply_id":"new_taipei-onstreet-143643","city":"new_taipei","district":"三峽區","display_name":"大學路 車格 143643","address":"大學路","facility_kind":"onstreet","symbol_text":null,"type_reference":"路邊停車格","type_confidence":0.6,"price_raw":null,"price_value":null,"capacity_total":1,"available_total":1,"occupied_total":0,"status_label":"空位","data_time":"2026-05-02 15:53:29+08:00","city_label":"新北市","facility_kind_label":"路邊車格","available_rate":1,"occupancy_rate":0,"price_tier":"unknown","price_tier_label":"價格未知"}},{"type":"Feature","geometry":{"type":"Point","coordinates":[121.379072,24.944969]},"properties":{"supply_id":"new_taipei-onstreet-5827","city":"new_taipei","district":"三峽區","display_name":"學成路 車格 5827","address":"學成路","facility_kind":"onstreet","symbol_text":null,"type_reference":"路邊停車格","type_confidence":0.6,"price_raw":null,"price_value":null,"capacity_total":1,"available_total":1,"occupied_total":0,"status_label":"空位","data_time":"2026-05-02 15:53:29+08:00","city_label":"新北市","facility_kind_label":"路邊車格","available_rate":1,"occupancy_rate":0,"price_tier":"unknown","price_tier_label":"價格未知"}},{"type":"Feature","geometry":{"type":"Point","coordinates":[121.374779,24.94371]},"properties":{"supply_id":"new_taipei-onstreet-42395","city":"new_taipei","district":"三峽區","display_name":"大學路 車格 42395","address":"大學路","facility_kind":"onstreet","symbol_text":null,"type_reference":"路邊停車格","type_confidence":0.6,"price_raw":null,"price_value":null,"capacity_total":1,"available_total":1,"occupied_total":0,"status_label":"空位","data_time":"2026-05-02 15:53:29+08:00","city_label":"新北市","facility_kind_label":"路邊車格","available_rate":1,"occupancy_rate":0,"price_tier":"unknown","price_tier_label":"價格未知"}},{"type":"Feature","geometry":{"type":"Point","coordinates":[121.380816,24.945681]},"properties":{"supply_id":"new_taipei-onstreet-5792","city":"new_taipei","district":"三峽區","display_name":"學成路 車格 5792","address":"學成路","facility_kind":"onstreet","symbol_text":null,"type_reference":"路邊停車格","type_confidence":0.6,"price_raw":null,"price_value":null,"capacity_total":1,"available_total":1,"occupied_total":0,"status_label":"空位","data_time":"2026-05-02 15:53:29+08:00","city_label":"新北市","facility_kind_label":"路邊車格","available_rate":1,"occupancy_rate":0,"price_tier":"unknown","price_tier_label":"價格未知"}},{"type":"Feature","geometry":{"type":"Point","coordinates":[121.380866,24.945699]},"properties":{"supply_id":"new_taipei-onstreet-5787","city":"new_taipei","district":"三峽區","display_name":"學成路 車格 5787","address":"學成路","facility_kind":"onstreet","symbol_text":null,"type_reference":"路邊停車格","type_confidence":0.6,"price_raw":null,"price_value":null,"capacity_total":1,"available_total":1,"occupied_total":0,"status_label":"空位","data_time":"2026-05-02 15:53:29+08:00","city_label":"新北市","facility_kind_label":"路邊車格","available_rate":1,"occupancy_rate":0,"price_tier":"unknown","price_tier_label":"價格未知"}},{"type":"Feature","geometry":{"type":"Point","coordinates":[121.379819,24.945304]},"properties":{"supply_id":"new_taipei-onstreet-5846","city":"new_taipei","district":"三峽區","display_name":"學成路 車格 5846","address":"學成路","facility_kind":"onstreet","symbol_text":null,"type_reference":"路邊停車格","type_confidence":0.6,"price_raw":null,"price_value":null,"capacity_total":1,"available_total":1,"occupied_total":0,"status_label":"空位","data_time":"2026-05-02 15:53:29+08:00","city_label":"新北市","facility_kind_label":"路邊車格","available_rate":1,"occupancy_rate":0,"price_tier":"unknown","price_tier_label":"價格未知"}},{"type":"Feature","geometry":{"type":"Point","coordinates":[121.375811,24.942307]},"properties":{"supply_id":"new_taipei-onstreet-59713","city":"new_taipei","district":"三峽區","display_name":"大學路 車格 59713","address":"大學路","facility_kind":"onstreet","symbol_text":null,"type_reference":"路邊停車格","type_confidence":0.6,"price_raw":null,"price_value":null,"capacity_total":1,"available_total":1,"occupied_total":0,"status_label":"空位","data_time":"2026-05-02 15:53:29+08:00","city_label":"新北市","facility_kind_label":"路邊車格","available_rate":1,"occupancy_rate":0,"price_tier":"unknown","price_tier_label":"價格未知"}},{"type":"Feature","geometry":{"type":"Point","coordinates":[121.374748,24.943751]},"properties":{"supply_id":"new_taipei-onstreet-42396","city":"new_taipei","district":"三峽區","display_name":"大學路 車格 42396","address":"大學路","facility_kind":"onstreet","symbol_text":null,"type_reference":"路邊停車格","type_confidence":0.6,"price_raw":null,"price_value":null,"capacity_total":1,"available_total":1,"occupied_total":0,"status_label":"空位","data_time":"2026-05-02 15:53:29+08:00","city_label":"新北市","facility_kind_label":"路邊車格","available_rate":1,"occupancy_rate":0,"price_tier":"unknown","price_tier_label":"價格未知"}},{"type":"Feature","geometry":{"type":"Point","coordinates":[121.374686,24.943832]},"properties":{"supply_id":"new_taipei-onstreet-95360","city":"new_taipei","district":"三峽區","display_name":"大學路 車格 95360","address":"大學路","facility_kind":"onstreet","symbol_text":null,"type_reference":"路邊停車格","type_confidence":0.6,"price_raw":null,"price_value":null,"capacity_total":1,"available_total":1,"occupied_total":0,"status_label":"空位","data_time":"2026-05-02 15:53:29+08:00","city_label":"新北市","facility_kind_label":"路邊車格","available_rate":1,"occupancy_rate":0,"price_tier":"unknown","price_tier_label":"價格未知"}},{"type":"Feature","geometry":{"type":"Point","coordinates":[121.374654,24.943872]},"properties":{"supply_id":"new_taipei-onstreet-152158","city":"new_taipei","district":"三峽區","display_name":"大學路 車格 152158","address":"大學路","facility_kind":"onstreet","symbol_text":null,"type_reference":"路邊停車格","type_confidence":0.6,"price_raw":null,"price_value":null,"capacity_total":1,"available_total":1,"occupied_total":0,"status_label":"空位","data_time":"2026-05-02 15:53:29+08:00","city_label":"新北市","facility_kind_label":"路邊車格","available_rate":1,"occupancy_rate":0,"price_tier":"unknown","price_tier_label":"價格未知"}},{"type":"Feature","geometry":{"type":"Point","coordinates":[121.374084,24.944611]},"properties":{"supply_id":"new_taipei-onstreet-27242","city":"new_taipei","district":"三峽區","display_name":"大學路 車格 27242","address":"大學路","facility_kind":"onstreet","symbol_text":null,"type_reference":"路邊停車格","type_confidence":0.6,"price_raw":null,"price_value":null,"capacity_total":1,"available_total":1,"occupied_total":0,"status_label":"空位","data_time":"2026-05-02 15:53:29+08:00","city_label":"新北市","facility_kind_label":"路邊車格","available_rate":1,"occupancy_rate":0,"price_tier":"unknown","price_tier_label":"價格未知"}},{"type":"Feature","geometry":{"type":"Point","coordinates":[121.374054,24.944651]},"properties":{"supply_id":"new_taipei-onstreet-54747","city":"new_taipei","district":"三峽區","display_name":"大學路 車格 54747","address":"大學路","facility_kind":"onstreet","symbol_text":null,"type_reference":"路邊停車格","type_confidence":0.6,"price_raw":null,"price_value":null,"capacity_total":1,"available_total":1,"occupied_total":0,"status_label":"空位","data_time":"2026-05-02 15:53:29+08:00","city_label":"新北市","facility_kind_label":"路邊車格","available_rate":1,"occupancy_rate":0,"price_tier":"unknown","price_tier_label":"價格未知"}},{"type":"Feature","geometry":{"type":"Point","coordinates":[121.37424,24.944407]},"properties":{"supply_id":"new_taipei-onstreet-152156","city":"new_taipei","district":"三峽區","display_name":"大學路 車格 152156","address":"大學路","facility_kind":"onstreet","symbol_text":null,"type_reference":"路邊停車格","type_confidence":0.6,"price_raw":null,"price_value":null,"capacity_total":1,"available_total":1,"occupied_total":0,"status_label":"空位","data_time":"2026-05-02 15:53:29+08:00","city_label":"新北市","facility_kind_label":"路邊車格","available_rate":1,"occupancy_rate":0,"price_tier":"unknown","price_tier_label":"價格未知"}},{"type":"Feature","geometry":{"type":"Point","coordinates":[121.379024,24.944946]},"properties":{"supply_id":"new_taipei-onstreet-5691","city":"new_taipei","district":"三峽區","display_name":"學成路 車格 5691","address":"學成路","facility_kind":"onstreet","symbol_text":null,"type_reference":"路邊停車格","type_confidence":0.6,"price_raw":null,"price_value":null,"capacity_total":1,"available_total":1,"occupied_total":0,"status_label":"空位","data_time":"2026-05-02 15:53:29+08:00","city_label":"新北市","facility_kind_label":"路邊車格","available_rate":1,"occupancy_rate":0,"price_tier":"unknown","price_tier_label":"價格未知"}},{"type":"Feature","geometry":{"type":"Point","coordinates":[121.379868,24.945325]},"properties":{"supply_id":"new_taipei-onstreet-5848","city":"new_taipei","district":"三峽區","display_name":"學成路 車格 5848","address":"學成路","facility_kind":"onstreet","symbol_text":null,"type_reference":"路邊停車格","type_confidence":0.6,"price_raw":null,"price_value":null,"capacity_total":1,"available_total":1,"occupied_total":0,"status_label":"空位","data_time":"2026-05-02 15:53:29+08:00","city_label":"新北市","facility_kind_label":"路邊車格","available_rate":1,"occupancy_rate":0,"price_tier":"unknown","price_tier_label":"價格未知"}},{"type":"Feature","geometry":{"type":"Point","coordinates":[121.374178,24.944489]},"properties":{"supply_id":"new_taipei-onstreet-152155","city":"new_taipei","district":"三峽區","display_name":"大學路 車格 152155","address":"大學路","facility_kind":"onstreet","symbol_text":null,"type_reference":"路邊停車格","type_confidence":0.6,"price_raw":null,"price_value":null,"capacity_total":1,"available_total":1,"occupied_total":0,"status_label":"空位","data_time":"2026-05-02 15:53:29+08:00","city_label":"新北市","facility_kind_label":"路邊車格","available_rate":1,"occupancy_rate":0,"price_tier":"unknown","price_tier_label":"價格未知"}},{"type":"Feature","geometry":{"type":"Point","coordinates":[121.374209,24.944448]},"properties":{"supply_id":"new_taipei-onstreet-152157","city":"new_taipei","district":"三峽區","display_name":"大學路 車格 152157","address":"大學路","facility_kind":"onstreet","symbol_text":null,"type_reference":"路邊停車格","type_confidence":0.6,"price_raw":null,"price_value":null,"capacity_total":1,"available_total":1,"occupied_total":0,"status_label":"空位","data_time":"2026-05-02 15:53:29+08:00","city_label":"新北市","facility_kind_label":"路邊車格","available_rate":1,"occupancy_rate":0,"price_tier":"unknown","price_tier_label":"價格未知"}},{"type":"Feature","geometry":{"type":"Point","coordinates":[121.373742,24.945055]},"properties":{"supply_id":"new_taipei-onstreet-65779","city":"new_taipei","district":"三峽區","display_name":"大學路 車格 65779","address":"大學路","facility_kind":"onstreet","symbol_text":null,"type_reference":"路邊停車格","type_confidence":0.6,"price_raw":null,"price_value":null,"capacity_total":1,"available_total":1,"occupied_total":0,"status_label":"空位","data_time":"2026-05-02 15:53:29+08:00","city_label":"新北市","facility_kind_label":"路邊車格","available_rate":1,"occupancy_rate":0,"price_tier":"unknown","price_tier_label":"價格未知"}},{"type":"Feature","geometry":{"type":"Point","coordinates":[121.373774,24.945014]},"properties":{"supply_id":"new_taipei-onstreet-95366","city":"new_taipei","district":"三峽區","display_name":"大學路 車格 95366","address":"大學路","facility_kind":"onstreet","symbol_text":null,"type_reference":"路邊停車格","type_confidence":0.6,"price_raw":null,"price_value":null,"capacity_total":1,"available_total":1,"occupied_total":0,"status_label":"空位","data_time":"2026-05-02 15:53:29+08:00","city_label":"新北市","facility_kind_label":"路邊車格","available_rate":1,"occupancy_rate":0,"price_tier":"unknown","price_tier_label":"價格未知"}},{"type":"Feature","geometry":{"type":"Point","coordinates":[121.373278,24.945658]},"properties":{"supply_id":"new_taipei-onstreet-59699","city":"new_taipei","district":"三峽區","display_name":"大學路 車格 59699","address":"大學路","facility_kind":"onstreet","symbol_text":null,"type_reference":"路邊停車格","type_confidence":0.6,"price_raw":null,"price_value":null,"capacity_total":1,"available_total":1,"occupied_total":0,"status_label":"空位","data_time":"2026-05-02 15:53:29+08:00","city_label":"新北市","facility_kind_label":"路邊車格","available_rate":1,"occupancy_rate":0,"price_tier":"unknown","price_tier_label":"價格未知"}},{"type":"Feature","geometry":{"type":"Point","coordinates":[121.37368,24.945136]},"properties":{"supply_id":"new_taipei-onstreet-54749","city":"new_taipei","district":"三峽區","display_name":"大學路 車格 54749","address":"大學路","facility_kind":"onstreet","symbol_text":null,"type_reference":"路邊停車格","type_confidence":0.6,"price_raw":null,"price_value":null,"capacity_total":1,"available_total":1,"occupied_total":0,"status_label":"空位","data_time":"2026-05-02 15:53:29+08:00","city_label":"新北市","facility_kind_label":"路邊車格","available_rate":1,"occupancy_rate":0,"price_tier":"unknown","price_tier_label":"價格未知"}},{"type":"Feature","geometry":{"type":"Point","coordinates":[121.373711,24.945095]},"properties":{"supply_id":"new_taipei-onstreet-54762","city":"new_taipei","district":"三峽區","display_name":"大學路 車格 54762","address":"大學路","facility_kind":"onstreet","symbol_text":null,"type_reference":"路邊停車格","type_confidence":0.6,"price_raw":null,"price_value":null,"capacity_total":1,"available_total":1,"occupied_total":0,"status_label":"空位","data_time":"2026-05-02 15:53:29+08:00","city_label":"新北市","facility_kind_label":"路邊車格","available_rate":1,"occupancy_rate":0,"price_tier":"unknown","price_tier_label":"價格未知"}},{"type":"Feature","geometry":{"type":"Point","coordinates":[121.373246,24.945698]},"properties":{"supply_id":"new_taipei-onstreet-59717","city":"new_taipei","district":"三峽區","display_name":"大學路 車格 59717","address":"大學路","facility_kind":"onstreet","symbol_text":null,"type_reference":"路邊停車格","type_confidence":0.6,"price_raw":null,"price_value":null,"capacity_total":1,"available_total":1,"occupied_total":0,"status_label":"空位","data_time":"2026-05-02 15:53:29+08:00","city_label":"新北市","facility_kind_label":"路邊車格","available_rate":1,"occupancy_rate":0,"price_tier":"unknown","price_tier_label":"價格未知"}},{"type":"Feature","geometry":{"type":"Point","coordinates":[121.373153,24.94582]},"properties":{"supply_id":"new_taipei-onstreet-46269","city":"new_taipei","district":"三峽區","display_name":"大學路 車格 46269","address":"大學路","facility_kind":"onstreet","symbol_text":null,"type_reference":"路邊停車格","type_confidence":0.6,"price_raw":null,"price_value":null,"capacity_total":1,"available_total":1,"occupied_total":0,"status_label":"空位","data_time":"2026-05-02 15:53:29+08:00","city_label":"新北市","facility_kind_label":"路邊車格","available_rate":1,"occupancy_rate":0,"price_tier":"unknown","price_tier_label":"價格未知"}},{"type":"Feature","geometry":{"type":"Point","coordinates":[121.373215,24.945739]},"properties":{"supply_id":"new_taipei-onstreet-59716","city":"new_taipei","district":"三峽區","display_name":"大學路 車格 59716","address":"大學路","facility_kind":"onstreet","symbol_text":null,"type_reference":"路邊停車格","type_confidence":0.6,"price_raw":null,"price_value":null,"capacity_total":1,"available_total":1,"occupied_total":0,"status_label":"空位","data_time":"2026-05-02 15:53:29+08:00","city_label":"新北市","facility_kind_label":"路邊車格","available_rate":1,"occupancy_rate":0,"price_tier":"unknown","price_tier_label":"價格未知"}},{"type":"Feature","geometry":{"type":"Point","coordinates":[121.373184,24.94578]},"properties":{"supply_id":"new_taipei-onstreet-25427","city":"new_taipei","district":"三峽區","display_name":"大學路 車格 25427","address":"大學路","facility_kind":"onstreet","symbol_text":null,"type_reference":"路邊停車格","type_confidence":0.6,"price_raw":null,"price_value":null,"capacity_total":1,"available_total":1,"occupied_total":0,"status_label":"空位","data_time":"2026-05-02 15:53:29+08:00","city_label":"新北市","facility_kind_label":"路邊車格","available_rate":1,"occupancy_rate":0,"price_tier":"unknown","price_tier_label":"價格未知"}},{"type":"Feature","geometry":{"type":"Point","coordinates":[121.371902,24.947442]},"properties":{"supply_id":"new_taipei-onstreet-114504","city":"new_taipei","district":"三峽區","display_name":"大學路 車格 114504","address":"大學路","facility_kind":"onstreet","symbol_text":null,"type_reference":"路邊停車格","type_confidence":0.6,"price_raw":null,"price_value":null,"capacity_total":1,"available_total":0,"occupied_total":1,"status_label":"已停","data_time":"2026-05-02 15:53:29+08:00","city_label":"新北市","facility_kind_label":"路邊車格","available_rate":0,"occupancy_rate":1,"price_tier":"unknown","price_tier_label":"價格未知"}}]}