{"type":"FeatureCollection","features":[{"type":"Feature","geometry":{"type":"Point","coordinates":[121.51065424276808,25.050966963965546]},"properties":{"supply_id":"taipei-parking-TPE0056","city":"taipei","district":"大同區","display_name":"塔城公園地下停車場","address":"塔城街11號地下共2層","facility_kind":"public_parking","symbol_text":"S","type_reference":"一般停車場","type_confidence":1,"price_raw":"小型車(含大型重型機車)：計時 30元/時，停車全程以半小時計；月租 全日5,760元，夜間3,300元(21-08)，大型重機2,880元。","price_value":880,"capacity_total":157,"available_total":61,"occupied_total":96,"status_label":"空位","data_time":"2026-05-03 05:48:00","city_label":"臺北市","facility_kind_label":"停車場","available_rate":0.3885350318471338,"occupancy_rate":0.6114649681528662,"price_tier":"premium","price_tier_label":"極高價"}},{"type":"Feature","geometry":{"type":"Point","coordinates":[121.51050560619022,25.058375018502268]},"properties":{"supply_id":"taipei-parking-TPE0122","city":"taipei","district":"大同區","display_name":"大稻埕公園地下停車場","address":"歸綏街243號地下","facility_kind":"public_parking","symbol_text":"S","type_reference":"一般停車場","type_confidence":1,"price_raw":"計時：周一至五40元/時(08-19)，10元/時(19-翌日08)，周六至周日、政府行政機關放假之紀念日、民俗節日50元/時(08-19)，10元/時(19-翌日08)，全程以半小時計費。月票：全日5,760元/月，夜間2,000元/月(19-翌日08)。","price_value":760,"capacity_total":198,"available_total":null,"occupied_total":null,"status_label":"狀態未知","data_time":"2026-05-03 05:48:00","city_label":"臺北市","facility_kind_label":"停車場","available_rate":null,"occupancy_rate":null,"price_tier":"premium","price_tier_label":"極高價"}},{"type":"Feature","geometry":{"type":"Point","coordinates":[121.51493055994133,25.076494868016397]},"properties":{"supply_id":"taipei-parking-TPE0126","city":"taipei","district":"大同區","display_name":"慶昌橋下停車場","address":"哈密街59巷-延平北路","facility_kind":"public_parking","symbol_text":"S","type_reference":"一般停車場","type_confidence":1,"price_raw":"計時：小型車30元/時，停車全程以半小時計。月租：小型車全日3,600元/月。","price_value":600,"capacity_total":69,"available_total":null,"occupied_total":null,"status_label":"狀態未知","data_time":"2026-05-03 05:48:00","city_label":"臺北市","facility_kind_label":"停車場","available_rate":null,"occupancy_rate":null,"price_tier":"premium","price_tier_label":"極高價"}},{"type":"Feature","geometry":{"type":"Point","coordinates":[121.50632195470523,25.052006482892846]},"properties":{"supply_id":"taipei-parking-TPE0132","city":"taipei","district":"大同區","display_name":"三號水門堤外停車場","address":"鄭州路、民生西路底堤防外","facility_kind":"public_parking","symbol_text":"S","type_reference":"一般停車場","type_confidence":1,"price_raw":"計時:小型車30元，大型車40元，全程以半小時計費。月租:小型車全日2,400元月(三、五號水門堤外通用)，大型車全日5,760元。","price_value":760,"capacity_total":167,"available_total":null,"occupied_total":null,"status_label":"狀態未知","data_time":"2026-05-03 05:48:00","city_label":"臺北市","facility_kind_label":"停車場","available_rate":null,"occupancy_rate":null,"price_tier":"premium","price_tier_label":"極高價"}},{"type":"Feature","geometry":{"type":"Point","coordinates":[121.52018682052508,25.060438192555885]},"properties":{"supply_id":"taipei-parking-TPE0156","city":"taipei","district":"大同區","display_name":"成淵高中地下停車場","address":"承德路2段235號之1地下","facility_kind":"public_parking","symbol_text":"S","type_reference":"一般停車場","type_confidence":1,"price_raw":"計時：小型車(含大型重型機車)40元/時(09時~21時)，30元/時(21時~09時)，停車全程以半小時計；月租：小型車全日5,760元，夜間2,400元(19時~08時)，大型重機全日2,880元/月。","price_value":880,"capacity_total":269,"available_total":146,"occupied_total":123,"status_label":"空位","data_time":"2026-05-03 05:48:00","city_label":"臺北市","facility_kind_label":"停車場","available_rate":0.5427509293680297,"occupancy_rate":0.45724907063197023,"price_tier":"premium","price_tier_label":"極高價"}},{"type":"Feature","geometry":{"type":"Point","coordinates":[121.51577822115435,25.06631730142958]},"properties":{"supply_id":"taipei-parking-TPE0182","city":"taipei","district":"大同區","display_name":"臺北市大同區行政中心地下停車場","address":"昌吉街57號地下1層","facility_kind":"public_parking","symbol_text":"S","type_reference":"一般停車場","type_confidence":1,"price_raw":"計時：洽公車輛前30分鐘免費，30分鐘至1小時每小時30元，逾一小時以上每小時40元，全程以半小時計費。月租：夜間1,200/月(19-07)含例假日。","price_value":200,"capacity_total":79,"available_total":null,"occupied_total":null,"status_label":"狀態未知","data_time":"2026-05-03 05:48:00","city_label":"臺北市","facility_kind_label":"停車場","available_rate":null,"occupancy_rate":null,"price_tier":"premium","price_tier_label":"極高價"}},{"type":"Feature","geometry":{"type":"Point","coordinates":[121.50985817394692,25.05026550752464]},"properties":{"supply_id":"taipei-parking-TPE0231","city":"taipei","district":"大同區","display_name":"市民大道塔城段停車場","address":"西寧北路至塔城街(地下)","facility_kind":"public_parking","symbol_text":"S","type_reference":"一般停車場","type_confidence":1,"price_raw":"小型車：計時 30元/時(08時~20時)，10元/時(20時~08時)，停車全程以半小時計；月租 日間3,000元(07時~19時)，夜間650元(週一至週五18時~09時，週六、日及政府行政機關放假之紀念日、民俗節日之全日)。","price_value":650,"capacity_total":254,"available_total":146,"occupied_total":108,"status_label":"空位","data_time":"2026-05-03 05:48:00","city_label":"臺北市","facility_kind_label":"停車場","available_rate":0.5748031496062992,"occupancy_rate":0.4251968503937008,"price_tier":"premium","price_tier_label":"極高價"}},{"type":"Feature","geometry":{"type":"Point","coordinates":[121.5197480436069,25.051653155181192]},"properties":{"supply_id":"taipei-parking-TPE0239","city":"taipei","district":"大同區","display_name":"建成國中地下停車場","address":"長安西路37號之一地下","facility_kind":"public_parking","symbol_text":"S","type_reference":"一般停車場","type_confidence":1,"price_raw":"計時：小型車/大重機50元/時(08-22)，10元/時(22-08)，機車10元/時(當日最高上限30元，隔日另計)。月租：小型車全日7,200元/月，日間4,800元/月(08-19)，夜間2,400元/月(09-08)；機車300元/月。","price_value":800,"capacity_total":326,"available_total":258,"occupied_total":68,"status_label":"空位","data_time":"2026-05-03 05:48:00","city_label":"臺北市","facility_kind_label":"停車場","available_rate":0.7914110429447853,"occupancy_rate":0.2085889570552147,"price_tier":"premium","price_tier_label":"極高價"}},{"type":"Feature","geometry":{"type":"Point","coordinates":[121.51330834259873,25.06053209586304]},"properties":{"supply_id":"taipei-parking-TPE0292","city":"taipei","district":"大同區","display_name":"168停車聯盟-涼州場","address":"重慶北路2段與涼州街交叉口","facility_kind":"public_parking","symbol_text":"S","type_reference":"一般停車場","type_confidence":1,"price_raw":"小型車：計時 100元/時，停車未滿1小時以1小時計，逾1小時以上，未滿半小時以半小時計；月租 全日10,000元。","price_value":100,"capacity_total":49,"available_total":null,"occupied_total":null,"status_label":"狀態未知","data_time":"2026-05-03 05:48:00","city_label":"臺北市","facility_kind_label":"停車場","available_rate":null,"occupancy_rate":null,"price_tier":"premium","price_tier_label":"極高價"}},{"type":"Feature","geometry":{"type":"Point","coordinates":[121.51030114300471,25.072346662868515]},"properties":{"supply_id":"taipei-parking-TPE0353","city":"taipei","district":"大同區","display_name":"迪化污水處理場平面停車場","address":"酒泉街235號","facility_kind":"public_parking","symbol_text":"S","type_reference":"一般停車場","type_confidence":1,"price_raw":"小型車：計時 20元/時，全程以半小時計;月租 全日4,800元","price_value":800,"capacity_total":91,"available_total":9,"occupied_total":82,"status_label":"空位","data_time":"2026-05-03 05:48:00","city_label":"臺北市","facility_kind_label":"停車場","available_rate":0.0989010989010989,"occupancy_rate":0.9010989010989011,"price_tier":"premium","price_tier_label":"極高價"}},{"type":"Feature","geometry":{"type":"Point","coordinates":[121.51369670591455,25.056138593198238]},"properties":{"supply_id":"taipei-parking-TPE0354","city":"taipei","district":"大同區","display_name":"朝陽公園地下停車場","address":"重慶北路2段68號地下室［地下共3層］","facility_kind":"public_parking","symbol_text":"S","type_reference":"一般停車場","type_confidence":1,"price_raw":"計時：小型車(含大型重型機車)40元/時(08-22)、10元/時(22-08)，停車全程以半小時計。月租：小型車全日5,760元/月，夜間(19-08)2,400元/月。","price_value":760,"capacity_total":244,"available_total":83,"occupied_total":161,"status_label":"空位","data_time":"2026-05-03 05:48:00","city_label":"臺北市","facility_kind_label":"停車場","available_rate":0.3401639344262295,"occupancy_rate":0.6598360655737705,"price_tier":"premium","price_tier_label":"極高價"}},{"type":"Feature","geometry":{"type":"Point","coordinates":[121.50875695185935,25.051190148564235]},"properties":{"supply_id":"taipei-parking-TPE0402","city":"taipei","district":"大同區","display_name":"臺北市立聯合醫院-中興院區停車場","address":"鄭州路145號","facility_kind":"public_parking","symbol_text":"S","type_reference":"一般停車場","type_confidence":1,"price_raw":"小型車：計時 1-2月50元/時(07-22)，10元/時(22-07)，3-12月40元/時(07-22)，10元/時(22-07)，停車全程以半小時計；月租 日間2,000元，進場未滿30分鐘離場不收費，殯葬廠商月票5,500元。","price_value":500,"capacity_total":80,"available_total":80,"occupied_total":0,"status_label":"空位","data_time":"2026-05-03 05:48:00","city_label":"臺北市","facility_kind_label":"停車場","available_rate":1,"occupancy_rate":0,"price_tier":"premium","price_tier_label":"極高價"}},{"type":"Feature","geometry":{"type":"Point","coordinates":[121.51860415437494,25.064869738390424]},"properties":{"supply_id":"taipei-parking-TPE0419","city":"taipei","district":"大同區","display_name":"三德觀光大飯店股份有限公司停車場","address":"承德路3段49號地上1層","facility_kind":"public_parking","symbol_text":"S","type_reference":"一般停車場","type_confidence":1,"price_raw":"計時：小型車100元/時，停車未滿1小時以1小時計，逾1小時以上，未滿半小時以半小時計。","price_value":100,"capacity_total":14,"available_total":null,"occupied_total":null,"status_label":"狀態未知","data_time":"2026-05-03 05:48:00","city_label":"臺北市","facility_kind_label":"停車場","available_rate":null,"occupancy_rate":null,"price_tier":"premium","price_tier_label":"極高價"}},{"type":"Feature","geometry":{"type":"Point","coordinates":[121.50688985246208,25.050246324989615]},"properties":{"supply_id":"taipei-parking-TPE0426","city":"taipei","district":"大同區","display_name":"玉泉公園停車場","address":"西寧北路28號","facility_kind":"public_parking","symbol_text":"S","type_reference":"一般停車場","type_confidence":1,"price_raw":"計時：小型車30元/時，停車全程以半小時計。免費停車：機車。","price_value":30,"capacity_total":22,"available_total":null,"occupied_total":null,"status_label":"狀態未知","data_time":"2026-05-03 05:48:00","city_label":"臺北市","facility_kind_label":"停車場","available_rate":null,"occupancy_rate":null,"price_tier":"medium","price_tier_label":"中價"}},{"type":"Feature","geometry":{"type":"Point","coordinates":[121.50760679089413,25.05610310672431]},"properties":{"supply_id":"taipei-parking-TPE0429","city":"taipei","district":"大同區","display_name":"五號水門堤外停車場","address":"鄭州路、民生西路底堤防外","facility_kind":"public_parking","symbol_text":"S","type_reference":"一般停車場","type_confidence":1,"price_raw":"計時:星期一至星期五30元(07-10)，40元(10-20)，星期六至星期日及政府行政機關放假之紀念日與民俗節日40元(07-20)，全程以半小時計費。月租:全日2,400元月(三、五號水門堤外通用)。","price_value":400,"capacity_total":69,"available_total":null,"occupied_total":null,"status_label":"狀態未知","data_time":"2026-05-03 05:48:00","city_label":"臺北市","facility_kind_label":"停車場","available_rate":null,"occupancy_rate":null,"price_tier":"premium","price_tier_label":"極高價"}},{"type":"Feature","geometry":{"type":"Point","coordinates":[121.51679577421334,25.055322085797428]},"properties":{"supply_id":"taipei-parking-TPE0499","city":"taipei","district":"大同區","display_name":"文化京都大樓管理委員會附設停車場","address":"太原路155號地下6層","facility_kind":"public_parking","symbol_text":"S","type_reference":"一般停車場","type_confidence":1,"price_raw":"小型車：機械式下車位3,000元，機械式上車位3,500元，機械式中車位4,000元。","price_value":500,"capacity_total":50,"available_total":null,"occupied_total":null,"status_label":"狀態未知","data_time":"2026-05-03 05:48:00","city_label":"臺北市","facility_kind_label":"停車場","available_rate":null,"occupancy_rate":null,"price_tier":"premium","price_tier_label":"極高價"}},{"type":"Feature","geometry":{"type":"Point","coordinates":[121.51065320819299,25.068504010235056]},"properties":{"supply_id":"taipei-parking-TPE0519","city":"taipei","district":"大同區","display_name":"168停車聯盟-延平北場","address":"延平北路3段123號對面空地","facility_kind":"public_parking","symbol_text":"S","type_reference":"一般停車場","type_confidence":1,"price_raw":"小型車：計時 150元/時，停車全程以半小時計；月租：15,000元。","price_value":150,"capacity_total":12,"available_total":null,"occupied_total":null,"status_label":"狀態未知","data_time":"2026-05-03 05:48:00","city_label":"臺北市","facility_kind_label":"停車場","available_rate":null,"occupancy_rate":null,"price_tier":"premium","price_tier_label":"極高價"}},{"type":"Feature","geometry":{"type":"Point","coordinates":[121.51384749711677,25.059024799601318]},"properties":{"supply_id":"taipei-parking-TPE0532","city":"taipei","district":"大同區","display_name":"全國停車場重慶店","address":"重慶北路2段171號地上2至7層及屋突1層","facility_kind":"public_parking","symbol_text":"S","type_reference":"一般停車場","type_confidence":1,"price_raw":"計時：小型車60元/時，機車20元/時，停車未滿1小時以1小時計，逾1小時以上，未滿半小時以半小時計。月租：小型車全日5,000元/月，機車全日3,000元/月。","price_value":60,"capacity_total":481,"available_total":null,"occupied_total":null,"status_label":"狀態未知","data_time":"2026-05-03 05:48:00","city_label":"臺北市","facility_kind_label":"停車場","available_rate":null,"occupancy_rate":null,"price_tier":"high","price_tier_label":"高價"}},{"type":"Feature","geometry":{"type":"Point","coordinates":[121.51014879425857,25.063086644264924]},"properties":{"supply_id":"taipei-parking-TPE0539","city":"taipei","district":"大同區","display_name":"臺北大橋橋下停車場","address":"環河北路2段至延平北路3段間之臺北大橋橋下空間","facility_kind":"public_parking","symbol_text":"S","type_reference":"一般停車場","type_confidence":1,"price_raw":"計時：小型車(含大型重型機車)週一至週五40元/時，週六至週日及政府行政機關放假之紀念日、民俗節日50元/時，停車全程以半小時計。計次：機車20元/次，隔日另計，以00時為基準。月租：小型車全日7,200元/月，機車全日300元/月。","price_value":300,"capacity_total":84,"available_total":12,"occupied_total":72,"status_label":"空位","data_time":"2026-05-03 05:48:00","city_label":"臺北市","facility_kind_label":"停車場","available_rate":0.14285714285714285,"occupancy_rate":0.8571428571428571,"price_tier":"premium","price_tier_label":"極高價"}},{"type":"Feature","geometry":{"type":"Point","coordinates":[121.51608869084691,25.04911096654925]},"properties":{"supply_id":"taipei-parking-TPE0560","city":"taipei","district":"大同區","display_name":"鄭州路機車停車場","address":"鄭州路3之4號旁","facility_kind":"public_parking","symbol_text":"S","type_reference":"一般停車場","type_confidence":1,"price_raw":"機車：20元/時；月租1200元/月。","price_value":1200,"capacity_total":0,"available_total":null,"occupied_total":null,"status_label":"狀態未知","data_time":"2026-05-03 05:48:00","city_label":"臺北市","facility_kind_label":"停車場","available_rate":null,"occupancy_rate":null,"price_tier":"premium","price_tier_label":"極高價"}},{"type":"Feature","geometry":{"type":"Point","coordinates":[121.51921968421111,25.062387126063523]},"properties":{"supply_id":"taipei-parking-TPE0580","city":"taipei","district":"大同區","display_name":"禾典民權站","address":"民權西路96巷底旁空地","facility_kind":"public_parking","symbol_text":"S","type_reference":"一般停車場","type_confidence":1,"price_raw":"小型車：計時 100元/時，停車未滿1小時以1小時計，逾1小時以上，未滿半小時以半小時計；月租 全日10,000元，日間8,000元(08時~18時)，夜間6,500元(18時~08時)。","price_value":500,"capacity_total":48,"available_total":null,"occupied_total":null,"status_label":"狀態未知","data_time":"2026-05-03 05:48:00","city_label":"臺北市","facility_kind_label":"停車場","available_rate":null,"occupancy_rate":null,"price_tier":"premium","price_tier_label":"極高價"}},{"type":"Feature","geometry":{"type":"Point","coordinates":[121.51629710897429,25.060271205660875]},"properties":{"supply_id":"taipei-parking-TPE0692","city":"taipei","district":"大同區","display_name":"臺北市大同區雙蓮國小停車場","address":"錦西街51號","facility_kind":"public_parking","symbol_text":"S","type_reference":"一般停車場","type_confidence":1,"price_raw":"小型車： 計次 、限團體辦理活動日當日60元/次，隔日另計，6000元/季。","price_value":6000,"capacity_total":24,"available_total":null,"occupied_total":null,"status_label":"狀態未知","data_time":"2026-05-03 05:48:00","city_label":"臺北市","facility_kind_label":"停車場","available_rate":null,"occupancy_rate":null,"price_tier":"premium","price_tier_label":"極高價"}},{"type":"Feature","geometry":{"type":"Point","coordinates":[121.51770450184245,25.07618052203176]},"properties":{"supply_id":"taipei-parking-TPE0699","city":"taipei","district":"大同區","display_name":"臺北市立重慶國民中學停車場","address":"敦煌路19號","facility_kind":"public_parking","symbol_text":"S","type_reference":"一般停車場","type_confidence":1,"price_raw":"季票：4,500元(三個月為1季)。計次：租用同一時段每次40元(限團體辦理活動臨時租用本校場地停車使用)。","price_value":500,"capacity_total":23,"available_total":null,"occupied_total":null,"status_label":"狀態未知","data_time":"2026-05-03 05:48:00","city_label":"臺北市","facility_kind_label":"停車場","available_rate":null,"occupancy_rate":null,"price_tier":"premium","price_tier_label":"極高價"}},{"type":"Feature","geometry":{"type":"Point","coordinates":[121.51794131250453,25.049176743266507]},"properties":{"supply_id":"taipei-parking-TPE0701","city":"taipei","district":"大同區","display_name":"京站停車場","address":"承德路1段1號地下4-5層暨華陰街32號地下2-3層","facility_kind":"public_parking","symbol_text":"S","type_reference":"一般停車場","type_confidence":1,"price_raw":"計時：小型車週一至週五100元/時(09-21)、60元/時(21-09)，其餘時段(含國定例假日)100元/時；機車20元/時，每日上限100元(隔日另計)，全程以半小時計。月租：小型車全日8,000元，日間6,000元，夜間4,000元，機車全日1,200元。","price_value":200,"capacity_total":536,"available_total":367,"occupied_total":169,"status_label":"空位","data_time":"2026-05-03 05:48:00","city_label":"臺北市","facility_kind_label":"停車場","available_rate":0.6847014925373134,"occupancy_rate":0.31529850746268656,"price_tier":"premium","price_tier_label":"極高價"}},{"type":"Feature","geometry":{"type":"Point","coordinates":[121.51621133513848,25.06478553894085]},"properties":{"supply_id":"taipei-parking-TPE0721","city":"taipei","district":"大同區","display_name":"臺北市大同運動中心地下平面停車場","address":"大龍街51號地下3層","facility_kind":"public_parking","symbol_text":"S","type_reference":"一般停車場","type_confidence":1,"price_raw":"計時：日間40元/時(06-22)，夜間20元/時(22-06)，全程以半小時計費。","price_value":40,"capacity_total":46,"available_total":null,"occupied_total":null,"status_label":"狀態未知","data_time":"2026-05-03 05:48:00","city_label":"臺北市","facility_kind_label":"停車場","available_rate":null,"occupancy_rate":null,"price_tier":"medium","price_tier_label":"中價"}},{"type":"Feature","geometry":{"type":"Point","coordinates":[121.51153876513803,25.061933039865774]},"properties":{"supply_id":"taipei-parking-TPE0725","city":"taipei","district":"大同區","display_name":"臺北市大同區太平國民小學停車場","address":"延平北路2段239號","facility_kind":"public_parking","symbol_text":"S","type_reference":"一般停車場","type_confidence":1,"price_raw":"季繳(3個月為1期)2,925元。","price_value":925,"capacity_total":20,"available_total":null,"occupied_total":null,"status_label":"狀態未知","data_time":"2026-05-03 05:48:00","city_label":"臺北市","facility_kind_label":"停車場","available_rate":null,"occupancy_rate":null,"price_tier":"premium","price_tier_label":"極高價"}},{"type":"Feature","geometry":{"type":"Point","coordinates":[121.51759375425414,25.0738584414077]},"properties":{"supply_id":"taipei-parking-TPE0746","city":"taipei","district":"大同區","display_name":"保安停車場","address":"哈密街41、43、45號空地","facility_kind":"public_parking","symbol_text":"S","type_reference":"一般停車場","type_confidence":1,"price_raw":"小型車：月租 全日4,500元。","price_value":500,"capacity_total":17,"available_total":null,"occupied_total":null,"status_label":"狀態未知","data_time":"2026-05-03 05:48:00","city_label":"臺北市","facility_kind_label":"停車場","available_rate":null,"occupancy_rate":null,"price_tier":"premium","price_tier_label":"極高價"}},{"type":"Feature","geometry":{"type":"Point","coordinates":[121.51053910910136,25.054948746049234]},"properties":{"supply_id":"taipei-parking-TPE0756","city":"taipei","district":"大同區","display_name":"驛東交停企業有限公司永樂場","address":"迪化街1段21號地下1層","facility_kind":"public_parking","symbol_text":"S","type_reference":"一般停車場","type_confidence":1,"price_raw":"計時：小型車60元/時，機車10元/時(當日當次最高20元)，停車全程以半小時計；月租：小型車7,200元，機車300元。","price_value":300,"capacity_total":45,"available_total":null,"occupied_total":null,"status_label":"狀態未知","data_time":"2026-05-03 05:48:00","city_label":"臺北市","facility_kind_label":"停車場","available_rate":null,"occupancy_rate":null,"price_tier":"premium","price_tier_label":"極高價"}},{"type":"Feature","geometry":{"type":"Point","coordinates":[121.51679574052501,25.056495736006173]},"properties":{"supply_id":"taipei-parking-TPE0758","city":"taipei","district":"大同區","display_name":"蓬萊國小地下停車場","address":"寧夏路35號地下(地下共2層)","facility_kind":"public_parking","symbol_text":"S","type_reference":"一般停車場","type_confidence":1,"price_raw":"小型車：計時 (16時~22時)40元/時，(22時~16時)30元/時，全程以半小時計;月租 全日5,760元，電動汽車充電另收充電服務費，採以度計費。機車：機車收費10元/時，當日單次停車最高收費上限20元/日，隔日另計;機車月租300元/月，每半小時收費5元。","price_value":760,"capacity_total":286,"available_total":129,"occupied_total":157,"status_label":"空位","data_time":"2026-05-03 05:48:00","city_label":"臺北市","facility_kind_label":"停車場","available_rate":0.45104895104895104,"occupancy_rate":0.548951048951049,"price_tier":"premium","price_tier_label":"極高價"}},{"type":"Feature","geometry":{"type":"Point","coordinates":[121.51802989670354,25.07591757323666]},"properties":{"supply_id":"taipei-parking-TPE0784","city":"taipei","district":"大同區","display_name":"敦煌路大型車平面停車場","address":"敦煌路21巷內","facility_kind":"public_parking","symbol_text":"S","type_reference":"一般停車場","type_confidence":1,"price_raw":"計時：30元/時(每日最高收費120元)，全程以半小時計費。","price_value":120,"capacity_total":0,"available_total":null,"occupied_total":null,"status_label":"狀態未知","data_time":"2026-05-03 05:48:00","city_label":"臺北市","facility_kind_label":"停車場","available_rate":null,"occupancy_rate":null,"price_tier":"premium","price_tier_label":"極高價"}},{"type":"Feature","geometry":{"type":"Point","coordinates":[121.5192846189367,25.077567579150827]},"properties":{"supply_id":"taipei-parking-TPE0785","city":"taipei","district":"大同區","display_name":"承德橋下停車場","address":"明倫高中後方越堤道路(通河街-橋下)","facility_kind":"public_parking","symbol_text":"S","type_reference":"一般停車場","type_confidence":1,"price_raw":"計時：小型車20元/時，全程以半小時計費。月租：小型車全日3,000元/月。機車免費。","price_value":20,"capacity_total":179,"available_total":null,"occupied_total":null,"status_label":"狀態未知","data_time":"2026-05-03 05:48:00","city_label":"臺北市","facility_kind_label":"停車場","available_rate":null,"occupancy_rate":null,"price_tier":"low","price_tier_label":"低價"}},{"type":"Feature","geometry":{"type":"Point","coordinates":[121.5168552562929,25.061749867787853]},"properties":{"supply_id":"taipei-parking-TPE0789","city":"taipei","district":"大同區","display_name":"168停車聯盟-承德場","address":"民權西路102巷4弄25號旁空地","facility_kind":"public_parking","symbol_text":"S","type_reference":"一般停車場","type_confidence":1,"price_raw":"計時：100元/時，全程以半小時計費。月租：10,000元/月。","price_value":100,"capacity_total":35,"available_total":null,"occupied_total":null,"status_label":"狀態未知","data_time":"2026-05-03 05:48:00","city_label":"臺北市","facility_kind_label":"停車場","available_rate":null,"occupancy_rate":null,"price_tier":"premium","price_tier_label":"極高價"}},{"type":"Feature","geometry":{"type":"Point","coordinates":[121.51822500956503,25.053892926459618]},"properties":{"supply_id":"taipei-parking-TPE0824","city":"taipei","district":"大同區","display_name":"建成公園地下停車場","address":"承德路2段31號地下","facility_kind":"public_parking","symbol_text":"S","type_reference":"一般停車場","type_confidence":1,"price_raw":"小型車(含大型重型機車)：計時 50元/時(10時~22時)，30元/時(22時~10時)，停車全程以半小時計；月租 全日5,760元，大型重機2,880元。機車：10元/時，當日單次停車最高收費上限30元/日，隔日另計，以24時為基準；月租300元/月。","price_value":880,"capacity_total":238,"available_total":105,"occupied_total":133,"status_label":"空位","data_time":"2026-05-03 05:48:00","city_label":"臺北市","facility_kind_label":"停車場","available_rate":0.4411764705882353,"occupancy_rate":0.5588235294117647,"price_tier":"premium","price_tier_label":"極高價"}},{"type":"Feature","geometry":{"type":"Point","coordinates":[121.51721629512583,25.074114799639727]},"properties":{"supply_id":"taipei-parking-TPE0828","city":"taipei","district":"大同區","display_name":"大龍國小地下停車場","address":"哈密街47號地下1層","facility_kind":"public_parking","symbol_text":"S","type_reference":"一般停車場","type_confidence":1,"price_raw":"計時：小型車週一~週五30元/時，週六、週日、行政機關放假之紀念日與民俗日40元/時，全程以半小時計；月租：小型車全日4,800元，日間2,000元(07時~19時)，夜間2,400元(19時~08時)。計次：機車20元/次，隔日另計。","price_value":800,"capacity_total":266,"available_total":42,"occupied_total":224,"status_label":"空位","data_time":"2026-05-03 05:48:00","city_label":"臺北市","facility_kind_label":"停車場","available_rate":0.15789473684210525,"occupancy_rate":0.8421052631578947,"price_tier":"premium","price_tier_label":"極高價"}},{"type":"Feature","geometry":{"type":"Point","coordinates":[121.51766000935125,25.049818717822294]},"properties":{"supply_id":"taipei-parking-TPE0834","city":"taipei","district":"大同區","display_name":"筌壹企業(股)公司站前營業所","address":"華陰街89號","facility_kind":"public_parking","symbol_text":"S","type_reference":"一般停車場","type_confidence":1,"price_raw":"計時：小型車50元/時，停車未滿1小時以1小時計，逾1小時以上，未滿半小時以半小時計。月租：小型車全日5,000元/月。","price_value":50,"capacity_total":50,"available_total":null,"occupied_total":null,"status_label":"狀態未知","data_time":"2026-05-03 05:48:00","city_label":"臺北市","facility_kind_label":"停車場","available_rate":null,"occupancy_rate":null,"price_tier":"high","price_tier_label":"高價"}},{"type":"Feature","geometry":{"type":"Point","coordinates":[121.51716654561656,25.06905474625176]},"properties":{"supply_id":"taipei-parking-TPE0896","city":"taipei","district":"大同區","display_name":"168停車聯盟-大龍場","address":"民族西路105號地下1至2層","facility_kind":"public_parking","symbol_text":"S","type_reference":"一般停車場","type_confidence":1,"price_raw":"小型車：計時 50元/時，停車全程以半小時計；月租 全日8,000元。機車：20元/次；月租2,400元/月。","price_value":400,"capacity_total":43,"available_total":23,"occupied_total":20,"status_label":"空位","data_time":"2026-05-03 05:48:00","city_label":"臺北市","facility_kind_label":"停車場","available_rate":0.5348837209302325,"occupancy_rate":0.46511627906976744,"price_tier":"premium","price_tier_label":"極高價"}},{"type":"Feature","geometry":{"type":"Point","coordinates":[121.51527688410138,25.052205903954583]},"properties":{"supply_id":"taipei-parking-TPE0905","city":"taipei","district":"大同區","display_name":"台灣聯通太原停車場","address":"太原路76巷1號","facility_kind":"public_parking","symbol_text":"S","type_reference":"一般停車場","type_confidence":1,"price_raw":"小型車：計時 100元/時，未滿1小時以1小時計，逾1小時以上，未滿半小時以半小時計;月租 全日10,000元","price_value":100,"capacity_total":28,"available_total":27,"occupied_total":1,"status_label":"空位","data_time":"2026-05-03 05:48:00","city_label":"臺北市","facility_kind_label":"停車場","available_rate":0.9642857142857143,"occupancy_rate":0.03571428571428571,"price_tier":"premium","price_tier_label":"極高價"}},{"type":"Feature","geometry":{"type":"Point","coordinates":[121.5177005837383,25.073627853460305]},"properties":{"supply_id":"taipei-parking-TPE0927","city":"taipei","district":"大同區","display_name":"保安第二停車場","address":"哈密街58號空地","facility_kind":"public_parking","symbol_text":"S","type_reference":"一般停車場","type_confidence":1,"price_raw":"月租：：全天5,000元/月，日間：4,500元/月(0730-1830)，夜間4,000元/月(1830-0730)。","price_value":1830,"capacity_total":15,"available_total":null,"occupied_total":null,"status_label":"狀態未知","data_time":"2026-05-03 05:48:00","city_label":"臺北市","facility_kind_label":"停車場","available_rate":null,"occupancy_rate":null,"price_tier":"premium","price_tier_label":"極高價"}},{"type":"Feature","geometry":{"type":"Point","coordinates":[121.51200133438937,25.074259271566362]},"properties":{"supply_id":"taipei-parking-TPE0930","city":"taipei","district":"大同區","display_name":"啟聰學校地下停車場","address":"延平北路4段205號地下1層","facility_kind":"public_parking","symbol_text":"S","type_reference":"一般停車場","type_confidence":1,"price_raw":"計時：小型車30元/時，全程半小時計費。月租：小型車全日月票4,800元；機車全日月票300元。計次：機車20元/次，隔日另計。","price_value":800,"capacity_total":175,"available_total":0,"occupied_total":175,"status_label":"已停","data_time":"2026-05-03 05:48:00","city_label":"臺北市","facility_kind_label":"停車場","available_rate":0,"occupancy_rate":1,"price_tier":"premium","price_tier_label":"極高價"}},{"type":"Feature","geometry":{"type":"Point","coordinates":[121.5163190459911,25.064692626740367]},"properties":{"supply_id":"taipei-parking-TPE0947","city":"taipei","district":"大同區","display_name":"臺北市大同區大同國民小學開放停車場","address":"大龍街51號","facility_kind":"public_parking","symbol_text":"S","type_reference":"一般停車場","type_confidence":1,"price_raw":"小型車：全日季繳10,500元，夜間季繳6,300元，3個月為1期。","price_value":500,"capacity_total":24,"available_total":null,"occupied_total":null,"status_label":"狀態未知","data_time":"2026-05-03 05:48:00","city_label":"臺北市","facility_kind_label":"停車場","available_rate":null,"occupancy_rate":null,"price_tier":"premium","price_tier_label":"極高價"}},{"type":"Feature","geometry":{"type":"Point","coordinates":[121.5187126224246,25.06973774199997]},"properties":{"supply_id":"taipei-parking-TPE0955","city":"taipei","district":"大同區","display_name":"Times 承德路第5【月租】","address":"承德路3段203號旁空地","facility_kind":"public_parking","symbol_text":"S","type_reference":"一般停車場","type_confidence":1,"price_raw":"計時：小型車200元/時，停車全程以半小時計。月租：小型車全日10,000元/月。","price_value":200,"capacity_total":1,"available_total":null,"occupied_total":null,"status_label":"狀態未知","data_time":"2026-05-03 05:48:00","city_label":"臺北市","facility_kind_label":"停車場","available_rate":null,"occupancy_rate":null,"price_tier":"premium","price_tier_label":"極高價"}},{"type":"Feature","geometry":{"type":"Point","coordinates":[121.51581772339028,25.06746598550588]},"properties":{"supply_id":"taipei-parking-TPE0975","city":"taipei","district":"大同區","display_name":"揚雅立體停車場","address":"大龍街136號","facility_kind":"public_parking","symbol_text":"S","type_reference":"一般停車場","type_confidence":1,"price_raw":"小型車：計時 20元/時，停車全程以半小時計；月租 全日3,840元。","price_value":840,"capacity_total":204,"available_total":29,"occupied_total":175,"status_label":"空位","data_time":"2026-05-03 05:48:00","city_label":"臺北市","facility_kind_label":"停車場","available_rate":0.14215686274509803,"occupancy_rate":0.8578431372549019,"price_tier":"premium","price_tier_label":"極高價"}},{"type":"Feature","geometry":{"type":"Point","coordinates":[121.51179094329784,25.05627833686769]},"properties":{"supply_id":"taipei-parking-TPE0996","city":"taipei","district":"大同區","display_name":"星聚點壹號文創延平站","address":"延平北路2段83號地下3至4層","facility_kind":"public_parking","symbol_text":"S","type_reference":"一般停車場","type_confidence":1,"price_raw":"計時：小型車100元/時，停車未滿1小時以1小時計，逾1小時以上，未滿半小時以半小時計。月租：小型車全日10,000元/月。","price_value":100,"capacity_total":150,"available_total":null,"occupied_total":null,"status_label":"狀態未知","data_time":"2026-05-03 05:48:00","city_label":"臺北市","facility_kind_label":"停車場","available_rate":null,"occupancy_rate":null,"price_tier":"premium","price_tier_label":"極高價"}},{"type":"Feature","geometry":{"type":"Point","coordinates":[121.51055453173228,25.052989598445823]},"properties":{"supply_id":"taipei-parking-TPE1008","city":"taipei","district":"大同區","display_name":"Times迪化街","address":"塔城街59號北側空地","facility_kind":"public_parking","symbol_text":"S","type_reference":"一般停車場","type_confidence":1,"price_raw":"計時：小型車300元/時，停車全程以半小時計。月租：小型車全日10,000元/月。","price_value":300,"capacity_total":5,"available_total":null,"occupied_total":null,"status_label":"狀態未知","data_time":"2026-05-03 05:48:00","city_label":"臺北市","facility_kind_label":"停車場","available_rate":null,"occupancy_rate":null,"price_tier":"premium","price_tier_label":"極高價"}},{"type":"Feature","geometry":{"type":"Point","coordinates":[121.51306944517992,25.060137943143033]},"properties":{"supply_id":"taipei-parking-TPE1034","city":"taipei","district":"大同區","display_name":"一銀重慶停車場","address":"重慶北路2段180號地下1至3層","facility_kind":"public_parking","symbol_text":"S","type_reference":"一般停車場","type_confidence":1,"price_raw":"計時：小型車60元/時，停車未滿1小時以1小時計，逾1小時以上，未滿半小時以半小時計。月租：小型車全日6,000元/月。","price_value":60,"capacity_total":112,"available_total":null,"occupied_total":null,"status_label":"狀態未知","data_time":"2026-05-03 05:48:00","city_label":"臺北市","facility_kind_label":"停車場","available_rate":null,"occupancy_rate":null,"price_tier":"high","price_tier_label":"高價"}},{"type":"Feature","geometry":{"type":"Point","coordinates":[121.51785949806714,25.05056509640993]},"properties":{"supply_id":"taipei-parking-TPE1051","city":"taipei","district":"大同區","display_name":"Times 長安西路","address":"長安西路134號旁","facility_kind":"public_parking","symbol_text":"S","type_reference":"一般停車場","type_confidence":1,"price_raw":"計時：100元/時，停車未滿1小時以1小時計算，逾1小時以上，未滿半小時以半小時計算。月租：全日10,000元/月。","price_value":100,"capacity_total":5,"available_total":3,"occupied_total":2,"status_label":"空位","data_time":"2026-05-03 05:48:00","city_label":"臺北市","facility_kind_label":"停車場","available_rate":0.6,"occupancy_rate":0.4,"price_tier":"premium","price_tier_label":"極高價"}},{"type":"Feature","geometry":{"type":"Point","coordinates":[121.51985800029263,25.061640077162558]},"properties":{"supply_id":"taipei-parking-TPE1082","city":"taipei","district":"大同區","display_name":"嘟嘟房捷運民權西路站停車場","address":"民權西路72號","facility_kind":"public_parking","symbol_text":"S","type_reference":"一般停車場","type_confidence":1,"price_raw":"計次:20元/次(隔日另計，以凌晨2時為跨日基準)。月租:全日900元/季。","price_value":900,"capacity_total":0,"available_total":0,"occupied_total":0,"status_label":"已停","data_time":"2026-05-03 05:48:00","city_label":"臺北市","facility_kind_label":"停車場","available_rate":null,"occupancy_rate":null,"price_tier":"premium","price_tier_label":"極高價"}},{"type":"Feature","geometry":{"type":"Point","coordinates":[121.51075098423581,25.06182967168638]},"properties":{"supply_id":"taipei-parking-TPE1090","city":"taipei","district":"大同區","display_name":"臺北市大同區永樂國小停車場","address":"延平北路2段266號","facility_kind":"public_parking","symbol_text":"S","type_reference":"一般停車場","type_confidence":1,"price_raw":"季票：6,000元。計次：30元(限團體辦理活動當日臨時借用校地停車使用)。","price_value":30,"capacity_total":17,"available_total":null,"occupied_total":null,"status_label":"狀態未知","data_time":"2026-05-03 05:48:00","city_label":"臺北市","facility_kind_label":"停車場","available_rate":null,"occupancy_rate":null,"price_tier":"medium","price_tier_label":"中價"}},{"type":"Feature","geometry":{"type":"Point","coordinates":[121.51814651162229,25.06962009710601]},"properties":{"supply_id":"taipei-parking-TPE1131","city":"taipei","district":"大同區","display_name":"叭叭房承德大樓地下室停車場","address":"承德路3段186號","facility_kind":"public_parking","symbol_text":"S","type_reference":"一般停車場","type_confidence":1,"price_raw":"計時：100元/時，停車未滿1小時以1小時計算，逾1小時以上，未滿半小時以半小時計算。月租：全日12,000元/月。計次：500元/次。","price_value":500,"capacity_total":20,"available_total":null,"occupied_total":null,"status_label":"狀態未知","data_time":"2026-05-03 05:48:00","city_label":"臺北市","facility_kind_label":"停車場","available_rate":null,"occupancy_rate":null,"price_tier":"premium","price_tier_label":"極高價"}},{"type":"Feature","geometry":{"type":"Point","coordinates":[121.5115533115252,25.05931936154248]},"properties":{"supply_id":"taipei-parking-TPE1152","city":"taipei","district":"大同區","display_name":"延平第一停車場","address":"延平北路2段197號地下2層","facility_kind":"public_parking","symbol_text":"S","type_reference":"一般停車場","type_confidence":1,"price_raw":"小型車：計時 30元/時(08-18)，10元/時(18-08)，特殊節日50元/時，停車未滿1小時以1小時計，逾1小時以上，未滿半小時以半小時計。","price_value":50,"capacity_total":18,"available_total":null,"occupied_total":null,"status_label":"狀態未知","data_time":"2026-05-03 05:48:00","city_label":"臺北市","facility_kind_label":"停車場","available_rate":null,"occupancy_rate":null,"price_tier":"high","price_tier_label":"高價"}},{"type":"Feature","geometry":{"type":"Point","coordinates":[121.5152900910638,25.06277096536742]},"properties":{"supply_id":"taipei-parking-TPE1157","city":"taipei","district":"大同區","display_name":"168停車聯盟-民權西場","address":"民權西路162號旁空地","facility_kind":"public_parking","symbol_text":"S","type_reference":"一般停車場","type_confidence":1,"price_raw":"小型車：計時 150元/時，停車全程以半小時計；月租 全日15,000元。","price_value":150,"capacity_total":2,"available_total":null,"occupied_total":null,"status_label":"狀態未知","data_time":"2026-05-03 05:48:00","city_label":"臺北市","facility_kind_label":"停車場","available_rate":null,"occupancy_rate":null,"price_tier":"premium","price_tier_label":"極高價"}},{"type":"Feature","geometry":{"type":"Point","coordinates":[121.51314055414346,25.054156594791074]},"properties":{"supply_id":"taipei-parking-TPE1191","city":"taipei","district":"大同區","display_name":"大圓環停車場","address":"南京西路163號地下2層","facility_kind":"public_parking","symbol_text":"S","type_reference":"一般停車場","type_confidence":1,"price_raw":"計時：100元/時，停車未滿1小時以1小時計算，逾1小時以上，未滿半小時以半小時計算。月租：10,000元/月。","price_value":100,"capacity_total":21,"available_total":null,"occupied_total":null,"status_label":"狀態未知","data_time":"2026-05-03 05:48:00","city_label":"臺北市","facility_kind_label":"停車場","available_rate":null,"occupancy_rate":null,"price_tier":"premium","price_tier_label":"極高價"}},{"type":"Feature","geometry":{"type":"Point","coordinates":[121.51936691506172,25.059987401866984]},"properties":{"supply_id":"taipei-parking-TPE1216","city":"taipei","district":"大同區","display_name":"168停車聯盟-雙連三場","address":"錦西街72巷10號旁左側空地","facility_kind":"public_parking","symbol_text":"S","type_reference":"一般停車場","type_confidence":1,"price_raw":"小型車：計時 150元/時，停車全程以半小時計；月租 全日15,000元。","price_value":150,"capacity_total":1,"available_total":null,"occupied_total":null,"status_label":"狀態未知","data_time":"2026-05-03 05:48:00","city_label":"臺北市","facility_kind_label":"停車場","available_rate":null,"occupancy_rate":null,"price_tier":"premium","price_tier_label":"極高價"}},{"type":"Feature","geometry":{"type":"Point","coordinates":[121.51968424751277,25.060026918007058]},"properties":{"supply_id":"taipei-parking-TPE1217","city":"taipei","district":"大同區","display_name":"168停車聯盟-雙連一場","address":"錦西街72巷3號旁空地","facility_kind":"public_parking","symbol_text":"S","type_reference":"一般停車場","type_confidence":1,"price_raw":"小型車：計時 150元/時，停車全程以半小時計；月租 全日15,000元。","price_value":150,"capacity_total":6,"available_total":null,"occupied_total":null,"status_label":"狀態未知","data_time":"2026-05-03 05:48:00","city_label":"臺北市","facility_kind_label":"停車場","available_rate":null,"occupancy_rate":null,"price_tier":"premium","price_tier_label":"極高價"}},{"type":"Feature","geometry":{"type":"Point","coordinates":[121.51945322868521,25.06003675435561]},"properties":{"supply_id":"taipei-parking-TPE1218","city":"taipei","district":"大同區","display_name":"168停車聯盟-雙連二場","address":"錦西街72巷3號左側空地","facility_kind":"public_parking","symbol_text":"S","type_reference":"一般停車場","type_confidence":1,"price_raw":"小型車：計時 150元/時，停車全程以半小時計；月租 全日15,000元。","price_value":150,"capacity_total":1,"available_total":null,"occupied_total":null,"status_label":"狀態未知","data_time":"2026-05-03 05:48:00","city_label":"臺北市","facility_kind_label":"停車場","available_rate":null,"occupancy_rate":null,"price_tier":"premium","price_tier_label":"極高價"}},{"type":"Feature","geometry":{"type":"Point","coordinates":[121.51411182433975,25.058312923716056]},"properties":{"supply_id":"taipei-parking-TPE1219","city":"taipei","district":"大同區","display_name":"歸綏停車場","address":"歸綏街167號旁空地","facility_kind":"public_parking","symbol_text":"S","type_reference":"一般停車場","type_confidence":1,"price_raw":"月租：小型車全日12,000元/月。","price_value":12,"capacity_total":3,"available_total":null,"occupied_total":null,"status_label":"狀態未知","data_time":"2026-05-03 05:48:00","city_label":"臺北市","facility_kind_label":"停車場","available_rate":null,"occupancy_rate":null,"price_tier":"low","price_tier_label":"低價"}},{"type":"Feature","geometry":{"type":"Point","coordinates":[121.510800103018,25.051711279763445]},"properties":{"supply_id":"taipei-parking-TPE1233","city":"taipei","district":"大同區","display_name":"台北塔城場","address":"塔城街13號旁","facility_kind":"public_parking","symbol_text":"S","type_reference":"一般停車場","type_confidence":1,"price_raw":"計時：小型車200元/時，停車全程以半小時計。月租：小型車全日12,000元/月。","price_value":200,"capacity_total":49,"available_total":null,"occupied_total":null,"status_label":"狀態未知","data_time":"2026-05-03 05:48:00","city_label":"臺北市","facility_kind_label":"停車場","available_rate":null,"occupancy_rate":null,"price_tier":"premium","price_tier_label":"極高價"}},{"type":"Feature","geometry":{"type":"Point","coordinates":[121.51175595576179,25.063514461484264]},"properties":{"supply_id":"taipei-parking-TPE1239","city":"taipei","district":"大同區","display_name":"嘟嘟房捷運大橋頭站停車場","address":"延平北路3段與民權西路口地下1層","facility_kind":"public_parking","symbol_text":"S","type_reference":"一般停車場","type_confidence":1,"price_raw":"計次:20元/次(隔日另計，以凌晨2時為跨日基準)。月租:全日900元/季。","price_value":900,"capacity_total":0,"available_total":0,"occupied_total":0,"status_label":"已停","data_time":"2026-05-03 05:48:00","city_label":"臺北市","facility_kind_label":"停車場","available_rate":null,"occupancy_rate":null,"price_tier":"premium","price_tier_label":"極高價"}},{"type":"Feature","geometry":{"type":"Point","coordinates":[121.54334178916783,25.04553346512069]},"properties":{"supply_id":"taipei-parking-TPE1251","city":"taipei","district":"大同區","display_name":"168停車聯盟-承德三場","address":"民權西路160巷26弄12號旁空地","facility_kind":"public_parking","symbol_text":"S","type_reference":"一般停車場","type_confidence":1,"price_raw":"計時：150元/時，全程以半小時計算。月租：10,000元/月。","price_value":150,"capacity_total":49,"available_total":null,"occupied_total":null,"status_label":"狀態未知","data_time":"2026-05-03 05:48:00","city_label":"臺北市","facility_kind_label":"停車場","available_rate":null,"occupancy_rate":null,"price_tier":"premium","price_tier_label":"極高價"}},{"type":"Feature","geometry":{"type":"Point","coordinates":[121.5142650638845,25.074987232880066]},"properties":{"supply_id":"taipei-parking-TPE1258","city":"taipei","district":"大同區","display_name":"臺北市大龍新城地下停車場","address":"重慶北路3段347號地下1至4層","facility_kind":"public_parking","symbol_text":"S","type_reference":"一般停車場","type_confidence":1,"price_raw":"小型車：計時 100元/時，停車全程以半小時計。機車：10元/時，當日單次停車最高收費上限20元；月租300元。","price_value":300,"capacity_total":198,"available_total":null,"occupied_total":null,"status_label":"狀態未知","data_time":"2026-05-03 05:48:00","city_label":"臺北市","facility_kind_label":"停車場","available_rate":null,"occupancy_rate":null,"price_tier":"premium","price_tier_label":"極高價"}},{"type":"Feature","geometry":{"type":"Point","coordinates":[121.51943865871989,25.053714896481303]},"properties":{"supply_id":"taipei-parking-TPE1285","city":"taipei","district":"大同區","display_name":"赤峰街機車停車場","address":"赤峰街17巷1號對面空地","facility_kind":"public_parking","symbol_text":"S","type_reference":"一般停車場","type_confidence":1,"price_raw":"機車：100元/時，停車未滿1小時以1小時計算，逾1小時以上，未滿半小時以半小時計算。","price_value":100,"capacity_total":0,"available_total":0,"occupied_total":0,"status_label":"已停","data_time":"2026-05-03 05:48:00","city_label":"臺北市","facility_kind_label":"停車場","available_rate":null,"occupancy_rate":null,"price_tier":"premium","price_tier_label":"極高價"}},{"type":"Feature","geometry":{"type":"Point","coordinates":[121.51988076023588,25.073270396891076]},"properties":{"supply_id":"taipei-parking-TPE1333","city":"taipei","district":"大同區","display_name":"明倫社會住宅地下停車場","address":"承德路3段285號地下1至2層","facility_kind":"public_parking","symbol_text":"S","type_reference":"一般停車場","type_confidence":1,"price_raw":"計時：小型車(含大型重型機車)週一至週五30元/時，週六至週日及政府行政機關放假之紀念日、民俗節日50元/時，停車全程以半小時計。計次：機車20元/次，隔日另計，以00時為基準。月租：小型車全日4,800元/月，機車全日300元/月，大型重型機車全日2,400元/月。","price_value":800,"capacity_total":239,"available_total":null,"occupied_total":null,"status_label":"狀態未知","data_time":"2026-05-03 05:48:00","city_label":"臺北市","facility_kind_label":"停車場","available_rate":null,"occupancy_rate":null,"price_tier":"premium","price_tier_label":"極高價"}},{"type":"Feature","geometry":{"type":"Point","coordinates":[121.51192877003177,25.06693776164599]},"properties":{"supply_id":"taipei-parking-TPE1334","city":"taipei","district":"大同區","display_name":"延平國小地下停車場","address":"昌吉街97號地下層","facility_kind":"public_parking","symbol_text":"S","type_reference":"一般停車場","type_confidence":1,"price_raw":"計時：小型車(含大型重型機車)40元/時，機車10元/時(當日單次停車最高收費上限20元/日，隔日另計)，停車全程以半小時計；月租：小型車全日4,800元，夜間2,400元(19時~07時)，大型重機全日2,400元/月，機車全日300元/月。","price_value":800,"capacity_total":309,"available_total":29,"occupied_total":280,"status_label":"空位","data_time":"2026-05-03 05:48:00","city_label":"臺北市","facility_kind_label":"停車場","available_rate":0.09385113268608414,"occupancy_rate":0.9061488673139159,"price_tier":"premium","price_tier_label":"極高價"}},{"type":"Feature","geometry":{"type":"Point","coordinates":[121.51096703319136,25.05649107669282]},"properties":{"supply_id":"taipei-parking-TPE1375","city":"taipei","district":"大同區","display_name":"民樂街停車場","address":"民樂街95號旁空地","facility_kind":"public_parking","symbol_text":"S","type_reference":"一般停車場","type_confidence":1,"price_raw":"計時：100元/時，停車未滿1小時以1小時計算，逾1小時以上，未滿半小時以半小時計算。","price_value":100,"capacity_total":11,"available_total":11,"occupied_total":0,"status_label":"空位","data_time":"2026-05-03 05:48:00","city_label":"臺北市","facility_kind_label":"停車場","available_rate":1,"occupancy_rate":0,"price_tier":"premium","price_tier_label":"極高價"}},{"type":"Feature","geometry":{"type":"Point","coordinates":[121.51347253027562,25.07473041987015]},"properties":{"supply_id":"taipei-parking-TPE1379","city":"taipei","district":"大同區","display_name":"臺北市立啟聰學校忠區停車場","address":"重慶北路3段320號","facility_kind":"public_parking","symbol_text":"S","type_reference":"一般停車場","type_confidence":1,"price_raw":"全日4,800元/月，以半年為一期計費，半年優惠每車每期18,000元。","price_value":800,"capacity_total":10,"available_total":null,"occupied_total":null,"status_label":"狀態未知","data_time":"2026-05-03 05:48:00","city_label":"臺北市","facility_kind_label":"停車場","available_rate":null,"occupancy_rate":null,"price_tier":"premium","price_tier_label":"極高價"}},{"type":"Feature","geometry":{"type":"Point","coordinates":[121.51612668383969,25.051823774031202]},"properties":{"supply_id":"taipei-parking-TPE1395","city":"taipei","district":"大同區","display_name":"Times 太原路【機車】","address":"太原路79巷11號旁空地","facility_kind":"public_parking","symbol_text":"S","type_reference":"一般停車場","type_confidence":1,"price_raw":"計次：30元/次(隔日另計)。","price_value":30,"capacity_total":0,"available_total":0,"occupied_total":0,"status_label":"已停","data_time":"2026-05-03 05:48:00","city_label":"臺北市","facility_kind_label":"停車場","available_rate":null,"occupancy_rate":null,"price_tier":"medium","price_tier_label":"中價"}},{"type":"Feature","geometry":{"type":"Point","coordinates":[121.51274956809246,25.06216585081149]},"properties":{"supply_id":"taipei-parking-TPE1438","city":"taipei","district":"大同區","display_name":"延平北路2段247巷機車平面停車場","address":"延平北路2段247巷內","facility_kind":"public_parking","symbol_text":"S","type_reference":"一般停車場","type_confidence":1,"price_raw":"計次20元(每日零時為計費基準點，凡跨越每日零時停車者，累計收費)。","price_value":20,"capacity_total":0,"available_total":null,"occupied_total":null,"status_label":"狀態未知","data_time":"2026-05-03 05:48:00","city_label":"臺北市","facility_kind_label":"停車場","available_rate":null,"occupancy_rate":null,"price_tier":"low","price_tier_label":"低價"}},{"type":"Feature","geometry":{"type":"Point","coordinates":[121.51896451714745,25.053870031239153]},"properties":{"supply_id":"taipei-parking-TPE1451","city":"taipei","district":"大同區","display_name":"Times 赤峰街【機車】","address":"赤峰街8巷8號旁","facility_kind":"public_parking","symbol_text":"S","type_reference":"一般停車場","type_confidence":1,"price_raw":"機車：平日80元/次，隔日另計，以0時為基準，例假日及國定假日：60元/時，全程以半小時計費。","price_value":80,"capacity_total":0,"available_total":0,"occupied_total":0,"status_label":"已停","data_time":"2026-05-03 05:48:00","city_label":"臺北市","facility_kind_label":"停車場","available_rate":null,"occupancy_rate":null,"price_tier":"premium","price_tier_label":"極高價"}},{"type":"Feature","geometry":{"type":"Point","coordinates":[121.51719704645934,25.069384164233288]},"properties":{"supply_id":"taipei-parking-TPE1464","city":"taipei","district":"大同區","display_name":"臺北市立蘭州國民中學","address":"大龍街187巷1號","facility_kind":"public_parking","symbol_text":"S","type_reference":"一般停車場","type_confidence":1,"price_raw":"季票：4,500元。","price_value":500,"capacity_total":18,"available_total":null,"occupied_total":null,"status_label":"狀態未知","data_time":"2026-05-03 05:48:00","city_label":"臺北市","facility_kind_label":"停車場","available_rate":null,"occupancy_rate":null,"price_tier":"premium","price_tier_label":"極高價"}},{"type":"Feature","geometry":{"type":"Point","coordinates":[121.51719519780359,25.06614083905258]},"properties":{"supply_id":"taipei-parking-TPE1466","city":"taipei","district":"大同區","display_name":"昌吉二停車場","address":"昌吉街25號旁空地","facility_kind":"public_parking","symbol_text":"S","type_reference":"一般停車場","type_confidence":1,"price_raw":"月租：12,000元。","price_value":12,"capacity_total":3,"available_total":null,"occupied_total":null,"status_label":"狀態未知","data_time":"2026-05-03 05:48:00","city_label":"臺北市","facility_kind_label":"停車場","available_rate":null,"occupancy_rate":null,"price_tier":"low","price_tier_label":"低價"}},{"type":"Feature","geometry":{"type":"Point","coordinates":[121.51568579875263,25.05992574894073]},"properties":{"supply_id":"taipei-parking-TPE1487","city":"taipei","district":"大同區","display_name":"錦西停車場","address":"錦西街65巷1號空地","facility_kind":"public_parking","symbol_text":"S","type_reference":"一般停車場","type_confidence":1,"price_raw":"小型車：月租 全日12,000元","price_value":12,"capacity_total":2,"available_total":null,"occupied_total":null,"status_label":"狀態未知","data_time":"2026-05-03 05:48:00","city_label":"臺北市","facility_kind_label":"停車場","available_rate":null,"occupancy_rate":null,"price_tier":"low","price_tier_label":"低價"}},{"type":"Feature","geometry":{"type":"Point","coordinates":[121.51742798962094,25.051356557408038]},"properties":{"supply_id":"taipei-parking-TPE1490","city":"taipei","district":"大同區","display_name":"統聯承德機車停車場","address":"承德路1段47號旁空地","facility_kind":"public_parking","symbol_text":"S","type_reference":"一般停車場","type_confidence":1,"price_raw":"計時：20元/時，停車未滿1小時以1小時計算，逾1小時以上，未滿半小時以半小時計算。月租：3,000元/月。","price_value":20,"capacity_total":0,"available_total":8,"occupied_total":0,"status_label":"空位","data_time":"2026-05-03 05:48:00","city_label":"臺北市","facility_kind_label":"停車場","available_rate":null,"occupancy_rate":null,"price_tier":"low","price_tier_label":"低價"}},{"type":"Feature","geometry":{"type":"Point","coordinates":[121.51045147520746,25.069978535963504]},"properties":{"supply_id":"taipei-parking-TPE1507","city":"taipei","district":"大同區","display_name":"民族西路303巷臨時平面停車場","address":"民族西路303巷臨47號後方","facility_kind":"public_parking","symbol_text":"S","type_reference":"一般停車場","type_confidence":1,"price_raw":"計時：小型車(含大型重型機車)20元/時，停車全程以半小時計。","price_value":20,"capacity_total":54,"available_total":2,"occupied_total":52,"status_label":"空位","data_time":"2026-05-03 05:48:00","city_label":"臺北市","facility_kind_label":"停車場","available_rate":0.037037037037037035,"occupancy_rate":0.9629629629629629,"price_tier":"low","price_tier_label":"低價"}},{"type":"Feature","geometry":{"type":"Point","coordinates":[121.51875234130631,25.05526335338879]},"properties":{"supply_id":"taipei-parking-TPE1508","city":"taipei","district":"大同區","display_name":"承德機車停車場","address":"承德路2段53巷12號","facility_kind":"public_parking","symbol_text":"S","type_reference":"一般停車場","type_confidence":1,"price_raw":"機車：100元/時；月租3,000元/月，停車未滿1小時以1小時計算，逾1小時以上，未滿半小時以半小時計算。","price_value":100,"capacity_total":0,"available_total":0,"occupied_total":0,"status_label":"已停","data_time":"2026-05-03 05:48:00","city_label":"臺北市","facility_kind_label":"停車場","available_rate":null,"occupancy_rate":null,"price_tier":"premium","price_tier_label":"極高價"}},{"type":"Feature","geometry":{"type":"Point","coordinates":[121.51751066186893,25.06270907448595]},"properties":{"supply_id":"taipei-parking-TPE1543","city":"taipei","district":"大同區","display_name":"民德大樓停車場","address":"民權西路104號地下2層","facility_kind":"public_parking","symbol_text":"S","type_reference":"一般停車場","type_confidence":1,"price_raw":"計時：100元/時，停車未滿1小時以1小時計算，逾1小時以上，未滿半小時以半小時計算。月租：全日8,000元/月。","price_value":100,"capacity_total":29,"available_total":null,"occupied_total":null,"status_label":"狀態未知","data_time":"2026-05-03 05:48:00","city_label":"臺北市","facility_kind_label":"停車場","available_rate":null,"occupancy_rate":null,"price_tier":"premium","price_tier_label":"極高價"}},{"type":"Feature","geometry":{"type":"Point","coordinates":[121.51982769353587,25.075595306250534]},"properties":{"supply_id":"taipei-parking-TPE1562","city":"taipei","district":"大同區","display_name":"臺北市立明倫高級中學停車場","address":"承德路3段336號地下1層","facility_kind":"public_parking","symbol_text":"S","type_reference":"一般停車場","type_confidence":1,"price_raw":"季繳：7,200元，半年繳優惠：14,000元(每月2,400元)。","price_value":400,"capacity_total":49,"available_total":null,"occupied_total":null,"status_label":"狀態未知","data_time":"2026-05-03 05:48:00","city_label":"臺北市","facility_kind_label":"停車場","available_rate":null,"occupancy_rate":null,"price_tier":"premium","price_tier_label":"極高價"}},{"type":"Feature","geometry":{"type":"Point","coordinates":[121.51734787988184,25.059423423911014]},"properties":{"supply_id":"taipei-parking-TPE1567","city":"taipei","district":"大同區","display_name":"公園首席停車場","address":"興城街70號地下1層","facility_kind":"public_parking","symbol_text":"S","type_reference":"一般停車場","type_confidence":1,"price_raw":"月租：小型車全日5,500元/月，機車全日200元/月。","price_value":500,"capacity_total":28,"available_total":null,"occupied_total":null,"status_label":"狀態未知","data_time":"2026-05-03 05:48:00","city_label":"臺北市","facility_kind_label":"停車場","available_rate":null,"occupancy_rate":null,"price_tier":"premium","price_tier_label":"極高價"}},{"type":"Feature","geometry":{"type":"Point","coordinates":[121.51658837073748,25.06177562367944]},"properties":{"supply_id":"taipei-parking-TPE1572","city":"taipei","district":"大同區","display_name":"168停車聯盟-承德1場","address":"民權西路102巷4弄9號旁空地","facility_kind":"public_parking","symbol_text":"S","type_reference":"一般停車場","type_confidence":1,"price_raw":"計時：150元/時，全程以半小時計費。月租：10,000元/月。","price_value":150,"capacity_total":39,"available_total":null,"occupied_total":null,"status_label":"狀態未知","data_time":"2026-05-03 05:48:00","city_label":"臺北市","facility_kind_label":"停車場","available_rate":null,"occupancy_rate":null,"price_tier":"premium","price_tier_label":"極高價"}},{"type":"Feature","geometry":{"type":"Point","coordinates":[121.51555970953353,25.06273166018803]},"properties":{"supply_id":"taipei-parking-TPE1596","city":"taipei","district":"大同區","display_name":"民權西路160巷機車平面停車場","address":"民權西路與民權西路160巷交叉口","facility_kind":"public_parking","symbol_text":"S","type_reference":"一般停車場","type_confidence":1,"price_raw":"計次：20元/次(每日零時為計費基準點，凡跨越每日零時停車者，累計收費)。","price_value":20,"capacity_total":0,"available_total":null,"occupied_total":null,"status_label":"狀態未知","data_time":"2026-05-03 05:48:00","city_label":"臺北市","facility_kind_label":"停車場","available_rate":null,"occupancy_rate":null,"price_tier":"low","price_tier_label":"低價"}},{"type":"Feature","geometry":{"type":"Point","coordinates":[121.50942885128711,25.06328547661635]},"properties":{"supply_id":"taipei-parking-TPE1605","city":"taipei","district":"大同區","display_name":"臺北大橋橋下機車停車場","address":"環河北路2段至延平北路3段橋下空間","facility_kind":"public_parking","symbol_text":"S","type_reference":"一般停車場","type_confidence":1,"price_raw":"機車：20元/次(每日零時為計費基準點，凡跨越每日零時停車者，累計收費)。","price_value":20,"capacity_total":0,"available_total":null,"occupied_total":null,"status_label":"狀態未知","data_time":"2026-05-03 05:48:00","city_label":"臺北市","facility_kind_label":"停車場","available_rate":null,"occupancy_rate":null,"price_tier":"low","price_tier_label":"低價"}},{"type":"Feature","geometry":{"type":"Point","coordinates":[121.51818873901341,25.052337966275392]},"properties":{"supply_id":"taipei-parking-TPE1632","city":"taipei","district":"大同區","display_name":"Times南京西路【機車】","address":"南京西路64巷14弄2號對面","facility_kind":"public_parking","symbol_text":"S","type_reference":"一般停車場","type_confidence":1,"price_raw":"計次：機車50元/次，隔日另計，以00時為基準。","price_value":50,"capacity_total":0,"available_total":0,"occupied_total":0,"status_label":"已停","data_time":"2026-05-03 05:48:00","city_label":"臺北市","facility_kind_label":"停車場","available_rate":null,"occupancy_rate":null,"price_tier":"high","price_tier_label":"高價"}},{"type":"Feature","geometry":{"type":"Point","coordinates":[121.51839942880949,25.05456716663761]},"properties":{"supply_id":"taipei-parking-TPE1648","city":"taipei","district":"大同區","display_name":"臺北市建成綜合大樓停車場","address":"承德路2段33號地下1至4層","facility_kind":"public_parking","symbol_text":"S","type_reference":"一般停車場","type_confidence":1,"price_raw":"小型車：月租 全日4,032元。機車：月租210元。","price_value":210,"capacity_total":37,"available_total":null,"occupied_total":null,"status_label":"狀態未知","data_time":"2026-05-03 05:48:00","city_label":"臺北市","facility_kind_label":"停車場","available_rate":null,"occupancy_rate":null,"price_tier":"premium","price_tier_label":"極高價"}},{"type":"Feature","geometry":{"type":"Point","coordinates":[121.51798004269436,25.061707579237794]},"properties":{"supply_id":"taipei-parking-TPE1694","city":"taipei","district":"大同區","display_name":"承德二站停車場","address":"民權西路102巷33弄旁空地","facility_kind":"public_parking","symbol_text":"S","type_reference":"一般停車場","type_confidence":1,"price_raw":"計時：小型車100元/時，停車全程以半小時計。","price_value":100,"capacity_total":20,"available_total":16,"occupied_total":4,"status_label":"空位","data_time":"2026-05-03 05:48:00","city_label":"臺北市","facility_kind_label":"停車場","available_rate":0.8,"occupancy_rate":0.2,"price_tier":"premium","price_tier_label":"極高價"}},{"type":"Feature","geometry":{"type":"Point","coordinates":[121.51584003558172,25.07656393452451]},"properties":{"supply_id":"taipei-parking-TPE1757","city":"taipei","district":"大同區","display_name":"龍平安有限公司敦煌停車場","address":"敦煌路71號對面空地","facility_kind":"public_parking","symbol_text":"S","type_reference":"一般停車場","type_confidence":1,"price_raw":"計時：50元/時，停車未滿1小時以1小時計，逾1小時以上，未滿半小時以半小時計；月租：4,500元。","price_value":500,"capacity_total":80,"available_total":null,"occupied_total":null,"status_label":"狀態未知","data_time":"2026-05-03 05:48:00","city_label":"臺北市","facility_kind_label":"停車場","available_rate":null,"occupancy_rate":null,"price_tier":"premium","price_tier_label":"極高價"}},{"type":"Feature","geometry":{"type":"Point","coordinates":[121.51636985360317,25.049468855881393]},"properties":{"supply_id":"taipei-parking-TPE1760","city":"taipei","district":"大同區","display_name":"皇翔臺北廣場停車場","address":"承德路1段2號地下1至5層","facility_kind":"public_parking","symbol_text":"S","type_reference":"一般停車場","type_confidence":1,"price_raw":"計時：小型車180元/時，停車全程以半小時計；月租：小型車全日10,000元，機車1,500元。機車：120元/次，離場再停或隔日另計。","price_value":500,"capacity_total":228,"available_total":null,"occupied_total":null,"status_label":"狀態未知","data_time":"2026-05-03 05:48:00","city_label":"臺北市","facility_kind_label":"停車場","available_rate":null,"occupancy_rate":null,"price_tier":"premium","price_tier_label":"極高價"}},{"type":"Feature","geometry":{"type":"Point","coordinates":[121.51167987105747,25.057052877560174]},"properties":{"supply_id":"taipei-parking-TPE1825","city":"taipei","district":"大同區","display_name":"嘟嘟房延平北站停車場","address":"延平北路2段272巷18號","facility_kind":"public_parking","symbol_text":"S","type_reference":"一般停車場","type_confidence":1,"price_raw":"月租：10,000元。","price_value":10,"capacity_total":1,"available_total":null,"occupied_total":null,"status_label":"狀態未知","data_time":"2026-05-03 05:48:00","city_label":"臺北市","facility_kind_label":"停車場","available_rate":null,"occupancy_rate":null,"price_tier":"low","price_tier_label":"低價"}},{"type":"Feature","geometry":{"type":"Point","coordinates":[121.50867004433996,25.060748931147106]},"properties":{"supply_id":"taipei-parking-TPE1828","city":"taipei","district":"大同區","display_name":"環河停車場","address":"迪化街1段280巷16號旁空地","facility_kind":"public_parking","symbol_text":"S","type_reference":"一般停車場","type_confidence":1,"price_raw":"計時：小型車160元/時，停車未滿1小時以1小時計，逾1小時以上，未滿半小時以半小時計。月租：小型車全日12,000元/月。","price_value":160,"capacity_total":11,"available_total":null,"occupied_total":null,"status_label":"狀態未知","data_time":"2026-05-03 05:48:00","city_label":"臺北市","facility_kind_label":"停車場","available_rate":null,"occupancy_rate":null,"price_tier":"premium","price_tier_label":"極高價"}},{"type":"Feature","geometry":{"type":"Point","coordinates":[121.51963988156577,25.069921831491275]},"properties":{"supply_id":"taipei-parking-TPE1835","city":"taipei","district":"大同區","display_name":"Times 圓山捷運站","address":"酒泉街10巷25號","facility_kind":"public_parking","symbol_text":"S","type_reference":"一般停車場","type_confidence":1,"price_raw":"小型車：計時 200元/時，停車全程以半小時計；月租 全日10,000元。","price_value":200,"capacity_total":3,"available_total":3,"occupied_total":0,"status_label":"空位","data_time":"2026-05-03 05:48:00","city_label":"臺北市","facility_kind_label":"停車場","available_rate":1,"occupancy_rate":0,"price_tier":"premium","price_tier_label":"極高價"}},{"type":"Feature","geometry":{"type":"Point","coordinates":[121.51609007595455,25.05513720703094]},"properties":{"supply_id":"taipei-parking-TPE1847","city":"taipei","district":"大同區","display_name":"平陽街機車臨時平面停車場","address":"平陽街18號旁","facility_kind":"public_parking","symbol_text":"S","type_reference":"一般停車場","type_confidence":1,"price_raw":"機車：10元/時，當日單次停車最高收費上限30元/次，隔日另計，以0時為基準，全程以半小時計費。","price_value":30,"capacity_total":0,"available_total":null,"occupied_total":null,"status_label":"狀態未知","data_time":"2026-05-03 05:48:00","city_label":"臺北市","facility_kind_label":"停車場","available_rate":null,"occupancy_rate":null,"price_tier":"medium","price_tier_label":"中價"}},{"type":"Feature","geometry":{"type":"Point","coordinates":[121.51803002435571,25.07116204469771]},"properties":{"supply_id":"taipei-parking-TPE1861","city":"taipei","district":"大同區","display_name":"大龍峒社會住宅地下停車場","address":"承德路3段212、212-2號地上1層及地下1至3層","facility_kind":"public_parking","symbol_text":"S","type_reference":"一般停車場","type_confidence":1,"price_raw":"計時：小型車(含大型重型機車)週一至週五30元/時，週六至週日及政府行政機關放假之紀念日、民俗節日50元/時，機車10元/時，當日單次停車最高收費上限20元/日，隔日另計，以00時為基準，停車全程以半小時計。月租：小型車全日4,300元/月，機車全日300元/月。","price_value":300,"capacity_total":84,"available_total":null,"occupied_total":null,"status_label":"狀態未知","data_time":"2026-05-03 05:48:00","city_label":"臺北市","facility_kind_label":"停車場","available_rate":null,"occupancy_rate":null,"price_tier":"premium","price_tier_label":"極高價"}},{"type":"Feature","geometry":{"type":"Point","coordinates":[121.51521006021517,25.05718737919475]},"properties":{"supply_id":"taipei-parking-TPE1869","city":"taipei","district":"大同區","display_name":"來來停車場有限公司寧夏場","address":"民生西路239號地下2層","facility_kind":"public_parking","symbol_text":"S","type_reference":"一般停車場","type_confidence":1,"price_raw":"小型車：計時 100元/時，停車未滿1小時以1小時計，逾1小時以上，未滿半小時以半小時計；月租 全日8,000元。","price_value":100,"capacity_total":16,"available_total":null,"occupied_total":null,"status_label":"狀態未知","data_time":"2026-05-03 05:48:00","city_label":"臺北市","facility_kind_label":"停車場","available_rate":null,"occupancy_rate":null,"price_tier":"premium","price_tier_label":"極高價"}},{"type":"Feature","geometry":{"type":"Point","coordinates":[121.51393994242184,25.05415834489377]},"properties":{"supply_id":"taipei-parking-TPE1922","city":"taipei","district":"大同區","display_name":"Times南京西路第2【機車】","address":"南京西路135號旁空地","facility_kind":"public_parking","symbol_text":"S","type_reference":"一般停車場","type_confidence":1,"price_raw":"計次：機車50元/次，隔日另計，以00時為基準。","price_value":50,"capacity_total":15,"available_total":0,"occupied_total":15,"status_label":"已停","data_time":"2026-05-03 05:48:00","city_label":"臺北市","facility_kind_label":"停車場","available_rate":0,"occupancy_rate":1,"price_tier":"high","price_tier_label":"高價"}},{"type":"Feature","geometry":{"type":"Point","coordinates":[121.51249,25.07649]},"properties":{"supply_id":"taipei-onstreet-107000027","city":"taipei","district":"大同區","display_name":"敦煌路 車格 107000027","address":"敦煌路","facility_kind":"onstreet","symbol_text":null,"type_reference":"路邊停車格","type_confidence":0.6,"price_raw":null,"price_value":null,"capacity_total":1,"available_total":null,"occupied_total":null,"status_label":"狀態未知","data_time":"2026-05-02 15:53:29+08:00","city_label":"臺北市","facility_kind_label":"路邊車格","available_rate":null,"occupancy_rate":null,"price_tier":"unknown","price_tier_label":"價格未知"}},{"type":"Feature","geometry":{"type":"Point","coordinates":[121.51911,25.07753]},"properties":{"supply_id":"taipei-onstreet-613600039","city":"taipei","district":"大同區","display_name":"承德橋下停車場(堤外) 車格 613600039","address":"承德橋下停車場(堤外)","facility_kind":"onstreet","symbol_text":null,"type_reference":"路邊停車格","type_confidence":0.6,"price_raw":null,"price_value":null,"capacity_total":1,"available_total":null,"occupied_total":null,"status_label":"狀態未知","data_time":"2026-05-02 15:53:29+08:00","city_label":"臺北市","facility_kind_label":"路邊車格","available_rate":null,"occupancy_rate":null,"price_tier":"unknown","price_tier_label":"價格未知"}},{"type":"Feature","geometry":{"type":"Point","coordinates":[121.51767,25.06136]},"properties":{"supply_id":"taipei-onstreet-103810216","city":"taipei","district":"大同區","display_name":"民權西路102巷 車格 103810216","address":"民權西路102巷","facility_kind":"onstreet","symbol_text":null,"type_reference":"路邊停車格","type_confidence":0.6,"price_raw":null,"price_value":null,"capacity_total":1,"available_total":null,"occupied_total":null,"status_label":"狀態未知","data_time":"2026-05-02 15:53:29+08:00","city_label":"臺北市","facility_kind_label":"路邊車格","available_rate":null,"occupancy_rate":null,"price_tier":"unknown","price_tier_label":"價格未知"}},{"type":"Feature","geometry":{"type":"Point","coordinates":[121.51773,25.06948]},"properties":{"supply_id":"taipei-onstreet-10451905","city":"taipei","district":"大同區","display_name":"承德路3段190巷 車格 10451905","address":"承德路3段190巷","facility_kind":"onstreet","symbol_text":null,"type_reference":"路邊停車格","type_confidence":0.6,"price_raw":null,"price_value":null,"capacity_total":1,"available_total":null,"occupied_total":null,"status_label":"狀態未知","data_time":"2026-05-02 15:53:29+08:00","city_label":"臺北市","facility_kind_label":"路邊車格","available_rate":null,"occupancy_rate":null,"price_tier":"unknown","price_tier_label":"價格未知"}},{"type":"Feature","geometry":{"type":"Point","coordinates":[121.51854,25.0757]},"properties":{"supply_id":"taipei-onstreet-10700A031","city":"taipei","district":"大同區","display_name":"敦煌路A 車格 10700A031","address":"敦煌路A","facility_kind":"onstreet","symbol_text":null,"type_reference":"路邊停車格","type_confidence":0.6,"price_raw":null,"price_value":null,"capacity_total":1,"available_total":null,"occupied_total":null,"status_label":"狀態未知","data_time":"2026-05-02 15:53:29+08:00","city_label":"臺北市","facility_kind_label":"路邊車格","available_rate":null,"occupancy_rate":null,"price_tier":"unknown","price_tier_label":"價格未知"}},{"type":"Feature","geometry":{"type":"Point","coordinates":[121.51921,25.06617]},"properties":{"supply_id":"taipei-onstreet-104203224","city":"taipei","district":"大同區","display_name":"民族西路32巷 車格 104203224","address":"民族西路32巷","facility_kind":"onstreet","symbol_text":null,"type_reference":"路邊停車格","type_confidence":0.6,"price_raw":null,"price_value":null,"capacity_total":1,"available_total":1,"occupied_total":0,"status_label":"空位","data_time":"2026-05-02 15:53:29+08:00","city_label":"臺北市","facility_kind_label":"路邊車格","available_rate":1,"occupancy_rate":0,"price_tier":"unknown","price_tier_label":"價格未知"}},{"type":"Feature","geometry":{"type":"Point","coordinates":[121.50674,25.05222]},"properties":{"supply_id":"taipei-onstreet-607500015","city":"taipei","district":"大同區","display_name":"環河北路（3號水門堤外）小型車 車格 607500015","address":"環河北路（3號水門堤外）小型車","facility_kind":"onstreet","symbol_text":null,"type_reference":"路邊停車格","type_confidence":0.6,"price_raw":null,"price_value":null,"capacity_total":1,"available_total":null,"occupied_total":null,"status_label":"狀態未知","data_time":"2026-05-02 15:53:29+08:00","city_label":"臺北市","facility_kind_label":"路邊車格","available_rate":null,"occupancy_rate":null,"price_tier":"unknown","price_tier_label":"價格未知"}},{"type":"Feature","geometry":{"type":"Point","coordinates":[121.51896,25.07747]},"properties":{"supply_id":"taipei-onstreet-613600014","city":"taipei","district":"大同區","display_name":"承德橋下停車場(堤外) 車格 613600014","address":"承德橋下停車場(堤外)","facility_kind":"onstreet","symbol_text":null,"type_reference":"路邊停車格","type_confidence":0.6,"price_raw":null,"price_value":null,"capacity_total":1,"available_total":null,"occupied_total":null,"status_label":"狀態未知","data_time":"2026-05-02 15:53:29+08:00","city_label":"臺北市","facility_kind_label":"路邊車格","available_rate":null,"occupancy_rate":null,"price_tier":"unknown","price_tier_label":"價格未知"}},{"type":"Feature","geometry":{"type":"Point","coordinates":[121.51451,25.05151]},"properties":{"supply_id":"taipei-onstreet-10120A026","city":"taipei","district":"大同區","display_name":"長安西路A 車格 10120A026","address":"長安西路A","facility_kind":"onstreet","symbol_text":null,"type_reference":"路邊停車格","type_confidence":0.6,"price_raw":null,"price_value":null,"capacity_total":1,"available_total":1,"occupied_total":0,"status_label":"空位","data_time":"2026-05-02 15:53:29+08:00","city_label":"臺北市","facility_kind_label":"路邊車格","available_rate":1,"occupancy_rate":0,"price_tier":"unknown","price_tier_label":"價格未知"}},{"type":"Feature","geometry":{"type":"Point","coordinates":[121.51888,25.07767]},"properties":{"supply_id":"taipei-onstreet-613600074","city":"taipei","district":"大同區","display_name":"承德橋下停車場(堤外) 車格 613600074","address":"承德橋下停車場(堤外)","facility_kind":"onstreet","symbol_text":null,"type_reference":"路邊停車格","type_confidence":0.6,"price_raw":null,"price_value":null,"capacity_total":1,"available_total":null,"occupied_total":null,"status_label":"狀態未知","data_time":"2026-05-02 15:53:29+08:00","city_label":"臺北市","facility_kind_label":"路邊車格","available_rate":null,"occupancy_rate":null,"price_tier":"unknown","price_tier_label":"價格未知"}},{"type":"Feature","geometry":{"type":"Point","coordinates":[121.51173,25.0783]},"properties":{"supply_id":"taipei-onstreet-10580A023","city":"taipei","district":"大同區","display_name":"延平北路4至5段1巷 車格 10580A023","address":"延平北路4至5段1巷","facility_kind":"onstreet","symbol_text":null,"type_reference":"路邊停車格","type_confidence":0.6,"price_raw":null,"price_value":null,"capacity_total":1,"available_total":null,"occupied_total":null,"status_label":"狀態未知","data_time":"2026-05-02 15:53:29+08:00","city_label":"臺北市","facility_kind_label":"路邊車格","available_rate":null,"occupancy_rate":null,"price_tier":"unknown","price_tier_label":"價格未知"}},{"type":"Feature","geometry":{"type":"Point","coordinates":[121.51884,25.07763]},"properties":{"supply_id":"taipei-onstreet-613600051","city":"taipei","district":"大同區","display_name":"承德橋下停車場(堤外) 車格 613600051","address":"承德橋下停車場(堤外)","facility_kind":"onstreet","symbol_text":null,"type_reference":"路邊停車格","type_confidence":0.6,"price_raw":null,"price_value":null,"capacity_total":1,"available_total":null,"occupied_total":null,"status_label":"狀態未知","data_time":"2026-05-02 15:53:29+08:00","city_label":"臺北市","facility_kind_label":"路邊車格","available_rate":null,"occupancy_rate":null,"price_tier":"unknown","price_tier_label":"價格未知"}},{"type":"Feature","geometry":{"type":"Point","coordinates":[121.51961,25.07757]},"properties":{"supply_id":"taipei-onstreet-6136000100","city":"taipei","district":"大同區","display_name":"承德橋下停車場(堤外) 車格 6136000100","address":"承德橋下停車場(堤外)","facility_kind":"onstreet","symbol_text":null,"type_reference":"路邊停車格","type_confidence":0.6,"price_raw":null,"price_value":null,"capacity_total":1,"available_total":null,"occupied_total":null,"status_label":"狀態未知","data_time":"2026-05-02 15:53:29+08:00","city_label":"臺北市","facility_kind_label":"路邊車格","available_rate":null,"occupancy_rate":null,"price_tier":"unknown","price_tier_label":"價格未知"}},{"type":"Feature","geometry":{"type":"Point","coordinates":[121.50976,25.05827]},"properties":{"supply_id":"taipei-onstreet-103600045","city":"taipei","district":"大同區","display_name":"歸綏街 車格 103600045","address":"歸綏街","facility_kind":"onstreet","symbol_text":null,"type_reference":"路邊停車格","type_confidence":0.6,"price_raw":null,"price_value":null,"capacity_total":1,"available_total":1,"occupied_total":0,"status_label":"空位","data_time":"2026-05-02 15:53:29+08:00","city_label":"臺北市","facility_kind_label":"路邊車格","available_rate":1,"occupancy_rate":0,"price_tier":"unknown","price_tier_label":"價格未知"}},{"type":"Feature","geometry":{"type":"Point","coordinates":[121.51085,25.05532]},"properties":{"supply_id":"taipei-onstreet-10320B038","city":"taipei","district":"大同區","display_name":"民樂街 車格 10320B038","address":"民樂街","facility_kind":"onstreet","symbol_text":null,"type_reference":"路邊停車格","type_confidence":0.6,"price_raw":null,"price_value":null,"capacity_total":1,"available_total":1,"occupied_total":0,"status_label":"空位","data_time":"2026-05-02 15:53:29+08:00","city_label":"臺北市","facility_kind_label":"路邊車格","available_rate":1,"occupancy_rate":0,"price_tier":"unknown","price_tier_label":"價格未知"}},{"type":"Feature","geometry":{"type":"Point","coordinates":[121.50657,25.05204]},"properties":{"supply_id":"taipei-onstreet-607500076","city":"taipei","district":"大同區","display_name":"環河北路（3號水門堤外）小型車 車格 607500076","address":"環河北路（3號水門堤外）小型車","facility_kind":"onstreet","symbol_text":null,"type_reference":"路邊停車格","type_confidence":0.6,"price_raw":null,"price_value":null,"capacity_total":1,"available_total":null,"occupied_total":null,"status_label":"狀態未知","data_time":"2026-05-02 15:53:29+08:00","city_label":"臺北市","facility_kind_label":"路邊車格","available_rate":null,"occupancy_rate":null,"price_tier":"unknown","price_tier_label":"價格未知"}},{"type":"Feature","geometry":{"type":"Point","coordinates":[121.52046,25.07503]},"properties":{"supply_id":"taipei-onstreet-10700A058","city":"taipei","district":"大同區","display_name":"敦煌路A 車格 10700A058","address":"敦煌路A","facility_kind":"onstreet","symbol_text":null,"type_reference":"路邊停車格","type_confidence":0.6,"price_raw":null,"price_value":null,"capacity_total":1,"available_total":null,"occupied_total":null,"status_label":"狀態未知","data_time":"2026-05-02 15:53:29+08:00","city_label":"臺北市","facility_kind_label":"路邊車格","available_rate":null,"occupancy_rate":null,"price_tier":"unknown","price_tier_label":"價格未知"}},{"type":"Feature","geometry":{"type":"Point","coordinates":[121.51187,25.07801]},"properties":{"supply_id":"taipei-onstreet-10580A016","city":"taipei","district":"大同區","display_name":"延平北路4至5段1巷 車格 10580A016","address":"延平北路4至5段1巷","facility_kind":"onstreet","symbol_text":null,"type_reference":"路邊停車格","type_confidence":0.6,"price_raw":null,"price_value":null,"capacity_total":1,"available_total":null,"occupied_total":null,"status_label":"狀態未知","data_time":"2026-05-02 15:53:29+08:00","city_label":"臺北市","facility_kind_label":"路邊車格","available_rate":null,"occupancy_rate":null,"price_tier":"unknown","price_tier_label":"價格未知"}},{"type":"Feature","geometry":{"type":"Point","coordinates":[121.50881,25.055]},"properties":{"supply_id":"taipei-onstreet-1023Y0073","city":"taipei","district":"大同區","display_name":"西寧北路 車格 1023Y0073","address":"西寧北路","facility_kind":"onstreet","symbol_text":null,"type_reference":"路邊停車格","type_confidence":0.6,"price_raw":null,"price_value":null,"capacity_total":1,"available_total":1,"occupied_total":0,"status_label":"空位","data_time":"2026-05-02 15:53:29+08:00","city_label":"臺北市","facility_kind_label":"路邊車格","available_rate":1,"occupancy_rate":0,"price_tier":"unknown","price_tier_label":"價格未知"}},{"type":"Feature","geometry":{"type":"Point","coordinates":[121.51095,25.05423]},"properties":{"supply_id":"taipei-onstreet-10320B043","city":"taipei","district":"大同區","display_name":"民樂街 車格 10320B043","address":"民樂街","facility_kind":"onstreet","symbol_text":null,"type_reference":"路邊停車格","type_confidence":0.6,"price_raw":null,"price_value":null,"capacity_total":1,"available_total":null,"occupied_total":null,"status_label":"狀態未知","data_time":"2026-05-02 15:53:29+08:00","city_label":"臺北市","facility_kind_label":"路邊車格","available_rate":null,"occupancy_rate":null,"price_tier":"unknown","price_tier_label":"價格未知"}},{"type":"Feature","geometry":{"type":"Point","coordinates":[121.5065,25.05206]},"properties":{"supply_id":"taipei-onstreet-6075000120","city":"taipei","district":"大同區","display_name":"環河北路（3號水門堤外）小型車 車格 6075000120","address":"環河北路（3號水門堤外）小型車","facility_kind":"onstreet","symbol_text":null,"type_reference":"路邊停車格","type_confidence":0.6,"price_raw":null,"price_value":null,"capacity_total":1,"available_total":null,"occupied_total":null,"status_label":"狀態未知","data_time":"2026-05-02 15:53:29+08:00","city_label":"臺北市","facility_kind_label":"路邊車格","available_rate":null,"occupancy_rate":null,"price_tier":"unknown","price_tier_label":"價格未知"}},{"type":"Feature","geometry":{"type":"Point","coordinates":[121.52051,25.07502]},"properties":{"supply_id":"taipei-onstreet-10700A057","city":"taipei","district":"大同區","display_name":"敦煌路A 車格 10700A057","address":"敦煌路A","facility_kind":"onstreet","symbol_text":null,"type_reference":"路邊停車格","type_confidence":0.6,"price_raw":null,"price_value":null,"capacity_total":1,"available_total":null,"occupied_total":null,"status_label":"狀態未知","data_time":"2026-05-02 15:53:29+08:00","city_label":"臺北市","facility_kind_label":"路邊車格","available_rate":null,"occupancy_rate":null,"price_tier":"unknown","price_tier_label":"價格未知"}},{"type":"Feature","geometry":{"type":"Point","coordinates":[121.51046,25.07004]},"properties":{"supply_id":"taipei-onstreet-104230301","city":"taipei","district":"大同區","display_name":"民族西路303巷 車格 104230301","address":"民族西路303巷","facility_kind":"onstreet","symbol_text":null,"type_reference":"路邊停車格","type_confidence":0.6,"price_raw":null,"price_value":null,"capacity_total":1,"available_total":null,"occupied_total":null,"status_label":"狀態未知","data_time":"2026-05-02 15:53:29+08:00","city_label":"臺北市","facility_kind_label":"路邊車格","available_rate":null,"occupancy_rate":null,"price_tier":"unknown","price_tier_label":"價格未知"}},{"type":"Feature","geometry":{"type":"Point","coordinates":[121.51821,25.07793]},"properties":{"supply_id":"taipei-onstreet-6136000168","city":"taipei","district":"大同區","display_name":"承德橋下停車場(堤外) 車格 6136000168","address":"承德橋下停車場(堤外)","facility_kind":"onstreet","symbol_text":null,"type_reference":"路邊停車格","type_confidence":0.6,"price_raw":null,"price_value":null,"capacity_total":1,"available_total":null,"occupied_total":null,"status_label":"狀態未知","data_time":"2026-05-02 15:53:29+08:00","city_label":"臺北市","facility_kind_label":"路邊車格","available_rate":null,"occupancy_rate":null,"price_tier":"unknown","price_tier_label":"價格未知"}},{"type":"Feature","geometry":{"type":"Point","coordinates":[121.51062,25.07772]},"properties":{"supply_id":"taipei-onstreet-105829425","city":"taipei","district":"大同區","display_name":"延平北路4段294巷 車格 105829425","address":"延平北路4段294巷","facility_kind":"onstreet","symbol_text":null,"type_reference":"路邊停車格","type_confidence":0.6,"price_raw":null,"price_value":null,"capacity_total":1,"available_total":null,"occupied_total":null,"status_label":"狀態未知","data_time":"2026-05-02 15:53:29+08:00","city_label":"臺北市","facility_kind_label":"路邊車格","available_rate":null,"occupancy_rate":null,"price_tier":"unknown","price_tier_label":"價格未知"}},{"type":"Feature","geometry":{"type":"Point","coordinates":[121.50626,25.05214]},"properties":{"supply_id":"taipei-onstreet-6075000110","city":"taipei","district":"大同區","display_name":"環河北路（3號水門堤外）小型車 車格 6075000110","address":"環河北路（3號水門堤外）小型車","facility_kind":"onstreet","symbol_text":null,"type_reference":"路邊停車格","type_confidence":0.6,"price_raw":null,"price_value":null,"capacity_total":1,"available_total":null,"occupied_total":null,"status_label":"狀態未知","data_time":"2026-05-02 15:53:29+08:00","city_label":"臺北市","facility_kind_label":"路邊車格","available_rate":null,"occupancy_rate":null,"price_tier":"unknown","price_tier_label":"價格未知"}},{"type":"Feature","geometry":{"type":"Point","coordinates":[121.51612,25.05531]},"properties":{"supply_id":"taipei-onstreet-101600031","city":"taipei","district":"大同區","display_name":"平陽街 車格 101600031","address":"平陽街","facility_kind":"onstreet","symbol_text":null,"type_reference":"路邊停車格","type_confidence":0.6,"price_raw":null,"price_value":null,"capacity_total":1,"available_total":1,"occupied_total":0,"status_label":"空位","data_time":"2026-05-02 15:53:29+08:00","city_label":"臺北市","facility_kind_label":"路邊車格","available_rate":1,"occupancy_rate":0,"price_tier":"unknown","price_tier_label":"價格未知"}},{"type":"Feature","geometry":{"type":"Point","coordinates":[121.51736,25.06801]},"properties":{"supply_id":"taipei-onstreet-10420022","city":"taipei","district":"大同區","display_name":"民族西路76巷2弄 車格 10420022","address":"民族西路76巷2弄","facility_kind":"onstreet","symbol_text":null,"type_reference":"路邊停車格","type_confidence":0.6,"price_raw":null,"price_value":null,"capacity_total":1,"available_total":null,"occupied_total":null,"status_label":"狀態未知","data_time":"2026-05-02 15:53:29+08:00","city_label":"臺北市","facility_kind_label":"路邊車格","available_rate":null,"occupancy_rate":null,"price_tier":"unknown","price_tier_label":"價格未知"}},{"type":"Feature","geometry":{"type":"Point","coordinates":[121.51254,25.07133]},"properties":{"supply_id":"taipei-onstreet-10512524","city":"taipei","district":"大同區","display_name":"重慶北路3段252巷 車格 10512524","address":"重慶北路3段252巷","facility_kind":"onstreet","symbol_text":null,"type_reference":"路邊停車格","type_confidence":0.6,"price_raw":null,"price_value":null,"capacity_total":1,"available_total":null,"occupied_total":null,"status_label":"狀態未知","data_time":"2026-05-02 15:53:29+08:00","city_label":"臺北市","facility_kind_label":"路邊車格","available_rate":null,"occupancy_rate":null,"price_tier":"unknown","price_tier_label":"價格未知"}},{"type":"Feature","geometry":{"type":"Point","coordinates":[121.51213,25.07744]},"properties":{"supply_id":"taipei-onstreet-10580A02","city":"taipei","district":"大同區","display_name":"延平北路4至5段1巷 車格 10580A02","address":"延平北路4至5段1巷","facility_kind":"onstreet","symbol_text":null,"type_reference":"路邊停車格","type_confidence":0.6,"price_raw":null,"price_value":null,"capacity_total":1,"available_total":null,"occupied_total":null,"status_label":"狀態未知","data_time":"2026-05-02 15:53:29+08:00","city_label":"臺北市","facility_kind_label":"路邊車格","available_rate":null,"occupancy_rate":null,"price_tier":"unknown","price_tier_label":"價格未知"}},{"type":"Feature","geometry":{"type":"Point","coordinates":[121.51498,25.05482]},"properties":{"supply_id":"taipei-onstreet-10300B026","city":"taipei","district":"大同區","display_name":"寧夏路B 車格 10300B026","address":"寧夏路B","facility_kind":"onstreet","symbol_text":null,"type_reference":"路邊停車格","type_confidence":0.6,"price_raw":null,"price_value":null,"capacity_total":1,"available_total":null,"occupied_total":null,"status_label":"狀態未知","data_time":"2026-05-02 15:53:29+08:00","city_label":"臺北市","facility_kind_label":"路邊車格","available_rate":null,"occupancy_rate":null,"price_tier":"unknown","price_tier_label":"價格未知"}},{"type":"Feature","geometry":{"type":"Point","coordinates":[121.51312,25.06679]},"properties":{"supply_id":"taipei-onstreet-105509504","city":"taipei","district":"大同區","display_name":"昌吉街95巷 車格 105509504","address":"昌吉街95巷","facility_kind":"onstreet","symbol_text":null,"type_reference":"路邊停車格","type_confidence":0.6,"price_raw":null,"price_value":null,"capacity_total":1,"available_total":1,"occupied_total":0,"status_label":"空位","data_time":"2026-05-02 15:53:29+08:00","city_label":"臺北市","facility_kind_label":"路邊車格","available_rate":1,"occupancy_rate":0,"price_tier":"unknown","price_tier_label":"價格未知"}},{"type":"Feature","geometry":{"type":"Point","coordinates":[121.51674,25.07046]},"properties":{"supply_id":"taipei-onstreet-104520814","city":"taipei","district":"大同區","display_name":"承德路3段208巷 車格 104520814","address":"承德路3段208巷","facility_kind":"onstreet","symbol_text":null,"type_reference":"路邊停車格","type_confidence":0.6,"price_raw":null,"price_value":null,"capacity_total":1,"available_total":1,"occupied_total":0,"status_label":"空位","data_time":"2026-05-02 15:53:29+08:00","city_label":"臺北市","facility_kind_label":"路邊車格","available_rate":1,"occupancy_rate":0,"price_tier":"unknown","price_tier_label":"價格未知"}},{"type":"Feature","geometry":{"type":"Point","coordinates":[121.51946,25.07763]},"properties":{"supply_id":"taipei-onstreet-6136000106","city":"taipei","district":"大同區","display_name":"承德橋下停車場(堤外) 車格 6136000106","address":"承德橋下停車場(堤外)","facility_kind":"onstreet","symbol_text":null,"type_reference":"路邊停車格","type_confidence":0.6,"price_raw":null,"price_value":null,"capacity_total":1,"available_total":null,"occupied_total":null,"status_label":"狀態未知","data_time":"2026-05-02 15:53:29+08:00","city_label":"臺北市","facility_kind_label":"路邊車格","available_rate":null,"occupancy_rate":null,"price_tier":"unknown","price_tier_label":"價格未知"}},{"type":"Feature","geometry":{"type":"Point","coordinates":[121.51135,25.07872]},"properties":{"supply_id":"taipei-onstreet-10580A038","city":"taipei","district":"大同區","display_name":"延平北路4至5段1巷 車格 10580A038","address":"延平北路4至5段1巷","facility_kind":"onstreet","symbol_text":null,"type_reference":"路邊停車格","type_confidence":0.6,"price_raw":null,"price_value":null,"capacity_total":1,"available_total":null,"occupied_total":null,"status_label":"狀態未知","data_time":"2026-05-02 15:53:29+08:00","city_label":"臺北市","facility_kind_label":"路邊車格","available_rate":null,"occupancy_rate":null,"price_tier":"unknown","price_tier_label":"價格未知"}},{"type":"Feature","geometry":{"type":"Point","coordinates":[121.50646,25.05208]},"properties":{"supply_id":"taipei-onstreet-6075000118","city":"taipei","district":"大同區","display_name":"環河北路（3號水門堤外）小型車 車格 6075000118","address":"環河北路（3號水門堤外）小型車","facility_kind":"onstreet","symbol_text":null,"type_reference":"路邊停車格","type_confidence":0.6,"price_raw":null,"price_value":null,"capacity_total":1,"available_total":null,"occupied_total":null,"status_label":"狀態未知","data_time":"2026-05-02 15:53:29+08:00","city_label":"臺北市","facility_kind_label":"路邊車格","available_rate":null,"occupancy_rate":null,"price_tier":"unknown","price_tier_label":"價格未知"}},{"type":"Feature","geometry":{"type":"Point","coordinates":[121.51683,25.06882]},"properties":{"supply_id":"taipei-onstreet-106600A2","city":"taipei","district":"大同區","display_name":"大龍老人住宅西側無名巷 車格 106600A2","address":"大龍老人住宅西側無名巷","facility_kind":"onstreet","symbol_text":null,"type_reference":"路邊停車格","type_confidence":0.6,"price_raw":null,"price_value":null,"capacity_total":1,"available_total":null,"occupied_total":null,"status_label":"狀態未知","data_time":"2026-05-02 15:53:29+08:00","city_label":"臺北市","facility_kind_label":"路邊車格","available_rate":null,"occupancy_rate":null,"price_tier":"unknown","price_tier_label":"價格未知"}},{"type":"Feature","geometry":{"type":"Point","coordinates":[121.51169,25.05821]},"properties":{"supply_id":"taipei-onstreet-103600038","city":"taipei","district":"大同區","display_name":"歸綏街 車格 103600038","address":"歸綏街","facility_kind":"onstreet","symbol_text":null,"type_reference":"路邊停車格","type_confidence":0.6,"price_raw":null,"price_value":null,"capacity_total":1,"available_total":1,"occupied_total":0,"status_label":"空位","data_time":"2026-05-02 15:53:29+08:00","city_label":"臺北市","facility_kind_label":"路邊車格","available_rate":1,"occupancy_rate":0,"price_tier":"unknown","price_tier_label":"價格未知"}},{"type":"Feature","geometry":{"type":"Point","coordinates":[121.51904,25.07761]},"properties":{"supply_id":"taipei-onstreet-613600081","city":"taipei","district":"大同區","display_name":"承德橋下停車場(堤外) 車格 613600081","address":"承德橋下停車場(堤外)","facility_kind":"onstreet","symbol_text":null,"type_reference":"路邊停車格","type_confidence":0.6,"price_raw":null,"price_value":null,"capacity_total":1,"available_total":null,"occupied_total":null,"status_label":"狀態未知","data_time":"2026-05-02 15:53:29+08:00","city_label":"臺北市","facility_kind_label":"路邊車格","available_rate":null,"occupancy_rate":null,"price_tier":"unknown","price_tier_label":"價格未知"}},{"type":"Feature","geometry":{"type":"Point","coordinates":[121.51872,25.07767]},"properties":{"supply_id":"taipei-onstreet-613600056","city":"taipei","district":"大同區","display_name":"承德橋下停車場(堤外) 車格 613600056","address":"承德橋下停車場(堤外)","facility_kind":"onstreet","symbol_text":null,"type_reference":"路邊停車格","type_confidence":0.6,"price_raw":null,"price_value":null,"capacity_total":1,"available_total":null,"occupied_total":null,"status_label":"狀態未知","data_time":"2026-05-02 15:53:29+08:00","city_label":"臺北市","facility_kind_label":"路邊車格","available_rate":null,"occupancy_rate":null,"price_tier":"unknown","price_tier_label":"價格未知"}},{"type":"Feature","geometry":{"type":"Point","coordinates":[121.51765,25.0607]},"properties":{"supply_id":"taipei-onstreet-10381027","city":"taipei","district":"大同區","display_name":"民權西路102巷 車格 10381027","address":"民權西路102巷","facility_kind":"onstreet","symbol_text":null,"type_reference":"路邊停車格","type_confidence":0.6,"price_raw":null,"price_value":null,"capacity_total":1,"available_total":null,"occupied_total":null,"status_label":"狀態未知","data_time":"2026-05-02 15:53:29+08:00","city_label":"臺北市","facility_kind_label":"路邊車格","available_rate":null,"occupancy_rate":null,"price_tier":"unknown","price_tier_label":"價格未知"}},{"type":"Feature","geometry":{"type":"Point","coordinates":[121.51837,25.07784]},"properties":{"supply_id":"taipei-onstreet-6136000175","city":"taipei","district":"大同區","display_name":"承德橋下停車場(堤外) 車格 6136000175","address":"承德橋下停車場(堤外)","facility_kind":"onstreet","symbol_text":null,"type_reference":"路邊停車格","type_confidence":0.6,"price_raw":null,"price_value":null,"capacity_total":1,"available_total":null,"occupied_total":null,"status_label":"狀態未知","data_time":"2026-05-02 15:53:29+08:00","city_label":"臺北市","facility_kind_label":"路邊車格","available_rate":null,"occupancy_rate":null,"price_tier":"unknown","price_tier_label":"價格未知"}},{"type":"Feature","geometry":{"type":"Point","coordinates":[121.50647,25.05218]},"properties":{"supply_id":"taipei-onstreet-607500053","city":"taipei","district":"大同區","display_name":"環河北路（3號水門堤外）小型車 車格 607500053","address":"環河北路（3號水門堤外）小型車","facility_kind":"onstreet","symbol_text":null,"type_reference":"路邊停車格","type_confidence":0.6,"price_raw":null,"price_value":null,"capacity_total":1,"available_total":null,"occupied_total":null,"status_label":"狀態未知","data_time":"2026-05-02 15:53:29+08:00","city_label":"臺北市","facility_kind_label":"路邊車格","available_rate":null,"occupancy_rate":null,"price_tier":"unknown","price_tier_label":"價格未知"}},{"type":"Feature","geometry":{"type":"Point","coordinates":[121.51164,25.07814]},"properties":{"supply_id":"taipei-onstreet-10580A052","city":"taipei","district":"大同區","display_name":"延平北路4至5段1巷 車格 10580A052","address":"延平北路4至5段1巷","facility_kind":"onstreet","symbol_text":null,"type_reference":"路邊停車格","type_confidence":0.6,"price_raw":null,"price_value":null,"capacity_total":1,"available_total":null,"occupied_total":null,"status_label":"狀態未知","data_time":"2026-05-02 15:53:29+08:00","city_label":"臺北市","facility_kind_label":"路邊車格","available_rate":null,"occupancy_rate":null,"price_tier":"unknown","price_tier_label":"價格未知"}},{"type":"Feature","geometry":{"type":"Point","coordinates":[121.51052,25.06724]},"properties":{"supply_id":"taipei-onstreet-103714904","city":"taipei","district":"大同區","display_name":"迪化街2段149巷 車格 103714904","address":"迪化街2段149巷","facility_kind":"onstreet","symbol_text":null,"type_reference":"路邊停車格","type_confidence":0.6,"price_raw":null,"price_value":null,"capacity_total":1,"available_total":null,"occupied_total":null,"status_label":"狀態未知","data_time":"2026-05-02 15:53:29+08:00","city_label":"臺北市","facility_kind_label":"路邊車格","available_rate":null,"occupancy_rate":null,"price_tier":"unknown","price_tier_label":"價格未知"}},{"type":"Feature","geometry":{"type":"Point","coordinates":[121.50914,25.07322]},"properties":{"supply_id":"taipei-onstreet-106500011","city":"taipei","district":"大同區","display_name":"環河北路2段 車格 106500011","address":"環河北路2段","facility_kind":"onstreet","symbol_text":null,"type_reference":"路邊停車格","type_confidence":0.6,"price_raw":null,"price_value":null,"capacity_total":1,"available_total":null,"occupied_total":null,"status_label":"狀態未知","data_time":"2026-05-02 15:53:29+08:00","city_label":"臺北市","facility_kind_label":"路邊車格","available_rate":null,"occupancy_rate":null,"price_tier":"unknown","price_tier_label":"價格未知"}},{"type":"Feature","geometry":{"type":"Point","coordinates":[121.50621,25.05205]},"properties":{"supply_id":"taipei-onstreet-6075000153","city":"taipei","district":"大同區","display_name":"環河北路（3號水門堤外）小型車 車格 6075000153","address":"環河北路（3號水門堤外）小型車","facility_kind":"onstreet","symbol_text":null,"type_reference":"路邊停車格","type_confidence":0.6,"price_raw":null,"price_value":null,"capacity_total":1,"available_total":null,"occupied_total":null,"status_label":"狀態未知","data_time":"2026-05-02 15:53:29+08:00","city_label":"臺北市","facility_kind_label":"路邊車格","available_rate":null,"occupancy_rate":null,"price_tier":"unknown","price_tier_label":"價格未知"}},{"type":"Feature","geometry":{"type":"Point","coordinates":[121.50634,25.05212]},"properties":{"supply_id":"taipei-onstreet-6075000113","city":"taipei","district":"大同區","display_name":"環河北路（3號水門堤外）小型車 車格 6075000113","address":"環河北路（3號水門堤外）小型車","facility_kind":"onstreet","symbol_text":null,"type_reference":"路邊停車格","type_confidence":0.6,"price_raw":null,"price_value":null,"capacity_total":1,"available_total":null,"occupied_total":null,"status_label":"狀態未知","data_time":"2026-05-02 15:53:29+08:00","city_label":"臺北市","facility_kind_label":"路邊車格","available_rate":null,"occupancy_rate":null,"price_tier":"unknown","price_tier_label":"價格未知"}},{"type":"Feature","geometry":{"type":"Point","coordinates":[121.51094,25.05434]},"properties":{"supply_id":"taipei-onstreet-10320B042","city":"taipei","district":"大同區","display_name":"民樂街 車格 10320B042","address":"民樂街","facility_kind":"onstreet","symbol_text":null,"type_reference":"路邊停車格","type_confidence":0.6,"price_raw":null,"price_value":null,"capacity_total":1,"available_total":1,"occupied_total":0,"status_label":"空位","data_time":"2026-05-02 15:53:29+08:00","city_label":"臺北市","facility_kind_label":"路邊車格","available_rate":1,"occupancy_rate":0,"price_tier":"unknown","price_tier_label":"價格未知"}},{"type":"Feature","geometry":{"type":"Point","coordinates":[121.51205,25.06873]},"properties":{"supply_id":"taipei-onstreet-104200042","city":"taipei","district":"大同區","display_name":"民族西路 車格 104200042","address":"民族西路","facility_kind":"onstreet","symbol_text":null,"type_reference":"路邊停車格","type_confidence":0.6,"price_raw":null,"price_value":null,"capacity_total":1,"available_total":1,"occupied_total":0,"status_label":"空位","data_time":"2026-05-02 15:53:29+08:00","city_label":"臺北市","facility_kind_label":"路邊車格","available_rate":1,"occupancy_rate":0,"price_tier":"unknown","price_tier_label":"價格未知"}},{"type":"Feature","geometry":{"type":"Point","coordinates":[121.50889,25.05606]},"properties":{"supply_id":"taipei-onstreet-1023Y0059","city":"taipei","district":"大同區","display_name":"西寧北路 車格 1023Y0059","address":"西寧北路","facility_kind":"onstreet","symbol_text":null,"type_reference":"路邊停車格","type_confidence":0.6,"price_raw":null,"price_value":null,"capacity_total":1,"available_total":1,"occupied_total":0,"status_label":"空位","data_time":"2026-05-02 15:53:29+08:00","city_label":"臺北市","facility_kind_label":"路邊車格","available_rate":1,"occupancy_rate":0,"price_tier":"unknown","price_tier_label":"價格未知"}},{"type":"Feature","geometry":{"type":"Point","coordinates":[121.51492,25.05919]},"properties":{"supply_id":"taipei-onstreet-10300B014","city":"taipei","district":"大同區","display_name":"寧夏路B 車格 10300B014","address":"寧夏路B","facility_kind":"onstreet","symbol_text":null,"type_reference":"路邊停車格","type_confidence":0.6,"price_raw":null,"price_value":null,"capacity_total":1,"available_total":null,"occupied_total":null,"status_label":"狀態未知","data_time":"2026-05-02 15:53:29+08:00","city_label":"臺北市","facility_kind_label":"路邊車格","available_rate":null,"occupancy_rate":null,"price_tier":"unknown","price_tier_label":"價格未知"}},{"type":"Feature","geometry":{"type":"Point","coordinates":[121.50639,25.05225]},"properties":{"supply_id":"taipei-onstreet-607500031","city":"taipei","district":"大同區","display_name":"環河北路（3號水門堤外）小型車 車格 607500031","address":"環河北路（3號水門堤外）小型車","facility_kind":"onstreet","symbol_text":null,"type_reference":"路邊停車格","type_confidence":0.6,"price_raw":null,"price_value":null,"capacity_total":1,"available_total":null,"occupied_total":null,"status_label":"狀態未知","data_time":"2026-05-02 15:53:29+08:00","city_label":"臺北市","facility_kind_label":"路邊車格","available_rate":null,"occupancy_rate":null,"price_tier":"unknown","price_tier_label":"價格未知"}},{"type":"Feature","geometry":{"type":"Point","coordinates":[121.51793,25.07814]},"properties":{"supply_id":"taipei-onstreet-6136000157","city":"taipei","district":"大同區","display_name":"承德橋下停車場(堤外) 車格 6136000157","address":"承德橋下停車場(堤外)","facility_kind":"onstreet","symbol_text":null,"type_reference":"路邊停車格","type_confidence":0.6,"price_raw":null,"price_value":null,"capacity_total":1,"available_total":null,"occupied_total":null,"status_label":"狀態未知","data_time":"2026-05-02 15:53:29+08:00","city_label":"臺北市","facility_kind_label":"路邊車格","available_rate":null,"occupancy_rate":null,"price_tier":"unknown","price_tier_label":"價格未知"}},{"type":"Feature","geometry":{"type":"Point","coordinates":[121.51676,25.07542]},"properties":{"supply_id":"taipei-onstreet-106905307","city":"taipei","district":"大同區","display_name":"哈密街59巷53弄 車格 106905307","address":"哈密街59巷53弄","facility_kind":"onstreet","symbol_text":null,"type_reference":"路邊停車格","type_confidence":0.6,"price_raw":null,"price_value":null,"capacity_total":1,"available_total":null,"occupied_total":null,"status_label":"狀態未知","data_time":"2026-05-02 15:53:29+08:00","city_label":"臺北市","facility_kind_label":"路邊車格","available_rate":null,"occupancy_rate":null,"price_tier":"unknown","price_tier_label":"價格未知"}},{"type":"Feature","geometry":{"type":"Point","coordinates":[121.50798,25.05364]},"properties":{"supply_id":"taipei-onstreet-10130B031","city":"taipei","district":"大同區","display_name":"南京西路B 車格 10130B031","address":"南京西路B","facility_kind":"onstreet","symbol_text":null,"type_reference":"路邊停車格","type_confidence":0.6,"price_raw":null,"price_value":null,"capacity_total":1,"available_total":1,"occupied_total":0,"status_label":"空位","data_time":"2026-05-02 15:53:29+08:00","city_label":"臺北市","facility_kind_label":"路邊車格","available_rate":1,"occupancy_rate":0,"price_tier":"unknown","price_tier_label":"價格未知"}},{"type":"Feature","geometry":{"type":"Point","coordinates":[121.51934,25.06703]},"properties":{"supply_id":"taipei-onstreet-104203214","city":"taipei","district":"大同區","display_name":"民族西路32巷 車格 104203214","address":"民族西路32巷","facility_kind":"onstreet","symbol_text":null,"type_reference":"路邊停車格","type_confidence":0.6,"price_raw":null,"price_value":null,"capacity_total":1,"available_total":1,"occupied_total":0,"status_label":"空位","data_time":"2026-05-02 15:53:29+08:00","city_label":"臺北市","facility_kind_label":"路邊車格","available_rate":1,"occupancy_rate":0,"price_tier":"unknown","price_tier_label":"價格未知"}},{"type":"Feature","geometry":{"type":"Point","coordinates":[121.51666,25.06428]},"properties":{"supply_id":"taipei-onstreet-104502405","city":"taipei","district":"大同區","display_name":"承德路3段24巷 車格 104502405","address":"承德路3段24巷","facility_kind":"onstreet","symbol_text":null,"type_reference":"路邊停車格","type_confidence":0.6,"price_raw":null,"price_value":null,"capacity_total":1,"available_total":1,"occupied_total":0,"status_label":"空位","data_time":"2026-05-02 15:53:29+08:00","city_label":"臺北市","facility_kind_label":"路邊車格","available_rate":1,"occupancy_rate":0,"price_tier":"unknown","price_tier_label":"價格未知"}},{"type":"Feature","geometry":{"type":"Point","coordinates":[121.51354,25.05348]},"properties":{"supply_id":"taipei-onstreet-10133026","city":"taipei","district":"大同區","display_name":"南京西路302巷 車格 10133026","address":"南京西路302巷","facility_kind":"onstreet","symbol_text":null,"type_reference":"路邊停車格","type_confidence":0.6,"price_raw":null,"price_value":null,"capacity_total":1,"available_total":null,"occupied_total":null,"status_label":"狀態未知","data_time":"2026-05-02 15:53:29+08:00","city_label":"臺北市","facility_kind_label":"路邊車格","available_rate":null,"occupancy_rate":null,"price_tier":"unknown","price_tier_label":"價格未知"}},{"type":"Feature","geometry":{"type":"Point","coordinates":[121.5162,25.07673]},"properties":{"supply_id":"taipei-onstreet-107002121","city":"taipei","district":"大同區","display_name":"敦煌路21巷 車格 107002121","address":"敦煌路21巷","facility_kind":"onstreet","symbol_text":null,"type_reference":"路邊停車格","type_confidence":0.6,"price_raw":null,"price_value":null,"capacity_total":1,"available_total":null,"occupied_total":null,"status_label":"狀態未知","data_time":"2026-05-02 15:53:29+08:00","city_label":"臺北市","facility_kind_label":"路邊車格","available_rate":null,"occupancy_rate":null,"price_tier":"unknown","price_tier_label":"價格未知"}},{"type":"Feature","geometry":{"type":"Point","coordinates":[121.51015,25.07222]},"properties":{"supply_id":"taipei-onstreet-10680A022","city":"taipei","district":"大同區","display_name":"酒泉街 車格 10680A022","address":"酒泉街","facility_kind":"onstreet","symbol_text":null,"type_reference":"路邊停車格","type_confidence":0.6,"price_raw":null,"price_value":null,"capacity_total":1,"available_total":1,"occupied_total":0,"status_label":"空位","data_time":"2026-05-02 15:53:29+08:00","city_label":"臺北市","facility_kind_label":"路邊車格","available_rate":1,"occupancy_rate":0,"price_tier":"unknown","price_tier_label":"價格未知"}},{"type":"Feature","geometry":{"type":"Point","coordinates":[121.51638,25.07675]},"properties":{"supply_id":"taipei-onstreet-107002123","city":"taipei","district":"大同區","display_name":"敦煌路21巷 車格 107002123","address":"敦煌路21巷","facility_kind":"onstreet","symbol_text":null,"type_reference":"路邊停車格","type_confidence":0.6,"price_raw":null,"price_value":null,"capacity_total":1,"available_total":null,"occupied_total":null,"status_label":"狀態未知","data_time":"2026-05-02 15:53:29+08:00","city_label":"臺北市","facility_kind_label":"路邊車格","available_rate":null,"occupancy_rate":null,"price_tier":"unknown","price_tier_label":"價格未知"}},{"type":"Feature","geometry":{"type":"Point","coordinates":[121.50684,25.05219]},"properties":{"supply_id":"taipei-onstreet-607500019","city":"taipei","district":"大同區","display_name":"環河北路（3號水門堤外）小型車 車格 607500019","address":"環河北路（3號水門堤外）小型車","facility_kind":"onstreet","symbol_text":null,"type_reference":"路邊停車格","type_confidence":0.6,"price_raw":null,"price_value":null,"capacity_total":1,"available_total":null,"occupied_total":null,"status_label":"狀態未知","data_time":"2026-05-02 15:53:29+08:00","city_label":"臺北市","facility_kind_label":"路邊車格","available_rate":null,"occupancy_rate":null,"price_tier":"unknown","price_tier_label":"價格未知"}},{"type":"Feature","geometry":{"type":"Point","coordinates":[121.50903,25.05618]},"properties":{"supply_id":"taipei-onstreet-1023Y0054","city":"taipei","district":"大同區","display_name":"西寧北路 車格 1023Y0054","address":"西寧北路","facility_kind":"onstreet","symbol_text":null,"type_reference":"路邊停車格","type_confidence":0.6,"price_raw":null,"price_value":null,"capacity_total":1,"available_total":1,"occupied_total":0,"status_label":"空位","data_time":"2026-05-02 15:53:29+08:00","city_label":"臺北市","facility_kind_label":"路邊車格","available_rate":1,"occupancy_rate":0,"price_tier":"unknown","price_tier_label":"價格未知"}},{"type":"Feature","geometry":{"type":"Point","coordinates":[121.50876,25.05461]},"properties":{"supply_id":"taipei-onstreet-1023Y0079","city":"taipei","district":"大同區","display_name":"西寧北路 車格 1023Y0079","address":"西寧北路","facility_kind":"onstreet","symbol_text":null,"type_reference":"路邊停車格","type_confidence":0.6,"price_raw":null,"price_value":null,"capacity_total":1,"available_total":1,"occupied_total":0,"status_label":"空位","data_time":"2026-05-02 15:53:29+08:00","city_label":"臺北市","facility_kind_label":"路邊車格","available_rate":1,"occupancy_rate":0,"price_tier":"unknown","price_tier_label":"價格未知"}},{"type":"Feature","geometry":{"type":"Point","coordinates":[121.51167,25.05812]},"properties":{"supply_id":"taipei-onstreet-103600018","city":"taipei","district":"大同區","display_name":"歸綏街 車格 103600018","address":"歸綏街","facility_kind":"onstreet","symbol_text":null,"type_reference":"路邊停車格","type_confidence":0.6,"price_raw":null,"price_value":null,"capacity_total":1,"available_total":null,"occupied_total":null,"status_label":"狀態未知","data_time":"2026-05-02 15:53:29+08:00","city_label":"臺北市","facility_kind_label":"路邊車格","available_rate":null,"occupancy_rate":null,"price_tier":"unknown","price_tier_label":"價格未知"}},{"type":"Feature","geometry":{"type":"Point","coordinates":[121.51774,25.06975]},"properties":{"supply_id":"taipei-onstreet-10451909","city":"taipei","district":"大同區","display_name":"承德路3段190巷 車格 10451909","address":"承德路3段190巷","facility_kind":"onstreet","symbol_text":null,"type_reference":"路邊停車格","type_confidence":0.6,"price_raw":null,"price_value":null,"capacity_total":1,"available_total":null,"occupied_total":null,"status_label":"狀態未知","data_time":"2026-05-02 15:53:29+08:00","city_label":"臺北市","facility_kind_label":"路邊車格","available_rate":null,"occupancy_rate":null,"price_tier":"unknown","price_tier_label":"價格未知"}},{"type":"Feature","geometry":{"type":"Point","coordinates":[121.50655,25.05205]},"properties":{"supply_id":"taipei-onstreet-6075000122","city":"taipei","district":"大同區","display_name":"環河北路（3號水門堤外）小型車 車格 6075000122","address":"環河北路（3號水門堤外）小型車","facility_kind":"onstreet","symbol_text":null,"type_reference":"路邊停車格","type_confidence":0.6,"price_raw":null,"price_value":null,"capacity_total":1,"available_total":null,"occupied_total":null,"status_label":"狀態未知","data_time":"2026-05-02 15:53:29+08:00","city_label":"臺北市","facility_kind_label":"路邊車格","available_rate":null,"occupancy_rate":null,"price_tier":"unknown","price_tier_label":"價格未知"}},{"type":"Feature","geometry":{"type":"Point","coordinates":[121.51538,25.05083]},"properties":{"supply_id":"taipei-onstreet-101500A83","city":"taipei","district":"大同區","display_name":"太原路A 車格 101500A83","address":"太原路A","facility_kind":"onstreet","symbol_text":null,"type_reference":"路邊停車格","type_confidence":0.6,"price_raw":null,"price_value":null,"capacity_total":1,"available_total":1,"occupied_total":0,"status_label":"空位","data_time":"2026-05-02 15:53:29+08:00","city_label":"臺北市","facility_kind_label":"路邊車格","available_rate":1,"occupancy_rate":0,"price_tier":"unknown","price_tier_label":"價格未知"}},{"type":"Feature","geometry":{"type":"Point","coordinates":[121.51693,25.05637]},"properties":{"supply_id":"taipei-onstreet-101500074","city":"taipei","district":"大同區","display_name":"太原路 車格 101500074","address":"太原路","facility_kind":"onstreet","symbol_text":null,"type_reference":"路邊停車格","type_confidence":0.6,"price_raw":null,"price_value":null,"capacity_total":1,"available_total":null,"occupied_total":null,"status_label":"狀態未知","data_time":"2026-05-02 15:53:29+08:00","city_label":"臺北市","facility_kind_label":"路邊車格","available_rate":null,"occupancy_rate":null,"price_tier":"unknown","price_tier_label":"價格未知"}},{"type":"Feature","geometry":{"type":"Point","coordinates":[121.51542,25.05098]},"properties":{"supply_id":"taipei-onstreet-101500A86","city":"taipei","district":"大同區","display_name":"太原路A 車格 101500A86","address":"太原路A","facility_kind":"onstreet","symbol_text":null,"type_reference":"路邊停車格","type_confidence":0.6,"price_raw":null,"price_value":null,"capacity_total":1,"available_total":1,"occupied_total":0,"status_label":"空位","data_time":"2026-05-02 15:53:29+08:00","city_label":"臺北市","facility_kind_label":"路邊車格","available_rate":1,"occupancy_rate":0,"price_tier":"unknown","price_tier_label":"價格未知"}},{"type":"Feature","geometry":{"type":"Point","coordinates":[121.51766,25.06093]},"properties":{"supply_id":"taipei-onstreet-103810212","city":"taipei","district":"大同區","display_name":"民權西路102巷 車格 103810212","address":"民權西路102巷","facility_kind":"onstreet","symbol_text":null,"type_reference":"路邊停車格","type_confidence":0.6,"price_raw":null,"price_value":null,"capacity_total":1,"available_total":null,"occupied_total":null,"status_label":"狀態未知","data_time":"2026-05-02 15:53:29+08:00","city_label":"臺北市","facility_kind_label":"路邊車格","available_rate":null,"occupancy_rate":null,"price_tier":"unknown","price_tier_label":"價格未知"}},{"type":"Feature","geometry":{"type":"Point","coordinates":[121.50955,25.06713]},"properties":{"supply_id":"taipei-onstreet-10371722","city":"taipei","district":"大同區","display_name":"迪化街2段172巷 車格 10371722","address":"迪化街2段172巷","facility_kind":"onstreet","symbol_text":null,"type_reference":"路邊停車格","type_confidence":0.6,"price_raw":null,"price_value":null,"capacity_total":1,"available_total":null,"occupied_total":null,"status_label":"狀態未知","data_time":"2026-05-02 15:53:29+08:00","city_label":"臺北市","facility_kind_label":"路邊車格","available_rate":null,"occupancy_rate":null,"price_tier":"unknown","price_tier_label":"價格未知"}},{"type":"Feature","geometry":{"type":"Point","coordinates":[121.51222,25.06962]},"properties":{"supply_id":"taipei-onstreet-104222506","city":"taipei","district":"大同區","display_name":"民族西路225巷 車格 104222506","address":"民族西路225巷","facility_kind":"onstreet","symbol_text":null,"type_reference":"路邊停車格","type_confidence":0.6,"price_raw":null,"price_value":null,"capacity_total":1,"available_total":1,"occupied_total":0,"status_label":"空位","data_time":"2026-05-02 15:53:29+08:00","city_label":"臺北市","facility_kind_label":"路邊車格","available_rate":1,"occupancy_rate":0,"price_tier":"unknown","price_tier_label":"價格未知"}},{"type":"Feature","geometry":{"type":"Point","coordinates":[121.51177,25.07822]},"properties":{"supply_id":"taipei-onstreet-10580A021","city":"taipei","district":"大同區","display_name":"延平北路4至5段1巷 車格 10580A021","address":"延平北路4至5段1巷","facility_kind":"onstreet","symbol_text":null,"type_reference":"路邊停車格","type_confidence":0.6,"price_raw":null,"price_value":null,"capacity_total":1,"available_total":null,"occupied_total":null,"status_label":"狀態未知","data_time":"2026-05-02 15:53:29+08:00","city_label":"臺北市","facility_kind_label":"路邊車格","available_rate":null,"occupancy_rate":null,"price_tier":"unknown","price_tier_label":"價格未知"}},{"type":"Feature","geometry":{"type":"Point","coordinates":[121.50931,25.0581]},"properties":{"supply_id":"taipei-onstreet-103600005","city":"taipei","district":"大同區","display_name":"歸綏街 車格 103600005","address":"歸綏街","facility_kind":"onstreet","symbol_text":null,"type_reference":"路邊停車格","type_confidence":0.6,"price_raw":null,"price_value":null,"capacity_total":1,"available_total":0,"occupied_total":1,"status_label":"已停","data_time":"2026-05-02 15:53:29+08:00","city_label":"臺北市","facility_kind_label":"路邊車格","available_rate":0,"occupancy_rate":1,"price_tier":"unknown","price_tier_label":"價格未知"}},{"type":"Feature","geometry":{"type":"Point","coordinates":[121.51775,25.0702]},"properties":{"supply_id":"taipei-onstreet-104519816","city":"taipei","district":"大同區","display_name":"承德路3段198巷 車格 104519816","address":"承德路3段198巷","facility_kind":"onstreet","symbol_text":null,"type_reference":"路邊停車格","type_confidence":0.6,"price_raw":null,"price_value":null,"capacity_total":1,"available_total":1,"occupied_total":0,"status_label":"空位","data_time":"2026-05-02 15:53:29+08:00","city_label":"臺北市","facility_kind_label":"路邊車格","available_rate":1,"occupancy_rate":0,"price_tier":"unknown","price_tier_label":"價格未知"}},{"type":"Feature","geometry":{"type":"Point","coordinates":[121.51509,25.07642]},"properties":{"supply_id":"taipei-onstreet-10700B034","city":"taipei","district":"大同區","display_name":"慶昌橋下停車場 車格 10700B034","address":"慶昌橋下停車場","facility_kind":"onstreet","symbol_text":null,"type_reference":"路邊停車格","type_confidence":0.6,"price_raw":null,"price_value":null,"capacity_total":1,"available_total":null,"occupied_total":null,"status_label":"狀態未知","data_time":"2026-05-02 15:53:29+08:00","city_label":"臺北市","facility_kind_label":"路邊車格","available_rate":null,"occupancy_rate":null,"price_tier":"unknown","price_tier_label":"價格未知"}},{"type":"Feature","geometry":{"type":"Point","coordinates":[121.51384,25.05343]},"properties":{"supply_id":"taipei-onstreet-101900032","city":"taipei","district":"大同區","display_name":"天水路 車格 101900032","address":"天水路","facility_kind":"onstreet","symbol_text":null,"type_reference":"路邊停車格","type_confidence":0.6,"price_raw":null,"price_value":null,"capacity_total":1,"available_total":1,"occupied_total":0,"status_label":"空位","data_time":"2026-05-02 15:53:29+08:00","city_label":"臺北市","facility_kind_label":"路邊車格","available_rate":1,"occupancy_rate":0,"price_tier":"unknown","price_tier_label":"價格未知"}},{"type":"Feature","geometry":{"type":"Point","coordinates":[121.50943,25.05822]},"properties":{"supply_id":"taipei-onstreet-103600046","city":"taipei","district":"大同區","display_name":"歸綏街 車格 103600046","address":"歸綏街","facility_kind":"onstreet","symbol_text":null,"type_reference":"路邊停車格","type_confidence":0.6,"price_raw":null,"price_value":null,"capacity_total":1,"available_total":1,"occupied_total":0,"status_label":"空位","data_time":"2026-05-02 15:53:29+08:00","city_label":"臺北市","facility_kind_label":"路邊車格","available_rate":1,"occupancy_rate":0,"price_tier":"unknown","price_tier_label":"價格未知"}},{"type":"Feature","geometry":{"type":"Point","coordinates":[121.50803,25.05363]},"properties":{"supply_id":"taipei-onstreet-10130B032","city":"taipei","district":"大同區","display_name":"南京西路B 車格 10130B032","address":"南京西路B","facility_kind":"onstreet","symbol_text":null,"type_reference":"路邊停車格","type_confidence":0.6,"price_raw":null,"price_value":null,"capacity_total":1,"available_total":1,"occupied_total":0,"status_label":"空位","data_time":"2026-05-02 15:53:29+08:00","city_label":"臺北市","facility_kind_label":"路邊車格","available_rate":1,"occupancy_rate":0,"price_tier":"unknown","price_tier_label":"價格未知"}},{"type":"Feature","geometry":{"type":"Point","coordinates":[121.5104,25.07007]},"properties":{"supply_id":"taipei-onstreet-104230305","city":"taipei","district":"大同區","display_name":"民族西路303巷 車格 104230305","address":"民族西路303巷","facility_kind":"onstreet","symbol_text":null,"type_reference":"路邊停車格","type_confidence":0.6,"price_raw":null,"price_value":null,"capacity_total":1,"available_total":null,"occupied_total":null,"status_label":"狀態未知","data_time":"2026-05-02 15:53:29+08:00","city_label":"臺北市","facility_kind_label":"路邊車格","available_rate":null,"occupancy_rate":null,"price_tier":"unknown","price_tier_label":"價格未知"}},{"type":"Feature","geometry":{"type":"Point","coordinates":[121.50617,25.05196]},"properties":{"supply_id":"taipei-onstreet-6075000226","city":"taipei","district":"大同區","display_name":"環河北路（3號水門堤外）小型車 車格 6075000226","address":"環河北路（3號水門堤外）小型車","facility_kind":"onstreet","symbol_text":null,"type_reference":"路邊停車格","type_confidence":0.6,"price_raw":null,"price_value":null,"capacity_total":1,"available_total":null,"occupied_total":null,"status_label":"狀態未知","data_time":"2026-05-02 15:53:29+08:00","city_label":"臺北市","facility_kind_label":"路邊車格","available_rate":null,"occupancy_rate":null,"price_tier":"unknown","price_tier_label":"價格未知"}},{"type":"Feature","geometry":{"type":"Point","coordinates":[121.51455,25.06868]},"properties":{"supply_id":"taipei-onstreet-104200026","city":"taipei","district":"大同區","display_name":"民族西路 車格 104200026","address":"民族西路","facility_kind":"onstreet","symbol_text":null,"type_reference":"路邊停車格","type_confidence":0.6,"price_raw":null,"price_value":null,"capacity_total":1,"available_total":1,"occupied_total":0,"status_label":"空位","data_time":"2026-05-02 15:53:29+08:00","city_label":"臺北市","facility_kind_label":"路邊車格","available_rate":1,"occupancy_rate":0,"price_tier":"unknown","price_tier_label":"價格未知"}},{"type":"Feature","geometry":{"type":"Point","coordinates":[121.51531,25.05058]},"properties":{"supply_id":"taipei-onstreet-101500A78","city":"taipei","district":"大同區","display_name":"太原路A 車格 101500A78","address":"太原路A","facility_kind":"onstreet","symbol_text":null,"type_reference":"路邊停車格","type_confidence":0.6,"price_raw":null,"price_value":null,"capacity_total":1,"available_total":1,"occupied_total":0,"status_label":"空位","data_time":"2026-05-02 15:53:29+08:00","city_label":"臺北市","facility_kind_label":"路邊車格","available_rate":1,"occupancy_rate":0,"price_tier":"unknown","price_tier_label":"價格未知"}},{"type":"Feature","geometry":{"type":"Point","coordinates":[121.51194,25.05384]},"properties":{"supply_id":"taipei-onstreet-10130A09","city":"taipei","district":"大同區","display_name":"南京西路A 車格 10130A09","address":"南京西路A","facility_kind":"onstreet","symbol_text":null,"type_reference":"路邊停車格","type_confidence":0.6,"price_raw":null,"price_value":null,"capacity_total":1,"available_total":null,"occupied_total":null,"status_label":"狀態未知","data_time":"2026-05-02 15:53:29+08:00","city_label":"臺北市","facility_kind_label":"路邊車格","available_rate":null,"occupancy_rate":null,"price_tier":"unknown","price_tier_label":"價格未知"}},{"type":"Feature","geometry":{"type":"Point","coordinates":[121.50593,25.05203]},"properties":{"supply_id":"taipei-onstreet-6075000236","city":"taipei","district":"大同區","display_name":"環河北路（3號水門堤外）小型車 車格 6075000236","address":"環河北路（3號水門堤外）小型車","facility_kind":"onstreet","symbol_text":null,"type_reference":"路邊停車格","type_confidence":0.6,"price_raw":null,"price_value":null,"capacity_total":1,"available_total":null,"occupied_total":null,"status_label":"狀態未知","data_time":"2026-05-02 15:53:29+08:00","city_label":"臺北市","facility_kind_label":"路邊車格","available_rate":null,"occupancy_rate":null,"price_tier":"unknown","price_tier_label":"價格未知"}},{"type":"Feature","geometry":{"type":"Point","coordinates":[121.51592,25.06019]},"properties":{"supply_id":"taipei-onstreet-102905334","city":"taipei","district":"大同區","display_name":"錦西街53巷 車格 102905334","address":"錦西街53巷","facility_kind":"onstreet","symbol_text":null,"type_reference":"路邊停車格","type_confidence":0.6,"price_raw":null,"price_value":null,"capacity_total":1,"available_total":1,"occupied_total":0,"status_label":"空位","data_time":"2026-05-02 15:53:29+08:00","city_label":"臺北市","facility_kind_label":"路邊車格","available_rate":1,"occupancy_rate":0,"price_tier":"unknown","price_tier_label":"價格未知"}},{"type":"Feature","geometry":{"type":"Point","coordinates":[121.51541,25.07638]},"properties":{"supply_id":"taipei-onstreet-10700B046","city":"taipei","district":"大同區","display_name":"慶昌橋下停車場 車格 10700B046","address":"慶昌橋下停車場","facility_kind":"onstreet","symbol_text":null,"type_reference":"路邊停車格","type_confidence":0.6,"price_raw":null,"price_value":null,"capacity_total":1,"available_total":null,"occupied_total":null,"status_label":"狀態未知","data_time":"2026-05-02 15:53:29+08:00","city_label":"臺北市","facility_kind_label":"路邊車格","available_rate":null,"occupancy_rate":null,"price_tier":"unknown","price_tier_label":"價格未知"}},{"type":"Feature","geometry":{"type":"Point","coordinates":[121.51596,25.06932]},"properties":{"supply_id":"taipei-onstreet-106600003","city":"taipei","district":"大同區","display_name":"大龍街 車格 106600003","address":"大龍街","facility_kind":"onstreet","symbol_text":null,"type_reference":"路邊停車格","type_confidence":0.6,"price_raw":null,"price_value":null,"capacity_total":1,"available_total":1,"occupied_total":0,"status_label":"空位","data_time":"2026-05-02 15:53:29+08:00","city_label":"臺北市","facility_kind_label":"路邊車格","available_rate":1,"occupancy_rate":0,"price_tier":"unknown","price_tier_label":"價格未知"}},{"type":"Feature","geometry":{"type":"Point","coordinates":[121.51267,25.06055]},"properties":{"supply_id":"taipei-onstreet-10310002","city":"taipei","district":"大同區","display_name":"甘州街 車格 10310002","address":"甘州街","facility_kind":"onstreet","symbol_text":null,"type_reference":"路邊停車格","type_confidence":0.6,"price_raw":null,"price_value":null,"capacity_total":1,"available_total":null,"occupied_total":null,"status_label":"狀態未知","data_time":"2026-05-02 15:53:29+08:00","city_label":"臺北市","facility_kind_label":"路邊車格","available_rate":null,"occupancy_rate":null,"price_tier":"unknown","price_tier_label":"價格未知"}},{"type":"Feature","geometry":{"type":"Point","coordinates":[121.51884,25.07751]},"properties":{"supply_id":"taipei-onstreet-61360009","city":"taipei","district":"大同區","display_name":"承德橋下停車場(堤外) 車格 61360009","address":"承德橋下停車場(堤外)","facility_kind":"onstreet","symbol_text":null,"type_reference":"路邊停車格","type_confidence":0.6,"price_raw":null,"price_value":null,"capacity_total":1,"available_total":null,"occupied_total":null,"status_label":"狀態未知","data_time":"2026-05-02 15:53:29+08:00","city_label":"臺北市","facility_kind_label":"路邊車格","available_rate":null,"occupancy_rate":null,"price_tier":"unknown","price_tier_label":"價格未知"}},{"type":"Feature","geometry":{"type":"Point","coordinates":[121.51538,25.07643]},"properties":{"supply_id":"taipei-onstreet-10700B020","city":"taipei","district":"大同區","display_name":"慶昌橋下停車場 車格 10700B020","address":"慶昌橋下停車場","facility_kind":"onstreet","symbol_text":null,"type_reference":"路邊停車格","type_confidence":0.6,"price_raw":null,"price_value":null,"capacity_total":1,"available_total":null,"occupied_total":null,"status_label":"狀態未知","data_time":"2026-05-02 15:53:29+08:00","city_label":"臺北市","facility_kind_label":"路邊車格","available_rate":null,"occupancy_rate":null,"price_tier":"unknown","price_tier_label":"價格未知"}},{"type":"Feature","geometry":{"type":"Point","coordinates":[121.51268,25.05909]},"properties":{"supply_id":"taipei-onstreet-128400023","city":"taipei","district":"大同區","display_name":"保安街 車格 128400023","address":"保安街","facility_kind":"onstreet","symbol_text":null,"type_reference":"路邊停車格","type_confidence":0.6,"price_raw":null,"price_value":null,"capacity_total":1,"available_total":1,"occupied_total":0,"status_label":"空位","data_time":"2026-05-02 15:53:29+08:00","city_label":"臺北市","facility_kind_label":"路邊車格","available_rate":1,"occupancy_rate":0,"price_tier":"unknown","price_tier_label":"價格未知"}},{"type":"Feature","geometry":{"type":"Point","coordinates":[121.51765,25.06054]},"properties":{"supply_id":"taipei-onstreet-10381024","city":"taipei","district":"大同區","display_name":"民權西路102巷 車格 10381024","address":"民權西路102巷","facility_kind":"onstreet","symbol_text":null,"type_reference":"路邊停車格","type_confidence":0.6,"price_raw":null,"price_value":null,"capacity_total":1,"available_total":null,"occupied_total":null,"status_label":"狀態未知","data_time":"2026-05-02 15:53:29+08:00","city_label":"臺北市","facility_kind_label":"路邊車格","available_rate":null,"occupancy_rate":null,"price_tier":"unknown","price_tier_label":"價格未知"}},{"type":"Feature","geometry":{"type":"Point","coordinates":[121.51586,25.06032]},"properties":{"supply_id":"taipei-onstreet-102905341","city":"taipei","district":"大同區","display_name":"錦西街53巷 車格 102905341","address":"錦西街53巷","facility_kind":"onstreet","symbol_text":null,"type_reference":"路邊停車格","type_confidence":0.6,"price_raw":null,"price_value":null,"capacity_total":1,"available_total":1,"occupied_total":0,"status_label":"空位","data_time":"2026-05-02 15:53:29+08:00","city_label":"臺北市","facility_kind_label":"路邊車格","available_rate":1,"occupancy_rate":0,"price_tier":"unknown","price_tier_label":"價格未知"}},{"type":"Feature","geometry":{"type":"Point","coordinates":[121.51895,25.07765]},"properties":{"supply_id":"taipei-onstreet-613600077","city":"taipei","district":"大同區","display_name":"承德橋下停車場(堤外) 車格 613600077","address":"承德橋下停車場(堤外)","facility_kind":"onstreet","symbol_text":null,"type_reference":"路邊停車格","type_confidence":0.6,"price_raw":null,"price_value":null,"capacity_total":1,"available_total":null,"occupied_total":null,"status_label":"狀態未知","data_time":"2026-05-02 15:53:29+08:00","city_label":"臺北市","facility_kind_label":"路邊車格","available_rate":null,"occupancy_rate":null,"price_tier":"unknown","price_tier_label":"價格未知"}},{"type":"Feature","geometry":{"type":"Point","coordinates":[121.51596,25.0613]},"properties":{"supply_id":"taipei-onstreet-102905324","city":"taipei","district":"大同區","display_name":"錦西街53巷 車格 102905324","address":"錦西街53巷","facility_kind":"onstreet","symbol_text":null,"type_reference":"路邊停車格","type_confidence":0.6,"price_raw":null,"price_value":null,"capacity_total":1,"available_total":null,"occupied_total":null,"status_label":"狀態未知","data_time":"2026-05-02 15:53:29+08:00","city_label":"臺北市","facility_kind_label":"路邊車格","available_rate":null,"occupancy_rate":null,"price_tier":"unknown","price_tier_label":"價格未知"}},{"type":"Feature","geometry":{"type":"Point","coordinates":[121.51594,25.07017]},"properties":{"supply_id":"taipei-onstreet-106600018","city":"taipei","district":"大同區","display_name":"大龍街 車格 106600018","address":"大龍街","facility_kind":"onstreet","symbol_text":null,"type_reference":"路邊停車格","type_confidence":0.6,"price_raw":null,"price_value":null,"capacity_total":1,"available_total":1,"occupied_total":0,"status_label":"空位","data_time":"2026-05-02 15:53:29+08:00","city_label":"臺北市","facility_kind_label":"路邊車格","available_rate":1,"occupancy_rate":0,"price_tier":"unknown","price_tier_label":"價格未知"}},{"type":"Feature","geometry":{"type":"Point","coordinates":[121.51767,25.06127]},"properties":{"supply_id":"taipei-onstreet-103810213","city":"taipei","district":"大同區","display_name":"民權西路102巷 車格 103810213","address":"民權西路102巷","facility_kind":"onstreet","symbol_text":null,"type_reference":"路邊停車格","type_confidence":0.6,"price_raw":null,"price_value":null,"capacity_total":1,"available_total":null,"occupied_total":null,"status_label":"狀態未知","data_time":"2026-05-02 15:53:29+08:00","city_label":"臺北市","facility_kind_label":"路邊車格","available_rate":null,"occupancy_rate":null,"price_tier":"unknown","price_tier_label":"價格未知"}},{"type":"Feature","geometry":{"type":"Point","coordinates":[121.50916,25.0728]},"properties":{"supply_id":"taipei-onstreet-106500009","city":"taipei","district":"大同區","display_name":"環河北路2段 車格 106500009","address":"環河北路2段","facility_kind":"onstreet","symbol_text":null,"type_reference":"路邊停車格","type_confidence":0.6,"price_raw":null,"price_value":null,"capacity_total":1,"available_total":null,"occupied_total":null,"status_label":"狀態未知","data_time":"2026-05-02 15:53:29+08:00","city_label":"臺北市","facility_kind_label":"路邊車格","available_rate":null,"occupancy_rate":null,"price_tier":"unknown","price_tier_label":"價格未知"}},{"type":"Feature","geometry":{"type":"Point","coordinates":[121.50592,25.05193]},"properties":{"supply_id":"taipei-onstreet-6075000203","city":"taipei","district":"大同區","display_name":"環河北路（3號水門堤外）小型車 車格 6075000203","address":"環河北路（3號水門堤外）小型車","facility_kind":"onstreet","symbol_text":null,"type_reference":"路邊停車格","type_confidence":0.6,"price_raw":null,"price_value":null,"capacity_total":1,"available_total":null,"occupied_total":null,"status_label":"狀態未知","data_time":"2026-05-02 15:53:29+08:00","city_label":"臺北市","facility_kind_label":"路邊車格","available_rate":null,"occupancy_rate":null,"price_tier":"unknown","price_tier_label":"價格未知"}},{"type":"Feature","geometry":{"type":"Point","coordinates":[121.5092,25.05327]},"properties":{"supply_id":"taipei-onstreet-10130B025","city":"taipei","district":"大同區","display_name":"南京西路B 車格 10130B025","address":"南京西路B","facility_kind":"onstreet","symbol_text":null,"type_reference":"路邊停車格","type_confidence":0.6,"price_raw":null,"price_value":null,"capacity_total":1,"available_total":0,"occupied_total":1,"status_label":"已停","data_time":"2026-05-02 15:53:29+08:00","city_label":"臺北市","facility_kind_label":"路邊車格","available_rate":0,"occupancy_rate":1,"price_tier":"unknown","price_tier_label":"價格未知"}},{"type":"Feature","geometry":{"type":"Point","coordinates":[121.51171,25.07834]},"properties":{"supply_id":"taipei-onstreet-10580A024","city":"taipei","district":"大同區","display_name":"延平北路4至5段1巷 車格 10580A024","address":"延平北路4至5段1巷","facility_kind":"onstreet","symbol_text":null,"type_reference":"路邊停車格","type_confidence":0.6,"price_raw":null,"price_value":null,"capacity_total":1,"available_total":null,"occupied_total":null,"status_label":"狀態未知","data_time":"2026-05-02 15:53:29+08:00","city_label":"臺北市","facility_kind_label":"路邊車格","available_rate":null,"occupancy_rate":null,"price_tier":"unknown","price_tier_label":"價格未知"}},{"type":"Feature","geometry":{"type":"Point","coordinates":[121.50635,25.05222]},"properties":{"supply_id":"taipei-onstreet-607500048","city":"taipei","district":"大同區","display_name":"環河北路（3號水門堤外）小型車 車格 607500048","address":"環河北路（3號水門堤外）小型車","facility_kind":"onstreet","symbol_text":null,"type_reference":"路邊停車格","type_confidence":0.6,"price_raw":null,"price_value":null,"capacity_total":1,"available_total":null,"occupied_total":null,"status_label":"狀態未知","data_time":"2026-05-02 15:53:29+08:00","city_label":"臺北市","facility_kind_label":"路邊車格","available_rate":null,"occupancy_rate":null,"price_tier":"unknown","price_tier_label":"價格未知"}},{"type":"Feature","geometry":{"type":"Point","coordinates":[121.50892,25.05668]},"properties":{"supply_id":"taipei-onstreet-1023Y0055","city":"taipei","district":"大同區","display_name":"西寧北路 車格 1023Y0055","address":"西寧北路","facility_kind":"onstreet","symbol_text":null,"type_reference":"路邊停車格","type_confidence":0.6,"price_raw":null,"price_value":null,"capacity_total":1,"available_total":1,"occupied_total":0,"status_label":"空位","data_time":"2026-05-02 15:53:29+08:00","city_label":"臺北市","facility_kind_label":"路邊車格","available_rate":1,"occupancy_rate":0,"price_tier":"unknown","price_tier_label":"價格未知"}},{"type":"Feature","geometry":{"type":"Point","coordinates":[121.50629,25.05192]},"properties":{"supply_id":"taipei-onstreet-6075000221","city":"taipei","district":"大同區","display_name":"環河北路（3號水門堤外）小型車 車格 6075000221","address":"環河北路（3號水門堤外）小型車","facility_kind":"onstreet","symbol_text":null,"type_reference":"路邊停車格","type_confidence":0.6,"price_raw":null,"price_value":null,"capacity_total":1,"available_total":null,"occupied_total":null,"status_label":"狀態未知","data_time":"2026-05-02 15:53:29+08:00","city_label":"臺北市","facility_kind_label":"路邊車格","available_rate":null,"occupancy_rate":null,"price_tier":"unknown","price_tier_label":"價格未知"}},{"type":"Feature","geometry":{"type":"Point","coordinates":[121.51511,25.07539]},"properties":{"supply_id":"taipei-onstreet-106959A1","city":"taipei","district":"大同區","display_name":"哈密街59巷56弄 車格 106959A1","address":"哈密街59巷56弄","facility_kind":"onstreet","symbol_text":null,"type_reference":"路邊停車格","type_confidence":0.6,"price_raw":null,"price_value":null,"capacity_total":1,"available_total":null,"occupied_total":null,"status_label":"狀態未知","data_time":"2026-05-02 15:53:29+08:00","city_label":"臺北市","facility_kind_label":"路邊車格","available_rate":null,"occupancy_rate":null,"price_tier":"unknown","price_tier_label":"價格未知"}},{"type":"Feature","geometry":{"type":"Point","coordinates":[121.51153,25.07735]},"properties":{"supply_id":"taipei-onstreet-10582949","city":"taipei","district":"大同區","display_name":"延平北路4段294巷 車格 10582949","address":"延平北路4段294巷","facility_kind":"onstreet","symbol_text":null,"type_reference":"路邊停車格","type_confidence":0.6,"price_raw":null,"price_value":null,"capacity_total":1,"available_total":null,"occupied_total":null,"status_label":"狀態未知","data_time":"2026-05-02 15:53:29+08:00","city_label":"臺北市","facility_kind_label":"路邊車格","available_rate":null,"occupancy_rate":null,"price_tier":"unknown","price_tier_label":"價格未知"}},{"type":"Feature","geometry":{"type":"Point","coordinates":[121.51894,25.07782]},"properties":{"supply_id":"taipei-onstreet-6136000120","city":"taipei","district":"大同區","display_name":"承德橋下停車場(堤外) 車格 6136000120","address":"承德橋下停車場(堤外)","facility_kind":"onstreet","symbol_text":null,"type_reference":"路邊停車格","type_confidence":0.6,"price_raw":null,"price_value":null,"capacity_total":1,"available_total":null,"occupied_total":null,"status_label":"狀態未知","data_time":"2026-05-02 15:53:29+08:00","city_label":"臺北市","facility_kind_label":"路邊車格","available_rate":null,"occupancy_rate":null,"price_tier":"unknown","price_tier_label":"價格未知"}},{"type":"Feature","geometry":{"type":"Point","coordinates":[121.5065,25.05206]},"properties":{"supply_id":"taipei-onstreet-607500079","city":"taipei","district":"大同區","display_name":"環河北路（3號水門堤外）小型車 車格 607500079","address":"環河北路（3號水門堤外）小型車","facility_kind":"onstreet","symbol_text":null,"type_reference":"路邊停車格","type_confidence":0.6,"price_raw":null,"price_value":null,"capacity_total":1,"available_total":null,"occupied_total":null,"status_label":"狀態未知","data_time":"2026-05-02 15:53:29+08:00","city_label":"臺北市","facility_kind_label":"路邊車格","available_rate":null,"occupancy_rate":null,"price_tier":"unknown","price_tier_label":"價格未知"}},{"type":"Feature","geometry":{"type":"Point","coordinates":[121.51275,25.06057]},"properties":{"supply_id":"taipei-onstreet-103100032","city":"taipei","district":"大同區","display_name":"甘州街 車格 103100032","address":"甘州街","facility_kind":"onstreet","symbol_text":null,"type_reference":"路邊停車格","type_confidence":0.6,"price_raw":null,"price_value":null,"capacity_total":1,"available_total":1,"occupied_total":0,"status_label":"空位","data_time":"2026-05-02 15:53:29+08:00","city_label":"臺北市","facility_kind_label":"路邊車格","available_rate":1,"occupancy_rate":0,"price_tier":"unknown","price_tier_label":"價格未知"}},{"type":"Feature","geometry":{"type":"Point","coordinates":[121.51889,25.07749]},"properties":{"supply_id":"taipei-onstreet-613600011","city":"taipei","district":"大同區","display_name":"承德橋下停車場(堤外) 車格 613600011","address":"承德橋下停車場(堤外)","facility_kind":"onstreet","symbol_text":null,"type_reference":"路邊停車格","type_confidence":0.6,"price_raw":null,"price_value":null,"capacity_total":1,"available_total":null,"occupied_total":null,"status_label":"狀態未知","data_time":"2026-05-02 15:53:29+08:00","city_label":"臺北市","facility_kind_label":"路邊車格","available_rate":null,"occupancy_rate":null,"price_tier":"unknown","price_tier_label":"價格未知"}},{"type":"Feature","geometry":{"type":"Point","coordinates":[121.51317,25.07659]},"properties":{"supply_id":"taipei-onstreet-10700005","city":"taipei","district":"大同區","display_name":"敦煌路 車格 10700005","address":"敦煌路","facility_kind":"onstreet","symbol_text":null,"type_reference":"路邊停車格","type_confidence":0.6,"price_raw":null,"price_value":null,"capacity_total":1,"available_total":null,"occupied_total":null,"status_label":"狀態未知","data_time":"2026-05-02 15:53:29+08:00","city_label":"臺北市","facility_kind_label":"路邊車格","available_rate":null,"occupancy_rate":null,"price_tier":"unknown","price_tier_label":"價格未知"}},{"type":"Feature","geometry":{"type":"Point","coordinates":[121.51907,25.07754]},"properties":{"supply_id":"taipei-onstreet-613600041","city":"taipei","district":"大同區","display_name":"承德橋下停車場(堤外) 車格 613600041","address":"承德橋下停車場(堤外)","facility_kind":"onstreet","symbol_text":null,"type_reference":"路邊停車格","type_confidence":0.6,"price_raw":null,"price_value":null,"capacity_total":1,"available_total":null,"occupied_total":null,"status_label":"狀態未知","data_time":"2026-05-02 15:53:29+08:00","city_label":"臺北市","facility_kind_label":"路邊車格","available_rate":null,"occupancy_rate":null,"price_tier":"unknown","price_tier_label":"價格未知"}},{"type":"Feature","geometry":{"type":"Point","coordinates":[121.5188,25.07563]},"properties":{"supply_id":"taipei-onstreet-10700A026","city":"taipei","district":"大同區","display_name":"敦煌路A 車格 10700A026","address":"敦煌路A","facility_kind":"onstreet","symbol_text":null,"type_reference":"路邊停車格","type_confidence":0.6,"price_raw":null,"price_value":null,"capacity_total":1,"available_total":null,"occupied_total":null,"status_label":"狀態未知","data_time":"2026-05-02 15:53:29+08:00","city_label":"臺北市","facility_kind_label":"路邊車格","available_rate":null,"occupancy_rate":null,"price_tier":"unknown","price_tier_label":"價格未知"}},{"type":"Feature","geometry":{"type":"Point","coordinates":[121.50618,25.05185]},"properties":{"supply_id":"taipei-onstreet-6075000214","city":"taipei","district":"大同區","display_name":"環河北路（3號水門堤外）小型車 車格 6075000214","address":"環河北路（3號水門堤外）小型車","facility_kind":"onstreet","symbol_text":null,"type_reference":"路邊停車格","type_confidence":0.6,"price_raw":null,"price_value":null,"capacity_total":1,"available_total":null,"occupied_total":null,"status_label":"狀態未知","data_time":"2026-05-02 15:53:29+08:00","city_label":"臺北市","facility_kind_label":"路邊車格","available_rate":null,"occupancy_rate":null,"price_tier":"unknown","price_tier_label":"價格未知"}},{"type":"Feature","geometry":{"type":"Point","coordinates":[121.51804,25.07808]},"properties":{"supply_id":"taipei-onstreet-6136000152","city":"taipei","district":"大同區","display_name":"承德橋下停車場(堤外) 車格 6136000152","address":"承德橋下停車場(堤外)","facility_kind":"onstreet","symbol_text":null,"type_reference":"路邊停車格","type_confidence":0.6,"price_raw":null,"price_value":null,"capacity_total":1,"available_total":null,"occupied_total":null,"status_label":"狀態未知","data_time":"2026-05-02 15:53:29+08:00","city_label":"臺北市","facility_kind_label":"路邊車格","available_rate":null,"occupancy_rate":null,"price_tier":"unknown","price_tier_label":"價格未知"}},{"type":"Feature","geometry":{"type":"Point","coordinates":[121.51012,25.07754]},"properties":{"supply_id":"taipei-onstreet-105829433","city":"taipei","district":"大同區","display_name":"延平北路4段294巷 車格 105829433","address":"延平北路4段294巷","facility_kind":"onstreet","symbol_text":null,"type_reference":"路邊停車格","type_confidence":0.6,"price_raw":null,"price_value":null,"capacity_total":1,"available_total":null,"occupied_total":null,"status_label":"狀態未知","data_time":"2026-05-02 15:53:29+08:00","city_label":"臺北市","facility_kind_label":"路邊車格","available_rate":null,"occupancy_rate":null,"price_tier":"unknown","price_tier_label":"價格未知"}},{"type":"Feature","geometry":{"type":"Point","coordinates":[121.51692,25.06428]},"properties":{"supply_id":"taipei-onstreet-104502402","city":"taipei","district":"大同區","display_name":"承德路3段24巷 車格 104502402","address":"承德路3段24巷","facility_kind":"onstreet","symbol_text":null,"type_reference":"路邊停車格","type_confidence":0.6,"price_raw":null,"price_value":null,"capacity_total":1,"available_total":1,"occupied_total":0,"status_label":"空位","data_time":"2026-05-02 15:53:29+08:00","city_label":"臺北市","facility_kind_label":"路邊車格","available_rate":1,"occupancy_rate":0,"price_tier":"unknown","price_tier_label":"價格未知"}},{"type":"Feature","geometry":{"type":"Point","coordinates":[121.51232,25.07082]},"properties":{"supply_id":"taipei-onstreet-10510459","city":"taipei","district":"大同區","display_name":"重慶北路3段236巷45弄 車格 10510459","address":"重慶北路3段236巷45弄","facility_kind":"onstreet","symbol_text":null,"type_reference":"路邊停車格","type_confidence":0.6,"price_raw":null,"price_value":null,"capacity_total":1,"available_total":null,"occupied_total":null,"status_label":"狀態未知","data_time":"2026-05-02 15:53:29+08:00","city_label":"臺北市","facility_kind_label":"路邊車格","available_rate":null,"occupancy_rate":null,"price_tier":"unknown","price_tier_label":"價格未知"}},{"type":"Feature","geometry":{"type":"Point","coordinates":[121.51589,25.06147]},"properties":{"supply_id":"taipei-onstreet-102905356","city":"taipei","district":"大同區","display_name":"錦西街53巷 車格 102905356","address":"錦西街53巷","facility_kind":"onstreet","symbol_text":null,"type_reference":"路邊停車格","type_confidence":0.6,"price_raw":null,"price_value":null,"capacity_total":1,"available_total":1,"occupied_total":0,"status_label":"空位","data_time":"2026-05-02 15:53:29+08:00","city_label":"臺北市","facility_kind_label":"路邊車格","available_rate":1,"occupancy_rate":0,"price_tier":"unknown","price_tier_label":"價格未知"}},{"type":"Feature","geometry":{"type":"Point","coordinates":[121.51406,25.07057]},"properties":{"supply_id":"taipei-onstreet-10512235","city":"taipei","district":"大同區","display_name":"重慶北路3段223巷 車格 10512235","address":"重慶北路3段223巷","facility_kind":"onstreet","symbol_text":null,"type_reference":"路邊停車格","type_confidence":0.6,"price_raw":null,"price_value":null,"capacity_total":1,"available_total":null,"occupied_total":null,"status_label":"狀態未知","data_time":"2026-05-02 15:53:29+08:00","city_label":"臺北市","facility_kind_label":"路邊車格","available_rate":null,"occupancy_rate":null,"price_tier":"unknown","price_tier_label":"價格未知"}},{"type":"Feature","geometry":{"type":"Point","coordinates":[121.50652,25.05229]},"properties":{"supply_id":"taipei-onstreet-60750006","city":"taipei","district":"大同區","display_name":"環河北路（3號水門堤外）小型車 車格 60750006","address":"環河北路（3號水門堤外）小型車","facility_kind":"onstreet","symbol_text":null,"type_reference":"路邊停車格","type_confidence":0.6,"price_raw":null,"price_value":null,"capacity_total":1,"available_total":null,"occupied_total":null,"status_label":"狀態未知","data_time":"2026-05-02 15:53:29+08:00","city_label":"臺北市","facility_kind_label":"路邊車格","available_rate":null,"occupancy_rate":null,"price_tier":"unknown","price_tier_label":"價格未知"}},{"type":"Feature","geometry":{"type":"Point","coordinates":[121.50902,25.07436]},"properties":{"supply_id":"taipei-onstreet-106500034","city":"taipei","district":"大同區","display_name":"環河北路2段 車格 106500034","address":"環河北路2段","facility_kind":"onstreet","symbol_text":null,"type_reference":"路邊停車格","type_confidence":0.6,"price_raw":null,"price_value":null,"capacity_total":1,"available_total":null,"occupied_total":null,"status_label":"狀態未知","data_time":"2026-05-02 15:53:29+08:00","city_label":"臺北市","facility_kind_label":"路邊車格","available_rate":null,"occupancy_rate":null,"price_tier":"unknown","price_tier_label":"價格未知"}},{"type":"Feature","geometry":{"type":"Point","coordinates":[121.50662,25.05203]},"properties":{"supply_id":"taipei-onstreet-607500074","city":"taipei","district":"大同區","display_name":"環河北路（3號水門堤外）小型車 車格 607500074","address":"環河北路（3號水門堤外）小型車","facility_kind":"onstreet","symbol_text":null,"type_reference":"路邊停車格","type_confidence":0.6,"price_raw":null,"price_value":null,"capacity_total":1,"available_total":null,"occupied_total":null,"status_label":"狀態未知","data_time":"2026-05-02 15:53:29+08:00","city_label":"臺北市","facility_kind_label":"路邊車格","available_rate":null,"occupancy_rate":null,"price_tier":"unknown","price_tier_label":"價格未知"}},{"type":"Feature","geometry":{"type":"Point","coordinates":[121.51495,25.0591]},"properties":{"supply_id":"taipei-onstreet-10300B016","city":"taipei","district":"大同區","display_name":"寧夏路B 車格 10300B016","address":"寧夏路B","facility_kind":"onstreet","symbol_text":null,"type_reference":"路邊停車格","type_confidence":0.6,"price_raw":null,"price_value":null,"capacity_total":1,"available_total":1,"occupied_total":0,"status_label":"空位","data_time":"2026-05-02 15:53:29+08:00","city_label":"臺北市","facility_kind_label":"路邊車格","available_rate":1,"occupancy_rate":0,"price_tier":"unknown","price_tier_label":"價格未知"}},{"type":"Feature","geometry":{"type":"Point","coordinates":[121.51317,25.06466]},"properties":{"supply_id":"taipei-onstreet-104100014","city":"taipei","district":"大同區","display_name":"伊寧街 車格 104100014","address":"伊寧街","facility_kind":"onstreet","symbol_text":null,"type_reference":"路邊停車格","type_confidence":0.6,"price_raw":null,"price_value":null,"capacity_total":1,"available_total":1,"occupied_total":0,"status_label":"空位","data_time":"2026-05-02 15:53:29+08:00","city_label":"臺北市","facility_kind_label":"路邊車格","available_rate":1,"occupancy_rate":0,"price_tier":"unknown","price_tier_label":"價格未知"}},{"type":"Feature","geometry":{"type":"Point","coordinates":[121.51072,25.07769]},"properties":{"supply_id":"taipei-onstreet-105829423","city":"taipei","district":"大同區","display_name":"延平北路4段294巷 車格 105829423","address":"延平北路4段294巷","facility_kind":"onstreet","symbol_text":null,"type_reference":"路邊停車格","type_confidence":0.6,"price_raw":null,"price_value":null,"capacity_total":1,"available_total":null,"occupied_total":null,"status_label":"狀態未知","data_time":"2026-05-02 15:53:29+08:00","city_label":"臺北市","facility_kind_label":"路邊車格","available_rate":null,"occupancy_rate":null,"price_tier":"unknown","price_tier_label":"價格未知"}},{"type":"Feature","geometry":{"type":"Point","coordinates":[121.51487,25.07541]},"properties":{"supply_id":"taipei-onstreet-106959A5","city":"taipei","district":"大同區","display_name":"哈密街59巷56弄 車格 106959A5","address":"哈密街59巷56弄","facility_kind":"onstreet","symbol_text":null,"type_reference":"路邊停車格","type_confidence":0.6,"price_raw":null,"price_value":null,"capacity_total":1,"available_total":null,"occupied_total":null,"status_label":"狀態未知","data_time":"2026-05-02 15:53:29+08:00","city_label":"臺北市","facility_kind_label":"路邊車格","available_rate":null,"occupancy_rate":null,"price_tier":"unknown","price_tier_label":"價格未知"}},{"type":"Feature","geometry":{"type":"Point","coordinates":[121.50918,25.07262]},"properties":{"supply_id":"taipei-onstreet-106500005","city":"taipei","district":"大同區","display_name":"環河北路2段 車格 106500005","address":"環河北路2段","facility_kind":"onstreet","symbol_text":null,"type_reference":"路邊停車格","type_confidence":0.6,"price_raw":null,"price_value":null,"capacity_total":1,"available_total":null,"occupied_total":null,"status_label":"狀態未知","data_time":"2026-05-02 15:53:29+08:00","city_label":"臺北市","facility_kind_label":"路邊車格","available_rate":null,"occupancy_rate":null,"price_tier":"unknown","price_tier_label":"價格未知"}},{"type":"Feature","geometry":{"type":"Point","coordinates":[121.51084,25.05567]},"properties":{"supply_id":"taipei-onstreet-10320B035","city":"taipei","district":"大同區","display_name":"民樂街 車格 10320B035","address":"民樂街","facility_kind":"onstreet","symbol_text":null,"type_reference":"路邊停車格","type_confidence":0.6,"price_raw":null,"price_value":null,"capacity_total":1,"available_total":1,"occupied_total":0,"status_label":"空位","data_time":"2026-05-02 15:53:29+08:00","city_label":"臺北市","facility_kind_label":"路邊車格","available_rate":1,"occupancy_rate":0,"price_tier":"unknown","price_tier_label":"價格未知"}},{"type":"Feature","geometry":{"type":"Point","coordinates":[121.51402,25.07131]},"properties":{"supply_id":"taipei-onstreet-105124301","city":"taipei","district":"大同區","display_name":"重慶北路3段243巷 車格 105124301","address":"重慶北路3段243巷","facility_kind":"onstreet","symbol_text":null,"type_reference":"路邊停車格","type_confidence":0.6,"price_raw":null,"price_value":null,"capacity_total":1,"available_total":1,"occupied_total":0,"status_label":"空位","data_time":"2026-05-02 15:53:29+08:00","city_label":"臺北市","facility_kind_label":"路邊車格","available_rate":1,"occupancy_rate":0,"price_tier":"unknown","price_tier_label":"價格未知"}},{"type":"Feature","geometry":{"type":"Point","coordinates":[121.51657,25.06716]},"properties":{"supply_id":"taipei-onstreet-10660893","city":"taipei","district":"大同區","display_name":"大龍街89巷 車格 10660893","address":"大龍街89巷","facility_kind":"onstreet","symbol_text":null,"type_reference":"路邊停車格","type_confidence":0.6,"price_raw":null,"price_value":null,"capacity_total":1,"available_total":null,"occupied_total":null,"status_label":"狀態未知","data_time":"2026-05-02 15:53:29+08:00","city_label":"臺北市","facility_kind_label":"路邊車格","available_rate":null,"occupancy_rate":null,"price_tier":"unknown","price_tier_label":"價格未知"}},{"type":"Feature","geometry":{"type":"Point","coordinates":[121.5116,25.07822]},"properties":{"supply_id":"taipei-onstreet-10580A050","city":"taipei","district":"大同區","display_name":"延平北路4至5段1巷 車格 10580A050","address":"延平北路4至5段1巷","facility_kind":"onstreet","symbol_text":null,"type_reference":"路邊停車格","type_confidence":0.6,"price_raw":null,"price_value":null,"capacity_total":1,"available_total":null,"occupied_total":null,"status_label":"狀態未知","data_time":"2026-05-02 15:53:29+08:00","city_label":"臺北市","facility_kind_label":"路邊車格","available_rate":null,"occupancy_rate":null,"price_tier":"unknown","price_tier_label":"價格未知"}},{"type":"Feature","geometry":{"type":"Point","coordinates":[121.50957,25.05337]},"properties":{"supply_id":"taipei-onstreet-10130B0265","city":"taipei","district":"大同區","display_name":"南京西路B 車格 10130B0265","address":"南京西路B","facility_kind":"onstreet","symbol_text":null,"type_reference":"路邊停車格","type_confidence":0.6,"price_raw":null,"price_value":null,"capacity_total":1,"available_total":null,"occupied_total":null,"status_label":"狀態未知","data_time":"2026-05-02 15:53:29+08:00","city_label":"臺北市","facility_kind_label":"路邊車格","available_rate":null,"occupancy_rate":null,"price_tier":"unknown","price_tier_label":"價格未知"}},{"type":"Feature","geometry":{"type":"Point","coordinates":[121.51588,25.06116]},"properties":{"supply_id":"taipei-onstreet-102905351","city":"taipei","district":"大同區","display_name":"錦西街53巷 車格 102905351","address":"錦西街53巷","facility_kind":"onstreet","symbol_text":null,"type_reference":"路邊停車格","type_confidence":0.6,"price_raw":null,"price_value":null,"capacity_total":1,"available_total":null,"occupied_total":null,"status_label":"狀態未知","data_time":"2026-05-02 15:53:29+08:00","city_label":"臺北市","facility_kind_label":"路邊車格","available_rate":null,"occupancy_rate":null,"price_tier":"unknown","price_tier_label":"價格未知"}},{"type":"Feature","geometry":{"type":"Point","coordinates":[121.51905,25.07772]},"properties":{"supply_id":"taipei-onstreet-6136000116","city":"taipei","district":"大同區","display_name":"承德橋下停車場(堤外) 車格 6136000116","address":"承德橋下停車場(堤外)","facility_kind":"onstreet","symbol_text":null,"type_reference":"路邊停車格","type_confidence":0.6,"price_raw":null,"price_value":null,"capacity_total":1,"available_total":null,"occupied_total":null,"status_label":"狀態未知","data_time":"2026-05-02 15:53:29+08:00","city_label":"臺北市","facility_kind_label":"路邊車格","available_rate":null,"occupancy_rate":null,"price_tier":"unknown","price_tier_label":"價格未知"}},{"type":"Feature","geometry":{"type":"Point","coordinates":[121.51592,25.06034]},"properties":{"supply_id":"taipei-onstreet-102905330","city":"taipei","district":"大同區","display_name":"錦西街53巷 車格 102905330","address":"錦西街53巷","facility_kind":"onstreet","symbol_text":null,"type_reference":"路邊停車格","type_confidence":0.6,"price_raw":null,"price_value":null,"capacity_total":1,"available_total":1,"occupied_total":0,"status_label":"空位","data_time":"2026-05-02 15:53:29+08:00","city_label":"臺北市","facility_kind_label":"路邊車格","available_rate":1,"occupancy_rate":0,"price_tier":"unknown","price_tier_label":"價格未知"}},{"type":"Feature","geometry":{"type":"Point","coordinates":[121.50623,25.05184]},"properties":{"supply_id":"taipei-onstreet-6075000216","city":"taipei","district":"大同區","display_name":"環河北路（3號水門堤外）小型車 車格 6075000216","address":"環河北路（3號水門堤外）小型車","facility_kind":"onstreet","symbol_text":null,"type_reference":"路邊停車格","type_confidence":0.6,"price_raw":null,"price_value":null,"capacity_total":1,"available_total":null,"occupied_total":null,"status_label":"狀態未知","data_time":"2026-05-02 15:53:29+08:00","city_label":"臺北市","facility_kind_label":"路邊車格","available_rate":null,"occupancy_rate":null,"price_tier":"unknown","price_tier_label":"價格未知"}},{"type":"Feature","geometry":{"type":"Point","coordinates":[121.51821,25.07799]},"properties":{"supply_id":"taipei-onstreet-6136000144","city":"taipei","district":"大同區","display_name":"承德橋下停車場(堤外) 車格 6136000144","address":"承德橋下停車場(堤外)","facility_kind":"onstreet","symbol_text":null,"type_reference":"路邊停車格","type_confidence":0.6,"price_raw":null,"price_value":null,"capacity_total":1,"available_total":null,"occupied_total":null,"status_label":"狀態未知","data_time":"2026-05-02 15:53:29+08:00","city_label":"臺北市","facility_kind_label":"路邊車格","available_rate":null,"occupancy_rate":null,"price_tier":"unknown","price_tier_label":"價格未知"}},{"type":"Feature","geometry":{"type":"Point","coordinates":[121.51321,25.05208]},"properties":{"supply_id":"taipei-onstreet-521400031","city":"taipei","district":"大同區","display_name":"華亭街 車格 521400031","address":"華亭街","facility_kind":"onstreet","symbol_text":null,"type_reference":"路邊停車格","type_confidence":0.6,"price_raw":null,"price_value":null,"capacity_total":1,"available_total":1,"occupied_total":0,"status_label":"空位","data_time":"2026-05-02 15:53:29+08:00","city_label":"臺北市","facility_kind_label":"路邊車格","available_rate":1,"occupancy_rate":0,"price_tier":"unknown","price_tier_label":"價格未知"}},{"type":"Feature","geometry":{"type":"Point","coordinates":[121.51135,25.07056]},"properties":{"supply_id":"taipei-onstreet-10372683","city":"taipei","district":"大同區","display_name":"迪化街2段268巷 車格 10372683","address":"迪化街2段268巷","facility_kind":"onstreet","symbol_text":null,"type_reference":"路邊停車格","type_confidence":0.6,"price_raw":null,"price_value":null,"capacity_total":1,"available_total":null,"occupied_total":null,"status_label":"狀態未知","data_time":"2026-05-02 15:53:29+08:00","city_label":"臺北市","facility_kind_label":"路邊車格","available_rate":null,"occupancy_rate":null,"price_tier":"unknown","price_tier_label":"價格未知"}},{"type":"Feature","geometry":{"type":"Point","coordinates":[121.50869,25.05397]},"properties":{"supply_id":"taipei-onstreet-1023Y0087","city":"taipei","district":"大同區","display_name":"西寧北路 車格 1023Y0087","address":"西寧北路","facility_kind":"onstreet","symbol_text":null,"type_reference":"路邊停車格","type_confidence":0.6,"price_raw":null,"price_value":null,"capacity_total":1,"available_total":1,"occupied_total":0,"status_label":"空位","data_time":"2026-05-02 15:53:29+08:00","city_label":"臺北市","facility_kind_label":"路邊車格","available_rate":1,"occupancy_rate":0,"price_tier":"unknown","price_tier_label":"價格未知"}},{"type":"Feature","geometry":{"type":"Point","coordinates":[121.50669,25.05224]},"properties":{"supply_id":"taipei-onstreet-607500013","city":"taipei","district":"大同區","display_name":"環河北路（3號水門堤外）小型車 車格 607500013","address":"環河北路（3號水門堤外）小型車","facility_kind":"onstreet","symbol_text":null,"type_reference":"路邊停車格","type_confidence":0.6,"price_raw":null,"price_value":null,"capacity_total":1,"available_total":null,"occupied_total":null,"status_label":"狀態未知","data_time":"2026-05-02 15:53:29+08:00","city_label":"臺北市","facility_kind_label":"路邊車格","available_rate":null,"occupancy_rate":null,"price_tier":"unknown","price_tier_label":"價格未知"}},{"type":"Feature","geometry":{"type":"Point","coordinates":[121.51834,25.07786]},"properties":{"supply_id":"taipei-onstreet-6136000174","city":"taipei","district":"大同區","display_name":"承德橋下停車場(堤外) 車格 6136000174","address":"承德橋下停車場(堤外)","facility_kind":"onstreet","symbol_text":null,"type_reference":"路邊停車格","type_confidence":0.6,"price_raw":null,"price_value":null,"capacity_total":1,"available_total":null,"occupied_total":null,"status_label":"狀態未知","data_time":"2026-05-02 15:53:29+08:00","city_label":"臺北市","facility_kind_label":"路邊車格","available_rate":null,"occupancy_rate":null,"price_tier":"unknown","price_tier_label":"價格未知"}},{"type":"Feature","geometry":{"type":"Point","coordinates":[121.5064,25.0522]},"properties":{"supply_id":"taipei-onstreet-607500050","city":"taipei","district":"大同區","display_name":"環河北路（3號水門堤外）小型車 車格 607500050","address":"環河北路（3號水門堤外）小型車","facility_kind":"onstreet","symbol_text":null,"type_reference":"路邊停車格","type_confidence":0.6,"price_raw":null,"price_value":null,"capacity_total":1,"available_total":null,"occupied_total":null,"status_label":"狀態未知","data_time":"2026-05-02 15:53:29+08:00","city_label":"臺北市","facility_kind_label":"路邊車格","available_rate":null,"occupancy_rate":null,"price_tier":"unknown","price_tier_label":"價格未知"}},{"type":"Feature","geometry":{"type":"Point","coordinates":[121.50909,25.07376]},"properties":{"supply_id":"taipei-onstreet-106500022","city":"taipei","district":"大同區","display_name":"環河北路2段 車格 106500022","address":"環河北路2段","facility_kind":"onstreet","symbol_text":null,"type_reference":"路邊停車格","type_confidence":0.6,"price_raw":null,"price_value":null,"capacity_total":1,"available_total":null,"occupied_total":null,"status_label":"狀態未知","data_time":"2026-05-02 15:53:29+08:00","city_label":"臺北市","facility_kind_label":"路邊車格","available_rate":null,"occupancy_rate":null,"price_tier":"unknown","price_tier_label":"價格未知"}},{"type":"Feature","geometry":{"type":"Point","coordinates":[121.51888,25.07761]},"properties":{"supply_id":"taipei-onstreet-613600049","city":"taipei","district":"大同區","display_name":"承德橋下停車場(堤外) 車格 613600049","address":"承德橋下停車場(堤外)","facility_kind":"onstreet","symbol_text":null,"type_reference":"路邊停車格","type_confidence":0.6,"price_raw":null,"price_value":null,"capacity_total":1,"available_total":null,"occupied_total":null,"status_label":"狀態未知","data_time":"2026-05-02 15:53:29+08:00","city_label":"臺北市","facility_kind_label":"路邊車格","available_rate":null,"occupancy_rate":null,"price_tier":"unknown","price_tier_label":"價格未知"}},{"type":"Feature","geometry":{"type":"Point","coordinates":[121.51886,25.07768]},"properties":{"supply_id":"taipei-onstreet-613600073","city":"taipei","district":"大同區","display_name":"承德橋下停車場(堤外) 車格 613600073","address":"承德橋下停車場(堤外)","facility_kind":"onstreet","symbol_text":null,"type_reference":"路邊停車格","type_confidence":0.6,"price_raw":null,"price_value":null,"capacity_total":1,"available_total":null,"occupied_total":null,"status_label":"狀態未知","data_time":"2026-05-02 15:53:29+08:00","city_label":"臺北市","facility_kind_label":"路邊車格","available_rate":null,"occupancy_rate":null,"price_tier":"unknown","price_tier_label":"價格未知"}},{"type":"Feature","geometry":{"type":"Point","coordinates":[121.50654,25.05216]},"properties":{"supply_id":"taipei-onstreet-607500056","city":"taipei","district":"大同區","display_name":"環河北路（3號水門堤外）小型車 車格 607500056","address":"環河北路（3號水門堤外）小型車","facility_kind":"onstreet","symbol_text":null,"type_reference":"路邊停車格","type_confidence":0.6,"price_raw":null,"price_value":null,"capacity_total":1,"available_total":null,"occupied_total":null,"status_label":"狀態未知","data_time":"2026-05-02 15:53:29+08:00","city_label":"臺北市","facility_kind_label":"路邊車格","available_rate":null,"occupancy_rate":null,"price_tier":"unknown","price_tier_label":"價格未知"}},{"type":"Feature","geometry":{"type":"Point","coordinates":[121.50649,25.0523]},"properties":{"supply_id":"taipei-onstreet-60750005","city":"taipei","district":"大同區","display_name":"環河北路（3號水門堤外）小型車 車格 60750005","address":"環河北路（3號水門堤外）小型車","facility_kind":"onstreet","symbol_text":null,"type_reference":"路邊停車格","type_confidence":0.6,"price_raw":null,"price_value":null,"capacity_total":1,"available_total":null,"occupied_total":null,"status_label":"狀態未知","data_time":"2026-05-02 15:53:29+08:00","city_label":"臺北市","facility_kind_label":"路邊車格","available_rate":null,"occupancy_rate":null,"price_tier":"unknown","price_tier_label":"價格未知"}},{"type":"Feature","geometry":{"type":"Point","coordinates":[121.51774,25.07001]},"properties":{"supply_id":"taipei-onstreet-104519812","city":"taipei","district":"大同區","display_name":"承德路3段198巷 車格 104519812","address":"承德路3段198巷","facility_kind":"onstreet","symbol_text":null,"type_reference":"路邊停車格","type_confidence":0.6,"price_raw":null,"price_value":null,"capacity_total":1,"available_total":null,"occupied_total":null,"status_label":"狀態未知","data_time":"2026-05-02 15:53:29+08:00","city_label":"臺北市","facility_kind_label":"路邊車格","available_rate":null,"occupancy_rate":null,"price_tier":"unknown","price_tier_label":"價格未知"}},{"type":"Feature","geometry":{"type":"Point","coordinates":[121.51229,25.0765]},"properties":{"supply_id":"taipei-onstreet-107000018","city":"taipei","district":"大同區","display_name":"敦煌路 車格 107000018","address":"敦煌路","facility_kind":"onstreet","symbol_text":null,"type_reference":"路邊停車格","type_confidence":0.6,"price_raw":null,"price_value":null,"capacity_total":1,"available_total":null,"occupied_total":null,"status_label":"狀態未知","data_time":"2026-05-02 15:53:29+08:00","city_label":"臺北市","facility_kind_label":"路邊車格","available_rate":null,"occupancy_rate":null,"price_tier":"unknown","price_tier_label":"價格未知"}},{"type":"Feature","geometry":{"type":"Point","coordinates":[121.50847,25.05226]},"properties":{"supply_id":"taipei-onstreet-1023Y00101","city":"taipei","district":"大同區","display_name":"西寧北路 車格 1023Y00101","address":"西寧北路","facility_kind":"onstreet","symbol_text":null,"type_reference":"路邊停車格","type_confidence":0.6,"price_raw":null,"price_value":null,"capacity_total":1,"available_total":1,"occupied_total":0,"status_label":"空位","data_time":"2026-05-02 15:53:29+08:00","city_label":"臺北市","facility_kind_label":"路邊車格","available_rate":1,"occupancy_rate":0,"price_tier":"unknown","price_tier_label":"價格未知"}},{"type":"Feature","geometry":{"type":"Point","coordinates":[121.5163,25.05406]},"properties":{"supply_id":"taipei-onstreet-101500064","city":"taipei","district":"大同區","display_name":"太原路 車格 101500064","address":"太原路","facility_kind":"onstreet","symbol_text":null,"type_reference":"路邊停車格","type_confidence":0.6,"price_raw":null,"price_value":null,"capacity_total":1,"available_total":null,"occupied_total":null,"status_label":"狀態未知","data_time":"2026-05-02 15:53:29+08:00","city_label":"臺北市","facility_kind_label":"路邊車格","available_rate":null,"occupancy_rate":null,"price_tier":"unknown","price_tier_label":"價格未知"}},{"type":"Feature","geometry":{"type":"Point","coordinates":[121.52045,25.05967]},"properties":{"supply_id":"taipei-onstreet-10290389","city":"taipei","district":"大同區","display_name":"錦西街38巷 車格 10290389","address":"錦西街38巷","facility_kind":"onstreet","symbol_text":null,"type_reference":"路邊停車格","type_confidence":0.6,"price_raw":null,"price_value":null,"capacity_total":1,"available_total":null,"occupied_total":null,"status_label":"狀態未知","data_time":"2026-05-02 15:53:29+08:00","city_label":"臺北市","facility_kind_label":"路邊車格","available_rate":null,"occupancy_rate":null,"price_tier":"unknown","price_tier_label":"價格未知"}},{"type":"Feature","geometry":{"type":"Point","coordinates":[121.51266,25.06059]},"properties":{"supply_id":"taipei-onstreet-10310001","city":"taipei","district":"大同區","display_name":"甘州街 車格 10310001","address":"甘州街","facility_kind":"onstreet","symbol_text":null,"type_reference":"路邊停車格","type_confidence":0.6,"price_raw":null,"price_value":null,"capacity_total":1,"available_total":null,"occupied_total":null,"status_label":"狀態未知","data_time":"2026-05-02 15:53:29+08:00","city_label":"臺北市","facility_kind_label":"路邊車格","available_rate":null,"occupancy_rate":null,"price_tier":"unknown","price_tier_label":"價格未知"}},{"type":"Feature","geometry":{"type":"Point","coordinates":[121.50934,25.05326]},"properties":{"supply_id":"taipei-onstreet-10130B024","city":"taipei","district":"大同區","display_name":"南京西路B 車格 10130B024","address":"南京西路B","facility_kind":"onstreet","symbol_text":null,"type_reference":"路邊停車格","type_confidence":0.6,"price_raw":null,"price_value":null,"capacity_total":1,"available_total":1,"occupied_total":0,"status_label":"空位","data_time":"2026-05-02 15:53:29+08:00","city_label":"臺北市","facility_kind_label":"路邊車格","available_rate":1,"occupancy_rate":0,"price_tier":"unknown","price_tier_label":"價格未知"}},{"type":"Feature","geometry":{"type":"Point","coordinates":[121.51088,25.07755]},"properties":{"supply_id":"taipei-onstreet-105829452","city":"taipei","district":"大同區","display_name":"延平北路4段294巷 車格 105829452","address":"延平北路4段294巷","facility_kind":"onstreet","symbol_text":null,"type_reference":"路邊停車格","type_confidence":0.6,"price_raw":null,"price_value":null,"capacity_total":1,"available_total":null,"occupied_total":null,"status_label":"狀態未知","data_time":"2026-05-02 15:53:29+08:00","city_label":"臺北市","facility_kind_label":"路邊車格","available_rate":null,"occupancy_rate":null,"price_tier":"unknown","price_tier_label":"價格未知"}},{"type":"Feature","geometry":{"type":"Point","coordinates":[121.51673,25.07681]},"properties":{"supply_id":"taipei-onstreet-10700215","city":"taipei","district":"大同區","display_name":"敦煌路21巷 車格 10700215","address":"敦煌路21巷","facility_kind":"onstreet","symbol_text":null,"type_reference":"路邊停車格","type_confidence":0.6,"price_raw":null,"price_value":null,"capacity_total":1,"available_total":null,"occupied_total":null,"status_label":"狀態未知","data_time":"2026-05-02 15:53:29+08:00","city_label":"臺北市","facility_kind_label":"路邊車格","available_rate":null,"occupancy_rate":null,"price_tier":"unknown","price_tier_label":"價格未知"}},{"type":"Feature","geometry":{"type":"Point","coordinates":[121.51751,25.06862]},"properties":{"supply_id":"taipei-onstreet-10420004","city":"taipei","district":"大同區","display_name":"民族西路 車格 10420004","address":"民族西路","facility_kind":"onstreet","symbol_text":null,"type_reference":"路邊停車格","type_confidence":0.6,"price_raw":null,"price_value":null,"capacity_total":1,"available_total":null,"occupied_total":null,"status_label":"狀態未知","data_time":"2026-05-02 15:53:29+08:00","city_label":"臺北市","facility_kind_label":"路邊車格","available_rate":null,"occupancy_rate":null,"price_tier":"unknown","price_tier_label":"價格未知"}},{"type":"Feature","geometry":{"type":"Point","coordinates":[121.50647,25.05193]},"properties":{"supply_id":"taipei-onstreet-6075000142","city":"taipei","district":"大同區","display_name":"環河北路（3號水門堤外）小型車 車格 6075000142","address":"環河北路（3號水門堤外）小型車","facility_kind":"onstreet","symbol_text":null,"type_reference":"路邊停車格","type_confidence":0.6,"price_raw":null,"price_value":null,"capacity_total":1,"available_total":null,"occupied_total":null,"status_label":"狀態未知","data_time":"2026-05-02 15:53:29+08:00","city_label":"臺北市","facility_kind_label":"路邊車格","available_rate":null,"occupancy_rate":null,"price_tier":"unknown","price_tier_label":"價格未知"}},{"type":"Feature","geometry":{"type":"Point","coordinates":[121.50653,25.05206]},"properties":{"supply_id":"taipei-onstreet-607500078","city":"taipei","district":"大同區","display_name":"環河北路（3號水門堤外）小型車 車格 607500078","address":"環河北路（3號水門堤外）小型車","facility_kind":"onstreet","symbol_text":null,"type_reference":"路邊停車格","type_confidence":0.6,"price_raw":null,"price_value":null,"capacity_total":1,"available_total":null,"occupied_total":null,"status_label":"狀態未知","data_time":"2026-05-02 15:53:29+08:00","city_label":"臺北市","facility_kind_label":"路邊車格","available_rate":null,"occupancy_rate":null,"price_tier":"unknown","price_tier_label":"價格未知"}},{"type":"Feature","geometry":{"type":"Point","coordinates":[121.52052,25.07518]},"properties":{"supply_id":"taipei-onstreet-10700A07","city":"taipei","district":"大同區","display_name":"敦煌路A 車格 10700A07","address":"敦煌路A","facility_kind":"onstreet","symbol_text":null,"type_reference":"路邊停車格","type_confidence":0.6,"price_raw":null,"price_value":null,"capacity_total":1,"available_total":null,"occupied_total":null,"status_label":"狀態未知","data_time":"2026-05-02 15:53:29+08:00","city_label":"臺北市","facility_kind_label":"路邊車格","available_rate":null,"occupancy_rate":null,"price_tier":"unknown","price_tier_label":"價格未知"}},{"type":"Feature","geometry":{"type":"Point","coordinates":[121.51279,25.05892]},"properties":{"supply_id":"taipei-onstreet-103100011","city":"taipei","district":"大同區","display_name":"甘州街 車格 103100011","address":"甘州街","facility_kind":"onstreet","symbol_text":null,"type_reference":"路邊停車格","type_confidence":0.6,"price_raw":null,"price_value":null,"capacity_total":1,"available_total":1,"occupied_total":0,"status_label":"空位","data_time":"2026-05-02 15:53:29+08:00","city_label":"臺北市","facility_kind_label":"路邊車格","available_rate":1,"occupancy_rate":0,"price_tier":"unknown","price_tier_label":"價格未知"}},{"type":"Feature","geometry":{"type":"Point","coordinates":[121.50871,25.05421]},"properties":{"supply_id":"taipei-onstreet-1023Y0084","city":"taipei","district":"大同區","display_name":"西寧北路 車格 1023Y0084","address":"西寧北路","facility_kind":"onstreet","symbol_text":null,"type_reference":"路邊停車格","type_confidence":0.6,"price_raw":null,"price_value":null,"capacity_total":1,"available_total":1,"occupied_total":0,"status_label":"空位","data_time":"2026-05-02 15:53:29+08:00","city_label":"臺北市","facility_kind_label":"路邊車格","available_rate":1,"occupancy_rate":0,"price_tier":"unknown","price_tier_label":"價格未知"}},{"type":"Feature","geometry":{"type":"Point","coordinates":[121.51696,25.07541]},"properties":{"supply_id":"taipei-onstreet-106905303","city":"taipei","district":"大同區","display_name":"哈密街59巷53弄 車格 106905303","address":"哈密街59巷53弄","facility_kind":"onstreet","symbol_text":null,"type_reference":"路邊停車格","type_confidence":0.6,"price_raw":null,"price_value":null,"capacity_total":1,"available_total":null,"occupied_total":null,"status_label":"狀態未知","data_time":"2026-05-02 15:53:29+08:00","city_label":"臺北市","facility_kind_label":"路邊車格","available_rate":null,"occupancy_rate":null,"price_tier":"unknown","price_tier_label":"價格未知"}},{"type":"Feature","geometry":{"type":"Point","coordinates":[121.52065,25.07612]},"properties":{"supply_id":"taipei-onstreet-10450007","city":"taipei","district":"大同區","display_name":"承德路3段 車格 10450007","address":"承德路3段","facility_kind":"onstreet","symbol_text":null,"type_reference":"路邊停車格","type_confidence":0.6,"price_raw":null,"price_value":null,"capacity_total":1,"available_total":null,"occupied_total":null,"status_label":"狀態未知","data_time":"2026-05-02 15:53:29+08:00","city_label":"臺北市","facility_kind_label":"路邊車格","available_rate":null,"occupancy_rate":null,"price_tier":"unknown","price_tier_label":"價格未知"}},{"type":"Feature","geometry":{"type":"Point","coordinates":[121.51694,25.05642]},"properties":{"supply_id":"taipei-onstreet-101500075","city":"taipei","district":"大同區","display_name":"太原路 車格 101500075","address":"太原路","facility_kind":"onstreet","symbol_text":null,"type_reference":"路邊停車格","type_confidence":0.6,"price_raw":null,"price_value":null,"capacity_total":1,"available_total":null,"occupied_total":null,"status_label":"狀態未知","data_time":"2026-05-02 15:53:29+08:00","city_label":"臺北市","facility_kind_label":"路邊車格","available_rate":null,"occupancy_rate":null,"price_tier":"unknown","price_tier_label":"價格未知"}},{"type":"Feature","geometry":{"type":"Point","coordinates":[121.51488,25.0693]},"properties":{"supply_id":"taipei-onstreet-10421872","city":"taipei","district":"大同區","display_name":"民族西路187巷 車格 10421872","address":"民族西路187巷","facility_kind":"onstreet","symbol_text":null,"type_reference":"路邊停車格","type_confidence":0.6,"price_raw":null,"price_value":null,"capacity_total":1,"available_total":null,"occupied_total":null,"status_label":"狀態未知","data_time":"2026-05-02 15:53:29+08:00","city_label":"臺北市","facility_kind_label":"路邊車格","available_rate":null,"occupancy_rate":null,"price_tier":"unknown","price_tier_label":"價格未知"}},{"type":"Feature","geometry":{"type":"Point","coordinates":[121.51158,25.07826]},"properties":{"supply_id":"taipei-onstreet-10580A049","city":"taipei","district":"大同區","display_name":"延平北路4至5段1巷 車格 10580A049","address":"延平北路4至5段1巷","facility_kind":"onstreet","symbol_text":null,"type_reference":"路邊停車格","type_confidence":0.6,"price_raw":null,"price_value":null,"capacity_total":1,"available_total":null,"occupied_total":null,"status_label":"狀態未知","data_time":"2026-05-02 15:53:29+08:00","city_label":"臺北市","facility_kind_label":"路邊車格","available_rate":null,"occupancy_rate":null,"price_tier":"unknown","price_tier_label":"價格未知"}},{"type":"Feature","geometry":{"type":"Point","coordinates":[121.51767,25.06131]},"properties":{"supply_id":"taipei-onstreet-103810215","city":"taipei","district":"大同區","display_name":"民權西路102巷 車格 103810215","address":"民權西路102巷","facility_kind":"onstreet","symbol_text":null,"type_reference":"路邊停車格","type_confidence":0.6,"price_raw":null,"price_value":null,"capacity_total":1,"available_total":null,"occupied_total":null,"status_label":"狀態未知","data_time":"2026-05-02 15:53:29+08:00","city_label":"臺北市","facility_kind_label":"路邊車格","available_rate":null,"occupancy_rate":null,"price_tier":"unknown","price_tier_label":"價格未知"}},{"type":"Feature","geometry":{"type":"Point","coordinates":[121.51026,25.07222]},"properties":{"supply_id":"taipei-onstreet-10680A020","city":"taipei","district":"大同區","display_name":"酒泉街 車格 10680A020","address":"酒泉街","facility_kind":"onstreet","symbol_text":null,"type_reference":"路邊停車格","type_confidence":0.6,"price_raw":null,"price_value":null,"capacity_total":1,"available_total":null,"occupied_total":null,"status_label":"狀態未知","data_time":"2026-05-02 15:53:29+08:00","city_label":"臺北市","facility_kind_label":"路邊車格","available_rate":null,"occupancy_rate":null,"price_tier":"unknown","price_tier_label":"價格未知"}},{"type":"Feature","geometry":{"type":"Point","coordinates":[121.51456,25.0515]},"properties":{"supply_id":"taipei-onstreet-10120A025","city":"taipei","district":"大同區","display_name":"長安西路A 車格 10120A025","address":"長安西路A","facility_kind":"onstreet","symbol_text":null,"type_reference":"路邊停車格","type_confidence":0.6,"price_raw":null,"price_value":null,"capacity_total":1,"available_total":1,"occupied_total":0,"status_label":"空位","data_time":"2026-05-02 15:53:29+08:00","city_label":"臺北市","facility_kind_label":"路邊車格","available_rate":1,"occupancy_rate":0,"price_tier":"unknown","price_tier_label":"價格未知"}},{"type":"Feature","geometry":{"type":"Point","coordinates":[121.51914,25.07746]},"properties":{"supply_id":"taipei-onstreet-613600018","city":"taipei","district":"大同區","display_name":"承德橋下停車場(堤外) 車格 613600018","address":"承德橋下停車場(堤外)","facility_kind":"onstreet","symbol_text":null,"type_reference":"路邊停車格","type_confidence":0.6,"price_raw":null,"price_value":null,"capacity_total":1,"available_total":null,"occupied_total":null,"status_label":"狀態未知","data_time":"2026-05-02 15:53:29+08:00","city_label":"臺北市","facility_kind_label":"路邊車格","available_rate":null,"occupancy_rate":null,"price_tier":"unknown","price_tier_label":"價格未知"}},{"type":"Feature","geometry":{"type":"Point","coordinates":[121.51419,25.06869]},"properties":{"supply_id":"taipei-onstreet-104200028","city":"taipei","district":"大同區","display_name":"民族西路 車格 104200028","address":"民族西路","facility_kind":"onstreet","symbol_text":null,"type_reference":"路邊停車格","type_confidence":0.6,"price_raw":null,"price_value":null,"capacity_total":1,"available_total":1,"occupied_total":0,"status_label":"空位","data_time":"2026-05-02 15:53:29+08:00","city_label":"臺北市","facility_kind_label":"路邊車格","available_rate":1,"occupancy_rate":0,"price_tier":"unknown","price_tier_label":"價格未知"}},{"type":"Feature","geometry":{"type":"Point","coordinates":[121.51658,25.05556]},"properties":{"supply_id":"taipei-onstreet-10150006","city":"taipei","district":"大同區","display_name":"太原路 車格 10150006","address":"太原路","facility_kind":"onstreet","symbol_text":null,"type_reference":"路邊停車格","type_confidence":0.6,"price_raw":null,"price_value":null,"capacity_total":1,"available_total":null,"occupied_total":null,"status_label":"狀態未知","data_time":"2026-05-02 15:53:29+08:00","city_label":"臺北市","facility_kind_label":"路邊車格","available_rate":null,"occupancy_rate":null,"price_tier":"unknown","price_tier_label":"價格未知"}},{"type":"Feature","geometry":{"type":"Point","coordinates":[121.51419,25.05694]},"properties":{"supply_id":"taipei-onstreet-102500038","city":"taipei","district":"大同區","display_name":"民生西路 車格 102500038","address":"民生西路","facility_kind":"onstreet","symbol_text":null,"type_reference":"路邊停車格","type_confidence":0.6,"price_raw":null,"price_value":null,"capacity_total":1,"available_total":null,"occupied_total":null,"status_label":"狀態未知","data_time":"2026-05-02 15:53:29+08:00","city_label":"臺北市","facility_kind_label":"路邊車格","available_rate":null,"occupancy_rate":null,"price_tier":"unknown","price_tier_label":"價格未知"}},{"type":"Feature","geometry":{"type":"Point","coordinates":[121.50629,25.05228]},"properties":{"supply_id":"taipei-onstreet-607500033","city":"taipei","district":"大同區","display_name":"環河北路（3號水門堤外）小型車 車格 607500033","address":"環河北路（3號水門堤外）小型車","facility_kind":"onstreet","symbol_text":null,"type_reference":"路邊停車格","type_confidence":0.6,"price_raw":null,"price_value":null,"capacity_total":1,"available_total":null,"occupied_total":null,"status_label":"狀態未知","data_time":"2026-05-02 15:53:29+08:00","city_label":"臺北市","facility_kind_label":"路邊車格","available_rate":null,"occupancy_rate":null,"price_tier":"unknown","price_tier_label":"價格未知"}},{"type":"Feature","geometry":{"type":"Point","coordinates":[121.51812,25.07804]},"properties":{"supply_id":"taipei-onstreet-6136000148","city":"taipei","district":"大同區","display_name":"承德橋下停車場(堤外) 車格 6136000148","address":"承德橋下停車場(堤外)","facility_kind":"onstreet","symbol_text":null,"type_reference":"路邊停車格","type_confidence":0.6,"price_raw":null,"price_value":null,"capacity_total":1,"available_total":null,"occupied_total":null,"status_label":"狀態未知","data_time":"2026-05-02 15:53:29+08:00","city_label":"臺北市","facility_kind_label":"路邊車格","available_rate":null,"occupancy_rate":null,"price_tier":"unknown","price_tier_label":"價格未知"}},{"type":"Feature","geometry":{"type":"Point","coordinates":[121.51709,25.06601]},"properties":{"supply_id":"taipei-onstreet-1055L333","city":"taipei","district":"大同區","display_name":"昌吉街33巷 車格 1055L333","address":"昌吉街33巷","facility_kind":"onstreet","symbol_text":null,"type_reference":"路邊停車格","type_confidence":0.6,"price_raw":null,"price_value":null,"capacity_total":1,"available_total":null,"occupied_total":null,"status_label":"狀態未知","data_time":"2026-05-02 15:53:29+08:00","city_label":"臺北市","facility_kind_label":"路邊車格","available_rate":null,"occupancy_rate":null,"price_tier":"unknown","price_tier_label":"價格未知"}},{"type":"Feature","geometry":{"type":"Point","coordinates":[121.50659,25.05227]},"properties":{"supply_id":"taipei-onstreet-60750009","city":"taipei","district":"大同區","display_name":"環河北路（3號水門堤外）小型車 車格 60750009","address":"環河北路（3號水門堤外）小型車","facility_kind":"onstreet","symbol_text":null,"type_reference":"路邊停車格","type_confidence":0.6,"price_raw":null,"price_value":null,"capacity_total":1,"available_total":null,"occupied_total":null,"status_label":"狀態未知","data_time":"2026-05-02 15:53:29+08:00","city_label":"臺北市","facility_kind_label":"路邊車格","available_rate":null,"occupancy_rate":null,"price_tier":"unknown","price_tier_label":"價格未知"}},{"type":"Feature","geometry":{"type":"Point","coordinates":[121.50632,25.05181]},"properties":{"supply_id":"taipei-onstreet-6075000220","city":"taipei","district":"大同區","display_name":"環河北路（3號水門堤外）小型車 車格 6075000220","address":"環河北路（3號水門堤外）小型車","facility_kind":"onstreet","symbol_text":null,"type_reference":"路邊停車格","type_confidence":0.6,"price_raw":null,"price_value":null,"capacity_total":1,"available_total":null,"occupied_total":null,"status_label":"狀態未知","data_time":"2026-05-02 15:53:29+08:00","city_label":"臺北市","facility_kind_label":"路邊車格","available_rate":null,"occupancy_rate":null,"price_tier":"unknown","price_tier_label":"價格未知"}},{"type":"Feature","geometry":{"type":"Point","coordinates":[121.509,25.07457]},"properties":{"supply_id":"taipei-onstreet-106500039","city":"taipei","district":"大同區","display_name":"環河北路2段 車格 106500039","address":"環河北路2段","facility_kind":"onstreet","symbol_text":null,"type_reference":"路邊停車格","type_confidence":0.6,"price_raw":null,"price_value":null,"capacity_total":1,"available_total":null,"occupied_total":null,"status_label":"狀態未知","data_time":"2026-05-02 15:53:29+08:00","city_label":"臺北市","facility_kind_label":"路邊車格","available_rate":null,"occupancy_rate":null,"price_tier":"unknown","price_tier_label":"價格未知"}},{"type":"Feature","geometry":{"type":"Point","coordinates":[121.50913,25.07337]},"properties":{"supply_id":"taipei-onstreet-106500014","city":"taipei","district":"大同區","display_name":"環河北路2段 車格 106500014","address":"環河北路2段","facility_kind":"onstreet","symbol_text":null,"type_reference":"路邊停車格","type_confidence":0.6,"price_raw":null,"price_value":null,"capacity_total":1,"available_total":null,"occupied_total":null,"status_label":"狀態未知","data_time":"2026-05-02 15:53:29+08:00","city_label":"臺北市","facility_kind_label":"路邊車格","available_rate":null,"occupancy_rate":null,"price_tier":"unknown","price_tier_label":"價格未知"}},{"type":"Feature","geometry":{"type":"Point","coordinates":[121.51773,25.06958]},"properties":{"supply_id":"taipei-onstreet-10451907","city":"taipei","district":"大同區","display_name":"承德路3段190巷 車格 10451907","address":"承德路3段190巷","facility_kind":"onstreet","symbol_text":null,"type_reference":"路邊停車格","type_confidence":0.6,"price_raw":null,"price_value":null,"capacity_total":1,"available_total":null,"occupied_total":null,"status_label":"狀態未知","data_time":"2026-05-02 15:53:29+08:00","city_label":"臺北市","facility_kind_label":"路邊車格","available_rate":null,"occupancy_rate":null,"price_tier":"unknown","price_tier_label":"價格未知"}},{"type":"Feature","geometry":{"type":"Point","coordinates":[121.51573,25.07048]},"properties":{"supply_id":"taipei-onstreet-10512234","city":"taipei","district":"大同區","display_name":"重慶北路3段223巷 車格 10512234","address":"重慶北路3段223巷","facility_kind":"onstreet","symbol_text":null,"type_reference":"路邊停車格","type_confidence":0.6,"price_raw":null,"price_value":null,"capacity_total":1,"available_total":null,"occupied_total":null,"status_label":"狀態未知","data_time":"2026-05-02 15:53:29+08:00","city_label":"臺北市","facility_kind_label":"路邊車格","available_rate":null,"occupancy_rate":null,"price_tier":"unknown","price_tier_label":"價格未知"}},{"type":"Feature","geometry":{"type":"Point","coordinates":[121.51149,25.07843]},"properties":{"supply_id":"taipei-onstreet-10580A045","city":"taipei","district":"大同區","display_name":"延平北路4至5段1巷 車格 10580A045","address":"延平北路4至5段1巷","facility_kind":"onstreet","symbol_text":null,"type_reference":"路邊停車格","type_confidence":0.6,"price_raw":null,"price_value":null,"capacity_total":1,"available_total":null,"occupied_total":null,"status_label":"狀態未知","data_time":"2026-05-02 15:53:29+08:00","city_label":"臺北市","facility_kind_label":"路邊車格","available_rate":null,"occupancy_rate":null,"price_tier":"unknown","price_tier_label":"價格未知"}},{"type":"Feature","geometry":{"type":"Point","coordinates":[121.51766,25.06084]},"properties":{"supply_id":"taipei-onstreet-103810210","city":"taipei","district":"大同區","display_name":"民權西路102巷 車格 103810210","address":"民權西路102巷","facility_kind":"onstreet","symbol_text":null,"type_reference":"路邊停車格","type_confidence":0.6,"price_raw":null,"price_value":null,"capacity_total":1,"available_total":null,"occupied_total":null,"status_label":"狀態未知","data_time":"2026-05-02 15:53:29+08:00","city_label":"臺北市","facility_kind_label":"路邊車格","available_rate":null,"occupancy_rate":null,"price_tier":"unknown","price_tier_label":"價格未知"}},{"type":"Feature","geometry":{"type":"Point","coordinates":[121.51516,25.06867]},"properties":{"supply_id":"taipei-onstreet-104200019","city":"taipei","district":"大同區","display_name":"民族西路 車格 104200019","address":"民族西路","facility_kind":"onstreet","symbol_text":null,"type_reference":"路邊停車格","type_confidence":0.6,"price_raw":null,"price_value":null,"capacity_total":1,"available_total":1,"occupied_total":0,"status_label":"空位","data_time":"2026-05-02 15:53:29+08:00","city_label":"臺北市","facility_kind_label":"路邊車格","available_rate":1,"occupancy_rate":0,"price_tier":"unknown","price_tier_label":"價格未知"}},{"type":"Feature","geometry":{"type":"Point","coordinates":[121.50902,25.05818]},"properties":{"supply_id":"taipei-onstreet-103600047","city":"taipei","district":"大同區","display_name":"歸綏街 車格 103600047","address":"歸綏街","facility_kind":"onstreet","symbol_text":null,"type_reference":"路邊停車格","type_confidence":0.6,"price_raw":null,"price_value":null,"capacity_total":1,"available_total":1,"occupied_total":0,"status_label":"空位","data_time":"2026-05-02 15:53:29+08:00","city_label":"臺北市","facility_kind_label":"路邊車格","available_rate":1,"occupancy_rate":0,"price_tier":"unknown","price_tier_label":"價格未知"}},{"type":"Feature","geometry":{"type":"Point","coordinates":[121.50625,25.0523]},"properties":{"supply_id":"taipei-onstreet-607500034","city":"taipei","district":"大同區","display_name":"環河北路（3號水門堤外）小型車 車格 607500034","address":"環河北路（3號水門堤外）小型車","facility_kind":"onstreet","symbol_text":null,"type_reference":"路邊停車格","type_confidence":0.6,"price_raw":null,"price_value":null,"capacity_total":1,"available_total":null,"occupied_total":null,"status_label":"狀態未知","data_time":"2026-05-02 15:53:29+08:00","city_label":"臺北市","facility_kind_label":"路邊車格","available_rate":null,"occupancy_rate":null,"price_tier":"unknown","price_tier_label":"價格未知"}},{"type":"Feature","geometry":{"type":"Point","coordinates":[121.51106,25.05404]},"properties":{"supply_id":"taipei-onstreet-10320B01","city":"taipei","district":"大同區","display_name":"民樂街 車格 10320B01","address":"民樂街","facility_kind":"onstreet","symbol_text":null,"type_reference":"路邊停車格","type_confidence":0.6,"price_raw":null,"price_value":null,"capacity_total":1,"available_total":null,"occupied_total":null,"status_label":"狀態未知","data_time":"2026-05-02 15:53:29+08:00","city_label":"臺北市","facility_kind_label":"路邊車格","available_rate":null,"occupancy_rate":null,"price_tier":"unknown","price_tier_label":"價格未知"}},{"type":"Feature","geometry":{"type":"Point","coordinates":[121.51166,25.0781]},"properties":{"supply_id":"taipei-onstreet-10580A053","city":"taipei","district":"大同區","display_name":"延平北路4至5段1巷 車格 10580A053","address":"延平北路4至5段1巷","facility_kind":"onstreet","symbol_text":null,"type_reference":"路邊停車格","type_confidence":0.6,"price_raw":null,"price_value":null,"capacity_total":1,"available_total":null,"occupied_total":null,"status_label":"狀態未知","data_time":"2026-05-02 15:53:29+08:00","city_label":"臺北市","facility_kind_label":"路邊車格","available_rate":null,"occupancy_rate":null,"price_tier":"unknown","price_tier_label":"價格未知"}},{"type":"Feature","geometry":{"type":"Point","coordinates":[121.50956,25.05883]},"properties":{"supply_id":"taipei-onstreet-10340A005","city":"taipei","district":"大同區","display_name":"迪化街1段A 車格 10340A005","address":"迪化街1段A","facility_kind":"onstreet","symbol_text":null,"type_reference":"路邊停車格","type_confidence":0.6,"price_raw":null,"price_value":null,"capacity_total":1,"available_total":null,"occupied_total":null,"status_label":"狀態未知","data_time":"2026-05-02 15:53:29+08:00","city_label":"臺北市","facility_kind_label":"路邊車格","available_rate":null,"occupancy_rate":null,"price_tier":"unknown","price_tier_label":"價格未知"}},{"type":"Feature","geometry":{"type":"Point","coordinates":[121.50903,25.05809]},"properties":{"supply_id":"taipei-onstreet-10360004","city":"taipei","district":"大同區","display_name":"歸綏街 車格 10360004","address":"歸綏街","facility_kind":"onstreet","symbol_text":null,"type_reference":"路邊停車格","type_confidence":0.6,"price_raw":null,"price_value":null,"capacity_total":1,"available_total":null,"occupied_total":null,"status_label":"狀態未知","data_time":"2026-05-02 15:53:29+08:00","city_label":"臺北市","facility_kind_label":"路邊車格","available_rate":null,"occupancy_rate":null,"price_tier":"unknown","price_tier_label":"價格未知"}},{"type":"Feature","geometry":{"type":"Point","coordinates":[121.50918,25.0728]},"properties":{"supply_id":"taipei-onstreet-10650009A","city":"taipei","district":"大同區","display_name":"環河北路2段 車格 10650009A","address":"環河北路2段","facility_kind":"onstreet","symbol_text":null,"type_reference":"路邊停車格","type_confidence":0.6,"price_raw":null,"price_value":null,"capacity_total":1,"available_total":null,"occupied_total":null,"status_label":"狀態未知","data_time":"2026-05-02 15:53:29+08:00","city_label":"臺北市","facility_kind_label":"路邊車格","available_rate":null,"occupancy_rate":null,"price_tier":"unknown","price_tier_label":"價格未知"}},{"type":"Feature","geometry":{"type":"Point","coordinates":[121.51192,25.07756]},"properties":{"supply_id":"taipei-onstreet-10580A066","city":"taipei","district":"大同區","display_name":"延平北路4至5段1巷 車格 10580A066","address":"延平北路4至5段1巷","facility_kind":"onstreet","symbol_text":null,"type_reference":"路邊停車格","type_confidence":0.6,"price_raw":null,"price_value":null,"capacity_total":1,"available_total":null,"occupied_total":null,"status_label":"狀態未知","data_time":"2026-05-02 15:53:29+08:00","city_label":"臺北市","facility_kind_label":"路邊車格","available_rate":null,"occupancy_rate":null,"price_tier":"unknown","price_tier_label":"價格未知"}},{"type":"Feature","geometry":{"type":"Point","coordinates":[121.51267,25.06044]},"properties":{"supply_id":"taipei-onstreet-10310004","city":"taipei","district":"大同區","display_name":"甘州街 車格 10310004","address":"甘州街","facility_kind":"onstreet","symbol_text":null,"type_reference":"路邊停車格","type_confidence":0.6,"price_raw":null,"price_value":null,"capacity_total":1,"available_total":null,"occupied_total":null,"status_label":"狀態未知","data_time":"2026-05-02 15:53:29+08:00","city_label":"臺北市","facility_kind_label":"路邊車格","available_rate":null,"occupancy_rate":null,"price_tier":"unknown","price_tier_label":"價格未知"}},{"type":"Feature","geometry":{"type":"Point","coordinates":[121.51849,25.07571]},"properties":{"supply_id":"taipei-onstreet-10700A032","city":"taipei","district":"大同區","display_name":"敦煌路A 車格 10700A032","address":"敦煌路A","facility_kind":"onstreet","symbol_text":null,"type_reference":"路邊停車格","type_confidence":0.6,"price_raw":null,"price_value":null,"capacity_total":1,"available_total":null,"occupied_total":null,"status_label":"狀態未知","data_time":"2026-05-02 15:53:29+08:00","city_label":"臺北市","facility_kind_label":"路邊車格","available_rate":null,"occupancy_rate":null,"price_tier":"unknown","price_tier_label":"價格未知"}},{"type":"Feature","geometry":{"type":"Point","coordinates":[121.51243,25.07649]},"properties":{"supply_id":"taipei-onstreet-107000024","city":"taipei","district":"大同區","display_name":"敦煌路 車格 107000024","address":"敦煌路","facility_kind":"onstreet","symbol_text":null,"type_reference":"路邊停車格","type_confidence":0.6,"price_raw":null,"price_value":null,"capacity_total":1,"available_total":null,"occupied_total":null,"status_label":"狀態未知","data_time":"2026-05-02 15:53:29+08:00","city_label":"臺北市","facility_kind_label":"路邊車格","available_rate":null,"occupancy_rate":null,"price_tier":"unknown","price_tier_label":"價格未知"}},{"type":"Feature","geometry":{"type":"Point","coordinates":[121.51444,25.06224]},"properties":{"supply_id":"taipei-onstreet-104000A4","city":"taipei","district":"大同區","display_name":"蘭州街A 車格 104000A4","address":"蘭州街A","facility_kind":"onstreet","symbol_text":null,"type_reference":"路邊停車格","type_confidence":0.6,"price_raw":null,"price_value":null,"capacity_total":1,"available_total":null,"occupied_total":null,"status_label":"狀態未知","data_time":"2026-05-02 15:53:29+08:00","city_label":"臺北市","facility_kind_label":"路邊車格","available_rate":null,"occupancy_rate":null,"price_tier":"unknown","price_tier_label":"價格未知"}},{"type":"Feature","geometry":{"type":"Point","coordinates":[121.51458,25.0756]},"properties":{"supply_id":"taipei-onstreet-106907803","city":"taipei","district":"大同區","display_name":"哈密街59巷78弄 車格 106907803","address":"哈密街59巷78弄","facility_kind":"onstreet","symbol_text":null,"type_reference":"路邊停車格","type_confidence":0.6,"price_raw":null,"price_value":null,"capacity_total":1,"available_total":null,"occupied_total":null,"status_label":"狀態未知","data_time":"2026-05-02 15:53:29+08:00","city_label":"臺北市","facility_kind_label":"路邊車格","available_rate":null,"occupancy_rate":null,"price_tier":"unknown","price_tier_label":"價格未知"}},{"type":"Feature","geometry":{"type":"Point","coordinates":[121.50643,25.05209]},"properties":{"supply_id":"taipei-onstreet-6075000117","city":"taipei","district":"大同區","display_name":"環河北路（3號水門堤外）小型車 車格 6075000117","address":"環河北路（3號水門堤外）小型車","facility_kind":"onstreet","symbol_text":null,"type_reference":"路邊停車格","type_confidence":0.6,"price_raw":null,"price_value":null,"capacity_total":1,"available_total":null,"occupied_total":null,"status_label":"狀態未知","data_time":"2026-05-02 15:53:29+08:00","city_label":"臺北市","facility_kind_label":"路邊車格","available_rate":null,"occupancy_rate":null,"price_tier":"unknown","price_tier_label":"價格未知"}},{"type":"Feature","geometry":{"type":"Point","coordinates":[121.51179,25.07204]},"properties":{"supply_id":"taipei-onstreet-10680A042","city":"taipei","district":"大同區","display_name":"酒泉街 車格 10680A042","address":"酒泉街","facility_kind":"onstreet","symbol_text":null,"type_reference":"路邊停車格","type_confidence":0.6,"price_raw":null,"price_value":null,"capacity_total":1,"available_total":1,"occupied_total":0,"status_label":"空位","data_time":"2026-05-02 15:53:29+08:00","city_label":"臺北市","facility_kind_label":"路邊車格","available_rate":1,"occupancy_rate":0,"price_tier":"unknown","price_tier_label":"價格未知"}},{"type":"Feature","geometry":{"type":"Point","coordinates":[121.52045,25.05962]},"properties":{"supply_id":"taipei-onstreet-102903810","city":"taipei","district":"大同區","display_name":"錦西街38巷 車格 102903810","address":"錦西街38巷","facility_kind":"onstreet","symbol_text":null,"type_reference":"路邊停車格","type_confidence":0.6,"price_raw":null,"price_value":null,"capacity_total":1,"available_total":null,"occupied_total":null,"status_label":"狀態未知","data_time":"2026-05-02 15:53:29+08:00","city_label":"臺北市","facility_kind_label":"路邊車格","available_rate":null,"occupancy_rate":null,"price_tier":"unknown","price_tier_label":"價格未知"}},{"type":"Feature","geometry":{"type":"Point","coordinates":[121.50917,25.07271]},"properties":{"supply_id":"taipei-onstreet-106500007","city":"taipei","district":"大同區","display_name":"環河北路2段 車格 106500007","address":"環河北路2段","facility_kind":"onstreet","symbol_text":null,"type_reference":"路邊停車格","type_confidence":0.6,"price_raw":null,"price_value":null,"capacity_total":1,"available_total":null,"occupied_total":null,"status_label":"狀態未知","data_time":"2026-05-02 15:53:29+08:00","city_label":"臺北市","facility_kind_label":"路邊車格","available_rate":null,"occupancy_rate":null,"price_tier":"unknown","price_tier_label":"價格未知"}},{"type":"Feature","geometry":{"type":"Point","coordinates":[121.51948,25.0681]},"properties":{"supply_id":"taipei-onstreet-10420324","city":"taipei","district":"大同區","display_name":"民族西路32巷 車格 10420324","address":"民族西路32巷","facility_kind":"onstreet","symbol_text":null,"type_reference":"路邊停車格","type_confidence":0.6,"price_raw":null,"price_value":null,"capacity_total":1,"available_total":null,"occupied_total":null,"status_label":"狀態未知","data_time":"2026-05-02 15:53:29+08:00","city_label":"臺北市","facility_kind_label":"路邊車格","available_rate":null,"occupancy_rate":null,"price_tier":"unknown","price_tier_label":"價格未知"}},{"type":"Feature","geometry":{"type":"Point","coordinates":[121.50659,25.05214]},"properties":{"supply_id":"taipei-onstreet-607500058","city":"taipei","district":"大同區","display_name":"環河北路（3號水門堤外）小型車 車格 607500058","address":"環河北路（3號水門堤外）小型車","facility_kind":"onstreet","symbol_text":null,"type_reference":"路邊停車格","type_confidence":0.6,"price_raw":null,"price_value":null,"capacity_total":1,"available_total":null,"occupied_total":null,"status_label":"狀態未知","data_time":"2026-05-02 15:53:29+08:00","city_label":"臺北市","facility_kind_label":"路邊車格","available_rate":null,"occupancy_rate":null,"price_tier":"unknown","price_tier_label":"價格未知"}},{"type":"Feature","geometry":{"type":"Point","coordinates":[121.51799,25.07811]},"properties":{"supply_id":"taipei-onstreet-6136000154","city":"taipei","district":"大同區","display_name":"承德橋下停車場(堤外) 車格 6136000154","address":"承德橋下停車場(堤外)","facility_kind":"onstreet","symbol_text":null,"type_reference":"路邊停車格","type_confidence":0.6,"price_raw":null,"price_value":null,"capacity_total":1,"available_total":null,"occupied_total":null,"status_label":"狀態未知","data_time":"2026-05-02 15:53:29+08:00","city_label":"臺北市","facility_kind_label":"路邊車格","available_rate":null,"occupancy_rate":null,"price_tier":"unknown","price_tier_label":"價格未知"}},{"type":"Feature","geometry":{"type":"Point","coordinates":[121.51632,25.06726]},"properties":{"supply_id":"taipei-onstreet-106609110","city":"taipei","district":"大同區","display_name":"大龍街91巷 車格 106609110","address":"大龍街91巷","facility_kind":"onstreet","symbol_text":null,"type_reference":"路邊停車格","type_confidence":0.6,"price_raw":null,"price_value":null,"capacity_total":1,"available_total":null,"occupied_total":null,"status_label":"狀態未知","data_time":"2026-05-02 15:53:29+08:00","city_label":"臺北市","facility_kind_label":"路邊車格","available_rate":null,"occupancy_rate":null,"price_tier":"unknown","price_tier_label":"價格未知"}},{"type":"Feature","geometry":{"type":"Point","coordinates":[121.50625,25.05183]},"properties":{"supply_id":"taipei-onstreet-6075000217","city":"taipei","district":"大同區","display_name":"環河北路（3號水門堤外）小型車 車格 6075000217","address":"環河北路（3號水門堤外）小型車","facility_kind":"onstreet","symbol_text":null,"type_reference":"路邊停車格","type_confidence":0.6,"price_raw":null,"price_value":null,"capacity_total":1,"available_total":null,"occupied_total":null,"status_label":"狀態未知","data_time":"2026-05-02 15:53:29+08:00","city_label":"臺北市","facility_kind_label":"路邊車格","available_rate":null,"occupancy_rate":null,"price_tier":"unknown","price_tier_label":"價格未知"}},{"type":"Feature","geometry":{"type":"Point","coordinates":[121.51619,25.06424]},"properties":{"supply_id":"taipei-onstreet-104502408","city":"taipei","district":"大同區","display_name":"承德路3段24巷 車格 104502408","address":"承德路3段24巷","facility_kind":"onstreet","symbol_text":null,"type_reference":"路邊停車格","type_confidence":0.6,"price_raw":null,"price_value":null,"capacity_total":1,"available_total":null,"occupied_total":null,"status_label":"狀態未知","data_time":"2026-05-02 15:53:29+08:00","city_label":"臺北市","facility_kind_label":"路邊車格","available_rate":null,"occupancy_rate":null,"price_tier":"unknown","price_tier_label":"價格未知"}},{"type":"Feature","geometry":{"type":"Point","coordinates":[121.51914,25.07769]},"properties":{"supply_id":"taipei-onstreet-6136000112","city":"taipei","district":"大同區","display_name":"承德橋下停車場(堤外) 車格 6136000112","address":"承德橋下停車場(堤外)","facility_kind":"onstreet","symbol_text":null,"type_reference":"路邊停車格","type_confidence":0.6,"price_raw":null,"price_value":null,"capacity_total":1,"available_total":null,"occupied_total":null,"status_label":"狀態未知","data_time":"2026-05-02 15:53:29+08:00","city_label":"臺北市","facility_kind_label":"路邊車格","available_rate":null,"occupancy_rate":null,"price_tier":"unknown","price_tier_label":"價格未知"}},{"type":"Feature","geometry":{"type":"Point","coordinates":[121.51691,25.05629]},"properties":{"supply_id":"taipei-onstreet-101500073","city":"taipei","district":"大同區","display_name":"太原路 車格 101500073","address":"太原路","facility_kind":"onstreet","symbol_text":null,"type_reference":"路邊停車格","type_confidence":0.6,"price_raw":null,"price_value":null,"capacity_total":1,"available_total":null,"occupied_total":null,"status_label":"狀態未知","data_time":"2026-05-02 15:53:29+08:00","city_label":"臺北市","facility_kind_label":"路邊車格","available_rate":null,"occupancy_rate":null,"price_tier":"unknown","price_tier_label":"價格未知"}},{"type":"Feature","geometry":{"type":"Point","coordinates":[121.51923,25.07748]},"properties":{"supply_id":"taipei-onstreet-613600034","city":"taipei","district":"大同區","display_name":"承德橋下停車場(堤外) 車格 613600034","address":"承德橋下停車場(堤外)","facility_kind":"onstreet","symbol_text":null,"type_reference":"路邊停車格","type_confidence":0.6,"price_raw":null,"price_value":null,"capacity_total":1,"available_total":null,"occupied_total":null,"status_label":"狀態未知","data_time":"2026-05-02 15:53:29+08:00","city_label":"臺北市","facility_kind_label":"路邊車格","available_rate":null,"occupancy_rate":null,"price_tier":"unknown","price_tier_label":"價格未知"}},{"type":"Feature","geometry":{"type":"Point","coordinates":[121.51065,25.07763]},"properties":{"supply_id":"taipei-onstreet-105829447","city":"taipei","district":"大同區","display_name":"延平北路4段294巷 車格 105829447","address":"延平北路4段294巷","facility_kind":"onstreet","symbol_text":null,"type_reference":"路邊停車格","type_confidence":0.6,"price_raw":null,"price_value":null,"capacity_total":1,"available_total":null,"occupied_total":null,"status_label":"狀態未知","data_time":"2026-05-02 15:53:29+08:00","city_label":"臺北市","facility_kind_label":"路邊車格","available_rate":null,"occupancy_rate":null,"price_tier":"unknown","price_tier_label":"價格未知"}},{"type":"Feature","geometry":{"type":"Point","coordinates":[121.51252,25.05245]},"properties":{"supply_id":"taipei-onstreet-101900019","city":"taipei","district":"大同區","display_name":"天水路 車格 101900019","address":"天水路","facility_kind":"onstreet","symbol_text":null,"type_reference":"路邊停車格","type_confidence":0.6,"price_raw":null,"price_value":null,"capacity_total":1,"available_total":1,"occupied_total":0,"status_label":"空位","data_time":"2026-05-02 15:53:29+08:00","city_label":"臺北市","facility_kind_label":"路邊車格","available_rate":1,"occupancy_rate":0,"price_tier":"unknown","price_tier_label":"價格未知"}},{"type":"Feature","geometry":{"type":"Point","coordinates":[121.51173,25.07726]},"properties":{"supply_id":"taipei-onstreet-10582945","city":"taipei","district":"大同區","display_name":"延平北路4段294巷 車格 10582945","address":"延平北路4段294巷","facility_kind":"onstreet","symbol_text":null,"type_reference":"路邊停車格","type_confidence":0.6,"price_raw":null,"price_value":null,"capacity_total":1,"available_total":null,"occupied_total":null,"status_label":"狀態未知","data_time":"2026-05-02 15:53:29+08:00","city_label":"臺北市","facility_kind_label":"路邊車格","available_rate":null,"occupancy_rate":null,"price_tier":"unknown","price_tier_label":"價格未知"}},{"type":"Feature","geometry":{"type":"Point","coordinates":[121.50931,25.06037]},"properties":{"supply_id":"taipei-onstreet-10340A012","city":"taipei","district":"大同區","display_name":"迪化街1段A 車格 10340A012","address":"迪化街1段A","facility_kind":"onstreet","symbol_text":null,"type_reference":"路邊停車格","type_confidence":0.6,"price_raw":null,"price_value":null,"capacity_total":1,"available_total":0,"occupied_total":1,"status_label":"已停","data_time":"2026-05-02 15:53:29+08:00","city_label":"臺北市","facility_kind_label":"路邊車格","available_rate":0,"occupancy_rate":1,"price_tier":"unknown","price_tier_label":"價格未知"}},{"type":"Feature","geometry":{"type":"Point","coordinates":[121.51754,25.07595]},"properties":{"supply_id":"taipei-onstreet-10700A046","city":"taipei","district":"大同區","display_name":"敦煌路A 車格 10700A046","address":"敦煌路A","facility_kind":"onstreet","symbol_text":null,"type_reference":"路邊停車格","type_confidence":0.6,"price_raw":null,"price_value":null,"capacity_total":1,"available_total":null,"occupied_total":null,"status_label":"狀態未知","data_time":"2026-05-02 15:53:29+08:00","city_label":"臺北市","facility_kind_label":"路邊車格","available_rate":null,"occupancy_rate":null,"price_tier":"unknown","price_tier_label":"價格未知"}},{"type":"Feature","geometry":{"type":"Point","coordinates":[121.51233,25.0765]},"properties":{"supply_id":"taipei-onstreet-10700008","city":"taipei","district":"大同區","display_name":"敦煌路 車格 10700008","address":"敦煌路","facility_kind":"onstreet","symbol_text":null,"type_reference":"路邊停車格","type_confidence":0.6,"price_raw":null,"price_value":null,"capacity_total":1,"available_total":null,"occupied_total":null,"status_label":"狀態未知","data_time":"2026-05-02 15:53:29+08:00","city_label":"臺北市","facility_kind_label":"路邊車格","available_rate":null,"occupancy_rate":null,"price_tier":"unknown","price_tier_label":"價格未知"}},{"type":"Feature","geometry":{"type":"Point","coordinates":[121.51287,25.0672]},"properties":{"supply_id":"taipei-onstreet-10511208","city":"taipei","district":"大同區","display_name":"重慶北路3段120巷 車格 10511208","address":"重慶北路3段120巷","facility_kind":"onstreet","symbol_text":null,"type_reference":"路邊停車格","type_confidence":0.6,"price_raw":null,"price_value":null,"capacity_total":1,"available_total":null,"occupied_total":null,"status_label":"狀態未知","data_time":"2026-05-02 15:53:29+08:00","city_label":"臺北市","facility_kind_label":"路邊車格","available_rate":null,"occupancy_rate":null,"price_tier":"unknown","price_tier_label":"價格未知"}},{"type":"Feature","geometry":{"type":"Point","coordinates":[121.51892,25.07782]},"properties":{"supply_id":"taipei-onstreet-6136000121","city":"taipei","district":"大同區","display_name":"承德橋下停車場(堤外) 車格 6136000121","address":"承德橋下停車場(堤外)","facility_kind":"onstreet","symbol_text":null,"type_reference":"路邊停車格","type_confidence":0.6,"price_raw":null,"price_value":null,"capacity_total":1,"available_total":null,"occupied_total":null,"status_label":"狀態未知","data_time":"2026-05-02 15:53:29+08:00","city_label":"臺北市","facility_kind_label":"路邊車格","available_rate":null,"occupancy_rate":null,"price_tier":"unknown","price_tier_label":"價格未知"}},{"type":"Feature","geometry":{"type":"Point","coordinates":[121.51865,25.07567]},"properties":{"supply_id":"taipei-onstreet-10700A029","city":"taipei","district":"大同區","display_name":"敦煌路A 車格 10700A029","address":"敦煌路A","facility_kind":"onstreet","symbol_text":null,"type_reference":"路邊停車格","type_confidence":0.6,"price_raw":null,"price_value":null,"capacity_total":1,"available_total":null,"occupied_total":null,"status_label":"狀態未知","data_time":"2026-05-02 15:53:29+08:00","city_label":"臺北市","facility_kind_label":"路邊車格","available_rate":null,"occupancy_rate":null,"price_tier":"unknown","price_tier_label":"價格未知"}},{"type":"Feature","geometry":{"type":"Point","coordinates":[121.51004,25.07222]},"properties":{"supply_id":"taipei-onstreet-10680A024","city":"taipei","district":"大同區","display_name":"酒泉街 車格 10680A024","address":"酒泉街","facility_kind":"onstreet","symbol_text":null,"type_reference":"路邊停車格","type_confidence":0.6,"price_raw":null,"price_value":null,"capacity_total":1,"available_total":null,"occupied_total":null,"status_label":"狀態未知","data_time":"2026-05-02 15:53:29+08:00","city_label":"臺北市","facility_kind_label":"路邊車格","available_rate":null,"occupancy_rate":null,"price_tier":"unknown","price_tier_label":"價格未知"}},{"type":"Feature","geometry":{"type":"Point","coordinates":[121.51729,25.06862]},"properties":{"supply_id":"taipei-onstreet-10420007","city":"taipei","district":"大同區","display_name":"民族西路 車格 10420007","address":"民族西路","facility_kind":"onstreet","symbol_text":null,"type_reference":"路邊停車格","type_confidence":0.6,"price_raw":null,"price_value":null,"capacity_total":1,"available_total":null,"occupied_total":null,"status_label":"狀態未知","data_time":"2026-05-02 15:53:29+08:00","city_label":"臺北市","facility_kind_label":"路邊車格","available_rate":null,"occupancy_rate":null,"price_tier":"unknown","price_tier_label":"價格未知"}},{"type":"Feature","geometry":{"type":"Point","coordinates":[121.5135,25.05381]},"properties":{"supply_id":"taipei-onstreet-10133022","city":"taipei","district":"大同區","display_name":"南京西路302巷 車格 10133022","address":"南京西路302巷","facility_kind":"onstreet","symbol_text":null,"type_reference":"路邊停車格","type_confidence":0.6,"price_raw":null,"price_value":null,"capacity_total":1,"available_total":null,"occupied_total":null,"status_label":"狀態未知","data_time":"2026-05-02 15:53:29+08:00","city_label":"臺北市","facility_kind_label":"路邊車格","available_rate":null,"occupancy_rate":null,"price_tier":"unknown","price_tier_label":"價格未知"}},{"type":"Feature","geometry":{"type":"Point","coordinates":[121.50661,25.05214]},"properties":{"supply_id":"taipei-onstreet-607500059","city":"taipei","district":"大同區","display_name":"環河北路（3號水門堤外）小型車 車格 607500059","address":"環河北路（3號水門堤外）小型車","facility_kind":"onstreet","symbol_text":null,"type_reference":"路邊停車格","type_confidence":0.6,"price_raw":null,"price_value":null,"capacity_total":1,"available_total":null,"occupied_total":null,"status_label":"狀態未知","data_time":"2026-05-02 15:53:29+08:00","city_label":"臺北市","facility_kind_label":"路邊車格","available_rate":null,"occupancy_rate":null,"price_tier":"unknown","price_tier_label":"價格未知"}},{"type":"Feature","geometry":{"type":"Point","coordinates":[121.51274,25.05946]},"properties":{"supply_id":"taipei-onstreet-103100010","city":"taipei","district":"大同區","display_name":"甘州街 車格 103100010","address":"甘州街","facility_kind":"onstreet","symbol_text":null,"type_reference":"路邊停車格","type_confidence":0.6,"price_raw":null,"price_value":null,"capacity_total":1,"available_total":1,"occupied_total":0,"status_label":"空位","data_time":"2026-05-02 15:53:29+08:00","city_label":"臺北市","facility_kind_label":"路邊車格","available_rate":1,"occupancy_rate":0,"price_tier":"unknown","price_tier_label":"價格未知"}},{"type":"Feature","geometry":{"type":"Point","coordinates":[121.51535,25.07639]},"properties":{"supply_id":"taipei-onstreet-10700B044","city":"taipei","district":"大同區","display_name":"慶昌橋下停車場 車格 10700B044","address":"慶昌橋下停車場","facility_kind":"onstreet","symbol_text":null,"type_reference":"路邊停車格","type_confidence":0.6,"price_raw":null,"price_value":null,"capacity_total":1,"available_total":null,"occupied_total":null,"status_label":"狀態未知","data_time":"2026-05-02 15:53:29+08:00","city_label":"臺北市","facility_kind_label":"路邊車格","available_rate":null,"occupancy_rate":null,"price_tier":"unknown","price_tier_label":"價格未知"}},{"type":"Feature","geometry":{"type":"Point","coordinates":[121.51318,25.05242]},"properties":{"supply_id":"taipei-onstreet-521400030","city":"taipei","district":"大同區","display_name":"華亭街 車格 521400030","address":"華亭街","facility_kind":"onstreet","symbol_text":null,"type_reference":"路邊停車格","type_confidence":0.6,"price_raw":null,"price_value":null,"capacity_total":1,"available_total":null,"occupied_total":null,"status_label":"狀態未知","data_time":"2026-05-02 15:53:29+08:00","city_label":"臺北市","facility_kind_label":"路邊車格","available_rate":null,"occupancy_rate":null,"price_tier":"unknown","price_tier_label":"價格未知"}},{"type":"Feature","geometry":{"type":"Point","coordinates":[121.51554,25.07048]},"properties":{"supply_id":"taipei-onstreet-10512232","city":"taipei","district":"大同區","display_name":"重慶北路3段223巷 車格 10512232","address":"重慶北路3段223巷","facility_kind":"onstreet","symbol_text":null,"type_reference":"路邊停車格","type_confidence":0.6,"price_raw":null,"price_value":null,"capacity_total":1,"available_total":null,"occupied_total":null,"status_label":"狀態未知","data_time":"2026-05-02 15:53:29+08:00","city_label":"臺北市","facility_kind_label":"路邊車格","available_rate":null,"occupancy_rate":null,"price_tier":"unknown","price_tier_label":"價格未知"}},{"type":"Feature","geometry":{"type":"Point","coordinates":[121.51156,25.0783]},"properties":{"supply_id":"taipei-onstreet-10580A048","city":"taipei","district":"大同區","display_name":"延平北路4至5段1巷 車格 10580A048","address":"延平北路4至5段1巷","facility_kind":"onstreet","symbol_text":null,"type_reference":"路邊停車格","type_confidence":0.6,"price_raw":null,"price_value":null,"capacity_total":1,"available_total":null,"occupied_total":null,"status_label":"狀態未知","data_time":"2026-05-02 15:53:29+08:00","city_label":"臺北市","facility_kind_label":"路邊車格","available_rate":null,"occupancy_rate":null,"price_tier":"unknown","price_tier_label":"價格未知"}},{"type":"Feature","geometry":{"type":"Point","coordinates":[121.51257,25.06872]},"properties":{"supply_id":"taipei-onstreet-104200037","city":"taipei","district":"大同區","display_name":"民族西路 車格 104200037","address":"民族西路","facility_kind":"onstreet","symbol_text":null,"type_reference":"路邊停車格","type_confidence":0.6,"price_raw":null,"price_value":null,"capacity_total":1,"available_total":1,"occupied_total":0,"status_label":"空位","data_time":"2026-05-02 15:53:29+08:00","city_label":"臺北市","facility_kind_label":"路邊車格","available_rate":1,"occupancy_rate":0,"price_tier":"unknown","price_tier_label":"價格未知"}},{"type":"Feature","geometry":{"type":"Point","coordinates":[121.51233,25.07162]},"properties":{"supply_id":"taipei-onstreet-10510455","city":"taipei","district":"大同區","display_name":"重慶北路3段236巷45弄 車格 10510455","address":"重慶北路3段236巷45弄","facility_kind":"onstreet","symbol_text":null,"type_reference":"路邊停車格","type_confidence":0.6,"price_raw":null,"price_value":null,"capacity_total":1,"available_total":null,"occupied_total":null,"status_label":"狀態未知","data_time":"2026-05-02 15:53:29+08:00","city_label":"臺北市","facility_kind_label":"路邊車格","available_rate":null,"occupancy_rate":null,"price_tier":"unknown","price_tier_label":"價格未知"}},{"type":"Feature","geometry":{"type":"Point","coordinates":[121.51939,25.07749]},"properties":{"supply_id":"taipei-onstreet-613600096","city":"taipei","district":"大同區","display_name":"承德橋下停車場(堤外) 車格 613600096","address":"承德橋下停車場(堤外)","facility_kind":"onstreet","symbol_text":null,"type_reference":"路邊停車格","type_confidence":0.6,"price_raw":null,"price_value":null,"capacity_total":1,"available_total":null,"occupied_total":null,"status_label":"狀態未知","data_time":"2026-05-02 15:53:29+08:00","city_label":"臺北市","facility_kind_label":"路邊車格","available_rate":null,"occupancy_rate":null,"price_tier":"unknown","price_tier_label":"價格未知"}},{"type":"Feature","geometry":{"type":"Point","coordinates":[121.50984,25.06152]},"properties":{"supply_id":"taipei-onstreet-10330008","city":"taipei","district":"大同區","display_name":"安西街 車格 10330008","address":"安西街","facility_kind":"onstreet","symbol_text":null,"type_reference":"路邊停車格","type_confidence":0.6,"price_raw":null,"price_value":null,"capacity_total":1,"available_total":null,"occupied_total":null,"status_label":"狀態未知","data_time":"2026-05-02 15:53:29+08:00","city_label":"臺北市","facility_kind_label":"路邊車格","available_rate":null,"occupancy_rate":null,"price_tier":"unknown","price_tier_label":"價格未知"}},{"type":"Feature","geometry":{"type":"Point","coordinates":[121.51826,25.0779]},"properties":{"supply_id":"taipei-onstreet-6136000170","city":"taipei","district":"大同區","display_name":"承德橋下停車場(堤外) 車格 6136000170","address":"承德橋下停車場(堤外)","facility_kind":"onstreet","symbol_text":null,"type_reference":"路邊停車格","type_confidence":0.6,"price_raw":null,"price_value":null,"capacity_total":1,"available_total":null,"occupied_total":null,"status_label":"狀態未知","data_time":"2026-05-02 15:53:29+08:00","city_label":"臺北市","facility_kind_label":"路邊車格","available_rate":null,"occupancy_rate":null,"price_tier":"unknown","price_tier_label":"價格未知"}},{"type":"Feature","geometry":{"type":"Point","coordinates":[121.50626,25.05193]},"properties":{"supply_id":"taipei-onstreet-6075000222","city":"taipei","district":"大同區","display_name":"環河北路（3號水門堤外）小型車 車格 6075000222","address":"環河北路（3號水門堤外）小型車","facility_kind":"onstreet","symbol_text":null,"type_reference":"路邊停車格","type_confidence":0.6,"price_raw":null,"price_value":null,"capacity_total":1,"available_total":null,"occupied_total":null,"status_label":"狀態未知","data_time":"2026-05-02 15:53:29+08:00","city_label":"臺北市","facility_kind_label":"路邊車格","available_rate":null,"occupancy_rate":null,"price_tier":"unknown","price_tier_label":"價格未知"}},{"type":"Feature","geometry":{"type":"Point","coordinates":[121.51277,25.06038]},"properties":{"supply_id":"taipei-onstreet-103100028","city":"taipei","district":"大同區","display_name":"甘州街 車格 103100028","address":"甘州街","facility_kind":"onstreet","symbol_text":null,"type_reference":"路邊停車格","type_confidence":0.6,"price_raw":null,"price_value":null,"capacity_total":1,"available_total":1,"occupied_total":0,"status_label":"空位","data_time":"2026-05-02 15:53:29+08:00","city_label":"臺北市","facility_kind_label":"路邊車格","available_rate":1,"occupancy_rate":0,"price_tier":"unknown","price_tier_label":"價格未知"}},{"type":"Feature","geometry":{"type":"Point","coordinates":[121.51312,25.06665]},"properties":{"supply_id":"taipei-onstreet-105509501","city":"taipei","district":"大同區","display_name":"昌吉街95巷 車格 105509501","address":"昌吉街95巷","facility_kind":"onstreet","symbol_text":null,"type_reference":"路邊停車格","type_confidence":0.6,"price_raw":null,"price_value":null,"capacity_total":1,"available_total":1,"occupied_total":0,"status_label":"空位","data_time":"2026-05-02 15:53:29+08:00","city_label":"臺北市","facility_kind_label":"路邊車格","available_rate":1,"occupancy_rate":0,"price_tier":"unknown","price_tier_label":"價格未知"}},{"type":"Feature","geometry":{"type":"Point","coordinates":[121.50932,25.06096]},"properties":{"supply_id":"taipei-onstreet-10340A089","city":"taipei","district":"大同區","display_name":"迪化街1段A 車格 10340A089","address":"迪化街1段A","facility_kind":"onstreet","symbol_text":null,"type_reference":"路邊停車格","type_confidence":0.6,"price_raw":null,"price_value":null,"capacity_total":1,"available_total":1,"occupied_total":0,"status_label":"空位","data_time":"2026-05-02 15:53:29+08:00","city_label":"臺北市","facility_kind_label":"路邊車格","available_rate":1,"occupancy_rate":0,"price_tier":"unknown","price_tier_label":"價格未知"}},{"type":"Feature","geometry":{"type":"Point","coordinates":[121.51414,25.06869]},"properties":{"supply_id":"taipei-onstreet-104200029","city":"taipei","district":"大同區","display_name":"民族西路 車格 104200029","address":"民族西路","facility_kind":"onstreet","symbol_text":null,"type_reference":"路邊停車格","type_confidence":0.6,"price_raw":null,"price_value":null,"capacity_total":1,"available_total":1,"occupied_total":0,"status_label":"空位","data_time":"2026-05-02 15:53:29+08:00","city_label":"臺北市","facility_kind_label":"路邊車格","available_rate":1,"occupancy_rate":0,"price_tier":"unknown","price_tier_label":"價格未知"}},{"type":"Feature","geometry":{"type":"Point","coordinates":[121.51657,25.06711]},"properties":{"supply_id":"taipei-onstreet-10660894","city":"taipei","district":"大同區","display_name":"大龍街89巷 車格 10660894","address":"大龍街89巷","facility_kind":"onstreet","symbol_text":null,"type_reference":"路邊停車格","type_confidence":0.6,"price_raw":null,"price_value":null,"capacity_total":1,"available_total":null,"occupied_total":null,"status_label":"狀態未知","data_time":"2026-05-02 15:53:29+08:00","city_label":"臺北市","facility_kind_label":"路邊車格","available_rate":null,"occupancy_rate":null,"price_tier":"unknown","price_tier_label":"價格未知"}},{"type":"Feature","geometry":{"type":"Point","coordinates":[121.50624,25.05215]},"properties":{"supply_id":"taipei-onstreet-607500090","city":"taipei","district":"大同區","display_name":"環河北路（3號水門堤外）小型車 車格 607500090","address":"環河北路（3號水門堤外）小型車","facility_kind":"onstreet","symbol_text":null,"type_reference":"路邊停車格","type_confidence":0.6,"price_raw":null,"price_value":null,"capacity_total":1,"available_total":null,"occupied_total":null,"status_label":"狀態未知","data_time":"2026-05-02 15:53:29+08:00","city_label":"臺北市","facility_kind_label":"路邊車格","available_rate":null,"occupancy_rate":null,"price_tier":"unknown","price_tier_label":"價格未知"}},{"type":"Feature","geometry":{"type":"Point","coordinates":[121.51276,25.06053]},"properties":{"supply_id":"taipei-onstreet-103100031","city":"taipei","district":"大同區","display_name":"甘州街 車格 103100031","address":"甘州街","facility_kind":"onstreet","symbol_text":null,"type_reference":"路邊停車格","type_confidence":0.6,"price_raw":null,"price_value":null,"capacity_total":1,"available_total":1,"occupied_total":0,"status_label":"空位","data_time":"2026-05-02 15:53:29+08:00","city_label":"臺北市","facility_kind_label":"路邊車格","available_rate":1,"occupancy_rate":0,"price_tier":"unknown","price_tier_label":"價格未知"}},{"type":"Feature","geometry":{"type":"Point","coordinates":[121.51882,25.07752]},"properties":{"supply_id":"taipei-onstreet-61360008","city":"taipei","district":"大同區","display_name":"承德橋下停車場(堤外) 車格 61360008","address":"承德橋下停車場(堤外)","facility_kind":"onstreet","symbol_text":null,"type_reference":"路邊停車格","type_confidence":0.6,"price_raw":null,"price_value":null,"capacity_total":1,"available_total":null,"occupied_total":null,"status_label":"狀態未知","data_time":"2026-05-02 15:53:29+08:00","city_label":"臺北市","facility_kind_label":"路邊車格","available_rate":null,"occupancy_rate":null,"price_tier":"unknown","price_tier_label":"價格未知"}},{"type":"Feature","geometry":{"type":"Point","coordinates":[121.51922,25.06621]},"properties":{"supply_id":"taipei-onstreet-104203223","city":"taipei","district":"大同區","display_name":"民族西路32巷 車格 104203223","address":"民族西路32巷","facility_kind":"onstreet","symbol_text":null,"type_reference":"路邊停車格","type_confidence":0.6,"price_raw":null,"price_value":null,"capacity_total":1,"available_total":1,"occupied_total":0,"status_label":"空位","data_time":"2026-05-02 15:53:29+08:00","city_label":"臺北市","facility_kind_label":"路邊車格","available_rate":1,"occupancy_rate":0,"price_tier":"unknown","price_tier_label":"價格未知"}},{"type":"Feature","geometry":{"type":"Point","coordinates":[121.51205,25.07765]},"properties":{"supply_id":"taipei-onstreet-10580A07","city":"taipei","district":"大同區","display_name":"延平北路4至5段1巷 車格 10580A07","address":"延平北路4至5段1巷","facility_kind":"onstreet","symbol_text":null,"type_reference":"路邊停車格","type_confidence":0.6,"price_raw":null,"price_value":null,"capacity_total":1,"available_total":null,"occupied_total":null,"status_label":"狀態未知","data_time":"2026-05-02 15:53:29+08:00","city_label":"臺北市","facility_kind_label":"路邊車格","available_rate":null,"occupancy_rate":null,"price_tier":"unknown","price_tier_label":"價格未知"}},{"type":"Feature","geometry":{"type":"Point","coordinates":[121.51539,25.05082]},"properties":{"supply_id":"taipei-onstreet-101500A82","city":"taipei","district":"大同區","display_name":"太原路A 車格 101500A82","address":"太原路A","facility_kind":"onstreet","symbol_text":null,"type_reference":"路邊停車格","type_confidence":0.6,"price_raw":null,"price_value":null,"capacity_total":1,"available_total":1,"occupied_total":0,"status_label":"空位","data_time":"2026-05-02 15:53:29+08:00","city_label":"臺北市","facility_kind_label":"路邊車格","available_rate":1,"occupancy_rate":0,"price_tier":"unknown","price_tier_label":"價格未知"}},{"type":"Feature","geometry":{"type":"Point","coordinates":[121.5145,25.06232]},"properties":{"supply_id":"taipei-onstreet-104000A6","city":"taipei","district":"大同區","display_name":"蘭州街A 車格 104000A6","address":"蘭州街A","facility_kind":"onstreet","symbol_text":null,"type_reference":"路邊停車格","type_confidence":0.6,"price_raw":null,"price_value":null,"capacity_total":1,"available_total":null,"occupied_total":null,"status_label":"狀態未知","data_time":"2026-05-02 15:53:29+08:00","city_label":"臺北市","facility_kind_label":"路邊車格","available_rate":null,"occupancy_rate":null,"price_tier":"unknown","price_tier_label":"價格未知"}},{"type":"Feature","geometry":{"type":"Point","coordinates":[121.51355,25.07404]},"properties":{"supply_id":"taipei-onstreet-10513122","city":"taipei","district":"大同區","display_name":"重慶北路3段312巷 車格 10513122","address":"重慶北路3段312巷","facility_kind":"onstreet","symbol_text":null,"type_reference":"路邊停車格","type_confidence":0.6,"price_raw":null,"price_value":null,"capacity_total":1,"available_total":null,"occupied_total":null,"status_label":"狀態未知","data_time":"2026-05-02 15:53:29+08:00","city_label":"臺北市","facility_kind_label":"路邊車格","available_rate":null,"occupancy_rate":null,"price_tier":"unknown","price_tier_label":"價格未知"}},{"type":"Feature","geometry":{"type":"Point","coordinates":[121.51183,25.0781]},"properties":{"supply_id":"taipei-onstreet-10580A018","city":"taipei","district":"大同區","display_name":"延平北路4至5段1巷 車格 10580A018","address":"延平北路4至5段1巷","facility_kind":"onstreet","symbol_text":null,"type_reference":"路邊停車格","type_confidence":0.6,"price_raw":null,"price_value":null,"capacity_total":1,"available_total":null,"occupied_total":null,"status_label":"狀態未知","data_time":"2026-05-02 15:53:29+08:00","city_label":"臺北市","facility_kind_label":"路邊車格","available_rate":null,"occupancy_rate":null,"price_tier":"unknown","price_tier_label":"價格未知"}},{"type":"Feature","geometry":{"type":"Point","coordinates":[121.51214,25.07203]},"properties":{"supply_id":"taipei-onstreet-10680A047","city":"taipei","district":"大同區","display_name":"酒泉街 車格 10680A047","address":"酒泉街","facility_kind":"onstreet","symbol_text":null,"type_reference":"路邊停車格","type_confidence":0.6,"price_raw":null,"price_value":null,"capacity_total":1,"available_total":1,"occupied_total":0,"status_label":"空位","data_time":"2026-05-02 15:53:29+08:00","city_label":"臺北市","facility_kind_label":"路邊車格","available_rate":1,"occupancy_rate":0,"price_tier":"unknown","price_tier_label":"價格未知"}},{"type":"Feature","geometry":{"type":"Point","coordinates":[121.51233,25.07172]},"properties":{"supply_id":"taipei-onstreet-10510453","city":"taipei","district":"大同區","display_name":"重慶北路3段236巷45弄 車格 10510453","address":"重慶北路3段236巷45弄","facility_kind":"onstreet","symbol_text":null,"type_reference":"路邊停車格","type_confidence":0.6,"price_raw":null,"price_value":null,"capacity_total":1,"available_total":null,"occupied_total":null,"status_label":"狀態未知","data_time":"2026-05-02 15:53:29+08:00","city_label":"臺北市","facility_kind_label":"路邊車格","available_rate":null,"occupancy_rate":null,"price_tier":"unknown","price_tier_label":"價格未知"}},{"type":"Feature","geometry":{"type":"Point","coordinates":[121.50853,25.05271]},"properties":{"supply_id":"taipei-onstreet-1023Y0098","city":"taipei","district":"大同區","display_name":"西寧北路 車格 1023Y0098","address":"西寧北路","facility_kind":"onstreet","symbol_text":null,"type_reference":"路邊停車格","type_confidence":0.6,"price_raw":null,"price_value":null,"capacity_total":1,"available_total":1,"occupied_total":0,"status_label":"空位","data_time":"2026-05-02 15:53:29+08:00","city_label":"臺北市","facility_kind_label":"路邊車格","available_rate":1,"occupancy_rate":0,"price_tier":"unknown","price_tier_label":"價格未知"}},{"type":"Feature","geometry":{"type":"Point","coordinates":[121.51951,25.07761]},"properties":{"supply_id":"taipei-onstreet-6136000104","city":"taipei","district":"大同區","display_name":"承德橋下停車場(堤外) 車格 6136000104","address":"承德橋下停車場(堤外)","facility_kind":"onstreet","symbol_text":null,"type_reference":"路邊停車格","type_confidence":0.6,"price_raw":null,"price_value":null,"capacity_total":1,"available_total":null,"occupied_total":null,"status_label":"狀態未知","data_time":"2026-05-02 15:53:29+08:00","city_label":"臺北市","facility_kind_label":"路邊車格","available_rate":null,"occupancy_rate":null,"price_tier":"unknown","price_tier_label":"價格未知"}},{"type":"Feature","geometry":{"type":"Point","coordinates":[121.51661,25.07682]},"properties":{"supply_id":"taipei-onstreet-10700217","city":"taipei","district":"大同區","display_name":"敦煌路21巷 車格 10700217","address":"敦煌路21巷","facility_kind":"onstreet","symbol_text":null,"type_reference":"路邊停車格","type_confidence":0.6,"price_raw":null,"price_value":null,"capacity_total":1,"available_total":null,"occupied_total":null,"status_label":"狀態未知","data_time":"2026-05-02 15:53:29+08:00","city_label":"臺北市","facility_kind_label":"路邊車格","available_rate":null,"occupancy_rate":null,"price_tier":"unknown","price_tier_label":"價格未知"}},{"type":"Feature","geometry":{"type":"Point","coordinates":[121.51179,25.07818]},"properties":{"supply_id":"taipei-onstreet-10580A020","city":"taipei","district":"大同區","display_name":"延平北路4至5段1巷 車格 10580A020","address":"延平北路4至5段1巷","facility_kind":"onstreet","symbol_text":null,"type_reference":"路邊停車格","type_confidence":0.6,"price_raw":null,"price_value":null,"capacity_total":1,"available_total":null,"occupied_total":null,"status_label":"狀態未知","data_time":"2026-05-02 15:53:29+08:00","city_label":"臺北市","facility_kind_label":"路邊車格","available_rate":null,"occupancy_rate":null,"price_tier":"unknown","price_tier_label":"價格未知"}},{"type":"Feature","geometry":{"type":"Point","coordinates":[121.51775,25.07025]},"properties":{"supply_id":"taipei-onstreet-104519817","city":"taipei","district":"大同區","display_name":"承德路3段198巷 車格 104519817","address":"承德路3段198巷","facility_kind":"onstreet","symbol_text":null,"type_reference":"路邊停車格","type_confidence":0.6,"price_raw":null,"price_value":null,"capacity_total":1,"available_total":1,"occupied_total":0,"status_label":"空位","data_time":"2026-05-02 15:53:29+08:00","city_label":"臺北市","facility_kind_label":"路邊車格","available_rate":1,"occupancy_rate":0,"price_tier":"unknown","price_tier_label":"價格未知"}},{"type":"Feature","geometry":{"type":"Point","coordinates":[121.51854,25.0778]},"properties":{"supply_id":"taipei-onstreet-613600066","city":"taipei","district":"大同區","display_name":"承德橋下停車場(堤外) 車格 613600066","address":"承德橋下停車場(堤外)","facility_kind":"onstreet","symbol_text":null,"type_reference":"路邊停車格","type_confidence":0.6,"price_raw":null,"price_value":null,"capacity_total":1,"available_total":null,"occupied_total":null,"status_label":"狀態未知","data_time":"2026-05-02 15:53:29+08:00","city_label":"臺北市","facility_kind_label":"路邊車格","available_rate":null,"occupancy_rate":null,"price_tier":"unknown","price_tier_label":"價格未知"}},{"type":"Feature","geometry":{"type":"Point","coordinates":[121.51511,25.06867]},"properties":{"supply_id":"taipei-onstreet-104200020","city":"taipei","district":"大同區","display_name":"民族西路 車格 104200020","address":"民族西路","facility_kind":"onstreet","symbol_text":null,"type_reference":"路邊停車格","type_confidence":0.6,"price_raw":null,"price_value":null,"capacity_total":1,"available_total":1,"occupied_total":0,"status_label":"空位","data_time":"2026-05-02 15:53:29+08:00","city_label":"臺北市","facility_kind_label":"路邊車格","available_rate":1,"occupancy_rate":0,"price_tier":"unknown","price_tier_label":"價格未知"}},{"type":"Feature","geometry":{"type":"Point","coordinates":[121.51913,25.07758]},"properties":{"supply_id":"taipei-onstreet-613600085","city":"taipei","district":"大同區","display_name":"承德橋下停車場(堤外) 車格 613600085","address":"承德橋下停車場(堤外)","facility_kind":"onstreet","symbol_text":null,"type_reference":"路邊停車格","type_confidence":0.6,"price_raw":null,"price_value":null,"capacity_total":1,"available_total":null,"occupied_total":null,"status_label":"狀態未知","data_time":"2026-05-02 15:53:29+08:00","city_label":"臺北市","facility_kind_label":"路邊車格","available_rate":null,"occupancy_rate":null,"price_tier":"unknown","price_tier_label":"價格未知"}},{"type":"Feature","geometry":{"type":"Point","coordinates":[121.51238,25.05236]},"properties":{"supply_id":"taipei-onstreet-101900016","city":"taipei","district":"大同區","display_name":"天水路 車格 101900016","address":"天水路","facility_kind":"onstreet","symbol_text":null,"type_reference":"路邊停車格","type_confidence":0.6,"price_raw":null,"price_value":null,"capacity_total":1,"available_total":1,"occupied_total":0,"status_label":"空位","data_time":"2026-05-02 15:53:29+08:00","city_label":"臺北市","facility_kind_label":"路邊車格","available_rate":1,"occupancy_rate":0,"price_tier":"unknown","price_tier_label":"價格未知"}},{"type":"Feature","geometry":{"type":"Point","coordinates":[121.51806,25.07807]},"properties":{"supply_id":"taipei-onstreet-6136000151","city":"taipei","district":"大同區","display_name":"承德橋下停車場(堤外) 車格 6136000151","address":"承德橋下停車場(堤外)","facility_kind":"onstreet","symbol_text":null,"type_reference":"路邊停車格","type_confidence":0.6,"price_raw":null,"price_value":null,"capacity_total":1,"available_total":null,"occupied_total":null,"status_label":"狀態未知","data_time":"2026-05-02 15:53:29+08:00","city_label":"臺北市","facility_kind_label":"路邊車格","available_rate":null,"occupancy_rate":null,"price_tier":"unknown","price_tier_label":"價格未知"}},{"type":"Feature","geometry":{"type":"Point","coordinates":[121.5085,25.05237]},"properties":{"supply_id":"taipei-onstreet-1023Y00109","city":"taipei","district":"大同區","display_name":"西寧北路 車格 1023Y00109","address":"西寧北路","facility_kind":"onstreet","symbol_text":null,"type_reference":"路邊停車格","type_confidence":0.6,"price_raw":null,"price_value":null,"capacity_total":1,"available_total":1,"occupied_total":0,"status_label":"空位","data_time":"2026-05-02 15:53:29+08:00","city_label":"臺北市","facility_kind_label":"路邊車格","available_rate":1,"occupancy_rate":0,"price_tier":"unknown","price_tier_label":"價格未知"}},{"type":"Feature","geometry":{"type":"Point","coordinates":[121.51929,25.06669]},"properties":{"supply_id":"taipei-onstreet-104203218","city":"taipei","district":"大同區","display_name":"民族西路32巷 車格 104203218","address":"民族西路32巷","facility_kind":"onstreet","symbol_text":null,"type_reference":"路邊停車格","type_confidence":0.6,"price_raw":null,"price_value":null,"capacity_total":1,"available_total":1,"occupied_total":0,"status_label":"空位","data_time":"2026-05-02 15:53:29+08:00","city_label":"臺北市","facility_kind_label":"路邊車格","available_rate":1,"occupancy_rate":0,"price_tier":"unknown","price_tier_label":"價格未知"}},{"type":"Feature","geometry":{"type":"Point","coordinates":[121.51052,25.05809]},"properties":{"supply_id":"taipei-onstreet-10320A012","city":"taipei","district":"大同區","display_name":"民樂街A 車格 10320A012","address":"民樂街A","facility_kind":"onstreet","symbol_text":null,"type_reference":"路邊停車格","type_confidence":0.6,"price_raw":null,"price_value":null,"capacity_total":1,"available_total":1,"occupied_total":0,"status_label":"空位","data_time":"2026-05-02 15:53:29+08:00","city_label":"臺北市","facility_kind_label":"路邊車格","available_rate":1,"occupancy_rate":0,"price_tier":"unknown","price_tier_label":"價格未知"}},{"type":"Feature","geometry":{"type":"Point","coordinates":[121.50651,25.05191]},"properties":{"supply_id":"taipei-onstreet-6075000140","city":"taipei","district":"大同區","display_name":"環河北路（3號水門堤外）小型車 車格 6075000140","address":"環河北路（3號水門堤外）小型車","facility_kind":"onstreet","symbol_text":null,"type_reference":"路邊停車格","type_confidence":0.6,"price_raw":null,"price_value":null,"capacity_total":1,"available_total":null,"occupied_total":null,"status_label":"狀態未知","data_time":"2026-05-02 15:53:29+08:00","city_label":"臺北市","facility_kind_label":"路邊車格","available_rate":null,"occupancy_rate":null,"price_tier":"unknown","price_tier_label":"價格未知"}},{"type":"Feature","geometry":{"type":"Point","coordinates":[121.51232,25.06936]},"properties":{"supply_id":"taipei-onstreet-104222513","city":"taipei","district":"大同區","display_name":"民族西路225巷 車格 104222513","address":"民族西路225巷","facility_kind":"onstreet","symbol_text":null,"type_reference":"路邊停車格","type_confidence":0.6,"price_raw":null,"price_value":null,"capacity_total":1,"available_total":1,"occupied_total":0,"status_label":"空位","data_time":"2026-05-02 15:53:29+08:00","city_label":"臺北市","facility_kind_label":"路邊車格","available_rate":1,"occupancy_rate":0,"price_tier":"unknown","price_tier_label":"價格未知"}},{"type":"Feature","geometry":{"type":"Point","coordinates":[121.51664,25.05536]},"properties":{"supply_id":"taipei-onstreet-101500071","city":"taipei","district":"大同區","display_name":"太原路 車格 101500071","address":"太原路","facility_kind":"onstreet","symbol_text":null,"type_reference":"路邊停車格","type_confidence":0.6,"price_raw":null,"price_value":null,"capacity_total":1,"available_total":null,"occupied_total":null,"status_label":"狀態未知","data_time":"2026-05-02 15:53:29+08:00","city_label":"臺北市","facility_kind_label":"路邊車格","available_rate":null,"occupancy_rate":null,"price_tier":"unknown","price_tier_label":"價格未知"}},{"type":"Feature","geometry":{"type":"Point","coordinates":[121.5154,25.07653]},"properties":{"supply_id":"taipei-onstreet-10700B007","city":"taipei","district":"大同區","display_name":"慶昌橋下停車場 車格 10700B007","address":"慶昌橋下停車場","facility_kind":"onstreet","symbol_text":null,"type_reference":"路邊停車格","type_confidence":0.6,"price_raw":null,"price_value":null,"capacity_total":1,"available_total":null,"occupied_total":null,"status_label":"狀態未知","data_time":"2026-05-02 15:53:29+08:00","city_label":"臺北市","facility_kind_label":"路邊車格","available_rate":null,"occupancy_rate":null,"price_tier":"unknown","price_tier_label":"價格未知"}},{"type":"Feature","geometry":{"type":"Point","coordinates":[121.50649,25.05192]},"properties":{"supply_id":"taipei-onstreet-6075000141","city":"taipei","district":"大同區","display_name":"環河北路（3號水門堤外）小型車 車格 6075000141","address":"環河北路（3號水門堤外）小型車","facility_kind":"onstreet","symbol_text":null,"type_reference":"路邊停車格","type_confidence":0.6,"price_raw":null,"price_value":null,"capacity_total":1,"available_total":null,"occupied_total":null,"status_label":"狀態未知","data_time":"2026-05-02 15:53:29+08:00","city_label":"臺北市","facility_kind_label":"路邊車格","available_rate":null,"occupancy_rate":null,"price_tier":"unknown","price_tier_label":"價格未知"}},{"type":"Feature","geometry":{"type":"Point","coordinates":[121.51904,25.07755]},"properties":{"supply_id":"taipei-onstreet-613600042","city":"taipei","district":"大同區","display_name":"承德橋下停車場(堤外) 車格 613600042","address":"承德橋下停車場(堤外)","facility_kind":"onstreet","symbol_text":null,"type_reference":"路邊停車格","type_confidence":0.6,"price_raw":null,"price_value":null,"capacity_total":1,"available_total":null,"occupied_total":null,"status_label":"狀態未知","data_time":"2026-05-02 15:53:29+08:00","city_label":"臺北市","facility_kind_label":"路邊車格","available_rate":null,"occupancy_rate":null,"price_tier":"unknown","price_tier_label":"價格未知"}},{"type":"Feature","geometry":{"type":"Point","coordinates":[121.50647,25.05231]},"properties":{"supply_id":"taipei-onstreet-60750004","city":"taipei","district":"大同區","display_name":"環河北路（3號水門堤外）小型車 車格 60750004","address":"環河北路（3號水門堤外）小型車","facility_kind":"onstreet","symbol_text":null,"type_reference":"路邊停車格","type_confidence":0.6,"price_raw":null,"price_value":null,"capacity_total":1,"available_total":null,"occupied_total":null,"status_label":"狀態未知","data_time":"2026-05-02 15:53:29+08:00","city_label":"臺北市","facility_kind_label":"路邊車格","available_rate":null,"occupancy_rate":null,"price_tier":"unknown","price_tier_label":"價格未知"}},{"type":"Feature","geometry":{"type":"Point","coordinates":[121.51257,25.05248]},"properties":{"supply_id":"taipei-onstreet-101900020","city":"taipei","district":"大同區","display_name":"天水路 車格 101900020","address":"天水路","facility_kind":"onstreet","symbol_text":null,"type_reference":"路邊停車格","type_confidence":0.6,"price_raw":null,"price_value":null,"capacity_total":1,"available_total":1,"occupied_total":0,"status_label":"空位","data_time":"2026-05-02 15:53:29+08:00","city_label":"臺北市","facility_kind_label":"路邊車格","available_rate":1,"occupancy_rate":0,"price_tier":"unknown","price_tier_label":"價格未知"}},{"type":"Feature","geometry":{"type":"Point","coordinates":[121.51597,25.06147]},"properties":{"supply_id":"taipei-onstreet-102905320","city":"taipei","district":"大同區","display_name":"錦西街53巷 車格 102905320","address":"錦西街53巷","facility_kind":"onstreet","symbol_text":null,"type_reference":"路邊停車格","type_confidence":0.6,"price_raw":null,"price_value":null,"capacity_total":1,"available_total":1,"occupied_total":0,"status_label":"空位","data_time":"2026-05-02 15:53:29+08:00","city_label":"臺北市","facility_kind_label":"路邊車格","available_rate":1,"occupancy_rate":0,"price_tier":"unknown","price_tier_label":"價格未知"}},{"type":"Feature","geometry":{"type":"Point","coordinates":[121.50587,25.05195]},"properties":{"supply_id":"taipei-onstreet-6075000201","city":"taipei","district":"大同區","display_name":"環河北路（3號水門堤外）小型車 車格 6075000201","address":"環河北路（3號水門堤外）小型車","facility_kind":"onstreet","symbol_text":null,"type_reference":"路邊停車格","type_confidence":0.6,"price_raw":null,"price_value":null,"capacity_total":1,"available_total":null,"occupied_total":null,"status_label":"狀態未知","data_time":"2026-05-02 15:53:29+08:00","city_label":"臺北市","facility_kind_label":"路邊車格","available_rate":null,"occupancy_rate":null,"price_tier":"unknown","price_tier_label":"價格未知"}},{"type":"Feature","geometry":{"type":"Point","coordinates":[121.51434,25.06965]},"properties":{"supply_id":"taipei-onstreet-10511912","city":"taipei","district":"大同區","display_name":"重慶北路3段191巷1弄 車格 10511912","address":"重慶北路3段191巷1弄","facility_kind":"onstreet","symbol_text":null,"type_reference":"路邊停車格","type_confidence":0.6,"price_raw":null,"price_value":null,"capacity_total":1,"available_total":null,"occupied_total":null,"status_label":"狀態未知","data_time":"2026-05-02 15:53:29+08:00","city_label":"臺北市","facility_kind_label":"路邊車格","available_rate":null,"occupancy_rate":null,"price_tier":"unknown","price_tier_label":"價格未知"}},{"type":"Feature","geometry":{"type":"Point","coordinates":[121.51103,25.05433]},"properties":{"supply_id":"taipei-onstreet-10320B05","city":"taipei","district":"大同區","display_name":"民樂街 車格 10320B05","address":"民樂街","facility_kind":"onstreet","symbol_text":null,"type_reference":"路邊停車格","type_confidence":0.6,"price_raw":null,"price_value":null,"capacity_total":1,"available_total":null,"occupied_total":null,"status_label":"狀態未知","data_time":"2026-05-02 15:53:29+08:00","city_label":"臺北市","facility_kind_label":"路邊車格","available_rate":null,"occupancy_rate":null,"price_tier":"unknown","price_tier_label":"價格未知"}},{"type":"Feature","geometry":{"type":"Point","coordinates":[121.50627,25.05214]},"properties":{"supply_id":"taipei-onstreet-607500089","city":"taipei","district":"大同區","display_name":"環河北路（3號水門堤外）小型車 車格 607500089","address":"環河北路（3號水門堤外）小型車","facility_kind":"onstreet","symbol_text":null,"type_reference":"路邊停車格","type_confidence":0.6,"price_raw":null,"price_value":null,"capacity_total":1,"available_total":null,"occupied_total":null,"status_label":"狀態未知","data_time":"2026-05-02 15:53:29+08:00","city_label":"臺北市","facility_kind_label":"路邊車格","available_rate":null,"occupancy_rate":null,"price_tier":"unknown","price_tier_label":"價格未知"}},{"type":"Feature","geometry":{"type":"Point","coordinates":[121.51169,25.07802]},"properties":{"supply_id":"taipei-onstreet-10580A055","city":"taipei","district":"大同區","display_name":"延平北路4至5段1巷 車格 10580A055","address":"延平北路4至5段1巷","facility_kind":"onstreet","symbol_text":null,"type_reference":"路邊停車格","type_confidence":0.6,"price_raw":null,"price_value":null,"capacity_total":1,"available_total":null,"occupied_total":null,"status_label":"狀態未知","data_time":"2026-05-02 15:53:29+08:00","city_label":"臺北市","facility_kind_label":"路邊車格","available_rate":null,"occupancy_rate":null,"price_tier":"unknown","price_tier_label":"價格未知"}},{"type":"Feature","geometry":{"type":"Point","coordinates":[121.51775,25.07011]},"properties":{"supply_id":"taipei-onstreet-104519814","city":"taipei","district":"大同區","display_name":"承德路3段198巷 車格 104519814","address":"承德路3段198巷","facility_kind":"onstreet","symbol_text":null,"type_reference":"路邊停車格","type_confidence":0.6,"price_raw":null,"price_value":null,"capacity_total":1,"available_total":1,"occupied_total":0,"status_label":"空位","data_time":"2026-05-02 15:53:29+08:00","city_label":"臺北市","facility_kind_label":"路邊車格","available_rate":1,"occupancy_rate":0,"price_tier":"unknown","price_tier_label":"價格未知"}},{"type":"Feature","geometry":{"type":"Point","coordinates":[121.51797,25.07812]},"properties":{"supply_id":"taipei-onstreet-6136000155","city":"taipei","district":"大同區","display_name":"承德橋下停車場(堤外) 車格 6136000155","address":"承德橋下停車場(堤外)","facility_kind":"onstreet","symbol_text":null,"type_reference":"路邊停車格","type_confidence":0.6,"price_raw":null,"price_value":null,"capacity_total":1,"available_total":null,"occupied_total":null,"status_label":"狀態未知","data_time":"2026-05-02 15:53:29+08:00","city_label":"臺北市","facility_kind_label":"路邊車格","available_rate":null,"occupancy_rate":null,"price_tier":"unknown","price_tier_label":"價格未知"}},{"type":"Feature","geometry":{"type":"Point","coordinates":[121.51519,25.07646]},"properties":{"supply_id":"taipei-onstreet-10700B028","city":"taipei","district":"大同區","display_name":"慶昌橋下停車場 車格 10700B028","address":"慶昌橋下停車場","facility_kind":"onstreet","symbol_text":null,"type_reference":"路邊停車格","type_confidence":0.6,"price_raw":null,"price_value":null,"capacity_total":1,"available_total":null,"occupied_total":null,"status_label":"狀態未知","data_time":"2026-05-02 15:53:29+08:00","city_label":"臺北市","facility_kind_label":"路邊車格","available_rate":null,"occupancy_rate":null,"price_tier":"unknown","price_tier_label":"價格未知"}},{"type":"Feature","geometry":{"type":"Point","coordinates":[121.50643,25.05209]},"properties":{"supply_id":"taipei-onstreet-607500082","city":"taipei","district":"大同區","display_name":"環河北路（3號水門堤外）小型車 車格 607500082","address":"環河北路（3號水門堤外）小型車","facility_kind":"onstreet","symbol_text":null,"type_reference":"路邊停車格","type_confidence":0.6,"price_raw":null,"price_value":null,"capacity_total":1,"available_total":null,"occupied_total":null,"status_label":"狀態未知","data_time":"2026-05-02 15:53:29+08:00","city_label":"臺北市","facility_kind_label":"路邊車格","available_rate":null,"occupancy_rate":null,"price_tier":"unknown","price_tier_label":"價格未知"}},{"type":"Feature","geometry":{"type":"Point","coordinates":[121.50629,25.05213]},"properties":{"supply_id":"taipei-onstreet-607500088","city":"taipei","district":"大同區","display_name":"環河北路（3號水門堤外）小型車 車格 607500088","address":"環河北路（3號水門堤外）小型車","facility_kind":"onstreet","symbol_text":null,"type_reference":"路邊停車格","type_confidence":0.6,"price_raw":null,"price_value":null,"capacity_total":1,"available_total":null,"occupied_total":null,"status_label":"狀態未知","data_time":"2026-05-02 15:53:29+08:00","city_label":"臺北市","facility_kind_label":"路邊車格","available_rate":null,"occupancy_rate":null,"price_tier":"unknown","price_tier_label":"價格未知"}},{"type":"Feature","geometry":{"type":"Point","coordinates":[121.51097,25.05407]},"properties":{"supply_id":"taipei-onstreet-10320B046","city":"taipei","district":"大同區","display_name":"民樂街 車格 10320B046","address":"民樂街","facility_kind":"onstreet","symbol_text":null,"type_reference":"路邊停車格","type_confidence":0.6,"price_raw":null,"price_value":null,"capacity_total":1,"available_total":null,"occupied_total":null,"status_label":"狀態未知","data_time":"2026-05-02 15:53:29+08:00","city_label":"臺北市","facility_kind_label":"路邊車格","available_rate":null,"occupancy_rate":null,"price_tier":"unknown","price_tier_label":"價格未知"}},{"type":"Feature","geometry":{"type":"Point","coordinates":[121.51773,25.06938]},"properties":{"supply_id":"taipei-onstreet-10451903","city":"taipei","district":"大同區","display_name":"承德路3段190巷 車格 10451903","address":"承德路3段190巷","facility_kind":"onstreet","symbol_text":null,"type_reference":"路邊停車格","type_confidence":0.6,"price_raw":null,"price_value":null,"capacity_total":1,"available_total":null,"occupied_total":null,"status_label":"狀態未知","data_time":"2026-05-02 15:53:29+08:00","city_label":"臺北市","facility_kind_label":"路邊車格","available_rate":null,"occupancy_rate":null,"price_tier":"unknown","price_tier_label":"價格未知"}},{"type":"Feature","geometry":{"type":"Point","coordinates":[121.50876,25.05714]},"properties":{"supply_id":"taipei-onstreet-10254231","city":"taipei","district":"大同區","display_name":"民生西路423巷 車格 10254231","address":"民生西路423巷","facility_kind":"onstreet","symbol_text":null,"type_reference":"路邊停車格","type_confidence":0.6,"price_raw":null,"price_value":null,"capacity_total":1,"available_total":null,"occupied_total":null,"status_label":"狀態未知","data_time":"2026-05-02 15:53:29+08:00","city_label":"臺北市","facility_kind_label":"路邊車格","available_rate":null,"occupancy_rate":null,"price_tier":"unknown","price_tier_label":"價格未知"}},{"type":"Feature","geometry":{"type":"Point","coordinates":[121.50905,25.07412]},"properties":{"supply_id":"taipei-onstreet-106500029","city":"taipei","district":"大同區","display_name":"環河北路2段 車格 106500029","address":"環河北路2段","facility_kind":"onstreet","symbol_text":null,"type_reference":"路邊停車格","type_confidence":0.6,"price_raw":null,"price_value":null,"capacity_total":1,"available_total":null,"occupied_total":null,"status_label":"狀態未知","data_time":"2026-05-02 15:53:29+08:00","city_label":"臺北市","facility_kind_label":"路邊車格","available_rate":null,"occupancy_rate":null,"price_tier":"unknown","price_tier_label":"價格未知"}},{"type":"Feature","geometry":{"type":"Point","coordinates":[121.51185,25.07204]},"properties":{"supply_id":"taipei-onstreet-10680A043","city":"taipei","district":"大同區","display_name":"酒泉街 車格 10680A043","address":"酒泉街","facility_kind":"onstreet","symbol_text":null,"type_reference":"路邊停車格","type_confidence":0.6,"price_raw":null,"price_value":null,"capacity_total":1,"available_total":1,"occupied_total":0,"status_label":"空位","data_time":"2026-05-02 15:53:29+08:00","city_label":"臺北市","facility_kind_label":"路邊車格","available_rate":1,"occupancy_rate":0,"price_tier":"unknown","price_tier_label":"價格未知"}},{"type":"Feature","geometry":{"type":"Point","coordinates":[121.51004,25.07749]},"properties":{"supply_id":"taipei-onstreet-105829435","city":"taipei","district":"大同區","display_name":"延平北路4段294巷 車格 105829435","address":"延平北路4段294巷","facility_kind":"onstreet","symbol_text":null,"type_reference":"路邊停車格","type_confidence":0.6,"price_raw":null,"price_value":null,"capacity_total":1,"available_total":null,"occupied_total":null,"status_label":"狀態未知","data_time":"2026-05-02 15:53:29+08:00","city_label":"臺北市","facility_kind_label":"路邊車格","available_rate":null,"occupancy_rate":null,"price_tier":"unknown","price_tier_label":"價格未知"}},{"type":"Feature","geometry":{"type":"Point","coordinates":[121.51435,25.0571]},"properties":{"supply_id":"taipei-onstreet-102500048A","city":"taipei","district":"大同區","display_name":"民生西路 車格 102500048A","address":"民生西路","facility_kind":"onstreet","symbol_text":null,"type_reference":"路邊停車格","type_confidence":0.6,"price_raw":null,"price_value":null,"capacity_total":1,"available_total":null,"occupied_total":null,"status_label":"狀態未知","data_time":"2026-05-02 15:53:29+08:00","city_label":"臺北市","facility_kind_label":"路邊車格","available_rate":null,"occupancy_rate":null,"price_tier":"unknown","price_tier_label":"價格未知"}},{"type":"Feature","geometry":{"type":"Point","coordinates":[121.51667,25.07681]},"properties":{"supply_id":"taipei-onstreet-10700216","city":"taipei","district":"大同區","display_name":"敦煌路21巷 車格 10700216","address":"敦煌路21巷","facility_kind":"onstreet","symbol_text":null,"type_reference":"路邊停車格","type_confidence":0.6,"price_raw":null,"price_value":null,"capacity_total":1,"available_total":null,"occupied_total":null,"status_label":"狀態未知","data_time":"2026-05-02 15:53:29+08:00","city_label":"臺北市","facility_kind_label":"路邊車格","available_rate":null,"occupancy_rate":null,"price_tier":"unknown","price_tier_label":"價格未知"}},{"type":"Feature","geometry":{"type":"Point","coordinates":[121.51817,25.07801]},"properties":{"supply_id":"taipei-onstreet-6136000146","city":"taipei","district":"大同區","display_name":"承德橋下停車場(堤外) 車格 6136000146","address":"承德橋下停車場(堤外)","facility_kind":"onstreet","symbol_text":null,"type_reference":"路邊停車格","type_confidence":0.6,"price_raw":null,"price_value":null,"capacity_total":1,"available_total":null,"occupied_total":null,"status_label":"狀態未知","data_time":"2026-05-02 15:53:29+08:00","city_label":"臺北市","facility_kind_label":"路邊車格","available_rate":null,"occupancy_rate":null,"price_tier":"unknown","price_tier_label":"價格未知"}},{"type":"Feature","geometry":{"type":"Point","coordinates":[121.5063,25.05223]},"properties":{"supply_id":"taipei-onstreet-607500046","city":"taipei","district":"大同區","display_name":"環河北路（3號水門堤外）小型車 車格 607500046","address":"環河北路（3號水門堤外）小型車","facility_kind":"onstreet","symbol_text":null,"type_reference":"路邊停車格","type_confidence":0.6,"price_raw":null,"price_value":null,"capacity_total":1,"available_total":null,"occupied_total":null,"status_label":"狀態未知","data_time":"2026-05-02 15:53:29+08:00","city_label":"臺北市","facility_kind_label":"路邊車格","available_rate":null,"occupancy_rate":null,"price_tier":"unknown","price_tier_label":"價格未知"}},{"type":"Feature","geometry":{"type":"Point","coordinates":[121.51895,25.07759]},"properties":{"supply_id":"taipei-onstreet-613600046","city":"taipei","district":"大同區","display_name":"承德橋下停車場(堤外) 車格 613600046","address":"承德橋下停車場(堤外)","facility_kind":"onstreet","symbol_text":null,"type_reference":"路邊停車格","type_confidence":0.6,"price_raw":null,"price_value":null,"capacity_total":1,"available_total":null,"occupied_total":null,"status_label":"狀態未知","data_time":"2026-05-02 15:53:29+08:00","city_label":"臺北市","facility_kind_label":"路邊車格","available_rate":null,"occupancy_rate":null,"price_tier":"unknown","price_tier_label":"價格未知"}},{"type":"Feature","geometry":{"type":"Point","coordinates":[121.51221,25.06906]},"properties":{"supply_id":"taipei-onstreet-104222509","city":"taipei","district":"大同區","display_name":"民族西路225巷 車格 104222509","address":"民族西路225巷","facility_kind":"onstreet","symbol_text":null,"type_reference":"路邊停車格","type_confidence":0.6,"price_raw":null,"price_value":null,"capacity_total":1,"available_total":1,"occupied_total":0,"status_label":"空位","data_time":"2026-05-02 15:53:29+08:00","city_label":"臺北市","facility_kind_label":"路邊車格","available_rate":1,"occupancy_rate":0,"price_tier":"unknown","price_tier_label":"價格未知"}},{"type":"Feature","geometry":{"type":"Point","coordinates":[121.51061,25.05809]},"properties":{"supply_id":"taipei-onstreet-10320A06","city":"taipei","district":"大同區","display_name":"民樂街A 車格 10320A06","address":"民樂街A","facility_kind":"onstreet","symbol_text":null,"type_reference":"路邊停車格","type_confidence":0.6,"price_raw":null,"price_value":null,"capacity_total":1,"available_total":null,"occupied_total":null,"status_label":"狀態未知","data_time":"2026-05-02 15:53:29+08:00","city_label":"臺北市","facility_kind_label":"路邊車格","available_rate":null,"occupancy_rate":null,"price_tier":"unknown","price_tier_label":"價格未知"}},{"type":"Feature","geometry":{"type":"Point","coordinates":[121.50667,25.05217]},"properties":{"supply_id":"taipei-onstreet-607500025","city":"taipei","district":"大同區","display_name":"環河北路（3號水門堤外）小型車 車格 607500025","address":"環河北路（3號水門堤外）小型車","facility_kind":"onstreet","symbol_text":null,"type_reference":"路邊停車格","type_confidence":0.6,"price_raw":null,"price_value":null,"capacity_total":1,"available_total":null,"occupied_total":null,"status_label":"狀態未知","data_time":"2026-05-02 15:53:29+08:00","city_label":"臺北市","facility_kind_label":"路邊車格","available_rate":null,"occupancy_rate":null,"price_tier":"unknown","price_tier_label":"價格未知"}},{"type":"Feature","geometry":{"type":"Point","coordinates":[121.51246,25.06874]},"properties":{"supply_id":"taipei-onstreet-104200040","city":"taipei","district":"大同區","display_name":"民族西路 車格 104200040","address":"民族西路","facility_kind":"onstreet","symbol_text":null,"type_reference":"路邊停車格","type_confidence":0.6,"price_raw":null,"price_value":null,"capacity_total":1,"available_total":1,"occupied_total":0,"status_label":"空位","data_time":"2026-05-02 15:53:29+08:00","city_label":"臺北市","facility_kind_label":"路邊車格","available_rate":1,"occupancy_rate":0,"price_tier":"unknown","price_tier_label":"價格未知"}},{"type":"Feature","geometry":{"type":"Point","coordinates":[121.51774,25.06963]},"properties":{"supply_id":"taipei-onstreet-10451908","city":"taipei","district":"大同區","display_name":"承德路3段190巷 車格 10451908","address":"承德路3段190巷","facility_kind":"onstreet","symbol_text":null,"type_reference":"路邊停車格","type_confidence":0.6,"price_raw":null,"price_value":null,"capacity_total":1,"available_total":null,"occupied_total":null,"status_label":"狀態未知","data_time":"2026-05-02 15:53:29+08:00","city_label":"臺北市","facility_kind_label":"路邊車格","available_rate":null,"occupancy_rate":null,"price_tier":"unknown","price_tier_label":"價格未知"}},{"type":"Feature","geometry":{"type":"Point","coordinates":[121.51775,25.0703]},"properties":{"supply_id":"taipei-onstreet-104519818","city":"taipei","district":"大同區","display_name":"承德路3段198巷 車格 104519818","address":"承德路3段198巷","facility_kind":"onstreet","symbol_text":null,"type_reference":"路邊停車格","type_confidence":0.6,"price_raw":null,"price_value":null,"capacity_total":1,"available_total":1,"occupied_total":0,"status_label":"空位","data_time":"2026-05-02 15:53:29+08:00","city_label":"臺北市","facility_kind_label":"路邊車格","available_rate":1,"occupancy_rate":0,"price_tier":"unknown","price_tier_label":"價格未知"}},{"type":"Feature","geometry":{"type":"Point","coordinates":[121.5122,25.06885]},"properties":{"supply_id":"taipei-onstreet-104222511","city":"taipei","district":"大同區","display_name":"民族西路225巷 車格 104222511","address":"民族西路225巷","facility_kind":"onstreet","symbol_text":null,"type_reference":"路邊停車格","type_confidence":0.6,"price_raw":null,"price_value":null,"capacity_total":1,"available_total":1,"occupied_total":0,"status_label":"空位","data_time":"2026-05-02 15:53:29+08:00","city_label":"臺北市","facility_kind_label":"路邊車格","available_rate":1,"occupancy_rate":0,"price_tier":"unknown","price_tier_label":"價格未知"}},{"type":"Feature","geometry":{"type":"Point","coordinates":[121.51958,25.07758]},"properties":{"supply_id":"taipei-onstreet-6136000101","city":"taipei","district":"大同區","display_name":"承德橋下停車場(堤外) 車格 6136000101","address":"承德橋下停車場(堤外)","facility_kind":"onstreet","symbol_text":null,"type_reference":"路邊停車格","type_confidence":0.6,"price_raw":null,"price_value":null,"capacity_total":1,"available_total":null,"occupied_total":null,"status_label":"狀態未知","data_time":"2026-05-02 15:53:29+08:00","city_label":"臺北市","facility_kind_label":"路邊車格","available_rate":null,"occupancy_rate":null,"price_tier":"unknown","price_tier_label":"價格未知"}},{"type":"Feature","geometry":{"type":"Point","coordinates":[121.50654,25.05228]},"properties":{"supply_id":"taipei-onstreet-60750007","city":"taipei","district":"大同區","display_name":"環河北路（3號水門堤外）小型車 車格 60750007","address":"環河北路（3號水門堤外）小型車","facility_kind":"onstreet","symbol_text":null,"type_reference":"路邊停車格","type_confidence":0.6,"price_raw":null,"price_value":null,"capacity_total":1,"available_total":null,"occupied_total":null,"status_label":"狀態未知","data_time":"2026-05-02 15:53:29+08:00","city_label":"臺北市","facility_kind_label":"路邊車格","available_rate":null,"occupancy_rate":null,"price_tier":"unknown","price_tier_label":"價格未知"}},{"type":"Feature","geometry":{"type":"Point","coordinates":[121.5061,25.05198]},"properties":{"supply_id":"taipei-onstreet-6075000229","city":"taipei","district":"大同區","display_name":"環河北路（3號水門堤外）小型車 車格 6075000229","address":"環河北路（3號水門堤外）小型車","facility_kind":"onstreet","symbol_text":null,"type_reference":"路邊停車格","type_confidence":0.6,"price_raw":null,"price_value":null,"capacity_total":1,"available_total":null,"occupied_total":null,"status_label":"狀態未知","data_time":"2026-05-02 15:53:29+08:00","city_label":"臺北市","facility_kind_label":"路邊車格","available_rate":null,"occupancy_rate":null,"price_tier":"unknown","price_tier_label":"價格未知"}},{"type":"Feature","geometry":{"type":"Point","coordinates":[121.51309,25.0538]},"properties":{"supply_id":"taipei-onstreet-521400039","city":"taipei","district":"大同區","display_name":"華亭街 車格 521400039","address":"華亭街","facility_kind":"onstreet","symbol_text":null,"type_reference":"路邊停車格","type_confidence":0.6,"price_raw":null,"price_value":null,"capacity_total":1,"available_total":null,"occupied_total":null,"status_label":"狀態未知","data_time":"2026-05-02 15:53:29+08:00","city_label":"臺北市","facility_kind_label":"路邊車格","available_rate":null,"occupancy_rate":null,"price_tier":"unknown","price_tier_label":"價格未知"}},{"type":"Feature","geometry":{"type":"Point","coordinates":[121.51232,25.07148]},"properties":{"supply_id":"taipei-onstreet-10510458","city":"taipei","district":"大同區","display_name":"重慶北路3段236巷45弄 車格 10510458","address":"重慶北路3段236巷45弄","facility_kind":"onstreet","symbol_text":null,"type_reference":"路邊停車格","type_confidence":0.6,"price_raw":null,"price_value":null,"capacity_total":1,"available_total":null,"occupied_total":null,"status_label":"狀態未知","data_time":"2026-05-02 15:53:29+08:00","city_label":"臺北市","facility_kind_label":"路邊車格","available_rate":null,"occupancy_rate":null,"price_tier":"unknown","price_tier_label":"價格未知"}},{"type":"Feature","geometry":{"type":"Point","coordinates":[121.51876,25.07772]},"properties":{"supply_id":"taipei-onstreet-613600070","city":"taipei","district":"大同區","display_name":"承德橋下停車場(堤外) 車格 613600070","address":"承德橋下停車場(堤外)","facility_kind":"onstreet","symbol_text":null,"type_reference":"路邊停車格","type_confidence":0.6,"price_raw":null,"price_value":null,"capacity_total":1,"available_total":null,"occupied_total":null,"status_label":"狀態未知","data_time":"2026-05-02 15:53:29+08:00","city_label":"臺北市","facility_kind_label":"路邊車格","available_rate":null,"occupancy_rate":null,"price_tier":"unknown","price_tier_label":"價格未知"}},{"type":"Feature","geometry":{"type":"Point","coordinates":[121.51092,25.05583]},"properties":{"supply_id":"taipei-onstreet-10320B009","city":"taipei","district":"大同區","display_name":"民樂街 車格 10320B009","address":"民樂街","facility_kind":"onstreet","symbol_text":null,"type_reference":"路邊停車格","type_confidence":0.6,"price_raw":null,"price_value":null,"capacity_total":1,"available_total":1,"occupied_total":0,"status_label":"空位","data_time":"2026-05-02 15:53:29+08:00","city_label":"臺北市","facility_kind_label":"路邊車格","available_rate":1,"occupancy_rate":0,"price_tier":"unknown","price_tier_label":"價格未知"}},{"type":"Feature","geometry":{"type":"Point","coordinates":[121.50902,25.07444]},"properties":{"supply_id":"taipei-onstreet-106500036","city":"taipei","district":"大同區","display_name":"環河北路2段 車格 106500036","address":"環河北路2段","facility_kind":"onstreet","symbol_text":null,"type_reference":"路邊停車格","type_confidence":0.6,"price_raw":null,"price_value":null,"capacity_total":1,"available_total":null,"occupied_total":null,"status_label":"狀態未知","data_time":"2026-05-02 15:53:29+08:00","city_label":"臺北市","facility_kind_label":"路邊車格","available_rate":null,"occupancy_rate":null,"price_tier":"unknown","price_tier_label":"價格未知"}},{"type":"Feature","geometry":{"type":"Point","coordinates":[121.51312,25.0667]},"properties":{"supply_id":"taipei-onstreet-105509502","city":"taipei","district":"大同區","display_name":"昌吉街95巷 車格 105509502","address":"昌吉街95巷","facility_kind":"onstreet","symbol_text":null,"type_reference":"路邊停車格","type_confidence":0.6,"price_raw":null,"price_value":null,"capacity_total":1,"available_total":1,"occupied_total":0,"status_label":"空位","data_time":"2026-05-02 15:53:29+08:00","city_label":"臺北市","facility_kind_label":"路邊車格","available_rate":1,"occupancy_rate":0,"price_tier":"unknown","price_tier_label":"價格未知"}},{"type":"Feature","geometry":{"type":"Point","coordinates":[121.51911,25.07747]},"properties":{"supply_id":"taipei-onstreet-613600017","city":"taipei","district":"大同區","display_name":"承德橋下停車場(堤外) 車格 613600017","address":"承德橋下停車場(堤外)","facility_kind":"onstreet","symbol_text":null,"type_reference":"路邊停車格","type_confidence":0.6,"price_raw":null,"price_value":null,"capacity_total":1,"available_total":null,"occupied_total":null,"status_label":"狀態未知","data_time":"2026-05-02 15:53:29+08:00","city_label":"臺北市","facility_kind_label":"路邊車格","available_rate":null,"occupancy_rate":null,"price_tier":"unknown","price_tier_label":"價格未知"}},{"type":"Feature","geometry":{"type":"Point","coordinates":[121.5186,25.07786]},"properties":{"supply_id":"taipei-onstreet-6136000128","city":"taipei","district":"大同區","display_name":"承德橋下停車場(堤外) 車格 6136000128","address":"承德橋下停車場(堤外)","facility_kind":"onstreet","symbol_text":null,"type_reference":"路邊停車格","type_confidence":0.6,"price_raw":null,"price_value":null,"capacity_total":1,"available_total":null,"occupied_total":null,"status_label":"狀態未知","data_time":"2026-05-02 15:53:29+08:00","city_label":"臺北市","facility_kind_label":"路邊車格","available_rate":null,"occupancy_rate":null,"price_tier":"unknown","price_tier_label":"價格未知"}},{"type":"Feature","geometry":{"type":"Point","coordinates":[121.51693,25.06156]},"properties":{"supply_id":"taipei-onstreet-103814422","city":"taipei","district":"大同區","display_name":"民權西路144巷19弄 車格 103814422","address":"民權西路144巷19弄","facility_kind":"onstreet","symbol_text":null,"type_reference":"路邊停車格","type_confidence":0.6,"price_raw":null,"price_value":null,"capacity_total":1,"available_total":1,"occupied_total":0,"status_label":"空位","data_time":"2026-05-02 15:53:29+08:00","city_label":"臺北市","facility_kind_label":"路邊車格","available_rate":1,"occupancy_rate":0,"price_tier":"unknown","price_tier_label":"價格未知"}},{"type":"Feature","geometry":{"type":"Point","coordinates":[121.51271,25.05995]},"properties":{"supply_id":"taipei-onstreet-10310009","city":"taipei","district":"大同區","display_name":"甘州街 車格 10310009","address":"甘州街","facility_kind":"onstreet","symbol_text":null,"type_reference":"路邊停車格","type_confidence":0.6,"price_raw":null,"price_value":null,"capacity_total":1,"available_total":null,"occupied_total":null,"status_label":"狀態未知","data_time":"2026-05-02 15:53:29+08:00","city_label":"臺北市","facility_kind_label":"路邊車格","available_rate":null,"occupancy_rate":null,"price_tier":"unknown","price_tier_label":"價格未知"}},{"type":"Feature","geometry":{"type":"Point","coordinates":[121.5188,25.07753]},"properties":{"supply_id":"taipei-onstreet-61360007","city":"taipei","district":"大同區","display_name":"承德橋下停車場(堤外) 車格 61360007","address":"承德橋下停車場(堤外)","facility_kind":"onstreet","symbol_text":null,"type_reference":"路邊停車格","type_confidence":0.6,"price_raw":null,"price_value":null,"capacity_total":1,"available_total":null,"occupied_total":null,"status_label":"狀態未知","data_time":"2026-05-02 15:53:29+08:00","city_label":"臺北市","facility_kind_label":"路邊車格","available_rate":null,"occupancy_rate":null,"price_tier":"unknown","price_tier_label":"價格未知"}},{"type":"Feature","geometry":{"type":"Point","coordinates":[121.51683,25.06156]},"properties":{"supply_id":"taipei-onstreet-103814424","city":"taipei","district":"大同區","display_name":"民權西路144巷19弄 車格 103814424","address":"民權西路144巷19弄","facility_kind":"onstreet","symbol_text":null,"type_reference":"路邊停車格","type_confidence":0.6,"price_raw":null,"price_value":null,"capacity_total":1,"available_total":1,"occupied_total":0,"status_label":"空位","data_time":"2026-05-02 15:53:29+08:00","city_label":"臺北市","facility_kind_label":"路邊車格","available_rate":1,"occupancy_rate":0,"price_tier":"unknown","price_tier_label":"價格未知"}},{"type":"Feature","geometry":{"type":"Point","coordinates":[121.50999,25.07224]},"properties":{"supply_id":"taipei-onstreet-10680A026","city":"taipei","district":"大同區","display_name":"酒泉街 車格 10680A026","address":"酒泉街","facility_kind":"onstreet","symbol_text":null,"type_reference":"路邊停車格","type_confidence":0.6,"price_raw":null,"price_value":null,"capacity_total":1,"available_total":1,"occupied_total":0,"status_label":"空位","data_time":"2026-05-02 15:53:29+08:00","city_label":"臺北市","facility_kind_label":"路邊車格","available_rate":1,"occupancy_rate":0,"price_tier":"unknown","price_tier_label":"價格未知"}},{"type":"Feature","geometry":{"type":"Point","coordinates":[121.51889,25.07783]},"properties":{"supply_id":"taipei-onstreet-6136000122","city":"taipei","district":"大同區","display_name":"承德橋下停車場(堤外) 車格 6136000122","address":"承德橋下停車場(堤外)","facility_kind":"onstreet","symbol_text":null,"type_reference":"路邊停車格","type_confidence":0.6,"price_raw":null,"price_value":null,"capacity_total":1,"available_total":null,"occupied_total":null,"status_label":"狀態未知","data_time":"2026-05-02 15:53:29+08:00","city_label":"臺北市","facility_kind_label":"路邊車格","available_rate":null,"occupancy_rate":null,"price_tier":"unknown","price_tier_label":"價格未知"}},{"type":"Feature","geometry":{"type":"Point","coordinates":[121.50631,25.05212]},"properties":{"supply_id":"taipei-onstreet-6075000112","city":"taipei","district":"大同區","display_name":"環河北路（3號水門堤外）小型車 車格 6075000112","address":"環河北路（3號水門堤外）小型車","facility_kind":"onstreet","symbol_text":null,"type_reference":"路邊停車格","type_confidence":0.6,"price_raw":null,"price_value":null,"capacity_total":1,"available_total":null,"occupied_total":null,"status_label":"狀態未知","data_time":"2026-05-02 15:53:29+08:00","city_label":"臺北市","facility_kind_label":"路邊車格","available_rate":null,"occupancy_rate":null,"price_tier":"unknown","price_tier_label":"價格未知"}},{"type":"Feature","geometry":{"type":"Point","coordinates":[121.51773,25.06943]},"properties":{"supply_id":"taipei-onstreet-10451904","city":"taipei","district":"大同區","display_name":"承德路3段190巷 車格 10451904","address":"承德路3段190巷","facility_kind":"onstreet","symbol_text":null,"type_reference":"路邊停車格","type_confidence":0.6,"price_raw":null,"price_value":null,"capacity_total":1,"available_total":null,"occupied_total":null,"status_label":"狀態未知","data_time":"2026-05-02 15:53:29+08:00","city_label":"臺北市","facility_kind_label":"路邊車格","available_rate":null,"occupancy_rate":null,"price_tier":"unknown","price_tier_label":"價格未知"}},{"type":"Feature","geometry":{"type":"Point","coordinates":[121.51645,25.07682]},"properties":{"supply_id":"taipei-onstreet-107002110","city":"taipei","district":"大同區","display_name":"敦煌路21巷 車格 107002110","address":"敦煌路21巷","facility_kind":"onstreet","symbol_text":null,"type_reference":"路邊停車格","type_confidence":0.6,"price_raw":null,"price_value":null,"capacity_total":1,"available_total":null,"occupied_total":null,"status_label":"狀態未知","data_time":"2026-05-02 15:53:29+08:00","city_label":"臺北市","facility_kind_label":"路邊車格","available_rate":null,"occupancy_rate":null,"price_tier":"unknown","price_tier_label":"價格未知"}},{"type":"Feature","geometry":{"type":"Point","coordinates":[121.509,25.07462]},"properties":{"supply_id":"taipei-onstreet-106500040","city":"taipei","district":"大同區","display_name":"環河北路2段 車格 106500040","address":"環河北路2段","facility_kind":"onstreet","symbol_text":null,"type_reference":"路邊停車格","type_confidence":0.6,"price_raw":null,"price_value":null,"capacity_total":1,"available_total":null,"occupied_total":null,"status_label":"狀態未知","data_time":"2026-05-02 15:53:29+08:00","city_label":"臺北市","facility_kind_label":"路邊車格","available_rate":null,"occupancy_rate":null,"price_tier":"unknown","price_tier_label":"價格未知"}},{"type":"Feature","geometry":{"type":"Point","coordinates":[121.51595,25.06996]},"properties":{"supply_id":"taipei-onstreet-106600014","city":"taipei","district":"大同區","display_name":"大龍街 車格 106600014","address":"大龍街","facility_kind":"onstreet","symbol_text":null,"type_reference":"路邊停車格","type_confidence":0.6,"price_raw":null,"price_value":null,"capacity_total":1,"available_total":1,"occupied_total":0,"status_label":"空位","data_time":"2026-05-02 15:53:29+08:00","city_label":"臺北市","facility_kind_label":"路邊車格","available_rate":1,"occupancy_rate":0,"price_tier":"unknown","price_tier_label":"價格未知"}},{"type":"Feature","geometry":{"type":"Point","coordinates":[121.51918,25.0775]},"properties":{"supply_id":"taipei-onstreet-613600036","city":"taipei","district":"大同區","display_name":"承德橋下停車場(堤外) 車格 613600036","address":"承德橋下停車場(堤外)","facility_kind":"onstreet","symbol_text":null,"type_reference":"路邊停車格","type_confidence":0.6,"price_raw":null,"price_value":null,"capacity_total":1,"available_total":null,"occupied_total":null,"status_label":"狀態未知","data_time":"2026-05-02 15:53:29+08:00","city_label":"臺北市","facility_kind_label":"路邊車格","available_rate":null,"occupancy_rate":null,"price_tier":"unknown","price_tier_label":"價格未知"}},{"type":"Feature","geometry":{"type":"Point","coordinates":[121.51897,25.07764]},"properties":{"supply_id":"taipei-onstreet-613600078","city":"taipei","district":"大同區","display_name":"承德橋下停車場(堤外) 車格 613600078","address":"承德橋下停車場(堤外)","facility_kind":"onstreet","symbol_text":null,"type_reference":"路邊停車格","type_confidence":0.6,"price_raw":null,"price_value":null,"capacity_total":1,"available_total":null,"occupied_total":null,"status_label":"狀態未知","data_time":"2026-05-02 15:53:29+08:00","city_label":"臺北市","facility_kind_label":"路邊車格","available_rate":null,"occupancy_rate":null,"price_tier":"unknown","price_tier_label":"價格未知"}},{"type":"Feature","geometry":{"type":"Point","coordinates":[121.51235,25.07216]},"properties":{"supply_id":"taipei-onstreet-10680A07","city":"taipei","district":"大同區","display_name":"酒泉街 車格 10680A07","address":"酒泉街","facility_kind":"onstreet","symbol_text":null,"type_reference":"路邊停車格","type_confidence":0.6,"price_raw":null,"price_value":null,"capacity_total":1,"available_total":null,"occupied_total":null,"status_label":"狀態未知","data_time":"2026-05-02 15:53:29+08:00","city_label":"臺北市","facility_kind_label":"路邊車格","available_rate":null,"occupancy_rate":null,"price_tier":"unknown","price_tier_label":"價格未知"}},{"type":"Feature","geometry":{"type":"Point","coordinates":[121.51933,25.06697]},"properties":{"supply_id":"taipei-onstreet-104203215","city":"taipei","district":"大同區","display_name":"民族西路32巷 車格 104203215","address":"民族西路32巷","facility_kind":"onstreet","symbol_text":null,"type_reference":"路邊停車格","type_confidence":0.6,"price_raw":null,"price_value":null,"capacity_total":1,"available_total":1,"occupied_total":0,"status_label":"空位","data_time":"2026-05-02 15:53:29+08:00","city_label":"臺北市","facility_kind_label":"路邊車格","available_rate":1,"occupancy_rate":0,"price_tier":"unknown","price_tier_label":"價格未知"}},{"type":"Feature","geometry":{"type":"Point","coordinates":[121.51568,25.05763]},"properties":{"supply_id":"taipei-onstreet-10270003","city":"taipei","district":"大同區","display_name":"萬全街 車格 10270003","address":"萬全街","facility_kind":"onstreet","symbol_text":null,"type_reference":"路邊停車格","type_confidence":0.6,"price_raw":null,"price_value":null,"capacity_total":1,"available_total":null,"occupied_total":null,"status_label":"狀態未知","data_time":"2026-05-02 15:53:29+08:00","city_label":"臺北市","facility_kind_label":"路邊車格","available_rate":null,"occupancy_rate":null,"price_tier":"unknown","price_tier_label":"價格未知"}},{"type":"Feature","geometry":{"type":"Point","coordinates":[121.5187,25.07566]},"properties":{"supply_id":"taipei-onstreet-10700A028","city":"taipei","district":"大同區","display_name":"敦煌路A 車格 10700A028","address":"敦煌路A","facility_kind":"onstreet","symbol_text":null,"type_reference":"路邊停車格","type_confidence":0.6,"price_raw":null,"price_value":null,"capacity_total":1,"available_total":null,"occupied_total":null,"status_label":"狀態未知","data_time":"2026-05-02 15:53:29+08:00","city_label":"臺北市","facility_kind_label":"路邊車格","available_rate":null,"occupancy_rate":null,"price_tier":"unknown","price_tier_label":"價格未知"}},{"type":"Feature","geometry":{"type":"Point","coordinates":[121.5122,25.06889]},"properties":{"supply_id":"taipei-onstreet-104222510","city":"taipei","district":"大同區","display_name":"民族西路225巷 車格 104222510","address":"民族西路225巷","facility_kind":"onstreet","symbol_text":null,"type_reference":"路邊停車格","type_confidence":0.6,"price_raw":null,"price_value":null,"capacity_total":1,"available_total":1,"occupied_total":0,"status_label":"空位","data_time":"2026-05-02 15:53:29+08:00","city_label":"臺北市","facility_kind_label":"路邊車格","available_rate":1,"occupancy_rate":0,"price_tier":"unknown","price_tier_label":"價格未知"}},{"type":"Feature","geometry":{"type":"Point","coordinates":[121.51688,25.06156]},"properties":{"supply_id":"taipei-onstreet-103814423","city":"taipei","district":"大同區","display_name":"民權西路144巷19弄 車格 103814423","address":"民權西路144巷19弄","facility_kind":"onstreet","symbol_text":null,"type_reference":"路邊停車格","type_confidence":0.6,"price_raw":null,"price_value":null,"capacity_total":1,"available_total":1,"occupied_total":0,"status_label":"空位","data_time":"2026-05-02 15:53:29+08:00","city_label":"臺北市","facility_kind_label":"路邊車格","available_rate":1,"occupancy_rate":0,"price_tier":"unknown","price_tier_label":"價格未知"}},{"type":"Feature","geometry":{"type":"Point","coordinates":[121.51623,25.05528]},"properties":{"supply_id":"taipei-onstreet-101600029","city":"taipei","district":"大同區","display_name":"平陽街 車格 101600029","address":"平陽街","facility_kind":"onstreet","symbol_text":null,"type_reference":"路邊停車格","type_confidence":0.6,"price_raw":null,"price_value":null,"capacity_total":1,"available_total":1,"occupied_total":0,"status_label":"空位","data_time":"2026-05-02 15:53:29+08:00","city_label":"臺北市","facility_kind_label":"路邊車格","available_rate":1,"occupancy_rate":0,"price_tier":"unknown","price_tier_label":"價格未知"}},{"type":"Feature","geometry":{"type":"Point","coordinates":[121.51592,25.06024]},"properties":{"supply_id":"taipei-onstreet-102905332","city":"taipei","district":"大同區","display_name":"錦西街53巷 車格 102905332","address":"錦西街53巷","facility_kind":"onstreet","symbol_text":null,"type_reference":"路邊停車格","type_confidence":0.6,"price_raw":null,"price_value":null,"capacity_total":1,"available_total":1,"occupied_total":0,"status_label":"空位","data_time":"2026-05-02 15:53:29+08:00","city_label":"臺北市","facility_kind_label":"路邊車格","available_rate":1,"occupancy_rate":0,"price_tier":"unknown","price_tier_label":"價格未知"}},{"type":"Feature","geometry":{"type":"Point","coordinates":[121.50911,25.07351]},"properties":{"supply_id":"taipei-onstreet-106500017","city":"taipei","district":"大同區","display_name":"環河北路2段 車格 106500017","address":"環河北路2段","facility_kind":"onstreet","symbol_text":null,"type_reference":"路邊停車格","type_confidence":0.6,"price_raw":null,"price_value":null,"capacity_total":1,"available_total":null,"occupied_total":null,"status_label":"狀態未知","data_time":"2026-05-02 15:53:29+08:00","city_label":"臺北市","facility_kind_label":"路邊車格","available_rate":null,"occupancy_rate":null,"price_tier":"unknown","price_tier_label":"價格未知"}},{"type":"Feature","geometry":{"type":"Point","coordinates":[121.51902,25.07762]},"properties":{"supply_id":"taipei-onstreet-613600080","city":"taipei","district":"大同區","display_name":"承德橋下停車場(堤外) 車格 613600080","address":"承德橋下停車場(堤外)","facility_kind":"onstreet","symbol_text":null,"type_reference":"路邊停車格","type_confidence":0.6,"price_raw":null,"price_value":null,"capacity_total":1,"available_total":null,"occupied_total":null,"status_label":"狀態未知","data_time":"2026-05-02 15:53:29+08:00","city_label":"臺北市","facility_kind_label":"路邊車格","available_rate":null,"occupancy_rate":null,"price_tier":"unknown","price_tier_label":"價格未知"}},{"type":"Feature","geometry":{"type":"Point","coordinates":[121.51223,25.0765]},"properties":{"supply_id":"taipei-onstreet-107000015","city":"taipei","district":"大同區","display_name":"敦煌路 車格 107000015","address":"敦煌路","facility_kind":"onstreet","symbol_text":null,"type_reference":"路邊停車格","type_confidence":0.6,"price_raw":null,"price_value":null,"capacity_total":1,"available_total":null,"occupied_total":null,"status_label":"狀態未知","data_time":"2026-05-02 15:53:29+08:00","city_label":"臺北市","facility_kind_label":"路邊車格","available_rate":null,"occupancy_rate":null,"price_tier":"unknown","price_tier_label":"價格未知"}},{"type":"Feature","geometry":{"type":"Point","coordinates":[121.5118,25.06875]},"properties":{"supply_id":"taipei-onstreet-104200047","city":"taipei","district":"大同區","display_name":"民族西路 車格 104200047","address":"民族西路","facility_kind":"onstreet","symbol_text":null,"type_reference":"路邊停車格","type_confidence":0.6,"price_raw":null,"price_value":null,"capacity_total":1,"available_total":1,"occupied_total":0,"status_label":"空位","data_time":"2026-05-02 15:53:29+08:00","city_label":"臺北市","facility_kind_label":"路邊車格","available_rate":1,"occupancy_rate":0,"price_tier":"unknown","price_tier_label":"價格未知"}},{"type":"Feature","geometry":{"type":"Point","coordinates":[121.50637,25.05221]},"properties":{"supply_id":"taipei-onstreet-607500049","city":"taipei","district":"大同區","display_name":"環河北路（3號水門堤外）小型車 車格 607500049","address":"環河北路（3號水門堤外）小型車","facility_kind":"onstreet","symbol_text":null,"type_reference":"路邊停車格","type_confidence":0.6,"price_raw":null,"price_value":null,"capacity_total":1,"available_total":null,"occupied_total":null,"status_label":"狀態未知","data_time":"2026-05-02 15:53:29+08:00","city_label":"臺北市","facility_kind_label":"路邊車格","available_rate":null,"occupancy_rate":null,"price_tier":"unknown","price_tier_label":"價格未知"}},{"type":"Feature","geometry":{"type":"Point","coordinates":[121.51091,25.05598]},"properties":{"supply_id":"taipei-onstreet-10320B011","city":"taipei","district":"大同區","display_name":"民樂街 車格 10320B011","address":"民樂街","facility_kind":"onstreet","symbol_text":null,"type_reference":"路邊停車格","type_confidence":0.6,"price_raw":null,"price_value":null,"capacity_total":1,"available_total":1,"occupied_total":0,"status_label":"空位","data_time":"2026-05-02 15:53:29+08:00","city_label":"臺北市","facility_kind_label":"路邊車格","available_rate":1,"occupancy_rate":0,"price_tier":"unknown","price_tier_label":"價格未知"}},{"type":"Feature","geometry":{"type":"Point","coordinates":[121.5101,25.0532]},"properties":{"supply_id":"taipei-onstreet-10130B019","city":"taipei","district":"大同區","display_name":"南京西路B 車格 10130B019","address":"南京西路B","facility_kind":"onstreet","symbol_text":null,"type_reference":"路邊停車格","type_confidence":0.6,"price_raw":null,"price_value":null,"capacity_total":1,"available_total":1,"occupied_total":0,"status_label":"空位","data_time":"2026-05-02 15:53:29+08:00","city_label":"臺北市","facility_kind_label":"路邊車格","available_rate":1,"occupancy_rate":0,"price_tier":"unknown","price_tier_label":"價格未知"}},{"type":"Feature","geometry":{"type":"Point","coordinates":[121.51606,25.07677]},"properties":{"supply_id":"taipei-onstreet-107002115","city":"taipei","district":"大同區","display_name":"敦煌路21巷 車格 107002115","address":"敦煌路21巷","facility_kind":"onstreet","symbol_text":null,"type_reference":"路邊停車格","type_confidence":0.6,"price_raw":null,"price_value":null,"capacity_total":1,"available_total":null,"occupied_total":null,"status_label":"狀態未知","data_time":"2026-05-02 15:53:29+08:00","city_label":"臺北市","facility_kind_label":"路邊車格","available_rate":null,"occupancy_rate":null,"price_tier":"unknown","price_tier_label":"價格未知"}},{"type":"Feature","geometry":{"type":"Point","coordinates":[121.50978,25.07732]},"properties":{"supply_id":"taipei-onstreet-105829441","city":"taipei","district":"大同區","display_name":"延平北路4段294巷 車格 105829441","address":"延平北路4段294巷","facility_kind":"onstreet","symbol_text":null,"type_reference":"路邊停車格","type_confidence":0.6,"price_raw":null,"price_value":null,"capacity_total":1,"available_total":null,"occupied_total":null,"status_label":"狀態未知","data_time":"2026-05-02 15:53:29+08:00","city_label":"臺北市","facility_kind_label":"路邊車格","available_rate":null,"occupancy_rate":null,"price_tier":"unknown","price_tier_label":"價格未知"}},{"type":"Feature","geometry":{"type":"Point","coordinates":[121.51325,25.05263]},"properties":{"supply_id":"taipei-onstreet-52140009","city":"taipei","district":"大同區","display_name":"華亭街 車格 52140009","address":"華亭街","facility_kind":"onstreet","symbol_text":null,"type_reference":"路邊停車格","type_confidence":0.6,"price_raw":null,"price_value":null,"capacity_total":1,"available_total":null,"occupied_total":null,"status_label":"狀態未知","data_time":"2026-05-02 15:53:29+08:00","city_label":"臺北市","facility_kind_label":"路邊車格","available_rate":null,"occupancy_rate":null,"price_tier":"unknown","price_tier_label":"價格未知"}},{"type":"Feature","geometry":{"type":"Point","coordinates":[121.50904,25.07422]},"properties":{"supply_id":"taipei-onstreet-106500031","city":"taipei","district":"大同區","display_name":"環河北路2段 車格 106500031","address":"環河北路2段","facility_kind":"onstreet","symbol_text":null,"type_reference":"路邊停車格","type_confidence":0.6,"price_raw":null,"price_value":null,"capacity_total":1,"available_total":null,"occupied_total":null,"status_label":"狀態未知","data_time":"2026-05-02 15:53:29+08:00","city_label":"臺北市","facility_kind_label":"路邊車格","available_rate":null,"occupancy_rate":null,"price_tier":"unknown","price_tier_label":"價格未知"}},{"type":"Feature","geometry":{"type":"Point","coordinates":[121.51206,25.07761]},"properties":{"supply_id":"taipei-onstreet-10580A06","city":"taipei","district":"大同區","display_name":"延平北路4至5段1巷 車格 10580A06","address":"延平北路4至5段1巷","facility_kind":"onstreet","symbol_text":null,"type_reference":"路邊停車格","type_confidence":0.6,"price_raw":null,"price_value":null,"capacity_total":1,"available_total":null,"occupied_total":null,"status_label":"狀態未知","data_time":"2026-05-02 15:53:29+08:00","city_label":"臺北市","facility_kind_label":"路邊車格","available_rate":null,"occupancy_rate":null,"price_tier":"unknown","price_tier_label":"價格未知"}},{"type":"Feature","geometry":{"type":"Point","coordinates":[121.5089,25.05611]},"properties":{"supply_id":"taipei-onstreet-1023Y0058","city":"taipei","district":"大同區","display_name":"西寧北路 車格 1023Y0058","address":"西寧北路","facility_kind":"onstreet","symbol_text":null,"type_reference":"路邊停車格","type_confidence":0.6,"price_raw":null,"price_value":null,"capacity_total":1,"available_total":1,"occupied_total":0,"status_label":"空位","data_time":"2026-05-02 15:53:29+08:00","city_label":"臺北市","facility_kind_label":"路邊車格","available_rate":1,"occupancy_rate":0,"price_tier":"unknown","price_tier_label":"價格未知"}},{"type":"Feature","geometry":{"type":"Point","coordinates":[121.51657,25.0555]},"properties":{"supply_id":"taipei-onstreet-10150007","city":"taipei","district":"大同區","display_name":"太原路 車格 10150007","address":"太原路","facility_kind":"onstreet","symbol_text":null,"type_reference":"路邊停車格","type_confidence":0.6,"price_raw":null,"price_value":null,"capacity_total":1,"available_total":null,"occupied_total":null,"status_label":"狀態未知","data_time":"2026-05-02 15:53:29+08:00","city_label":"臺北市","facility_kind_label":"路邊車格","available_rate":null,"occupancy_rate":null,"price_tier":"unknown","price_tier_label":"價格未知"}},{"type":"Feature","geometry":{"type":"Point","coordinates":[121.51496,25.07539]},"properties":{"supply_id":"taipei-onstreet-106959A4","city":"taipei","district":"大同區","display_name":"哈密街59巷56弄 車格 106959A4","address":"哈密街59巷56弄","facility_kind":"onstreet","symbol_text":null,"type_reference":"路邊停車格","type_confidence":0.6,"price_raw":null,"price_value":null,"capacity_total":1,"available_total":null,"occupied_total":null,"status_label":"狀態未知","data_time":"2026-05-02 15:53:29+08:00","city_label":"臺北市","facility_kind_label":"路邊車格","available_rate":null,"occupancy_rate":null,"price_tier":"unknown","price_tier_label":"價格未知"}},{"type":"Feature","geometry":{"type":"Point","coordinates":[121.51133,25.07876]},"properties":{"supply_id":"taipei-onstreet-10580A037","city":"taipei","district":"大同區","display_name":"延平北路4至5段1巷 車格 10580A037","address":"延平北路4至5段1巷","facility_kind":"onstreet","symbol_text":null,"type_reference":"路邊停車格","type_confidence":0.6,"price_raw":null,"price_value":null,"capacity_total":1,"available_total":null,"occupied_total":null,"status_label":"狀態未知","data_time":"2026-05-02 15:53:29+08:00","city_label":"臺北市","facility_kind_label":"路邊車格","available_rate":null,"occupancy_rate":null,"price_tier":"unknown","price_tier_label":"價格未知"}},{"type":"Feature","geometry":{"type":"Point","coordinates":[121.5068,25.05208]},"properties":{"supply_id":"taipei-onstreet-607500067","city":"taipei","district":"大同區","display_name":"環河北路（3號水門堤外）小型車 車格 607500067","address":"環河北路（3號水門堤外）小型車","facility_kind":"onstreet","symbol_text":null,"type_reference":"路邊停車格","type_confidence":0.6,"price_raw":null,"price_value":null,"capacity_total":1,"available_total":null,"occupied_total":null,"status_label":"狀態未知","data_time":"2026-05-02 15:53:29+08:00","city_label":"臺北市","facility_kind_label":"路邊車格","available_rate":null,"occupancy_rate":null,"price_tier":"unknown","price_tier_label":"價格未知"}},{"type":"Feature","geometry":{"type":"Point","coordinates":[121.51182,25.07722]},"properties":{"supply_id":"taipei-onstreet-10582943","city":"taipei","district":"大同區","display_name":"延平北路4段294巷 車格 10582943","address":"延平北路4段294巷","facility_kind":"onstreet","symbol_text":null,"type_reference":"路邊停車格","type_confidence":0.6,"price_raw":null,"price_value":null,"capacity_total":1,"available_total":null,"occupied_total":null,"status_label":"狀態未知","data_time":"2026-05-02 15:53:29+08:00","city_label":"臺北市","facility_kind_label":"路邊車格","available_rate":null,"occupancy_rate":null,"price_tier":"unknown","price_tier_label":"價格未知"}},{"type":"Feature","geometry":{"type":"Point","coordinates":[121.51222,25.06978]},"properties":{"supply_id":"taipei-onstreet-10422255","city":"taipei","district":"大同區","display_name":"民族西路225巷 車格 10422255","address":"民族西路225巷","facility_kind":"onstreet","symbol_text":null,"type_reference":"路邊停車格","type_confidence":0.6,"price_raw":null,"price_value":null,"capacity_total":1,"available_total":null,"occupied_total":null,"status_label":"狀態未知","data_time":"2026-05-02 15:53:29+08:00","city_label":"臺北市","facility_kind_label":"路邊車格","available_rate":null,"occupancy_rate":null,"price_tier":"unknown","price_tier_label":"價格未知"}},{"type":"Feature","geometry":{"type":"Point","coordinates":[121.51244,25.07133]},"properties":{"supply_id":"taipei-onstreet-10512526","city":"taipei","district":"大同區","display_name":"重慶北路3段252巷 車格 10512526","address":"重慶北路3段252巷","facility_kind":"onstreet","symbol_text":null,"type_reference":"路邊停車格","type_confidence":0.6,"price_raw":null,"price_value":null,"capacity_total":1,"available_total":null,"occupied_total":null,"status_label":"狀態未知","data_time":"2026-05-02 15:53:29+08:00","city_label":"臺北市","facility_kind_label":"路邊車格","available_rate":null,"occupancy_rate":null,"price_tier":"unknown","price_tier_label":"價格未知"}},{"type":"Feature","geometry":{"type":"Point","coordinates":[121.50863,25.05245]},"properties":{"supply_id":"taipei-onstreet-1023Y0030","city":"taipei","district":"大同區","display_name":"西寧北路 車格 1023Y0030","address":"西寧北路","facility_kind":"onstreet","symbol_text":null,"type_reference":"路邊停車格","type_confidence":0.6,"price_raw":null,"price_value":null,"capacity_total":1,"available_total":1,"occupied_total":0,"status_label":"空位","data_time":"2026-05-02 15:53:29+08:00","city_label":"臺北市","facility_kind_label":"路邊車格","available_rate":1,"occupancy_rate":0,"price_tier":"unknown","price_tier_label":"價格未知"}},{"type":"Feature","geometry":{"type":"Point","coordinates":[121.5092,25.07244]},"properties":{"supply_id":"taipei-onstreet-106500001","city":"taipei","district":"大同區","display_name":"環河北路2段 車格 106500001","address":"環河北路2段","facility_kind":"onstreet","symbol_text":null,"type_reference":"路邊停車格","type_confidence":0.6,"price_raw":null,"price_value":null,"capacity_total":1,"available_total":null,"occupied_total":null,"status_label":"狀態未知","data_time":"2026-05-02 15:53:29+08:00","city_label":"臺北市","facility_kind_label":"路邊車格","available_rate":null,"occupancy_rate":null,"price_tier":"unknown","price_tier_label":"價格未知"}},{"type":"Feature","geometry":{"type":"Point","coordinates":[121.51212,25.05813]},"properties":{"supply_id":"taipei-onstreet-103600023","city":"taipei","district":"大同區","display_name":"歸綏街 車格 103600023","address":"歸綏街","facility_kind":"onstreet","symbol_text":null,"type_reference":"路邊停車格","type_confidence":0.6,"price_raw":null,"price_value":null,"capacity_total":1,"available_total":1,"occupied_total":0,"status_label":"空位","data_time":"2026-05-02 15:53:29+08:00","city_label":"臺北市","facility_kind_label":"路邊車格","available_rate":1,"occupancy_rate":0,"price_tier":"unknown","price_tier_label":"價格未知"}},{"type":"Feature","geometry":{"type":"Point","coordinates":[121.51097,25.05402]},"properties":{"supply_id":"taipei-onstreet-10320B047","city":"taipei","district":"大同區","display_name":"民樂街 車格 10320B047","address":"民樂街","facility_kind":"onstreet","symbol_text":null,"type_reference":"路邊停車格","type_confidence":0.6,"price_raw":null,"price_value":null,"capacity_total":1,"available_total":null,"occupied_total":null,"status_label":"狀態未知","data_time":"2026-05-02 15:53:29+08:00","city_label":"臺北市","facility_kind_label":"路邊車格","available_rate":null,"occupancy_rate":null,"price_tier":"unknown","price_tier_label":"價格未知"}},{"type":"Feature","geometry":{"type":"Point","coordinates":[121.51482,25.07541]},"properties":{"supply_id":"taipei-onstreet-106959A6","city":"taipei","district":"大同區","display_name":"哈密街59巷56弄 車格 106959A6","address":"哈密街59巷56弄","facility_kind":"onstreet","symbol_text":null,"type_reference":"路邊停車格","type_confidence":0.6,"price_raw":null,"price_value":null,"capacity_total":1,"available_total":null,"occupied_total":null,"status_label":"狀態未知","data_time":"2026-05-02 15:53:29+08:00","city_label":"臺北市","facility_kind_label":"路邊車格","available_rate":null,"occupancy_rate":null,"price_tier":"unknown","price_tier_label":"價格未知"}},{"type":"Feature","geometry":{"type":"Point","coordinates":[121.51147,25.07847]},"properties":{"supply_id":"taipei-onstreet-10580A044","city":"taipei","district":"大同區","display_name":"延平北路4至5段1巷 車格 10580A044","address":"延平北路4至5段1巷","facility_kind":"onstreet","symbol_text":null,"type_reference":"路邊停車格","type_confidence":0.6,"price_raw":null,"price_value":null,"capacity_total":1,"available_total":null,"occupied_total":null,"status_label":"狀態未知","data_time":"2026-05-02 15:53:29+08:00","city_label":"臺北市","facility_kind_label":"路邊車格","available_rate":null,"occupancy_rate":null,"price_tier":"unknown","price_tier_label":"價格未知"}},{"type":"Feature","geometry":{"type":"Point","coordinates":[121.50965,25.05336]},"properties":{"supply_id":"taipei-onstreet-10130B0263","city":"taipei","district":"大同區","display_name":"南京西路B 車格 10130B0263","address":"南京西路B","facility_kind":"onstreet","symbol_text":null,"type_reference":"路邊停車格","type_confidence":0.6,"price_raw":null,"price_value":null,"capacity_total":1,"available_total":null,"occupied_total":null,"status_label":"狀態未知","data_time":"2026-05-02 15:53:29+08:00","city_label":"臺北市","facility_kind_label":"路邊車格","available_rate":null,"occupancy_rate":null,"price_tier":"unknown","price_tier_label":"價格未知"}},{"type":"Feature","geometry":{"type":"Point","coordinates":[121.51221,25.0691]},"properties":{"supply_id":"taipei-onstreet-104222507","city":"taipei","district":"大同區","display_name":"民族西路225巷 車格 104222507","address":"民族西路225巷","facility_kind":"onstreet","symbol_text":null,"type_reference":"路邊停車格","type_confidence":0.6,"price_raw":null,"price_value":null,"capacity_total":1,"available_total":1,"occupied_total":0,"status_label":"空位","data_time":"2026-05-02 15:53:29+08:00","city_label":"臺北市","facility_kind_label":"路邊車格","available_rate":1,"occupancy_rate":0,"price_tier":"unknown","price_tier_label":"價格未知"}},{"type":"Feature","geometry":{"type":"Point","coordinates":[121.51554,25.05759]},"properties":{"supply_id":"taipei-onstreet-10270001","city":"taipei","district":"大同區","display_name":"萬全街 車格 10270001","address":"萬全街","facility_kind":"onstreet","symbol_text":null,"type_reference":"路邊停車格","type_confidence":0.6,"price_raw":null,"price_value":null,"capacity_total":1,"available_total":null,"occupied_total":null,"status_label":"狀態未知","data_time":"2026-05-02 15:53:29+08:00","city_label":"臺北市","facility_kind_label":"路邊車格","available_rate":null,"occupancy_rate":null,"price_tier":"unknown","price_tier_label":"價格未知"}},{"type":"Feature","geometry":{"type":"Point","coordinates":[121.51251,25.06874]},"properties":{"supply_id":"taipei-onstreet-104200038","city":"taipei","district":"大同區","display_name":"民族西路 車格 104200038","address":"民族西路","facility_kind":"onstreet","symbol_text":null,"type_reference":"路邊停車格","type_confidence":0.6,"price_raw":null,"price_value":null,"capacity_total":1,"available_total":1,"occupied_total":0,"status_label":"空位","data_time":"2026-05-02 15:53:29+08:00","city_label":"臺北市","facility_kind_label":"路邊車格","available_rate":1,"occupancy_rate":0,"price_tier":"unknown","price_tier_label":"價格未知"}},{"type":"Feature","geometry":{"type":"Point","coordinates":[121.51224,25.05227]},"properties":{"supply_id":"taipei-onstreet-101900013","city":"taipei","district":"大同區","display_name":"天水路 車格 101900013","address":"天水路","facility_kind":"onstreet","symbol_text":null,"type_reference":"路邊停車格","type_confidence":0.6,"price_raw":null,"price_value":null,"capacity_total":1,"available_total":1,"occupied_total":0,"status_label":"空位","data_time":"2026-05-02 15:53:29+08:00","city_label":"臺北市","facility_kind_label":"路邊車格","available_rate":1,"occupancy_rate":0,"price_tier":"unknown","price_tier_label":"價格未知"}},{"type":"Feature","geometry":{"type":"Point","coordinates":[121.50888,25.05583]},"properties":{"supply_id":"taipei-onstreet-1023Y0063","city":"taipei","district":"大同區","display_name":"西寧北路 車格 1023Y0063","address":"西寧北路","facility_kind":"onstreet","symbol_text":null,"type_reference":"路邊停車格","type_confidence":0.6,"price_raw":null,"price_value":null,"capacity_total":1,"available_total":1,"occupied_total":0,"status_label":"空位","data_time":"2026-05-02 15:53:29+08:00","city_label":"臺北市","facility_kind_label":"路邊車格","available_rate":1,"occupancy_rate":0,"price_tier":"unknown","price_tier_label":"價格未知"}},{"type":"Feature","geometry":{"type":"Point","coordinates":[121.51774,25.06984]},"properties":{"supply_id":"taipei-onstreet-104519011","city":"taipei","district":"大同區","display_name":"承德路3段190巷 車格 104519011","address":"承德路3段190巷","facility_kind":"onstreet","symbol_text":null,"type_reference":"路邊停車格","type_confidence":0.6,"price_raw":null,"price_value":null,"capacity_total":1,"available_total":1,"occupied_total":0,"status_label":"空位","data_time":"2026-05-02 15:53:29+08:00","city_label":"臺北市","facility_kind_label":"路邊車格","available_rate":1,"occupancy_rate":0,"price_tier":"unknown","price_tier_label":"價格未知"}},{"type":"Feature","geometry":{"type":"Point","coordinates":[121.50607,25.05199]},"properties":{"supply_id":"taipei-onstreet-6075000230","city":"taipei","district":"大同區","display_name":"環河北路（3號水門堤外）小型車 車格 6075000230","address":"環河北路（3號水門堤外）小型車","facility_kind":"onstreet","symbol_text":null,"type_reference":"路邊停車格","type_confidence":0.6,"price_raw":null,"price_value":null,"capacity_total":1,"available_total":null,"occupied_total":null,"status_label":"狀態未知","data_time":"2026-05-02 15:53:29+08:00","city_label":"臺北市","facility_kind_label":"路邊車格","available_rate":null,"occupancy_rate":null,"price_tier":"unknown","price_tier_label":"價格未知"}},{"type":"Feature","geometry":{"type":"Point","coordinates":[121.51004,25.07224]},"properties":{"supply_id":"taipei-onstreet-10680A025","city":"taipei","district":"大同區","display_name":"酒泉街 車格 10680A025","address":"酒泉街","facility_kind":"onstreet","symbol_text":null,"type_reference":"路邊停車格","type_confidence":0.6,"price_raw":null,"price_value":null,"capacity_total":1,"available_total":0,"occupied_total":1,"status_label":"已停","data_time":"2026-05-02 15:53:29+08:00","city_label":"臺北市","facility_kind_label":"路邊車格","available_rate":0,"occupancy_rate":1,"price_tier":"unknown","price_tier_label":"價格未知"}},{"type":"Feature","geometry":{"type":"Point","coordinates":[121.51342,25.07288]},"properties":{"supply_id":"taipei-onstreet-106900056","city":"taipei","district":"大同區","display_name":"哈密街 車格 106900056","address":"哈密街","facility_kind":"onstreet","symbol_text":null,"type_reference":"路邊停車格","type_confidence":0.6,"price_raw":null,"price_value":null,"capacity_total":1,"available_total":null,"occupied_total":null,"status_label":"狀態未知","data_time":"2026-05-02 15:53:29+08:00","city_label":"臺北市","facility_kind_label":"路邊車格","available_rate":null,"occupancy_rate":null,"price_tier":"unknown","price_tier_label":"價格未知"}},{"type":"Feature","geometry":{"type":"Point","coordinates":[121.50644,25.05219]},"properties":{"supply_id":"taipei-onstreet-607500052","city":"taipei","district":"大同區","display_name":"環河北路（3號水門堤外）小型車 車格 607500052","address":"環河北路（3號水門堤外）小型車","facility_kind":"onstreet","symbol_text":null,"type_reference":"路邊停車格","type_confidence":0.6,"price_raw":null,"price_value":null,"capacity_total":1,"available_total":null,"occupied_total":null,"status_label":"狀態未知","data_time":"2026-05-02 15:53:29+08:00","city_label":"臺北市","facility_kind_label":"路邊車格","available_rate":null,"occupancy_rate":null,"price_tier":"unknown","price_tier_label":"價格未知"}},{"type":"Feature","geometry":{"type":"Point","coordinates":[121.51756,25.07045]},"properties":{"supply_id":"taipei-onstreet-10452082","city":"taipei","district":"大同區","display_name":"承德路3段208巷 車格 10452082","address":"承德路3段208巷","facility_kind":"onstreet","symbol_text":null,"type_reference":"路邊停車格","type_confidence":0.6,"price_raw":null,"price_value":null,"capacity_total":1,"available_total":null,"occupied_total":null,"status_label":"狀態未知","data_time":"2026-05-02 15:53:29+08:00","city_label":"臺北市","facility_kind_label":"路邊車格","available_rate":null,"occupancy_rate":null,"price_tier":"unknown","price_tier_label":"價格未知"}},{"type":"Feature","geometry":{"type":"Point","coordinates":[121.51284,25.05849]},"properties":{"supply_id":"taipei-onstreet-103100016","city":"taipei","district":"大同區","display_name":"甘州街 車格 103100016","address":"甘州街","facility_kind":"onstreet","symbol_text":null,"type_reference":"路邊停車格","type_confidence":0.6,"price_raw":null,"price_value":null,"capacity_total":1,"available_total":1,"occupied_total":0,"status_label":"空位","data_time":"2026-05-02 15:53:29+08:00","city_label":"臺北市","facility_kind_label":"路邊車格","available_rate":1,"occupancy_rate":0,"price_tier":"unknown","price_tier_label":"價格未知"}},{"type":"Feature","geometry":{"type":"Point","coordinates":[121.51227,25.0765]},"properties":{"supply_id":"taipei-onstreet-107000017","city":"taipei","district":"大同區","display_name":"敦煌路 車格 107000017","address":"敦煌路","facility_kind":"onstreet","symbol_text":null,"type_reference":"路邊停車格","type_confidence":0.6,"price_raw":null,"price_value":null,"capacity_total":1,"available_total":null,"occupied_total":null,"status_label":"狀態未知","data_time":"2026-05-02 15:53:29+08:00","city_label":"臺北市","facility_kind_label":"路邊車格","available_rate":null,"occupancy_rate":null,"price_tier":"unknown","price_tier_label":"價格未知"}},{"type":"Feature","geometry":{"type":"Point","coordinates":[121.51897,25.07758]},"properties":{"supply_id":"taipei-onstreet-613600045","city":"taipei","district":"大同區","display_name":"承德橋下停車場(堤外) 車格 613600045","address":"承德橋下停車場(堤外)","facility_kind":"onstreet","symbol_text":null,"type_reference":"路邊停車格","type_confidence":0.6,"price_raw":null,"price_value":null,"capacity_total":1,"available_total":null,"occupied_total":null,"status_label":"狀態未知","data_time":"2026-05-02 15:53:29+08:00","city_label":"臺北市","facility_kind_label":"路邊車格","available_rate":null,"occupancy_rate":null,"price_tier":"unknown","price_tier_label":"價格未知"}},{"type":"Feature","geometry":{"type":"Point","coordinates":[121.51661,25.05566]},"properties":{"supply_id":"taipei-onstreet-10150004","city":"taipei","district":"大同區","display_name":"太原路 車格 10150004","address":"太原路","facility_kind":"onstreet","symbol_text":null,"type_reference":"路邊停車格","type_confidence":0.6,"price_raw":null,"price_value":null,"capacity_total":1,"available_total":null,"occupied_total":null,"status_label":"狀態未知","data_time":"2026-05-02 15:53:29+08:00","city_label":"臺北市","facility_kind_label":"路邊車格","available_rate":null,"occupancy_rate":null,"price_tier":"unknown","price_tier_label":"價格未知"}},{"type":"Feature","geometry":{"type":"Point","coordinates":[121.51832,25.07793]},"properties":{"supply_id":"taipei-onstreet-6136000139","city":"taipei","district":"大同區","display_name":"承德橋下停車場(堤外) 車格 6136000139","address":"承德橋下停車場(堤外)","facility_kind":"onstreet","symbol_text":null,"type_reference":"路邊停車格","type_confidence":0.6,"price_raw":null,"price_value":null,"capacity_total":1,"available_total":null,"occupied_total":null,"status_label":"狀態未知","data_time":"2026-05-02 15:53:29+08:00","city_label":"臺北市","facility_kind_label":"路邊車格","available_rate":null,"occupancy_rate":null,"price_tier":"unknown","price_tier_label":"價格未知"}},{"type":"Feature","geometry":{"type":"Point","coordinates":[121.51854,25.07774]},"properties":{"supply_id":"taipei-onstreet-613600064","city":"taipei","district":"大同區","display_name":"承德橋下停車場(堤外) 車格 613600064","address":"承德橋下停車場(堤外)","facility_kind":"onstreet","symbol_text":null,"type_reference":"路邊停車格","type_confidence":0.6,"price_raw":null,"price_value":null,"capacity_total":1,"available_total":null,"occupied_total":null,"status_label":"狀態未知","data_time":"2026-05-02 15:53:29+08:00","city_label":"臺北市","facility_kind_label":"路邊車格","available_rate":null,"occupancy_rate":null,"price_tier":"unknown","price_tier_label":"價格未知"}},{"type":"Feature","geometry":{"type":"Point","coordinates":[121.51837,25.07557]},"properties":{"supply_id":"taipei-onstreet-10700A078","city":"taipei","district":"大同區","display_name":"敦煌路A 車格 10700A078","address":"敦煌路A","facility_kind":"onstreet","symbol_text":null,"type_reference":"路邊停車格","type_confidence":0.6,"price_raw":null,"price_value":null,"capacity_total":1,"available_total":null,"occupied_total":null,"status_label":"狀態未知","data_time":"2026-05-02 15:53:29+08:00","city_label":"臺北市","facility_kind_label":"路邊車格","available_rate":null,"occupancy_rate":null,"price_tier":"unknown","price_tier_label":"價格未知"}},{"type":"Feature","geometry":{"type":"Point","coordinates":[121.51832,25.07558]},"properties":{"supply_id":"taipei-onstreet-10700A079","city":"taipei","district":"大同區","display_name":"敦煌路A 車格 10700A079","address":"敦煌路A","facility_kind":"onstreet","symbol_text":null,"type_reference":"路邊停車格","type_confidence":0.6,"price_raw":null,"price_value":null,"capacity_total":1,"available_total":null,"occupied_total":null,"status_label":"狀態未知","data_time":"2026-05-02 15:53:29+08:00","city_label":"臺北市","facility_kind_label":"路邊車格","available_rate":null,"occupancy_rate":null,"price_tier":"unknown","price_tier_label":"價格未知"}},{"type":"Feature","geometry":{"type":"Point","coordinates":[121.51091,25.05466]},"properties":{"supply_id":"taipei-onstreet-10320B041","city":"taipei","district":"大同區","display_name":"民樂街 車格 10320B041","address":"民樂街","facility_kind":"onstreet","symbol_text":null,"type_reference":"路邊停車格","type_confidence":0.6,"price_raw":null,"price_value":null,"capacity_total":1,"available_total":1,"occupied_total":0,"status_label":"空位","data_time":"2026-05-02 15:53:29+08:00","city_label":"臺北市","facility_kind_label":"路邊車格","available_rate":1,"occupancy_rate":0,"price_tier":"unknown","price_tier_label":"價格未知"}},{"type":"Feature","geometry":{"type":"Point","coordinates":[121.50599,25.05191]},"properties":{"supply_id":"taipei-onstreet-6075000206","city":"taipei","district":"大同區","display_name":"環河北路（3號水門堤外）小型車 車格 6075000206","address":"環河北路（3號水門堤外）小型車","facility_kind":"onstreet","symbol_text":null,"type_reference":"路邊停車格","type_confidence":0.6,"price_raw":null,"price_value":null,"capacity_total":1,"available_total":null,"occupied_total":null,"status_label":"狀態未知","data_time":"2026-05-02 15:53:29+08:00","city_label":"臺北市","facility_kind_label":"路邊車格","available_rate":null,"occupancy_rate":null,"price_tier":"unknown","price_tier_label":"價格未知"}},{"type":"Feature","geometry":{"type":"Point","coordinates":[121.51531,25.07644]},"properties":{"supply_id":"taipei-onstreet-10700B023","city":"taipei","district":"大同區","display_name":"慶昌橋下停車場 車格 10700B023","address":"慶昌橋下停車場","facility_kind":"onstreet","symbol_text":null,"type_reference":"路邊停車格","type_confidence":0.6,"price_raw":null,"price_value":null,"capacity_total":1,"available_total":null,"occupied_total":null,"status_label":"狀態未知","data_time":"2026-05-02 15:53:29+08:00","city_label":"臺北市","facility_kind_label":"路邊車格","available_rate":null,"occupancy_rate":null,"price_tier":"unknown","price_tier_label":"價格未知"}},{"type":"Feature","geometry":{"type":"Point","coordinates":[121.51902,25.07756]},"properties":{"supply_id":"taipei-onstreet-613600043","city":"taipei","district":"大同區","display_name":"承德橋下停車場(堤外) 車格 613600043","address":"承德橋下停車場(堤外)","facility_kind":"onstreet","symbol_text":null,"type_reference":"路邊停車格","type_confidence":0.6,"price_raw":null,"price_value":null,"capacity_total":1,"available_total":null,"occupied_total":null,"status_label":"狀態未知","data_time":"2026-05-02 15:53:29+08:00","city_label":"臺北市","facility_kind_label":"路邊車格","available_rate":null,"occupancy_rate":null,"price_tier":"unknown","price_tier_label":"價格未知"}},{"type":"Feature","geometry":{"type":"Point","coordinates":[121.50679,25.05221]},"properties":{"supply_id":"taipei-onstreet-607500017","city":"taipei","district":"大同區","display_name":"環河北路（3號水門堤外）小型車 車格 607500017","address":"環河北路（3號水門堤外）小型車","facility_kind":"onstreet","symbol_text":null,"type_reference":"路邊停車格","type_confidence":0.6,"price_raw":null,"price_value":null,"capacity_total":1,"available_total":null,"occupied_total":null,"status_label":"狀態未知","data_time":"2026-05-02 15:53:29+08:00","city_label":"臺北市","facility_kind_label":"路邊車格","available_rate":null,"occupancy_rate":null,"price_tier":"unknown","price_tier_label":"價格未知"}},{"type":"Feature","geometry":{"type":"Point","coordinates":[121.50636,25.05211]},"properties":{"supply_id":"taipei-onstreet-6075000114","city":"taipei","district":"大同區","display_name":"環河北路（3號水門堤外）小型車 車格 6075000114","address":"環河北路（3號水門堤外）小型車","facility_kind":"onstreet","symbol_text":null,"type_reference":"路邊停車格","type_confidence":0.6,"price_raw":null,"price_value":null,"capacity_total":1,"available_total":null,"occupied_total":null,"status_label":"狀態未知","data_time":"2026-05-02 15:53:29+08:00","city_label":"臺北市","facility_kind_label":"路邊車格","available_rate":null,"occupancy_rate":null,"price_tier":"unknown","price_tier_label":"價格未知"}},{"type":"Feature","geometry":{"type":"Point","coordinates":[121.51139,25.07863]},"properties":{"supply_id":"taipei-onstreet-10580A040","city":"taipei","district":"大同區","display_name":"延平北路4至5段1巷 車格 10580A040","address":"延平北路4至5段1巷","facility_kind":"onstreet","symbol_text":null,"type_reference":"路邊停車格","type_confidence":0.6,"price_raw":null,"price_value":null,"capacity_total":1,"available_total":null,"occupied_total":null,"status_label":"狀態未知","data_time":"2026-05-02 15:53:29+08:00","city_label":"臺北市","facility_kind_label":"路邊車格","available_rate":null,"occupancy_rate":null,"price_tier":"unknown","price_tier_label":"價格未知"}},{"type":"Feature","geometry":{"type":"Point","coordinates":[121.51102,25.07757]},"properties":{"supply_id":"taipei-onstreet-105829417","city":"taipei","district":"大同區","display_name":"延平北路4段294巷 車格 105829417","address":"延平北路4段294巷","facility_kind":"onstreet","symbol_text":null,"type_reference":"路邊停車格","type_confidence":0.6,"price_raw":null,"price_value":null,"capacity_total":1,"available_total":null,"occupied_total":null,"status_label":"狀態未知","data_time":"2026-05-02 15:53:29+08:00","city_label":"臺北市","facility_kind_label":"路邊車格","available_rate":null,"occupancy_rate":null,"price_tier":"unknown","price_tier_label":"價格未知"}},{"type":"Feature","geometry":{"type":"Point","coordinates":[121.51131,25.0788]},"properties":{"supply_id":"taipei-onstreet-10580A036","city":"taipei","district":"大同區","display_name":"延平北路4至5段1巷 車格 10580A036","address":"延平北路4至5段1巷","facility_kind":"onstreet","symbol_text":null,"type_reference":"路邊停車格","type_confidence":0.6,"price_raw":null,"price_value":null,"capacity_total":1,"available_total":null,"occupied_total":null,"status_label":"狀態未知","data_time":"2026-05-02 15:53:29+08:00","city_label":"臺北市","facility_kind_label":"路邊車格","available_rate":null,"occupancy_rate":null,"price_tier":"unknown","price_tier_label":"價格未知"}},{"type":"Feature","geometry":{"type":"Point","coordinates":[121.519,25.07763]},"properties":{"supply_id":"taipei-onstreet-613600079","city":"taipei","district":"大同區","display_name":"承德橋下停車場(堤外) 車格 613600079","address":"承德橋下停車場(堤外)","facility_kind":"onstreet","symbol_text":null,"type_reference":"路邊停車格","type_confidence":0.6,"price_raw":null,"price_value":null,"capacity_total":1,"available_total":null,"occupied_total":null,"status_label":"狀態未知","data_time":"2026-05-02 15:53:29+08:00","city_label":"臺北市","facility_kind_label":"路邊車格","available_rate":null,"occupancy_rate":null,"price_tier":"unknown","price_tier_label":"價格未知"}},{"type":"Feature","geometry":{"type":"Point","coordinates":[121.51559,25.0576]},"properties":{"supply_id":"taipei-onstreet-10270002","city":"taipei","district":"大同區","display_name":"萬全街 車格 10270002","address":"萬全街","facility_kind":"onstreet","symbol_text":null,"type_reference":"路邊停車格","type_confidence":0.6,"price_raw":null,"price_value":null,"capacity_total":1,"available_total":null,"occupied_total":null,"status_label":"狀態未知","data_time":"2026-05-02 15:53:29+08:00","city_label":"臺北市","facility_kind_label":"路邊車格","available_rate":null,"occupancy_rate":null,"price_tier":"unknown","price_tier_label":"價格未知"}},{"type":"Feature","geometry":{"type":"Point","coordinates":[121.51594,25.07035]},"properties":{"supply_id":"taipei-onstreet-106600022","city":"taipei","district":"大同區","display_name":"大龍街 車格 106600022","address":"大龍街","facility_kind":"onstreet","symbol_text":null,"type_reference":"路邊停車格","type_confidence":0.6,"price_raw":null,"price_value":null,"capacity_total":1,"available_total":1,"occupied_total":0,"status_label":"空位","data_time":"2026-05-02 15:53:29+08:00","city_label":"臺北市","facility_kind_label":"路邊車格","available_rate":1,"occupancy_rate":0,"price_tier":"unknown","price_tier_label":"價格未知"}},{"type":"Feature","geometry":{"type":"Point","coordinates":[121.50658,25.05189]},"properties":{"supply_id":"taipei-onstreet-6075000137","city":"taipei","district":"大同區","display_name":"環河北路（3號水門堤外）小型車 車格 6075000137","address":"環河北路（3號水門堤外）小型車","facility_kind":"onstreet","symbol_text":null,"type_reference":"路邊停車格","type_confidence":0.6,"price_raw":null,"price_value":null,"capacity_total":1,"available_total":null,"occupied_total":null,"status_label":"狀態未知","data_time":"2026-05-02 15:53:29+08:00","city_label":"臺北市","facility_kind_label":"路邊車格","available_rate":null,"occupancy_rate":null,"price_tier":"unknown","price_tier_label":"價格未知"}},{"type":"Feature","geometry":{"type":"Point","coordinates":[121.51276,25.06044]},"properties":{"supply_id":"taipei-onstreet-103100029","city":"taipei","district":"大同區","display_name":"甘州街 車格 103100029","address":"甘州街","facility_kind":"onstreet","symbol_text":null,"type_reference":"路邊停車格","type_confidence":0.6,"price_raw":null,"price_value":null,"capacity_total":1,"available_total":1,"occupied_total":0,"status_label":"空位","data_time":"2026-05-02 15:53:29+08:00","city_label":"臺北市","facility_kind_label":"路邊車格","available_rate":1,"occupancy_rate":0,"price_tier":"unknown","price_tier_label":"價格未知"}},{"type":"Feature","geometry":{"type":"Point","coordinates":[121.51514,25.07646]},"properties":{"supply_id":"taipei-onstreet-10700B029","city":"taipei","district":"大同區","display_name":"慶昌橋下停車場 車格 10700B029","address":"慶昌橋下停車場","facility_kind":"onstreet","symbol_text":null,"type_reference":"路邊停車格","type_confidence":0.6,"price_raw":null,"price_value":null,"capacity_total":1,"available_total":null,"occupied_total":null,"status_label":"狀態未知","data_time":"2026-05-02 15:53:29+08:00","city_label":"臺北市","facility_kind_label":"路邊車格","available_rate":null,"occupancy_rate":null,"price_tier":"unknown","price_tier_label":"價格未知"}},{"type":"Feature","geometry":{"type":"Point","coordinates":[121.51548,25.07651]},"properties":{"supply_id":"taipei-onstreet-10700B008","city":"taipei","district":"大同區","display_name":"慶昌橋下停車場 車格 10700B008","address":"慶昌橋下停車場","facility_kind":"onstreet","symbol_text":null,"type_reference":"路邊停車格","type_confidence":0.6,"price_raw":null,"price_value":null,"capacity_total":1,"available_total":null,"occupied_total":null,"status_label":"狀態未知","data_time":"2026-05-02 15:53:29+08:00","city_label":"臺北市","facility_kind_label":"路邊車格","available_rate":null,"occupancy_rate":null,"price_tier":"unknown","price_tier_label":"價格未知"}},{"type":"Feature","geometry":{"type":"Point","coordinates":[121.51506,25.07539]},"properties":{"supply_id":"taipei-onstreet-106959A2","city":"taipei","district":"大同區","display_name":"哈密街59巷56弄 車格 106959A2","address":"哈密街59巷56弄","facility_kind":"onstreet","symbol_text":null,"type_reference":"路邊停車格","type_confidence":0.6,"price_raw":null,"price_value":null,"capacity_total":1,"available_total":null,"occupied_total":null,"status_label":"狀態未知","data_time":"2026-05-02 15:53:29+08:00","city_label":"臺北市","facility_kind_label":"路邊車格","available_rate":null,"occupancy_rate":null,"price_tier":"unknown","price_tier_label":"價格未知"}},{"type":"Feature","geometry":{"type":"Point","coordinates":[121.50622,25.05215]},"properties":{"supply_id":"taipei-onstreet-6075000107","city":"taipei","district":"大同區","display_name":"環河北路（3號水門堤外）小型車 車格 6075000107","address":"環河北路（3號水門堤外）小型車","facility_kind":"onstreet","symbol_text":null,"type_reference":"路邊停車格","type_confidence":0.6,"price_raw":null,"price_value":null,"capacity_total":1,"available_total":null,"occupied_total":null,"status_label":"狀態未知","data_time":"2026-05-02 15:53:29+08:00","city_label":"臺北市","facility_kind_label":"路邊車格","available_rate":null,"occupancy_rate":null,"price_tier":"unknown","price_tier_label":"價格未知"}},{"type":"Feature","geometry":{"type":"Point","coordinates":[121.51505,25.07655]},"properties":{"supply_id":"taipei-onstreet-10700B001","city":"taipei","district":"大同區","display_name":"慶昌橋下停車場 車格 10700B001","address":"慶昌橋下停車場","facility_kind":"onstreet","symbol_text":null,"type_reference":"路邊停車格","type_confidence":0.6,"price_raw":null,"price_value":null,"capacity_total":1,"available_total":null,"occupied_total":null,"status_label":"狀態未知","data_time":"2026-05-02 15:53:29+08:00","city_label":"臺北市","facility_kind_label":"路邊車格","available_rate":null,"occupancy_rate":null,"price_tier":"unknown","price_tier_label":"價格未知"}},{"type":"Feature","geometry":{"type":"Point","coordinates":[121.51949,25.06814]},"properties":{"supply_id":"taipei-onstreet-10420323","city":"taipei","district":"大同區","display_name":"民族西路32巷 車格 10420323","address":"民族西路32巷","facility_kind":"onstreet","symbol_text":null,"type_reference":"路邊停車格","type_confidence":0.6,"price_raw":null,"price_value":null,"capacity_total":1,"available_total":null,"occupied_total":null,"status_label":"狀態未知","data_time":"2026-05-02 15:53:29+08:00","city_label":"臺北市","facility_kind_label":"路邊車格","available_rate":null,"occupancy_rate":null,"price_tier":"unknown","price_tier_label":"價格未知"}},{"type":"Feature","geometry":{"type":"Point","coordinates":[121.5152,25.05052]},"properties":{"supply_id":"taipei-onstreet-101500A60","city":"taipei","district":"大同區","display_name":"太原路A 車格 101500A60","address":"太原路A","facility_kind":"onstreet","symbol_text":null,"type_reference":"路邊停車格","type_confidence":0.6,"price_raw":null,"price_value":null,"capacity_total":1,"available_total":1,"occupied_total":0,"status_label":"空位","data_time":"2026-05-02 15:53:29+08:00","city_label":"臺北市","facility_kind_label":"路邊車格","available_rate":1,"occupancy_rate":0,"price_tier":"unknown","price_tier_label":"價格未知"}},{"type":"Feature","geometry":{"type":"Point","coordinates":[121.51529,25.05053]},"properties":{"supply_id":"taipei-onstreet-101500A77","city":"taipei","district":"大同區","display_name":"太原路A 車格 101500A77","address":"太原路A","facility_kind":"onstreet","symbol_text":null,"type_reference":"路邊停車格","type_confidence":0.6,"price_raw":null,"price_value":null,"capacity_total":1,"available_total":1,"occupied_total":0,"status_label":"空位","data_time":"2026-05-02 15:53:29+08:00","city_label":"臺北市","facility_kind_label":"路邊車格","available_rate":1,"occupancy_rate":0,"price_tier":"unknown","price_tier_label":"價格未知"}},{"type":"Feature","geometry":{"type":"Point","coordinates":[121.51312,25.06466]},"properties":{"supply_id":"taipei-onstreet-104100013","city":"taipei","district":"大同區","display_name":"伊寧街 車格 104100013","address":"伊寧街","facility_kind":"onstreet","symbol_text":null,"type_reference":"路邊停車格","type_confidence":0.6,"price_raw":null,"price_value":null,"capacity_total":1,"available_total":1,"occupied_total":0,"status_label":"空位","data_time":"2026-05-02 15:53:29+08:00","city_label":"臺北市","facility_kind_label":"路邊車格","available_rate":1,"occupancy_rate":0,"price_tier":"unknown","price_tier_label":"價格未知"}},{"type":"Feature","geometry":{"type":"Point","coordinates":[121.51718,25.06157]},"properties":{"supply_id":"taipei-onstreet-103814419","city":"taipei","district":"大同區","display_name":"民權西路144巷19弄 車格 103814419","address":"民權西路144巷19弄","facility_kind":"onstreet","symbol_text":null,"type_reference":"路邊停車格","type_confidence":0.6,"price_raw":null,"price_value":null,"capacity_total":1,"available_total":1,"occupied_total":0,"status_label":"空位","data_time":"2026-05-02 15:53:29+08:00","city_label":"臺北市","facility_kind_label":"路邊車格","available_rate":1,"occupancy_rate":0,"price_tier":"unknown","price_tier_label":"價格未知"}},{"type":"Feature","geometry":{"type":"Point","coordinates":[121.51868,25.07769]},"properties":{"supply_id":"taipei-onstreet-613600058","city":"taipei","district":"大同區","display_name":"承德橋下停車場(堤外) 車格 613600058","address":"承德橋下停車場(堤外)","facility_kind":"onstreet","symbol_text":null,"type_reference":"路邊停車格","type_confidence":0.6,"price_raw":null,"price_value":null,"capacity_total":1,"available_total":null,"occupied_total":null,"status_label":"狀態未知","data_time":"2026-05-02 15:53:29+08:00","city_label":"臺北市","facility_kind_label":"路邊車格","available_rate":null,"occupancy_rate":null,"price_tier":"unknown","price_tier_label":"價格未知"}},{"type":"Feature","geometry":{"type":"Point","coordinates":[121.51795,25.07807]},"properties":{"supply_id":"taipei-onstreet-6136000159","city":"taipei","district":"大同區","display_name":"承德橋下停車場(堤外) 車格 6136000159","address":"承德橋下停車場(堤外)","facility_kind":"onstreet","symbol_text":null,"type_reference":"路邊停車格","type_confidence":0.6,"price_raw":null,"price_value":null,"capacity_total":1,"available_total":null,"occupied_total":null,"status_label":"狀態未知","data_time":"2026-05-02 15:53:29+08:00","city_label":"臺北市","facility_kind_label":"路邊車格","available_rate":null,"occupancy_rate":null,"price_tier":"unknown","price_tier_label":"價格未知"}},{"type":"Feature","geometry":{"type":"Point","coordinates":[121.51683,25.06891]},"properties":{"supply_id":"taipei-onstreet-106600A4","city":"taipei","district":"大同區","display_name":"大龍老人住宅西側無名巷 車格 106600A4","address":"大龍老人住宅西側無名巷","facility_kind":"onstreet","symbol_text":null,"type_reference":"路邊停車格","type_confidence":0.6,"price_raw":null,"price_value":null,"capacity_total":1,"available_total":null,"occupied_total":null,"status_label":"狀態未知","data_time":"2026-05-02 15:53:29+08:00","city_label":"臺北市","facility_kind_label":"路邊車格","available_rate":null,"occupancy_rate":null,"price_tier":"unknown","price_tier_label":"價格未知"}},{"type":"Feature","geometry":{"type":"Point","coordinates":[121.5106,25.07765]},"properties":{"supply_id":"taipei-onstreet-105829446","city":"taipei","district":"大同區","display_name":"延平北路4段294巷 車格 105829446","address":"延平北路4段294巷","facility_kind":"onstreet","symbol_text":null,"type_reference":"路邊停車格","type_confidence":0.6,"price_raw":null,"price_value":null,"capacity_total":1,"available_total":null,"occupied_total":null,"status_label":"狀態未知","data_time":"2026-05-02 15:53:29+08:00","city_label":"臺北市","facility_kind_label":"路邊車格","available_rate":null,"occupancy_rate":null,"price_tier":"unknown","price_tier_label":"價格未知"}},{"type":"Feature","geometry":{"type":"Point","coordinates":[121.50988,25.07222]},"properties":{"supply_id":"taipei-onstreet-10680A027","city":"taipei","district":"大同區","display_name":"酒泉街 車格 10680A027","address":"酒泉街","facility_kind":"onstreet","symbol_text":null,"type_reference":"路邊停車格","type_confidence":0.6,"price_raw":null,"price_value":null,"capacity_total":1,"available_total":1,"occupied_total":0,"status_label":"空位","data_time":"2026-05-02 15:53:29+08:00","city_label":"臺北市","facility_kind_label":"路邊車格","available_rate":1,"occupancy_rate":0,"price_tier":"unknown","price_tier_label":"價格未知"}},{"type":"Feature","geometry":{"type":"Point","coordinates":[121.51893,25.07766]},"properties":{"supply_id":"taipei-onstreet-613600076","city":"taipei","district":"大同區","display_name":"承德橋下停車場(堤外) 車格 613600076","address":"承德橋下停車場(堤外)","facility_kind":"onstreet","symbol_text":null,"type_reference":"路邊停車格","type_confidence":0.6,"price_raw":null,"price_value":null,"capacity_total":1,"available_total":null,"occupied_total":null,"status_label":"狀態未知","data_time":"2026-05-02 15:53:29+08:00","city_label":"臺北市","facility_kind_label":"路邊車格","available_rate":null,"occupancy_rate":null,"price_tier":"unknown","price_tier_label":"價格未知"}},{"type":"Feature","geometry":{"type":"Point","coordinates":[121.50969,25.07729]},"properties":{"supply_id":"taipei-onstreet-105829443","city":"taipei","district":"大同區","display_name":"延平北路4段294巷 車格 105829443","address":"延平北路4段294巷","facility_kind":"onstreet","symbol_text":null,"type_reference":"路邊停車格","type_confidence":0.6,"price_raw":null,"price_value":null,"capacity_total":1,"available_total":null,"occupied_total":null,"status_label":"狀態未知","data_time":"2026-05-02 15:53:29+08:00","city_label":"臺北市","facility_kind_label":"路邊車格","available_rate":null,"occupancy_rate":null,"price_tier":"unknown","price_tier_label":"價格未知"}},{"type":"Feature","geometry":{"type":"Point","coordinates":[121.5099,25.06101]},"properties":{"supply_id":"taipei-onstreet-103300012","city":"taipei","district":"大同區","display_name":"安西街 車格 103300012","address":"安西街","facility_kind":"onstreet","symbol_text":null,"type_reference":"路邊停車格","type_confidence":0.6,"price_raw":null,"price_value":null,"capacity_total":1,"available_total":1,"occupied_total":0,"status_label":"空位","data_time":"2026-05-02 15:53:29+08:00","city_label":"臺北市","facility_kind_label":"路邊車格","available_rate":1,"occupancy_rate":0,"price_tier":"unknown","price_tier_label":"價格未知"}},{"type":"Feature","geometry":{"type":"Point","coordinates":[121.5089,25.05468]},"properties":{"supply_id":"taipei-onstreet-1023Y0049","city":"taipei","district":"大同區","display_name":"西寧北路 車格 1023Y0049","address":"西寧北路","facility_kind":"onstreet","symbol_text":null,"type_reference":"路邊停車格","type_confidence":0.6,"price_raw":null,"price_value":null,"capacity_total":1,"available_total":1,"occupied_total":0,"status_label":"空位","data_time":"2026-05-02 15:53:29+08:00","city_label":"臺北市","facility_kind_label":"路邊車格","available_rate":1,"occupancy_rate":0,"price_tier":"unknown","price_tier_label":"價格未知"}},{"type":"Feature","geometry":{"type":"Point","coordinates":[121.50625,25.05225]},"properties":{"supply_id":"taipei-onstreet-607500044","city":"taipei","district":"大同區","display_name":"環河北路（3號水門堤外）小型車 車格 607500044","address":"環河北路（3號水門堤外）小型車","facility_kind":"onstreet","symbol_text":null,"type_reference":"路邊停車格","type_confidence":0.6,"price_raw":null,"price_value":null,"capacity_total":1,"available_total":null,"occupied_total":null,"status_label":"狀態未知","data_time":"2026-05-02 15:53:29+08:00","city_label":"臺北市","facility_kind_label":"路邊車格","available_rate":null,"occupancy_rate":null,"price_tier":"unknown","price_tier_label":"價格未知"}},{"type":"Feature","geometry":{"type":"Point","coordinates":[121.50917,25.07276]},"properties":{"supply_id":"taipei-onstreet-106500008","city":"taipei","district":"大同區","display_name":"環河北路2段 車格 106500008","address":"環河北路2段","facility_kind":"onstreet","symbol_text":null,"type_reference":"路邊停車格","type_confidence":0.6,"price_raw":null,"price_value":null,"capacity_total":1,"available_total":null,"occupied_total":null,"status_label":"狀態未知","data_time":"2026-05-02 15:53:29+08:00","city_label":"臺北市","facility_kind_label":"路邊車格","available_rate":null,"occupancy_rate":null,"price_tier":"unknown","price_tier_label":"價格未知"}},{"type":"Feature","geometry":{"type":"Point","coordinates":[121.50664,25.05225]},"properties":{"supply_id":"taipei-onstreet-607500011","city":"taipei","district":"大同區","display_name":"環河北路（3號水門堤外）小型車 車格 607500011","address":"環河北路（3號水門堤外）小型車","facility_kind":"onstreet","symbol_text":null,"type_reference":"路邊停車格","type_confidence":0.6,"price_raw":null,"price_value":null,"capacity_total":1,"available_total":null,"occupied_total":null,"status_label":"狀態未知","data_time":"2026-05-02 15:53:29+08:00","city_label":"臺北市","facility_kind_label":"路邊車格","available_rate":null,"occupancy_rate":null,"price_tier":"unknown","price_tier_label":"價格未知"}},{"type":"Feature","geometry":{"type":"Point","coordinates":[121.51389,25.05346]},"properties":{"supply_id":"taipei-onstreet-101900031","city":"taipei","district":"大同區","display_name":"天水路 車格 101900031","address":"天水路","facility_kind":"onstreet","symbol_text":null,"type_reference":"路邊停車格","type_confidence":0.6,"price_raw":null,"price_value":null,"capacity_total":1,"available_total":1,"occupied_total":0,"status_label":"空位","data_time":"2026-05-02 15:53:29+08:00","city_label":"臺北市","facility_kind_label":"路邊車格","available_rate":1,"occupancy_rate":0,"price_tier":"unknown","price_tier_label":"價格未知"}},{"type":"Feature","geometry":{"type":"Point","coordinates":[121.50988,25.05334]},"properties":{"supply_id":"taipei-onstreet-10130B049","city":"taipei","district":"大同區","display_name":"南京西路B 車格 10130B049","address":"南京西路B","facility_kind":"onstreet","symbol_text":null,"type_reference":"路邊停車格","type_confidence":0.6,"price_raw":null,"price_value":null,"capacity_total":1,"available_total":null,"occupied_total":null,"status_label":"狀態未知","data_time":"2026-05-02 15:53:29+08:00","city_label":"臺北市","facility_kind_label":"路邊車格","available_rate":null,"occupancy_rate":null,"price_tier":"unknown","price_tier_label":"價格未知"}},{"type":"Feature","geometry":{"type":"Point","coordinates":[121.51424,25.06869]},"properties":{"supply_id":"taipei-onstreet-104200027","city":"taipei","district":"大同區","display_name":"民族西路 車格 104200027","address":"民族西路","facility_kind":"onstreet","symbol_text":null,"type_reference":"路邊停車格","type_confidence":0.6,"price_raw":null,"price_value":null,"capacity_total":1,"available_total":1,"occupied_total":0,"status_label":"空位","data_time":"2026-05-02 15:53:29+08:00","city_label":"臺北市","facility_kind_label":"路邊車格","available_rate":1,"occupancy_rate":0,"price_tier":"unknown","price_tier_label":"價格未知"}},{"type":"Feature","geometry":{"type":"Point","coordinates":[121.50619,25.05195]},"properties":{"supply_id":"taipei-onstreet-6075000225","city":"taipei","district":"大同區","display_name":"環河北路（3號水門堤外）小型車 車格 6075000225","address":"環河北路（3號水門堤外）小型車","facility_kind":"onstreet","symbol_text":null,"type_reference":"路邊停車格","type_confidence":0.6,"price_raw":null,"price_value":null,"capacity_total":1,"available_total":null,"occupied_total":null,"status_label":"狀態未知","data_time":"2026-05-02 15:53:29+08:00","city_label":"臺北市","facility_kind_label":"路邊車格","available_rate":null,"occupancy_rate":null,"price_tier":"unknown","price_tier_label":"價格未知"}},{"type":"Feature","geometry":{"type":"Point","coordinates":[121.51687,25.06428]},"properties":{"supply_id":"taipei-onstreet-104502403","city":"taipei","district":"大同區","display_name":"承德路3段24巷 車格 104502403","address":"承德路3段24巷","facility_kind":"onstreet","symbol_text":null,"type_reference":"路邊停車格","type_confidence":0.6,"price_raw":null,"price_value":null,"capacity_total":1,"available_total":1,"occupied_total":0,"status_label":"空位","data_time":"2026-05-02 15:53:29+08:00","city_label":"臺北市","facility_kind_label":"路邊車格","available_rate":1,"occupancy_rate":0,"price_tier":"unknown","price_tier_label":"價格未知"}},{"type":"Feature","geometry":{"type":"Point","coordinates":[121.5091,25.05328]},"properties":{"supply_id":"taipei-onstreet-10130B027","city":"taipei","district":"大同區","display_name":"南京西路B 車格 10130B027","address":"南京西路B","facility_kind":"onstreet","symbol_text":null,"type_reference":"路邊停車格","type_confidence":0.6,"price_raw":null,"price_value":null,"capacity_total":1,"available_total":1,"occupied_total":0,"status_label":"空位","data_time":"2026-05-02 15:53:29+08:00","city_label":"臺北市","facility_kind_label":"路邊車格","available_rate":1,"occupancy_rate":0,"price_tier":"unknown","price_tier_label":"價格未知"}},{"type":"Feature","geometry":{"type":"Point","coordinates":[121.52044,25.05982]},"properties":{"supply_id":"taipei-onstreet-10290386","city":"taipei","district":"大同區","display_name":"錦西街38巷 車格 10290386","address":"錦西街38巷","facility_kind":"onstreet","symbol_text":null,"type_reference":"路邊停車格","type_confidence":0.6,"price_raw":null,"price_value":null,"capacity_total":1,"available_total":null,"occupied_total":null,"status_label":"狀態未知","data_time":"2026-05-02 15:53:29+08:00","city_label":"臺北市","facility_kind_label":"路邊車格","available_rate":null,"occupancy_rate":null,"price_tier":"unknown","price_tier_label":"價格未知"}},{"type":"Feature","geometry":{"type":"Point","coordinates":[121.50633,25.05196]},"properties":{"supply_id":"taipei-onstreet-6075000146","city":"taipei","district":"大同區","display_name":"環河北路（3號水門堤外）小型車 車格 6075000146","address":"環河北路（3號水門堤外）小型車","facility_kind":"onstreet","symbol_text":null,"type_reference":"路邊停車格","type_confidence":0.6,"price_raw":null,"price_value":null,"capacity_total":1,"available_total":null,"occupied_total":null,"status_label":"狀態未知","data_time":"2026-05-02 15:53:29+08:00","city_label":"臺北市","facility_kind_label":"路邊車格","available_rate":null,"occupancy_rate":null,"price_tier":"unknown","price_tier_label":"價格未知"}},{"type":"Feature","geometry":{"type":"Point","coordinates":[121.5184,25.07788]},"properties":{"supply_id":"taipei-onstreet-6136000135","city":"taipei","district":"大同區","display_name":"承德橋下停車場(堤外) 車格 6136000135","address":"承德橋下停車場(堤外)","facility_kind":"onstreet","symbol_text":null,"type_reference":"路邊停車格","type_confidence":0.6,"price_raw":null,"price_value":null,"capacity_total":1,"available_total":null,"occupied_total":null,"status_label":"狀態未知","data_time":"2026-05-02 15:53:29+08:00","city_label":"臺北市","facility_kind_label":"路邊車格","available_rate":null,"occupancy_rate":null,"price_tier":"unknown","price_tier_label":"價格未知"}},{"type":"Feature","geometry":{"type":"Point","coordinates":[121.51215,25.05259]},"properties":{"supply_id":"taipei-onstreet-10133442","city":"taipei","district":"大同區","display_name":"南京西路344巷 車格 10133442","address":"南京西路344巷","facility_kind":"onstreet","symbol_text":null,"type_reference":"路邊停車格","type_confidence":0.6,"price_raw":null,"price_value":null,"capacity_total":1,"available_total":null,"occupied_total":null,"status_label":"狀態未知","data_time":"2026-05-02 15:53:29+08:00","city_label":"臺北市","facility_kind_label":"路邊車格","available_rate":null,"occupancy_rate":null,"price_tier":"unknown","price_tier_label":"價格未知"}},{"type":"Feature","geometry":{"type":"Point","coordinates":[121.51873,25.07755]},"properties":{"supply_id":"taipei-onstreet-61360004","city":"taipei","district":"大同區","display_name":"承德橋下停車場(堤外) 車格 61360004","address":"承德橋下停車場(堤外)","facility_kind":"onstreet","symbol_text":null,"type_reference":"路邊停車格","type_confidence":0.6,"price_raw":null,"price_value":null,"capacity_total":1,"available_total":null,"occupied_total":null,"status_label":"狀態未知","data_time":"2026-05-02 15:53:29+08:00","city_label":"臺北市","facility_kind_label":"路邊車格","available_rate":null,"occupancy_rate":null,"price_tier":"unknown","price_tier_label":"價格未知"}},{"type":"Feature","geometry":{"type":"Point","coordinates":[121.50866,25.05371]},"properties":{"supply_id":"taipei-onstreet-1023Y0089","city":"taipei","district":"大同區","display_name":"西寧北路 車格 1023Y0089","address":"西寧北路","facility_kind":"onstreet","symbol_text":null,"type_reference":"路邊停車格","type_confidence":0.6,"price_raw":null,"price_value":null,"capacity_total":1,"available_total":null,"occupied_total":null,"status_label":"狀態未知","data_time":"2026-05-02 15:53:29+08:00","city_label":"臺北市","facility_kind_label":"路邊車格","available_rate":null,"occupancy_rate":null,"price_tier":"unknown","price_tier_label":"價格未知"}},{"type":"Feature","geometry":{"type":"Point","coordinates":[121.50611,25.05187]},"properties":{"supply_id":"taipei-onstreet-6075000211","city":"taipei","district":"大同區","display_name":"環河北路（3號水門堤外）小型車 車格 6075000211","address":"環河北路（3號水門堤外）小型車","facility_kind":"onstreet","symbol_text":null,"type_reference":"路邊停車格","type_confidence":0.6,"price_raw":null,"price_value":null,"capacity_total":1,"available_total":null,"occupied_total":null,"status_label":"狀態未知","data_time":"2026-05-02 15:53:29+08:00","city_label":"臺北市","facility_kind_label":"路邊車格","available_rate":null,"occupancy_rate":null,"price_tier":"unknown","price_tier_label":"價格未知"}},{"type":"Feature","geometry":{"type":"Point","coordinates":[121.51156,25.06876]},"properties":{"supply_id":"taipei-onstreet-104200050","city":"taipei","district":"大同區","display_name":"民族西路 車格 104200050","address":"民族西路","facility_kind":"onstreet","symbol_text":null,"type_reference":"路邊停車格","type_confidence":0.6,"price_raw":null,"price_value":null,"capacity_total":1,"available_total":1,"occupied_total":0,"status_label":"空位","data_time":"2026-05-02 15:53:29+08:00","city_label":"臺北市","facility_kind_label":"路邊車格","available_rate":1,"occupancy_rate":0,"price_tier":"unknown","price_tier_label":"價格未知"}},{"type":"Feature","geometry":{"type":"Point","coordinates":[121.51183,25.06873]},"properties":{"supply_id":"taipei-onstreet-104200084","city":"taipei","district":"大同區","display_name":"民族西路 車格 104200084","address":"民族西路","facility_kind":"onstreet","symbol_text":null,"type_reference":"路邊停車格","type_confidence":0.6,"price_raw":null,"price_value":null,"capacity_total":1,"available_total":null,"occupied_total":null,"status_label":"狀態未知","data_time":"2026-05-02 15:53:29+08:00","city_label":"臺北市","facility_kind_label":"路邊車格","available_rate":null,"occupancy_rate":null,"price_tier":"unknown","price_tier_label":"價格未知"}},{"type":"Feature","geometry":{"type":"Point","coordinates":[121.5183,25.07788]},"properties":{"supply_id":"taipei-onstreet-6136000172","city":"taipei","district":"大同區","display_name":"承德橋下停車場(堤外) 車格 6136000172","address":"承德橋下停車場(堤外)","facility_kind":"onstreet","symbol_text":null,"type_reference":"路邊停車格","type_confidence":0.6,"price_raw":null,"price_value":null,"capacity_total":1,"available_total":null,"occupied_total":null,"status_label":"狀態未知","data_time":"2026-05-02 15:53:29+08:00","city_label":"臺北市","facility_kind_label":"路邊車格","available_rate":null,"occupancy_rate":null,"price_tier":"unknown","price_tier_label":"價格未知"}},{"type":"Feature","geometry":{"type":"Point","coordinates":[121.51507,25.07642]},"properties":{"supply_id":"taipei-onstreet-10700B033","city":"taipei","district":"大同區","display_name":"慶昌橋下停車場 車格 10700B033","address":"慶昌橋下停車場","facility_kind":"onstreet","symbol_text":null,"type_reference":"路邊停車格","type_confidence":0.6,"price_raw":null,"price_value":null,"capacity_total":1,"available_total":null,"occupied_total":null,"status_label":"狀態未知","data_time":"2026-05-02 15:53:29+08:00","city_label":"臺北市","facility_kind_label":"路邊車格","available_rate":null,"occupancy_rate":null,"price_tier":"unknown","price_tier_label":"價格未知"}},{"type":"Feature","geometry":{"type":"Point","coordinates":[121.50993,25.05163]},"properties":{"supply_id":"taipei-onstreet-101014314","city":"taipei","district":"大同區","display_name":"鄭州路143巷 車格 101014314","address":"鄭州路143巷","facility_kind":"onstreet","symbol_text":null,"type_reference":"路邊停車格","type_confidence":0.6,"price_raw":null,"price_value":null,"capacity_total":1,"available_total":1,"occupied_total":0,"status_label":"空位","data_time":"2026-05-02 15:53:29+08:00","city_label":"臺北市","facility_kind_label":"路邊車格","available_rate":1,"occupancy_rate":0,"price_tier":"unknown","price_tier_label":"價格未知"}},{"type":"Feature","geometry":{"type":"Point","coordinates":[121.50976,25.06052]},"properties":{"supply_id":"taipei-onstreet-10350B050","city":"taipei","district":"大同區","display_name":"涼州街B 車格 10350B050","address":"涼州街B","facility_kind":"onstreet","symbol_text":null,"type_reference":"路邊停車格","type_confidence":0.6,"price_raw":null,"price_value":null,"capacity_total":1,"available_total":null,"occupied_total":null,"status_label":"狀態未知","data_time":"2026-05-02 15:53:29+08:00","city_label":"臺北市","facility_kind_label":"路邊車格","available_rate":null,"occupancy_rate":null,"price_tier":"unknown","price_tier_label":"價格未知"}},{"type":"Feature","geometry":{"type":"Point","coordinates":[121.51353,25.05357]},"properties":{"supply_id":"taipei-onstreet-10133025","city":"taipei","district":"大同區","display_name":"南京西路302巷 車格 10133025","address":"南京西路302巷","facility_kind":"onstreet","symbol_text":null,"type_reference":"路邊停車格","type_confidence":0.6,"price_raw":null,"price_value":null,"capacity_total":1,"available_total":null,"occupied_total":null,"status_label":"狀態未知","data_time":"2026-05-02 15:53:29+08:00","city_label":"臺北市","facility_kind_label":"路邊車格","available_rate":null,"occupancy_rate":null,"price_tier":"unknown","price_tier_label":"價格未知"}},{"type":"Feature","geometry":{"type":"Point","coordinates":[121.50878,25.05473]},"properties":{"supply_id":"taipei-onstreet-1023Y0077","city":"taipei","district":"大同區","display_name":"西寧北路 車格 1023Y0077","address":"西寧北路","facility_kind":"onstreet","symbol_text":null,"type_reference":"路邊停車格","type_confidence":0.6,"price_raw":null,"price_value":null,"capacity_total":1,"available_total":1,"occupied_total":0,"status_label":"空位","data_time":"2026-05-02 15:53:29+08:00","city_label":"臺北市","facility_kind_label":"路邊車格","available_rate":1,"occupancy_rate":0,"price_tier":"unknown","price_tier_label":"價格未知"}},{"type":"Feature","geometry":{"type":"Point","coordinates":[121.51891,25.07766]},"properties":{"supply_id":"taipei-onstreet-613600075","city":"taipei","district":"大同區","display_name":"承德橋下停車場(堤外) 車格 613600075","address":"承德橋下停車場(堤外)","facility_kind":"onstreet","symbol_text":null,"type_reference":"路邊停車格","type_confidence":0.6,"price_raw":null,"price_value":null,"capacity_total":1,"available_total":null,"occupied_total":null,"status_label":"狀態未知","data_time":"2026-05-02 15:53:29+08:00","city_label":"臺北市","facility_kind_label":"路邊車格","available_rate":null,"occupancy_rate":null,"price_tier":"unknown","price_tier_label":"價格未知"}},{"type":"Feature","geometry":{"type":"Point","coordinates":[121.51271,25.06857]},"properties":{"supply_id":"taipei-onstreet-104200077","city":"taipei","district":"大同區","display_name":"民族西路 車格 104200077","address":"民族西路","facility_kind":"onstreet","symbol_text":null,"type_reference":"路邊停車格","type_confidence":0.6,"price_raw":null,"price_value":null,"capacity_total":1,"available_total":1,"occupied_total":0,"status_label":"空位","data_time":"2026-05-02 15:53:29+08:00","city_label":"臺北市","facility_kind_label":"路邊車格","available_rate":1,"occupancy_rate":0,"price_tier":"unknown","price_tier_label":"價格未知"}},{"type":"Feature","geometry":{"type":"Point","coordinates":[121.5088,25.05491]},"properties":{"supply_id":"taipei-onstreet-1023Y0074","city":"taipei","district":"大同區","display_name":"西寧北路 車格 1023Y0074","address":"西寧北路","facility_kind":"onstreet","symbol_text":null,"type_reference":"路邊停車格","type_confidence":0.6,"price_raw":null,"price_value":null,"capacity_total":1,"available_total":1,"occupied_total":0,"status_label":"空位","data_time":"2026-05-02 15:53:29+08:00","city_label":"臺北市","facility_kind_label":"路邊車格","available_rate":1,"occupancy_rate":0,"price_tier":"unknown","price_tier_label":"價格未知"}},{"type":"Feature","geometry":{"type":"Point","coordinates":[121.51521,25.07646]},"properties":{"supply_id":"taipei-onstreet-10700B027","city":"taipei","district":"大同區","display_name":"慶昌橋下停車場 車格 10700B027","address":"慶昌橋下停車場","facility_kind":"onstreet","symbol_text":null,"type_reference":"路邊停車格","type_confidence":0.6,"price_raw":null,"price_value":null,"capacity_total":1,"available_total":null,"occupied_total":null,"status_label":"狀態未知","data_time":"2026-05-02 15:53:29+08:00","city_label":"臺北市","facility_kind_label":"路邊車格","available_rate":null,"occupancy_rate":null,"price_tier":"unknown","price_tier_label":"價格未知"}},{"type":"Feature","geometry":{"type":"Point","coordinates":[121.506,25.05201]},"properties":{"supply_id":"taipei-onstreet-6075000233","city":"taipei","district":"大同區","display_name":"環河北路（3號水門堤外）小型車 車格 6075000233","address":"環河北路（3號水門堤外）小型車","facility_kind":"onstreet","symbol_text":null,"type_reference":"路邊停車格","type_confidence":0.6,"price_raw":null,"price_value":null,"capacity_total":1,"available_total":null,"occupied_total":null,"status_label":"狀態未知","data_time":"2026-05-02 15:53:29+08:00","city_label":"臺北市","facility_kind_label":"路邊車格","available_rate":null,"occupancy_rate":null,"price_tier":"unknown","price_tier_label":"價格未知"}},{"type":"Feature","geometry":{"type":"Point","coordinates":[121.51281,25.05876]},"properties":{"supply_id":"taipei-onstreet-103100013","city":"taipei","district":"大同區","display_name":"甘州街 車格 103100013","address":"甘州街","facility_kind":"onstreet","symbol_text":null,"type_reference":"路邊停車格","type_confidence":0.6,"price_raw":null,"price_value":null,"capacity_total":1,"available_total":1,"occupied_total":0,"status_label":"空位","data_time":"2026-05-02 15:53:29+08:00","city_label":"臺北市","facility_kind_label":"路邊車格","available_rate":1,"occupancy_rate":0,"price_tier":"unknown","price_tier_label":"價格未知"}},{"type":"Feature","geometry":{"type":"Point","coordinates":[121.51245,25.0672]},"properties":{"supply_id":"taipei-onstreet-105112012","city":"taipei","district":"大同區","display_name":"重慶北路3段120巷 車格 105112012","address":"重慶北路3段120巷","facility_kind":"onstreet","symbol_text":null,"type_reference":"路邊停車格","type_confidence":0.6,"price_raw":null,"price_value":null,"capacity_total":1,"available_total":1,"occupied_total":0,"status_label":"空位","data_time":"2026-05-02 15:53:29+08:00","city_label":"臺北市","facility_kind_label":"路邊車格","available_rate":1,"occupancy_rate":0,"price_tier":"unknown","price_tier_label":"價格未知"}},{"type":"Feature","geometry":{"type":"Point","coordinates":[121.50689,25.05218]},"properties":{"supply_id":"taipei-onstreet-607500021","city":"taipei","district":"大同區","display_name":"環河北路（3號水門堤外）小型車 車格 607500021","address":"環河北路（3號水門堤外）小型車","facility_kind":"onstreet","symbol_text":null,"type_reference":"路邊停車格","type_confidence":0.6,"price_raw":null,"price_value":null,"capacity_total":1,"available_total":null,"occupied_total":null,"status_label":"狀態未知","data_time":"2026-05-02 15:53:29+08:00","city_label":"臺北市","facility_kind_label":"路邊車格","available_rate":null,"occupancy_rate":null,"price_tier":"unknown","price_tier_label":"價格未知"}},{"type":"Feature","geometry":{"type":"Point","coordinates":[121.51056,25.07773]},"properties":{"supply_id":"taipei-onstreet-105829426","city":"taipei","district":"大同區","display_name":"延平北路4段294巷 車格 105829426","address":"延平北路4段294巷","facility_kind":"onstreet","symbol_text":null,"type_reference":"路邊停車格","type_confidence":0.6,"price_raw":null,"price_value":null,"capacity_total":1,"available_total":null,"occupied_total":null,"status_label":"狀態未知","data_time":"2026-05-02 15:53:29+08:00","city_label":"臺北市","facility_kind_label":"路邊車格","available_rate":null,"occupancy_rate":null,"price_tier":"unknown","price_tier_label":"價格未知"}},{"type":"Feature","geometry":{"type":"Point","coordinates":[121.51023,25.0582]},"properties":{"supply_id":"taipei-onstreet-103600010","city":"taipei","district":"大同區","display_name":"歸綏街 車格 103600010","address":"歸綏街","facility_kind":"onstreet","symbol_text":null,"type_reference":"路邊停車格","type_confidence":0.6,"price_raw":null,"price_value":null,"capacity_total":1,"available_total":1,"occupied_total":0,"status_label":"空位","data_time":"2026-05-02 15:53:29+08:00","city_label":"臺北市","facility_kind_label":"路邊車格","available_rate":1,"occupancy_rate":0,"price_tier":"unknown","price_tier_label":"價格未知"}},{"type":"Feature","geometry":{"type":"Point","coordinates":[121.51071,25.06725]},"properties":{"supply_id":"taipei-onstreet-103714901","city":"taipei","district":"大同區","display_name":"迪化街2段149巷 車格 103714901","address":"迪化街2段149巷","facility_kind":"onstreet","symbol_text":null,"type_reference":"路邊停車格","type_confidence":0.6,"price_raw":null,"price_value":null,"capacity_total":1,"available_total":null,"occupied_total":null,"status_label":"狀態未知","data_time":"2026-05-02 15:53:29+08:00","city_label":"臺北市","facility_kind_label":"路邊車格","available_rate":null,"occupancy_rate":null,"price_tier":"unknown","price_tier_label":"價格未知"}},{"type":"Feature","geometry":{"type":"Point","coordinates":[121.50941,25.0601]},"properties":{"supply_id":"taipei-onstreet-10340A07","city":"taipei","district":"大同區","display_name":"迪化街1段A 車格 10340A07","address":"迪化街1段A","facility_kind":"onstreet","symbol_text":null,"type_reference":"路邊停車格","type_confidence":0.6,"price_raw":null,"price_value":null,"capacity_total":1,"available_total":null,"occupied_total":null,"status_label":"狀態未知","data_time":"2026-05-02 15:53:29+08:00","city_label":"臺北市","facility_kind_label":"路邊車格","available_rate":null,"occupancy_rate":null,"price_tier":"unknown","price_tier_label":"價格未知"}},{"type":"Feature","geometry":{"type":"Point","coordinates":[121.51734,25.06862]},"properties":{"supply_id":"taipei-onstreet-10420006","city":"taipei","district":"大同區","display_name":"民族西路 車格 10420006","address":"民族西路","facility_kind":"onstreet","symbol_text":null,"type_reference":"路邊停車格","type_confidence":0.6,"price_raw":null,"price_value":null,"capacity_total":1,"available_total":null,"occupied_total":null,"status_label":"狀態未知","data_time":"2026-05-02 15:53:29+08:00","city_label":"臺北市","facility_kind_label":"路邊車格","available_rate":null,"occupancy_rate":null,"price_tier":"unknown","price_tier_label":"價格未知"}},{"type":"Feature","geometry":{"type":"Point","coordinates":[121.51512,25.07646]},"properties":{"supply_id":"taipei-onstreet-10700B030","city":"taipei","district":"大同區","display_name":"慶昌橋下停車場 車格 10700B030","address":"慶昌橋下停車場","facility_kind":"onstreet","symbol_text":null,"type_reference":"路邊停車格","type_confidence":0.6,"price_raw":null,"price_value":null,"capacity_total":1,"available_total":null,"occupied_total":null,"status_label":"狀態未知","data_time":"2026-05-02 15:53:29+08:00","city_label":"臺北市","facility_kind_label":"路邊車格","available_rate":null,"occupancy_rate":null,"price_tier":"unknown","price_tier_label":"價格未知"}},{"type":"Feature","geometry":{"type":"Point","coordinates":[121.51696,25.06428]},"properties":{"supply_id":"taipei-onstreet-104502401","city":"taipei","district":"大同區","display_name":"承德路3段24巷 車格 104502401","address":"承德路3段24巷","facility_kind":"onstreet","symbol_text":null,"type_reference":"路邊停車格","type_confidence":0.6,"price_raw":null,"price_value":null,"capacity_total":1,"available_total":1,"occupied_total":0,"status_label":"空位","data_time":"2026-05-02 15:53:29+08:00","city_label":"臺北市","facility_kind_label":"路邊車格","available_rate":1,"occupancy_rate":0,"price_tier":"unknown","price_tier_label":"價格未知"}},{"type":"Feature","geometry":{"type":"Point","coordinates":[121.51193,25.06873]},"properties":{"supply_id":"taipei-onstreet-104200044","city":"taipei","district":"大同區","display_name":"民族西路 車格 104200044","address":"民族西路","facility_kind":"onstreet","symbol_text":null,"type_reference":"路邊停車格","type_confidence":0.6,"price_raw":null,"price_value":null,"capacity_total":1,"available_total":1,"occupied_total":0,"status_label":"空位","data_time":"2026-05-02 15:53:29+08:00","city_label":"臺北市","facility_kind_label":"路邊車格","available_rate":1,"occupancy_rate":0,"price_tier":"unknown","price_tier_label":"價格未知"}},{"type":"Feature","geometry":{"type":"Point","coordinates":[121.50879,25.05484]},"properties":{"supply_id":"taipei-onstreet-1023Y0075","city":"taipei","district":"大同區","display_name":"西寧北路 車格 1023Y0075","address":"西寧北路","facility_kind":"onstreet","symbol_text":null,"type_reference":"路邊停車格","type_confidence":0.6,"price_raw":null,"price_value":null,"capacity_total":1,"available_total":1,"occupied_total":0,"status_label":"空位","data_time":"2026-05-02 15:53:29+08:00","city_label":"臺北市","facility_kind_label":"路邊車格","available_rate":1,"occupancy_rate":0,"price_tier":"unknown","price_tier_label":"價格未知"}},{"type":"Feature","geometry":{"type":"Point","coordinates":[121.50878,25.05368]},"properties":{"supply_id":"taipei-onstreet-1023Y0043","city":"taipei","district":"大同區","display_name":"西寧北路 車格 1023Y0043","address":"西寧北路","facility_kind":"onstreet","symbol_text":null,"type_reference":"路邊停車格","type_confidence":0.6,"price_raw":null,"price_value":null,"capacity_total":1,"available_total":null,"occupied_total":null,"status_label":"狀態未知","data_time":"2026-05-02 15:53:29+08:00","city_label":"臺北市","facility_kind_label":"路邊車格","available_rate":null,"occupancy_rate":null,"price_tier":"unknown","price_tier_label":"價格未知"}},{"type":"Feature","geometry":{"type":"Point","coordinates":[121.51765,25.06045]},"properties":{"supply_id":"taipei-onstreet-10381022","city":"taipei","district":"大同區","display_name":"民權西路102巷 車格 10381022","address":"民權西路102巷","facility_kind":"onstreet","symbol_text":null,"type_reference":"路邊停車格","type_confidence":0.6,"price_raw":null,"price_value":null,"capacity_total":1,"available_total":null,"occupied_total":null,"status_label":"狀態未知","data_time":"2026-05-02 15:53:29+08:00","city_label":"臺北市","facility_kind_label":"路邊車格","available_rate":null,"occupancy_rate":null,"price_tier":"unknown","price_tier_label":"價格未知"}},{"type":"Feature","geometry":{"type":"Point","coordinates":[121.51586,25.06015]},"properties":{"supply_id":"taipei-onstreet-102905339","city":"taipei","district":"大同區","display_name":"錦西街53巷 車格 102905339","address":"錦西街53巷","facility_kind":"onstreet","symbol_text":null,"type_reference":"路邊停車格","type_confidence":0.6,"price_raw":null,"price_value":null,"capacity_total":1,"available_total":1,"occupied_total":0,"status_label":"空位","data_time":"2026-05-02 15:53:29+08:00","city_label":"臺北市","facility_kind_label":"路邊車格","available_rate":1,"occupancy_rate":0,"price_tier":"unknown","price_tier_label":"價格未知"}},{"type":"Feature","geometry":{"type":"Point","coordinates":[121.51925,25.07754]},"properties":{"supply_id":"taipei-onstreet-613600090","city":"taipei","district":"大同區","display_name":"承德橋下停車場(堤外) 車格 613600090","address":"承德橋下停車場(堤外)","facility_kind":"onstreet","symbol_text":null,"type_reference":"路邊停車格","type_confidence":0.6,"price_raw":null,"price_value":null,"capacity_total":1,"available_total":null,"occupied_total":null,"status_label":"狀態未知","data_time":"2026-05-02 15:53:29+08:00","city_label":"臺北市","facility_kind_label":"路邊車格","available_rate":null,"occupancy_rate":null,"price_tier":"unknown","price_tier_label":"價格未知"}},{"type":"Feature","geometry":{"type":"Point","coordinates":[121.50642,25.0522]},"properties":{"supply_id":"taipei-onstreet-607500051","city":"taipei","district":"大同區","display_name":"環河北路（3號水門堤外）小型車 車格 607500051","address":"環河北路（3號水門堤外）小型車","facility_kind":"onstreet","symbol_text":null,"type_reference":"路邊停車格","type_confidence":0.6,"price_raw":null,"price_value":null,"capacity_total":1,"available_total":null,"occupied_total":null,"status_label":"狀態未知","data_time":"2026-05-02 15:53:29+08:00","city_label":"臺北市","facility_kind_label":"路邊車格","available_rate":null,"occupancy_rate":null,"price_tier":"unknown","price_tier_label":"價格未知"}},{"type":"Feature","geometry":{"type":"Point","coordinates":[121.51096,25.05413]},"properties":{"supply_id":"taipei-onstreet-10320B045","city":"taipei","district":"大同區","display_name":"民樂街 車格 10320B045","address":"民樂街","facility_kind":"onstreet","symbol_text":null,"type_reference":"路邊停車格","type_confidence":0.6,"price_raw":null,"price_value":null,"capacity_total":1,"available_total":null,"occupied_total":null,"status_label":"狀態未知","data_time":"2026-05-02 15:53:29+08:00","city_label":"臺北市","facility_kind_label":"路邊車格","available_rate":null,"occupancy_rate":null,"price_tier":"unknown","price_tier_label":"價格未知"}},{"type":"Feature","geometry":{"type":"Point","coordinates":[121.51546,25.07637]},"properties":{"supply_id":"taipei-onstreet-10700B048","city":"taipei","district":"大同區","display_name":"慶昌橋下停車場 車格 10700B048","address":"慶昌橋下停車場","facility_kind":"onstreet","symbol_text":null,"type_reference":"路邊停車格","type_confidence":0.6,"price_raw":null,"price_value":null,"capacity_total":1,"available_total":null,"occupied_total":null,"status_label":"狀態未知","data_time":"2026-05-02 15:53:29+08:00","city_label":"臺北市","facility_kind_label":"路邊車格","available_rate":null,"occupancy_rate":null,"price_tier":"unknown","price_tier_label":"價格未知"}},{"type":"Feature","geometry":{"type":"Point","coordinates":[121.51681,25.07542]},"properties":{"supply_id":"taipei-onstreet-106905306","city":"taipei","district":"大同區","display_name":"哈密街59巷53弄 車格 106905306","address":"哈密街59巷53弄","facility_kind":"onstreet","symbol_text":null,"type_reference":"路邊停車格","type_confidence":0.6,"price_raw":null,"price_value":null,"capacity_total":1,"available_total":null,"occupied_total":null,"status_label":"狀態未知","data_time":"2026-05-02 15:53:29+08:00","city_label":"臺北市","facility_kind_label":"路邊車格","available_rate":null,"occupancy_rate":null,"price_tier":"unknown","price_tier_label":"價格未知"}},{"type":"Feature","geometry":{"type":"Point","coordinates":[121.50908,25.07385]},"properties":{"supply_id":"taipei-onstreet-106500024","city":"taipei","district":"大同區","display_name":"環河北路2段 車格 106500024","address":"環河北路2段","facility_kind":"onstreet","symbol_text":null,"type_reference":"路邊停車格","type_confidence":0.6,"price_raw":null,"price_value":null,"capacity_total":1,"available_total":null,"occupied_total":null,"status_label":"狀態未知","data_time":"2026-05-02 15:53:29+08:00","city_label":"臺北市","facility_kind_label":"路邊車格","available_rate":null,"occupancy_rate":null,"price_tier":"unknown","price_tier_label":"價格未知"}},{"type":"Feature","geometry":{"type":"Point","coordinates":[121.50624,25.05194]},"properties":{"supply_id":"taipei-onstreet-6075000223","city":"taipei","district":"大同區","display_name":"環河北路（3號水門堤外）小型車 車格 6075000223","address":"環河北路（3號水門堤外）小型車","facility_kind":"onstreet","symbol_text":null,"type_reference":"路邊停車格","type_confidence":0.6,"price_raw":null,"price_value":null,"capacity_total":1,"available_total":null,"occupied_total":null,"status_label":"狀態未知","data_time":"2026-05-02 15:53:29+08:00","city_label":"臺北市","facility_kind_label":"路邊車格","available_rate":null,"occupancy_rate":null,"price_tier":"unknown","price_tier_label":"價格未知"}},{"type":"Feature","geometry":{"type":"Point","coordinates":[121.5099,25.06923]},"properties":{"supply_id":"taipei-onstreet-106520502","city":"taipei","district":"大同區","display_name":"環河北路2段205巷 車格 106520502","address":"環河北路2段205巷","facility_kind":"onstreet","symbol_text":null,"type_reference":"路邊停車格","type_confidence":0.6,"price_raw":null,"price_value":null,"capacity_total":1,"available_total":1,"occupied_total":0,"status_label":"空位","data_time":"2026-05-02 15:53:29+08:00","city_label":"臺北市","facility_kind_label":"路邊車格","available_rate":1,"occupancy_rate":0,"price_tier":"unknown","price_tier_label":"價格未知"}},{"type":"Feature","geometry":{"type":"Point","coordinates":[121.50973,25.07731]},"properties":{"supply_id":"taipei-onstreet-105829442","city":"taipei","district":"大同區","display_name":"延平北路4段294巷 車格 105829442","address":"延平北路4段294巷","facility_kind":"onstreet","symbol_text":null,"type_reference":"路邊停車格","type_confidence":0.6,"price_raw":null,"price_value":null,"capacity_total":1,"available_total":null,"occupied_total":null,"status_label":"狀態未知","data_time":"2026-05-02 15:53:29+08:00","city_label":"臺北市","facility_kind_label":"路邊車格","available_rate":null,"occupancy_rate":null,"price_tier":"unknown","price_tier_label":"價格未知"}},{"type":"Feature","geometry":{"type":"Point","coordinates":[121.51848,25.07554]},"properties":{"supply_id":"taipei-onstreet-10700A076","city":"taipei","district":"大同區","display_name":"敦煌路A 車格 10700A076","address":"敦煌路A","facility_kind":"onstreet","symbol_text":null,"type_reference":"路邊停車格","type_confidence":0.6,"price_raw":null,"price_value":null,"capacity_total":1,"available_total":null,"occupied_total":null,"status_label":"狀態未知","data_time":"2026-05-02 15:53:29+08:00","city_label":"臺北市","facility_kind_label":"路邊車格","available_rate":null,"occupancy_rate":null,"price_tier":"unknown","price_tier_label":"價格未知"}},{"type":"Feature","geometry":{"type":"Point","coordinates":[121.5152,25.07641]},"properties":{"supply_id":"taipei-onstreet-10700B038","city":"taipei","district":"大同區","display_name":"慶昌橋下停車場 車格 10700B038","address":"慶昌橋下停車場","facility_kind":"onstreet","symbol_text":null,"type_reference":"路邊停車格","type_confidence":0.6,"price_raw":null,"price_value":null,"capacity_total":1,"available_total":null,"occupied_total":null,"status_label":"狀態未知","data_time":"2026-05-02 15:53:29+08:00","city_label":"臺北市","facility_kind_label":"路邊車格","available_rate":null,"occupancy_rate":null,"price_tier":"unknown","price_tier_label":"價格未知"}},{"type":"Feature","geometry":{"type":"Point","coordinates":[121.51545,25.07642]},"properties":{"supply_id":"taipei-onstreet-10700B018","city":"taipei","district":"大同區","display_name":"慶昌橋下停車場 車格 10700B018","address":"慶昌橋下停車場","facility_kind":"onstreet","symbol_text":null,"type_reference":"路邊停車格","type_confidence":0.6,"price_raw":null,"price_value":null,"capacity_total":1,"available_total":null,"occupied_total":null,"status_label":"狀態未知","data_time":"2026-05-02 15:53:29+08:00","city_label":"臺北市","facility_kind_label":"路邊車格","available_rate":null,"occupancy_rate":null,"price_tier":"unknown","price_tier_label":"價格未知"}},{"type":"Feature","geometry":{"type":"Point","coordinates":[121.5128,25.05882]},"properties":{"supply_id":"taipei-onstreet-103100012","city":"taipei","district":"大同區","display_name":"甘州街 車格 103100012","address":"甘州街","facility_kind":"onstreet","symbol_text":null,"type_reference":"路邊停車格","type_confidence":0.6,"price_raw":null,"price_value":null,"capacity_total":1,"available_total":1,"occupied_total":0,"status_label":"空位","data_time":"2026-05-02 15:53:29+08:00","city_label":"臺北市","facility_kind_label":"路邊車格","available_rate":1,"occupancy_rate":0,"price_tier":"unknown","price_tier_label":"價格未知"}},{"type":"Feature","geometry":{"type":"Point","coordinates":[121.5099,25.0509]},"properties":{"supply_id":"taipei-onstreet-10101433","city":"taipei","district":"大同區","display_name":"鄭州路143巷 車格 10101433","address":"鄭州路143巷","facility_kind":"onstreet","symbol_text":null,"type_reference":"路邊停車格","type_confidence":0.6,"price_raw":null,"price_value":null,"capacity_total":1,"available_total":null,"occupied_total":null,"status_label":"狀態未知","data_time":"2026-05-02 15:53:29+08:00","city_label":"臺北市","facility_kind_label":"路邊車格","available_rate":null,"occupancy_rate":null,"price_tier":"unknown","price_tier_label":"價格未知"}},{"type":"Feature","geometry":{"type":"Point","coordinates":[121.51588,25.06111]},"properties":{"supply_id":"taipei-onstreet-102905350","city":"taipei","district":"大同區","display_name":"錦西街53巷 車格 102905350","address":"錦西街53巷","facility_kind":"onstreet","symbol_text":null,"type_reference":"路邊停車格","type_confidence":0.6,"price_raw":null,"price_value":null,"capacity_total":1,"available_total":1,"occupied_total":0,"status_label":"空位","data_time":"2026-05-02 15:53:29+08:00","city_label":"臺北市","facility_kind_label":"路邊車格","available_rate":1,"occupancy_rate":0,"price_tier":"unknown","price_tier_label":"價格未知"}},{"type":"Feature","geometry":{"type":"Point","coordinates":[121.5153,25.05096]},"properties":{"supply_id":"taipei-onstreet-101500A56","city":"taipei","district":"大同區","display_name":"太原路A 車格 101500A56","address":"太原路A","facility_kind":"onstreet","symbol_text":null,"type_reference":"路邊停車格","type_confidence":0.6,"price_raw":null,"price_value":null,"capacity_total":1,"available_total":1,"occupied_total":0,"status_label":"空位","data_time":"2026-05-02 15:53:29+08:00","city_label":"臺北市","facility_kind_label":"路邊車格","available_rate":1,"occupancy_rate":0,"price_tier":"unknown","price_tier_label":"價格未知"}},{"type":"Feature","geometry":{"type":"Point","coordinates":[121.50672,25.052]},"properties":{"supply_id":"taipei-onstreet-6075000129","city":"taipei","district":"大同區","display_name":"環河北路（3號水門堤外）小型車 車格 6075000129","address":"環河北路（3號水門堤外）小型車","facility_kind":"onstreet","symbol_text":null,"type_reference":"路邊停車格","type_confidence":0.6,"price_raw":null,"price_value":null,"capacity_total":1,"available_total":null,"occupied_total":null,"status_label":"狀態未知","data_time":"2026-05-02 15:53:29+08:00","city_label":"臺北市","facility_kind_label":"路邊車格","available_rate":null,"occupancy_rate":null,"price_tier":"unknown","price_tier_label":"價格未知"}},{"type":"Feature","geometry":{"type":"Point","coordinates":[121.51542,25.05098]},"properties":{"supply_id":"taipei-onstreet-101500A86","city":"taipei","district":"大同區","display_name":"太原路A 車格 101500A86","address":"太原路A","facility_kind":"onstreet","symbol_text":null,"type_reference":"路邊停車格","type_confidence":0.6,"price_raw":null,"price_value":null,"capacity_total":1,"available_total":1,"occupied_total":0,"status_label":"空位","data_time":"2026-05-02 15:53:29+08:00","city_label":"臺北市","facility_kind_label":"路邊車格","available_rate":1,"occupancy_rate":0,"price_tier":"unknown","price_tier_label":"價格未知"}},{"type":"Feature","geometry":{"type":"Point","coordinates":[121.51185,25.07806]},"properties":{"supply_id":"taipei-onstreet-10580A017","city":"taipei","district":"大同區","display_name":"延平北路4至5段1巷 車格 10580A017","address":"延平北路4至5段1巷","facility_kind":"onstreet","symbol_text":null,"type_reference":"路邊停車格","type_confidence":0.6,"price_raw":null,"price_value":null,"capacity_total":1,"available_total":null,"occupied_total":null,"status_label":"狀態未知","data_time":"2026-05-02 15:53:29+08:00","city_label":"臺北市","facility_kind_label":"路邊車格","available_rate":null,"occupancy_rate":null,"price_tier":"unknown","price_tier_label":"價格未知"}},{"type":"Feature","geometry":{"type":"Point","coordinates":[121.51596,25.06138]},"properties":{"supply_id":"taipei-onstreet-102905322","city":"taipei","district":"大同區","display_name":"錦西街53巷 車格 102905322","address":"錦西街53巷","facility_kind":"onstreet","symbol_text":null,"type_reference":"路邊停車格","type_confidence":0.6,"price_raw":null,"price_value":null,"capacity_total":1,"available_total":1,"occupied_total":0,"status_label":"空位","data_time":"2026-05-02 15:53:29+08:00","city_label":"臺北市","facility_kind_label":"路邊車格","available_rate":1,"occupancy_rate":0,"price_tier":"unknown","price_tier_label":"價格未知"}},{"type":"Feature","geometry":{"type":"Point","coordinates":[121.50868,25.05289]},"properties":{"supply_id":"taipei-onstreet-1023Y0034","city":"taipei","district":"大同區","display_name":"西寧北路 車格 1023Y0034","address":"西寧北路","facility_kind":"onstreet","symbol_text":null,"type_reference":"路邊停車格","type_confidence":0.6,"price_raw":null,"price_value":null,"capacity_total":1,"available_total":null,"occupied_total":null,"status_label":"狀態未知","data_time":"2026-05-02 15:53:29+08:00","city_label":"臺北市","facility_kind_label":"路邊車格","available_rate":null,"occupancy_rate":null,"price_tier":"unknown","price_tier_label":"價格未知"}},{"type":"Feature","geometry":{"type":"Point","coordinates":[121.51057,25.06724]},"properties":{"supply_id":"taipei-onstreet-103714903","city":"taipei","district":"大同區","display_name":"迪化街2段149巷 車格 103714903","address":"迪化街2段149巷","facility_kind":"onstreet","symbol_text":null,"type_reference":"路邊停車格","type_confidence":0.6,"price_raw":null,"price_value":null,"capacity_total":1,"available_total":null,"occupied_total":null,"status_label":"狀態未知","data_time":"2026-05-02 15:53:29+08:00","city_label":"臺北市","facility_kind_label":"路邊車格","available_rate":null,"occupancy_rate":null,"price_tier":"unknown","price_tier_label":"價格未知"}},{"type":"Feature","geometry":{"type":"Point","coordinates":[121.5143,25.0571]},"properties":{"supply_id":"taipei-onstreet-102500049A","city":"taipei","district":"大同區","display_name":"民生西路 車格 102500049A","address":"民生西路","facility_kind":"onstreet","symbol_text":null,"type_reference":"路邊停車格","type_confidence":0.6,"price_raw":null,"price_value":null,"capacity_total":1,"available_total":null,"occupied_total":null,"status_label":"狀態未知","data_time":"2026-05-02 15:53:29+08:00","city_label":"臺北市","facility_kind_label":"路邊車格","available_rate":null,"occupancy_rate":null,"price_tier":"unknown","price_tier_label":"價格未知"}},{"type":"Feature","geometry":{"type":"Point","coordinates":[121.51233,25.07153]},"properties":{"supply_id":"taipei-onstreet-10510457","city":"taipei","district":"大同區","display_name":"重慶北路3段236巷45弄 車格 10510457","address":"重慶北路3段236巷45弄","facility_kind":"onstreet","symbol_text":null,"type_reference":"路邊停車格","type_confidence":0.6,"price_raw":null,"price_value":null,"capacity_total":1,"available_total":null,"occupied_total":null,"status_label":"狀態未知","data_time":"2026-05-02 15:53:29+08:00","city_label":"臺北市","facility_kind_label":"路邊車格","available_rate":null,"occupancy_rate":null,"price_tier":"unknown","price_tier_label":"價格未知"}},{"type":"Feature","geometry":{"type":"Point","coordinates":[121.51101,25.05457]},"properties":{"supply_id":"taipei-onstreet-10320B07","city":"taipei","district":"大同區","display_name":"民樂街 車格 10320B07","address":"民樂街","facility_kind":"onstreet","symbol_text":null,"type_reference":"路邊停車格","type_confidence":0.6,"price_raw":null,"price_value":null,"capacity_total":1,"available_total":null,"occupied_total":null,"status_label":"狀態未知","data_time":"2026-05-02 15:53:29+08:00","city_label":"臺北市","facility_kind_label":"路邊車格","available_rate":null,"occupancy_rate":null,"price_tier":"unknown","price_tier_label":"價格未知"}},{"type":"Feature","geometry":{"type":"Point","coordinates":[121.50904,25.05604]},"properties":{"supply_id":"taipei-onstreet-1023Y0053","city":"taipei","district":"大同區","display_name":"西寧北路 車格 1023Y0053","address":"西寧北路","facility_kind":"onstreet","symbol_text":null,"type_reference":"路邊停車格","type_confidence":0.6,"price_raw":null,"price_value":null,"capacity_total":1,"available_total":1,"occupied_total":0,"status_label":"空位","data_time":"2026-05-02 15:53:29+08:00","city_label":"臺北市","facility_kind_label":"路邊車格","available_rate":1,"occupancy_rate":0,"price_tier":"unknown","price_tier_label":"價格未知"}},{"type":"Feature","geometry":{"type":"Point","coordinates":[121.51174,25.07793]},"properties":{"supply_id":"taipei-onstreet-10580A057","city":"taipei","district":"大同區","display_name":"延平北路4至5段1巷 車格 10580A057","address":"延平北路4至5段1巷","facility_kind":"onstreet","symbol_text":null,"type_reference":"路邊停車格","type_confidence":0.6,"price_raw":null,"price_value":null,"capacity_total":1,"available_total":null,"occupied_total":null,"status_label":"狀態未知","data_time":"2026-05-02 15:53:29+08:00","city_label":"臺北市","facility_kind_label":"路邊車格","available_rate":null,"occupancy_rate":null,"price_tier":"unknown","price_tier_label":"價格未知"}},{"type":"Feature","geometry":{"type":"Point","coordinates":[121.50658,25.0522]},"properties":{"supply_id":"taipei-onstreet-607500027","city":"taipei","district":"大同區","display_name":"環河北路（3號水門堤外）小型車 車格 607500027","address":"環河北路（3號水門堤外）小型車","facility_kind":"onstreet","symbol_text":null,"type_reference":"路邊停車格","type_confidence":0.6,"price_raw":null,"price_value":null,"capacity_total":1,"available_total":null,"occupied_total":null,"status_label":"狀態未知","data_time":"2026-05-02 15:53:29+08:00","city_label":"臺北市","facility_kind_label":"路邊車格","available_rate":null,"occupancy_rate":null,"price_tier":"unknown","price_tier_label":"價格未知"}},{"type":"Feature","geometry":{"type":"Point","coordinates":[121.5185,25.07789]},"properties":{"supply_id":"taipei-onstreet-6136000132","city":"taipei","district":"大同區","display_name":"承德橋下停車場(堤外) 車格 6136000132","address":"承德橋下停車場(堤外)","facility_kind":"onstreet","symbol_text":null,"type_reference":"路邊停車格","type_confidence":0.6,"price_raw":null,"price_value":null,"capacity_total":1,"available_total":null,"occupied_total":null,"status_label":"狀態未知","data_time":"2026-05-02 15:53:29+08:00","city_label":"臺北市","facility_kind_label":"路邊車格","available_rate":null,"occupancy_rate":null,"price_tier":"unknown","price_tier_label":"價格未知"}},{"type":"Feature","geometry":{"type":"Point","coordinates":[121.51909,25.07753]},"properties":{"supply_id":"taipei-onstreet-613600040","city":"taipei","district":"大同區","display_name":"承德橋下停車場(堤外) 車格 613600040","address":"承德橋下停車場(堤外)","facility_kind":"onstreet","symbol_text":null,"type_reference":"路邊停車格","type_confidence":0.6,"price_raw":null,"price_value":null,"capacity_total":1,"available_total":null,"occupied_total":null,"status_label":"狀態未知","data_time":"2026-05-02 15:53:29+08:00","city_label":"臺北市","facility_kind_label":"路邊車格","available_rate":null,"occupancy_rate":null,"price_tier":"unknown","price_tier_label":"價格未知"}},{"type":"Feature","geometry":{"type":"Point","coordinates":[121.51813,25.0758]},"properties":{"supply_id":"taipei-onstreet-10700A039","city":"taipei","district":"大同區","display_name":"敦煌路A 車格 10700A039","address":"敦煌路A","facility_kind":"onstreet","symbol_text":null,"type_reference":"路邊停車格","type_confidence":0.6,"price_raw":null,"price_value":null,"capacity_total":1,"available_total":null,"occupied_total":null,"status_label":"狀態未知","data_time":"2026-05-02 15:53:29+08:00","city_label":"臺北市","facility_kind_label":"路邊車格","available_rate":null,"occupancy_rate":null,"price_tier":"unknown","price_tier_label":"價格未知"}},{"type":"Feature","geometry":{"type":"Point","coordinates":[121.50889,25.05597]},"properties":{"supply_id":"taipei-onstreet-1023Y0060","city":"taipei","district":"大同區","display_name":"西寧北路 車格 1023Y0060","address":"西寧北路","facility_kind":"onstreet","symbol_text":null,"type_reference":"路邊停車格","type_confidence":0.6,"price_raw":null,"price_value":null,"capacity_total":1,"available_total":null,"occupied_total":null,"status_label":"狀態未知","data_time":"2026-05-02 15:53:29+08:00","city_label":"臺北市","facility_kind_label":"路邊車格","available_rate":null,"occupancy_rate":null,"price_tier":"unknown","price_tier_label":"價格未知"}},{"type":"Feature","geometry":{"type":"Point","coordinates":[121.51158,25.07733]},"properties":{"supply_id":"taipei-onstreet-10582948","city":"taipei","district":"大同區","display_name":"延平北路4段294巷 車格 10582948","address":"延平北路4段294巷","facility_kind":"onstreet","symbol_text":null,"type_reference":"路邊停車格","type_confidence":0.6,"price_raw":null,"price_value":null,"capacity_total":1,"available_total":null,"occupied_total":null,"status_label":"狀態未知","data_time":"2026-05-02 15:53:29+08:00","city_label":"臺北市","facility_kind_label":"路邊車格","available_rate":null,"occupancy_rate":null,"price_tier":"unknown","price_tier_label":"價格未知"}},{"type":"Feature","geometry":{"type":"Point","coordinates":[121.51233,25.07157]},"properties":{"supply_id":"taipei-onstreet-10510456","city":"taipei","district":"大同區","display_name":"重慶北路3段236巷45弄 車格 10510456","address":"重慶北路3段236巷45弄","facility_kind":"onstreet","symbol_text":null,"type_reference":"路邊停車格","type_confidence":0.6,"price_raw":null,"price_value":null,"capacity_total":1,"available_total":null,"occupied_total":null,"status_label":"狀態未知","data_time":"2026-05-02 15:53:29+08:00","city_label":"臺北市","facility_kind_label":"路邊車格","available_rate":null,"occupancy_rate":null,"price_tier":"unknown","price_tier_label":"價格未知"}},{"type":"Feature","geometry":{"type":"Point","coordinates":[121.50983,25.07223]},"properties":{"supply_id":"taipei-onstreet-10680A028","city":"taipei","district":"大同區","display_name":"酒泉街 車格 10680A028","address":"酒泉街","facility_kind":"onstreet","symbol_text":null,"type_reference":"路邊停車格","type_confidence":0.6,"price_raw":null,"price_value":null,"capacity_total":1,"available_total":1,"occupied_total":0,"status_label":"空位","data_time":"2026-05-02 15:53:29+08:00","city_label":"臺北市","facility_kind_label":"路邊車格","available_rate":1,"occupancy_rate":0,"price_tier":"unknown","price_tier_label":"價格未知"}},{"type":"Feature","geometry":{"type":"Point","coordinates":[121.51909,25.07748]},"properties":{"supply_id":"taipei-onstreet-613600016","city":"taipei","district":"大同區","display_name":"承德橋下停車場(堤外) 車格 613600016","address":"承德橋下停車場(堤外)","facility_kind":"onstreet","symbol_text":null,"type_reference":"路邊停車格","type_confidence":0.6,"price_raw":null,"price_value":null,"capacity_total":1,"available_total":null,"occupied_total":null,"status_label":"狀態未知","data_time":"2026-05-02 15:53:29+08:00","city_label":"臺北市","facility_kind_label":"路邊車格","available_rate":null,"occupancy_rate":null,"price_tier":"unknown","price_tier_label":"價格未知"}},{"type":"Feature","geometry":{"type":"Point","coordinates":[121.50889,25.05587]},"properties":{"supply_id":"taipei-onstreet-1023Y0062","city":"taipei","district":"大同區","display_name":"西寧北路 車格 1023Y0062","address":"西寧北路","facility_kind":"onstreet","symbol_text":null,"type_reference":"路邊停車格","type_confidence":0.6,"price_raw":null,"price_value":null,"capacity_total":1,"available_total":1,"occupied_total":0,"status_label":"空位","data_time":"2026-05-02 15:53:29+08:00","city_label":"臺北市","facility_kind_label":"路邊車格","available_rate":1,"occupancy_rate":0,"price_tier":"unknown","price_tier_label":"價格未知"}},{"type":"Feature","geometry":{"type":"Point","coordinates":[121.51482,25.06626]},"properties":{"supply_id":"taipei-onstreet-10550616","city":"taipei","district":"大同區","display_name":"昌吉街61巷 車格 10550616","address":"昌吉街61巷","facility_kind":"onstreet","symbol_text":null,"type_reference":"路邊停車格","type_confidence":0.6,"price_raw":null,"price_value":null,"capacity_total":1,"available_total":null,"occupied_total":null,"status_label":"狀態未知","data_time":"2026-05-02 15:53:29+08:00","city_label":"臺北市","facility_kind_label":"路邊車格","available_rate":null,"occupancy_rate":null,"price_tier":"unknown","price_tier_label":"價格未知"}},{"type":"Feature","geometry":{"type":"Point","coordinates":[121.51938,25.05852]},"properties":{"supply_id":"taipei-onstreet-102700A2","city":"taipei","district":"大同區","display_name":"萬全街A 車格 102700A2","address":"萬全街A","facility_kind":"onstreet","symbol_text":null,"type_reference":"路邊停車格","type_confidence":0.6,"price_raw":null,"price_value":null,"capacity_total":1,"available_total":null,"occupied_total":null,"status_label":"狀態未知","data_time":"2026-05-02 15:53:29+08:00","city_label":"臺北市","facility_kind_label":"路邊車格","available_rate":null,"occupancy_rate":null,"price_tier":"unknown","price_tier_label":"價格未知"}},{"type":"Feature","geometry":{"type":"Point","coordinates":[121.51296,25.07285]},"properties":{"supply_id":"taipei-onstreet-106900049","city":"taipei","district":"大同區","display_name":"哈密街 車格 106900049","address":"哈密街","facility_kind":"onstreet","symbol_text":null,"type_reference":"路邊停車格","type_confidence":0.6,"price_raw":null,"price_value":null,"capacity_total":1,"available_total":null,"occupied_total":null,"status_label":"狀態未知","data_time":"2026-05-02 15:53:29+08:00","city_label":"臺北市","facility_kind_label":"路邊車格","available_rate":null,"occupancy_rate":null,"price_tier":"unknown","price_tier_label":"價格未知"}},{"type":"Feature","geometry":{"type":"Point","coordinates":[121.50913,25.07332]},"properties":{"supply_id":"taipei-onstreet-106500013","city":"taipei","district":"大同區","display_name":"環河北路2段 車格 106500013","address":"環河北路2段","facility_kind":"onstreet","symbol_text":null,"type_reference":"路邊停車格","type_confidence":0.6,"price_raw":null,"price_value":null,"capacity_total":1,"available_total":null,"occupied_total":null,"status_label":"狀態未知","data_time":"2026-05-02 15:53:29+08:00","city_label":"臺北市","facility_kind_label":"路邊車格","available_rate":null,"occupancy_rate":null,"price_tier":"unknown","price_tier_label":"價格未知"}},{"type":"Feature","geometry":{"type":"Point","coordinates":[121.50878,25.05363]},"properties":{"supply_id":"taipei-onstreet-1023Y0042","city":"taipei","district":"大同區","display_name":"西寧北路 車格 1023Y0042","address":"西寧北路","facility_kind":"onstreet","symbol_text":null,"type_reference":"路邊停車格","type_confidence":0.6,"price_raw":null,"price_value":null,"capacity_total":1,"available_total":null,"occupied_total":null,"status_label":"狀態未知","data_time":"2026-05-02 15:53:29+08:00","city_label":"臺北市","facility_kind_label":"路邊車格","available_rate":null,"occupancy_rate":null,"price_tier":"unknown","price_tier_label":"價格未知"}},{"type":"Feature","geometry":{"type":"Point","coordinates":[121.52055,25.075]},"properties":{"supply_id":"taipei-onstreet-10700A056","city":"taipei","district":"大同區","display_name":"敦煌路A 車格 10700A056","address":"敦煌路A","facility_kind":"onstreet","symbol_text":null,"type_reference":"路邊停車格","type_confidence":0.6,"price_raw":null,"price_value":null,"capacity_total":1,"available_total":null,"occupied_total":null,"status_label":"狀態未知","data_time":"2026-05-02 15:53:29+08:00","city_label":"臺北市","facility_kind_label":"路邊車格","available_rate":null,"occupancy_rate":null,"price_tier":"unknown","price_tier_label":"價格未知"}},{"type":"Feature","geometry":{"type":"Point","coordinates":[121.50889,25.05458]},"properties":{"supply_id":"taipei-onstreet-1023Y0047","city":"taipei","district":"大同區","display_name":"西寧北路 車格 1023Y0047","address":"西寧北路","facility_kind":"onstreet","symbol_text":null,"type_reference":"路邊停車格","type_confidence":0.6,"price_raw":null,"price_value":null,"capacity_total":1,"available_total":1,"occupied_total":0,"status_label":"空位","data_time":"2026-05-02 15:53:29+08:00","city_label":"臺北市","facility_kind_label":"路邊車格","available_rate":1,"occupancy_rate":0,"price_tier":"unknown","price_tier_label":"價格未知"}},{"type":"Feature","geometry":{"type":"Point","coordinates":[121.50662,25.05203]},"properties":{"supply_id":"taipei-onstreet-6075000125","city":"taipei","district":"大同區","display_name":"環河北路（3號水門堤外）小型車 車格 6075000125","address":"環河北路（3號水門堤外）小型車","facility_kind":"onstreet","symbol_text":null,"type_reference":"路邊停車格","type_confidence":0.6,"price_raw":null,"price_value":null,"capacity_total":1,"available_total":null,"occupied_total":null,"status_label":"狀態未知","data_time":"2026-05-02 15:53:29+08:00","city_label":"臺北市","facility_kind_label":"路邊車格","available_rate":null,"occupancy_rate":null,"price_tier":"unknown","price_tier_label":"價格未知"}},{"type":"Feature","geometry":{"type":"Point","coordinates":[121.51945,25.06784]},"properties":{"supply_id":"taipei-onstreet-10420326","city":"taipei","district":"大同區","display_name":"民族西路32巷 車格 10420326","address":"民族西路32巷","facility_kind":"onstreet","symbol_text":null,"type_reference":"路邊停車格","type_confidence":0.6,"price_raw":null,"price_value":null,"capacity_total":1,"available_total":null,"occupied_total":null,"status_label":"狀態未知","data_time":"2026-05-02 15:53:29+08:00","city_label":"臺北市","facility_kind_label":"路邊車格","available_rate":null,"occupancy_rate":null,"price_tier":"unknown","price_tier_label":"價格未知"}},{"type":"Feature","geometry":{"type":"Point","coordinates":[121.51049,25.07008]},"properties":{"supply_id":"taipei-onstreet-104230302","city":"taipei","district":"大同區","display_name":"民族西路303巷 車格 104230302","address":"民族西路303巷","facility_kind":"onstreet","symbol_text":null,"type_reference":"路邊停車格","type_confidence":0.6,"price_raw":null,"price_value":null,"capacity_total":1,"available_total":null,"occupied_total":null,"status_label":"狀態未知","data_time":"2026-05-02 15:53:29+08:00","city_label":"臺北市","facility_kind_label":"路邊車格","available_rate":null,"occupancy_rate":null,"price_tier":"unknown","price_tier_label":"價格未知"}},{"type":"Feature","geometry":{"type":"Point","coordinates":[121.51321,25.05817]},"properties":{"supply_id":"taipei-onstreet-103600030","city":"taipei","district":"大同區","display_name":"歸綏街 車格 103600030","address":"歸綏街","facility_kind":"onstreet","symbol_text":null,"type_reference":"路邊停車格","type_confidence":0.6,"price_raw":null,"price_value":null,"capacity_total":1,"available_total":1,"occupied_total":0,"status_label":"空位","data_time":"2026-05-02 15:53:29+08:00","city_label":"臺北市","facility_kind_label":"路邊車格","available_rate":1,"occupancy_rate":0,"price_tier":"unknown","price_tier_label":"價格未知"}},{"type":"Feature","geometry":{"type":"Point","coordinates":[121.50913,25.07327]},"properties":{"supply_id":"taipei-onstreet-106500012","city":"taipei","district":"大同區","display_name":"環河北路2段 車格 106500012","address":"環河北路2段","facility_kind":"onstreet","symbol_text":null,"type_reference":"路邊停車格","type_confidence":0.6,"price_raw":null,"price_value":null,"capacity_total":1,"available_total":null,"occupied_total":null,"status_label":"狀態未知","data_time":"2026-05-02 15:53:29+08:00","city_label":"臺北市","facility_kind_label":"路邊車格","available_rate":null,"occupancy_rate":null,"price_tier":"unknown","price_tier_label":"價格未知"}},{"type":"Feature","geometry":{"type":"Point","coordinates":[121.5166,25.05561]},"properties":{"supply_id":"taipei-onstreet-10150005","city":"taipei","district":"大同區","display_name":"太原路 車格 10150005","address":"太原路","facility_kind":"onstreet","symbol_text":null,"type_reference":"路邊停車格","type_confidence":0.6,"price_raw":null,"price_value":null,"capacity_total":1,"available_total":null,"occupied_total":null,"status_label":"狀態未知","data_time":"2026-05-02 15:53:29+08:00","city_label":"臺北市","facility_kind_label":"路邊車格","available_rate":null,"occupancy_rate":null,"price_tier":"unknown","price_tier_label":"價格未知"}},{"type":"Feature","geometry":{"type":"Point","coordinates":[121.51237,25.05387]},"properties":{"supply_id":"taipei-onstreet-10130A0338","city":"taipei","district":"大同區","display_name":"南京西路A 車格 10130A0338","address":"南京西路A","facility_kind":"onstreet","symbol_text":null,"type_reference":"路邊停車格","type_confidence":0.6,"price_raw":null,"price_value":null,"capacity_total":1,"available_total":1,"occupied_total":0,"status_label":"空位","data_time":"2026-05-02 15:53:29+08:00","city_label":"臺北市","facility_kind_label":"路邊車格","available_rate":1,"occupancy_rate":0,"price_tier":"unknown","price_tier_label":"價格未知"}},{"type":"Feature","geometry":{"type":"Point","coordinates":[121.50982,25.05816]},"properties":{"supply_id":"taipei-onstreet-103600008","city":"taipei","district":"大同區","display_name":"歸綏街 車格 103600008","address":"歸綏街","facility_kind":"onstreet","symbol_text":null,"type_reference":"路邊停車格","type_confidence":0.6,"price_raw":null,"price_value":null,"capacity_total":1,"available_total":1,"occupied_total":0,"status_label":"空位","data_time":"2026-05-02 15:53:29+08:00","city_label":"臺北市","facility_kind_label":"路邊車格","available_rate":1,"occupancy_rate":0,"price_tier":"unknown","price_tier_label":"價格未知"}},{"type":"Feature","geometry":{"type":"Point","coordinates":[121.51909,25.0776]},"properties":{"supply_id":"taipei-onstreet-613600083","city":"taipei","district":"大同區","display_name":"承德橋下停車場(堤外) 車格 613600083","address":"承德橋下停車場(堤外)","facility_kind":"onstreet","symbol_text":null,"type_reference":"路邊停車格","type_confidence":0.6,"price_raw":null,"price_value":null,"capacity_total":1,"available_total":null,"occupied_total":null,"status_label":"狀態未知","data_time":"2026-05-02 15:53:29+08:00","city_label":"臺北市","facility_kind_label":"路邊車格","available_rate":null,"occupancy_rate":null,"price_tier":"unknown","price_tier_label":"價格未知"}},{"type":"Feature","geometry":{"type":"Point","coordinates":[121.51188,25.07217]},"properties":{"supply_id":"taipei-onstreet-10680A011","city":"taipei","district":"大同區","display_name":"酒泉街 車格 10680A011","address":"酒泉街","facility_kind":"onstreet","symbol_text":null,"type_reference":"路邊停車格","type_confidence":0.6,"price_raw":null,"price_value":null,"capacity_total":1,"available_total":1,"occupied_total":0,"status_label":"空位","data_time":"2026-05-02 15:53:29+08:00","city_label":"臺北市","facility_kind_label":"路邊車格","available_rate":1,"occupancy_rate":0,"price_tier":"unknown","price_tier_label":"價格未知"}},{"type":"Feature","geometry":{"type":"Point","coordinates":[121.51487,25.05901]},"properties":{"supply_id":"taipei-onstreet-10300B08","city":"taipei","district":"大同區","display_name":"寧夏路B 車格 10300B08","address":"寧夏路B","facility_kind":"onstreet","symbol_text":null,"type_reference":"路邊停車格","type_confidence":0.6,"price_raw":null,"price_value":null,"capacity_total":1,"available_total":null,"occupied_total":null,"status_label":"狀態未知","data_time":"2026-05-02 15:53:29+08:00","city_label":"臺北市","facility_kind_label":"路邊車格","available_rate":null,"occupancy_rate":null,"price_tier":"unknown","price_tier_label":"價格未知"}},{"type":"Feature","geometry":{"type":"Point","coordinates":[121.51935,25.06712]},"properties":{"supply_id":"taipei-onstreet-104203212","city":"taipei","district":"大同區","display_name":"民族西路32巷 車格 104203212","address":"民族西路32巷","facility_kind":"onstreet","symbol_text":null,"type_reference":"路邊停車格","type_confidence":0.6,"price_raw":null,"price_value":null,"capacity_total":1,"available_total":1,"occupied_total":0,"status_label":"空位","data_time":"2026-05-02 15:53:29+08:00","city_label":"臺北市","facility_kind_label":"路邊車格","available_rate":1,"occupancy_rate":0,"price_tier":"unknown","price_tier_label":"價格未知"}},{"type":"Feature","geometry":{"type":"Point","coordinates":[121.51151,25.07872]},"properties":{"supply_id":"taipei-onstreet-10580A027","city":"taipei","district":"大同區","display_name":"延平北路4至5段1巷 車格 10580A027","address":"延平北路4至5段1巷","facility_kind":"onstreet","symbol_text":null,"type_reference":"路邊停車格","type_confidence":0.6,"price_raw":null,"price_value":null,"capacity_total":1,"available_total":null,"occupied_total":null,"status_label":"狀態未知","data_time":"2026-05-02 15:53:29+08:00","city_label":"臺北市","facility_kind_label":"路邊車格","available_rate":null,"occupancy_rate":null,"price_tier":"unknown","price_tier_label":"價格未知"}},{"type":"Feature","geometry":{"type":"Point","coordinates":[121.51103,25.05439]},"properties":{"supply_id":"taipei-onstreet-10320B06","city":"taipei","district":"大同區","display_name":"民樂街 車格 10320B06","address":"民樂街","facility_kind":"onstreet","symbol_text":null,"type_reference":"路邊停車格","type_confidence":0.6,"price_raw":null,"price_value":null,"capacity_total":1,"available_total":null,"occupied_total":null,"status_label":"狀態未知","data_time":"2026-05-02 15:53:29+08:00","city_label":"臺北市","facility_kind_label":"路邊車格","available_rate":null,"occupancy_rate":null,"price_tier":"unknown","price_tier_label":"價格未知"}},{"type":"Feature","geometry":{"type":"Point","coordinates":[121.50875,25.05455]},"properties":{"supply_id":"taipei-onstreet-1023Y0080","city":"taipei","district":"大同區","display_name":"西寧北路 車格 1023Y0080","address":"西寧北路","facility_kind":"onstreet","symbol_text":null,"type_reference":"路邊停車格","type_confidence":0.6,"price_raw":null,"price_value":null,"capacity_total":1,"available_total":1,"occupied_total":0,"status_label":"空位","data_time":"2026-05-02 15:53:29+08:00","city_label":"臺北市","facility_kind_label":"路邊車格","available_rate":1,"occupancy_rate":0,"price_tier":"unknown","price_tier_label":"價格未知"}},{"type":"Feature","geometry":{"type":"Point","coordinates":[121.50995,25.05171]},"properties":{"supply_id":"taipei-onstreet-101014315","city":"taipei","district":"大同區","display_name":"鄭州路143巷 車格 101014315","address":"鄭州路143巷","facility_kind":"onstreet","symbol_text":null,"type_reference":"路邊停車格","type_confidence":0.6,"price_raw":null,"price_value":null,"capacity_total":1,"available_total":1,"occupied_total":0,"status_label":"空位","data_time":"2026-05-02 15:53:29+08:00","city_label":"臺北市","facility_kind_label":"路邊車格","available_rate":1,"occupancy_rate":0,"price_tier":"unknown","price_tier_label":"價格未知"}},{"type":"Feature","geometry":{"type":"Point","coordinates":[121.51322,25.07659]},"properties":{"supply_id":"taipei-onstreet-10700004","city":"taipei","district":"大同區","display_name":"敦煌路 車格 10700004","address":"敦煌路","facility_kind":"onstreet","symbol_text":null,"type_reference":"路邊停車格","type_confidence":0.6,"price_raw":null,"price_value":null,"capacity_total":1,"available_total":null,"occupied_total":null,"status_label":"狀態未知","data_time":"2026-05-02 15:53:29+08:00","city_label":"臺北市","facility_kind_label":"路邊車格","available_rate":null,"occupancy_rate":null,"price_tier":"unknown","price_tier_label":"價格未知"}},{"type":"Feature","geometry":{"type":"Point","coordinates":[121.50677,25.05214]},"properties":{"supply_id":"taipei-onstreet-607500023","city":"taipei","district":"大同區","display_name":"環河北路（3號水門堤外）小型車 車格 607500023","address":"環河北路（3號水門堤外）小型車","facility_kind":"onstreet","symbol_text":null,"type_reference":"路邊停車格","type_confidence":0.6,"price_raw":null,"price_value":null,"capacity_total":1,"available_total":null,"occupied_total":null,"status_label":"狀態未知","data_time":"2026-05-02 15:53:29+08:00","city_label":"臺北市","facility_kind_label":"路邊車格","available_rate":null,"occupancy_rate":null,"price_tier":"unknown","price_tier_label":"價格未知"}},{"type":"Feature","geometry":{"type":"Point","coordinates":[121.5187,25.07756]},"properties":{"supply_id":"taipei-onstreet-61360003","city":"taipei","district":"大同區","display_name":"承德橋下停車場(堤外) 車格 61360003","address":"承德橋下停車場(堤外)","facility_kind":"onstreet","symbol_text":null,"type_reference":"路邊停車格","type_confidence":0.6,"price_raw":null,"price_value":null,"capacity_total":1,"available_total":null,"occupied_total":null,"status_label":"狀態未知","data_time":"2026-05-02 15:53:29+08:00","city_label":"臺北市","facility_kind_label":"路邊車格","available_rate":null,"occupancy_rate":null,"price_tier":"unknown","price_tier_label":"價格未知"}},{"type":"Feature","geometry":{"type":"Point","coordinates":[121.51218,25.05813]},"properties":{"supply_id":"taipei-onstreet-103600024","city":"taipei","district":"大同區","display_name":"歸綏街 車格 103600024","address":"歸綏街","facility_kind":"onstreet","symbol_text":null,"type_reference":"路邊停車格","type_confidence":0.6,"price_raw":null,"price_value":null,"capacity_total":1,"available_total":1,"occupied_total":0,"status_label":"空位","data_time":"2026-05-02 15:53:29+08:00","city_label":"臺北市","facility_kind_label":"路邊車格","available_rate":1,"occupancy_rate":0,"price_tier":"unknown","price_tier_label":"價格未知"}},{"type":"Feature","geometry":{"type":"Point","coordinates":[121.50613,25.05187]},"properties":{"supply_id":"taipei-onstreet-6075000212","city":"taipei","district":"大同區","display_name":"環河北路（3號水門堤外）小型車 車格 6075000212","address":"環河北路（3號水門堤外）小型車","facility_kind":"onstreet","symbol_text":null,"type_reference":"路邊停車格","type_confidence":0.6,"price_raw":null,"price_value":null,"capacity_total":1,"available_total":null,"occupied_total":null,"status_label":"狀態未知","data_time":"2026-05-02 15:53:29+08:00","city_label":"臺北市","facility_kind_label":"路邊車格","available_rate":null,"occupancy_rate":null,"price_tier":"unknown","price_tier_label":"價格未知"}},{"type":"Feature","geometry":{"type":"Point","coordinates":[121.50993,25.05816]},"properties":{"supply_id":"taipei-onstreet-103600009","city":"taipei","district":"大同區","display_name":"歸綏街 車格 103600009","address":"歸綏街","facility_kind":"onstreet","symbol_text":null,"type_reference":"路邊停車格","type_confidence":0.6,"price_raw":null,"price_value":null,"capacity_total":1,"available_total":1,"occupied_total":0,"status_label":"空位","data_time":"2026-05-02 15:53:29+08:00","city_label":"臺北市","facility_kind_label":"路邊車格","available_rate":1,"occupancy_rate":0,"price_tier":"unknown","price_tier_label":"價格未知"}},{"type":"Feature","geometry":{"type":"Point","coordinates":[121.51532,25.05064]},"properties":{"supply_id":"taipei-onstreet-101500A79","city":"taipei","district":"大同區","display_name":"太原路A 車格 101500A79","address":"太原路A","facility_kind":"onstreet","symbol_text":null,"type_reference":"路邊停車格","type_confidence":0.6,"price_raw":null,"price_value":null,"capacity_total":1,"available_total":1,"occupied_total":0,"status_label":"空位","data_time":"2026-05-02 15:53:29+08:00","city_label":"臺北市","facility_kind_label":"路邊車格","available_rate":1,"occupancy_rate":0,"price_tier":"unknown","price_tier_label":"價格未知"}},{"type":"Feature","geometry":{"type":"Point","coordinates":[121.50933,25.06012]},"properties":{"supply_id":"taipei-onstreet-10340A015","city":"taipei","district":"大同區","display_name":"迪化街1段A 車格 10340A015","address":"迪化街1段A","facility_kind":"onstreet","symbol_text":null,"type_reference":"路邊停車格","type_confidence":0.6,"price_raw":null,"price_value":null,"capacity_total":1,"available_total":null,"occupied_total":null,"status_label":"狀態未知","data_time":"2026-05-02 15:53:29+08:00","city_label":"臺北市","facility_kind_label":"路邊車格","available_rate":null,"occupancy_rate":null,"price_tier":"unknown","price_tier_label":"價格未知"}},{"type":"Feature","geometry":{"type":"Point","coordinates":[121.51533,25.07644]},"properties":{"supply_id":"taipei-onstreet-10700B022","city":"taipei","district":"大同區","display_name":"慶昌橋下停車場 車格 10700B022","address":"慶昌橋下停車場","facility_kind":"onstreet","symbol_text":null,"type_reference":"路邊停車格","type_confidence":0.6,"price_raw":null,"price_value":null,"capacity_total":1,"available_total":null,"occupied_total":null,"status_label":"狀態未知","data_time":"2026-05-02 15:53:29+08:00","city_label":"臺北市","facility_kind_label":"路邊車格","available_rate":null,"occupancy_rate":null,"price_tier":"unknown","price_tier_label":"價格未知"}},{"type":"Feature","geometry":{"type":"Point","coordinates":[121.51096,25.05418]},"properties":{"supply_id":"taipei-onstreet-10320B044","city":"taipei","district":"大同區","display_name":"民樂街 車格 10320B044","address":"民樂街","facility_kind":"onstreet","symbol_text":null,"type_reference":"路邊停車格","type_confidence":0.6,"price_raw":null,"price_value":null,"capacity_total":1,"available_total":null,"occupied_total":null,"status_label":"狀態未知","data_time":"2026-05-02 15:53:29+08:00","city_label":"臺北市","facility_kind_label":"路邊車格","available_rate":null,"occupancy_rate":null,"price_tier":"unknown","price_tier_label":"價格未知"}},{"type":"Feature","geometry":{"type":"Point","coordinates":[121.50606,25.05189]},"properties":{"supply_id":"taipei-onstreet-6075000209","city":"taipei","district":"大同區","display_name":"環河北路（3號水門堤外）小型車 車格 6075000209","address":"環河北路（3號水門堤外）小型車","facility_kind":"onstreet","symbol_text":null,"type_reference":"路邊停車格","type_confidence":0.6,"price_raw":null,"price_value":null,"capacity_total":1,"available_total":null,"occupied_total":null,"status_label":"狀態未知","data_time":"2026-05-02 15:53:29+08:00","city_label":"臺北市","facility_kind_label":"路邊車格","available_rate":null,"occupancy_rate":null,"price_tier":"unknown","price_tier_label":"價格未知"}},{"type":"Feature","geometry":{"type":"Point","coordinates":[121.51651,25.07683]},"properties":{"supply_id":"taipei-onstreet-10700219","city":"taipei","district":"大同區","display_name":"敦煌路21巷 車格 10700219","address":"敦煌路21巷","facility_kind":"onstreet","symbol_text":null,"type_reference":"路邊停車格","type_confidence":0.6,"price_raw":null,"price_value":null,"capacity_total":1,"available_total":null,"occupied_total":null,"status_label":"狀態未知","data_time":"2026-05-02 15:53:29+08:00","city_label":"臺北市","facility_kind_label":"路邊車格","available_rate":null,"occupancy_rate":null,"price_tier":"unknown","price_tier_label":"價格未知"}},{"type":"Feature","geometry":{"type":"Point","coordinates":[121.51594,25.07026]},"properties":{"supply_id":"taipei-onstreet-106600020","city":"taipei","district":"大同區","display_name":"大龍街 車格 106600020","address":"大龍街","facility_kind":"onstreet","symbol_text":null,"type_reference":"路邊停車格","type_confidence":0.6,"price_raw":null,"price_value":null,"capacity_total":1,"available_total":1,"occupied_total":0,"status_label":"空位","data_time":"2026-05-02 15:53:29+08:00","city_label":"臺北市","facility_kind_label":"路邊車格","available_rate":1,"occupancy_rate":0,"price_tier":"unknown","price_tier_label":"價格未知"}},{"type":"Feature","geometry":{"type":"Point","coordinates":[121.51067,25.06724]},"properties":{"supply_id":"taipei-onstreet-103714902","city":"taipei","district":"大同區","display_name":"迪化街2段149巷 車格 103714902","address":"迪化街2段149巷","facility_kind":"onstreet","symbol_text":null,"type_reference":"路邊停車格","type_confidence":0.6,"price_raw":null,"price_value":null,"capacity_total":1,"available_total":null,"occupied_total":null,"status_label":"狀態未知","data_time":"2026-05-02 15:53:29+08:00","city_label":"臺北市","facility_kind_label":"路邊車格","available_rate":null,"occupancy_rate":null,"price_tier":"unknown","price_tier_label":"價格未知"}},{"type":"Feature","geometry":{"type":"Point","coordinates":[121.51111,25.07058]},"properties":{"supply_id":"taipei-onstreet-10372681","city":"taipei","district":"大同區","display_name":"迪化街2段268巷 車格 10372681","address":"迪化街2段268巷","facility_kind":"onstreet","symbol_text":null,"type_reference":"路邊停車格","type_confidence":0.6,"price_raw":null,"price_value":null,"capacity_total":1,"available_total":null,"occupied_total":null,"status_label":"狀態未知","data_time":"2026-05-02 15:53:29+08:00","city_label":"臺北市","facility_kind_label":"路邊車格","available_rate":null,"occupancy_rate":null,"price_tier":"unknown","price_tier_label":"價格未知"}},{"type":"Feature","geometry":{"type":"Point","coordinates":[121.51518,25.07641]},"properties":{"supply_id":"taipei-onstreet-10700B037","city":"taipei","district":"大同區","display_name":"慶昌橋下停車場 車格 10700B037","address":"慶昌橋下停車場","facility_kind":"onstreet","symbol_text":null,"type_reference":"路邊停車格","type_confidence":0.6,"price_raw":null,"price_value":null,"capacity_total":1,"available_total":null,"occupied_total":null,"status_label":"狀態未知","data_time":"2026-05-02 15:53:29+08:00","city_label":"臺北市","facility_kind_label":"路邊車格","available_rate":null,"occupancy_rate":null,"price_tier":"unknown","price_tier_label":"價格未知"}},{"type":"Feature","geometry":{"type":"Point","coordinates":[121.5124,25.0672]},"properties":{"supply_id":"taipei-onstreet-105112011","city":"taipei","district":"大同區","display_name":"重慶北路3段120巷 車格 105112011","address":"重慶北路3段120巷","facility_kind":"onstreet","symbol_text":null,"type_reference":"路邊停車格","type_confidence":0.6,"price_raw":null,"price_value":null,"capacity_total":1,"available_total":1,"occupied_total":0,"status_label":"空位","data_time":"2026-05-02 15:53:29+08:00","city_label":"臺北市","facility_kind_label":"路邊車格","available_rate":1,"occupancy_rate":0,"price_tier":"unknown","price_tier_label":"價格未知"}},{"type":"Feature","geometry":{"type":"Point","coordinates":[121.51292,25.0672]},"properties":{"supply_id":"taipei-onstreet-105112015","city":"taipei","district":"大同區","display_name":"重慶北路3段120巷 車格 105112015","address":"重慶北路3段120巷","facility_kind":"onstreet","symbol_text":null,"type_reference":"路邊停車格","type_confidence":0.6,"price_raw":null,"price_value":null,"capacity_total":1,"available_total":1,"occupied_total":0,"status_label":"空位","data_time":"2026-05-02 15:53:29+08:00","city_label":"臺北市","facility_kind_label":"路邊車格","available_rate":1,"occupancy_rate":0,"price_tier":"unknown","price_tier_label":"價格未知"}},{"type":"Feature","geometry":{"type":"Point","coordinates":[121.51323,25.07287]},"properties":{"supply_id":"taipei-onstreet-106900053","city":"taipei","district":"大同區","display_name":"哈密街 車格 106900053","address":"哈密街","facility_kind":"onstreet","symbol_text":null,"type_reference":"路邊停車格","type_confidence":0.6,"price_raw":null,"price_value":null,"capacity_total":1,"available_total":null,"occupied_total":null,"status_label":"狀態未知","data_time":"2026-05-02 15:53:29+08:00","city_label":"臺北市","facility_kind_label":"路邊車格","available_rate":null,"occupancy_rate":null,"price_tier":"unknown","price_tier_label":"價格未知"}},{"type":"Feature","geometry":{"type":"Point","coordinates":[121.5156,25.07648]},"properties":{"supply_id":"taipei-onstreet-10700B010","city":"taipei","district":"大同區","display_name":"慶昌橋下停車場 車格 10700B010","address":"慶昌橋下停車場","facility_kind":"onstreet","symbol_text":null,"type_reference":"路邊停車格","type_confidence":0.6,"price_raw":null,"price_value":null,"capacity_total":1,"available_total":null,"occupied_total":null,"status_label":"狀態未知","data_time":"2026-05-02 15:53:29+08:00","city_label":"臺北市","facility_kind_label":"路邊車格","available_rate":null,"occupancy_rate":null,"price_tier":"unknown","price_tier_label":"價格未知"}},{"type":"Feature","geometry":{"type":"Point","coordinates":[121.5146,25.07618]},"properties":{"supply_id":"taipei-onstreet-10690785","city":"taipei","district":"大同區","display_name":"哈密街59巷78弄 車格 10690785","address":"哈密街59巷78弄","facility_kind":"onstreet","symbol_text":null,"type_reference":"路邊停車格","type_confidence":0.6,"price_raw":null,"price_value":null,"capacity_total":1,"available_total":null,"occupied_total":null,"status_label":"狀態未知","data_time":"2026-05-02 15:53:29+08:00","city_label":"臺北市","facility_kind_label":"路邊車格","available_rate":null,"occupancy_rate":null,"price_tier":"unknown","price_tier_label":"價格未知"}},{"type":"Feature","geometry":{"type":"Point","coordinates":[121.5181,25.07805]},"properties":{"supply_id":"taipei-onstreet-6136000149","city":"taipei","district":"大同區","display_name":"承德橋下停車場(堤外) 車格 6136000149","address":"承德橋下停車場(堤外)","facility_kind":"onstreet","symbol_text":null,"type_reference":"路邊停車格","type_confidence":0.6,"price_raw":null,"price_value":null,"capacity_total":1,"available_total":null,"occupied_total":null,"status_label":"狀態未知","data_time":"2026-05-02 15:53:29+08:00","city_label":"臺北市","facility_kind_label":"路邊車格","available_rate":null,"occupancy_rate":null,"price_tier":"unknown","price_tier_label":"價格未知"}},{"type":"Feature","geometry":{"type":"Point","coordinates":[121.51838,25.07789]},"properties":{"supply_id":"taipei-onstreet-6136000136","city":"taipei","district":"大同區","display_name":"承德橋下停車場(堤外) 車格 6136000136","address":"承德橋下停車場(堤外)","facility_kind":"onstreet","symbol_text":null,"type_reference":"路邊停車格","type_confidence":0.6,"price_raw":null,"price_value":null,"capacity_total":1,"available_total":null,"occupied_total":null,"status_label":"狀態未知","data_time":"2026-05-02 15:53:29+08:00","city_label":"臺北市","facility_kind_label":"路邊車格","available_rate":null,"occupancy_rate":null,"price_tier":"unknown","price_tier_label":"價格未知"}},{"type":"Feature","geometry":{"type":"Point","coordinates":[121.51879,25.07764]},"properties":{"supply_id":"taipei-onstreet-613600053","city":"taipei","district":"大同區","display_name":"承德橋下停車場(堤外) 車格 613600053","address":"承德橋下停車場(堤外)","facility_kind":"onstreet","symbol_text":null,"type_reference":"路邊停車格","type_confidence":0.6,"price_raw":null,"price_value":null,"capacity_total":1,"available_total":null,"occupied_total":null,"status_label":"狀態未知","data_time":"2026-05-02 15:53:29+08:00","city_label":"臺北市","facility_kind_label":"路邊車格","available_rate":null,"occupancy_rate":null,"price_tier":"unknown","price_tier_label":"價格未知"}},{"type":"Feature","geometry":{"type":"Point","coordinates":[121.50636,25.05211]},"properties":{"supply_id":"taipei-onstreet-607500085","city":"taipei","district":"大同區","display_name":"環河北路（3號水門堤外）小型車 車格 607500085","address":"環河北路（3號水門堤外）小型車","facility_kind":"onstreet","symbol_text":null,"type_reference":"路邊停車格","type_confidence":0.6,"price_raw":null,"price_value":null,"capacity_total":1,"available_total":null,"occupied_total":null,"status_label":"狀態未知","data_time":"2026-05-02 15:53:29+08:00","city_label":"臺北市","facility_kind_label":"路邊車格","available_rate":null,"occupancy_rate":null,"price_tier":"unknown","price_tier_label":"價格未知"}},{"type":"Feature","geometry":{"type":"Point","coordinates":[121.51651,25.05528]},"properties":{"supply_id":"taipei-onstreet-10150A011","city":"taipei","district":"大同區","display_name":"太原路A 車格 10150A011","address":"太原路A","facility_kind":"onstreet","symbol_text":null,"type_reference":"路邊停車格","type_confidence":0.6,"price_raw":null,"price_value":null,"capacity_total":1,"available_total":null,"occupied_total":null,"status_label":"狀態未知","data_time":"2026-05-02 15:53:29+08:00","city_label":"臺北市","facility_kind_label":"路邊車格","available_rate":null,"occupancy_rate":null,"price_tier":"unknown","price_tier_label":"價格未知"}},{"type":"Feature","geometry":{"type":"Point","coordinates":[121.50956,25.0585]},"properties":{"supply_id":"taipei-onstreet-10340A020","city":"taipei","district":"大同區","display_name":"迪化街1段A 車格 10340A020","address":"迪化街1段A","facility_kind":"onstreet","symbol_text":null,"type_reference":"路邊停車格","type_confidence":0.6,"price_raw":null,"price_value":null,"capacity_total":1,"available_total":1,"occupied_total":0,"status_label":"空位","data_time":"2026-05-02 15:53:29+08:00","city_label":"臺北市","facility_kind_label":"路邊車格","available_rate":1,"occupancy_rate":0,"price_tier":"unknown","price_tier_label":"價格未知"}},{"type":"Feature","geometry":{"type":"Point","coordinates":[121.51939,25.06739]},"properties":{"supply_id":"taipei-onstreet-104203211","city":"taipei","district":"大同區","display_name":"民族西路32巷 車格 104203211","address":"民族西路32巷","facility_kind":"onstreet","symbol_text":null,"type_reference":"路邊停車格","type_confidence":0.6,"price_raw":null,"price_value":null,"capacity_total":1,"available_total":1,"occupied_total":0,"status_label":"空位","data_time":"2026-05-02 15:53:29+08:00","city_label":"臺北市","facility_kind_label":"路邊車格","available_rate":1,"occupancy_rate":0,"price_tier":"unknown","price_tier_label":"價格未知"}},{"type":"Feature","geometry":{"type":"Point","coordinates":[121.51145,25.07851]},"properties":{"supply_id":"taipei-onstreet-10580A043","city":"taipei","district":"大同區","display_name":"延平北路4至5段1巷 車格 10580A043","address":"延平北路4至5段1巷","facility_kind":"onstreet","symbol_text":null,"type_reference":"路邊停車格","type_confidence":0.6,"price_raw":null,"price_value":null,"capacity_total":1,"available_total":null,"occupied_total":null,"status_label":"狀態未知","data_time":"2026-05-02 15:53:29+08:00","city_label":"臺北市","facility_kind_label":"路邊車格","available_rate":null,"occupancy_rate":null,"price_tier":"unknown","price_tier_label":"價格未知"}},{"type":"Feature","geometry":{"type":"Point","coordinates":[121.51117,25.07751]},"properties":{"supply_id":"taipei-onstreet-105829414","city":"taipei","district":"大同區","display_name":"延平北路4段294巷 車格 105829414","address":"延平北路4段294巷","facility_kind":"onstreet","symbol_text":null,"type_reference":"路邊停車格","type_confidence":0.6,"price_raw":null,"price_value":null,"capacity_total":1,"available_total":null,"occupied_total":null,"status_label":"狀態未知","data_time":"2026-05-02 15:53:29+08:00","city_label":"臺北市","facility_kind_label":"路邊車格","available_rate":null,"occupancy_rate":null,"price_tier":"unknown","price_tier_label":"價格未知"}},{"type":"Feature","geometry":{"type":"Point","coordinates":[121.50653,25.05221]},"properties":{"supply_id":"taipei-onstreet-607500028","city":"taipei","district":"大同區","display_name":"環河北路（3號水門堤外）小型車 車格 607500028","address":"環河北路（3號水門堤外）小型車","facility_kind":"onstreet","symbol_text":null,"type_reference":"路邊停車格","type_confidence":0.6,"price_raw":null,"price_value":null,"capacity_total":1,"available_total":null,"occupied_total":null,"status_label":"狀態未知","data_time":"2026-05-02 15:53:29+08:00","city_label":"臺北市","facility_kind_label":"路邊車格","available_rate":null,"occupancy_rate":null,"price_tier":"unknown","price_tier_label":"價格未知"}},{"type":"Feature","geometry":{"type":"Point","coordinates":[121.51655,25.05499]},"properties":{"supply_id":"taipei-onstreet-10150A068","city":"taipei","district":"大同區","display_name":"太原路A 車格 10150A068","address":"太原路A","facility_kind":"onstreet","symbol_text":null,"type_reference":"路邊停車格","type_confidence":0.6,"price_raw":null,"price_value":null,"capacity_total":1,"available_total":1,"occupied_total":0,"status_label":"空位","data_time":"2026-05-02 15:53:29+08:00","city_label":"臺北市","facility_kind_label":"路邊車格","available_rate":1,"occupancy_rate":0,"price_tier":"unknown","price_tier_label":"價格未知"}},{"type":"Feature","geometry":{"type":"Point","coordinates":[121.51142,25.05392]},"properties":{"supply_id":"taipei-onstreet-10130B067","city":"taipei","district":"大同區","display_name":"南京西路B 車格 10130B067","address":"南京西路B","facility_kind":"onstreet","symbol_text":null,"type_reference":"路邊停車格","type_confidence":0.6,"price_raw":null,"price_value":null,"capacity_total":1,"available_total":1,"occupied_total":0,"status_label":"空位","data_time":"2026-05-02 15:53:29+08:00","city_label":"臺北市","facility_kind_label":"路邊車格","available_rate":1,"occupancy_rate":0,"price_tier":"unknown","price_tier_label":"價格未知"}},{"type":"Feature","geometry":{"type":"Point","coordinates":[121.51484,25.05471]},"properties":{"supply_id":"taipei-onstreet-10300B04","city":"taipei","district":"大同區","display_name":"寧夏路B 車格 10300B04","address":"寧夏路B","facility_kind":"onstreet","symbol_text":null,"type_reference":"路邊停車格","type_confidence":0.6,"price_raw":null,"price_value":null,"capacity_total":1,"available_total":null,"occupied_total":null,"status_label":"狀態未知","data_time":"2026-05-02 15:53:29+08:00","city_label":"臺北市","facility_kind_label":"路邊車格","available_rate":null,"occupancy_rate":null,"price_tier":"unknown","price_tier_label":"價格未知"}},{"type":"Feature","geometry":{"type":"Point","coordinates":[121.51207,25.05813]},"properties":{"supply_id":"taipei-onstreet-103600022","city":"taipei","district":"大同區","display_name":"歸綏街 車格 103600022","address":"歸綏街","facility_kind":"onstreet","symbol_text":null,"type_reference":"路邊停車格","type_confidence":0.6,"price_raw":null,"price_value":null,"capacity_total":1,"available_total":null,"occupied_total":null,"status_label":"狀態未知","data_time":"2026-05-02 15:53:29+08:00","city_label":"臺北市","facility_kind_label":"路邊車格","available_rate":null,"occupancy_rate":null,"price_tier":"unknown","price_tier_label":"價格未知"}},{"type":"Feature","geometry":{"type":"Point","coordinates":[121.51916,25.07757]},"properties":{"supply_id":"taipei-onstreet-613600086","city":"taipei","district":"大同區","display_name":"承德橋下停車場(堤外) 車格 613600086","address":"承德橋下停車場(堤外)","facility_kind":"onstreet","symbol_text":null,"type_reference":"路邊停車格","type_confidence":0.6,"price_raw":null,"price_value":null,"capacity_total":1,"available_total":null,"occupied_total":null,"status_label":"狀態未知","data_time":"2026-05-02 15:53:29+08:00","city_label":"臺北市","facility_kind_label":"路邊車格","available_rate":null,"occupancy_rate":null,"price_tier":"unknown","price_tier_label":"價格未知"}},{"type":"Feature","geometry":{"type":"Point","coordinates":[121.51153,25.07834]},"properties":{"supply_id":"taipei-onstreet-10580A047","city":"taipei","district":"大同區","display_name":"延平北路4至5段1巷 車格 10580A047","address":"延平北路4至5段1巷","facility_kind":"onstreet","symbol_text":null,"type_reference":"路邊停車格","type_confidence":0.6,"price_raw":null,"price_value":null,"capacity_total":1,"available_total":null,"occupied_total":null,"status_label":"狀態未知","data_time":"2026-05-02 15:53:29+08:00","city_label":"臺北市","facility_kind_label":"路邊車格","available_rate":null,"occupancy_rate":null,"price_tier":"unknown","price_tier_label":"價格未知"}},{"type":"Feature","geometry":{"type":"Point","coordinates":[121.51447,25.05693]},"properties":{"supply_id":"taipei-onstreet-102500041","city":"taipei","district":"大同區","display_name":"民生西路 車格 102500041","address":"民生西路","facility_kind":"onstreet","symbol_text":null,"type_reference":"路邊停車格","type_confidence":0.6,"price_raw":null,"price_value":null,"capacity_total":1,"available_total":null,"occupied_total":null,"status_label":"狀態未知","data_time":"2026-05-02 15:53:29+08:00","city_label":"臺北市","facility_kind_label":"路邊車格","available_rate":null,"occupancy_rate":null,"price_tier":"unknown","price_tier_label":"價格未知"}},{"type":"Feature","geometry":{"type":"Point","coordinates":[121.52051,25.07571]},"properties":{"supply_id":"taipei-onstreet-10450002","city":"taipei","district":"大同區","display_name":"承德路3段 車格 10450002","address":"承德路3段","facility_kind":"onstreet","symbol_text":null,"type_reference":"路邊停車格","type_confidence":0.6,"price_raw":null,"price_value":null,"capacity_total":1,"available_total":null,"occupied_total":null,"status_label":"狀態未知","data_time":"2026-05-02 15:53:29+08:00","city_label":"臺北市","facility_kind_label":"路邊車格","available_rate":null,"occupancy_rate":null,"price_tier":"unknown","price_tier_label":"價格未知"}},{"type":"Feature","geometry":{"type":"Point","coordinates":[121.51265,25.07133]},"properties":{"supply_id":"taipei-onstreet-10512522","city":"taipei","district":"大同區","display_name":"重慶北路3段252巷 車格 10512522","address":"重慶北路3段252巷","facility_kind":"onstreet","symbol_text":null,"type_reference":"路邊停車格","type_confidence":0.6,"price_raw":null,"price_value":null,"capacity_total":1,"available_total":null,"occupied_total":null,"status_label":"狀態未知","data_time":"2026-05-02 15:53:29+08:00","city_label":"臺北市","facility_kind_label":"路邊車格","available_rate":null,"occupancy_rate":null,"price_tier":"unknown","price_tier_label":"價格未知"}},{"type":"Feature","geometry":{"type":"Point","coordinates":[121.50918,25.07258]},"properties":{"supply_id":"taipei-onstreet-106500004","city":"taipei","district":"大同區","display_name":"環河北路2段 車格 106500004","address":"環河北路2段","facility_kind":"onstreet","symbol_text":null,"type_reference":"路邊停車格","type_confidence":0.6,"price_raw":null,"price_value":null,"capacity_total":1,"available_total":null,"occupied_total":null,"status_label":"狀態未知","data_time":"2026-05-02 15:53:29+08:00","city_label":"臺北市","facility_kind_label":"路邊車格","available_rate":null,"occupancy_rate":null,"price_tier":"unknown","price_tier_label":"價格未知"}},{"type":"Feature","geometry":{"type":"Point","coordinates":[121.51325,25.05258]},"properties":{"supply_id":"taipei-onstreet-52140008","city":"taipei","district":"大同區","display_name":"華亭街 車格 52140008","address":"華亭街","facility_kind":"onstreet","symbol_text":null,"type_reference":"路邊停車格","type_confidence":0.6,"price_raw":null,"price_value":null,"capacity_total":1,"available_total":null,"occupied_total":null,"status_label":"狀態未知","data_time":"2026-05-02 15:53:29+08:00","city_label":"臺北市","facility_kind_label":"路邊車格","available_rate":null,"occupancy_rate":null,"price_tier":"unknown","price_tier_label":"價格未知"}},{"type":"Feature","geometry":{"type":"Point","coordinates":[121.51147,25.0788]},"properties":{"supply_id":"taipei-onstreet-10580A029","city":"taipei","district":"大同區","display_name":"延平北路4至5段1巷 車格 10580A029","address":"延平北路4至5段1巷","facility_kind":"onstreet","symbol_text":null,"type_reference":"路邊停車格","type_confidence":0.6,"price_raw":null,"price_value":null,"capacity_total":1,"available_total":null,"occupied_total":null,"status_label":"狀態未知","data_time":"2026-05-02 15:53:29+08:00","city_label":"臺北市","facility_kind_label":"路邊車格","available_rate":null,"occupancy_rate":null,"price_tier":"unknown","price_tier_label":"價格未知"}},{"type":"Feature","geometry":{"type":"Point","coordinates":[121.5195,25.06823]},"properties":{"supply_id":"taipei-onstreet-10420321","city":"taipei","district":"大同區","display_name":"民族西路32巷 車格 10420321","address":"民族西路32巷","facility_kind":"onstreet","symbol_text":null,"type_reference":"路邊停車格","type_confidence":0.6,"price_raw":null,"price_value":null,"capacity_total":1,"available_total":null,"occupied_total":null,"status_label":"狀態未知","data_time":"2026-05-02 15:53:29+08:00","city_label":"臺北市","facility_kind_label":"路邊車格","available_rate":null,"occupancy_rate":null,"price_tier":"unknown","price_tier_label":"價格未知"}},{"type":"Feature","geometry":{"type":"Point","coordinates":[121.51148,25.07737]},"properties":{"supply_id":"taipei-onstreet-105829410","city":"taipei","district":"大同區","display_name":"延平北路4段294巷 車格 105829410","address":"延平北路4段294巷","facility_kind":"onstreet","symbol_text":null,"type_reference":"路邊停車格","type_confidence":0.6,"price_raw":null,"price_value":null,"capacity_total":1,"available_total":null,"occupied_total":null,"status_label":"狀態未知","data_time":"2026-05-02 15:53:29+08:00","city_label":"臺北市","facility_kind_label":"路邊車格","available_rate":null,"occupancy_rate":null,"price_tier":"unknown","price_tier_label":"價格未知"}},{"type":"Feature","geometry":{"type":"Point","coordinates":[121.51756,25.06862]},"properties":{"supply_id":"taipei-onstreet-10420003","city":"taipei","district":"大同區","display_name":"民族西路 車格 10420003","address":"民族西路","facility_kind":"onstreet","symbol_text":null,"type_reference":"路邊停車格","type_confidence":0.6,"price_raw":null,"price_value":null,"capacity_total":1,"available_total":null,"occupied_total":null,"status_label":"狀態未知","data_time":"2026-05-02 15:53:29+08:00","city_label":"臺北市","facility_kind_label":"路邊車格","available_rate":null,"occupancy_rate":null,"price_tier":"unknown","price_tier_label":"價格未知"}},{"type":"Feature","geometry":{"type":"Point","coordinates":[121.51481,25.05461]},"properties":{"supply_id":"taipei-onstreet-10300B02","city":"taipei","district":"大同區","display_name":"寧夏路B 車格 10300B02","address":"寧夏路B","facility_kind":"onstreet","symbol_text":null,"type_reference":"路邊停車格","type_confidence":0.6,"price_raw":null,"price_value":null,"capacity_total":1,"available_total":null,"occupied_total":null,"status_label":"狀態未知","data_time":"2026-05-02 15:53:29+08:00","city_label":"臺北市","facility_kind_label":"路邊車格","available_rate":null,"occupancy_rate":null,"price_tier":"unknown","price_tier_label":"價格未知"}},{"type":"Feature","geometry":{"type":"Point","coordinates":[121.51881,25.0777]},"properties":{"supply_id":"taipei-onstreet-613600071","city":"taipei","district":"大同區","display_name":"承德橋下停車場(堤外) 車格 613600071","address":"承德橋下停車場(堤外)","facility_kind":"onstreet","symbol_text":null,"type_reference":"路邊停車格","type_confidence":0.6,"price_raw":null,"price_value":null,"capacity_total":1,"available_total":null,"occupied_total":null,"status_label":"狀態未知","data_time":"2026-05-02 15:53:29+08:00","city_label":"臺北市","facility_kind_label":"路邊車格","available_rate":null,"occupancy_rate":null,"price_tier":"unknown","price_tier_label":"價格未知"}},{"type":"Feature","geometry":{"type":"Point","coordinates":[121.51596,25.06936]},"properties":{"supply_id":"taipei-onstreet-106600004","city":"taipei","district":"大同區","display_name":"大龍街 車格 106600004","address":"大龍街","facility_kind":"onstreet","symbol_text":null,"type_reference":"路邊停車格","type_confidence":0.6,"price_raw":null,"price_value":null,"capacity_total":1,"available_total":1,"occupied_total":0,"status_label":"空位","data_time":"2026-05-02 15:53:29+08:00","city_label":"臺北市","facility_kind_label":"路邊車格","available_rate":1,"occupancy_rate":0,"price_tier":"unknown","price_tier_label":"價格未知"}},{"type":"Feature","geometry":{"type":"Point","coordinates":[121.51245,25.07215]},"properties":{"supply_id":"taipei-onstreet-10680A06","city":"taipei","district":"大同區","display_name":"酒泉街 車格 10680A06","address":"酒泉街","facility_kind":"onstreet","symbol_text":null,"type_reference":"路邊停車格","type_confidence":0.6,"price_raw":null,"price_value":null,"capacity_total":1,"available_total":null,"occupied_total":null,"status_label":"狀態未知","data_time":"2026-05-02 15:53:29+08:00","city_label":"臺北市","facility_kind_label":"路邊車格","available_rate":null,"occupancy_rate":null,"price_tier":"unknown","price_tier_label":"價格未知"}},{"type":"Feature","geometry":{"type":"Point","coordinates":[121.50667,25.05201]},"properties":{"supply_id":"taipei-onstreet-607500072","city":"taipei","district":"大同區","display_name":"環河北路（3號水門堤外）小型車 車格 607500072","address":"環河北路（3號水門堤外）小型車","facility_kind":"onstreet","symbol_text":null,"type_reference":"路邊停車格","type_confidence":0.6,"price_raw":null,"price_value":null,"capacity_total":1,"available_total":null,"occupied_total":null,"status_label":"狀態未知","data_time":"2026-05-02 15:53:29+08:00","city_label":"臺北市","facility_kind_label":"路邊車格","available_rate":null,"occupancy_rate":null,"price_tier":"unknown","price_tier_label":"價格未知"}},{"type":"Feature","geometry":{"type":"Point","coordinates":[121.51193,25.07789]},"properties":{"supply_id":"taipei-onstreet-10580A013","city":"taipei","district":"大同區","display_name":"延平北路4至5段1巷 車格 10580A013","address":"延平北路4至5段1巷","facility_kind":"onstreet","symbol_text":null,"type_reference":"路邊停車格","type_confidence":0.6,"price_raw":null,"price_value":null,"capacity_total":1,"available_total":null,"occupied_total":null,"status_label":"狀態未知","data_time":"2026-05-02 15:53:29+08:00","city_label":"臺北市","facility_kind_label":"路邊車格","available_rate":null,"occupancy_rate":null,"price_tier":"unknown","price_tier_label":"價格未知"}},{"type":"Feature","geometry":{"type":"Point","coordinates":[121.51045,25.07773]},"properties":{"supply_id":"taipei-onstreet-105829428","city":"taipei","district":"大同區","display_name":"延平北路4段294巷 車格 105829428","address":"延平北路4段294巷","facility_kind":"onstreet","symbol_text":null,"type_reference":"路邊停車格","type_confidence":0.6,"price_raw":null,"price_value":null,"capacity_total":1,"available_total":null,"occupied_total":null,"status_label":"狀態未知","data_time":"2026-05-02 15:53:29+08:00","city_label":"臺北市","facility_kind_label":"路邊車格","available_rate":null,"occupancy_rate":null,"price_tier":"unknown","price_tier_label":"價格未知"}},{"type":"Feature","geometry":{"type":"Point","coordinates":[121.51553,25.07635]},"properties":{"supply_id":"taipei-onstreet-10700B051","city":"taipei","district":"大同區","display_name":"慶昌橋下停車場 車格 10700B051","address":"慶昌橋下停車場","facility_kind":"onstreet","symbol_text":null,"type_reference":"路邊停車格","type_confidence":0.6,"price_raw":null,"price_value":null,"capacity_total":1,"available_total":null,"occupied_total":null,"status_label":"狀態未知","data_time":"2026-05-02 15:53:29+08:00","city_label":"臺北市","facility_kind_label":"路邊車格","available_rate":null,"occupancy_rate":null,"price_tier":"unknown","price_tier_label":"價格未知"}},{"type":"Feature","geometry":{"type":"Point","coordinates":[121.50603,25.052]},"properties":{"supply_id":"taipei-onstreet-6075000232","city":"taipei","district":"大同區","display_name":"環河北路（3號水門堤外）小型車 車格 6075000232","address":"環河北路（3號水門堤外）小型車","facility_kind":"onstreet","symbol_text":null,"type_reference":"路邊停車格","type_confidence":0.6,"price_raw":null,"price_value":null,"capacity_total":1,"available_total":null,"occupied_total":null,"status_label":"狀態未知","data_time":"2026-05-02 15:53:29+08:00","city_label":"臺北市","facility_kind_label":"路邊車格","available_rate":null,"occupancy_rate":null,"price_tier":"unknown","price_tier_label":"價格未知"}},{"type":"Feature","geometry":{"type":"Point","coordinates":[121.51146,25.07884]},"properties":{"supply_id":"taipei-onstreet-10580A030","city":"taipei","district":"大同區","display_name":"延平北路4至5段1巷 車格 10580A030","address":"延平北路4至5段1巷","facility_kind":"onstreet","symbol_text":null,"type_reference":"路邊停車格","type_confidence":0.6,"price_raw":null,"price_value":null,"capacity_total":1,"available_total":null,"occupied_total":null,"status_label":"狀態未知","data_time":"2026-05-02 15:53:29+08:00","city_label":"臺北市","facility_kind_label":"路邊車格","available_rate":null,"occupancy_rate":null,"price_tier":"unknown","price_tier_label":"價格未知"}},{"type":"Feature","geometry":{"type":"Point","coordinates":[121.51694,25.06863]},"properties":{"supply_id":"taipei-onstreet-104200010","city":"taipei","district":"大同區","display_name":"民族西路 車格 104200010","address":"民族西路","facility_kind":"onstreet","symbol_text":null,"type_reference":"路邊停車格","type_confidence":0.6,"price_raw":null,"price_value":null,"capacity_total":1,"available_total":1,"occupied_total":0,"status_label":"空位","data_time":"2026-05-02 15:53:29+08:00","city_label":"臺北市","facility_kind_label":"路邊車格","available_rate":1,"occupancy_rate":0,"price_tier":"unknown","price_tier_label":"價格未知"}},{"type":"Feature","geometry":{"type":"Point","coordinates":[121.51532,25.05064]},"properties":{"supply_id":"taipei-onstreet-101500A79","city":"taipei","district":"大同區","display_name":"太原路A 車格 101500A79","address":"太原路A","facility_kind":"onstreet","symbol_text":null,"type_reference":"路邊停車格","type_confidence":0.6,"price_raw":null,"price_value":null,"capacity_total":1,"available_total":1,"occupied_total":0,"status_label":"空位","data_time":"2026-05-02 15:53:29+08:00","city_label":"臺北市","facility_kind_label":"路邊車格","available_rate":1,"occupancy_rate":0,"price_tier":"unknown","price_tier_label":"價格未知"}},{"type":"Feature","geometry":{"type":"Point","coordinates":[121.51235,25.0765]},"properties":{"supply_id":"taipei-onstreet-107000021","city":"taipei","district":"大同區","display_name":"敦煌路 車格 107000021","address":"敦煌路","facility_kind":"onstreet","symbol_text":null,"type_reference":"路邊停車格","type_confidence":0.6,"price_raw":null,"price_value":null,"capacity_total":1,"available_total":null,"occupied_total":null,"status_label":"狀態未知","data_time":"2026-05-02 15:53:29+08:00","city_label":"臺北市","facility_kind_label":"路邊車格","available_rate":null,"occupancy_rate":null,"price_tier":"unknown","price_tier_label":"價格未知"}},{"type":"Feature","geometry":{"type":"Point","coordinates":[121.5059,25.05194]},"properties":{"supply_id":"taipei-onstreet-6075000202","city":"taipei","district":"大同區","display_name":"環河北路（3號水門堤外）小型車 車格 6075000202","address":"環河北路（3號水門堤外）小型車","facility_kind":"onstreet","symbol_text":null,"type_reference":"路邊停車格","type_confidence":0.6,"price_raw":null,"price_value":null,"capacity_total":1,"available_total":null,"occupied_total":null,"status_label":"狀態未知","data_time":"2026-05-02 15:53:29+08:00","city_label":"臺北市","facility_kind_label":"路邊車格","available_rate":null,"occupancy_rate":null,"price_tier":"unknown","price_tier_label":"價格未知"}},{"type":"Feature","geometry":{"type":"Point","coordinates":[121.51507,25.07647]},"properties":{"supply_id":"taipei-onstreet-10700B032","city":"taipei","district":"大同區","display_name":"慶昌橋下停車場 車格 10700B032","address":"慶昌橋下停車場","facility_kind":"onstreet","symbol_text":null,"type_reference":"路邊停車格","type_confidence":0.6,"price_raw":null,"price_value":null,"capacity_total":1,"available_total":null,"occupied_total":null,"status_label":"狀態未知","data_time":"2026-05-02 15:53:29+08:00","city_label":"臺北市","facility_kind_label":"路邊車格","available_rate":null,"occupancy_rate":null,"price_tier":"unknown","price_tier_label":"價格未知"}},{"type":"Feature","geometry":{"type":"Point","coordinates":[121.51249,25.07649]},"properties":{"supply_id":"taipei-onstreet-10700001","city":"taipei","district":"大同區","display_name":"敦煌路 車格 10700001","address":"敦煌路","facility_kind":"onstreet","symbol_text":null,"type_reference":"路邊停車格","type_confidence":0.6,"price_raw":null,"price_value":null,"capacity_total":1,"available_total":null,"occupied_total":null,"status_label":"狀態未知","data_time":"2026-05-02 15:53:29+08:00","city_label":"臺北市","facility_kind_label":"路邊車格","available_rate":null,"occupancy_rate":null,"price_tier":"unknown","price_tier_label":"價格未知"}},{"type":"Feature","geometry":{"type":"Point","coordinates":[121.51324,25.05312]},"properties":{"supply_id":"taipei-onstreet-521400015","city":"taipei","district":"大同區","display_name":"華亭街 車格 521400015","address":"華亭街","facility_kind":"onstreet","symbol_text":null,"type_reference":"路邊停車格","type_confidence":0.6,"price_raw":null,"price_value":null,"capacity_total":1,"available_total":1,"occupied_total":0,"status_label":"空位","data_time":"2026-05-02 15:53:29+08:00","city_label":"臺北市","facility_kind_label":"路邊車格","available_rate":1,"occupancy_rate":0,"price_tier":"unknown","price_tier_label":"價格未知"}},{"type":"Feature","geometry":{"type":"Point","coordinates":[121.50651,25.05217]},"properties":{"supply_id":"taipei-onstreet-607500055","city":"taipei","district":"大同區","display_name":"環河北路（3號水門堤外）小型車 車格 607500055","address":"環河北路（3號水門堤外）小型車","facility_kind":"onstreet","symbol_text":null,"type_reference":"路邊停車格","type_confidence":0.6,"price_raw":null,"price_value":null,"capacity_total":1,"available_total":null,"occupied_total":null,"status_label":"狀態未知","data_time":"2026-05-02 15:53:29+08:00","city_label":"臺北市","facility_kind_label":"路邊車格","available_rate":null,"occupancy_rate":null,"price_tier":"unknown","price_tier_label":"價格未知"}},{"type":"Feature","geometry":{"type":"Point","coordinates":[121.51918,25.07756]},"properties":{"supply_id":"taipei-onstreet-613600087","city":"taipei","district":"大同區","display_name":"承德橋下停車場(堤外) 車格 613600087","address":"承德橋下停車場(堤外)","facility_kind":"onstreet","symbol_text":null,"type_reference":"路邊停車格","type_confidence":0.6,"price_raw":null,"price_value":null,"capacity_total":1,"available_total":null,"occupied_total":null,"status_label":"狀態未知","data_time":"2026-05-02 15:53:29+08:00","city_label":"臺北市","facility_kind_label":"路邊車格","available_rate":null,"occupancy_rate":null,"price_tier":"unknown","price_tier_label":"價格未知"}},{"type":"Feature","geometry":{"type":"Point","coordinates":[121.51618,25.05529]},"properties":{"supply_id":"taipei-onstreet-101600030","city":"taipei","district":"大同區","display_name":"平陽街 車格 101600030","address":"平陽街","facility_kind":"onstreet","symbol_text":null,"type_reference":"路邊停車格","type_confidence":0.6,"price_raw":null,"price_value":null,"capacity_total":1,"available_total":1,"occupied_total":0,"status_label":"空位","data_time":"2026-05-02 15:53:29+08:00","city_label":"臺北市","facility_kind_label":"路邊車格","available_rate":1,"occupancy_rate":0,"price_tier":"unknown","price_tier_label":"價格未知"}},{"type":"Feature","geometry":{"type":"Point","coordinates":[121.51307,25.06466]},"properties":{"supply_id":"taipei-onstreet-104100012","city":"taipei","district":"大同區","display_name":"伊寧街 車格 104100012","address":"伊寧街","facility_kind":"onstreet","symbol_text":null,"type_reference":"路邊停車格","type_confidence":0.6,"price_raw":null,"price_value":null,"capacity_total":1,"available_total":1,"occupied_total":0,"status_label":"空位","data_time":"2026-05-02 15:53:29+08:00","city_label":"臺北市","facility_kind_label":"路邊車格","available_rate":1,"occupancy_rate":0,"price_tier":"unknown","price_tier_label":"價格未知"}},{"type":"Feature","geometry":{"type":"Point","coordinates":[121.51539,25.05082]},"properties":{"supply_id":"taipei-onstreet-101500A82","city":"taipei","district":"大同區","display_name":"太原路A 車格 101500A82","address":"太原路A","facility_kind":"onstreet","symbol_text":null,"type_reference":"路邊停車格","type_confidence":0.6,"price_raw":null,"price_value":null,"capacity_total":1,"available_total":1,"occupied_total":0,"status_label":"空位","data_time":"2026-05-02 15:53:29+08:00","city_label":"臺北市","facility_kind_label":"路邊車格","available_rate":1,"occupancy_rate":0,"price_tier":"unknown","price_tier_label":"價格未知"}},{"type":"Feature","geometry":{"type":"Point","coordinates":[121.51245,25.07649]},"properties":{"supply_id":"taipei-onstreet-10700003","city":"taipei","district":"大同區","display_name":"敦煌路 車格 10700003","address":"敦煌路","facility_kind":"onstreet","symbol_text":null,"type_reference":"路邊停車格","type_confidence":0.6,"price_raw":null,"price_value":null,"capacity_total":1,"available_total":null,"occupied_total":null,"status_label":"狀態未知","data_time":"2026-05-02 15:53:29+08:00","city_label":"臺北市","facility_kind_label":"路邊車格","available_rate":null,"occupancy_rate":null,"price_tier":"unknown","price_tier_label":"價格未知"}},{"type":"Feature","geometry":{"type":"Point","coordinates":[121.50937,25.06715]},"properties":{"supply_id":"taipei-onstreet-10371721","city":"taipei","district":"大同區","display_name":"迪化街2段172巷 車格 10371721","address":"迪化街2段172巷","facility_kind":"onstreet","symbol_text":null,"type_reference":"路邊停車格","type_confidence":0.6,"price_raw":null,"price_value":null,"capacity_total":1,"available_total":null,"occupied_total":null,"status_label":"狀態未知","data_time":"2026-05-02 15:53:29+08:00","city_label":"臺北市","facility_kind_label":"路邊車格","available_rate":null,"occupancy_rate":null,"price_tier":"unknown","price_tier_label":"價格未知"}},{"type":"Feature","geometry":{"type":"Point","coordinates":[121.51528,25.07645]},"properties":{"supply_id":"taipei-onstreet-10700B024","city":"taipei","district":"大同區","display_name":"慶昌橋下停車場 車格 10700B024","address":"慶昌橋下停車場","facility_kind":"onstreet","symbol_text":null,"type_reference":"路邊停車格","type_confidence":0.6,"price_raw":null,"price_value":null,"capacity_total":1,"available_total":null,"occupied_total":null,"status_label":"狀態未知","data_time":"2026-05-02 15:53:29+08:00","city_label":"臺北市","facility_kind_label":"路邊車格","available_rate":null,"occupancy_rate":null,"price_tier":"unknown","price_tier_label":"價格未知"}},{"type":"Feature","geometry":{"type":"Point","coordinates":[121.51814,25.07797]},"properties":{"supply_id":"taipei-onstreet-6136000165","city":"taipei","district":"大同區","display_name":"承德橋下停車場(堤外) 車格 6136000165","address":"承德橋下停車場(堤外)","facility_kind":"onstreet","symbol_text":null,"type_reference":"路邊停車格","type_confidence":0.6,"price_raw":null,"price_value":null,"capacity_total":1,"available_total":null,"occupied_total":null,"status_label":"狀態未知","data_time":"2026-05-02 15:53:29+08:00","city_label":"臺北市","facility_kind_label":"路邊車格","available_rate":null,"occupancy_rate":null,"price_tier":"unknown","price_tier_label":"價格未知"}},{"type":"Feature","geometry":{"type":"Point","coordinates":[121.5101,25.07222]},"properties":{"supply_id":"taipei-onstreet-10680A023","city":"taipei","district":"大同區","display_name":"酒泉街 車格 10680A023","address":"酒泉街","facility_kind":"onstreet","symbol_text":null,"type_reference":"路邊停車格","type_confidence":0.6,"price_raw":null,"price_value":null,"capacity_total":1,"available_total":1,"occupied_total":0,"status_label":"空位","data_time":"2026-05-02 15:53:29+08:00","city_label":"臺北市","facility_kind_label":"路邊車格","available_rate":1,"occupancy_rate":0,"price_tier":"unknown","price_tier_label":"價格未知"}},{"type":"Feature","geometry":{"type":"Point","coordinates":[121.51438,25.06231]},"properties":{"supply_id":"taipei-onstreet-104000A11","city":"taipei","district":"大同區","display_name":"蘭州街A 車格 104000A11","address":"蘭州街A","facility_kind":"onstreet","symbol_text":null,"type_reference":"路邊停車格","type_confidence":0.6,"price_raw":null,"price_value":null,"capacity_total":1,"available_total":1,"occupied_total":0,"status_label":"空位","data_time":"2026-05-02 15:53:29+08:00","city_label":"臺北市","facility_kind_label":"路邊車格","available_rate":1,"occupancy_rate":0,"price_tier":"unknown","price_tier_label":"價格未知"}},{"type":"Feature","geometry":{"type":"Point","coordinates":[121.50888,25.05569]},"properties":{"supply_id":"taipei-onstreet-1023Y0065","city":"taipei","district":"大同區","display_name":"西寧北路 車格 1023Y0065","address":"西寧北路","facility_kind":"onstreet","symbol_text":null,"type_reference":"路邊停車格","type_confidence":0.6,"price_raw":null,"price_value":null,"capacity_total":1,"available_total":1,"occupied_total":0,"status_label":"空位","data_time":"2026-05-02 15:53:29+08:00","city_label":"臺北市","facility_kind_label":"路邊車格","available_rate":1,"occupancy_rate":0,"price_tier":"unknown","price_tier_label":"價格未知"}},{"type":"Feature","geometry":{"type":"Point","coordinates":[121.51197,25.07781]},"properties":{"supply_id":"taipei-onstreet-10580A011","city":"taipei","district":"大同區","display_name":"延平北路4至5段1巷 車格 10580A011","address":"延平北路4至5段1巷","facility_kind":"onstreet","symbol_text":null,"type_reference":"路邊停車格","type_confidence":0.6,"price_raw":null,"price_value":null,"capacity_total":1,"available_total":null,"occupied_total":null,"status_label":"狀態未知","data_time":"2026-05-02 15:53:29+08:00","city_label":"臺北市","facility_kind_label":"路邊車格","available_rate":null,"occupancy_rate":null,"price_tier":"unknown","price_tier_label":"價格未知"}},{"type":"Feature","geometry":{"type":"Point","coordinates":[121.51671,25.07542]},"properties":{"supply_id":"taipei-onstreet-106905308","city":"taipei","district":"大同區","display_name":"哈密街59巷53弄 車格 106905308","address":"哈密街59巷53弄","facility_kind":"onstreet","symbol_text":null,"type_reference":"路邊停車格","type_confidence":0.6,"price_raw":null,"price_value":null,"capacity_total":1,"available_total":null,"occupied_total":null,"status_label":"狀態未知","data_time":"2026-05-02 15:53:29+08:00","city_label":"臺北市","facility_kind_label":"路邊車格","available_rate":null,"occupancy_rate":null,"price_tier":"unknown","price_tier_label":"價格未知"}},{"type":"Feature","geometry":{"type":"Point","coordinates":[121.51648,25.07676]},"properties":{"supply_id":"taipei-onstreet-107002125","city":"taipei","district":"大同區","display_name":"敦煌路21巷 車格 107002125","address":"敦煌路21巷","facility_kind":"onstreet","symbol_text":null,"type_reference":"路邊停車格","type_confidence":0.6,"price_raw":null,"price_value":null,"capacity_total":1,"available_total":null,"occupied_total":null,"status_label":"狀態未知","data_time":"2026-05-02 15:53:29+08:00","city_label":"臺北市","facility_kind_label":"路邊車格","available_rate":null,"occupancy_rate":null,"price_tier":"unknown","price_tier_label":"價格未知"}},{"type":"Feature","geometry":{"type":"Point","coordinates":[121.51555,25.0764]},"properties":{"supply_id":"taipei-onstreet-10700B014","city":"taipei","district":"大同區","display_name":"慶昌橋下停車場 車格 10700B014","address":"慶昌橋下停車場","facility_kind":"onstreet","symbol_text":null,"type_reference":"路邊停車格","type_confidence":0.6,"price_raw":null,"price_value":null,"capacity_total":1,"available_total":null,"occupied_total":null,"status_label":"狀態未知","data_time":"2026-05-02 15:53:29+08:00","city_label":"臺北市","facility_kind_label":"路邊車格","available_rate":null,"occupancy_rate":null,"price_tier":"unknown","price_tier_label":"價格未知"}},{"type":"Feature","geometry":{"type":"Point","coordinates":[121.5127,25.07133]},"properties":{"supply_id":"taipei-onstreet-10512521","city":"taipei","district":"大同區","display_name":"重慶北路3段252巷 車格 10512521","address":"重慶北路3段252巷","facility_kind":"onstreet","symbol_text":null,"type_reference":"路邊停車格","type_confidence":0.6,"price_raw":null,"price_value":null,"capacity_total":1,"available_total":null,"occupied_total":null,"status_label":"狀態未知","data_time":"2026-05-02 15:53:29+08:00","city_label":"臺北市","facility_kind_label":"路邊車格","available_rate":null,"occupancy_rate":null,"price_tier":"unknown","price_tier_label":"價格未知"}},{"type":"Feature","geometry":{"type":"Point","coordinates":[121.50622,25.05215]},"properties":{"supply_id":"taipei-onstreet-6075000108","city":"taipei","district":"大同區","display_name":"環河北路（3號水門堤外）小型車 車格 6075000108","address":"環河北路（3號水門堤外）小型車","facility_kind":"onstreet","symbol_text":null,"type_reference":"路邊停車格","type_confidence":0.6,"price_raw":null,"price_value":null,"capacity_total":1,"available_total":null,"occupied_total":null,"status_label":"狀態未知","data_time":"2026-05-02 15:53:29+08:00","city_label":"臺北市","facility_kind_label":"路邊車格","available_rate":null,"occupancy_rate":null,"price_tier":"unknown","price_tier_label":"價格未知"}},{"type":"Feature","geometry":{"type":"Point","coordinates":[121.51241,25.0765]},"properties":{"supply_id":"taipei-onstreet-107000023","city":"taipei","district":"大同區","display_name":"敦煌路 車格 107000023","address":"敦煌路","facility_kind":"onstreet","symbol_text":null,"type_reference":"路邊停車格","type_confidence":0.6,"price_raw":null,"price_value":null,"capacity_total":1,"available_total":null,"occupied_total":null,"status_label":"狀態未知","data_time":"2026-05-02 15:53:29+08:00","city_label":"臺北市","facility_kind_label":"路邊車格","available_rate":null,"occupancy_rate":null,"price_tier":"unknown","price_tier_label":"價格未知"}},{"type":"Feature","geometry":{"type":"Point","coordinates":[121.52046,25.05953]},"properties":{"supply_id":"taipei-onstreet-102903812","city":"taipei","district":"大同區","display_name":"錦西街38巷 車格 102903812","address":"錦西街38巷","facility_kind":"onstreet","symbol_text":null,"type_reference":"路邊停車格","type_confidence":0.6,"price_raw":null,"price_value":null,"capacity_total":1,"available_total":null,"occupied_total":null,"status_label":"狀態未知","data_time":"2026-05-02 15:53:29+08:00","city_label":"臺北市","facility_kind_label":"路邊車格","available_rate":null,"occupancy_rate":null,"price_tier":"unknown","price_tier_label":"價格未知"}},{"type":"Feature","geometry":{"type":"Point","coordinates":[121.51596,25.06143]},"properties":{"supply_id":"taipei-onstreet-102905321","city":"taipei","district":"大同區","display_name":"錦西街53巷 車格 102905321","address":"錦西街53巷","facility_kind":"onstreet","symbol_text":null,"type_reference":"路邊停車格","type_confidence":0.6,"price_raw":null,"price_value":null,"capacity_total":1,"available_total":1,"occupied_total":0,"status_label":"空位","data_time":"2026-05-02 15:53:29+08:00","city_label":"臺北市","facility_kind_label":"路邊車格","available_rate":1,"occupancy_rate":0,"price_tier":"unknown","price_tier_label":"價格未知"}},{"type":"Feature","geometry":{"type":"Point","coordinates":[121.50631,25.05197]},"properties":{"supply_id":"taipei-onstreet-6075000147","city":"taipei","district":"大同區","display_name":"環河北路（3號水門堤外）小型車 車格 6075000147","address":"環河北路（3號水門堤外）小型車","facility_kind":"onstreet","symbol_text":null,"type_reference":"路邊停車格","type_confidence":0.6,"price_raw":null,"price_value":null,"capacity_total":1,"available_total":null,"occupied_total":null,"status_label":"狀態未知","data_time":"2026-05-02 15:53:29+08:00","city_label":"臺北市","facility_kind_label":"路邊車格","available_rate":null,"occupancy_rate":null,"price_tier":"unknown","price_tier_label":"價格未知"}},{"type":"Feature","geometry":{"type":"Point","coordinates":[121.5135,25.05387]},"properties":{"supply_id":"taipei-onstreet-10133021","city":"taipei","district":"大同區","display_name":"南京西路302巷 車格 10133021","address":"南京西路302巷","facility_kind":"onstreet","symbol_text":null,"type_reference":"路邊停車格","type_confidence":0.6,"price_raw":null,"price_value":null,"capacity_total":1,"available_total":null,"occupied_total":null,"status_label":"狀態未知","data_time":"2026-05-02 15:53:29+08:00","city_label":"臺北市","facility_kind_label":"路邊車格","available_rate":null,"occupancy_rate":null,"price_tier":"unknown","price_tier_label":"價格未知"}},{"type":"Feature","geometry":{"type":"Point","coordinates":[121.50982,25.07735]},"properties":{"supply_id":"taipei-onstreet-105829440","city":"taipei","district":"大同區","display_name":"延平北路4段294巷 車格 105829440","address":"延平北路4段294巷","facility_kind":"onstreet","symbol_text":null,"type_reference":"路邊停車格","type_confidence":0.6,"price_raw":null,"price_value":null,"capacity_total":1,"available_total":null,"occupied_total":null,"status_label":"狀態未知","data_time":"2026-05-02 15:53:29+08:00","city_label":"臺北市","facility_kind_label":"路邊車格","available_rate":null,"occupancy_rate":null,"price_tier":"unknown","price_tier_label":"價格未知"}},{"type":"Feature","geometry":{"type":"Point","coordinates":[121.51509,25.07647]},"properties":{"supply_id":"taipei-onstreet-10700B031","city":"taipei","district":"大同區","display_name":"慶昌橋下停車場 車格 10700B031","address":"慶昌橋下停車場","facility_kind":"onstreet","symbol_text":null,"type_reference":"路邊停車格","type_confidence":0.6,"price_raw":null,"price_value":null,"capacity_total":1,"available_total":null,"occupied_total":null,"status_label":"狀態未知","data_time":"2026-05-02 15:53:29+08:00","city_label":"臺北市","facility_kind_label":"路邊車格","available_rate":null,"occupancy_rate":null,"price_tier":"unknown","price_tier_label":"價格未知"}},{"type":"Feature","geometry":{"type":"Point","coordinates":[121.5114,25.07056]},"properties":{"supply_id":"taipei-onstreet-10372684","city":"taipei","district":"大同區","display_name":"迪化街2段268巷 車格 10372684","address":"迪化街2段268巷","facility_kind":"onstreet","symbol_text":null,"type_reference":"路邊停車格","type_confidence":0.6,"price_raw":null,"price_value":null,"capacity_total":1,"available_total":null,"occupied_total":null,"status_label":"狀態未知","data_time":"2026-05-02 15:53:29+08:00","city_label":"臺北市","facility_kind_label":"路邊車格","available_rate":null,"occupancy_rate":null,"price_tier":"unknown","price_tier_label":"價格未知"}},{"type":"Feature","geometry":{"type":"Point","coordinates":[121.50677,25.05222]},"properties":{"supply_id":"taipei-onstreet-607500016","city":"taipei","district":"大同區","display_name":"環河北路（3號水門堤外）小型車 車格 607500016","address":"環河北路（3號水門堤外）小型車","facility_kind":"onstreet","symbol_text":null,"type_reference":"路邊停車格","type_confidence":0.6,"price_raw":null,"price_value":null,"capacity_total":1,"available_total":null,"occupied_total":null,"status_label":"狀態未知","data_time":"2026-05-02 15:53:29+08:00","city_label":"臺北市","facility_kind_label":"路邊車格","available_rate":null,"occupancy_rate":null,"price_tier":"unknown","price_tier_label":"價格未知"}},{"type":"Feature","geometry":{"type":"Point","coordinates":[121.50662,25.05226]},"properties":{"supply_id":"taipei-onstreet-607500010","city":"taipei","district":"大同區","display_name":"環河北路（3號水門堤外）小型車 車格 607500010","address":"環河北路（3號水門堤外）小型車","facility_kind":"onstreet","symbol_text":null,"type_reference":"路邊停車格","type_confidence":0.6,"price_raw":null,"price_value":null,"capacity_total":1,"available_total":null,"occupied_total":null,"status_label":"狀態未知","data_time":"2026-05-02 15:53:29+08:00","city_label":"臺北市","facility_kind_label":"路邊車格","available_rate":null,"occupancy_rate":null,"price_tier":"unknown","price_tier_label":"價格未知"}},{"type":"Feature","geometry":{"type":"Point","coordinates":[121.51286,25.05267]},"properties":{"supply_id":"taipei-onstreet-101900022","city":"taipei","district":"大同區","display_name":"天水路 車格 101900022","address":"天水路","facility_kind":"onstreet","symbol_text":null,"type_reference":"路邊停車格","type_confidence":0.6,"price_raw":null,"price_value":null,"capacity_total":1,"available_total":1,"occupied_total":0,"status_label":"空位","data_time":"2026-05-02 15:53:29+08:00","city_label":"臺北市","facility_kind_label":"路邊車格","available_rate":1,"occupancy_rate":0,"price_tier":"unknown","price_tier_label":"價格未知"}},{"type":"Feature","geometry":{"type":"Point","coordinates":[121.51285,25.05902]},"properties":{"supply_id":"taipei-onstreet-103100025","city":"taipei","district":"大同區","display_name":"甘州街 車格 103100025","address":"甘州街","facility_kind":"onstreet","symbol_text":null,"type_reference":"路邊停車格","type_confidence":0.6,"price_raw":null,"price_value":null,"capacity_total":1,"available_total":1,"occupied_total":0,"status_label":"空位","data_time":"2026-05-02 15:53:29+08:00","city_label":"臺北市","facility_kind_label":"路邊車格","available_rate":1,"occupancy_rate":0,"price_tier":"unknown","price_tier_label":"價格未知"}},{"type":"Feature","geometry":{"type":"Point","coordinates":[121.51522,25.07654]},"properties":{"supply_id":"taipei-onstreet-10700B004","city":"taipei","district":"大同區","display_name":"慶昌橋下停車場 車格 10700B004","address":"慶昌橋下停車場","facility_kind":"onstreet","symbol_text":null,"type_reference":"路邊停車格","type_confidence":0.6,"price_raw":null,"price_value":null,"capacity_total":1,"available_total":null,"occupied_total":null,"status_label":"狀態未知","data_time":"2026-05-02 15:53:29+08:00","city_label":"臺北市","facility_kind_label":"路邊車格","available_rate":null,"occupancy_rate":null,"price_tier":"unknown","price_tier_label":"價格未知"}},{"type":"Feature","geometry":{"type":"Point","coordinates":[121.51506,25.06867]},"properties":{"supply_id":"taipei-onstreet-104200021","city":"taipei","district":"大同區","display_name":"民族西路 車格 104200021","address":"民族西路","facility_kind":"onstreet","symbol_text":null,"type_reference":"路邊停車格","type_confidence":0.6,"price_raw":null,"price_value":null,"capacity_total":1,"available_total":1,"occupied_total":0,"status_label":"空位","data_time":"2026-05-02 15:53:29+08:00","city_label":"臺北市","facility_kind_label":"路邊車格","available_rate":1,"occupancy_rate":0,"price_tier":"unknown","price_tier_label":"價格未知"}},{"type":"Feature","geometry":{"type":"Point","coordinates":[121.50924,25.06186]},"properties":{"supply_id":"taipei-onstreet-10340A091","city":"taipei","district":"大同區","display_name":"迪化街1段A 車格 10340A091","address":"迪化街1段A","facility_kind":"onstreet","symbol_text":null,"type_reference":"路邊停車格","type_confidence":0.6,"price_raw":null,"price_value":null,"capacity_total":1,"available_total":null,"occupied_total":null,"status_label":"狀態未知","data_time":"2026-05-02 15:53:29+08:00","city_label":"臺北市","facility_kind_label":"路邊車格","available_rate":null,"occupancy_rate":null,"price_tier":"unknown","price_tier_label":"價格未知"}},{"type":"Feature","geometry":{"type":"Point","coordinates":[121.51538,25.05083]},"properties":{"supply_id":"taipei-onstreet-101500A83","city":"taipei","district":"大同區","display_name":"太原路A 車格 101500A83","address":"太原路A","facility_kind":"onstreet","symbol_text":null,"type_reference":"路邊停車格","type_confidence":0.6,"price_raw":null,"price_value":null,"capacity_total":1,"available_total":1,"occupied_total":0,"status_label":"空位","data_time":"2026-05-02 15:53:29+08:00","city_label":"臺北市","facility_kind_label":"路邊車格","available_rate":1,"occupancy_rate":0,"price_tier":"unknown","price_tier_label":"價格未知"}},{"type":"Feature","geometry":{"type":"Point","coordinates":[121.51067,25.0777]},"properties":{"supply_id":"taipei-onstreet-105829424","city":"taipei","district":"大同區","display_name":"延平北路4段294巷 車格 105829424","address":"延平北路4段294巷","facility_kind":"onstreet","symbol_text":null,"type_reference":"路邊停車格","type_confidence":0.6,"price_raw":null,"price_value":null,"capacity_total":1,"available_total":null,"occupied_total":null,"status_label":"狀態未知","data_time":"2026-05-02 15:53:29+08:00","city_label":"臺北市","facility_kind_label":"路邊車格","available_rate":null,"occupancy_rate":null,"price_tier":"unknown","price_tier_label":"價格未知"}},{"type":"Feature","geometry":{"type":"Point","coordinates":[121.5152,25.05052]},"properties":{"supply_id":"taipei-onstreet-101500A60","city":"taipei","district":"大同區","display_name":"太原路A 車格 101500A60","address":"太原路A","facility_kind":"onstreet","symbol_text":null,"type_reference":"路邊停車格","type_confidence":0.6,"price_raw":null,"price_value":null,"capacity_total":1,"available_total":1,"occupied_total":0,"status_label":"空位","data_time":"2026-05-02 15:53:29+08:00","city_label":"臺北市","facility_kind_label":"路邊車格","available_rate":1,"occupancy_rate":0,"price_tier":"unknown","price_tier_label":"價格未知"}},{"type":"Feature","geometry":{"type":"Point","coordinates":[121.51686,25.07542]},"properties":{"supply_id":"taipei-onstreet-106905305","city":"taipei","district":"大同區","display_name":"哈密街59巷53弄 車格 106905305","address":"哈密街59巷53弄","facility_kind":"onstreet","symbol_text":null,"type_reference":"路邊停車格","type_confidence":0.6,"price_raw":null,"price_value":null,"capacity_total":1,"available_total":null,"occupied_total":null,"status_label":"狀態未知","data_time":"2026-05-02 15:53:29+08:00","city_label":"臺北市","facility_kind_label":"路邊車格","available_rate":null,"occupancy_rate":null,"price_tier":"unknown","price_tier_label":"價格未知"}},{"type":"Feature","geometry":{"type":"Point","coordinates":[121.51828,25.07789]},"properties":{"supply_id":"taipei-onstreet-6136000171","city":"taipei","district":"大同區","display_name":"承德橋下停車場(堤外) 車格 6136000171","address":"承德橋下停車場(堤外)","facility_kind":"onstreet","symbol_text":null,"type_reference":"路邊停車格","type_confidence":0.6,"price_raw":null,"price_value":null,"capacity_total":1,"available_total":null,"occupied_total":null,"status_label":"狀態未知","data_time":"2026-05-02 15:53:29+08:00","city_label":"臺北市","facility_kind_label":"路邊車格","available_rate":null,"occupancy_rate":null,"price_tier":"unknown","price_tier_label":"價格未知"}},{"type":"Feature","geometry":{"type":"Point","coordinates":[121.51086,25.05527]},"properties":{"supply_id":"taipei-onstreet-10320B039","city":"taipei","district":"大同區","display_name":"民樂街 車格 10320B039","address":"民樂街","facility_kind":"onstreet","symbol_text":null,"type_reference":"路邊停車格","type_confidence":0.6,"price_raw":null,"price_value":null,"capacity_total":1,"available_total":1,"occupied_total":0,"status_label":"空位","data_time":"2026-05-02 15:53:29+08:00","city_label":"臺北市","facility_kind_label":"路邊車格","available_rate":1,"occupancy_rate":0,"price_tier":"unknown","price_tier_label":"價格未知"}},{"type":"Feature","geometry":{"type":"Point","coordinates":[121.51851,25.07775]},"properties":{"supply_id":"taipei-onstreet-613600065","city":"taipei","district":"大同區","display_name":"承德橋下停車場(堤外) 車格 613600065","address":"承德橋下停車場(堤外)","facility_kind":"onstreet","symbol_text":null,"type_reference":"路邊停車格","type_confidence":0.6,"price_raw":null,"price_value":null,"capacity_total":1,"available_total":null,"occupied_total":null,"status_label":"狀態未知","data_time":"2026-05-02 15:53:29+08:00","city_label":"臺北市","facility_kind_label":"路邊車格","available_rate":null,"occupancy_rate":null,"price_tier":"unknown","price_tier_label":"價格未知"}},{"type":"Feature","geometry":{"type":"Point","coordinates":[121.51241,25.06467]},"properties":{"supply_id":"taipei-onstreet-104100001","city":"taipei","district":"大同區","display_name":"伊寧街 車格 104100001","address":"伊寧街","facility_kind":"onstreet","symbol_text":null,"type_reference":"路邊停車格","type_confidence":0.6,"price_raw":null,"price_value":null,"capacity_total":1,"available_total":1,"occupied_total":0,"status_label":"空位","data_time":"2026-05-02 15:53:29+08:00","city_label":"臺北市","facility_kind_label":"路邊車格","available_rate":1,"occupancy_rate":0,"price_tier":"unknown","price_tier_label":"價格未知"}},{"type":"Feature","geometry":{"type":"Point","coordinates":[121.50648,25.05223]},"properties":{"supply_id":"taipei-onstreet-607500029","city":"taipei","district":"大同區","display_name":"環河北路（3號水門堤外）小型車 車格 607500029","address":"環河北路（3號水門堤外）小型車","facility_kind":"onstreet","symbol_text":null,"type_reference":"路邊停車格","type_confidence":0.6,"price_raw":null,"price_value":null,"capacity_total":1,"available_total":null,"occupied_total":null,"status_label":"狀態未知","data_time":"2026-05-02 15:53:29+08:00","city_label":"臺北市","facility_kind_label":"路邊車格","available_rate":null,"occupancy_rate":null,"price_tier":"unknown","price_tier_label":"價格未知"}},{"type":"Feature","geometry":{"type":"Point","coordinates":[121.51594,25.07012]},"properties":{"supply_id":"taipei-onstreet-106600017","city":"taipei","district":"大同區","display_name":"大龍街 車格 106600017","address":"大龍街","facility_kind":"onstreet","symbol_text":null,"type_reference":"路邊停車格","type_confidence":0.6,"price_raw":null,"price_value":null,"capacity_total":1,"available_total":1,"occupied_total":0,"status_label":"空位","data_time":"2026-05-02 15:53:29+08:00","city_label":"臺北市","facility_kind_label":"路邊車格","available_rate":1,"occupancy_rate":0,"price_tier":"unknown","price_tier_label":"價格未知"}},{"type":"Feature","geometry":{"type":"Point","coordinates":[121.51061,25.05804]},"properties":{"supply_id":"taipei-onstreet-10320A05","city":"taipei","district":"大同區","display_name":"民樂街A 車格 10320A05","address":"民樂街A","facility_kind":"onstreet","symbol_text":null,"type_reference":"路邊停車格","type_confidence":0.6,"price_raw":null,"price_value":null,"capacity_total":1,"available_total":null,"occupied_total":null,"status_label":"狀態未知","data_time":"2026-05-02 15:53:29+08:00","city_label":"臺北市","facility_kind_label":"路邊車格","available_rate":null,"occupancy_rate":null,"price_tier":"unknown","price_tier_label":"價格未知"}},{"type":"Feature","geometry":{"type":"Point","coordinates":[121.51237,25.05814]},"properties":{"supply_id":"taipei-onstreet-103600025","city":"taipei","district":"大同區","display_name":"歸綏街 車格 103600025","address":"歸綏街","facility_kind":"onstreet","symbol_text":null,"type_reference":"路邊停車格","type_confidence":0.6,"price_raw":null,"price_value":null,"capacity_total":1,"available_total":1,"occupied_total":0,"status_label":"空位","data_time":"2026-05-02 15:53:29+08:00","city_label":"臺北市","facility_kind_label":"路邊車格","available_rate":1,"occupancy_rate":0,"price_tier":"unknown","price_tier_label":"價格未知"}},{"type":"Feature","geometry":{"type":"Point","coordinates":[121.51172,25.07798]},"properties":{"supply_id":"taipei-onstreet-10580A056","city":"taipei","district":"大同區","display_name":"延平北路4至5段1巷 車格 10580A056","address":"延平北路4至5段1巷","facility_kind":"onstreet","symbol_text":null,"type_reference":"路邊停車格","type_confidence":0.6,"price_raw":null,"price_value":null,"capacity_total":1,"available_total":null,"occupied_total":null,"status_label":"狀態未知","data_time":"2026-05-02 15:53:29+08:00","city_label":"臺北市","facility_kind_label":"路邊車格","available_rate":null,"occupancy_rate":null,"price_tier":"unknown","price_tier_label":"價格未知"}},{"type":"Feature","geometry":{"type":"Point","coordinates":[121.51501,25.0514]},"properties":{"supply_id":"taipei-onstreet-10120A021","city":"taipei","district":"大同區","display_name":"長安西路A 車格 10120A021","address":"長安西路A","facility_kind":"onstreet","symbol_text":null,"type_reference":"路邊停車格","type_confidence":0.6,"price_raw":null,"price_value":null,"capacity_total":1,"available_total":1,"occupied_total":0,"status_label":"空位","data_time":"2026-05-02 15:53:29+08:00","city_label":"臺北市","facility_kind_label":"路邊車格","available_rate":1,"occupancy_rate":0,"price_tier":"unknown","price_tier_label":"價格未知"}},{"type":"Feature","geometry":{"type":"Point","coordinates":[121.50872,25.05426]},"properties":{"supply_id":"taipei-onstreet-1023Y0083","city":"taipei","district":"大同區","display_name":"西寧北路 車格 1023Y0083","address":"西寧北路","facility_kind":"onstreet","symbol_text":null,"type_reference":"路邊停車格","type_confidence":0.6,"price_raw":null,"price_value":null,"capacity_total":1,"available_total":1,"occupied_total":0,"status_label":"空位","data_time":"2026-05-02 15:53:29+08:00","city_label":"臺北市","facility_kind_label":"路邊車格","available_rate":1,"occupancy_rate":0,"price_tier":"unknown","price_tier_label":"價格未知"}},{"type":"Feature","geometry":{"type":"Point","coordinates":[121.50601,25.0519]},"properties":{"supply_id":"taipei-onstreet-6075000207","city":"taipei","district":"大同區","display_name":"環河北路（3號水門堤外）小型車 車格 6075000207","address":"環河北路（3號水門堤外）小型車","facility_kind":"onstreet","symbol_text":null,"type_reference":"路邊停車格","type_confidence":0.6,"price_raw":null,"price_value":null,"capacity_total":1,"available_total":null,"occupied_total":null,"status_label":"狀態未知","data_time":"2026-05-02 15:53:29+08:00","city_label":"臺北市","facility_kind_label":"路邊車格","available_rate":null,"occupancy_rate":null,"price_tier":"unknown","price_tier_label":"價格未知"}},{"type":"Feature","geometry":{"type":"Point","coordinates":[121.5163,25.05453]},"properties":{"supply_id":"taipei-onstreet-101500014","city":"taipei","district":"大同區","display_name":"太原路 車格 101500014","address":"太原路","facility_kind":"onstreet","symbol_text":null,"type_reference":"路邊停車格","type_confidence":0.6,"price_raw":null,"price_value":null,"capacity_total":1,"available_total":null,"occupied_total":null,"status_label":"狀態未知","data_time":"2026-05-02 15:53:29+08:00","city_label":"臺北市","facility_kind_label":"路邊車格","available_rate":null,"occupancy_rate":null,"price_tier":"unknown","price_tier_label":"價格未知"}},{"type":"Feature","geometry":{"type":"Point","coordinates":[121.50931,25.06031]},"properties":{"supply_id":"taipei-onstreet-10340A013","city":"taipei","district":"大同區","display_name":"迪化街1段A 車格 10340A013","address":"迪化街1段A","facility_kind":"onstreet","symbol_text":null,"type_reference":"路邊停車格","type_confidence":0.6,"price_raw":null,"price_value":null,"capacity_total":1,"available_total":1,"occupied_total":0,"status_label":"空位","data_time":"2026-05-02 15:53:29+08:00","city_label":"臺北市","facility_kind_label":"路邊車格","available_rate":1,"occupancy_rate":0,"price_tier":"unknown","price_tier_label":"價格未知"}},{"type":"Feature","geometry":{"type":"Point","coordinates":[121.50993,25.05158]},"properties":{"supply_id":"taipei-onstreet-101014313","city":"taipei","district":"大同區","display_name":"鄭州路143巷 車格 101014313","address":"鄭州路143巷","facility_kind":"onstreet","symbol_text":null,"type_reference":"路邊停車格","type_confidence":0.6,"price_raw":null,"price_value":null,"capacity_total":1,"available_total":1,"occupied_total":0,"status_label":"空位","data_time":"2026-05-02 15:53:29+08:00","city_label":"臺北市","facility_kind_label":"路邊車格","available_rate":1,"occupancy_rate":0,"price_tier":"unknown","price_tier_label":"價格未知"}},{"type":"Feature","geometry":{"type":"Point","coordinates":[121.50995,25.05136]},"properties":{"supply_id":"taipei-onstreet-10101438","city":"taipei","district":"大同區","display_name":"鄭州路143巷 車格 10101438","address":"鄭州路143巷","facility_kind":"onstreet","symbol_text":null,"type_reference":"路邊停車格","type_confidence":0.6,"price_raw":null,"price_value":null,"capacity_total":1,"available_total":null,"occupied_total":null,"status_label":"狀態未知","data_time":"2026-05-02 15:53:29+08:00","city_label":"臺北市","facility_kind_label":"路邊車格","available_rate":null,"occupancy_rate":null,"price_tier":"unknown","price_tier_label":"價格未知"}},{"type":"Feature","geometry":{"type":"Point","coordinates":[121.50967,25.07223]},"properties":{"supply_id":"taipei-onstreet-10680A031","city":"taipei","district":"大同區","display_name":"酒泉街 車格 10680A031","address":"酒泉街","facility_kind":"onstreet","symbol_text":null,"type_reference":"路邊停車格","type_confidence":0.6,"price_raw":null,"price_value":null,"capacity_total":1,"available_total":1,"occupied_total":0,"status_label":"空位","data_time":"2026-05-02 15:53:29+08:00","city_label":"臺北市","facility_kind_label":"路邊車格","available_rate":1,"occupancy_rate":0,"price_tier":"unknown","price_tier_label":"價格未知"}},{"type":"Feature","geometry":{"type":"Point","coordinates":[121.51548,25.07636]},"properties":{"supply_id":"taipei-onstreet-10700B049","city":"taipei","district":"大同區","display_name":"慶昌橋下停車場 車格 10700B049","address":"慶昌橋下停車場","facility_kind":"onstreet","symbol_text":null,"type_reference":"路邊停車格","type_confidence":0.6,"price_raw":null,"price_value":null,"capacity_total":1,"available_total":null,"occupied_total":null,"status_label":"狀態未知","data_time":"2026-05-02 15:53:29+08:00","city_label":"臺北市","facility_kind_label":"路邊車格","available_rate":null,"occupancy_rate":null,"price_tier":"unknown","price_tier_label":"價格未知"}},{"type":"Feature","geometry":{"type":"Point","coordinates":[121.51225,25.0765]},"properties":{"supply_id":"taipei-onstreet-107000012","city":"taipei","district":"大同區","display_name":"敦煌路 車格 107000012","address":"敦煌路","facility_kind":"onstreet","symbol_text":null,"type_reference":"路邊停車格","type_confidence":0.6,"price_raw":null,"price_value":null,"capacity_total":1,"available_total":null,"occupied_total":null,"status_label":"狀態未知","data_time":"2026-05-02 15:53:29+08:00","city_label":"臺北市","facility_kind_label":"路邊車格","available_rate":null,"occupancy_rate":null,"price_tier":"unknown","price_tier_label":"價格未知"}},{"type":"Feature","geometry":{"type":"Point","coordinates":[121.51231,25.05244]},"properties":{"supply_id":"taipei-onstreet-101900010","city":"taipei","district":"大同區","display_name":"天水路 車格 101900010","address":"天水路","facility_kind":"onstreet","symbol_text":null,"type_reference":"路邊停車格","type_confidence":0.6,"price_raw":null,"price_value":null,"capacity_total":1,"available_total":1,"occupied_total":0,"status_label":"空位","data_time":"2026-05-02 15:53:29+08:00","city_label":"臺北市","facility_kind_label":"路邊車格","available_rate":1,"occupancy_rate":0,"price_tier":"unknown","price_tier_label":"價格未知"}},{"type":"Feature","geometry":{"type":"Point","coordinates":[121.5085,25.05232]},"properties":{"supply_id":"taipei-onstreet-1023Y00110","city":"taipei","district":"大同區","display_name":"西寧北路 車格 1023Y00110","address":"西寧北路","facility_kind":"onstreet","symbol_text":null,"type_reference":"路邊停車格","type_confidence":0.6,"price_raw":null,"price_value":null,"capacity_total":1,"available_total":1,"occupied_total":0,"status_label":"空位","data_time":"2026-05-02 15:53:29+08:00","city_label":"臺北市","facility_kind_label":"路邊車格","available_rate":1,"occupancy_rate":0,"price_tier":"unknown","price_tier_label":"價格未知"}},{"type":"Feature","geometry":{"type":"Point","coordinates":[121.50614,25.05197]},"properties":{"supply_id":"taipei-onstreet-6075000227","city":"taipei","district":"大同區","display_name":"環河北路（3號水門堤外）小型車 車格 6075000227","address":"環河北路（3號水門堤外）小型車","facility_kind":"onstreet","symbol_text":null,"type_reference":"路邊停車格","type_confidence":0.6,"price_raw":null,"price_value":null,"capacity_total":1,"available_total":null,"occupied_total":null,"status_label":"狀態未知","data_time":"2026-05-02 15:53:29+08:00","city_label":"臺北市","facility_kind_label":"路邊車格","available_rate":null,"occupancy_rate":null,"price_tier":"unknown","price_tier_label":"價格未知"}},{"type":"Feature","geometry":{"type":"Point","coordinates":[121.50674,25.05199]},"properties":{"supply_id":"taipei-onstreet-6075000130","city":"taipei","district":"大同區","display_name":"環河北路（3號水門堤外）小型車 車格 6075000130","address":"環河北路（3號水門堤外）小型車","facility_kind":"onstreet","symbol_text":null,"type_reference":"路邊停車格","type_confidence":0.6,"price_raw":null,"price_value":null,"capacity_total":1,"available_total":null,"occupied_total":null,"status_label":"狀態未知","data_time":"2026-05-02 15:53:29+08:00","city_label":"臺北市","facility_kind_label":"路邊車格","available_rate":null,"occupancy_rate":null,"price_tier":"unknown","price_tier_label":"價格未知"}},{"type":"Feature","geometry":{"type":"Point","coordinates":[121.50857,25.05302]},"properties":{"supply_id":"taipei-onstreet-1023Y0095","city":"taipei","district":"大同區","display_name":"西寧北路 車格 1023Y0095","address":"西寧北路","facility_kind":"onstreet","symbol_text":null,"type_reference":"路邊停車格","type_confidence":0.6,"price_raw":null,"price_value":null,"capacity_total":1,"available_total":1,"occupied_total":0,"status_label":"空位","data_time":"2026-05-02 15:53:29+08:00","city_label":"臺北市","facility_kind_label":"路邊車格","available_rate":1,"occupancy_rate":0,"price_tier":"unknown","price_tier_label":"價格未知"}},{"type":"Feature","geometry":{"type":"Point","coordinates":[121.52046,25.05958]},"properties":{"supply_id":"taipei-onstreet-102903811","city":"taipei","district":"大同區","display_name":"錦西街38巷 車格 102903811","address":"錦西街38巷","facility_kind":"onstreet","symbol_text":null,"type_reference":"路邊停車格","type_confidence":0.6,"price_raw":null,"price_value":null,"capacity_total":1,"available_total":null,"occupied_total":null,"status_label":"狀態未知","data_time":"2026-05-02 15:53:29+08:00","city_label":"臺北市","facility_kind_label":"路邊車格","available_rate":null,"occupancy_rate":null,"price_tier":"unknown","price_tier_label":"價格未知"}},{"type":"Feature","geometry":{"type":"Point","coordinates":[121.51689,25.05624]},"properties":{"supply_id":"taipei-onstreet-101500072","city":"taipei","district":"大同區","display_name":"太原路 車格 101500072","address":"太原路","facility_kind":"onstreet","symbol_text":null,"type_reference":"路邊停車格","type_confidence":0.6,"price_raw":null,"price_value":null,"capacity_total":1,"available_total":null,"occupied_total":null,"status_label":"狀態未知","data_time":"2026-05-02 15:53:29+08:00","city_label":"臺北市","facility_kind_label":"路邊車格","available_rate":null,"occupancy_rate":null,"price_tier":"unknown","price_tier_label":"價格未知"}},{"type":"Feature","geometry":{"type":"Point","coordinates":[121.51859,25.07778]},"properties":{"supply_id":"taipei-onstreet-613600067","city":"taipei","district":"大同區","display_name":"承德橋下停車場(堤外) 車格 613600067","address":"承德橋下停車場(堤外)","facility_kind":"onstreet","symbol_text":null,"type_reference":"路邊停車格","type_confidence":0.6,"price_raw":null,"price_value":null,"capacity_total":1,"available_total":null,"occupied_total":null,"status_label":"狀態未知","data_time":"2026-05-02 15:53:29+08:00","city_label":"臺北市","facility_kind_label":"路邊車格","available_rate":null,"occupancy_rate":null,"price_tier":"unknown","price_tier_label":"價格未知"}},{"type":"Feature","geometry":{"type":"Point","coordinates":[121.51946,25.07746]},"properties":{"supply_id":"taipei-onstreet-613600099","city":"taipei","district":"大同區","display_name":"承德橋下停車場(堤外) 車格 613600099","address":"承德橋下停車場(堤外)","facility_kind":"onstreet","symbol_text":null,"type_reference":"路邊停車格","type_confidence":0.6,"price_raw":null,"price_value":null,"capacity_total":1,"available_total":null,"occupied_total":null,"status_label":"狀態未知","data_time":"2026-05-02 15:53:29+08:00","city_label":"臺北市","facility_kind_label":"路邊車格","available_rate":null,"occupancy_rate":null,"price_tier":"unknown","price_tier_label":"價格未知"}},{"type":"Feature","geometry":{"type":"Point","coordinates":[121.50919,25.07253]},"properties":{"supply_id":"taipei-onstreet-106500003","city":"taipei","district":"大同區","display_name":"環河北路2段 車格 106500003","address":"環河北路2段","facility_kind":"onstreet","symbol_text":null,"type_reference":"路邊停車格","type_confidence":0.6,"price_raw":null,"price_value":null,"capacity_total":1,"available_total":null,"occupied_total":null,"status_label":"狀態未知","data_time":"2026-05-02 15:53:29+08:00","city_label":"臺北市","facility_kind_label":"路邊車格","available_rate":null,"occupancy_rate":null,"price_tier":"unknown","price_tier_label":"價格未知"}},{"type":"Feature","geometry":{"type":"Point","coordinates":[121.51514,25.07642]},"properties":{"supply_id":"taipei-onstreet-10700B036","city":"taipei","district":"大同區","display_name":"慶昌橋下停車場 車格 10700B036","address":"慶昌橋下停車場","facility_kind":"onstreet","symbol_text":null,"type_reference":"路邊停車格","type_confidence":0.6,"price_raw":null,"price_value":null,"capacity_total":1,"available_total":null,"occupied_total":null,"status_label":"狀態未知","data_time":"2026-05-02 15:53:29+08:00","city_label":"臺北市","facility_kind_label":"路邊車格","available_rate":null,"occupancy_rate":null,"price_tier":"unknown","price_tier_label":"價格未知"}},{"type":"Feature","geometry":{"type":"Point","coordinates":[121.51212,25.07748]},"properties":{"supply_id":"taipei-onstreet-10580A03","city":"taipei","district":"大同區","display_name":"延平北路4至5段1巷 車格 10580A03","address":"延平北路4至5段1巷","facility_kind":"onstreet","symbol_text":null,"type_reference":"路邊停車格","type_confidence":0.6,"price_raw":null,"price_value":null,"capacity_total":1,"available_total":null,"occupied_total":null,"status_label":"狀態未知","data_time":"2026-05-02 15:53:29+08:00","city_label":"臺北市","facility_kind_label":"路邊車格","available_rate":null,"occupancy_rate":null,"price_tier":"unknown","price_tier_label":"價格未知"}},{"type":"Feature","geometry":{"type":"Point","coordinates":[121.50994,25.05127]},"properties":{"supply_id":"taipei-onstreet-10101436","city":"taipei","district":"大同區","display_name":"鄭州路143巷 車格 10101436","address":"鄭州路143巷","facility_kind":"onstreet","symbol_text":null,"type_reference":"路邊停車格","type_confidence":0.6,"price_raw":null,"price_value":null,"capacity_total":1,"available_total":null,"occupied_total":null,"status_label":"狀態未知","data_time":"2026-05-02 15:53:29+08:00","city_label":"臺北市","facility_kind_label":"路邊車格","available_rate":null,"occupancy_rate":null,"price_tier":"unknown","price_tier_label":"價格未知"}},{"type":"Feature","geometry":{"type":"Point","coordinates":[121.50915,25.07313]},"properties":{"supply_id":"taipei-onstreet-106500010A","city":"taipei","district":"大同區","display_name":"環河北路2段 車格 106500010A","address":"環河北路2段","facility_kind":"onstreet","symbol_text":null,"type_reference":"路邊停車格","type_confidence":0.6,"price_raw":null,"price_value":null,"capacity_total":1,"available_total":null,"occupied_total":null,"status_label":"狀態未知","data_time":"2026-05-02 15:53:29+08:00","city_label":"臺北市","facility_kind_label":"路邊車格","available_rate":null,"occupancy_rate":null,"price_tier":"unknown","price_tier_label":"價格未知"}},{"type":"Feature","geometry":{"type":"Point","coordinates":[121.51927,25.07753]},"properties":{"supply_id":"taipei-onstreet-613600091","city":"taipei","district":"大同區","display_name":"承德橋下停車場(堤外) 車格 613600091","address":"承德橋下停車場(堤外)","facility_kind":"onstreet","symbol_text":null,"type_reference":"路邊停車格","type_confidence":0.6,"price_raw":null,"price_value":null,"capacity_total":1,"available_total":null,"occupied_total":null,"status_label":"狀態未知","data_time":"2026-05-02 15:53:29+08:00","city_label":"臺北市","facility_kind_label":"路邊車格","available_rate":null,"occupancy_rate":null,"price_tier":"unknown","price_tier_label":"價格未知"}},{"type":"Feature","geometry":{"type":"Point","coordinates":[121.52043,25.05992]},"properties":{"supply_id":"taipei-onstreet-10290384","city":"taipei","district":"大同區","display_name":"錦西街38巷 車格 10290384","address":"錦西街38巷","facility_kind":"onstreet","symbol_text":null,"type_reference":"路邊停車格","type_confidence":0.6,"price_raw":null,"price_value":null,"capacity_total":1,"available_total":null,"occupied_total":null,"status_label":"狀態未知","data_time":"2026-05-02 15:53:29+08:00","city_label":"臺北市","facility_kind_label":"路邊車格","available_rate":null,"occupancy_rate":null,"price_tier":"unknown","price_tier_label":"價格未知"}},{"type":"Feature","geometry":{"type":"Point","coordinates":[121.51949,25.06819]},"properties":{"supply_id":"taipei-onstreet-10420322","city":"taipei","district":"大同區","display_name":"民族西路32巷 車格 10420322","address":"民族西路32巷","facility_kind":"onstreet","symbol_text":null,"type_reference":"路邊停車格","type_confidence":0.6,"price_raw":null,"price_value":null,"capacity_total":1,"available_total":null,"occupied_total":null,"status_label":"狀態未知","data_time":"2026-05-02 15:53:29+08:00","city_label":"臺北市","facility_kind_label":"路邊車格","available_rate":null,"occupancy_rate":null,"price_tier":"unknown","price_tier_label":"價格未知"}},{"type":"Feature","geometry":{"type":"Point","coordinates":[121.51858,25.07772]},"properties":{"supply_id":"taipei-onstreet-613600062","city":"taipei","district":"大同區","display_name":"承德橋下停車場(堤外) 車格 613600062","address":"承德橋下停車場(堤外)","facility_kind":"onstreet","symbol_text":null,"type_reference":"路邊停車格","type_confidence":0.6,"price_raw":null,"price_value":null,"capacity_total":1,"available_total":null,"occupied_total":null,"status_label":"狀態未知","data_time":"2026-05-02 15:53:29+08:00","city_label":"臺北市","facility_kind_label":"路邊車格","available_rate":null,"occupancy_rate":null,"price_tier":"unknown","price_tier_label":"價格未知"}},{"type":"Feature","geometry":{"type":"Point","coordinates":[121.51184,25.07772]},"properties":{"supply_id":"taipei-onstreet-10580A062","city":"taipei","district":"大同區","display_name":"延平北路4至5段1巷 車格 10580A062","address":"延平北路4至5段1巷","facility_kind":"onstreet","symbol_text":null,"type_reference":"路邊停車格","type_confidence":0.6,"price_raw":null,"price_value":null,"capacity_total":1,"available_total":null,"occupied_total":null,"status_label":"狀態未知","data_time":"2026-05-02 15:53:29+08:00","city_label":"臺北市","facility_kind_label":"路邊車格","available_rate":null,"occupancy_rate":null,"price_tier":"unknown","price_tier_label":"價格未知"}},{"type":"Feature","geometry":{"type":"Point","coordinates":[121.50867,25.05746]},"properties":{"supply_id":"taipei-onstreet-10254236","city":"taipei","district":"大同區","display_name":"民生西路423巷 車格 10254236","address":"民生西路423巷","facility_kind":"onstreet","symbol_text":null,"type_reference":"路邊停車格","type_confidence":0.6,"price_raw":null,"price_value":null,"capacity_total":1,"available_total":null,"occupied_total":null,"status_label":"狀態未知","data_time":"2026-05-02 15:53:29+08:00","city_label":"臺北市","facility_kind_label":"路邊車格","available_rate":null,"occupancy_rate":null,"price_tier":"unknown","price_tier_label":"價格未知"}},{"type":"Feature","geometry":{"type":"Point","coordinates":[121.51624,25.07679]},"properties":{"supply_id":"taipei-onstreet-107002112","city":"taipei","district":"大同區","display_name":"敦煌路21巷 車格 107002112","address":"敦煌路21巷","facility_kind":"onstreet","symbol_text":null,"type_reference":"路邊停車格","type_confidence":0.6,"price_raw":null,"price_value":null,"capacity_total":1,"available_total":null,"occupied_total":null,"status_label":"狀態未知","data_time":"2026-05-02 15:53:29+08:00","city_label":"臺北市","facility_kind_label":"路邊車格","available_rate":null,"occupancy_rate":null,"price_tier":"unknown","price_tier_label":"價格未知"}},{"type":"Feature","geometry":{"type":"Point","coordinates":[121.51829,25.07794]},"properties":{"supply_id":"taipei-onstreet-6136000140","city":"taipei","district":"大同區","display_name":"承德橋下停車場(堤外) 車格 6136000140","address":"承德橋下停車場(堤外)","facility_kind":"onstreet","symbol_text":null,"type_reference":"路邊停車格","type_confidence":0.6,"price_raw":null,"price_value":null,"capacity_total":1,"available_total":null,"occupied_total":null,"status_label":"狀態未知","data_time":"2026-05-02 15:53:29+08:00","city_label":"臺北市","facility_kind_label":"路邊車格","available_rate":null,"occupancy_rate":null,"price_tier":"unknown","price_tier_label":"價格未知"}},{"type":"Feature","geometry":{"type":"Point","coordinates":[121.51291,25.05856]},"properties":{"supply_id":"taipei-onstreet-103100021","city":"taipei","district":"大同區","display_name":"甘州街 車格 103100021","address":"甘州街","facility_kind":"onstreet","symbol_text":null,"type_reference":"路邊停車格","type_confidence":0.6,"price_raw":null,"price_value":null,"capacity_total":1,"available_total":1,"occupied_total":0,"status_label":"空位","data_time":"2026-05-02 15:53:29+08:00","city_label":"臺北市","facility_kind_label":"路邊車格","available_rate":1,"occupancy_rate":0,"price_tier":"unknown","price_tier_label":"價格未知"}},{"type":"Feature","geometry":{"type":"Point","coordinates":[121.50663,25.05218]},"properties":{"supply_id":"taipei-onstreet-607500026","city":"taipei","district":"大同區","display_name":"環河北路（3號水門堤外）小型車 車格 607500026","address":"環河北路（3號水門堤外）小型車","facility_kind":"onstreet","symbol_text":null,"type_reference":"路邊停車格","type_confidence":0.6,"price_raw":null,"price_value":null,"capacity_total":1,"available_total":null,"occupied_total":null,"status_label":"狀態未知","data_time":"2026-05-02 15:53:29+08:00","city_label":"臺北市","facility_kind_label":"路邊車格","available_rate":null,"occupancy_rate":null,"price_tier":"unknown","price_tier_label":"價格未知"}},{"type":"Feature","geometry":{"type":"Point","coordinates":[121.51943,25.07741]},"properties":{"supply_id":"taipei-onstreet-613600025","city":"taipei","district":"大同區","display_name":"承德橋下停車場(堤外) 車格 613600025","address":"承德橋下停車場(堤外)","facility_kind":"onstreet","symbol_text":null,"type_reference":"路邊停車格","type_confidence":0.6,"price_raw":null,"price_value":null,"capacity_total":1,"available_total":null,"occupied_total":null,"status_label":"狀態未知","data_time":"2026-05-02 15:53:29+08:00","city_label":"臺北市","facility_kind_label":"路邊車格","available_rate":null,"occupancy_rate":null,"price_tier":"unknown","price_tier_label":"價格未知"}},{"type":"Feature","geometry":{"type":"Point","coordinates":[121.52044,25.06002]},"properties":{"supply_id":"taipei-onstreet-10290381","city":"taipei","district":"大同區","display_name":"錦西街38巷 車格 10290381","address":"錦西街38巷","facility_kind":"onstreet","symbol_text":null,"type_reference":"路邊停車格","type_confidence":0.6,"price_raw":null,"price_value":null,"capacity_total":1,"available_total":null,"occupied_total":null,"status_label":"狀態未知","data_time":"2026-05-02 15:53:29+08:00","city_label":"臺北市","facility_kind_label":"路邊車格","available_rate":null,"occupancy_rate":null,"price_tier":"unknown","price_tier_label":"價格未知"}},{"type":"Feature","geometry":{"type":"Point","coordinates":[121.51153,25.07868]},"properties":{"supply_id":"taipei-onstreet-10580A026","city":"taipei","district":"大同區","display_name":"延平北路4至5段1巷 車格 10580A026","address":"延平北路4至5段1巷","facility_kind":"onstreet","symbol_text":null,"type_reference":"路邊停車格","type_confidence":0.6,"price_raw":null,"price_value":null,"capacity_total":1,"available_total":null,"occupied_total":null,"status_label":"狀態未知","data_time":"2026-05-02 15:53:29+08:00","city_label":"臺北市","facility_kind_label":"路邊車格","available_rate":null,"occupancy_rate":null,"price_tier":"unknown","price_tier_label":"價格未知"}},{"type":"Feature","geometry":{"type":"Point","coordinates":[121.51295,25.05273]},"properties":{"supply_id":"taipei-onstreet-101900024","city":"taipei","district":"大同區","display_name":"天水路 車格 101900024","address":"天水路","facility_kind":"onstreet","symbol_text":null,"type_reference":"路邊停車格","type_confidence":0.6,"price_raw":null,"price_value":null,"capacity_total":1,"available_total":1,"occupied_total":0,"status_label":"空位","data_time":"2026-05-02 15:53:29+08:00","city_label":"臺北市","facility_kind_label":"路邊車格","available_rate":1,"occupancy_rate":0,"price_tier":"unknown","price_tier_label":"價格未知"}},{"type":"Feature","geometry":{"type":"Point","coordinates":[121.51511,25.07642]},"properties":{"supply_id":"taipei-onstreet-10700B035","city":"taipei","district":"大同區","display_name":"慶昌橋下停車場 車格 10700B035","address":"慶昌橋下停車場","facility_kind":"onstreet","symbol_text":null,"type_reference":"路邊停車格","type_confidence":0.6,"price_raw":null,"price_value":null,"capacity_total":1,"available_total":null,"occupied_total":null,"status_label":"狀態未知","data_time":"2026-05-02 15:53:29+08:00","city_label":"臺北市","facility_kind_label":"路邊車格","available_rate":null,"occupancy_rate":null,"price_tier":"unknown","price_tier_label":"價格未知"}},{"type":"Feature","geometry":{"type":"Point","coordinates":[121.51687,25.07534]},"properties":{"supply_id":"taipei-onstreet-106905302","city":"taipei","district":"大同區","display_name":"哈密街59巷53弄 車格 106905302","address":"哈密街59巷53弄","facility_kind":"onstreet","symbol_text":null,"type_reference":"路邊停車格","type_confidence":0.6,"price_raw":null,"price_value":null,"capacity_total":1,"available_total":null,"occupied_total":null,"status_label":"狀態未知","data_time":"2026-05-02 15:53:29+08:00","city_label":"臺北市","facility_kind_label":"路邊車格","available_rate":null,"occupancy_rate":null,"price_tier":"unknown","price_tier_label":"價格未知"}},{"type":"Feature","geometry":{"type":"Point","coordinates":[121.51765,25.06074]},"properties":{"supply_id":"taipei-onstreet-10381028","city":"taipei","district":"大同區","display_name":"民權西路102巷 車格 10381028","address":"民權西路102巷","facility_kind":"onstreet","symbol_text":null,"type_reference":"路邊停車格","type_confidence":0.6,"price_raw":null,"price_value":null,"capacity_total":1,"available_total":null,"occupied_total":null,"status_label":"狀態未知","data_time":"2026-05-02 15:53:29+08:00","city_label":"臺北市","facility_kind_label":"路邊車格","available_rate":null,"occupancy_rate":null,"price_tier":"unknown","price_tier_label":"價格未知"}},{"type":"Feature","geometry":{"type":"Point","coordinates":[121.51655,25.05545]},"properties":{"supply_id":"taipei-onstreet-10150008","city":"taipei","district":"大同區","display_name":"太原路 車格 10150008","address":"太原路","facility_kind":"onstreet","symbol_text":null,"type_reference":"路邊停車格","type_confidence":0.6,"price_raw":null,"price_value":null,"capacity_total":1,"available_total":null,"occupied_total":null,"status_label":"狀態未知","data_time":"2026-05-02 15:53:29+08:00","city_label":"臺北市","facility_kind_label":"路邊車格","available_rate":null,"occupancy_rate":null,"price_tier":"unknown","price_tier_label":"價格未知"}},{"type":"Feature","geometry":{"type":"Point","coordinates":[121.51559,25.07048]},"properties":{"supply_id":"taipei-onstreet-10512233","city":"taipei","district":"大同區","display_name":"重慶北路3段223巷 車格 10512233","address":"重慶北路3段223巷","facility_kind":"onstreet","symbol_text":null,"type_reference":"路邊停車格","type_confidence":0.6,"price_raw":null,"price_value":null,"capacity_total":1,"available_total":null,"occupied_total":null,"status_label":"狀態未知","data_time":"2026-05-02 15:53:29+08:00","city_label":"臺北市","facility_kind_label":"路邊車格","available_rate":null,"occupancy_rate":null,"price_tier":"unknown","price_tier_label":"價格未知"}},{"type":"Feature","geometry":{"type":"Point","coordinates":[121.51596,25.06121]},"properties":{"supply_id":"taipei-onstreet-102905326","city":"taipei","district":"大同區","display_name":"錦西街53巷 車格 102905326","address":"錦西街53巷","facility_kind":"onstreet","symbol_text":null,"type_reference":"路邊停車格","type_confidence":0.6,"price_raw":null,"price_value":null,"capacity_total":1,"available_total":1,"occupied_total":0,"status_label":"空位","data_time":"2026-05-02 15:53:29+08:00","city_label":"臺北市","facility_kind_label":"路邊車格","available_rate":1,"occupancy_rate":0,"price_tier":"unknown","price_tier_label":"價格未知"}},{"type":"Feature","geometry":{"type":"Point","coordinates":[121.51101,25.05461]},"properties":{"supply_id":"taipei-onstreet-10320B08","city":"taipei","district":"大同區","display_name":"民樂街 車格 10320B08","address":"民樂街","facility_kind":"onstreet","symbol_text":null,"type_reference":"路邊停車格","type_confidence":0.6,"price_raw":null,"price_value":null,"capacity_total":1,"available_total":null,"occupied_total":null,"status_label":"狀態未知","data_time":"2026-05-02 15:53:29+08:00","city_label":"臺北市","facility_kind_label":"路邊車格","available_rate":null,"occupancy_rate":null,"price_tier":"unknown","price_tier_label":"價格未知"}},{"type":"Feature","geometry":{"type":"Point","coordinates":[121.51819,25.078]},"properties":{"supply_id":"taipei-onstreet-6136000145","city":"taipei","district":"大同區","display_name":"承德橋下停車場(堤外) 車格 6136000145","address":"承德橋下停車場(堤外)","facility_kind":"onstreet","symbol_text":null,"type_reference":"路邊停車格","type_confidence":0.6,"price_raw":null,"price_value":null,"capacity_total":1,"available_total":null,"occupied_total":null,"status_label":"狀態未知","data_time":"2026-05-02 15:53:29+08:00","city_label":"臺北市","facility_kind_label":"路邊車格","available_rate":null,"occupancy_rate":null,"price_tier":"unknown","price_tier_label":"價格未知"}},{"type":"Feature","geometry":{"type":"Point","coordinates":[121.50612,25.05197]},"properties":{"supply_id":"taipei-onstreet-6075000228","city":"taipei","district":"大同區","display_name":"環河北路（3號水門堤外）小型車 車格 6075000228","address":"環河北路（3號水門堤外）小型車","facility_kind":"onstreet","symbol_text":null,"type_reference":"路邊停車格","type_confidence":0.6,"price_raw":null,"price_value":null,"capacity_total":1,"available_total":null,"occupied_total":null,"status_label":"狀態未知","data_time":"2026-05-02 15:53:29+08:00","city_label":"臺北市","facility_kind_label":"路邊車格","available_rate":null,"occupancy_rate":null,"price_tier":"unknown","price_tier_label":"價格未知"}},{"type":"Feature","geometry":{"type":"Point","coordinates":[121.51084,25.07757]},"properties":{"supply_id":"taipei-onstreet-105829451","city":"taipei","district":"大同區","display_name":"延平北路4段294巷 車格 105829451","address":"延平北路4段294巷","facility_kind":"onstreet","symbol_text":null,"type_reference":"路邊停車格","type_confidence":0.6,"price_raw":null,"price_value":null,"capacity_total":1,"available_total":null,"occupied_total":null,"status_label":"狀態未知","data_time":"2026-05-02 15:53:29+08:00","city_label":"臺北市","facility_kind_label":"路邊車格","available_rate":null,"occupancy_rate":null,"price_tier":"unknown","price_tier_label":"價格未知"}},{"type":"Feature","geometry":{"type":"Point","coordinates":[121.51537,25.05072]},"properties":{"supply_id":"taipei-onstreet-101500A81","city":"taipei","district":"大同區","display_name":"太原路A 車格 101500A81","address":"太原路A","facility_kind":"onstreet","symbol_text":null,"type_reference":"路邊停車格","type_confidence":0.6,"price_raw":null,"price_value":null,"capacity_total":1,"available_total":1,"occupied_total":0,"status_label":"空位","data_time":"2026-05-02 15:53:29+08:00","city_label":"臺北市","facility_kind_label":"路邊車格","available_rate":1,"occupancy_rate":0,"price_tier":"unknown","price_tier_label":"價格未知"}},{"type":"Feature","geometry":{"type":"Point","coordinates":[121.50663,25.05213]},"properties":{"supply_id":"taipei-onstreet-607500060","city":"taipei","district":"大同區","display_name":"環河北路（3號水門堤外）小型車 車格 607500060","address":"環河北路（3號水門堤外）小型車","facility_kind":"onstreet","symbol_text":null,"type_reference":"路邊停車格","type_confidence":0.6,"price_raw":null,"price_value":null,"capacity_total":1,"available_total":null,"occupied_total":null,"status_label":"狀態未知","data_time":"2026-05-02 15:53:29+08:00","city_label":"臺北市","facility_kind_label":"路邊車格","available_rate":null,"occupancy_rate":null,"price_tier":"unknown","price_tier_label":"價格未知"}},{"type":"Feature","geometry":{"type":"Point","coordinates":[121.51085,25.05536]},"properties":{"supply_id":"taipei-onstreet-10320B037","city":"taipei","district":"大同區","display_name":"民樂街 車格 10320B037","address":"民樂街","facility_kind":"onstreet","symbol_text":null,"type_reference":"路邊停車格","type_confidence":0.6,"price_raw":null,"price_value":null,"capacity_total":1,"available_total":1,"occupied_total":0,"status_label":"空位","data_time":"2026-05-02 15:53:29+08:00","city_label":"臺北市","facility_kind_label":"路邊車格","available_rate":1,"occupancy_rate":0,"price_tier":"unknown","price_tier_label":"價格未知"}},{"type":"Feature","geometry":{"type":"Point","coordinates":[121.5124,25.0525]},"properties":{"supply_id":"taipei-onstreet-10190008","city":"taipei","district":"大同區","display_name":"天水路 車格 10190008","address":"天水路","facility_kind":"onstreet","symbol_text":null,"type_reference":"路邊停車格","type_confidence":0.6,"price_raw":null,"price_value":null,"capacity_total":1,"available_total":null,"occupied_total":null,"status_label":"狀態未知","data_time":"2026-05-02 15:53:29+08:00","city_label":"臺北市","facility_kind_label":"路邊車格","available_rate":null,"occupancy_rate":null,"price_tier":"unknown","price_tier_label":"價格未知"}},{"type":"Feature","geometry":{"type":"Point","coordinates":[121.51595,25.06964]},"properties":{"supply_id":"taipei-onstreet-106600010","city":"taipei","district":"大同區","display_name":"大龍街 車格 106600010","address":"大龍街","facility_kind":"onstreet","symbol_text":null,"type_reference":"路邊停車格","type_confidence":0.6,"price_raw":null,"price_value":null,"capacity_total":1,"available_total":1,"occupied_total":0,"status_label":"空位","data_time":"2026-05-02 15:53:29+08:00","city_label":"臺北市","facility_kind_label":"路邊車格","available_rate":1,"occupancy_rate":0,"price_tier":"unknown","price_tier_label":"價格未知"}},{"type":"Feature","geometry":{"type":"Point","coordinates":[121.50656,25.0519]},"properties":{"supply_id":"taipei-onstreet-6075000138","city":"taipei","district":"大同區","display_name":"環河北路（3號水門堤外）小型車 車格 6075000138","address":"環河北路（3號水門堤外）小型車","facility_kind":"onstreet","symbol_text":null,"type_reference":"路邊停車格","type_confidence":0.6,"price_raw":null,"price_value":null,"capacity_total":1,"available_total":null,"occupied_total":null,"status_label":"狀態未知","data_time":"2026-05-02 15:53:29+08:00","city_label":"臺北市","facility_kind_label":"路邊車格","available_rate":null,"occupancy_rate":null,"price_tier":"unknown","price_tier_label":"價格未知"}},{"type":"Feature","geometry":{"type":"Point","coordinates":[121.51149,25.07876]},"properties":{"supply_id":"taipei-onstreet-10580A028","city":"taipei","district":"大同區","display_name":"延平北路4至5段1巷 車格 10580A028","address":"延平北路4至5段1巷","facility_kind":"onstreet","symbol_text":null,"type_reference":"路邊停車格","type_confidence":0.6,"price_raw":null,"price_value":null,"capacity_total":1,"available_total":null,"occupied_total":null,"status_label":"狀態未知","data_time":"2026-05-02 15:53:29+08:00","city_label":"臺北市","facility_kind_label":"路邊車格","available_rate":null,"occupancy_rate":null,"price_tier":"unknown","price_tier_label":"價格未知"}},{"type":"Feature","geometry":{"type":"Point","coordinates":[121.51934,25.06708]},"properties":{"supply_id":"taipei-onstreet-104203213","city":"taipei","district":"大同區","display_name":"民族西路32巷 車格 104203213","address":"民族西路32巷","facility_kind":"onstreet","symbol_text":null,"type_reference":"路邊停車格","type_confidence":0.6,"price_raw":null,"price_value":null,"capacity_total":1,"available_total":1,"occupied_total":0,"status_label":"空位","data_time":"2026-05-02 15:53:29+08:00","city_label":"臺北市","facility_kind_label":"路邊車格","available_rate":1,"occupancy_rate":0,"price_tier":"unknown","price_tier_label":"價格未知"}},{"type":"Feature","geometry":{"type":"Point","coordinates":[121.51107,25.07755]},"properties":{"supply_id":"taipei-onstreet-105829416","city":"taipei","district":"大同區","display_name":"延平北路4段294巷 車格 105829416","address":"延平北路4段294巷","facility_kind":"onstreet","symbol_text":null,"type_reference":"路邊停車格","type_confidence":0.6,"price_raw":null,"price_value":null,"capacity_total":1,"available_total":null,"occupied_total":null,"status_label":"狀態未知","data_time":"2026-05-02 15:53:29+08:00","city_label":"臺北市","facility_kind_label":"路邊車格","available_rate":null,"occupancy_rate":null,"price_tier":"unknown","price_tier_label":"價格未知"}},{"type":"Feature","geometry":{"type":"Point","coordinates":[121.51595,25.06969]},"properties":{"supply_id":"taipei-onstreet-106600011","city":"taipei","district":"大同區","display_name":"大龍街 車格 106600011","address":"大龍街","facility_kind":"onstreet","symbol_text":null,"type_reference":"路邊停車格","type_confidence":0.6,"price_raw":null,"price_value":null,"capacity_total":1,"available_total":1,"occupied_total":0,"status_label":"空位","data_time":"2026-05-02 15:53:29+08:00","city_label":"臺北市","facility_kind_label":"路邊車格","available_rate":1,"occupancy_rate":0,"price_tier":"unknown","price_tier_label":"價格未知"}},{"type":"Feature","geometry":{"type":"Point","coordinates":[121.51595,25.06955]},"properties":{"supply_id":"taipei-onstreet-106600008","city":"taipei","district":"大同區","display_name":"大龍街 車格 106600008","address":"大龍街","facility_kind":"onstreet","symbol_text":null,"type_reference":"路邊停車格","type_confidence":0.6,"price_raw":null,"price_value":null,"capacity_total":1,"available_total":1,"occupied_total":0,"status_label":"空位","data_time":"2026-05-02 15:53:29+08:00","city_label":"臺北市","facility_kind_label":"路邊車格","available_rate":1,"occupancy_rate":0,"price_tier":"unknown","price_tier_label":"價格未知"}},{"type":"Feature","geometry":{"type":"Point","coordinates":[121.51928,25.06664]},"properties":{"supply_id":"taipei-onstreet-104203219","city":"taipei","district":"大同區","display_name":"民族西路32巷 車格 104203219","address":"民族西路32巷","facility_kind":"onstreet","symbol_text":null,"type_reference":"路邊停車格","type_confidence":0.6,"price_raw":null,"price_value":null,"capacity_total":1,"available_total":1,"occupied_total":0,"status_label":"空位","data_time":"2026-05-02 15:53:29+08:00","city_label":"臺北市","facility_kind_label":"路邊車格","available_rate":1,"occupancy_rate":0,"price_tier":"unknown","price_tier_label":"價格未知"}},{"type":"Feature","geometry":{"type":"Point","coordinates":[121.5122,25.05913]},"properties":{"supply_id":"taipei-onstreet-12840009","city":"taipei","district":"大同區","display_name":"保安街 車格 12840009","address":"保安街","facility_kind":"onstreet","symbol_text":null,"type_reference":"路邊停車格","type_confidence":0.6,"price_raw":null,"price_value":null,"capacity_total":1,"available_total":null,"occupied_total":null,"status_label":"狀態未知","data_time":"2026-05-02 15:53:29+08:00","city_label":"臺北市","facility_kind_label":"路邊車格","available_rate":null,"occupancy_rate":null,"price_tier":"unknown","price_tier_label":"價格未知"}},{"type":"Feature","geometry":{"type":"Point","coordinates":[121.51197,25.06873]},"properties":{"supply_id":"taipei-onstreet-104200043","city":"taipei","district":"大同區","display_name":"民族西路 車格 104200043","address":"民族西路","facility_kind":"onstreet","symbol_text":null,"type_reference":"路邊停車格","type_confidence":0.6,"price_raw":null,"price_value":null,"capacity_total":1,"available_total":1,"occupied_total":0,"status_label":"空位","data_time":"2026-05-02 15:53:29+08:00","city_label":"臺北市","facility_kind_label":"路邊車格","available_rate":1,"occupancy_rate":0,"price_tier":"unknown","price_tier_label":"價格未知"}},{"type":"Feature","geometry":{"type":"Point","coordinates":[121.51939,25.07737]},"properties":{"supply_id":"taipei-onstreet-613600024","city":"taipei","district":"大同區","display_name":"承德橋下停車場(堤外) 車格 613600024","address":"承德橋下停車場(堤外)","facility_kind":"onstreet","symbol_text":null,"type_reference":"路邊停車格","type_confidence":0.6,"price_raw":null,"price_value":null,"capacity_total":1,"available_total":null,"occupied_total":null,"status_label":"狀態未知","data_time":"2026-05-02 15:53:29+08:00","city_label":"臺北市","facility_kind_label":"路邊車格","available_rate":null,"occupancy_rate":null,"price_tier":"unknown","price_tier_label":"價格未知"}},{"type":"Feature","geometry":{"type":"Point","coordinates":[121.51867,25.07783]},"properties":{"supply_id":"taipei-onstreet-6136000125","city":"taipei","district":"大同區","display_name":"承德橋下停車場(堤外) 車格 6136000125","address":"承德橋下停車場(堤外)","facility_kind":"onstreet","symbol_text":null,"type_reference":"路邊停車格","type_confidence":0.6,"price_raw":null,"price_value":null,"capacity_total":1,"available_total":null,"occupied_total":null,"status_label":"狀態未知","data_time":"2026-05-02 15:53:29+08:00","city_label":"臺北市","facility_kind_label":"路邊車格","available_rate":null,"occupancy_rate":null,"price_tier":"unknown","price_tier_label":"價格未知"}},{"type":"Feature","geometry":{"type":"Point","coordinates":[121.51531,25.05058]},"properties":{"supply_id":"taipei-onstreet-101500A78","city":"taipei","district":"大同區","display_name":"太原路A 車格 101500A78","address":"太原路A","facility_kind":"onstreet","symbol_text":null,"type_reference":"路邊停車格","type_confidence":0.6,"price_raw":null,"price_value":null,"capacity_total":1,"available_total":1,"occupied_total":0,"status_label":"空位","data_time":"2026-05-02 15:53:29+08:00","city_label":"臺北市","facility_kind_label":"路邊車格","available_rate":1,"occupancy_rate":0,"price_tier":"unknown","price_tier_label":"價格未知"}},{"type":"Feature","geometry":{"type":"Point","coordinates":[121.51863,25.0777]},"properties":{"supply_id":"taipei-onstreet-613600060","city":"taipei","district":"大同區","display_name":"承德橋下停車場(堤外) 車格 613600060","address":"承德橋下停車場(堤外)","facility_kind":"onstreet","symbol_text":null,"type_reference":"路邊停車格","type_confidence":0.6,"price_raw":null,"price_value":null,"capacity_total":1,"available_total":null,"occupied_total":null,"status_label":"狀態未知","data_time":"2026-05-02 15:53:29+08:00","city_label":"臺北市","facility_kind_label":"路邊車格","available_rate":null,"occupancy_rate":null,"price_tier":"unknown","price_tier_label":"價格未知"}},{"type":"Feature","geometry":{"type":"Point","coordinates":[121.51178,25.07785]},"properties":{"supply_id":"taipei-onstreet-10580A059","city":"taipei","district":"大同區","display_name":"延平北路4至5段1巷 車格 10580A059","address":"延平北路4至5段1巷","facility_kind":"onstreet","symbol_text":null,"type_reference":"路邊停車格","type_confidence":0.6,"price_raw":null,"price_value":null,"capacity_total":1,"available_total":null,"occupied_total":null,"status_label":"狀態未知","data_time":"2026-05-02 15:53:29+08:00","city_label":"臺北市","facility_kind_label":"路邊車格","available_rate":null,"occupancy_rate":null,"price_tier":"unknown","price_tier_label":"價格未知"}},{"type":"Feature","geometry":{"type":"Point","coordinates":[121.5191,25.0777]},"properties":{"supply_id":"taipei-onstreet-6136000114","city":"taipei","district":"大同區","display_name":"承德橋下停車場(堤外) 車格 6136000114","address":"承德橋下停車場(堤外)","facility_kind":"onstreet","symbol_text":null,"type_reference":"路邊停車格","type_confidence":0.6,"price_raw":null,"price_value":null,"capacity_total":1,"available_total":null,"occupied_total":null,"status_label":"狀態未知","data_time":"2026-05-02 15:53:29+08:00","city_label":"臺北市","facility_kind_label":"路邊車格","available_rate":null,"occupancy_rate":null,"price_tier":"unknown","price_tier_label":"價格未知"}},{"type":"Feature","geometry":{"type":"Point","coordinates":[121.5091,25.07361]},"properties":{"supply_id":"taipei-onstreet-106500019","city":"taipei","district":"大同區","display_name":"環河北路2段 車格 106500019","address":"環河北路2段","facility_kind":"onstreet","symbol_text":null,"type_reference":"路邊停車格","type_confidence":0.6,"price_raw":null,"price_value":null,"capacity_total":1,"available_total":null,"occupied_total":null,"status_label":"狀態未知","data_time":"2026-05-02 15:53:29+08:00","city_label":"臺北市","facility_kind_label":"路邊車格","available_rate":null,"occupancy_rate":null,"price_tier":"unknown","price_tier_label":"價格未知"}},{"type":"Feature","geometry":{"type":"Point","coordinates":[121.51939,25.06743]},"properties":{"supply_id":"taipei-onstreet-104203210","city":"taipei","district":"大同區","display_name":"民族西路32巷 車格 104203210","address":"民族西路32巷","facility_kind":"onstreet","symbol_text":null,"type_reference":"路邊停車格","type_confidence":0.6,"price_raw":null,"price_value":null,"capacity_total":1,"available_total":1,"occupied_total":0,"status_label":"空位","data_time":"2026-05-02 15:53:29+08:00","city_label":"臺北市","facility_kind_label":"路邊車格","available_rate":1,"occupancy_rate":0,"price_tier":"unknown","price_tier_label":"價格未知"}},{"type":"Feature","geometry":{"type":"Point","coordinates":[121.51875,25.07564]},"properties":{"supply_id":"taipei-onstreet-10700A027","city":"taipei","district":"大同區","display_name":"敦煌路A 車格 10700A027","address":"敦煌路A","facility_kind":"onstreet","symbol_text":null,"type_reference":"路邊停車格","type_confidence":0.6,"price_raw":null,"price_value":null,"capacity_total":1,"available_total":null,"occupied_total":null,"status_label":"狀態未知","data_time":"2026-05-02 15:53:29+08:00","city_label":"臺北市","facility_kind_label":"路邊車格","available_rate":null,"occupancy_rate":null,"price_tier":"unknown","price_tier_label":"價格未知"}},{"type":"Feature","geometry":{"type":"Point","coordinates":[121.5067,25.05211]},"properties":{"supply_id":"taipei-onstreet-607500063","city":"taipei","district":"大同區","display_name":"環河北路（3號水門堤外）小型車 車格 607500063","address":"環河北路（3號水門堤外）小型車","facility_kind":"onstreet","symbol_text":null,"type_reference":"路邊停車格","type_confidence":0.6,"price_raw":null,"price_value":null,"capacity_total":1,"available_total":null,"occupied_total":null,"status_label":"狀態未知","data_time":"2026-05-02 15:53:29+08:00","city_label":"臺北市","facility_kind_label":"路邊車格","available_rate":null,"occupancy_rate":null,"price_tier":"unknown","price_tier_label":"價格未知"}},{"type":"Feature","geometry":{"type":"Point","coordinates":[121.50609,25.05188]},"properties":{"supply_id":"taipei-onstreet-6075000210","city":"taipei","district":"大同區","display_name":"環河北路（3號水門堤外）小型車 車格 6075000210","address":"環河北路（3號水門堤外）小型車","facility_kind":"onstreet","symbol_text":null,"type_reference":"路邊停車格","type_confidence":0.6,"price_raw":null,"price_value":null,"capacity_total":1,"available_total":null,"occupied_total":null,"status_label":"狀態未知","data_time":"2026-05-02 15:53:29+08:00","city_label":"臺北市","facility_kind_label":"路邊車格","available_rate":null,"occupancy_rate":null,"price_tier":"unknown","price_tier_label":"價格未知"}},{"type":"Feature","geometry":{"type":"Point","coordinates":[121.51932,25.07751]},"properties":{"supply_id":"taipei-onstreet-613600093","city":"taipei","district":"大同區","display_name":"承德橋下停車場(堤外) 車格 613600093","address":"承德橋下停車場(堤外)","facility_kind":"onstreet","symbol_text":null,"type_reference":"路邊停車格","type_confidence":0.6,"price_raw":null,"price_value":null,"capacity_total":1,"available_total":null,"occupied_total":null,"status_label":"狀態未知","data_time":"2026-05-02 15:53:29+08:00","city_label":"臺北市","facility_kind_label":"路邊車格","available_rate":null,"occupancy_rate":null,"price_tier":"unknown","price_tier_label":"價格未知"}},{"type":"Feature","geometry":{"type":"Point","coordinates":[121.50987,25.05828]},"properties":{"supply_id":"taipei-onstreet-103600043","city":"taipei","district":"大同區","display_name":"歸綏街 車格 103600043","address":"歸綏街","facility_kind":"onstreet","symbol_text":null,"type_reference":"路邊停車格","type_confidence":0.6,"price_raw":null,"price_value":null,"capacity_total":1,"available_total":1,"occupied_total":0,"status_label":"空位","data_time":"2026-05-02 15:53:29+08:00","city_label":"臺北市","facility_kind_label":"路邊車格","available_rate":1,"occupancy_rate":0,"price_tier":"unknown","price_tier_label":"價格未知"}},{"type":"Feature","geometry":{"type":"Point","coordinates":[121.52049,25.07567]},"properties":{"supply_id":"taipei-onstreet-10450001","city":"taipei","district":"大同區","display_name":"承德路3段 車格 10450001","address":"承德路3段","facility_kind":"onstreet","symbol_text":null,"type_reference":"路邊停車格","type_confidence":0.6,"price_raw":null,"price_value":null,"capacity_total":1,"available_total":null,"occupied_total":null,"status_label":"狀態未知","data_time":"2026-05-02 15:53:29+08:00","city_label":"臺北市","facility_kind_label":"路邊車格","available_rate":null,"occupancy_rate":null,"price_tier":"unknown","price_tier_label":"價格未知"}},{"type":"Feature","geometry":{"type":"Point","coordinates":[121.51616,25.05403]},"properties":{"supply_id":"taipei-onstreet-101500019","city":"taipei","district":"大同區","display_name":"太原路 車格 101500019","address":"太原路","facility_kind":"onstreet","symbol_text":null,"type_reference":"路邊停車格","type_confidence":0.6,"price_raw":null,"price_value":null,"capacity_total":1,"available_total":null,"occupied_total":null,"status_label":"狀態未知","data_time":"2026-05-02 15:53:29+08:00","city_label":"臺北市","facility_kind_label":"路邊車格","available_rate":null,"occupancy_rate":null,"price_tier":"unknown","price_tier_label":"價格未知"}},{"type":"Feature","geometry":{"type":"Point","coordinates":[121.50888,25.05578]},"properties":{"supply_id":"taipei-onstreet-1023Y0064","city":"taipei","district":"大同區","display_name":"西寧北路 車格 1023Y0064","address":"西寧北路","facility_kind":"onstreet","symbol_text":null,"type_reference":"路邊停車格","type_confidence":0.6,"price_raw":null,"price_value":null,"capacity_total":1,"available_total":1,"occupied_total":0,"status_label":"空位","data_time":"2026-05-02 15:53:29+08:00","city_label":"臺北市","facility_kind_label":"路邊車格","available_rate":1,"occupancy_rate":0,"price_tier":"unknown","price_tier_label":"價格未知"}},{"type":"Feature","geometry":{"type":"Point","coordinates":[121.50669,25.05201]},"properties":{"supply_id":"taipei-onstreet-6075000128","city":"taipei","district":"大同區","display_name":"環河北路（3號水門堤外）小型車 車格 6075000128","address":"環河北路（3號水門堤外）小型車","facility_kind":"onstreet","symbol_text":null,"type_reference":"路邊停車格","type_confidence":0.6,"price_raw":null,"price_value":null,"capacity_total":1,"available_total":null,"occupied_total":null,"status_label":"狀態未知","data_time":"2026-05-02 15:53:29+08:00","city_label":"臺北市","facility_kind_label":"路邊車格","available_rate":null,"occupancy_rate":null,"price_tier":"unknown","price_tier_label":"價格未知"}},{"type":"Feature","geometry":{"type":"Point","coordinates":[121.51885,25.07785]},"properties":{"supply_id":"taipei-onstreet-6136000124","city":"taipei","district":"大同區","display_name":"承德橋下停車場(堤外) 車格 6136000124","address":"承德橋下停車場(堤外)","facility_kind":"onstreet","symbol_text":null,"type_reference":"路邊停車格","type_confidence":0.6,"price_raw":null,"price_value":null,"capacity_total":1,"available_total":null,"occupied_total":null,"status_label":"狀態未知","data_time":"2026-05-02 15:53:29+08:00","city_label":"臺北市","facility_kind_label":"路邊車格","available_rate":null,"occupancy_rate":null,"price_tier":"unknown","price_tier_label":"價格未知"}},{"type":"Feature","geometry":{"type":"Point","coordinates":[121.51175,25.06875]},"properties":{"supply_id":"taipei-onstreet-104200048","city":"taipei","district":"大同區","display_name":"民族西路 車格 104200048","address":"民族西路","facility_kind":"onstreet","symbol_text":null,"type_reference":"路邊停車格","type_confidence":0.6,"price_raw":null,"price_value":null,"capacity_total":1,"available_total":1,"occupied_total":0,"status_label":"空位","data_time":"2026-05-02 15:53:29+08:00","city_label":"臺北市","facility_kind_label":"路邊車格","available_rate":1,"occupancy_rate":0,"price_tier":"unknown","price_tier_label":"價格未知"}},{"type":"Feature","geometry":{"type":"Point","coordinates":[121.50634,25.05227]},"properties":{"supply_id":"taipei-onstreet-607500032","city":"taipei","district":"大同區","display_name":"環河北路（3號水門堤外）小型車 車格 607500032","address":"環河北路（3號水門堤外）小型車","facility_kind":"onstreet","symbol_text":null,"type_reference":"路邊停車格","type_confidence":0.6,"price_raw":null,"price_value":null,"capacity_total":1,"available_total":null,"occupied_total":null,"status_label":"狀態未知","data_time":"2026-05-02 15:53:29+08:00","city_label":"臺北市","facility_kind_label":"路邊車格","available_rate":null,"occupancy_rate":null,"price_tier":"unknown","price_tier_label":"價格未知"}},{"type":"Feature","geometry":{"type":"Point","coordinates":[121.50996,25.0518]},"properties":{"supply_id":"taipei-onstreet-101014317","city":"taipei","district":"大同區","display_name":"鄭州路143巷 車格 101014317","address":"鄭州路143巷","facility_kind":"onstreet","symbol_text":null,"type_reference":"路邊停車格","type_confidence":0.6,"price_raw":null,"price_value":null,"capacity_total":1,"available_total":1,"occupied_total":0,"status_label":"空位","data_time":"2026-05-02 15:53:29+08:00","city_label":"臺北市","facility_kind_label":"路邊車格","available_rate":1,"occupancy_rate":0,"price_tier":"unknown","price_tier_label":"價格未知"}},{"type":"Feature","geometry":{"type":"Point","coordinates":[121.51424,25.05694]},"properties":{"supply_id":"taipei-onstreet-102500039","city":"taipei","district":"大同區","display_name":"民生西路 車格 102500039","address":"民生西路","facility_kind":"onstreet","symbol_text":null,"type_reference":"路邊停車格","type_confidence":0.6,"price_raw":null,"price_value":null,"capacity_total":1,"available_total":null,"occupied_total":null,"status_label":"狀態未知","data_time":"2026-05-02 15:53:29+08:00","city_label":"臺北市","facility_kind_label":"路邊車格","available_rate":null,"occupancy_rate":null,"price_tier":"unknown","price_tier_label":"價格未知"}},{"type":"Feature","geometry":{"type":"Point","coordinates":[121.51937,25.07749]},"properties":{"supply_id":"taipei-onstreet-613600095","city":"taipei","district":"大同區","display_name":"承德橋下停車場(堤外) 車格 613600095","address":"承德橋下停車場(堤外)","facility_kind":"onstreet","symbol_text":null,"type_reference":"路邊停車格","type_confidence":0.6,"price_raw":null,"price_value":null,"capacity_total":1,"available_total":null,"occupied_total":null,"status_label":"狀態未知","data_time":"2026-05-02 15:53:29+08:00","city_label":"臺北市","facility_kind_label":"路邊車格","available_rate":null,"occupancy_rate":null,"price_tier":"unknown","price_tier_label":"價格未知"}},{"type":"Feature","geometry":{"type":"Point","coordinates":[121.50907,25.07395]},"properties":{"supply_id":"taipei-onstreet-106500026","city":"taipei","district":"大同區","display_name":"環河北路2段 車格 106500026","address":"環河北路2段","facility_kind":"onstreet","symbol_text":null,"type_reference":"路邊停車格","type_confidence":0.6,"price_raw":null,"price_value":null,"capacity_total":1,"available_total":null,"occupied_total":null,"status_label":"狀態未知","data_time":"2026-05-02 15:53:29+08:00","city_label":"臺北市","facility_kind_label":"路邊車格","available_rate":null,"occupancy_rate":null,"price_tier":"unknown","price_tier_label":"價格未知"}},{"type":"Feature","geometry":{"type":"Point","coordinates":[121.51773,25.06933]},"properties":{"supply_id":"taipei-onstreet-10451902","city":"taipei","district":"大同區","display_name":"承德路3段190巷 車格 10451902","address":"承德路3段190巷","facility_kind":"onstreet","symbol_text":null,"type_reference":"路邊停車格","type_confidence":0.6,"price_raw":null,"price_value":null,"capacity_total":1,"available_total":null,"occupied_total":null,"status_label":"狀態未知","data_time":"2026-05-02 15:53:29+08:00","city_label":"臺北市","facility_kind_label":"路邊車格","available_rate":null,"occupancy_rate":null,"price_tier":"unknown","price_tier_label":"價格未知"}},{"type":"Feature","geometry":{"type":"Point","coordinates":[121.5099,25.0514]},"properties":{"supply_id":"taipei-onstreet-101014310","city":"taipei","district":"大同區","display_name":"鄭州路143巷 車格 101014310","address":"鄭州路143巷","facility_kind":"onstreet","symbol_text":null,"type_reference":"路邊停車格","type_confidence":0.6,"price_raw":null,"price_value":null,"capacity_total":1,"available_total":1,"occupied_total":0,"status_label":"空位","data_time":"2026-05-02 15:53:29+08:00","city_label":"臺北市","facility_kind_label":"路邊車格","available_rate":1,"occupancy_rate":0,"price_tier":"unknown","price_tier_label":"價格未知"}},{"type":"Feature","geometry":{"type":"Point","coordinates":[121.5144,25.05695]},"properties":{"supply_id":"taipei-onstreet-102500040","city":"taipei","district":"大同區","display_name":"民生西路 車格 102500040","address":"民生西路","facility_kind":"onstreet","symbol_text":null,"type_reference":"路邊停車格","type_confidence":0.6,"price_raw":null,"price_value":null,"capacity_total":1,"available_total":null,"occupied_total":null,"status_label":"狀態未知","data_time":"2026-05-02 15:53:29+08:00","city_label":"臺北市","facility_kind_label":"路邊車格","available_rate":null,"occupancy_rate":null,"price_tier":"unknown","price_tier_label":"價格未知"}},{"type":"Feature","geometry":{"type":"Point","coordinates":[121.51921,25.07766]},"properties":{"supply_id":"taipei-onstreet-6136000109","city":"taipei","district":"大同區","display_name":"承德橋下停車場(堤外) 車格 6136000109","address":"承德橋下停車場(堤外)","facility_kind":"onstreet","symbol_text":null,"type_reference":"路邊停車格","type_confidence":0.6,"price_raw":null,"price_value":null,"capacity_total":1,"available_total":null,"occupied_total":null,"status_label":"狀態未知","data_time":"2026-05-02 15:53:29+08:00","city_label":"臺北市","facility_kind_label":"路邊車格","available_rate":null,"occupancy_rate":null,"price_tier":"unknown","price_tier_label":"價格未知"}},{"type":"Feature","geometry":{"type":"Point","coordinates":[121.5091,25.07366]},"properties":{"supply_id":"taipei-onstreet-106500020","city":"taipei","district":"大同區","display_name":"環河北路2段 車格 106500020","address":"環河北路2段","facility_kind":"onstreet","symbol_text":null,"type_reference":"路邊停車格","type_confidence":0.6,"price_raw":null,"price_value":null,"capacity_total":1,"available_total":null,"occupied_total":null,"status_label":"狀態未知","data_time":"2026-05-02 15:53:29+08:00","city_label":"臺北市","facility_kind_label":"路邊車格","available_rate":null,"occupancy_rate":null,"price_tier":"unknown","price_tier_label":"價格未知"}},{"type":"Feature","geometry":{"type":"Point","coordinates":[121.51656,25.07683]},"properties":{"supply_id":"taipei-onstreet-10700218","city":"taipei","district":"大同區","display_name":"敦煌路21巷 車格 10700218","address":"敦煌路21巷","facility_kind":"onstreet","symbol_text":null,"type_reference":"路邊停車格","type_confidence":0.6,"price_raw":null,"price_value":null,"capacity_total":1,"available_total":null,"occupied_total":null,"status_label":"狀態未知","data_time":"2026-05-02 15:53:29+08:00","city_label":"臺北市","facility_kind_label":"路邊車格","available_rate":null,"occupancy_rate":null,"price_tier":"unknown","price_tier_label":"價格未知"}},{"type":"Feature","geometry":{"type":"Point","coordinates":[121.51361,25.05346]},"properties":{"supply_id":"taipei-onstreet-10133029","city":"taipei","district":"大同區","display_name":"南京西路302巷 車格 10133029","address":"南京西路302巷","facility_kind":"onstreet","symbol_text":null,"type_reference":"路邊停車格","type_confidence":0.6,"price_raw":null,"price_value":null,"capacity_total":1,"available_total":null,"occupied_total":null,"status_label":"狀態未知","data_time":"2026-05-02 15:53:29+08:00","city_label":"臺北市","facility_kind_label":"路邊車格","available_rate":null,"occupancy_rate":null,"price_tier":"unknown","price_tier_label":"價格未知"}},{"type":"Feature","geometry":{"type":"Point","coordinates":[121.51432,25.06197]},"properties":{"supply_id":"taipei-onstreet-104000A1","city":"taipei","district":"大同區","display_name":"蘭州街A 車格 104000A1","address":"蘭州街A","facility_kind":"onstreet","symbol_text":null,"type_reference":"路邊停車格","type_confidence":0.6,"price_raw":null,"price_value":null,"capacity_total":1,"available_total":null,"occupied_total":null,"status_label":"狀態未知","data_time":"2026-05-02 15:53:29+08:00","city_label":"臺北市","facility_kind_label":"路邊車格","available_rate":null,"occupancy_rate":null,"price_tier":"unknown","price_tier_label":"價格未知"}},{"type":"Feature","geometry":{"type":"Point","coordinates":[121.51628,25.05526]},"properties":{"supply_id":"taipei-onstreet-101600028","city":"taipei","district":"大同區","display_name":"平陽街 車格 101600028","address":"平陽街","facility_kind":"onstreet","symbol_text":null,"type_reference":"路邊停車格","type_confidence":0.6,"price_raw":null,"price_value":null,"capacity_total":1,"available_total":1,"occupied_total":0,"status_label":"空位","data_time":"2026-05-02 15:53:29+08:00","city_label":"臺北市","facility_kind_label":"路邊車格","available_rate":1,"occupancy_rate":0,"price_tier":"unknown","price_tier_label":"價格未知"}},{"type":"Feature","geometry":{"type":"Point","coordinates":[121.52063,25.07498]},"properties":{"supply_id":"taipei-onstreet-10700A055","city":"taipei","district":"大同區","display_name":"敦煌路A 車格 10700A055","address":"敦煌路A","facility_kind":"onstreet","symbol_text":null,"type_reference":"路邊停車格","type_confidence":0.6,"price_raw":null,"price_value":null,"capacity_total":1,"available_total":null,"occupied_total":null,"status_label":"狀態未知","data_time":"2026-05-02 15:53:29+08:00","city_label":"臺北市","facility_kind_label":"路邊車格","available_rate":null,"occupancy_rate":null,"price_tier":"unknown","price_tier_label":"價格未知"}},{"type":"Feature","geometry":{"type":"Point","coordinates":[121.51427,25.06207]},"properties":{"supply_id":"taipei-onstreet-104000A9","city":"taipei","district":"大同區","display_name":"蘭州街A 車格 104000A9","address":"蘭州街A","facility_kind":"onstreet","symbol_text":null,"type_reference":"路邊停車格","type_confidence":0.6,"price_raw":null,"price_value":null,"capacity_total":1,"available_total":null,"occupied_total":null,"status_label":"狀態未知","data_time":"2026-05-02 15:53:29+08:00","city_label":"臺北市","facility_kind_label":"路邊車格","available_rate":null,"occupancy_rate":null,"price_tier":"unknown","price_tier_label":"價格未知"}},{"type":"Feature","geometry":{"type":"Point","coordinates":[121.51923,25.06629]},"properties":{"supply_id":"taipei-onstreet-104203221","city":"taipei","district":"大同區","display_name":"民族西路32巷 車格 104203221","address":"民族西路32巷","facility_kind":"onstreet","symbol_text":null,"type_reference":"路邊停車格","type_confidence":0.6,"price_raw":null,"price_value":null,"capacity_total":1,"available_total":1,"occupied_total":0,"status_label":"空位","data_time":"2026-05-02 15:53:29+08:00","city_label":"臺北市","facility_kind_label":"路邊車格","available_rate":1,"occupancy_rate":0,"price_tier":"unknown","price_tier_label":"價格未知"}},{"type":"Feature","geometry":{"type":"Point","coordinates":[121.50648,25.05207]},"properties":{"supply_id":"taipei-onstreet-6075000119","city":"taipei","district":"大同區","display_name":"環河北路（3號水門堤外）小型車 車格 6075000119","address":"環河北路（3號水門堤外）小型車","facility_kind":"onstreet","symbol_text":null,"type_reference":"路邊停車格","type_confidence":0.6,"price_raw":null,"price_value":null,"capacity_total":1,"available_total":null,"occupied_total":null,"status_label":"狀態未知","data_time":"2026-05-02 15:53:29+08:00","city_label":"臺北市","facility_kind_label":"路邊車格","available_rate":null,"occupancy_rate":null,"price_tier":"unknown","price_tier_label":"價格未知"}},{"type":"Feature","geometry":{"type":"Point","coordinates":[121.50977,25.07223]},"properties":{"supply_id":"taipei-onstreet-10680A029","city":"taipei","district":"大同區","display_name":"酒泉街 車格 10680A029","address":"酒泉街","facility_kind":"onstreet","symbol_text":null,"type_reference":"路邊停車格","type_confidence":0.6,"price_raw":null,"price_value":null,"capacity_total":1,"available_total":1,"occupied_total":0,"status_label":"空位","data_time":"2026-05-02 15:53:29+08:00","city_label":"臺北市","facility_kind_label":"路邊車格","available_rate":1,"occupancy_rate":0,"price_tier":"unknown","price_tier_label":"價格未知"}},{"type":"Feature","geometry":{"type":"Point","coordinates":[121.51188,25.07764]},"properties":{"supply_id":"taipei-onstreet-10580A064","city":"taipei","district":"大同區","display_name":"延平北路4至5段1巷 車格 10580A064","address":"延平北路4至5段1巷","facility_kind":"onstreet","symbol_text":null,"type_reference":"路邊停車格","type_confidence":0.6,"price_raw":null,"price_value":null,"capacity_total":1,"available_total":null,"occupied_total":null,"status_label":"狀態未知","data_time":"2026-05-02 15:53:29+08:00","city_label":"臺北市","facility_kind_label":"路邊車格","available_rate":null,"occupancy_rate":null,"price_tier":"unknown","price_tier_label":"價格未知"}},{"type":"Feature","geometry":{"type":"Point","coordinates":[121.50667,25.05225]},"properties":{"supply_id":"taipei-onstreet-607500012","city":"taipei","district":"大同區","display_name":"環河北路（3號水門堤外）小型車 車格 607500012","address":"環河北路（3號水門堤外）小型車","facility_kind":"onstreet","symbol_text":null,"type_reference":"路邊停車格","type_confidence":0.6,"price_raw":null,"price_value":null,"capacity_total":1,"available_total":null,"occupied_total":null,"status_label":"狀態未知","data_time":"2026-05-02 15:53:29+08:00","city_label":"臺北市","facility_kind_label":"路邊車格","available_rate":null,"occupancy_rate":null,"price_tier":"unknown","price_tier_label":"價格未知"}},{"type":"Feature","geometry":{"type":"Point","coordinates":[121.51267,25.06049]},"properties":{"supply_id":"taipei-onstreet-10310003","city":"taipei","district":"大同區","display_name":"甘州街 車格 10310003","address":"甘州街","facility_kind":"onstreet","symbol_text":null,"type_reference":"路邊停車格","type_confidence":0.6,"price_raw":null,"price_value":null,"capacity_total":1,"available_total":null,"occupied_total":null,"status_label":"狀態未知","data_time":"2026-05-02 15:53:29+08:00","city_label":"臺北市","facility_kind_label":"路邊車格","available_rate":null,"occupancy_rate":null,"price_tier":"unknown","price_tier_label":"價格未知"}},{"type":"Feature","geometry":{"type":"Point","coordinates":[121.51301,25.0672]},"properties":{"supply_id":"taipei-onstreet-105112017","city":"taipei","district":"大同區","display_name":"重慶北路3段120巷 車格 105112017","address":"重慶北路3段120巷","facility_kind":"onstreet","symbol_text":null,"type_reference":"路邊停車格","type_confidence":0.6,"price_raw":null,"price_value":null,"capacity_total":1,"available_total":1,"occupied_total":0,"status_label":"空位","data_time":"2026-05-02 15:53:29+08:00","city_label":"臺北市","facility_kind_label":"路邊車格","available_rate":1,"occupancy_rate":0,"price_tier":"unknown","price_tier_label":"價格未知"}},{"type":"Feature","geometry":{"type":"Point","coordinates":[121.51175,25.07826]},"properties":{"supply_id":"taipei-onstreet-10580A022","city":"taipei","district":"大同區","display_name":"延平北路4至5段1巷 車格 10580A022","address":"延平北路4至5段1巷","facility_kind":"onstreet","symbol_text":null,"type_reference":"路邊停車格","type_confidence":0.6,"price_raw":null,"price_value":null,"capacity_total":1,"available_total":null,"occupied_total":null,"status_label":"狀態未知","data_time":"2026-05-02 15:53:29+08:00","city_label":"臺北市","facility_kind_label":"路邊車格","available_rate":null,"occupancy_rate":null,"price_tier":"unknown","price_tier_label":"價格未知"}},{"type":"Feature","geometry":{"type":"Point","coordinates":[121.51683,25.06887]},"properties":{"supply_id":"taipei-onstreet-106600A3","city":"taipei","district":"大同區","display_name":"大龍老人住宅西側無名巷 車格 106600A3","address":"大龍老人住宅西側無名巷","facility_kind":"onstreet","symbol_text":null,"type_reference":"路邊停車格","type_confidence":0.6,"price_raw":null,"price_value":null,"capacity_total":1,"available_total":null,"occupied_total":null,"status_label":"狀態未知","data_time":"2026-05-02 15:53:29+08:00","city_label":"臺北市","facility_kind_label":"路邊車格","available_rate":null,"occupancy_rate":null,"price_tier":"unknown","price_tier_label":"價格未知"}},{"type":"Feature","geometry":{"type":"Point","coordinates":[121.50934,25.06003]},"properties":{"supply_id":"taipei-onstreet-10340A016","city":"taipei","district":"大同區","display_name":"迪化街1段A 車格 10340A016","address":"迪化街1段A","facility_kind":"onstreet","symbol_text":null,"type_reference":"路邊停車格","type_confidence":0.6,"price_raw":null,"price_value":null,"capacity_total":1,"available_total":null,"occupied_total":null,"status_label":"狀態未知","data_time":"2026-05-02 15:53:29+08:00","city_label":"臺北市","facility_kind_label":"路邊車格","available_rate":null,"occupancy_rate":null,"price_tier":"unknown","price_tier_label":"價格未知"}},{"type":"Feature","geometry":{"type":"Point","coordinates":[121.51541,25.05094]},"properties":{"supply_id":"taipei-onstreet-101500A85","city":"taipei","district":"大同區","display_name":"太原路A 車格 101500A85","address":"太原路A","facility_kind":"onstreet","symbol_text":null,"type_reference":"路邊停車格","type_confidence":0.6,"price_raw":null,"price_value":null,"capacity_total":1,"available_total":1,"occupied_total":0,"status_label":"空位","data_time":"2026-05-02 15:53:29+08:00","city_label":"臺北市","facility_kind_label":"路邊車格","available_rate":1,"occupancy_rate":0,"price_tier":"unknown","price_tier_label":"價格未知"}},{"type":"Feature","geometry":{"type":"Point","coordinates":[121.50628,25.05224]},"properties":{"supply_id":"taipei-onstreet-607500045","city":"taipei","district":"大同區","display_name":"環河北路（3號水門堤外）小型車 車格 607500045","address":"環河北路（3號水門堤外）小型車","facility_kind":"onstreet","symbol_text":null,"type_reference":"路邊停車格","type_confidence":0.6,"price_raw":null,"price_value":null,"capacity_total":1,"available_total":null,"occupied_total":null,"status_label":"狀態未知","data_time":"2026-05-02 15:53:29+08:00","city_label":"臺北市","facility_kind_label":"路邊車格","available_rate":null,"occupancy_rate":null,"price_tier":"unknown","price_tier_label":"價格未知"}},{"type":"Feature","geometry":{"type":"Point","coordinates":[121.51231,25.0765]},"properties":{"supply_id":"taipei-onstreet-10700009","city":"taipei","district":"大同區","display_name":"敦煌路 車格 10700009","address":"敦煌路","facility_kind":"onstreet","symbol_text":null,"type_reference":"路邊停車格","type_confidence":0.6,"price_raw":null,"price_value":null,"capacity_total":1,"available_total":null,"occupied_total":null,"status_label":"狀態未知","data_time":"2026-05-02 15:53:29+08:00","city_label":"臺北市","facility_kind_label":"路邊車格","available_rate":null,"occupancy_rate":null,"price_tier":"unknown","price_tier_label":"價格未知"}},{"type":"Feature","geometry":{"type":"Point","coordinates":[121.50616,25.05186]},"properties":{"supply_id":"taipei-onstreet-6075000213","city":"taipei","district":"大同區","display_name":"環河北路（3號水門堤外）小型車 車格 6075000213","address":"環河北路（3號水門堤外）小型車","facility_kind":"onstreet","symbol_text":null,"type_reference":"路邊停車格","type_confidence":0.6,"price_raw":null,"price_value":null,"capacity_total":1,"available_total":null,"occupied_total":null,"status_label":"狀態未知","data_time":"2026-05-02 15:53:29+08:00","city_label":"臺北市","facility_kind_label":"路邊車格","available_rate":null,"occupancy_rate":null,"price_tier":"unknown","price_tier_label":"價格未知"}},{"type":"Feature","geometry":{"type":"Point","coordinates":[121.51137,25.07867]},"properties":{"supply_id":"taipei-onstreet-10580A039","city":"taipei","district":"大同區","display_name":"延平北路4至5段1巷 車格 10580A039","address":"延平北路4至5段1巷","facility_kind":"onstreet","symbol_text":null,"type_reference":"路邊停車格","type_confidence":0.6,"price_raw":null,"price_value":null,"capacity_total":1,"available_total":null,"occupied_total":null,"status_label":"狀態未知","data_time":"2026-05-02 15:53:29+08:00","city_label":"臺北市","facility_kind_label":"路邊車格","available_rate":null,"occupancy_rate":null,"price_tier":"unknown","price_tier_label":"價格未知"}},{"type":"Feature","geometry":{"type":"Point","coordinates":[121.51162,25.07818]},"properties":{"supply_id":"taipei-onstreet-10580A051","city":"taipei","district":"大同區","display_name":"延平北路4至5段1巷 車格 10580A051","address":"延平北路4至5段1巷","facility_kind":"onstreet","symbol_text":null,"type_reference":"路邊停車格","type_confidence":0.6,"price_raw":null,"price_value":null,"capacity_total":1,"available_total":null,"occupied_total":null,"status_label":"狀態未知","data_time":"2026-05-02 15:53:29+08:00","city_label":"臺北市","facility_kind_label":"路邊車格","available_rate":null,"occupancy_rate":null,"price_tier":"unknown","price_tier_label":"價格未知"}},{"type":"Feature","geometry":{"type":"Point","coordinates":[121.50986,25.07737]},"properties":{"supply_id":"taipei-onstreet-105829439","city":"taipei","district":"大同區","display_name":"延平北路4段294巷 車格 105829439","address":"延平北路4段294巷","facility_kind":"onstreet","symbol_text":null,"type_reference":"路邊停車格","type_confidence":0.6,"price_raw":null,"price_value":null,"capacity_total":1,"available_total":null,"occupied_total":null,"status_label":"狀態未知","data_time":"2026-05-02 15:53:29+08:00","city_label":"臺北市","facility_kind_label":"路邊車格","available_rate":null,"occupancy_rate":null,"price_tier":"unknown","price_tier_label":"價格未知"}},{"type":"Feature","geometry":{"type":"Point","coordinates":[121.51275,25.06856]},"properties":{"supply_id":"taipei-onstreet-104200078","city":"taipei","district":"大同區","display_name":"民族西路 車格 104200078","address":"民族西路","facility_kind":"onstreet","symbol_text":null,"type_reference":"路邊停車格","type_confidence":0.6,"price_raw":null,"price_value":null,"capacity_total":1,"available_total":1,"occupied_total":0,"status_label":"空位","data_time":"2026-05-02 15:53:29+08:00","city_label":"臺北市","facility_kind_label":"路邊車格","available_rate":1,"occupancy_rate":0,"price_tier":"unknown","price_tier_label":"價格未知"}},{"type":"Feature","geometry":{"type":"Point","coordinates":[121.51766,25.0608]},"properties":{"supply_id":"taipei-onstreet-10381029","city":"taipei","district":"大同區","display_name":"民權西路102巷 車格 10381029","address":"民權西路102巷","facility_kind":"onstreet","symbol_text":null,"type_reference":"路邊停車格","type_confidence":0.6,"price_raw":null,"price_value":null,"capacity_total":1,"available_total":null,"occupied_total":null,"status_label":"狀態未知","data_time":"2026-05-02 15:53:29+08:00","city_label":"臺北市","facility_kind_label":"路邊車格","available_rate":null,"occupancy_rate":null,"price_tier":"unknown","price_tier_label":"價格未知"}},{"type":"Feature","geometry":{"type":"Point","coordinates":[121.51596,25.06941]},"properties":{"supply_id":"taipei-onstreet-106600005","city":"taipei","district":"大同區","display_name":"大龍街 車格 106600005","address":"大龍街","facility_kind":"onstreet","symbol_text":null,"type_reference":"路邊停車格","type_confidence":0.6,"price_raw":null,"price_value":null,"capacity_total":1,"available_total":1,"occupied_total":0,"status_label":"空位","data_time":"2026-05-02 15:53:29+08:00","city_label":"臺北市","facility_kind_label":"路邊車格","available_rate":1,"occupancy_rate":0,"price_tier":"unknown","price_tier_label":"價格未知"}},{"type":"Feature","geometry":{"type":"Point","coordinates":[121.52045,25.05972]},"properties":{"supply_id":"taipei-onstreet-10290388","city":"taipei","district":"大同區","display_name":"錦西街38巷 車格 10290388","address":"錦西街38巷","facility_kind":"onstreet","symbol_text":null,"type_reference":"路邊停車格","type_confidence":0.6,"price_raw":null,"price_value":null,"capacity_total":1,"available_total":null,"occupied_total":null,"status_label":"狀態未知","data_time":"2026-05-02 15:53:29+08:00","city_label":"臺北市","facility_kind_label":"路邊車格","available_rate":null,"occupancy_rate":null,"price_tier":"unknown","price_tier_label":"價格未知"}},{"type":"Feature","geometry":{"type":"Point","coordinates":[121.51935,25.07739]},"properties":{"supply_id":"taipei-onstreet-613600023","city":"taipei","district":"大同區","display_name":"承德橋下停車場(堤外) 車格 613600023","address":"承德橋下停車場(堤外)","facility_kind":"onstreet","symbol_text":null,"type_reference":"路邊停車格","type_confidence":0.6,"price_raw":null,"price_value":null,"capacity_total":1,"available_total":null,"occupied_total":null,"status_label":"狀態未知","data_time":"2026-05-02 15:53:29+08:00","city_label":"臺北市","facility_kind_label":"路邊車格","available_rate":null,"occupancy_rate":null,"price_tier":"unknown","price_tier_label":"價格未知"}},{"type":"Feature","geometry":{"type":"Point","coordinates":[121.51268,25.0604]},"properties":{"supply_id":"taipei-onstreet-10310005","city":"taipei","district":"大同區","display_name":"甘州街 車格 10310005","address":"甘州街","facility_kind":"onstreet","symbol_text":null,"type_reference":"路邊停車格","type_confidence":0.6,"price_raw":null,"price_value":null,"capacity_total":1,"available_total":null,"occupied_total":null,"status_label":"狀態未知","data_time":"2026-05-02 15:53:29+08:00","city_label":"臺北市","facility_kind_label":"路邊車格","available_rate":null,"occupancy_rate":null,"price_tier":"unknown","price_tier_label":"價格未知"}},{"type":"Feature","geometry":{"type":"Point","coordinates":[121.51903,25.07773]},"properties":{"supply_id":"taipei-onstreet-6136000117","city":"taipei","district":"大同區","display_name":"承德橋下停車場(堤外) 車格 6136000117","address":"承德橋下停車場(堤外)","facility_kind":"onstreet","symbol_text":null,"type_reference":"路邊停車格","type_confidence":0.6,"price_raw":null,"price_value":null,"capacity_total":1,"available_total":null,"occupied_total":null,"status_label":"狀態未知","data_time":"2026-05-02 15:53:29+08:00","city_label":"臺北市","facility_kind_label":"路邊車格","available_rate":null,"occupancy_rate":null,"price_tier":"unknown","price_tier_label":"價格未知"}},{"type":"Feature","geometry":{"type":"Point","coordinates":[121.51679,25.07046]},"properties":{"supply_id":"taipei-onstreet-104520813","city":"taipei","district":"大同區","display_name":"承德路3段208巷 車格 104520813","address":"承德路3段208巷","facility_kind":"onstreet","symbol_text":null,"type_reference":"路邊停車格","type_confidence":0.6,"price_raw":null,"price_value":null,"capacity_total":1,"available_total":1,"occupied_total":0,"status_label":"空位","data_time":"2026-05-02 15:53:29+08:00","city_label":"臺北市","facility_kind_label":"路邊車格","available_rate":1,"occupancy_rate":0,"price_tier":"unknown","price_tier_label":"價格未知"}},{"type":"Feature","geometry":{"type":"Point","coordinates":[121.51724,25.06862]},"properties":{"supply_id":"taipei-onstreet-10420008","city":"taipei","district":"大同區","display_name":"民族西路 車格 10420008","address":"民族西路","facility_kind":"onstreet","symbol_text":null,"type_reference":"路邊停車格","type_confidence":0.6,"price_raw":null,"price_value":null,"capacity_total":1,"available_total":null,"occupied_total":null,"status_label":"狀態未知","data_time":"2026-05-02 15:53:29+08:00","city_label":"臺北市","facility_kind_label":"路邊車格","available_rate":null,"occupancy_rate":null,"price_tier":"unknown","price_tier_label":"價格未知"}},{"type":"Feature","geometry":{"type":"Point","coordinates":[121.51458,25.07556]},"properties":{"supply_id":"taipei-onstreet-106907802","city":"taipei","district":"大同區","display_name":"哈密街59巷78弄 車格 106907802","address":"哈密街59巷78弄","facility_kind":"onstreet","symbol_text":null,"type_reference":"路邊停車格","type_confidence":0.6,"price_raw":null,"price_value":null,"capacity_total":1,"available_total":null,"occupied_total":null,"status_label":"狀態未知","data_time":"2026-05-02 15:53:29+08:00","city_label":"臺北市","facility_kind_label":"路邊車格","available_rate":null,"occupancy_rate":null,"price_tier":"unknown","price_tier_label":"價格未知"}},{"type":"Feature","geometry":{"type":"Point","coordinates":[121.51142,25.07892]},"properties":{"supply_id":"taipei-onstreet-10580A032","city":"taipei","district":"大同區","display_name":"延平北路4至5段1巷 車格 10580A032","address":"延平北路4至5段1巷","facility_kind":"onstreet","symbol_text":null,"type_reference":"路邊停車格","type_confidence":0.6,"price_raw":null,"price_value":null,"capacity_total":1,"available_total":null,"occupied_total":null,"status_label":"狀態未知","data_time":"2026-05-02 15:53:29+08:00","city_label":"臺北市","facility_kind_label":"路邊車格","available_rate":null,"occupancy_rate":null,"price_tier":"unknown","price_tier_label":"價格未知"}},{"type":"Feature","geometry":{"type":"Point","coordinates":[121.50921,25.06148]},"properties":{"supply_id":"taipei-onstreet-10340A0300","city":"taipei","district":"大同區","display_name":"迪化街1段A 車格 10340A0300","address":"迪化街1段A","facility_kind":"onstreet","symbol_text":null,"type_reference":"路邊停車格","type_confidence":0.6,"price_raw":null,"price_value":null,"capacity_total":1,"available_total":null,"occupied_total":null,"status_label":"狀態未知","data_time":"2026-05-02 15:53:29+08:00","city_label":"臺北市","facility_kind_label":"路邊車格","available_rate":null,"occupancy_rate":null,"price_tier":"unknown","price_tier_label":"價格未知"}},{"type":"Feature","geometry":{"type":"Point","coordinates":[121.50989,25.05136]},"properties":{"supply_id":"taipei-onstreet-10101439","city":"taipei","district":"大同區","display_name":"鄭州路143巷 車格 10101439","address":"鄭州路143巷","facility_kind":"onstreet","symbol_text":null,"type_reference":"路邊停車格","type_confidence":0.6,"price_raw":null,"price_value":null,"capacity_total":1,"available_total":null,"occupied_total":null,"status_label":"狀態未知","data_time":"2026-05-02 15:53:29+08:00","city_label":"臺北市","facility_kind_label":"路邊車格","available_rate":null,"occupancy_rate":null,"price_tier":"unknown","price_tier_label":"價格未知"}},{"type":"Feature","geometry":{"type":"Point","coordinates":[121.50623,25.05204]},"properties":{"supply_id":"taipei-onstreet-6075000152","city":"taipei","district":"大同區","display_name":"環河北路（3號水門堤外）小型車 車格 6075000152","address":"環河北路（3號水門堤外）小型車","facility_kind":"onstreet","symbol_text":null,"type_reference":"路邊停車格","type_confidence":0.6,"price_raw":null,"price_value":null,"capacity_total":1,"available_total":null,"occupied_total":null,"status_label":"狀態未知","data_time":"2026-05-02 15:53:29+08:00","city_label":"臺北市","facility_kind_label":"路邊車格","available_rate":null,"occupancy_rate":null,"price_tier":"unknown","price_tier_label":"價格未知"}},{"type":"Feature","geometry":{"type":"Point","coordinates":[121.51105,25.05417]},"properties":{"supply_id":"taipei-onstreet-10320B03","city":"taipei","district":"大同區","display_name":"民樂街 車格 10320B03","address":"民樂街","facility_kind":"onstreet","symbol_text":null,"type_reference":"路邊停車格","type_confidence":0.6,"price_raw":null,"price_value":null,"capacity_total":1,"available_total":null,"occupied_total":null,"status_label":"狀態未知","data_time":"2026-05-02 15:53:29+08:00","city_label":"臺北市","facility_kind_label":"路邊車格","available_rate":null,"occupancy_rate":null,"price_tier":"unknown","price_tier_label":"價格未知"}},{"type":"Feature","geometry":{"type":"Point","coordinates":[121.51713,25.06157]},"properties":{"supply_id":"taipei-onstreet-103814420","city":"taipei","district":"大同區","display_name":"民權西路144巷19弄 車格 103814420","address":"民權西路144巷19弄","facility_kind":"onstreet","symbol_text":null,"type_reference":"路邊停車格","type_confidence":0.6,"price_raw":null,"price_value":null,"capacity_total":1,"available_total":null,"occupied_total":null,"status_label":"狀態未知","data_time":"2026-05-02 15:53:29+08:00","city_label":"臺北市","facility_kind_label":"路邊車格","available_rate":null,"occupancy_rate":null,"price_tier":"unknown","price_tier_label":"價格未知"}},{"type":"Feature","geometry":{"type":"Point","coordinates":[121.51741,25.06801]},"properties":{"supply_id":"taipei-onstreet-10420021","city":"taipei","district":"大同區","display_name":"民族西路76巷2弄 車格 10420021","address":"民族西路76巷2弄","facility_kind":"onstreet","symbol_text":null,"type_reference":"路邊停車格","type_confidence":0.6,"price_raw":null,"price_value":null,"capacity_total":1,"available_total":null,"occupied_total":null,"status_label":"狀態未知","data_time":"2026-05-02 15:53:29+08:00","city_label":"臺北市","facility_kind_label":"路邊車格","available_rate":null,"occupancy_rate":null,"price_tier":"unknown","price_tier_label":"價格未知"}},{"type":"Feature","geometry":{"type":"Point","coordinates":[121.50648,25.05207]},"properties":{"supply_id":"taipei-onstreet-607500080","city":"taipei","district":"大同區","display_name":"環河北路（3號水門堤外）小型車 車格 607500080","address":"環河北路（3號水門堤外）小型車","facility_kind":"onstreet","symbol_text":null,"type_reference":"路邊停車格","type_confidence":0.6,"price_raw":null,"price_value":null,"capacity_total":1,"available_total":null,"occupied_total":null,"status_label":"狀態未知","data_time":"2026-05-02 15:53:29+08:00","city_label":"臺北市","facility_kind_label":"路邊車格","available_rate":null,"occupancy_rate":null,"price_tier":"unknown","price_tier_label":"價格未知"}},{"type":"Feature","geometry":{"type":"Point","coordinates":[121.5128,25.06856]},"properties":{"supply_id":"taipei-onstreet-104200079","city":"taipei","district":"大同區","display_name":"民族西路 車格 104200079","address":"民族西路","facility_kind":"onstreet","symbol_text":null,"type_reference":"路邊停車格","type_confidence":0.6,"price_raw":null,"price_value":null,"capacity_total":1,"available_total":null,"occupied_total":null,"status_label":"狀態未知","data_time":"2026-05-02 15:53:29+08:00","city_label":"臺北市","facility_kind_label":"路邊車格","available_rate":null,"occupancy_rate":null,"price_tier":"unknown","price_tier_label":"價格未知"}},{"type":"Feature","geometry":{"type":"Point","coordinates":[121.5107,25.07762]},"properties":{"supply_id":"taipei-onstreet-105829448","city":"taipei","district":"大同區","display_name":"延平北路4段294巷 車格 105829448","address":"延平北路4段294巷","facility_kind":"onstreet","symbol_text":null,"type_reference":"路邊停車格","type_confidence":0.6,"price_raw":null,"price_value":null,"capacity_total":1,"available_total":null,"occupied_total":null,"status_label":"狀態未知","data_time":"2026-05-02 15:53:29+08:00","city_label":"臺北市","facility_kind_label":"路邊車格","available_rate":null,"occupancy_rate":null,"price_tier":"unknown","price_tier_label":"價格未知"}},{"type":"Feature","geometry":{"type":"Point","coordinates":[121.50889,25.05462]},"properties":{"supply_id":"taipei-onstreet-1023Y0048","city":"taipei","district":"大同區","display_name":"西寧北路 車格 1023Y0048","address":"西寧北路","facility_kind":"onstreet","symbol_text":null,"type_reference":"路邊停車格","type_confidence":0.6,"price_raw":null,"price_value":null,"capacity_total":1,"available_total":1,"occupied_total":0,"status_label":"空位","data_time":"2026-05-02 15:53:29+08:00","city_label":"臺北市","facility_kind_label":"路邊車格","available_rate":1,"occupancy_rate":0,"price_tier":"unknown","price_tier_label":"價格未知"}},{"type":"Feature","geometry":{"type":"Point","coordinates":[121.50692,25.05212]},"properties":{"supply_id":"taipei-onstreet-6075000150","city":"taipei","district":"大同區","display_name":"環河北路（3號水門堤外）小型車 車格 6075000150","address":"環河北路（3號水門堤外）小型車","facility_kind":"onstreet","symbol_text":null,"type_reference":"路邊停車格","type_confidence":0.6,"price_raw":null,"price_value":null,"capacity_total":1,"available_total":null,"occupied_total":null,"status_label":"狀態未知","data_time":"2026-05-02 15:53:29+08:00","city_label":"臺北市","facility_kind_label":"路邊車格","available_rate":null,"occupancy_rate":null,"price_tier":"unknown","price_tier_label":"價格未知"}},{"type":"Feature","geometry":{"type":"Point","coordinates":[121.51596,25.0695]},"properties":{"supply_id":"taipei-onstreet-106600007","city":"taipei","district":"大同區","display_name":"大龍街 車格 106600007","address":"大龍街","facility_kind":"onstreet","symbol_text":null,"type_reference":"路邊停車格","type_confidence":0.6,"price_raw":null,"price_value":null,"capacity_total":1,"available_total":1,"occupied_total":0,"status_label":"空位","data_time":"2026-05-02 15:53:29+08:00","city_label":"臺北市","facility_kind_label":"路邊車格","available_rate":1,"occupancy_rate":0,"price_tier":"unknown","price_tier_label":"價格未知"}},{"type":"Feature","geometry":{"type":"Point","coordinates":[121.51043,25.07011]},"properties":{"supply_id":"taipei-onstreet-104230304","city":"taipei","district":"大同區","display_name":"民族西路303巷 車格 104230304","address":"民族西路303巷","facility_kind":"onstreet","symbol_text":null,"type_reference":"路邊停車格","type_confidence":0.6,"price_raw":null,"price_value":null,"capacity_total":1,"available_total":1,"occupied_total":0,"status_label":"空位","data_time":"2026-05-02 15:53:29+08:00","city_label":"臺北市","facility_kind_label":"路邊車格","available_rate":1,"occupancy_rate":0,"price_tier":"unknown","price_tier_label":"價格未知"}},{"type":"Feature","geometry":{"type":"Point","coordinates":[121.51865,25.07776]},"properties":{"supply_id":"taipei-onstreet-613600068","city":"taipei","district":"大同區","display_name":"承德橋下停車場(堤外) 車格 613600068","address":"承德橋下停車場(堤外)","facility_kind":"onstreet","symbol_text":null,"type_reference":"路邊停車格","type_confidence":0.6,"price_raw":null,"price_value":null,"capacity_total":1,"available_total":null,"occupied_total":null,"status_label":"狀態未知","data_time":"2026-05-02 15:53:29+08:00","city_label":"臺北市","facility_kind_label":"路邊車格","available_rate":null,"occupancy_rate":null,"price_tier":"unknown","price_tier_label":"價格未知"}},{"type":"Feature","geometry":{"type":"Point","coordinates":[121.50982,25.06148]},"properties":{"supply_id":"taipei-onstreet-10330009","city":"taipei","district":"大同區","display_name":"安西街 車格 10330009","address":"安西街","facility_kind":"onstreet","symbol_text":null,"type_reference":"路邊停車格","type_confidence":0.6,"price_raw":null,"price_value":null,"capacity_total":1,"available_total":null,"occupied_total":null,"status_label":"狀態未知","data_time":"2026-05-02 15:53:29+08:00","city_label":"臺北市","facility_kind_label":"路邊車格","available_rate":null,"occupancy_rate":null,"price_tier":"unknown","price_tier_label":"價格未知"}},{"type":"Feature","geometry":{"type":"Point","coordinates":[121.51528,25.0764]},"properties":{"supply_id":"taipei-onstreet-10700B041","city":"taipei","district":"大同區","display_name":"慶昌橋下停車場 車格 10700B041","address":"慶昌橋下停車場","facility_kind":"onstreet","symbol_text":null,"type_reference":"路邊停車格","type_confidence":0.6,"price_raw":null,"price_value":null,"capacity_total":1,"available_total":null,"occupied_total":null,"status_label":"狀態未知","data_time":"2026-05-02 15:53:29+08:00","city_label":"臺北市","facility_kind_label":"路邊車格","available_rate":null,"occupancy_rate":null,"price_tier":"unknown","price_tier_label":"價格未知"}},{"type":"Feature","geometry":{"type":"Point","coordinates":[121.51177,25.07724]},"properties":{"supply_id":"taipei-onstreet-10582944","city":"taipei","district":"大同區","display_name":"延平北路4段294巷 車格 10582944","address":"延平北路4段294巷","facility_kind":"onstreet","symbol_text":null,"type_reference":"路邊停車格","type_confidence":0.6,"price_raw":null,"price_value":null,"capacity_total":1,"available_total":null,"occupied_total":null,"status_label":"狀態未知","data_time":"2026-05-02 15:53:29+08:00","city_label":"臺北市","facility_kind_label":"路邊車格","available_rate":null,"occupancy_rate":null,"price_tier":"unknown","price_tier_label":"價格未知"}},{"type":"Feature","geometry":{"type":"Point","coordinates":[121.50694,25.05217]},"properties":{"supply_id":"taipei-onstreet-6075000149","city":"taipei","district":"大同區","display_name":"環河北路（3號水門堤外）小型車 車格 6075000149","address":"環河北路（3號水門堤外）小型車","facility_kind":"onstreet","symbol_text":null,"type_reference":"路邊停車格","type_confidence":0.6,"price_raw":null,"price_value":null,"capacity_total":1,"available_total":null,"occupied_total":null,"status_label":"狀態未知","data_time":"2026-05-02 15:53:29+08:00","city_label":"臺北市","facility_kind_label":"路邊車格","available_rate":null,"occupancy_rate":null,"price_tier":"unknown","price_tier_label":"價格未知"}},{"type":"Feature","geometry":{"type":"Point","coordinates":[121.51932,25.07745]},"properties":{"supply_id":"taipei-onstreet-613600030","city":"taipei","district":"大同區","display_name":"承德橋下停車場(堤外) 車格 613600030","address":"承德橋下停車場(堤外)","facility_kind":"onstreet","symbol_text":null,"type_reference":"路邊停車格","type_confidence":0.6,"price_raw":null,"price_value":null,"capacity_total":1,"available_total":null,"occupied_total":null,"status_label":"狀態未知","data_time":"2026-05-02 15:53:29+08:00","city_label":"臺北市","facility_kind_label":"路邊車格","available_rate":null,"occupancy_rate":null,"price_tier":"unknown","price_tier_label":"價格未知"}},{"type":"Feature","geometry":{"type":"Point","coordinates":[121.50644,25.05224]},"properties":{"supply_id":"taipei-onstreet-607500030","city":"taipei","district":"大同區","display_name":"環河北路（3號水門堤外）小型車 車格 607500030","address":"環河北路（3號水門堤外）小型車","facility_kind":"onstreet","symbol_text":null,"type_reference":"路邊停車格","type_confidence":0.6,"price_raw":null,"price_value":null,"capacity_total":1,"available_total":null,"occupied_total":null,"status_label":"狀態未知","data_time":"2026-05-02 15:53:29+08:00","city_label":"臺北市","facility_kind_label":"路邊車格","available_rate":null,"occupancy_rate":null,"price_tier":"unknown","price_tier_label":"價格未知"}},{"type":"Feature","geometry":{"type":"Point","coordinates":[121.51663,25.0553]},"properties":{"supply_id":"taipei-onstreet-101500070","city":"taipei","district":"大同區","display_name":"太原路 車格 101500070","address":"太原路","facility_kind":"onstreet","symbol_text":null,"type_reference":"路邊停車格","type_confidence":0.6,"price_raw":null,"price_value":null,"capacity_total":1,"available_total":null,"occupied_total":null,"status_label":"狀態未知","data_time":"2026-05-02 15:53:29+08:00","city_label":"臺北市","facility_kind_label":"路邊車格","available_rate":null,"occupancy_rate":null,"price_tier":"unknown","price_tier_label":"價格未知"}},{"type":"Feature","geometry":{"type":"Point","coordinates":[121.51643,25.07676]},"properties":{"supply_id":"taipei-onstreet-107002124","city":"taipei","district":"大同區","display_name":"敦煌路21巷 車格 107002124","address":"敦煌路21巷","facility_kind":"onstreet","symbol_text":null,"type_reference":"路邊停車格","type_confidence":0.6,"price_raw":null,"price_value":null,"capacity_total":1,"available_total":null,"occupied_total":null,"status_label":"狀態未知","data_time":"2026-05-02 15:53:29+08:00","city_label":"臺北市","facility_kind_label":"路邊車格","available_rate":null,"occupancy_rate":null,"price_tier":"unknown","price_tier_label":"價格未知"}},{"type":"Feature","geometry":{"type":"Point","coordinates":[121.50865,25.0536]},"properties":{"supply_id":"taipei-onstreet-1023Y0091","city":"taipei","district":"大同區","display_name":"西寧北路 車格 1023Y0091","address":"西寧北路","facility_kind":"onstreet","symbol_text":null,"type_reference":"路邊停車格","type_confidence":0.6,"price_raw":null,"price_value":null,"capacity_total":1,"available_total":null,"occupied_total":null,"status_label":"狀態未知","data_time":"2026-05-02 15:53:29+08:00","city_label":"臺北市","facility_kind_label":"路邊車格","available_rate":null,"occupancy_rate":null,"price_tier":"unknown","price_tier_label":"價格未知"}},{"type":"Feature","geometry":{"type":"Point","coordinates":[121.51775,25.07016]},"properties":{"supply_id":"taipei-onstreet-104519815","city":"taipei","district":"大同區","display_name":"承德路3段198巷 車格 104519815","address":"承德路3段198巷","facility_kind":"onstreet","symbol_text":null,"type_reference":"路邊停車格","type_confidence":0.6,"price_raw":null,"price_value":null,"capacity_total":1,"available_total":1,"occupied_total":0,"status_label":"空位","data_time":"2026-05-02 15:53:29+08:00","city_label":"臺北市","facility_kind_label":"路邊車格","available_rate":1,"occupancy_rate":0,"price_tier":"unknown","price_tier_label":"價格未知"}},{"type":"Feature","geometry":{"type":"Point","coordinates":[121.52042,25.06001]},"properties":{"supply_id":"taipei-onstreet-10290382","city":"taipei","district":"大同區","display_name":"錦西街38巷 車格 10290382","address":"錦西街38巷","facility_kind":"onstreet","symbol_text":null,"type_reference":"路邊停車格","type_confidence":0.6,"price_raw":null,"price_value":null,"capacity_total":1,"available_total":null,"occupied_total":null,"status_label":"狀態未知","data_time":"2026-05-02 15:53:29+08:00","city_label":"臺北市","facility_kind_label":"路邊車格","available_rate":null,"occupancy_rate":null,"price_tier":"unknown","price_tier_label":"價格未知"}},{"type":"Feature","geometry":{"type":"Point","coordinates":[121.51322,25.06466]},"properties":{"supply_id":"taipei-onstreet-104100015","city":"taipei","district":"大同區","display_name":"伊寧街 車格 104100015","address":"伊寧街","facility_kind":"onstreet","symbol_text":null,"type_reference":"路邊停車格","type_confidence":0.6,"price_raw":null,"price_value":null,"capacity_total":1,"available_total":1,"occupied_total":0,"status_label":"空位","data_time":"2026-05-02 15:53:29+08:00","city_label":"臺北市","facility_kind_label":"路邊車格","available_rate":1,"occupancy_rate":0,"price_tier":"unknown","price_tier_label":"價格未知"}},{"type":"Feature","geometry":{"type":"Point","coordinates":[121.51537,25.07639]},"properties":{"supply_id":"taipei-onstreet-10700B045","city":"taipei","district":"大同區","display_name":"慶昌橋下停車場 車格 10700B045","address":"慶昌橋下停車場","facility_kind":"onstreet","symbol_text":null,"type_reference":"路邊停車格","type_confidence":0.6,"price_raw":null,"price_value":null,"capacity_total":1,"available_total":null,"occupied_total":null,"status_label":"狀態未知","data_time":"2026-05-02 15:53:29+08:00","city_label":"臺北市","facility_kind_label":"路邊車格","available_rate":null,"occupancy_rate":null,"price_tier":"unknown","price_tier_label":"價格未知"}},{"type":"Feature","geometry":{"type":"Point","coordinates":[121.51629,25.0768]},"properties":{"supply_id":"taipei-onstreet-107002111","city":"taipei","district":"大同區","display_name":"敦煌路21巷 車格 107002111","address":"敦煌路21巷","facility_kind":"onstreet","symbol_text":null,"type_reference":"路邊停車格","type_confidence":0.6,"price_raw":null,"price_value":null,"capacity_total":1,"available_total":null,"occupied_total":null,"status_label":"狀態未知","data_time":"2026-05-02 15:53:29+08:00","city_label":"臺北市","facility_kind_label":"路邊車格","available_rate":null,"occupancy_rate":null,"price_tier":"unknown","price_tier_label":"價格未知"}},{"type":"Feature","geometry":{"type":"Point","coordinates":[121.51921,25.07749]},"properties":{"supply_id":"taipei-onstreet-613600035","city":"taipei","district":"大同區","display_name":"承德橋下停車場(堤外) 車格 613600035","address":"承德橋下停車場(堤外)","facility_kind":"onstreet","symbol_text":null,"type_reference":"路邊停車格","type_confidence":0.6,"price_raw":null,"price_value":null,"capacity_total":1,"available_total":null,"occupied_total":null,"status_label":"狀態未知","data_time":"2026-05-02 15:53:29+08:00","city_label":"臺北市","facility_kind_label":"路邊車格","available_rate":null,"occupancy_rate":null,"price_tier":"unknown","price_tier_label":"價格未知"}},{"type":"Feature","geometry":{"type":"Point","coordinates":[121.50676,25.05198]},"properties":{"supply_id":"taipei-onstreet-6075000131","city":"taipei","district":"大同區","display_name":"環河北路（3號水門堤外）小型車 車格 6075000131","address":"環河北路（3號水門堤外）小型車","facility_kind":"onstreet","symbol_text":null,"type_reference":"路邊停車格","type_confidence":0.6,"price_raw":null,"price_value":null,"capacity_total":1,"available_total":null,"occupied_total":null,"status_label":"狀態未知","data_time":"2026-05-02 15:53:29+08:00","city_label":"臺北市","facility_kind_label":"路邊車格","available_rate":null,"occupancy_rate":null,"price_tier":"unknown","price_tier_label":"價格未知"}},{"type":"Feature","geometry":{"type":"Point","coordinates":[121.51802,25.0781]},"properties":{"supply_id":"taipei-onstreet-6136000153","city":"taipei","district":"大同區","display_name":"承德橋下停車場(堤外) 車格 6136000153","address":"承德橋下停車場(堤外)","facility_kind":"onstreet","symbol_text":null,"type_reference":"路邊停車格","type_confidence":0.6,"price_raw":null,"price_value":null,"capacity_total":1,"available_total":null,"occupied_total":null,"status_label":"狀態未知","data_time":"2026-05-02 15:53:29+08:00","city_label":"臺北市","facility_kind_label":"路邊車格","available_rate":null,"occupancy_rate":null,"price_tier":"unknown","price_tier_label":"價格未知"}},{"type":"Feature","geometry":{"type":"Point","coordinates":[121.50631,25.05212]},"properties":{"supply_id":"taipei-onstreet-607500087","city":"taipei","district":"大同區","display_name":"環河北路（3號水門堤外）小型車 車格 607500087","address":"環河北路（3號水門堤外）小型車","facility_kind":"onstreet","symbol_text":null,"type_reference":"路邊停車格","type_confidence":0.6,"price_raw":null,"price_value":null,"capacity_total":1,"available_total":null,"occupied_total":null,"status_label":"狀態未知","data_time":"2026-05-02 15:53:29+08:00","city_label":"臺北市","facility_kind_label":"路邊車格","available_rate":null,"occupancy_rate":null,"price_tier":"unknown","price_tier_label":"價格未知"}},{"type":"Feature","geometry":{"type":"Point","coordinates":[121.5129,25.06871]},"properties":{"supply_id":"taipei-onstreet-104200072","city":"taipei","district":"大同區","display_name":"民族西路 車格 104200072","address":"民族西路","facility_kind":"onstreet","symbol_text":null,"type_reference":"路邊停車格","type_confidence":0.6,"price_raw":null,"price_value":null,"capacity_total":1,"available_total":1,"occupied_total":0,"status_label":"空位","data_time":"2026-05-02 15:53:29+08:00","city_label":"臺北市","facility_kind_label":"路邊車格","available_rate":1,"occupancy_rate":0,"price_tier":"unknown","price_tier_label":"價格未知"}},{"type":"Feature","geometry":{"type":"Point","coordinates":[121.51654,25.0554]},"properties":{"supply_id":"taipei-onstreet-10150009","city":"taipei","district":"大同區","display_name":"太原路 車格 10150009","address":"太原路","facility_kind":"onstreet","symbol_text":null,"type_reference":"路邊停車格","type_confidence":0.6,"price_raw":null,"price_value":null,"capacity_total":1,"available_total":null,"occupied_total":null,"status_label":"狀態未知","data_time":"2026-05-02 15:53:29+08:00","city_label":"臺北市","facility_kind_label":"路邊車格","available_rate":null,"occupancy_rate":null,"price_tier":"unknown","price_tier_label":"價格未知"}},{"type":"Feature","geometry":{"type":"Point","coordinates":[121.51596,25.06946]},"properties":{"supply_id":"taipei-onstreet-106600006","city":"taipei","district":"大同區","display_name":"大龍街 車格 106600006","address":"大龍街","facility_kind":"onstreet","symbol_text":null,"type_reference":"路邊停車格","type_confidence":0.6,"price_raw":null,"price_value":null,"capacity_total":1,"available_total":1,"occupied_total":0,"status_label":"空位","data_time":"2026-05-02 15:53:29+08:00","city_label":"臺北市","facility_kind_label":"路邊車格","available_rate":1,"occupancy_rate":0,"price_tier":"unknown","price_tier_label":"價格未知"}},{"type":"Feature","geometry":{"type":"Point","coordinates":[121.51192,25.07718]},"properties":{"supply_id":"taipei-onstreet-10582941","city":"taipei","district":"大同區","display_name":"延平北路4段294巷 車格 10582941","address":"延平北路4段294巷","facility_kind":"onstreet","symbol_text":null,"type_reference":"路邊停車格","type_confidence":0.6,"price_raw":null,"price_value":null,"capacity_total":1,"available_total":null,"occupied_total":null,"status_label":"狀態未知","data_time":"2026-05-02 15:53:29+08:00","city_label":"臺北市","facility_kind_label":"路邊車格","available_rate":null,"occupancy_rate":null,"price_tier":"unknown","price_tier_label":"價格未知"}},{"type":"Feature","geometry":{"type":"Point","coordinates":[121.51554,25.07649]},"properties":{"supply_id":"taipei-onstreet-10700B009","city":"taipei","district":"大同區","display_name":"慶昌橋下停車場 車格 10700B009","address":"慶昌橋下停車場","facility_kind":"onstreet","symbol_text":null,"type_reference":"路邊停車格","type_confidence":0.6,"price_raw":null,"price_value":null,"capacity_total":1,"available_total":null,"occupied_total":null,"status_label":"狀態未知","data_time":"2026-05-02 15:53:29+08:00","city_label":"臺北市","facility_kind_label":"路邊車格","available_rate":null,"occupancy_rate":null,"price_tier":"unknown","price_tier_label":"價格未知"}},{"type":"Feature","geometry":{"type":"Point","coordinates":[121.51327,25.05705]},"properties":{"supply_id":"taipei-onstreet-10250005A","city":"taipei","district":"大同區","display_name":"民生西路 車格 10250005A","address":"民生西路","facility_kind":"onstreet","symbol_text":null,"type_reference":"路邊停車格","type_confidence":0.6,"price_raw":null,"price_value":null,"capacity_total":1,"available_total":null,"occupied_total":null,"status_label":"狀態未知","data_time":"2026-05-02 15:53:29+08:00","city_label":"臺北市","facility_kind_label":"路邊車格","available_rate":null,"occupancy_rate":null,"price_tier":"unknown","price_tier_label":"價格未知"}},{"type":"Feature","geometry":{"type":"Point","coordinates":[121.51673,25.07675]},"properties":{"supply_id":"taipei-onstreet-107002130","city":"taipei","district":"大同區","display_name":"敦煌路21巷 車格 107002130","address":"敦煌路21巷","facility_kind":"onstreet","symbol_text":null,"type_reference":"路邊停車格","type_confidence":0.6,"price_raw":null,"price_value":null,"capacity_total":1,"available_total":null,"occupied_total":null,"status_label":"狀態未知","data_time":"2026-05-02 15:53:29+08:00","city_label":"臺北市","facility_kind_label":"路邊車格","available_rate":null,"occupancy_rate":null,"price_tier":"unknown","price_tier_label":"價格未知"}},{"type":"Feature","geometry":{"type":"Point","coordinates":[121.51929,25.06673]},"properties":{"supply_id":"taipei-onstreet-104203217","city":"taipei","district":"大同區","display_name":"民族西路32巷 車格 104203217","address":"民族西路32巷","facility_kind":"onstreet","symbol_text":null,"type_reference":"路邊停車格","type_confidence":0.6,"price_raw":null,"price_value":null,"capacity_total":1,"available_total":1,"occupied_total":0,"status_label":"空位","data_time":"2026-05-02 15:53:29+08:00","city_label":"臺北市","facility_kind_label":"路邊車格","available_rate":1,"occupancy_rate":0,"price_tier":"unknown","price_tier_label":"價格未知"}},{"type":"Feature","geometry":{"type":"Point","coordinates":[121.51331,25.06466]},"properties":{"supply_id":"taipei-onstreet-104100017","city":"taipei","district":"大同區","display_name":"伊寧街 車格 104100017","address":"伊寧街","facility_kind":"onstreet","symbol_text":null,"type_reference":"路邊停車格","type_confidence":0.6,"price_raw":null,"price_value":null,"capacity_total":1,"available_total":null,"occupied_total":null,"status_label":"狀態未知","data_time":"2026-05-02 15:53:29+08:00","city_label":"臺北市","facility_kind_label":"路邊車格","available_rate":null,"occupancy_rate":null,"price_tier":"unknown","price_tier_label":"價格未知"}},{"type":"Feature","geometry":{"type":"Point","coordinates":[121.51195,25.07785]},"properties":{"supply_id":"taipei-onstreet-10580A012","city":"taipei","district":"大同區","display_name":"延平北路4至5段1巷 車格 10580A012","address":"延平北路4至5段1巷","facility_kind":"onstreet","symbol_text":null,"type_reference":"路邊停車格","type_confidence":0.6,"price_raw":null,"price_value":null,"capacity_total":1,"available_total":null,"occupied_total":null,"status_label":"狀態未知","data_time":"2026-05-02 15:53:29+08:00","city_label":"臺北市","facility_kind_label":"路邊車格","available_rate":null,"occupancy_rate":null,"price_tier":"unknown","price_tier_label":"價格未知"}},{"type":"Feature","geometry":{"type":"Point","coordinates":[121.51898,25.07746]},"properties":{"supply_id":"taipei-onstreet-613600015","city":"taipei","district":"大同區","display_name":"承德橋下停車場(堤外) 車格 613600015","address":"承德橋下停車場(堤外)","facility_kind":"onstreet","symbol_text":null,"type_reference":"路邊停車格","type_confidence":0.6,"price_raw":null,"price_value":null,"capacity_total":1,"available_total":null,"occupied_total":null,"status_label":"狀態未知","data_time":"2026-05-02 15:53:29+08:00","city_label":"臺北市","facility_kind_label":"路邊車格","available_rate":null,"occupancy_rate":null,"price_tier":"unknown","price_tier_label":"價格未知"}},{"type":"Feature","geometry":{"type":"Point","coordinates":[121.51312,25.06674]},"properties":{"supply_id":"taipei-onstreet-105509503","city":"taipei","district":"大同區","display_name":"昌吉街95巷 車格 105509503","address":"昌吉街95巷","facility_kind":"onstreet","symbol_text":null,"type_reference":"路邊停車格","type_confidence":0.6,"price_raw":null,"price_value":null,"capacity_total":1,"available_total":1,"occupied_total":0,"status_label":"空位","data_time":"2026-05-02 15:53:29+08:00","city_label":"臺北市","facility_kind_label":"路邊車格","available_rate":1,"occupancy_rate":0,"price_tier":"unknown","price_tier_label":"價格未知"}},{"type":"Feature","geometry":{"type":"Point","coordinates":[121.5136,25.05351]},"properties":{"supply_id":"taipei-onstreet-101330210","city":"taipei","district":"大同區","display_name":"南京西路302巷 車格 101330210","address":"南京西路302巷","facility_kind":"onstreet","symbol_text":null,"type_reference":"路邊停車格","type_confidence":0.6,"price_raw":null,"price_value":null,"capacity_total":1,"available_total":1,"occupied_total":0,"status_label":"空位","data_time":"2026-05-02 15:53:29+08:00","city_label":"臺北市","facility_kind_label":"路邊車格","available_rate":1,"occupancy_rate":0,"price_tier":"unknown","price_tier_label":"價格未知"}},{"type":"Feature","geometry":{"type":"Point","coordinates":[121.51405,25.07047]},"properties":{"supply_id":"taipei-onstreet-10512238","city":"taipei","district":"大同區","display_name":"重慶北路3段223巷 車格 10512238","address":"重慶北路3段223巷","facility_kind":"onstreet","symbol_text":null,"type_reference":"路邊停車格","type_confidence":0.6,"price_raw":null,"price_value":null,"capacity_total":1,"available_total":null,"occupied_total":null,"status_label":"狀態未知","data_time":"2026-05-02 15:53:29+08:00","city_label":"臺北市","facility_kind_label":"路邊車格","available_rate":null,"occupancy_rate":null,"price_tier":"unknown","price_tier_label":"價格未知"}},{"type":"Feature","geometry":{"type":"Point","coordinates":[121.51541,25.05094]},"properties":{"supply_id":"taipei-onstreet-101500A85","city":"taipei","district":"大同區","display_name":"太原路A 車格 101500A85","address":"太原路A","facility_kind":"onstreet","symbol_text":null,"type_reference":"路邊停車格","type_confidence":0.6,"price_raw":null,"price_value":null,"capacity_total":1,"available_total":1,"occupied_total":0,"status_label":"空位","data_time":"2026-05-02 15:53:29+08:00","city_label":"臺北市","facility_kind_label":"路邊車格","available_rate":1,"occupancy_rate":0,"price_tier":"unknown","price_tier_label":"價格未知"}},{"type":"Feature","geometry":{"type":"Point","coordinates":[121.5129,25.0527]},"properties":{"supply_id":"taipei-onstreet-101900023","city":"taipei","district":"大同區","display_name":"天水路 車格 101900023","address":"天水路","facility_kind":"onstreet","symbol_text":null,"type_reference":"路邊停車格","type_confidence":0.6,"price_raw":null,"price_value":null,"capacity_total":1,"available_total":1,"occupied_total":0,"status_label":"空位","data_time":"2026-05-02 15:53:29+08:00","city_label":"臺北市","facility_kind_label":"路邊車格","available_rate":1,"occupancy_rate":0,"price_tier":"unknown","price_tier_label":"價格未知"}},{"type":"Feature","geometry":{"type":"Point","coordinates":[121.51595,25.0696]},"properties":{"supply_id":"taipei-onstreet-106600009","city":"taipei","district":"大同區","display_name":"大龍街 車格 106600009","address":"大龍街","facility_kind":"onstreet","symbol_text":null,"type_reference":"路邊停車格","type_confidence":0.6,"price_raw":null,"price_value":null,"capacity_total":1,"available_total":1,"occupied_total":0,"status_label":"空位","data_time":"2026-05-02 15:53:29+08:00","city_label":"臺北市","facility_kind_label":"路邊車格","available_rate":1,"occupancy_rate":0,"price_tier":"unknown","price_tier_label":"價格未知"}},{"type":"Feature","geometry":{"type":"Point","coordinates":[121.52056,25.07586]},"properties":{"supply_id":"taipei-onstreet-10450004","city":"taipei","district":"大同區","display_name":"承德路3段 車格 10450004","address":"承德路3段","facility_kind":"onstreet","symbol_text":null,"type_reference":"路邊停車格","type_confidence":0.6,"price_raw":null,"price_value":null,"capacity_total":1,"available_total":null,"occupied_total":null,"status_label":"狀態未知","data_time":"2026-05-02 15:53:29+08:00","city_label":"臺北市","facility_kind_label":"路邊車格","available_rate":null,"occupancy_rate":null,"price_tier":"unknown","price_tier_label":"價格未知"}},{"type":"Feature","geometry":{"type":"Point","coordinates":[121.5098,25.06165]},"properties":{"supply_id":"taipei-onstreet-10330006","city":"taipei","district":"大同區","display_name":"安西街 車格 10330006","address":"安西街","facility_kind":"onstreet","symbol_text":null,"type_reference":"路邊停車格","type_confidence":0.6,"price_raw":null,"price_value":null,"capacity_total":1,"available_total":null,"occupied_total":null,"status_label":"狀態未知","data_time":"2026-05-02 15:53:29+08:00","city_label":"臺北市","facility_kind_label":"路邊車格","available_rate":null,"occupancy_rate":null,"price_tier":"unknown","price_tier_label":"價格未知"}},{"type":"Feature","geometry":{"type":"Point","coordinates":[121.515,25.0549]},"properties":{"supply_id":"taipei-onstreet-10300B025","city":"taipei","district":"大同區","display_name":"寧夏路B 車格 10300B025","address":"寧夏路B","facility_kind":"onstreet","symbol_text":null,"type_reference":"路邊停車格","type_confidence":0.6,"price_raw":null,"price_value":null,"capacity_total":1,"available_total":null,"occupied_total":null,"status_label":"狀態未知","data_time":"2026-05-02 15:53:29+08:00","city_label":"臺北市","facility_kind_label":"路邊車格","available_rate":null,"occupancy_rate":null,"price_tier":"unknown","price_tier_label":"價格未知"}},{"type":"Feature","geometry":{"type":"Point","coordinates":[121.51283,25.05853]},"properties":{"supply_id":"taipei-onstreet-103100015","city":"taipei","district":"大同區","display_name":"甘州街 車格 103100015","address":"甘州街","facility_kind":"onstreet","symbol_text":null,"type_reference":"路邊停車格","type_confidence":0.6,"price_raw":null,"price_value":null,"capacity_total":1,"available_total":1,"occupied_total":0,"status_label":"空位","data_time":"2026-05-02 15:53:29+08:00","city_label":"臺北市","facility_kind_label":"路邊車格","available_rate":1,"occupancy_rate":0,"price_tier":"unknown","price_tier_label":"價格未知"}},{"type":"Feature","geometry":{"type":"Point","coordinates":[121.51588,25.06142]},"properties":{"supply_id":"taipei-onstreet-102905355","city":"taipei","district":"大同區","display_name":"錦西街53巷 車格 102905355","address":"錦西街53巷","facility_kind":"onstreet","symbol_text":null,"type_reference":"路邊停車格","type_confidence":0.6,"price_raw":null,"price_value":null,"capacity_total":1,"available_total":1,"occupied_total":0,"status_label":"空位","data_time":"2026-05-02 15:53:29+08:00","city_label":"臺北市","facility_kind_label":"路邊車格","available_rate":1,"occupancy_rate":0,"price_tier":"unknown","price_tier_label":"價格未知"}},{"type":"Feature","geometry":{"type":"Point","coordinates":[121.51918,25.07745]},"properties":{"supply_id":"taipei-onstreet-613600020","city":"taipei","district":"大同區","display_name":"承德橋下停車場(堤外) 車格 613600020","address":"承德橋下停車場(堤外)","facility_kind":"onstreet","symbol_text":null,"type_reference":"路邊停車格","type_confidence":0.6,"price_raw":null,"price_value":null,"capacity_total":1,"available_total":null,"occupied_total":null,"status_label":"狀態未知","data_time":"2026-05-02 15:53:29+08:00","city_label":"臺北市","facility_kind_label":"路邊車格","available_rate":null,"occupancy_rate":null,"price_tier":"unknown","price_tier_label":"價格未知"}},{"type":"Feature","geometry":{"type":"Point","coordinates":[121.51532,25.0764]},"properties":{"supply_id":"taipei-onstreet-10700B043","city":"taipei","district":"大同區","display_name":"慶昌橋下停車場 車格 10700B043","address":"慶昌橋下停車場","facility_kind":"onstreet","symbol_text":null,"type_reference":"路邊停車格","type_confidence":0.6,"price_raw":null,"price_value":null,"capacity_total":1,"available_total":null,"occupied_total":null,"status_label":"狀態未知","data_time":"2026-05-02 15:53:29+08:00","city_label":"臺北市","facility_kind_label":"路邊車格","available_rate":null,"occupancy_rate":null,"price_tier":"unknown","price_tier_label":"價格未知"}},{"type":"Feature","geometry":{"type":"Point","coordinates":[121.51194,25.07752]},"properties":{"supply_id":"taipei-onstreet-10580A067","city":"taipei","district":"大同區","display_name":"延平北路4至5段1巷 車格 10580A067","address":"延平北路4至5段1巷","facility_kind":"onstreet","symbol_text":null,"type_reference":"路邊停車格","type_confidence":0.6,"price_raw":null,"price_value":null,"capacity_total":1,"available_total":null,"occupied_total":null,"status_label":"狀態未知","data_time":"2026-05-02 15:53:29+08:00","city_label":"臺北市","facility_kind_label":"路邊車格","available_rate":null,"occupancy_rate":null,"price_tier":"unknown","price_tier_label":"價格未知"}},{"type":"Feature","geometry":{"type":"Point","coordinates":[121.5161,25.06865]},"properties":{"supply_id":"taipei-onstreet-104200013","city":"taipei","district":"大同區","display_name":"民族西路 車格 104200013","address":"民族西路","facility_kind":"onstreet","symbol_text":null,"type_reference":"路邊停車格","type_confidence":0.6,"price_raw":null,"price_value":null,"capacity_total":1,"available_total":1,"occupied_total":0,"status_label":"空位","data_time":"2026-05-02 15:53:29+08:00","city_label":"臺北市","facility_kind_label":"路邊車格","available_rate":1,"occupancy_rate":0,"price_tier":"unknown","price_tier_label":"價格未知"}},{"type":"Feature","geometry":{"type":"Point","coordinates":[121.51484,25.05696]},"properties":{"supply_id":"taipei-onstreet-102500044","city":"taipei","district":"大同區","display_name":"民生西路 車格 102500044","address":"民生西路","facility_kind":"onstreet","symbol_text":null,"type_reference":"路邊停車格","type_confidence":0.6,"price_raw":null,"price_value":null,"capacity_total":1,"available_total":null,"occupied_total":null,"status_label":"狀態未知","data_time":"2026-05-02 15:53:29+08:00","city_label":"臺北市","facility_kind_label":"路邊車格","available_rate":null,"occupancy_rate":null,"price_tier":"unknown","price_tier_label":"價格未知"}},{"type":"Feature","geometry":{"type":"Point","coordinates":[121.52067,25.07514]},"properties":{"supply_id":"taipei-onstreet-10700A05","city":"taipei","district":"大同區","display_name":"敦煌路A 車格 10700A05","address":"敦煌路A","facility_kind":"onstreet","symbol_text":null,"type_reference":"路邊停車格","type_confidence":0.6,"price_raw":null,"price_value":null,"capacity_total":1,"available_total":null,"occupied_total":null,"status_label":"狀態未知","data_time":"2026-05-02 15:53:29+08:00","city_label":"臺北市","facility_kind_label":"路邊車格","available_rate":null,"occupancy_rate":null,"price_tier":"unknown","price_tier_label":"價格未知"}},{"type":"Feature","geometry":{"type":"Point","coordinates":[121.50991,25.05149]},"properties":{"supply_id":"taipei-onstreet-101014311","city":"taipei","district":"大同區","display_name":"鄭州路143巷 車格 101014311","address":"鄭州路143巷","facility_kind":"onstreet","symbol_text":null,"type_reference":"路邊停車格","type_confidence":0.6,"price_raw":null,"price_value":null,"capacity_total":1,"available_total":1,"occupied_total":0,"status_label":"空位","data_time":"2026-05-02 15:53:29+08:00","city_label":"臺北市","facility_kind_label":"路邊車格","available_rate":1,"occupancy_rate":0,"price_tier":"unknown","price_tier_label":"價格未知"}},{"type":"Feature","geometry":{"type":"Point","coordinates":[121.51587,25.06073]},"properties":{"supply_id":"taipei-onstreet-102905346","city":"taipei","district":"大同區","display_name":"錦西街53巷 車格 102905346","address":"錦西街53巷","facility_kind":"onstreet","symbol_text":null,"type_reference":"路邊停車格","type_confidence":0.6,"price_raw":null,"price_value":null,"capacity_total":1,"available_total":1,"occupied_total":0,"status_label":"空位","data_time":"2026-05-02 15:53:29+08:00","city_label":"臺北市","facility_kind_label":"路邊車格","available_rate":1,"occupancy_rate":0,"price_tier":"unknown","price_tier_label":"價格未知"}},{"type":"Feature","geometry":{"type":"Point","coordinates":[121.52043,25.05987]},"properties":{"supply_id":"taipei-onstreet-10290385","city":"taipei","district":"大同區","display_name":"錦西街38巷 車格 10290385","address":"錦西街38巷","facility_kind":"onstreet","symbol_text":null,"type_reference":"路邊停車格","type_confidence":0.6,"price_raw":null,"price_value":null,"capacity_total":1,"available_total":null,"occupied_total":null,"status_label":"狀態未知","data_time":"2026-05-02 15:53:29+08:00","city_label":"臺北市","facility_kind_label":"路邊車格","available_rate":null,"occupancy_rate":null,"price_tier":"unknown","price_tier_label":"價格未知"}},{"type":"Feature","geometry":{"type":"Point","coordinates":[121.51458,25.07551]},"properties":{"supply_id":"taipei-onstreet-106907801","city":"taipei","district":"大同區","display_name":"哈密街59巷78弄 車格 106907801","address":"哈密街59巷78弄","facility_kind":"onstreet","symbol_text":null,"type_reference":"路邊停車格","type_confidence":0.6,"price_raw":null,"price_value":null,"capacity_total":1,"available_total":null,"occupied_total":null,"status_label":"狀態未知","data_time":"2026-05-02 15:53:29+08:00","city_label":"臺北市","facility_kind_label":"路邊車格","available_rate":null,"occupancy_rate":null,"price_tier":"unknown","price_tier_label":"價格未知"}},{"type":"Feature","geometry":{"type":"Point","coordinates":[121.52052,25.07575]},"properties":{"supply_id":"taipei-onstreet-10450003","city":"taipei","district":"大同區","display_name":"承德路3段 車格 10450003","address":"承德路3段","facility_kind":"onstreet","symbol_text":null,"type_reference":"路邊停車格","type_confidence":0.6,"price_raw":null,"price_value":null,"capacity_total":1,"available_total":null,"occupied_total":null,"status_label":"狀態未知","data_time":"2026-05-02 15:53:29+08:00","city_label":"臺北市","facility_kind_label":"路邊車格","available_rate":null,"occupancy_rate":null,"price_tier":"unknown","price_tier_label":"價格未知"}},{"type":"Feature","geometry":{"type":"Point","coordinates":[121.5153,25.0764]},"properties":{"supply_id":"taipei-onstreet-10700B042","city":"taipei","district":"大同區","display_name":"慶昌橋下停車場 車格 10700B042","address":"慶昌橋下停車場","facility_kind":"onstreet","symbol_text":null,"type_reference":"路邊停車格","type_confidence":0.6,"price_raw":null,"price_value":null,"capacity_total":1,"available_total":null,"occupied_total":null,"status_label":"狀態未知","data_time":"2026-05-02 15:53:29+08:00","city_label":"臺北市","facility_kind_label":"路邊車格","available_rate":null,"occupancy_rate":null,"price_tier":"unknown","price_tier_label":"價格未知"}},{"type":"Feature","geometry":{"type":"Point","coordinates":[121.51939,25.07743]},"properties":{"supply_id":"taipei-onstreet-613600027","city":"taipei","district":"大同區","display_name":"承德橋下停車場(堤外) 車格 613600027","address":"承德橋下停車場(堤外)","facility_kind":"onstreet","symbol_text":null,"type_reference":"路邊停車格","type_confidence":0.6,"price_raw":null,"price_value":null,"capacity_total":1,"available_total":null,"occupied_total":null,"status_label":"狀態未知","data_time":"2026-05-02 15:53:29+08:00","city_label":"臺北市","facility_kind_label":"路邊車格","available_rate":null,"occupancy_rate":null,"price_tier":"unknown","price_tier_label":"價格未知"}},{"type":"Feature","geometry":{"type":"Point","coordinates":[121.51082,25.06725]},"properties":{"supply_id":"taipei-onstreet-10371491","city":"taipei","district":"大同區","display_name":"迪化街2段149巷 車格 10371491","address":"迪化街2段149巷","facility_kind":"onstreet","symbol_text":null,"type_reference":"路邊停車格","type_confidence":0.6,"price_raw":null,"price_value":null,"capacity_total":1,"available_total":null,"occupied_total":null,"status_label":"狀態未知","data_time":"2026-05-02 15:53:29+08:00","city_label":"臺北市","facility_kind_label":"路邊車格","available_rate":null,"occupancy_rate":null,"price_tier":"unknown","price_tier_label":"價格未知"}},{"type":"Feature","geometry":{"type":"Point","coordinates":[121.5192,25.07755]},"properties":{"supply_id":"taipei-onstreet-613600088","city":"taipei","district":"大同區","display_name":"承德橋下停車場(堤外) 車格 613600088","address":"承德橋下停車場(堤外)","facility_kind":"onstreet","symbol_text":null,"type_reference":"路邊停車格","type_confidence":0.6,"price_raw":null,"price_value":null,"capacity_total":1,"available_total":null,"occupied_total":null,"status_label":"狀態未知","data_time":"2026-05-02 15:53:29+08:00","city_label":"臺北市","facility_kind_label":"路邊車格","available_rate":null,"occupancy_rate":null,"price_tier":"unknown","price_tier_label":"價格未知"}},{"type":"Feature","geometry":{"type":"Point","coordinates":[121.50915,25.0534]},"properties":{"supply_id":"taipei-onstreet-10130B044","city":"taipei","district":"大同區","display_name":"南京西路B 車格 10130B044","address":"南京西路B","facility_kind":"onstreet","symbol_text":null,"type_reference":"路邊停車格","type_confidence":0.6,"price_raw":null,"price_value":null,"capacity_total":1,"available_total":1,"occupied_total":0,"status_label":"空位","data_time":"2026-05-02 15:53:29+08:00","city_label":"臺北市","facility_kind_label":"路邊車格","available_rate":1,"occupancy_rate":0,"price_tier":"unknown","price_tier_label":"價格未知"}},{"type":"Feature","geometry":{"type":"Point","coordinates":[121.51361,25.07404]},"properties":{"supply_id":"taipei-onstreet-10513123","city":"taipei","district":"大同區","display_name":"重慶北路3段312巷 車格 10513123","address":"重慶北路3段312巷","facility_kind":"onstreet","symbol_text":null,"type_reference":"路邊停車格","type_confidence":0.6,"price_raw":null,"price_value":null,"capacity_total":1,"available_total":null,"occupied_total":null,"status_label":"狀態未知","data_time":"2026-05-02 15:53:29+08:00","city_label":"臺北市","facility_kind_label":"路邊車格","available_rate":null,"occupancy_rate":null,"price_tier":"unknown","price_tier_label":"價格未知"}},{"type":"Feature","geometry":{"type":"Point","coordinates":[121.51312,25.07659]},"properties":{"supply_id":"taipei-onstreet-10700006","city":"taipei","district":"大同區","display_name":"敦煌路 車格 10700006","address":"敦煌路","facility_kind":"onstreet","symbol_text":null,"type_reference":"路邊停車格","type_confidence":0.6,"price_raw":null,"price_value":null,"capacity_total":1,"available_total":null,"occupied_total":null,"status_label":"狀態未知","data_time":"2026-05-02 15:53:29+08:00","city_label":"臺北市","facility_kind_label":"路邊車格","available_rate":null,"occupancy_rate":null,"price_tier":"unknown","price_tier_label":"價格未知"}},{"type":"Feature","geometry":{"type":"Point","coordinates":[121.50672,25.05215]},"properties":{"supply_id":"taipei-onstreet-607500024","city":"taipei","district":"大同區","display_name":"環河北路（3號水門堤外）小型車 車格 607500024","address":"環河北路（3號水門堤外）小型車","facility_kind":"onstreet","symbol_text":null,"type_reference":"路邊停車格","type_confidence":0.6,"price_raw":null,"price_value":null,"capacity_total":1,"available_total":null,"occupied_total":null,"status_label":"狀態未知","data_time":"2026-05-02 15:53:29+08:00","city_label":"臺北市","facility_kind_label":"路邊車格","available_rate":null,"occupancy_rate":null,"price_tier":"unknown","price_tier_label":"價格未知"}},{"type":"Feature","geometry":{"type":"Point","coordinates":[121.5095,25.05928]},"properties":{"supply_id":"taipei-onstreet-10340A06","city":"taipei","district":"大同區","display_name":"迪化街1段A 車格 10340A06","address":"迪化街1段A","facility_kind":"onstreet","symbol_text":null,"type_reference":"路邊停車格","type_confidence":0.6,"price_raw":null,"price_value":null,"capacity_total":1,"available_total":null,"occupied_total":null,"status_label":"狀態未知","data_time":"2026-05-02 15:53:29+08:00","city_label":"臺北市","facility_kind_label":"路邊車格","available_rate":null,"occupancy_rate":null,"price_tier":"unknown","price_tier_label":"價格未知"}},{"type":"Feature","geometry":{"type":"Point","coordinates":[121.51691,25.07681]},"properties":{"supply_id":"taipei-onstreet-10700213","city":"taipei","district":"大同區","display_name":"敦煌路21巷 車格 10700213","address":"敦煌路21巷","facility_kind":"onstreet","symbol_text":null,"type_reference":"路邊停車格","type_confidence":0.6,"price_raw":null,"price_value":null,"capacity_total":1,"available_total":null,"occupied_total":null,"status_label":"狀態未知","data_time":"2026-05-02 15:53:29+08:00","city_label":"臺北市","facility_kind_label":"路邊車格","available_rate":null,"occupancy_rate":null,"price_tier":"unknown","price_tier_label":"價格未知"}},{"type":"Feature","geometry":{"type":"Point","coordinates":[121.51814,25.07803]},"properties":{"supply_id":"taipei-onstreet-6136000147","city":"taipei","district":"大同區","display_name":"承德橋下停車場(堤外) 車格 6136000147","address":"承德橋下停車場(堤外)","facility_kind":"onstreet","symbol_text":null,"type_reference":"路邊停車格","type_confidence":0.6,"price_raw":null,"price_value":null,"capacity_total":1,"available_total":null,"occupied_total":null,"status_label":"狀態未知","data_time":"2026-05-02 15:53:29+08:00","city_label":"臺北市","facility_kind_label":"路邊車格","available_rate":null,"occupancy_rate":null,"price_tier":"unknown","price_tier_label":"價格未知"}},{"type":"Feature","geometry":{"type":"Point","coordinates":[121.5149,25.05927]},"properties":{"supply_id":"taipei-onstreet-10300B012","city":"taipei","district":"大同區","display_name":"寧夏路B 車格 10300B012","address":"寧夏路B","facility_kind":"onstreet","symbol_text":null,"type_reference":"路邊停車格","type_confidence":0.6,"price_raw":null,"price_value":null,"capacity_total":1,"available_total":1,"occupied_total":0,"status_label":"空位","data_time":"2026-05-02 15:53:29+08:00","city_label":"臺北市","facility_kind_label":"路邊車格","available_rate":1,"occupancy_rate":0,"price_tier":"unknown","price_tier_label":"價格未知"}},{"type":"Feature","geometry":{"type":"Point","coordinates":[121.51877,25.07754]},"properties":{"supply_id":"taipei-onstreet-61360006","city":"taipei","district":"大同區","display_name":"承德橋下停車場(堤外) 車格 61360006","address":"承德橋下停車場(堤外)","facility_kind":"onstreet","symbol_text":null,"type_reference":"路邊停車格","type_confidence":0.6,"price_raw":null,"price_value":null,"capacity_total":1,"available_total":null,"occupied_total":null,"status_label":"狀態未知","data_time":"2026-05-02 15:53:29+08:00","city_label":"臺北市","facility_kind_label":"路邊車格","available_rate":null,"occupancy_rate":null,"price_tier":"unknown","price_tier_label":"價格未知"}},{"type":"Feature","geometry":{"type":"Point","coordinates":[121.51528,25.07654]},"properties":{"supply_id":"taipei-onstreet-10700B005","city":"taipei","district":"大同區","display_name":"慶昌橋下停車場 車格 10700B005","address":"慶昌橋下停車場","facility_kind":"onstreet","symbol_text":null,"type_reference":"路邊停車格","type_confidence":0.6,"price_raw":null,"price_value":null,"capacity_total":1,"available_total":null,"occupied_total":null,"status_label":"狀態未知","data_time":"2026-05-02 15:53:29+08:00","city_label":"臺北市","facility_kind_label":"路邊車格","available_rate":null,"occupancy_rate":null,"price_tier":"unknown","price_tier_label":"價格未知"}},{"type":"Feature","geometry":{"type":"Point","coordinates":[121.51612,25.0552]},"properties":{"supply_id":"taipei-onstreet-10160003","city":"taipei","district":"大同區","display_name":"平陽街 車格 10160003","address":"平陽街","facility_kind":"onstreet","symbol_text":null,"type_reference":"路邊停車格","type_confidence":0.6,"price_raw":null,"price_value":null,"capacity_total":1,"available_total":null,"occupied_total":null,"status_label":"狀態未知","data_time":"2026-05-02 15:53:29+08:00","city_label":"臺北市","facility_kind_label":"路邊車格","available_rate":null,"occupancy_rate":null,"price_tier":"unknown","price_tier_label":"價格未知"}},{"type":"Feature","geometry":{"type":"Point","coordinates":[121.51284,25.05932]},"properties":{"supply_id":"taipei-onstreet-103100033","city":"taipei","district":"大同區","display_name":"甘州街 車格 103100033","address":"甘州街","facility_kind":"onstreet","symbol_text":null,"type_reference":"路邊停車格","type_confidence":0.6,"price_raw":null,"price_value":null,"capacity_total":1,"available_total":1,"occupied_total":0,"status_label":"空位","data_time":"2026-05-02 15:53:29+08:00","city_label":"臺北市","facility_kind_label":"路邊車格","available_rate":1,"occupancy_rate":0,"price_tier":"unknown","price_tier_label":"價格未知"}},{"type":"Feature","geometry":{"type":"Point","coordinates":[121.50641,25.05209]},"properties":{"supply_id":"taipei-onstreet-607500083","city":"taipei","district":"大同區","display_name":"環河北路（3號水門堤外）小型車 車格 607500083","address":"環河北路（3號水門堤外）小型車","facility_kind":"onstreet","symbol_text":null,"type_reference":"路邊停車格","type_confidence":0.6,"price_raw":null,"price_value":null,"capacity_total":1,"available_total":null,"occupied_total":null,"status_label":"狀態未知","data_time":"2026-05-02 15:53:29+08:00","city_label":"臺北市","facility_kind_label":"路邊車格","available_rate":null,"occupancy_rate":null,"price_tier":"unknown","price_tier_label":"價格未知"}},{"type":"Feature","geometry":{"type":"Point","coordinates":[121.50864,25.05256]},"properties":{"supply_id":"taipei-onstreet-1023Y0032","city":"taipei","district":"大同區","display_name":"西寧北路 車格 1023Y0032","address":"西寧北路","facility_kind":"onstreet","symbol_text":null,"type_reference":"路邊停車格","type_confidence":0.6,"price_raw":null,"price_value":null,"capacity_total":1,"available_total":1,"occupied_total":0,"status_label":"空位","data_time":"2026-05-02 15:53:29+08:00","city_label":"臺北市","facility_kind_label":"路邊車格","available_rate":1,"occupancy_rate":0,"price_tier":"unknown","price_tier_label":"價格未知"}},{"type":"Feature","geometry":{"type":"Point","coordinates":[121.51887,25.0775]},"properties":{"supply_id":"taipei-onstreet-613600010","city":"taipei","district":"大同區","display_name":"承德橋下停車場(堤外) 車格 613600010","address":"承德橋下停車場(堤外)","facility_kind":"onstreet","symbol_text":null,"type_reference":"路邊停車格","type_confidence":0.6,"price_raw":null,"price_value":null,"capacity_total":1,"available_total":null,"occupied_total":null,"status_label":"狀態未知","data_time":"2026-05-02 15:53:29+08:00","city_label":"臺北市","facility_kind_label":"路邊車格","available_rate":null,"occupancy_rate":null,"price_tier":"unknown","price_tier_label":"價格未知"}},{"type":"Feature","geometry":{"type":"Point","coordinates":[121.50877,25.05467]},"properties":{"supply_id":"taipei-onstreet-1023Y0078","city":"taipei","district":"大同區","display_name":"西寧北路 車格 1023Y0078","address":"西寧北路","facility_kind":"onstreet","symbol_text":null,"type_reference":"路邊停車格","type_confidence":0.6,"price_raw":null,"price_value":null,"capacity_total":1,"available_total":1,"occupied_total":0,"status_label":"空位","data_time":"2026-05-02 15:53:29+08:00","city_label":"臺北市","facility_kind_label":"路邊車格","available_rate":1,"occupancy_rate":0,"price_tier":"unknown","price_tier_label":"價格未知"}},{"type":"Feature","geometry":{"type":"Point","coordinates":[121.51859,25.07568]},"properties":{"supply_id":"taipei-onstreet-10700A030","city":"taipei","district":"大同區","display_name":"敦煌路A 車格 10700A030","address":"敦煌路A","facility_kind":"onstreet","symbol_text":null,"type_reference":"路邊停車格","type_confidence":0.6,"price_raw":null,"price_value":null,"capacity_total":1,"available_total":null,"occupied_total":null,"status_label":"狀態未知","data_time":"2026-05-02 15:53:29+08:00","city_label":"臺北市","facility_kind_label":"路邊車格","available_rate":null,"occupancy_rate":null,"price_tier":"unknown","price_tier_label":"價格未知"}},{"type":"Feature","geometry":{"type":"Point","coordinates":[121.50938,25.05339]},"properties":{"supply_id":"taipei-onstreet-10130B047","city":"taipei","district":"大同區","display_name":"南京西路B 車格 10130B047","address":"南京西路B","facility_kind":"onstreet","symbol_text":null,"type_reference":"路邊停車格","type_confidence":0.6,"price_raw":null,"price_value":null,"capacity_total":1,"available_total":1,"occupied_total":0,"status_label":"空位","data_time":"2026-05-02 15:53:29+08:00","city_label":"臺北市","facility_kind_label":"路邊車格","available_rate":1,"occupancy_rate":0,"price_tier":"unknown","price_tier_label":"價格未知"}},{"type":"Feature","geometry":{"type":"Point","coordinates":[121.51558,25.07634]},"properties":{"supply_id":"taipei-onstreet-10700B053","city":"taipei","district":"大同區","display_name":"慶昌橋下停車場 車格 10700B053","address":"慶昌橋下停車場","facility_kind":"onstreet","symbol_text":null,"type_reference":"路邊停車格","type_confidence":0.6,"price_raw":null,"price_value":null,"capacity_total":1,"available_total":null,"occupied_total":null,"status_label":"狀態未知","data_time":"2026-05-02 15:53:29+08:00","city_label":"臺北市","facility_kind_label":"路邊車格","available_rate":null,"occupancy_rate":null,"price_tier":"unknown","price_tier_label":"價格未知"}},{"type":"Feature","geometry":{"type":"Point","coordinates":[121.51501,25.07539]},"properties":{"supply_id":"taipei-onstreet-106959A3","city":"taipei","district":"大同區","display_name":"哈密街59巷56弄 車格 106959A3","address":"哈密街59巷56弄","facility_kind":"onstreet","symbol_text":null,"type_reference":"路邊停車格","type_confidence":0.6,"price_raw":null,"price_value":null,"capacity_total":1,"available_total":null,"occupied_total":null,"status_label":"狀態未知","data_time":"2026-05-02 15:53:29+08:00","city_label":"臺北市","facility_kind_label":"路邊車格","available_rate":null,"occupancy_rate":null,"price_tier":"unknown","price_tier_label":"價格未知"}},{"type":"Feature","geometry":{"type":"Point","coordinates":[121.51594,25.07021]},"properties":{"supply_id":"taipei-onstreet-106600019","city":"taipei","district":"大同區","display_name":"大龍街 車格 106600019","address":"大龍街","facility_kind":"onstreet","symbol_text":null,"type_reference":"路邊停車格","type_confidence":0.6,"price_raw":null,"price_value":null,"capacity_total":1,"available_total":1,"occupied_total":0,"status_label":"空位","data_time":"2026-05-02 15:53:29+08:00","city_label":"臺北市","facility_kind_label":"路邊車格","available_rate":1,"occupancy_rate":0,"price_tier":"unknown","price_tier_label":"價格未知"}},{"type":"Feature","geometry":{"type":"Point","coordinates":[121.50992,25.05119]},"properties":{"supply_id":"taipei-onstreet-10101434","city":"taipei","district":"大同區","display_name":"鄭州路143巷 車格 10101434","address":"鄭州路143巷","facility_kind":"onstreet","symbol_text":null,"type_reference":"路邊停車格","type_confidence":0.6,"price_raw":null,"price_value":null,"capacity_total":1,"available_total":null,"occupied_total":null,"status_label":"狀態未知","data_time":"2026-05-02 15:53:29+08:00","city_label":"臺北市","facility_kind_label":"路邊車格","available_rate":null,"occupancy_rate":null,"price_tier":"unknown","price_tier_label":"價格未知"}},{"type":"Feature","geometry":{"type":"Point","coordinates":[121.51791,25.07816]},"properties":{"supply_id":"taipei-onstreet-6136000158","city":"taipei","district":"大同區","display_name":"承德橋下停車場(堤外) 車格 6136000158","address":"承德橋下停車場(堤外)","facility_kind":"onstreet","symbol_text":null,"type_reference":"路邊停車格","type_confidence":0.6,"price_raw":null,"price_value":null,"capacity_total":1,"available_total":null,"occupied_total":null,"status_label":"狀態未知","data_time":"2026-05-02 15:53:29+08:00","city_label":"臺北市","facility_kind_label":"路邊車格","available_rate":null,"occupancy_rate":null,"price_tier":"unknown","price_tier_label":"價格未知"}},{"type":"Feature","geometry":{"type":"Point","coordinates":[121.51588,25.06133]},"properties":{"supply_id":"taipei-onstreet-102905353","city":"taipei","district":"大同區","display_name":"錦西街53巷 車格 102905353","address":"錦西街53巷","facility_kind":"onstreet","symbol_text":null,"type_reference":"路邊停車格","type_confidence":0.6,"price_raw":null,"price_value":null,"capacity_total":1,"available_total":1,"occupied_total":0,"status_label":"空位","data_time":"2026-05-02 15:53:29+08:00","city_label":"臺北市","facility_kind_label":"路邊車格","available_rate":1,"occupancy_rate":0,"price_tier":"unknown","price_tier_label":"價格未知"}},{"type":"Feature","geometry":{"type":"Point","coordinates":[121.51488,25.06913]},"properties":{"supply_id":"taipei-onstreet-10421873","city":"taipei","district":"大同區","display_name":"民族西路187巷 車格 10421873","address":"民族西路187巷","facility_kind":"onstreet","symbol_text":null,"type_reference":"路邊停車格","type_confidence":0.6,"price_raw":null,"price_value":null,"capacity_total":1,"available_total":null,"occupied_total":null,"status_label":"狀態未知","data_time":"2026-05-02 15:53:29+08:00","city_label":"臺北市","facility_kind_label":"路邊車格","available_rate":null,"occupancy_rate":null,"price_tier":"unknown","price_tier_label":"價格未知"}},{"type":"Feature","geometry":{"type":"Point","coordinates":[121.51857,25.07787]},"properties":{"supply_id":"taipei-onstreet-6136000129","city":"taipei","district":"大同區","display_name":"承德橋下停車場(堤外) 車格 6136000129","address":"承德橋下停車場(堤外)","facility_kind":"onstreet","symbol_text":null,"type_reference":"路邊停車格","type_confidence":0.6,"price_raw":null,"price_value":null,"capacity_total":1,"available_total":null,"occupied_total":null,"status_label":"狀態未知","data_time":"2026-05-02 15:53:29+08:00","city_label":"臺北市","facility_kind_label":"路邊車格","available_rate":null,"occupancy_rate":null,"price_tier":"unknown","price_tier_label":"價格未知"}},{"type":"Feature","geometry":{"type":"Point","coordinates":[121.50912,25.05328]},"properties":{"supply_id":"taipei-onstreet-10130B026","city":"taipei","district":"大同區","display_name":"南京西路B 車格 10130B026","address":"南京西路B","facility_kind":"onstreet","symbol_text":null,"type_reference":"路邊停車格","type_confidence":0.6,"price_raw":null,"price_value":null,"capacity_total":1,"available_total":1,"occupied_total":0,"status_label":"空位","data_time":"2026-05-02 15:53:29+08:00","city_label":"臺北市","facility_kind_label":"路邊車格","available_rate":1,"occupancy_rate":0,"price_tier":"unknown","price_tier_label":"價格未知"}},{"type":"Feature","geometry":{"type":"Point","coordinates":[121.51594,25.0703]},"properties":{"supply_id":"taipei-onstreet-106600021","city":"taipei","district":"大同區","display_name":"大龍街 車格 106600021","address":"大龍街","facility_kind":"onstreet","symbol_text":null,"type_reference":"路邊停車格","type_confidence":0.6,"price_raw":null,"price_value":null,"capacity_total":1,"available_total":1,"occupied_total":0,"status_label":"空位","data_time":"2026-05-02 15:53:29+08:00","city_label":"臺北市","facility_kind_label":"路邊車格","available_rate":1,"occupancy_rate":0,"price_tier":"unknown","price_tier_label":"價格未知"}},{"type":"Feature","geometry":{"type":"Point","coordinates":[121.50901,25.07448]},"properties":{"supply_id":"taipei-onstreet-106500037","city":"taipei","district":"大同區","display_name":"環河北路2段 車格 106500037","address":"環河北路2段","facility_kind":"onstreet","symbol_text":null,"type_reference":"路邊停車格","type_confidence":0.6,"price_raw":null,"price_value":null,"capacity_total":1,"available_total":null,"occupied_total":null,"status_label":"狀態未知","data_time":"2026-05-02 15:53:29+08:00","city_label":"臺北市","facility_kind_label":"路邊車格","available_rate":null,"occupancy_rate":null,"price_tier":"unknown","price_tier_label":"價格未知"}},{"type":"Feature","geometry":{"type":"Point","coordinates":[121.51083,25.07765]},"properties":{"supply_id":"taipei-onstreet-105829421","city":"taipei","district":"大同區","display_name":"延平北路4段294巷 車格 105829421","address":"延平北路4段294巷","facility_kind":"onstreet","symbol_text":null,"type_reference":"路邊停車格","type_confidence":0.6,"price_raw":null,"price_value":null,"capacity_total":1,"available_total":null,"occupied_total":null,"status_label":"狀態未知","data_time":"2026-05-02 15:53:29+08:00","city_label":"臺北市","facility_kind_label":"路邊車格","available_rate":null,"occupancy_rate":null,"price_tier":"unknown","price_tier_label":"價格未知"}},{"type":"Feature","geometry":{"type":"Point","coordinates":[121.51067,25.05723]},"properties":{"supply_id":"taipei-onstreet-10320A03","city":"taipei","district":"大同區","display_name":"民樂街A 車格 10320A03","address":"民樂街A","facility_kind":"onstreet","symbol_text":null,"type_reference":"路邊停車格","type_confidence":0.6,"price_raw":null,"price_value":null,"capacity_total":1,"available_total":null,"occupied_total":null,"status_label":"狀態未知","data_time":"2026-05-02 15:53:29+08:00","city_label":"臺北市","facility_kind_label":"路邊車格","available_rate":null,"occupancy_rate":null,"price_tier":"unknown","price_tier_label":"價格未知"}},{"type":"Feature","geometry":{"type":"Point","coordinates":[121.51054,25.0574]},"properties":{"supply_id":"taipei-onstreet-10320A01","city":"taipei","district":"大同區","display_name":"民樂街A 車格 10320A01","address":"民樂街A","facility_kind":"onstreet","symbol_text":null,"type_reference":"路邊停車格","type_confidence":0.6,"price_raw":null,"price_value":null,"capacity_total":1,"available_total":null,"occupied_total":null,"status_label":"狀態未知","data_time":"2026-05-02 15:53:29+08:00","city_label":"臺北市","facility_kind_label":"路邊車格","available_rate":null,"occupancy_rate":null,"price_tier":"unknown","price_tier_label":"價格未知"}},{"type":"Feature","geometry":{"type":"Point","coordinates":[121.51586,25.06027]},"properties":{"supply_id":"taipei-onstreet-102905340","city":"taipei","district":"大同區","display_name":"錦西街53巷 車格 102905340","address":"錦西街53巷","facility_kind":"onstreet","symbol_text":null,"type_reference":"路邊停車格","type_confidence":0.6,"price_raw":null,"price_value":null,"capacity_total":1,"available_total":1,"occupied_total":0,"status_label":"空位","data_time":"2026-05-02 15:53:29+08:00","city_label":"臺北市","facility_kind_label":"路邊車格","available_rate":1,"occupancy_rate":0,"price_tier":"unknown","price_tier_label":"價格未知"}},{"type":"Feature","geometry":{"type":"Point","coordinates":[121.51768,25.06862]},"properties":{"supply_id":"taipei-onstreet-10420001","city":"taipei","district":"大同區","display_name":"民族西路 車格 10420001","address":"民族西路","facility_kind":"onstreet","symbol_text":null,"type_reference":"路邊停車格","type_confidence":0.6,"price_raw":null,"price_value":null,"capacity_total":1,"available_total":null,"occupied_total":null,"status_label":"狀態未知","data_time":"2026-05-02 15:53:29+08:00","city_label":"臺北市","facility_kind_label":"路邊車格","available_rate":null,"occupancy_rate":null,"price_tier":"unknown","price_tier_label":"價格未知"}},{"type":"Feature","geometry":{"type":"Point","coordinates":[121.50642,25.05232]},"properties":{"supply_id":"taipei-onstreet-60750002","city":"taipei","district":"大同區","display_name":"環河北路（3號水門堤外）小型車 車格 60750002","address":"環河北路（3號水門堤外）小型車","facility_kind":"onstreet","symbol_text":null,"type_reference":"路邊停車格","type_confidence":0.6,"price_raw":null,"price_value":null,"capacity_total":1,"available_total":null,"occupied_total":null,"status_label":"狀態未知","data_time":"2026-05-02 15:53:29+08:00","city_label":"臺北市","facility_kind_label":"路邊車格","available_rate":null,"occupancy_rate":null,"price_tier":"unknown","price_tier_label":"價格未知"}},{"type":"Feature","geometry":{"type":"Point","coordinates":[121.51062,25.058]},"properties":{"supply_id":"taipei-onstreet-10320A04","city":"taipei","district":"大同區","display_name":"民樂街A 車格 10320A04","address":"民樂街A","facility_kind":"onstreet","symbol_text":null,"type_reference":"路邊停車格","type_confidence":0.6,"price_raw":null,"price_value":null,"capacity_total":1,"available_total":null,"occupied_total":null,"status_label":"狀態未知","data_time":"2026-05-02 15:53:29+08:00","city_label":"臺北市","facility_kind_label":"路邊車格","available_rate":null,"occupancy_rate":null,"price_tier":"unknown","price_tier_label":"價格未知"}},{"type":"Feature","geometry":{"type":"Point","coordinates":[121.51881,25.07764]},"properties":{"supply_id":"taipei-onstreet-613600052","city":"taipei","district":"大同區","display_name":"承德橋下停車場(堤外) 車格 613600052","address":"承德橋下停車場(堤外)","facility_kind":"onstreet","symbol_text":null,"type_reference":"路邊停車格","type_confidence":0.6,"price_raw":null,"price_value":null,"capacity_total":1,"available_total":null,"occupied_total":null,"status_label":"狀態未知","data_time":"2026-05-02 15:53:29+08:00","city_label":"臺北市","facility_kind_label":"路邊車格","available_rate":null,"occupancy_rate":null,"price_tier":"unknown","price_tier_label":"價格未知"}},{"type":"Feature","geometry":{"type":"Point","coordinates":[121.51429,25.06212]},"properties":{"supply_id":"taipei-onstreet-104000A8","city":"taipei","district":"大同區","display_name":"蘭州街A 車格 104000A8","address":"蘭州街A","facility_kind":"onstreet","symbol_text":null,"type_reference":"路邊停車格","type_confidence":0.6,"price_raw":null,"price_value":null,"capacity_total":1,"available_total":null,"occupied_total":null,"status_label":"狀態未知","data_time":"2026-05-02 15:53:29+08:00","city_label":"臺北市","facility_kind_label":"路邊車格","available_rate":null,"occupancy_rate":null,"price_tier":"unknown","price_tier_label":"價格未知"}},{"type":"Feature","geometry":{"type":"Point","coordinates":[121.5154,25.05089]},"properties":{"supply_id":"taipei-onstreet-101500A84","city":"taipei","district":"大同區","display_name":"太原路A 車格 101500A84","address":"太原路A","facility_kind":"onstreet","symbol_text":null,"type_reference":"路邊停車格","type_confidence":0.6,"price_raw":null,"price_value":null,"capacity_total":1,"available_total":1,"occupied_total":0,"status_label":"空位","data_time":"2026-05-02 15:53:29+08:00","city_label":"臺北市","facility_kind_label":"路邊車格","available_rate":1,"occupancy_rate":0,"price_tier":"unknown","price_tier_label":"價格未知"}},{"type":"Feature","geometry":{"type":"Point","coordinates":[121.51511,25.07655]},"properties":{"supply_id":"taipei-onstreet-10700B002","city":"taipei","district":"大同區","display_name":"慶昌橋下停車場 車格 10700B002","address":"慶昌橋下停車場","facility_kind":"onstreet","symbol_text":null,"type_reference":"路邊停車格","type_confidence":0.6,"price_raw":null,"price_value":null,"capacity_total":1,"available_total":null,"occupied_total":null,"status_label":"狀態未知","data_time":"2026-05-02 15:53:29+08:00","city_label":"臺北市","facility_kind_label":"路邊車格","available_rate":null,"occupancy_rate":null,"price_tier":"unknown","price_tier_label":"價格未知"}},{"type":"Feature","geometry":{"type":"Point","coordinates":[121.50991,25.06092]},"properties":{"supply_id":"taipei-onstreet-103300014","city":"taipei","district":"大同區","display_name":"安西街 車格 103300014","address":"安西街","facility_kind":"onstreet","symbol_text":null,"type_reference":"路邊停車格","type_confidence":0.6,"price_raw":null,"price_value":null,"capacity_total":1,"available_total":1,"occupied_total":0,"status_label":"空位","data_time":"2026-05-02 15:53:29+08:00","city_label":"臺北市","facility_kind_label":"路邊車格","available_rate":1,"occupancy_rate":0,"price_tier":"unknown","price_tier_label":"價格未知"}},{"type":"Feature","geometry":{"type":"Point","coordinates":[121.51592,25.06029]},"properties":{"supply_id":"taipei-onstreet-102905331","city":"taipei","district":"大同區","display_name":"錦西街53巷 車格 102905331","address":"錦西街53巷","facility_kind":"onstreet","symbol_text":null,"type_reference":"路邊停車格","type_confidence":0.6,"price_raw":null,"price_value":null,"capacity_total":1,"available_total":1,"occupied_total":0,"status_label":"空位","data_time":"2026-05-02 15:53:29+08:00","city_label":"臺北市","facility_kind_label":"路邊車格","available_rate":1,"occupancy_rate":0,"price_tier":"unknown","price_tier_label":"價格未知"}},{"type":"Feature","geometry":{"type":"Point","coordinates":[121.51936,25.07743]},"properties":{"supply_id":"taipei-onstreet-613600028","city":"taipei","district":"大同區","display_name":"承德橋下停車場(堤外) 車格 613600028","address":"承德橋下停車場(堤外)","facility_kind":"onstreet","symbol_text":null,"type_reference":"路邊停車格","type_confidence":0.6,"price_raw":null,"price_value":null,"capacity_total":1,"available_total":null,"occupied_total":null,"status_label":"狀態未知","data_time":"2026-05-02 15:53:29+08:00","city_label":"臺北市","facility_kind_label":"路邊車格","available_rate":null,"occupancy_rate":null,"price_tier":"unknown","price_tier_label":"價格未知"}},{"type":"Feature","geometry":{"type":"Point","coordinates":[121.51516,25.07655]},"properties":{"supply_id":"taipei-onstreet-10700B003","city":"taipei","district":"大同區","display_name":"慶昌橋下停車場 車格 10700B003","address":"慶昌橋下停車場","facility_kind":"onstreet","symbol_text":null,"type_reference":"路邊停車格","type_confidence":0.6,"price_raw":null,"price_value":null,"capacity_total":1,"available_total":null,"occupied_total":null,"status_label":"狀態未知","data_time":"2026-05-02 15:53:29+08:00","city_label":"臺北市","facility_kind_label":"路邊車格","available_rate":null,"occupancy_rate":null,"price_tier":"unknown","price_tier_label":"價格未知"}},{"type":"Feature","geometry":{"type":"Point","coordinates":[121.51631,25.05459]},"properties":{"supply_id":"taipei-onstreet-101500013","city":"taipei","district":"大同區","display_name":"太原路 車格 101500013","address":"太原路","facility_kind":"onstreet","symbol_text":null,"type_reference":"路邊停車格","type_confidence":0.6,"price_raw":null,"price_value":null,"capacity_total":1,"available_total":null,"occupied_total":null,"status_label":"狀態未知","data_time":"2026-05-02 15:53:29+08:00","city_label":"臺北市","facility_kind_label":"路邊車格","available_rate":null,"occupancy_rate":null,"price_tier":"unknown","price_tier_label":"價格未知"}},{"type":"Feature","geometry":{"type":"Point","coordinates":[121.51295,25.06871]},"properties":{"supply_id":"taipei-onstreet-104200033","city":"taipei","district":"大同區","display_name":"民族西路 車格 104200033","address":"民族西路","facility_kind":"onstreet","symbol_text":null,"type_reference":"路邊停車格","type_confidence":0.6,"price_raw":null,"price_value":null,"capacity_total":1,"available_total":1,"occupied_total":0,"status_label":"空位","data_time":"2026-05-02 15:53:29+08:00","city_label":"臺北市","facility_kind_label":"路邊車格","available_rate":1,"occupancy_rate":0,"price_tier":"unknown","price_tier_label":"價格未知"}},{"type":"Feature","geometry":{"type":"Point","coordinates":[121.51092,25.07761]},"properties":{"supply_id":"taipei-onstreet-105829419","city":"taipei","district":"大同區","display_name":"延平北路4段294巷 車格 105829419","address":"延平北路4段294巷","facility_kind":"onstreet","symbol_text":null,"type_reference":"路邊停車格","type_confidence":0.6,"price_raw":null,"price_value":null,"capacity_total":1,"available_total":null,"occupied_total":null,"status_label":"狀態未知","data_time":"2026-05-02 15:53:29+08:00","city_label":"臺北市","facility_kind_label":"路邊車格","available_rate":null,"occupancy_rate":null,"price_tier":"unknown","price_tier_label":"價格未知"}},{"type":"Feature","geometry":{"type":"Point","coordinates":[121.51483,25.05466]},"properties":{"supply_id":"taipei-onstreet-10300B03","city":"taipei","district":"大同區","display_name":"寧夏路B 車格 10300B03","address":"寧夏路B","facility_kind":"onstreet","symbol_text":null,"type_reference":"路邊停車格","type_confidence":0.6,"price_raw":null,"price_value":null,"capacity_total":1,"available_total":null,"occupied_total":null,"status_label":"狀態未知","data_time":"2026-05-02 15:53:29+08:00","city_label":"臺北市","facility_kind_label":"路邊車格","available_rate":null,"occupancy_rate":null,"price_tier":"unknown","price_tier_label":"價格未知"}},{"type":"Feature","geometry":{"type":"Point","coordinates":[121.51855,25.07787]},"properties":{"supply_id":"taipei-onstreet-6136000130","city":"taipei","district":"大同區","display_name":"承德橋下停車場(堤外) 車格 6136000130","address":"承德橋下停車場(堤外)","facility_kind":"onstreet","symbol_text":null,"type_reference":"路邊停車格","type_confidence":0.6,"price_raw":null,"price_value":null,"capacity_total":1,"available_total":null,"occupied_total":null,"status_label":"狀態未知","data_time":"2026-05-02 15:53:29+08:00","city_label":"臺北市","facility_kind_label":"路邊車格","available_rate":null,"occupancy_rate":null,"price_tier":"unknown","price_tier_label":"價格未知"}},{"type":"Feature","geometry":{"type":"Point","coordinates":[121.51408,25.05194]},"properties":{"supply_id":"taipei-onstreet-10490006","city":"taipei","district":"大同區","display_name":"重慶北路1段 車格 10490006","address":"重慶北路1段","facility_kind":"onstreet","symbol_text":null,"type_reference":"路邊停車格","type_confidence":0.6,"price_raw":null,"price_value":null,"capacity_total":1,"available_total":null,"occupied_total":null,"status_label":"狀態未知","data_time":"2026-05-02 15:53:29+08:00","city_label":"臺北市","facility_kind_label":"路邊車格","available_rate":null,"occupancy_rate":null,"price_tier":"unknown","price_tier_label":"價格未知"}},{"type":"Feature","geometry":{"type":"Point","coordinates":[121.51916,25.07751]},"properties":{"supply_id":"taipei-onstreet-613600037","city":"taipei","district":"大同區","display_name":"承德橋下停車場(堤外) 車格 613600037","address":"承德橋下停車場(堤外)","facility_kind":"onstreet","symbol_text":null,"type_reference":"路邊停車格","type_confidence":0.6,"price_raw":null,"price_value":null,"capacity_total":1,"available_total":null,"occupied_total":null,"status_label":"狀態未知","data_time":"2026-05-02 15:53:29+08:00","city_label":"臺北市","facility_kind_label":"路邊車格","available_rate":null,"occupancy_rate":null,"price_tier":"unknown","price_tier_label":"價格未知"}},{"type":"Feature","geometry":{"type":"Point","coordinates":[121.51247,25.07649]},"properties":{"supply_id":"taipei-onstreet-10700002","city":"taipei","district":"大同區","display_name":"敦煌路 車格 10700002","address":"敦煌路","facility_kind":"onstreet","symbol_text":null,"type_reference":"路邊停車格","type_confidence":0.6,"price_raw":null,"price_value":null,"capacity_total":1,"available_total":null,"occupied_total":null,"status_label":"狀態未知","data_time":"2026-05-02 15:53:29+08:00","city_label":"臺北市","facility_kind_label":"路邊車格","available_rate":null,"occupancy_rate":null,"price_tier":"unknown","price_tier_label":"價格未知"}},{"type":"Feature","geometry":{"type":"Point","coordinates":[121.51596,25.06134]},"properties":{"supply_id":"taipei-onstreet-102905323","city":"taipei","district":"大同區","display_name":"錦西街53巷 車格 102905323","address":"錦西街53巷","facility_kind":"onstreet","symbol_text":null,"type_reference":"路邊停車格","type_confidence":0.6,"price_raw":null,"price_value":null,"capacity_total":1,"available_total":1,"occupied_total":0,"status_label":"空位","data_time":"2026-05-02 15:53:29+08:00","city_label":"臺北市","facility_kind_label":"路邊車格","available_rate":1,"occupancy_rate":0,"price_tier":"unknown","price_tier_label":"價格未知"}},{"type":"Feature","geometry":{"type":"Point","coordinates":[121.5118,25.07781]},"properties":{"supply_id":"taipei-onstreet-10580A060","city":"taipei","district":"大同區","display_name":"延平北路4至5段1巷 車格 10580A060","address":"延平北路4至5段1巷","facility_kind":"onstreet","symbol_text":null,"type_reference":"路邊停車格","type_confidence":0.6,"price_raw":null,"price_value":null,"capacity_total":1,"available_total":null,"occupied_total":null,"status_label":"狀態未知","data_time":"2026-05-02 15:53:29+08:00","city_label":"臺北市","facility_kind_label":"路邊車格","available_rate":null,"occupancy_rate":null,"price_tier":"unknown","price_tier_label":"價格未知"}},{"type":"Feature","geometry":{"type":"Point","coordinates":[121.51773,25.06953]},"properties":{"supply_id":"taipei-onstreet-10451906","city":"taipei","district":"大同區","display_name":"承德路3段190巷 車格 10451906","address":"承德路3段190巷","facility_kind":"onstreet","symbol_text":null,"type_reference":"路邊停車格","type_confidence":0.6,"price_raw":null,"price_value":null,"capacity_total":1,"available_total":null,"occupied_total":null,"status_label":"狀態未知","data_time":"2026-05-02 15:53:29+08:00","city_label":"臺北市","facility_kind_label":"路邊車格","available_rate":null,"occupancy_rate":null,"price_tier":"unknown","price_tier_label":"價格未知"}},{"type":"Feature","geometry":{"type":"Point","coordinates":[121.51194,25.05822]},"properties":{"supply_id":"taipei-onstreet-103600037","city":"taipei","district":"大同區","display_name":"歸綏街 車格 103600037","address":"歸綏街","facility_kind":"onstreet","symbol_text":null,"type_reference":"路邊停車格","type_confidence":0.6,"price_raw":null,"price_value":null,"capacity_total":1,"available_total":1,"occupied_total":0,"status_label":"空位","data_time":"2026-05-02 15:53:29+08:00","city_label":"臺北市","facility_kind_label":"路邊車格","available_rate":1,"occupancy_rate":0,"price_tier":"unknown","price_tier_label":"價格未知"}},{"type":"Feature","geometry":{"type":"Point","coordinates":[121.51927,25.07747]},"properties":{"supply_id":"taipei-onstreet-613600032","city":"taipei","district":"大同區","display_name":"承德橋下停車場(堤外) 車格 613600032","address":"承德橋下停車場(堤外)","facility_kind":"onstreet","symbol_text":null,"type_reference":"路邊停車格","type_confidence":0.6,"price_raw":null,"price_value":null,"capacity_total":1,"available_total":null,"occupied_total":null,"status_label":"狀態未知","data_time":"2026-05-02 15:53:29+08:00","city_label":"臺北市","facility_kind_label":"路邊車格","available_rate":null,"occupancy_rate":null,"price_tier":"unknown","price_tier_label":"價格未知"}},{"type":"Feature","geometry":{"type":"Point","coordinates":[121.51535,25.05068]},"properties":{"supply_id":"taipei-onstreet-101500A80","city":"taipei","district":"大同區","display_name":"太原路A 車格 101500A80","address":"太原路A","facility_kind":"onstreet","symbol_text":null,"type_reference":"路邊停車格","type_confidence":0.6,"price_raw":null,"price_value":null,"capacity_total":1,"available_total":1,"occupied_total":0,"status_label":"空位","data_time":"2026-05-02 15:53:29+08:00","city_label":"臺北市","facility_kind_label":"路邊車格","available_rate":1,"occupancy_rate":0,"price_tier":"unknown","price_tier_label":"價格未知"}},{"type":"Feature","geometry":{"type":"Point","coordinates":[121.51247,25.07649]},"properties":{"supply_id":"taipei-onstreet-107000026","city":"taipei","district":"大同區","display_name":"敦煌路 車格 107000026","address":"敦煌路","facility_kind":"onstreet","symbol_text":null,"type_reference":"路邊停車格","type_confidence":0.6,"price_raw":null,"price_value":null,"capacity_total":1,"available_total":null,"occupied_total":null,"status_label":"狀態未知","data_time":"2026-05-02 15:53:29+08:00","city_label":"臺北市","facility_kind_label":"路邊車格","available_rate":null,"occupancy_rate":null,"price_tier":"unknown","price_tier_label":"價格未知"}},{"type":"Feature","geometry":{"type":"Point","coordinates":[121.5095,25.07223]},"properties":{"supply_id":"taipei-onstreet-10680A034","city":"taipei","district":"大同區","display_name":"酒泉街 車格 10680A034","address":"酒泉街","facility_kind":"onstreet","symbol_text":null,"type_reference":"路邊停車格","type_confidence":0.6,"price_raw":null,"price_value":null,"capacity_total":1,"available_total":1,"occupied_total":0,"status_label":"空位","data_time":"2026-05-02 15:53:29+08:00","city_label":"臺北市","facility_kind_label":"路邊車格","available_rate":1,"occupancy_rate":0,"price_tier":"unknown","price_tier_label":"價格未知"}},{"type":"Feature","geometry":{"type":"Point","coordinates":[121.51914,25.07752]},"properties":{"supply_id":"taipei-onstreet-613600038","city":"taipei","district":"大同區","display_name":"承德橋下停車場(堤外) 車格 613600038","address":"承德橋下停車場(堤外)","facility_kind":"onstreet","symbol_text":null,"type_reference":"路邊停車格","type_confidence":0.6,"price_raw":null,"price_value":null,"capacity_total":1,"available_total":null,"occupied_total":null,"status_label":"狀態未知","data_time":"2026-05-02 15:53:29+08:00","city_label":"臺北市","facility_kind_label":"路邊車格","available_rate":null,"occupancy_rate":null,"price_tier":"unknown","price_tier_label":"價格未知"}},{"type":"Feature","geometry":{"type":"Point","coordinates":[121.50675,25.05209]},"properties":{"supply_id":"taipei-onstreet-607500065","city":"taipei","district":"大同區","display_name":"環河北路（3號水門堤外）小型車 車格 607500065","address":"環河北路（3號水門堤外）小型車","facility_kind":"onstreet","symbol_text":null,"type_reference":"路邊停車格","type_confidence":0.6,"price_raw":null,"price_value":null,"capacity_total":1,"available_total":null,"occupied_total":null,"status_label":"狀態未知","data_time":"2026-05-02 15:53:29+08:00","city_label":"臺北市","facility_kind_label":"路邊車格","available_rate":null,"occupancy_rate":null,"price_tier":"unknown","price_tier_label":"價格未知"}},{"type":"Feature","geometry":{"type":"Point","coordinates":[121.5063,25.05181]},"properties":{"supply_id":"taipei-onstreet-6075000219","city":"taipei","district":"大同區","display_name":"環河北路（3號水門堤外）小型車 車格 6075000219","address":"環河北路（3號水門堤外）小型車","facility_kind":"onstreet","symbol_text":null,"type_reference":"路邊停車格","type_confidence":0.6,"price_raw":null,"price_value":null,"capacity_total":1,"available_total":null,"occupied_total":null,"status_label":"狀態未知","data_time":"2026-05-02 15:53:29+08:00","city_label":"臺北市","facility_kind_label":"路邊車格","available_rate":null,"occupancy_rate":null,"price_tier":"unknown","price_tier_label":"價格未知"}},{"type":"Feature","geometry":{"type":"Point","coordinates":[121.50673,25.0521]},"properties":{"supply_id":"taipei-onstreet-607500064","city":"taipei","district":"大同區","display_name":"環河北路（3號水門堤外）小型車 車格 607500064","address":"環河北路（3號水門堤外）小型車","facility_kind":"onstreet","symbol_text":null,"type_reference":"路邊停車格","type_confidence":0.6,"price_raw":null,"price_value":null,"capacity_total":1,"available_total":null,"occupied_total":null,"status_label":"狀態未知","data_time":"2026-05-02 15:53:29+08:00","city_label":"臺北市","facility_kind_label":"路邊車格","available_rate":null,"occupancy_rate":null,"price_tier":"unknown","price_tier_label":"價格未知"}},{"type":"Feature","geometry":{"type":"Point","coordinates":[121.51438,25.073]},"properties":{"supply_id":"taipei-onstreet-106900012","city":"taipei","district":"大同區","display_name":"哈密街 車格 106900012","address":"哈密街","facility_kind":"onstreet","symbol_text":null,"type_reference":"路邊停車格","type_confidence":0.6,"price_raw":null,"price_value":null,"capacity_total":1,"available_total":null,"occupied_total":null,"status_label":"狀態未知","data_time":"2026-05-02 15:53:29+08:00","city_label":"臺北市","facility_kind_label":"路邊車格","available_rate":null,"occupancy_rate":null,"price_tier":"unknown","price_tier_label":"價格未知"}},{"type":"Feature","geometry":{"type":"Point","coordinates":[121.51916,25.07768]},"properties":{"supply_id":"taipei-onstreet-6136000111","city":"taipei","district":"大同區","display_name":"承德橋下停車場(堤外) 車格 6136000111","address":"承德橋下停車場(堤外)","facility_kind":"onstreet","symbol_text":null,"type_reference":"路邊停車格","type_confidence":0.6,"price_raw":null,"price_value":null,"capacity_total":1,"available_total":null,"occupied_total":null,"status_label":"狀態未知","data_time":"2026-05-02 15:53:29+08:00","city_label":"臺北市","facility_kind_label":"路邊車格","available_rate":null,"occupancy_rate":null,"price_tier":"unknown","price_tier_label":"價格未知"}},{"type":"Feature","geometry":{"type":"Point","coordinates":[121.51832,25.07787]},"properties":{"supply_id":"taipei-onstreet-6136000173","city":"taipei","district":"大同區","display_name":"承德橋下停車場(堤外) 車格 6136000173","address":"承德橋下停車場(堤外)","facility_kind":"onstreet","symbol_text":null,"type_reference":"路邊停車格","type_confidence":0.6,"price_raw":null,"price_value":null,"capacity_total":1,"available_total":null,"occupied_total":null,"status_label":"狀態未知","data_time":"2026-05-02 15:53:29+08:00","city_label":"臺北市","facility_kind_label":"路邊車格","available_rate":null,"occupancy_rate":null,"price_tier":"unknown","price_tier_label":"價格未知"}},{"type":"Feature","geometry":{"type":"Point","coordinates":[121.51346,25.05306]},"properties":{"supply_id":"taipei-onstreet-101900027","city":"taipei","district":"大同區","display_name":"天水路 車格 101900027","address":"天水路","facility_kind":"onstreet","symbol_text":null,"type_reference":"路邊停車格","type_confidence":0.6,"price_raw":null,"price_value":null,"capacity_total":1,"available_total":1,"occupied_total":0,"status_label":"空位","data_time":"2026-05-02 15:53:29+08:00","city_label":"臺北市","facility_kind_label":"路邊車格","available_rate":1,"occupancy_rate":0,"price_tier":"unknown","price_tier_label":"價格未知"}},{"type":"Feature","geometry":{"type":"Point","coordinates":[121.5146,25.07627]},"properties":{"supply_id":"taipei-onstreet-10690787","city":"taipei","district":"大同區","display_name":"哈密街59巷78弄 車格 10690787","address":"哈密街59巷78弄","facility_kind":"onstreet","symbol_text":null,"type_reference":"路邊停車格","type_confidence":0.6,"price_raw":null,"price_value":null,"capacity_total":1,"available_total":null,"occupied_total":null,"status_label":"狀態未知","data_time":"2026-05-02 15:53:29+08:00","city_label":"臺北市","facility_kind_label":"路邊車格","available_rate":null,"occupancy_rate":null,"price_tier":"unknown","price_tier_label":"價格未知"}},{"type":"Feature","geometry":{"type":"Point","coordinates":[121.50594,25.05192]},"properties":{"supply_id":"taipei-onstreet-6075000204","city":"taipei","district":"大同區","display_name":"環河北路（3號水門堤外）小型車 車格 6075000204","address":"環河北路（3號水門堤外）小型車","facility_kind":"onstreet","symbol_text":null,"type_reference":"路邊停車格","type_confidence":0.6,"price_raw":null,"price_value":null,"capacity_total":1,"available_total":null,"occupied_total":null,"status_label":"狀態未知","data_time":"2026-05-02 15:53:29+08:00","city_label":"臺北市","facility_kind_label":"路邊車格","available_rate":null,"occupancy_rate":null,"price_tier":"unknown","price_tier_label":"價格未知"}},{"type":"Feature","geometry":{"type":"Point","coordinates":[121.50901,25.07453]},"properties":{"supply_id":"taipei-onstreet-106500038","city":"taipei","district":"大同區","display_name":"環河北路2段 車格 106500038","address":"環河北路2段","facility_kind":"onstreet","symbol_text":null,"type_reference":"路邊停車格","type_confidence":0.6,"price_raw":null,"price_value":null,"capacity_total":1,"available_total":null,"occupied_total":null,"status_label":"狀態未知","data_time":"2026-05-02 15:53:29+08:00","city_label":"臺北市","facility_kind_label":"路邊車格","available_rate":null,"occupancy_rate":null,"price_tier":"unknown","price_tier_label":"價格未知"}},{"type":"Feature","geometry":{"type":"Point","coordinates":[121.51923,25.07755]},"properties":{"supply_id":"taipei-onstreet-613600089","city":"taipei","district":"大同區","display_name":"承德橋下停車場(堤外) 車格 613600089","address":"承德橋下停車場(堤外)","facility_kind":"onstreet","symbol_text":null,"type_reference":"路邊停車格","type_confidence":0.6,"price_raw":null,"price_value":null,"capacity_total":1,"available_total":null,"occupied_total":null,"status_label":"狀態未知","data_time":"2026-05-02 15:53:29+08:00","city_label":"臺北市","facility_kind_label":"路邊車格","available_rate":null,"occupancy_rate":null,"price_tier":"unknown","price_tier_label":"價格未知"}},{"type":"Feature","geometry":{"type":"Point","coordinates":[121.51176,25.07789]},"properties":{"supply_id":"taipei-onstreet-10580A058","city":"taipei","district":"大同區","display_name":"延平北路4至5段1巷 車格 10580A058","address":"延平北路4至5段1巷","facility_kind":"onstreet","symbol_text":null,"type_reference":"路邊停車格","type_confidence":0.6,"price_raw":null,"price_value":null,"capacity_total":1,"available_total":null,"occupied_total":null,"status_label":"狀態未知","data_time":"2026-05-02 15:53:29+08:00","city_label":"臺北市","facility_kind_label":"路邊車格","available_rate":null,"occupancy_rate":null,"price_tier":"unknown","price_tier_label":"價格未知"}},{"type":"Feature","geometry":{"type":"Point","coordinates":[121.51555,25.07635]},"properties":{"supply_id":"taipei-onstreet-10700B052","city":"taipei","district":"大同區","display_name":"慶昌橋下停車場 車格 10700B052","address":"慶昌橋下停車場","facility_kind":"onstreet","symbol_text":null,"type_reference":"路邊停車格","type_confidence":0.6,"price_raw":null,"price_value":null,"capacity_total":1,"available_total":null,"occupied_total":null,"status_label":"狀態未知","data_time":"2026-05-02 15:53:29+08:00","city_label":"臺北市","facility_kind_label":"路邊車格","available_rate":null,"occupancy_rate":null,"price_tier":"unknown","price_tier_label":"價格未知"}},{"type":"Feature","geometry":{"type":"Point","coordinates":[121.51468,25.07294]},"properties":{"supply_id":"taipei-onstreet-106900029","city":"taipei","district":"大同區","display_name":"哈密街 車格 106900029","address":"哈密街","facility_kind":"onstreet","symbol_text":null,"type_reference":"路邊停車格","type_confidence":0.6,"price_raw":null,"price_value":null,"capacity_total":1,"available_total":null,"occupied_total":null,"status_label":"狀態未知","data_time":"2026-05-02 15:53:29+08:00","city_label":"臺北市","facility_kind_label":"路邊車格","available_rate":null,"occupancy_rate":null,"price_tier":"unknown","price_tier_label":"價格未知"}},{"type":"Feature","geometry":{"type":"Point","coordinates":[121.51336,25.06468]},"properties":{"supply_id":"taipei-onstreet-104100018","city":"taipei","district":"大同區","display_name":"伊寧街 車格 104100018","address":"伊寧街","facility_kind":"onstreet","symbol_text":null,"type_reference":"路邊停車格","type_confidence":0.6,"price_raw":null,"price_value":null,"capacity_total":1,"available_total":1,"occupied_total":0,"status_label":"空位","data_time":"2026-05-02 15:53:29+08:00","city_label":"臺北市","facility_kind_label":"路邊車格","available_rate":1,"occupancy_rate":0,"price_tier":"unknown","price_tier_label":"價格未知"}},{"type":"Feature","geometry":{"type":"Point","coordinates":[121.516,25.07676]},"properties":{"supply_id":"taipei-onstreet-107002116","city":"taipei","district":"大同區","display_name":"敦煌路21巷 車格 107002116","address":"敦煌路21巷","facility_kind":"onstreet","symbol_text":null,"type_reference":"路邊停車格","type_confidence":0.6,"price_raw":null,"price_value":null,"capacity_total":1,"available_total":null,"occupied_total":null,"status_label":"狀態未知","data_time":"2026-05-02 15:53:29+08:00","city_label":"臺北市","facility_kind_label":"路邊車格","available_rate":null,"occupancy_rate":null,"price_tier":"unknown","price_tier_label":"價格未知"}},{"type":"Feature","geometry":{"type":"Point","coordinates":[121.52068,25.07497]},"properties":{"supply_id":"taipei-onstreet-10700A054","city":"taipei","district":"大同區","display_name":"敦煌路A 車格 10700A054","address":"敦煌路A","facility_kind":"onstreet","symbol_text":null,"type_reference":"路邊停車格","type_confidence":0.6,"price_raw":null,"price_value":null,"capacity_total":1,"available_total":null,"occupied_total":null,"status_label":"狀態未知","data_time":"2026-05-02 15:53:29+08:00","city_label":"臺北市","facility_kind_label":"路邊車格","available_rate":null,"occupancy_rate":null,"price_tier":"unknown","price_tier_label":"價格未知"}},{"type":"Feature","geometry":{"type":"Point","coordinates":[121.51592,25.06039]},"properties":{"supply_id":"taipei-onstreet-102905329","city":"taipei","district":"大同區","display_name":"錦西街53巷 車格 102905329","address":"錦西街53巷","facility_kind":"onstreet","symbol_text":null,"type_reference":"路邊停車格","type_confidence":0.6,"price_raw":null,"price_value":null,"capacity_total":1,"available_total":1,"occupied_total":0,"status_label":"空位","data_time":"2026-05-02 15:53:29+08:00","city_label":"臺北市","facility_kind_label":"路邊車格","available_rate":1,"occupancy_rate":0,"price_tier":"unknown","price_tier_label":"價格未知"}},{"type":"Feature","geometry":{"type":"Point","coordinates":[121.51661,25.06429]},"properties":{"supply_id":"taipei-onstreet-104502406","city":"taipei","district":"大同區","display_name":"承德路3段24巷 車格 104502406","address":"承德路3段24巷","facility_kind":"onstreet","symbol_text":null,"type_reference":"路邊停車格","type_confidence":0.6,"price_raw":null,"price_value":null,"capacity_total":1,"available_total":1,"occupied_total":0,"status_label":"空位","data_time":"2026-05-02 15:53:29+08:00","city_label":"臺北市","facility_kind_label":"路邊車格","available_rate":1,"occupancy_rate":0,"price_tier":"unknown","price_tier_label":"價格未知"}},{"type":"Feature","geometry":{"type":"Point","coordinates":[121.51934,25.0775]},"properties":{"supply_id":"taipei-onstreet-613600094","city":"taipei","district":"大同區","display_name":"承德橋下停車場(堤外) 車格 613600094","address":"承德橋下停車場(堤外)","facility_kind":"onstreet","symbol_text":null,"type_reference":"路邊停車格","type_confidence":0.6,"price_raw":null,"price_value":null,"capacity_total":1,"available_total":null,"occupied_total":null,"status_label":"狀態未知","data_time":"2026-05-02 15:53:29+08:00","city_label":"臺北市","facility_kind_label":"路邊車格","available_rate":null,"occupancy_rate":null,"price_tier":"unknown","price_tier_label":"價格未知"}},{"type":"Feature","geometry":{"type":"Point","coordinates":[121.50622,25.05215]},"properties":{"supply_id":"taipei-onstreet-607500092","city":"taipei","district":"大同區","display_name":"環河北路（3號水門堤外）小型車 車格 607500092","address":"環河北路（3號水門堤外）小型車","facility_kind":"onstreet","symbol_text":null,"type_reference":"路邊停車格","type_confidence":0.6,"price_raw":null,"price_value":null,"capacity_total":1,"available_total":null,"occupied_total":null,"status_label":"狀態未知","data_time":"2026-05-02 15:53:29+08:00","city_label":"臺北市","facility_kind_label":"路邊車格","available_rate":null,"occupancy_rate":null,"price_tier":"unknown","price_tier_label":"價格未知"}},{"type":"Feature","geometry":{"type":"Point","coordinates":[121.51326,25.05252]},"properties":{"supply_id":"taipei-onstreet-52140007","city":"taipei","district":"大同區","display_name":"華亭街 車格 52140007","address":"華亭街","facility_kind":"onstreet","symbol_text":null,"type_reference":"路邊停車格","type_confidence":0.6,"price_raw":null,"price_value":null,"capacity_total":1,"available_total":null,"occupied_total":null,"status_label":"狀態未知","data_time":"2026-05-02 15:53:29+08:00","city_label":"臺北市","facility_kind_label":"路邊車格","available_rate":null,"occupancy_rate":null,"price_tier":"unknown","price_tier_label":"價格未知"}},{"type":"Feature","geometry":{"type":"Point","coordinates":[121.50655,25.05205]},"properties":{"supply_id":"taipei-onstreet-607500077","city":"taipei","district":"大同區","display_name":"環河北路（3號水門堤外）小型車 車格 607500077","address":"環河北路（3號水門堤外）小型車","facility_kind":"onstreet","symbol_text":null,"type_reference":"路邊停車格","type_confidence":0.6,"price_raw":null,"price_value":null,"capacity_total":1,"available_total":null,"occupied_total":null,"status_label":"狀態未知","data_time":"2026-05-02 15:53:29+08:00","city_label":"臺北市","facility_kind_label":"路邊車格","available_rate":null,"occupancy_rate":null,"price_tier":"unknown","price_tier_label":"價格未知"}},{"type":"Feature","geometry":{"type":"Point","coordinates":[121.51537,25.05072]},"properties":{"supply_id":"taipei-onstreet-101500A81","city":"taipei","district":"大同區","display_name":"太原路A 車格 101500A81","address":"太原路A","facility_kind":"onstreet","symbol_text":null,"type_reference":"路邊停車格","type_confidence":0.6,"price_raw":null,"price_value":null,"capacity_total":1,"available_total":1,"occupied_total":0,"status_label":"空位","data_time":"2026-05-02 15:53:29+08:00","city_label":"臺北市","facility_kind_label":"路邊車格","available_rate":1,"occupancy_rate":0,"price_tier":"unknown","price_tier_label":"價格未知"}},{"type":"Feature","geometry":{"type":"Point","coordinates":[121.5194,25.06748]},"properties":{"supply_id":"taipei-onstreet-10420329","city":"taipei","district":"大同區","display_name":"民族西路32巷 車格 10420329","address":"民族西路32巷","facility_kind":"onstreet","symbol_text":null,"type_reference":"路邊停車格","type_confidence":0.6,"price_raw":null,"price_value":null,"capacity_total":1,"available_total":null,"occupied_total":null,"status_label":"狀態未知","data_time":"2026-05-02 15:53:29+08:00","city_label":"臺北市","facility_kind_label":"路邊車格","available_rate":null,"occupancy_rate":null,"price_tier":"unknown","price_tier_label":"價格未知"}},{"type":"Feature","geometry":{"type":"Point","coordinates":[121.50676,25.05198]},"properties":{"supply_id":"taipei-onstreet-607500068","city":"taipei","district":"大同區","display_name":"環河北路（3號水門堤外）小型車 車格 607500068","address":"環河北路（3號水門堤外）小型車","facility_kind":"onstreet","symbol_text":null,"type_reference":"路邊停車格","type_confidence":0.6,"price_raw":null,"price_value":null,"capacity_total":1,"available_total":null,"occupied_total":null,"status_label":"狀態未知","data_time":"2026-05-02 15:53:29+08:00","city_label":"臺北市","facility_kind_label":"路邊車格","available_rate":null,"occupancy_rate":null,"price_tier":"unknown","price_tier_label":"價格未知"}},{"type":"Feature","geometry":{"type":"Point","coordinates":[121.50945,25.07225]},"properties":{"supply_id":"taipei-onstreet-10680A035","city":"taipei","district":"大同區","display_name":"酒泉街 車格 10680A035","address":"酒泉街","facility_kind":"onstreet","symbol_text":null,"type_reference":"路邊停車格","type_confidence":0.6,"price_raw":null,"price_value":null,"capacity_total":1,"available_total":1,"occupied_total":0,"status_label":"空位","data_time":"2026-05-02 15:53:29+08:00","city_label":"臺北市","facility_kind_label":"路邊車格","available_rate":1,"occupancy_rate":0,"price_tier":"unknown","price_tier_label":"價格未知"}},{"type":"Feature","geometry":{"type":"Point","coordinates":[121.51431,25.06216]},"properties":{"supply_id":"taipei-onstreet-104000A7","city":"taipei","district":"大同區","display_name":"蘭州街A 車格 104000A7","address":"蘭州街A","facility_kind":"onstreet","symbol_text":null,"type_reference":"路邊停車格","type_confidence":0.6,"price_raw":null,"price_value":null,"capacity_total":1,"available_total":null,"occupied_total":null,"status_label":"狀態未知","data_time":"2026-05-02 15:53:29+08:00","city_label":"臺北市","facility_kind_label":"路邊車格","available_rate":null,"occupancy_rate":null,"price_tier":"unknown","price_tier_label":"價格未知"}},{"type":"Feature","geometry":{"type":"Point","coordinates":[121.51233,25.07167]},"properties":{"supply_id":"taipei-onstreet-10510454","city":"taipei","district":"大同區","display_name":"重慶北路3段236巷45弄 車格 10510454","address":"重慶北路3段236巷45弄","facility_kind":"onstreet","symbol_text":null,"type_reference":"路邊停車格","type_confidence":0.6,"price_raw":null,"price_value":null,"capacity_total":1,"available_total":null,"occupied_total":null,"status_label":"狀態未知","data_time":"2026-05-02 15:53:29+08:00","city_label":"臺北市","facility_kind_label":"路邊車格","available_rate":null,"occupancy_rate":null,"price_tier":"unknown","price_tier_label":"價格未知"}},{"type":"Feature","geometry":{"type":"Point","coordinates":[121.51709,25.07046]},"properties":{"supply_id":"taipei-onstreet-10452087","city":"taipei","district":"大同區","display_name":"承德路3段208巷 車格 10452087","address":"承德路3段208巷","facility_kind":"onstreet","symbol_text":null,"type_reference":"路邊停車格","type_confidence":0.6,"price_raw":null,"price_value":null,"capacity_total":1,"available_total":null,"occupied_total":null,"status_label":"狀態未知","data_time":"2026-05-02 15:53:29+08:00","city_label":"臺北市","facility_kind_label":"路邊車格","available_rate":null,"occupancy_rate":null,"price_tier":"unknown","price_tier_label":"價格未知"}},{"type":"Feature","geometry":{"type":"Point","coordinates":[121.5194,25.06752]},"properties":{"supply_id":"taipei-onstreet-10420328","city":"taipei","district":"大同區","display_name":"民族西路32巷 車格 10420328","address":"民族西路32巷","facility_kind":"onstreet","symbol_text":null,"type_reference":"路邊停車格","type_confidence":0.6,"price_raw":null,"price_value":null,"capacity_total":1,"available_total":null,"occupied_total":null,"status_label":"狀態未知","data_time":"2026-05-02 15:53:29+08:00","city_label":"臺北市","facility_kind_label":"路邊車格","available_rate":null,"occupancy_rate":null,"price_tier":"unknown","price_tier_label":"價格未知"}},{"type":"Feature","geometry":{"type":"Point","coordinates":[121.50672,25.052]},"properties":{"supply_id":"taipei-onstreet-607500070","city":"taipei","district":"大同區","display_name":"環河北路（3號水門堤外）小型車 車格 607500070","address":"環河北路（3號水門堤外）小型車","facility_kind":"onstreet","symbol_text":null,"type_reference":"路邊停車格","type_confidence":0.6,"price_raw":null,"price_value":null,"capacity_total":1,"available_total":null,"occupied_total":null,"status_label":"狀態未知","data_time":"2026-05-02 15:53:29+08:00","city_label":"臺北市","facility_kind_label":"路邊車格","available_rate":null,"occupancy_rate":null,"price_tier":"unknown","price_tier_label":"價格未知"}},{"type":"Feature","geometry":{"type":"Point","coordinates":[121.50644,25.05232]},"properties":{"supply_id":"taipei-onstreet-60750003","city":"taipei","district":"大同區","display_name":"環河北路（3號水門堤外）小型車 車格 60750003","address":"環河北路（3號水門堤外）小型車","facility_kind":"onstreet","symbol_text":null,"type_reference":"路邊停車格","type_confidence":0.6,"price_raw":null,"price_value":null,"capacity_total":1,"available_total":null,"occupied_total":null,"status_label":"狀態未知","data_time":"2026-05-02 15:53:29+08:00","city_label":"臺北市","facility_kind_label":"路邊車格","available_rate":null,"occupancy_rate":null,"price_tier":"unknown","price_tier_label":"價格未知"}},{"type":"Feature","geometry":{"type":"Point","coordinates":[121.51201,25.07773]},"properties":{"supply_id":"taipei-onstreet-10580A09","city":"taipei","district":"大同區","display_name":"延平北路4至5段1巷 車格 10580A09","address":"延平北路4至5段1巷","facility_kind":"onstreet","symbol_text":null,"type_reference":"路邊停車格","type_confidence":0.6,"price_raw":null,"price_value":null,"capacity_total":1,"available_total":null,"occupied_total":null,"status_label":"狀態未知","data_time":"2026-05-02 15:53:29+08:00","city_label":"臺北市","facility_kind_label":"路邊車格","available_rate":null,"occupancy_rate":null,"price_tier":"unknown","price_tier_label":"價格未知"}},{"type":"Feature","geometry":{"type":"Point","coordinates":[121.51944,25.07764]},"properties":{"supply_id":"taipei-onstreet-6136000107","city":"taipei","district":"大同區","display_name":"承德橋下停車場(堤外) 車格 6136000107","address":"承德橋下停車場(堤外)","facility_kind":"onstreet","symbol_text":null,"type_reference":"路邊停車格","type_confidence":0.6,"price_raw":null,"price_value":null,"capacity_total":1,"available_total":null,"occupied_total":null,"status_label":"狀態未知","data_time":"2026-05-02 15:53:29+08:00","city_label":"臺北市","facility_kind_label":"路邊車格","available_rate":null,"occupancy_rate":null,"price_tier":"unknown","price_tier_label":"價格未知"}},{"type":"Feature","geometry":{"type":"Point","coordinates":[121.51682,25.07674]},"properties":{"supply_id":"taipei-onstreet-107002132","city":"taipei","district":"大同區","display_name":"敦煌路21巷 車格 107002132","address":"敦煌路21巷","facility_kind":"onstreet","symbol_text":null,"type_reference":"路邊停車格","type_confidence":0.6,"price_raw":null,"price_value":null,"capacity_total":1,"available_total":null,"occupied_total":null,"status_label":"狀態未知","data_time":"2026-05-02 15:53:29+08:00","city_label":"臺北市","facility_kind_label":"路邊車格","available_rate":null,"occupancy_rate":null,"price_tier":"unknown","price_tier_label":"價格未知"}},{"type":"Feature","geometry":{"type":"Point","coordinates":[121.51806,25.07801]},"properties":{"supply_id":"taipei-onstreet-6136000163","city":"taipei","district":"大同區","display_name":"承德橋下停車場(堤外) 車格 6136000163","address":"承德橋下停車場(堤外)","facility_kind":"onstreet","symbol_text":null,"type_reference":"路邊停車格","type_confidence":0.6,"price_raw":null,"price_value":null,"capacity_total":1,"available_total":null,"occupied_total":null,"status_label":"狀態未知","data_time":"2026-05-02 15:53:29+08:00","city_label":"臺北市","facility_kind_label":"路邊車格","available_rate":null,"occupancy_rate":null,"price_tier":"unknown","price_tier_label":"價格未知"}},{"type":"Feature","geometry":{"type":"Point","coordinates":[121.5166,25.06866]},"properties":{"supply_id":"taipei-onstreet-104200012","city":"taipei","district":"大同區","display_name":"民族西路 車格 104200012","address":"民族西路","facility_kind":"onstreet","symbol_text":null,"type_reference":"路邊停車格","type_confidence":0.6,"price_raw":null,"price_value":null,"capacity_total":1,"available_total":1,"occupied_total":0,"status_label":"空位","data_time":"2026-05-02 15:53:29+08:00","city_label":"臺北市","facility_kind_label":"路邊車格","available_rate":1,"occupancy_rate":0,"price_tier":"unknown","price_tier_label":"價格未知"}},{"type":"Feature","geometry":{"type":"Point","coordinates":[121.51839,25.07574]},"properties":{"supply_id":"taipei-onstreet-10700A034","city":"taipei","district":"大同區","display_name":"敦煌路A 車格 10700A034","address":"敦煌路A","facility_kind":"onstreet","symbol_text":null,"type_reference":"路邊停車格","type_confidence":0.6,"price_raw":null,"price_value":null,"capacity_total":1,"available_total":null,"occupied_total":null,"status_label":"狀態未知","data_time":"2026-05-02 15:53:29+08:00","city_label":"臺北市","facility_kind_label":"路邊車格","available_rate":null,"occupancy_rate":null,"price_tier":"unknown","price_tier_label":"價格未知"}},{"type":"Feature","geometry":{"type":"Point","coordinates":[121.51227,25.0765]},"properties":{"supply_id":"taipei-onstreet-107000011","city":"taipei","district":"大同區","display_name":"敦煌路 車格 107000011","address":"敦煌路","facility_kind":"onstreet","symbol_text":null,"type_reference":"路邊停車格","type_confidence":0.6,"price_raw":null,"price_value":null,"capacity_total":1,"available_total":null,"occupied_total":null,"status_label":"狀態未知","data_time":"2026-05-02 15:53:29+08:00","city_label":"臺北市","facility_kind_label":"路邊車格","available_rate":null,"occupancy_rate":null,"price_tier":"unknown","price_tier_label":"價格未知"}},{"type":"Feature","geometry":{"type":"Point","coordinates":[121.50649,25.05217]},"properties":{"supply_id":"taipei-onstreet-607500054","city":"taipei","district":"大同區","display_name":"環河北路（3號水門堤外）小型車 車格 607500054","address":"環河北路（3號水門堤外）小型車","facility_kind":"onstreet","symbol_text":null,"type_reference":"路邊停車格","type_confidence":0.6,"price_raw":null,"price_value":null,"capacity_total":1,"available_total":null,"occupied_total":null,"status_label":"狀態未知","data_time":"2026-05-02 15:53:29+08:00","city_label":"臺北市","facility_kind_label":"路邊車格","available_rate":null,"occupancy_rate":null,"price_tier":"unknown","price_tier_label":"價格未知"}},{"type":"Feature","geometry":{"type":"Point","coordinates":[121.51592,25.06024]},"properties":{"supply_id":"taipei-onstreet-102905333","city":"taipei","district":"大同區","display_name":"錦西街53巷 車格 102905333","address":"錦西街53巷","facility_kind":"onstreet","symbol_text":null,"type_reference":"路邊停車格","type_confidence":0.6,"price_raw":null,"price_value":null,"capacity_total":1,"available_total":1,"occupied_total":0,"status_label":"空位","data_time":"2026-05-02 15:53:29+08:00","city_label":"臺北市","facility_kind_label":"路邊車格","available_rate":1,"occupancy_rate":0,"price_tier":"unknown","price_tier_label":"價格未知"}},{"type":"Feature","geometry":{"type":"Point","coordinates":[121.51492,25.0546]},"properties":{"supply_id":"taipei-onstreet-10300B028","city":"taipei","district":"大同區","display_name":"寧夏路B 車格 10300B028","address":"寧夏路B","facility_kind":"onstreet","symbol_text":null,"type_reference":"路邊停車格","type_confidence":0.6,"price_raw":null,"price_value":null,"capacity_total":1,"available_total":null,"occupied_total":null,"status_label":"狀態未知","data_time":"2026-05-02 15:53:29+08:00","city_label":"臺北市","facility_kind_label":"路邊車格","available_rate":null,"occupancy_rate":null,"price_tier":"unknown","price_tier_label":"價格未知"}},{"type":"Feature","geometry":{"type":"Point","coordinates":[121.51601,25.0767]},"properties":{"supply_id":"taipei-onstreet-107002117","city":"taipei","district":"大同區","display_name":"敦煌路21巷 車格 107002117","address":"敦煌路21巷","facility_kind":"onstreet","symbol_text":null,"type_reference":"路邊停車格","type_confidence":0.6,"price_raw":null,"price_value":null,"capacity_total":1,"available_total":null,"occupied_total":null,"status_label":"狀態未知","data_time":"2026-05-02 15:53:29+08:00","city_label":"臺北市","facility_kind_label":"路邊車格","available_rate":null,"occupancy_rate":null,"price_tier":"unknown","price_tier_label":"價格未知"}},{"type":"Feature","geometry":{"type":"Point","coordinates":[121.50634,25.05212]},"properties":{"supply_id":"taipei-onstreet-607500086","city":"taipei","district":"大同區","display_name":"環河北路（3號水門堤外）小型車 車格 607500086","address":"環河北路（3號水門堤外）小型車","facility_kind":"onstreet","symbol_text":null,"type_reference":"路邊停車格","type_confidence":0.6,"price_raw":null,"price_value":null,"capacity_total":1,"available_total":null,"occupied_total":null,"status_label":"狀態未知","data_time":"2026-05-02 15:53:29+08:00","city_label":"臺北市","facility_kind_label":"路邊車格","available_rate":null,"occupancy_rate":null,"price_tier":"unknown","price_tier_label":"價格未知"}},{"type":"Feature","geometry":{"type":"Point","coordinates":[121.51143,25.07855]},"properties":{"supply_id":"taipei-onstreet-10580A042","city":"taipei","district":"大同區","display_name":"延平北路4至5段1巷 車格 10580A042","address":"延平北路4至5段1巷","facility_kind":"onstreet","symbol_text":null,"type_reference":"路邊停車格","type_confidence":0.6,"price_raw":null,"price_value":null,"capacity_total":1,"available_total":null,"occupied_total":null,"status_label":"狀態未知","data_time":"2026-05-02 15:53:29+08:00","city_label":"臺北市","facility_kind_label":"路邊車格","available_rate":null,"occupancy_rate":null,"price_tier":"unknown","price_tier_label":"價格未知"}},{"type":"Feature","geometry":{"type":"Point","coordinates":[121.51523,25.07645]},"properties":{"supply_id":"taipei-onstreet-10700B026","city":"taipei","district":"大同區","display_name":"慶昌橋下停車場 車格 10700B026","address":"慶昌橋下停車場","facility_kind":"onstreet","symbol_text":null,"type_reference":"路邊停車格","type_confidence":0.6,"price_raw":null,"price_value":null,"capacity_total":1,"available_total":null,"occupied_total":null,"status_label":"狀態未知","data_time":"2026-05-02 15:53:29+08:00","city_label":"臺北市","facility_kind_label":"路邊車格","available_rate":null,"occupancy_rate":null,"price_tier":"unknown","price_tier_label":"價格未知"}},{"type":"Feature","geometry":{"type":"Point","coordinates":[121.51543,25.07643]},"properties":{"supply_id":"taipei-onstreet-10700B019","city":"taipei","district":"大同區","display_name":"慶昌橋下停車場 車格 10700B019","address":"慶昌橋下停車場","facility_kind":"onstreet","symbol_text":null,"type_reference":"路邊停車格","type_confidence":0.6,"price_raw":null,"price_value":null,"capacity_total":1,"available_total":null,"occupied_total":null,"status_label":"狀態未知","data_time":"2026-05-02 15:53:29+08:00","city_label":"臺北市","facility_kind_label":"路邊車格","available_rate":null,"occupancy_rate":null,"price_tier":"unknown","price_tier_label":"價格未知"}},{"type":"Feature","geometry":{"type":"Point","coordinates":[121.51112,25.07753]},"properties":{"supply_id":"taipei-onstreet-105829415","city":"taipei","district":"大同區","display_name":"延平北路4段294巷 車格 105829415","address":"延平北路4段294巷","facility_kind":"onstreet","symbol_text":null,"type_reference":"路邊停車格","type_confidence":0.6,"price_raw":null,"price_value":null,"capacity_total":1,"available_total":null,"occupied_total":null,"status_label":"狀態未知","data_time":"2026-05-02 15:53:29+08:00","city_label":"臺北市","facility_kind_label":"路邊車格","available_rate":null,"occupancy_rate":null,"price_tier":"unknown","price_tier_label":"價格未知"}},{"type":"Feature","geometry":{"type":"Point","coordinates":[121.51196,25.07217]},"properties":{"supply_id":"taipei-onstreet-10680A010","city":"taipei","district":"大同區","display_name":"酒泉街 車格 10680A010","address":"酒泉街","facility_kind":"onstreet","symbol_text":null,"type_reference":"路邊停車格","type_confidence":0.6,"price_raw":null,"price_value":null,"capacity_total":1,"available_total":1,"occupied_total":0,"status_label":"空位","data_time":"2026-05-02 15:53:29+08:00","city_label":"臺北市","facility_kind_label":"路邊車格","available_rate":1,"occupancy_rate":0,"price_tier":"unknown","price_tier_label":"價格未知"}},{"type":"Feature","geometry":{"type":"Point","coordinates":[121.51615,25.07672]},"properties":{"supply_id":"taipei-onstreet-107002120","city":"taipei","district":"大同區","display_name":"敦煌路21巷 車格 107002120","address":"敦煌路21巷","facility_kind":"onstreet","symbol_text":null,"type_reference":"路邊停車格","type_confidence":0.6,"price_raw":null,"price_value":null,"capacity_total":1,"available_total":null,"occupied_total":null,"status_label":"狀態未知","data_time":"2026-05-02 15:53:29+08:00","city_label":"臺北市","facility_kind_label":"路邊車格","available_rate":null,"occupancy_rate":null,"price_tier":"unknown","price_tier_label":"價格未知"}},{"type":"Feature","geometry":{"type":"Point","coordinates":[121.51454,25.05711]},"properties":{"supply_id":"taipei-onstreet-102500045A","city":"taipei","district":"大同區","display_name":"民生西路 車格 102500045A","address":"民生西路","facility_kind":"onstreet","symbol_text":null,"type_reference":"路邊停車格","type_confidence":0.6,"price_raw":null,"price_value":null,"capacity_total":1,"available_total":null,"occupied_total":null,"status_label":"狀態未知","data_time":"2026-05-02 15:53:29+08:00","city_label":"臺北市","facility_kind_label":"路邊車格","available_rate":null,"occupancy_rate":null,"price_tier":"unknown","price_tier_label":"價格未知"}},{"type":"Feature","geometry":{"type":"Point","coordinates":[121.51949,25.07762]},"properties":{"supply_id":"taipei-onstreet-6136000105","city":"taipei","district":"大同區","display_name":"承德橋下停車場(堤外) 車格 6136000105","address":"承德橋下停車場(堤外)","facility_kind":"onstreet","symbol_text":null,"type_reference":"路邊停車格","type_confidence":0.6,"price_raw":null,"price_value":null,"capacity_total":1,"available_total":null,"occupied_total":null,"status_label":"狀態未知","data_time":"2026-05-02 15:53:29+08:00","city_label":"臺北市","facility_kind_label":"路邊車格","available_rate":null,"occupancy_rate":null,"price_tier":"unknown","price_tier_label":"價格未知"}},{"type":"Feature","geometry":{"type":"Point","coordinates":[121.51448,25.06228]},"properties":{"supply_id":"taipei-onstreet-104000A5","city":"taipei","district":"大同區","display_name":"蘭州街A 車格 104000A5","address":"蘭州街A","facility_kind":"onstreet","symbol_text":null,"type_reference":"路邊停車格","type_confidence":0.6,"price_raw":null,"price_value":null,"capacity_total":1,"available_total":null,"occupied_total":null,"status_label":"狀態未知","data_time":"2026-05-02 15:53:29+08:00","city_label":"臺北市","facility_kind_label":"路邊車格","available_rate":null,"occupancy_rate":null,"price_tier":"unknown","price_tier_label":"價格未知"}},{"type":"Feature","geometry":{"type":"Point","coordinates":[121.5153,25.05096]},"properties":{"supply_id":"taipei-onstreet-101500A56","city":"taipei","district":"大同區","display_name":"太原路A 車格 101500A56","address":"太原路A","facility_kind":"onstreet","symbol_text":null,"type_reference":"路邊停車格","type_confidence":0.6,"price_raw":null,"price_value":null,"capacity_total":1,"available_total":1,"occupied_total":0,"status_label":"空位","data_time":"2026-05-02 15:53:29+08:00","city_label":"臺北市","facility_kind_label":"路邊車格","available_rate":1,"occupancy_rate":0,"price_tier":"unknown","price_tier_label":"價格未知"}},{"type":"Feature","geometry":{"type":"Point","coordinates":[121.50903,25.07432]},"properties":{"supply_id":"taipei-onstreet-106500033","city":"taipei","district":"大同區","display_name":"環河北路2段 車格 106500033","address":"環河北路2段","facility_kind":"onstreet","symbol_text":null,"type_reference":"路邊停車格","type_confidence":0.6,"price_raw":null,"price_value":null,"capacity_total":1,"available_total":null,"occupied_total":null,"status_label":"狀態未知","data_time":"2026-05-02 15:53:29+08:00","city_label":"臺北市","facility_kind_label":"路邊車格","available_rate":null,"occupancy_rate":null,"price_tier":"unknown","price_tier_label":"價格未知"}},{"type":"Feature","geometry":{"type":"Point","coordinates":[121.51297,25.0672]},"properties":{"supply_id":"taipei-onstreet-105112016","city":"taipei","district":"大同區","display_name":"重慶北路3段120巷 車格 105112016","address":"重慶北路3段120巷","facility_kind":"onstreet","symbol_text":null,"type_reference":"路邊停車格","type_confidence":0.6,"price_raw":null,"price_value":null,"capacity_total":1,"available_total":1,"occupied_total":0,"status_label":"空位","data_time":"2026-05-02 15:53:29+08:00","city_label":"臺北市","facility_kind_label":"路邊車格","available_rate":1,"occupancy_rate":0,"price_tier":"unknown","price_tier_label":"價格未知"}},{"type":"Feature","geometry":{"type":"Point","coordinates":[121.51143,25.0774]},"properties":{"supply_id":"taipei-onstreet-105829411","city":"taipei","district":"大同區","display_name":"延平北路4段294巷 車格 105829411","address":"延平北路4段294巷","facility_kind":"onstreet","symbol_text":null,"type_reference":"路邊停車格","type_confidence":0.6,"price_raw":null,"price_value":null,"capacity_total":1,"available_total":null,"occupied_total":null,"status_label":"狀態未知","data_time":"2026-05-02 15:53:29+08:00","city_label":"臺北市","facility_kind_label":"路邊車格","available_rate":null,"occupancy_rate":null,"price_tier":"unknown","price_tier_label":"價格未知"}},{"type":"Feature","geometry":{"type":"Point","coordinates":[121.52057,25.0759]},"properties":{"supply_id":"taipei-onstreet-10450005","city":"taipei","district":"大同區","display_name":"承德路3段 車格 10450005","address":"承德路3段","facility_kind":"onstreet","symbol_text":null,"type_reference":"路邊停車格","type_confidence":0.6,"price_raw":null,"price_value":null,"capacity_total":1,"available_total":null,"occupied_total":null,"status_label":"狀態未知","data_time":"2026-05-02 15:53:29+08:00","city_label":"臺北市","facility_kind_label":"路邊車格","available_rate":null,"occupancy_rate":null,"price_tier":"unknown","price_tier_label":"價格未知"}},{"type":"Feature","geometry":{"type":"Point","coordinates":[121.5133,25.07287]},"properties":{"supply_id":"taipei-onstreet-106900054","city":"taipei","district":"大同區","display_name":"哈密街 車格 106900054","address":"哈密街","facility_kind":"onstreet","symbol_text":null,"type_reference":"路邊停車格","type_confidence":0.6,"price_raw":null,"price_value":null,"capacity_total":1,"available_total":null,"occupied_total":null,"status_label":"狀態未知","data_time":"2026-05-02 15:53:29+08:00","city_label":"臺北市","facility_kind_label":"路邊車格","available_rate":null,"occupancy_rate":null,"price_tier":"unknown","price_tier_label":"價格未知"}},{"type":"Feature","geometry":{"type":"Point","coordinates":[121.51921,25.07744]},"properties":{"supply_id":"taipei-onstreet-613600021","city":"taipei","district":"大同區","display_name":"承德橋下停車場(堤外) 車格 613600021","address":"承德橋下停車場(堤外)","facility_kind":"onstreet","symbol_text":null,"type_reference":"路邊停車格","type_confidence":0.6,"price_raw":null,"price_value":null,"capacity_total":1,"available_total":null,"occupied_total":null,"status_label":"狀態未知","data_time":"2026-05-02 15:53:29+08:00","city_label":"臺北市","facility_kind_label":"路邊車格","available_rate":null,"occupancy_rate":null,"price_tier":"unknown","price_tier_label":"價格未知"}},{"type":"Feature","geometry":{"type":"Point","coordinates":[121.5099,25.06105]},"properties":{"supply_id":"taipei-onstreet-103300011","city":"taipei","district":"大同區","display_name":"安西街 車格 103300011","address":"安西街","facility_kind":"onstreet","symbol_text":null,"type_reference":"路邊停車格","type_confidence":0.6,"price_raw":null,"price_value":null,"capacity_total":1,"available_total":null,"occupied_total":null,"status_label":"狀態未知","data_time":"2026-05-02 15:53:29+08:00","city_label":"臺北市","facility_kind_label":"路邊車格","available_rate":null,"occupancy_rate":null,"price_tier":"unknown","price_tier_label":"價格未知"}},{"type":"Feature","geometry":{"type":"Point","coordinates":[121.51836,25.07791]},"properties":{"supply_id":"taipei-onstreet-6136000137","city":"taipei","district":"大同區","display_name":"承德橋下停車場(堤外) 車格 6136000137","address":"承德橋下停車場(堤外)","facility_kind":"onstreet","symbol_text":null,"type_reference":"路邊停車格","type_confidence":0.6,"price_raw":null,"price_value":null,"capacity_total":1,"available_total":null,"occupied_total":null,"status_label":"狀態未知","data_time":"2026-05-02 15:53:29+08:00","city_label":"臺北市","facility_kind_label":"路邊車格","available_rate":null,"occupancy_rate":null,"price_tier":"unknown","price_tier_label":"價格未知"}},{"type":"Feature","geometry":{"type":"Point","coordinates":[121.51045,25.07667]},"properties":{"supply_id":"taipei-onstreet-10700C012","city":"taipei","district":"大同區","display_name":"敦煌路C 車格 10700C012","address":"敦煌路C","facility_kind":"onstreet","symbol_text":null,"type_reference":"路邊停車格","type_confidence":0.6,"price_raw":null,"price_value":null,"capacity_total":1,"available_total":null,"occupied_total":null,"status_label":"狀態未知","data_time":"2026-05-02 15:53:29+08:00","city_label":"臺北市","facility_kind_label":"路邊車格","available_rate":null,"occupancy_rate":null,"price_tier":"unknown","price_tier_label":"價格未知"}},{"type":"Feature","geometry":{"type":"Point","coordinates":[121.50668,25.05211]},"properties":{"supply_id":"taipei-onstreet-607500062","city":"taipei","district":"大同區","display_name":"環河北路（3號水門堤外）小型車 車格 607500062","address":"環河北路（3號水門堤外）小型車","facility_kind":"onstreet","symbol_text":null,"type_reference":"路邊停車格","type_confidence":0.6,"price_raw":null,"price_value":null,"capacity_total":1,"available_total":null,"occupied_total":null,"status_label":"狀態未知","data_time":"2026-05-02 15:53:29+08:00","city_label":"臺北市","facility_kind_label":"路邊車格","available_rate":null,"occupancy_rate":null,"price_tier":"unknown","price_tier_label":"價格未知"}},{"type":"Feature","geometry":{"type":"Point","coordinates":[121.50917,25.07267]},"properties":{"supply_id":"taipei-onstreet-106500006","city":"taipei","district":"大同區","display_name":"環河北路2段 車格 106500006","address":"環河北路2段","facility_kind":"onstreet","symbol_text":null,"type_reference":"路邊停車格","type_confidence":0.6,"price_raw":null,"price_value":null,"capacity_total":1,"available_total":null,"occupied_total":null,"status_label":"狀態未知","data_time":"2026-05-02 15:53:29+08:00","city_label":"臺北市","facility_kind_label":"路邊車格","available_rate":null,"occupancy_rate":null,"price_tier":"unknown","price_tier_label":"價格未知"}},{"type":"Feature","geometry":{"type":"Point","coordinates":[121.51105,25.0541]},"properties":{"supply_id":"taipei-onstreet-10320B02","city":"taipei","district":"大同區","display_name":"民樂街 車格 10320B02","address":"民樂街","facility_kind":"onstreet","symbol_text":null,"type_reference":"路邊停車格","type_confidence":0.6,"price_raw":null,"price_value":null,"capacity_total":1,"available_total":null,"occupied_total":null,"status_label":"狀態未知","data_time":"2026-05-02 15:53:29+08:00","city_label":"臺北市","facility_kind_label":"路邊車格","available_rate":null,"occupancy_rate":null,"price_tier":"unknown","price_tier_label":"價格未知"}},{"type":"Feature","geometry":{"type":"Point","coordinates":[121.50604,25.0519]},"properties":{"supply_id":"taipei-onstreet-6075000208","city":"taipei","district":"大同區","display_name":"環河北路（3號水門堤外）小型車 車格 6075000208","address":"環河北路（3號水門堤外）小型車","facility_kind":"onstreet","symbol_text":null,"type_reference":"路邊停車格","type_confidence":0.6,"price_raw":null,"price_value":null,"capacity_total":1,"available_total":null,"occupied_total":null,"status_label":"狀態未知","data_time":"2026-05-02 15:53:29+08:00","city_label":"臺北市","facility_kind_label":"路邊車格","available_rate":null,"occupancy_rate":null,"price_tier":"unknown","price_tier_label":"價格未知"}},{"type":"Feature","geometry":{"type":"Point","coordinates":[121.51223,25.0765]},"properties":{"supply_id":"taipei-onstreet-107000013","city":"taipei","district":"大同區","display_name":"敦煌路 車格 107000013","address":"敦煌路","facility_kind":"onstreet","symbol_text":null,"type_reference":"路邊停車格","type_confidence":0.6,"price_raw":null,"price_value":null,"capacity_total":1,"available_total":null,"occupied_total":null,"status_label":"狀態未知","data_time":"2026-05-02 15:53:29+08:00","city_label":"臺北市","facility_kind_label":"路邊車格","available_rate":null,"occupancy_rate":null,"price_tier":"unknown","price_tier_label":"價格未知"}},{"type":"Feature","geometry":{"type":"Point","coordinates":[121.50905,25.07407]},"properties":{"supply_id":"taipei-onstreet-106500028","city":"taipei","district":"大同區","display_name":"環河北路2段 車格 106500028","address":"環河北路2段","facility_kind":"onstreet","symbol_text":null,"type_reference":"路邊停車格","type_confidence":0.6,"price_raw":null,"price_value":null,"capacity_total":1,"available_total":null,"occupied_total":null,"status_label":"狀態未知","data_time":"2026-05-02 15:53:29+08:00","city_label":"臺北市","facility_kind_label":"路邊車格","available_rate":null,"occupancy_rate":null,"price_tier":"unknown","price_tier_label":"價格未知"}},{"type":"Feature","geometry":{"type":"Point","coordinates":[121.50595,25.05202]},"properties":{"supply_id":"taipei-onstreet-6075000235","city":"taipei","district":"大同區","display_name":"環河北路（3號水門堤外）小型車 車格 6075000235","address":"環河北路（3號水門堤外）小型車","facility_kind":"onstreet","symbol_text":null,"type_reference":"路邊停車格","type_confidence":0.6,"price_raw":null,"price_value":null,"capacity_total":1,"available_total":null,"occupied_total":null,"status_label":"狀態未知","data_time":"2026-05-02 15:53:29+08:00","city_label":"臺北市","facility_kind_label":"路邊車格","available_rate":null,"occupancy_rate":null,"price_tier":"unknown","price_tier_label":"價格未知"}},{"type":"Feature","geometry":{"type":"Point","coordinates":[121.51082,25.05831]},"properties":{"supply_id":"taipei-onstreet-103600041","city":"taipei","district":"大同區","display_name":"歸綏街 車格 103600041","address":"歸綏街","facility_kind":"onstreet","symbol_text":null,"type_reference":"路邊停車格","type_confidence":0.6,"price_raw":null,"price_value":null,"capacity_total":1,"available_total":1,"occupied_total":0,"status_label":"空位","data_time":"2026-05-02 15:53:29+08:00","city_label":"臺北市","facility_kind_label":"路邊車格","available_rate":1,"occupancy_rate":0,"price_tier":"unknown","price_tier_label":"價格未知"}},{"type":"Feature","geometry":{"type":"Point","coordinates":[121.50862,25.05241]},"properties":{"supply_id":"taipei-onstreet-1023Y0029","city":"taipei","district":"大同區","display_name":"西寧北路 車格 1023Y0029","address":"西寧北路","facility_kind":"onstreet","symbol_text":null,"type_reference":"路邊停車格","type_confidence":0.6,"price_raw":null,"price_value":null,"capacity_total":1,"available_total":1,"occupied_total":0,"status_label":"空位","data_time":"2026-05-02 15:53:29+08:00","city_label":"臺北市","facility_kind_label":"路邊車格","available_rate":1,"occupancy_rate":0,"price_tier":"unknown","price_tier_label":"價格未知"}},{"type":"Feature","geometry":{"type":"Point","coordinates":[121.50871,25.05311]},"properties":{"supply_id":"taipei-onstreet-1023Y0037","city":"taipei","district":"大同區","display_name":"西寧北路 車格 1023Y0037","address":"西寧北路","facility_kind":"onstreet","symbol_text":null,"type_reference":"路邊停車格","type_confidence":0.6,"price_raw":null,"price_value":null,"capacity_total":1,"available_total":1,"occupied_total":0,"status_label":"空位","data_time":"2026-05-02 15:53:29+08:00","city_label":"臺北市","facility_kind_label":"路邊車格","available_rate":1,"occupancy_rate":0,"price_tier":"unknown","price_tier_label":"價格未知"}},{"type":"Feature","geometry":{"type":"Point","coordinates":[121.51326,25.05248]},"properties":{"supply_id":"taipei-onstreet-52140006","city":"taipei","district":"大同區","display_name":"華亭街 車格 52140006","address":"華亭街","facility_kind":"onstreet","symbol_text":null,"type_reference":"路邊停車格","type_confidence":0.6,"price_raw":null,"price_value":null,"capacity_total":1,"available_total":null,"occupied_total":null,"status_label":"狀態未知","data_time":"2026-05-02 15:53:29+08:00","city_label":"臺北市","facility_kind_label":"路邊車格","available_rate":null,"occupancy_rate":null,"price_tier":"unknown","price_tier_label":"價格未知"}},{"type":"Feature","geometry":{"type":"Point","coordinates":[121.51218,25.05223]},"properties":{"supply_id":"taipei-onstreet-101900012","city":"taipei","district":"大同區","display_name":"天水路 車格 101900012","address":"天水路","facility_kind":"onstreet","symbol_text":null,"type_reference":"路邊停車格","type_confidence":0.6,"price_raw":null,"price_value":null,"capacity_total":1,"available_total":1,"occupied_total":0,"status_label":"空位","data_time":"2026-05-02 15:53:29+08:00","city_label":"臺北市","facility_kind_label":"路邊車格","available_rate":1,"occupancy_rate":0,"price_tier":"unknown","price_tier_label":"價格未知"}},{"type":"Feature","geometry":{"type":"Point","coordinates":[121.51525,25.0764]},"properties":{"supply_id":"taipei-onstreet-10700B040","city":"taipei","district":"大同區","display_name":"慶昌橋下停車場 車格 10700B040","address":"慶昌橋下停車場","facility_kind":"onstreet","symbol_text":null,"type_reference":"路邊停車格","type_confidence":0.6,"price_raw":null,"price_value":null,"capacity_total":1,"available_total":null,"occupied_total":null,"status_label":"狀態未知","data_time":"2026-05-02 15:53:29+08:00","city_label":"臺北市","facility_kind_label":"路邊車格","available_rate":null,"occupancy_rate":null,"price_tier":"unknown","price_tier_label":"價格未知"}},{"type":"Feature","geometry":{"type":"Point","coordinates":[121.50877,25.05356]},"properties":{"supply_id":"taipei-onstreet-1023Y0041","city":"taipei","district":"大同區","display_name":"西寧北路 車格 1023Y0041","address":"西寧北路","facility_kind":"onstreet","symbol_text":null,"type_reference":"路邊停車格","type_confidence":0.6,"price_raw":null,"price_value":null,"capacity_total":1,"available_total":null,"occupied_total":null,"status_label":"狀態未知","data_time":"2026-05-02 15:53:29+08:00","city_label":"臺北市","facility_kind_label":"路邊車格","available_rate":null,"occupancy_rate":null,"price_tier":"unknown","price_tier_label":"價格未知"}},{"type":"Feature","geometry":{"type":"Point","coordinates":[121.51191,25.07793]},"properties":{"supply_id":"taipei-onstreet-10580A014","city":"taipei","district":"大同區","display_name":"延平北路4至5段1巷 車格 10580A014","address":"延平北路4至5段1巷","facility_kind":"onstreet","symbol_text":null,"type_reference":"路邊停車格","type_confidence":0.6,"price_raw":null,"price_value":null,"capacity_total":1,"available_total":null,"occupied_total":null,"status_label":"狀態未知","data_time":"2026-05-02 15:53:29+08:00","city_label":"臺北市","facility_kind_label":"路邊車格","available_rate":null,"occupancy_rate":null,"price_tier":"unknown","price_tier_label":"價格未知"}},{"type":"Feature","geometry":{"type":"Point","coordinates":[121.51668,25.07676]},"properties":{"supply_id":"taipei-onstreet-107002129","city":"taipei","district":"大同區","display_name":"敦煌路21巷 車格 107002129","address":"敦煌路21巷","facility_kind":"onstreet","symbol_text":null,"type_reference":"路邊停車格","type_confidence":0.6,"price_raw":null,"price_value":null,"capacity_total":1,"available_total":null,"occupied_total":null,"status_label":"狀態未知","data_time":"2026-05-02 15:53:29+08:00","city_label":"臺北市","facility_kind_label":"路邊車格","available_rate":null,"occupancy_rate":null,"price_tier":"unknown","price_tier_label":"價格未知"}},{"type":"Feature","geometry":{"type":"Point","coordinates":[121.51262,25.06872]},"properties":{"supply_id":"taipei-onstreet-104200036","city":"taipei","district":"大同區","display_name":"民族西路 車格 104200036","address":"民族西路","facility_kind":"onstreet","symbol_text":null,"type_reference":"路邊停車格","type_confidence":0.6,"price_raw":null,"price_value":null,"capacity_total":1,"available_total":1,"occupied_total":0,"status_label":"空位","data_time":"2026-05-02 15:53:29+08:00","city_label":"臺北市","facility_kind_label":"路邊車格","available_rate":1,"occupancy_rate":0,"price_tier":"unknown","price_tier_label":"價格未知"}},{"type":"Feature","geometry":{"type":"Point","coordinates":[121.51628,25.05401]},"properties":{"supply_id":"taipei-onstreet-101500063","city":"taipei","district":"大同區","display_name":"太原路 車格 101500063","address":"太原路","facility_kind":"onstreet","symbol_text":null,"type_reference":"路邊停車格","type_confidence":0.6,"price_raw":null,"price_value":null,"capacity_total":1,"available_total":null,"occupied_total":null,"status_label":"狀態未知","data_time":"2026-05-02 15:53:29+08:00","city_label":"臺北市","facility_kind_label":"路邊車格","available_rate":null,"occupancy_rate":null,"price_tier":"unknown","price_tier_label":"價格未知"}},{"type":"Feature","geometry":{"type":"Point","coordinates":[121.51925,25.07747]},"properties":{"supply_id":"taipei-onstreet-613600033","city":"taipei","district":"大同區","display_name":"承德橋下停車場(堤外) 車格 613600033","address":"承德橋下停車場(堤外)","facility_kind":"onstreet","symbol_text":null,"type_reference":"路邊停車格","type_confidence":0.6,"price_raw":null,"price_value":null,"capacity_total":1,"available_total":null,"occupied_total":null,"status_label":"狀態未知","data_time":"2026-05-02 15:53:29+08:00","city_label":"臺北市","facility_kind_label":"路邊車格","available_rate":null,"occupancy_rate":null,"price_tier":"unknown","price_tier_label":"價格未知"}},{"type":"Feature","geometry":{"type":"Point","coordinates":[121.51887,25.07784]},"properties":{"supply_id":"taipei-onstreet-6136000123","city":"taipei","district":"大同區","display_name":"承德橋下停車場(堤外) 車格 6136000123","address":"承德橋下停車場(堤外)","facility_kind":"onstreet","symbol_text":null,"type_reference":"路邊停車格","type_confidence":0.6,"price_raw":null,"price_value":null,"capacity_total":1,"available_total":null,"occupied_total":null,"status_label":"狀態未知","data_time":"2026-05-02 15:53:29+08:00","city_label":"臺北市","facility_kind_label":"路邊車格","available_rate":null,"occupancy_rate":null,"price_tier":"unknown","price_tier_label":"價格未知"}},{"type":"Feature","geometry":{"type":"Point","coordinates":[121.51804,25.07802]},"properties":{"supply_id":"taipei-onstreet-6136000162","city":"taipei","district":"大同區","display_name":"承德橋下停車場(堤外) 車格 6136000162","address":"承德橋下停車場(堤外)","facility_kind":"onstreet","symbol_text":null,"type_reference":"路邊停車格","type_confidence":0.6,"price_raw":null,"price_value":null,"capacity_total":1,"available_total":null,"occupied_total":null,"status_label":"狀態未知","data_time":"2026-05-02 15:53:29+08:00","city_label":"臺北市","facility_kind_label":"路邊車格","available_rate":null,"occupancy_rate":null,"price_tier":"unknown","price_tier_label":"價格未知"}},{"type":"Feature","geometry":{"type":"Point","coordinates":[121.50903,25.07427]},"properties":{"supply_id":"taipei-onstreet-106500032","city":"taipei","district":"大同區","display_name":"環河北路2段 車格 106500032","address":"環河北路2段","facility_kind":"onstreet","symbol_text":null,"type_reference":"路邊停車格","type_confidence":0.6,"price_raw":null,"price_value":null,"capacity_total":1,"available_total":null,"occupied_total":null,"status_label":"狀態未知","data_time":"2026-05-02 15:53:29+08:00","city_label":"臺北市","facility_kind_label":"路邊車格","available_rate":null,"occupancy_rate":null,"price_tier":"unknown","price_tier_label":"價格未知"}},{"type":"Feature","geometry":{"type":"Point","coordinates":[121.50681,25.0522]},"properties":{"supply_id":"taipei-onstreet-607500018","city":"taipei","district":"大同區","display_name":"環河北路（3號水門堤外）小型車 車格 607500018","address":"環河北路（3號水門堤外）小型車","facility_kind":"onstreet","symbol_text":null,"type_reference":"路邊停車格","type_confidence":0.6,"price_raw":null,"price_value":null,"capacity_total":1,"available_total":null,"occupied_total":null,"status_label":"狀態未知","data_time":"2026-05-02 15:53:29+08:00","city_label":"臺北市","facility_kind_label":"路邊車格","available_rate":null,"occupancy_rate":null,"price_tier":"unknown","price_tier_label":"價格未知"}},{"type":"Feature","geometry":{"type":"Point","coordinates":[121.51284,25.06468]},"properties":{"supply_id":"taipei-onstreet-104100010","city":"taipei","district":"大同區","display_name":"伊寧街 車格 104100010","address":"伊寧街","facility_kind":"onstreet","symbol_text":null,"type_reference":"路邊停車格","type_confidence":0.6,"price_raw":null,"price_value":null,"capacity_total":1,"available_total":1,"occupied_total":0,"status_label":"空位","data_time":"2026-05-02 15:53:29+08:00","city_label":"臺北市","facility_kind_label":"路邊車格","available_rate":1,"occupancy_rate":0,"price_tier":"unknown","price_tier_label":"價格未知"}},{"type":"Feature","geometry":{"type":"Point","coordinates":[121.51864,25.07784]},"properties":{"supply_id":"taipei-onstreet-6136000126","city":"taipei","district":"大同區","display_name":"承德橋下停車場(堤外) 車格 6136000126","address":"承德橋下停車場(堤外)","facility_kind":"onstreet","symbol_text":null,"type_reference":"路邊停車格","type_confidence":0.6,"price_raw":null,"price_value":null,"capacity_total":1,"available_total":null,"occupied_total":null,"status_label":"狀態未知","data_time":"2026-05-02 15:53:29+08:00","city_label":"臺北市","facility_kind_label":"路邊車格","available_rate":null,"occupancy_rate":null,"price_tier":"unknown","price_tier_label":"價格未知"}},{"type":"Feature","geometry":{"type":"Point","coordinates":[121.51617,25.05409]},"properties":{"supply_id":"taipei-onstreet-101500018","city":"taipei","district":"大同區","display_name":"太原路 車格 101500018","address":"太原路","facility_kind":"onstreet","symbol_text":null,"type_reference":"路邊停車格","type_confidence":0.6,"price_raw":null,"price_value":null,"capacity_total":1,"available_total":null,"occupied_total":null,"status_label":"狀態未知","data_time":"2026-05-02 15:53:29+08:00","city_label":"臺北市","facility_kind_label":"路邊車格","available_rate":null,"occupancy_rate":null,"price_tier":"unknown","price_tier_label":"價格未知"}},{"type":"Feature","geometry":{"type":"Point","coordinates":[121.51866,25.07758]},"properties":{"supply_id":"taipei-onstreet-61360001","city":"taipei","district":"大同區","display_name":"承德橋下停車場(堤外) 車格 61360001","address":"承德橋下停車場(堤外)","facility_kind":"onstreet","symbol_text":null,"type_reference":"路邊停車格","type_confidence":0.6,"price_raw":null,"price_value":null,"capacity_total":1,"available_total":null,"occupied_total":null,"status_label":"狀態未知","data_time":"2026-05-02 15:53:29+08:00","city_label":"臺北市","facility_kind_label":"路邊車格","available_rate":null,"occupancy_rate":null,"price_tier":"unknown","price_tier_label":"價格未知"}},{"type":"Feature","geometry":{"type":"Point","coordinates":[121.5066,25.05188]},"properties":{"supply_id":"taipei-onstreet-6075000136","city":"taipei","district":"大同區","display_name":"環河北路（3號水門堤外）小型車 車格 6075000136","address":"環河北路（3號水門堤外）小型車","facility_kind":"onstreet","symbol_text":null,"type_reference":"路邊停車格","type_confidence":0.6,"price_raw":null,"price_value":null,"capacity_total":1,"available_total":null,"occupied_total":null,"status_label":"狀態未知","data_time":"2026-05-02 15:53:29+08:00","city_label":"臺北市","facility_kind_label":"路邊車格","available_rate":null,"occupancy_rate":null,"price_tier":"unknown","price_tier_label":"價格未知"}},{"type":"Feature","geometry":{"type":"Point","coordinates":[121.51237,25.0765]},"properties":{"supply_id":"taipei-onstreet-107000022","city":"taipei","district":"大同區","display_name":"敦煌路 車格 107000022","address":"敦煌路","facility_kind":"onstreet","symbol_text":null,"type_reference":"路邊停車格","type_confidence":0.6,"price_raw":null,"price_value":null,"capacity_total":1,"available_total":null,"occupied_total":null,"status_label":"狀態未知","data_time":"2026-05-02 15:53:29+08:00","city_label":"臺北市","facility_kind_label":"路邊車格","available_rate":null,"occupancy_rate":null,"price_tier":"unknown","price_tier_label":"價格未知"}},{"type":"Feature","geometry":{"type":"Point","coordinates":[121.50644,25.05193]},"properties":{"supply_id":"taipei-onstreet-6075000143","city":"taipei","district":"大同區","display_name":"環河北路（3號水門堤外）小型車 車格 6075000143","address":"環河北路（3號水門堤外）小型車","facility_kind":"onstreet","symbol_text":null,"type_reference":"路邊停車格","type_confidence":0.6,"price_raw":null,"price_value":null,"capacity_total":1,"available_total":null,"occupied_total":null,"status_label":"狀態未知","data_time":"2026-05-02 15:53:29+08:00","city_label":"臺北市","facility_kind_label":"路邊車格","available_rate":null,"occupancy_rate":null,"price_tier":"unknown","price_tier_label":"價格未知"}},{"type":"Feature","geometry":{"type":"Point","coordinates":[121.51868,25.07757]},"properties":{"supply_id":"taipei-onstreet-61360002","city":"taipei","district":"大同區","display_name":"承德橋下停車場(堤外) 車格 61360002","address":"承德橋下停車場(堤外)","facility_kind":"onstreet","symbol_text":null,"type_reference":"路邊停車格","type_confidence":0.6,"price_raw":null,"price_value":null,"capacity_total":1,"available_total":null,"occupied_total":null,"status_label":"狀態未知","data_time":"2026-05-02 15:53:29+08:00","city_label":"臺北市","facility_kind_label":"路邊車格","available_rate":null,"occupancy_rate":null,"price_tier":"unknown","price_tier_label":"價格未知"}},{"type":"Feature","geometry":{"type":"Point","coordinates":[121.50934,25.05339]},"properties":{"supply_id":"taipei-onstreet-10130B046","city":"taipei","district":"大同區","display_name":"南京西路B 車格 10130B046","address":"南京西路B","facility_kind":"onstreet","symbol_text":null,"type_reference":"路邊停車格","type_confidence":0.6,"price_raw":null,"price_value":null,"capacity_total":1,"available_total":1,"occupied_total":0,"status_label":"空位","data_time":"2026-05-02 15:53:29+08:00","city_label":"臺北市","facility_kind_label":"路邊車格","available_rate":1,"occupancy_rate":0,"price_tier":"unknown","price_tier_label":"價格未知"}},{"type":"Feature","geometry":{"type":"Point","coordinates":[121.51449,25.05711]},"properties":{"supply_id":"taipei-onstreet-102500046A","city":"taipei","district":"大同區","display_name":"民生西路 車格 102500046A","address":"民生西路","facility_kind":"onstreet","symbol_text":null,"type_reference":"路邊停車格","type_confidence":0.6,"price_raw":null,"price_value":null,"capacity_total":1,"available_total":null,"occupied_total":null,"status_label":"狀態未知","data_time":"2026-05-02 15:53:29+08:00","city_label":"臺北市","facility_kind_label":"路邊車格","available_rate":null,"occupancy_rate":null,"price_tier":"unknown","price_tier_label":"價格未知"}},{"type":"Feature","geometry":{"type":"Point","coordinates":[121.5094,25.07225]},"properties":{"supply_id":"taipei-onstreet-10680A036","city":"taipei","district":"大同區","display_name":"酒泉街 車格 10680A036","address":"酒泉街","facility_kind":"onstreet","symbol_text":null,"type_reference":"路邊停車格","type_confidence":0.6,"price_raw":null,"price_value":null,"capacity_total":1,"available_total":1,"occupied_total":0,"status_label":"空位","data_time":"2026-05-02 15:53:29+08:00","city_label":"臺北市","facility_kind_label":"路邊車格","available_rate":1,"occupancy_rate":0,"price_tier":"unknown","price_tier_label":"價格未知"}},{"type":"Feature","geometry":{"type":"Point","coordinates":[121.51327,25.05817]},"properties":{"supply_id":"taipei-onstreet-103600031","city":"taipei","district":"大同區","display_name":"歸綏街 車格 103600031","address":"歸綏街","facility_kind":"onstreet","symbol_text":null,"type_reference":"路邊停車格","type_confidence":0.6,"price_raw":null,"price_value":null,"capacity_total":1,"available_total":1,"occupied_total":0,"status_label":"空位","data_time":"2026-05-02 15:53:29+08:00","city_label":"臺北市","facility_kind_label":"路邊車格","available_rate":1,"occupancy_rate":0,"price_tier":"unknown","price_tier_label":"價格未知"}},{"type":"Feature","geometry":{"type":"Point","coordinates":[121.51182,25.07777]},"properties":{"supply_id":"taipei-onstreet-10580A061","city":"taipei","district":"大同區","display_name":"延平北路4至5段1巷 車格 10580A061","address":"延平北路4至5段1巷","facility_kind":"onstreet","symbol_text":null,"type_reference":"路邊停車格","type_confidence":0.6,"price_raw":null,"price_value":null,"capacity_total":1,"available_total":null,"occupied_total":null,"status_label":"狀態未知","data_time":"2026-05-02 15:53:29+08:00","city_label":"臺北市","facility_kind_label":"路邊車格","available_rate":null,"occupancy_rate":null,"price_tier":"unknown","price_tier_label":"價格未知"}},{"type":"Feature","geometry":{"type":"Point","coordinates":[121.50912,25.07342]},"properties":{"supply_id":"taipei-onstreet-106500015","city":"taipei","district":"大同區","display_name":"環河北路2段 車格 106500015","address":"環河北路2段","facility_kind":"onstreet","symbol_text":null,"type_reference":"路邊停車格","type_confidence":0.6,"price_raw":null,"price_value":null,"capacity_total":1,"available_total":null,"occupied_total":null,"status_label":"狀態未知","data_time":"2026-05-02 15:53:29+08:00","city_label":"臺北市","facility_kind_label":"路邊車格","available_rate":null,"occupancy_rate":null,"price_tier":"unknown","price_tier_label":"價格未知"}},{"type":"Feature","geometry":{"type":"Point","coordinates":[121.5146,25.07623]},"properties":{"supply_id":"taipei-onstreet-10690786","city":"taipei","district":"大同區","display_name":"哈密街59巷78弄 車格 10690786","address":"哈密街59巷78弄","facility_kind":"onstreet","symbol_text":null,"type_reference":"路邊停車格","type_confidence":0.6,"price_raw":null,"price_value":null,"capacity_total":1,"available_total":null,"occupied_total":null,"status_label":"狀態未知","data_time":"2026-05-02 15:53:29+08:00","city_label":"臺北市","facility_kind_label":"路邊車格","available_rate":null,"occupancy_rate":null,"price_tier":"unknown","price_tier_label":"價格未知"}},{"type":"Feature","geometry":{"type":"Point","coordinates":[121.50886,25.05548]},"properties":{"supply_id":"taipei-onstreet-1023Y0068","city":"taipei","district":"大同區","display_name":"西寧北路 車格 1023Y0068","address":"西寧北路","facility_kind":"onstreet","symbol_text":null,"type_reference":"路邊停車格","type_confidence":0.6,"price_raw":null,"price_value":null,"capacity_total":1,"available_total":1,"occupied_total":0,"status_label":"空位","data_time":"2026-05-02 15:53:29+08:00","city_label":"臺北市","facility_kind_label":"路邊車格","available_rate":1,"occupancy_rate":0,"price_tier":"unknown","price_tier_label":"價格未知"}},{"type":"Feature","geometry":{"type":"Point","coordinates":[121.51605,25.05522]},"properties":{"supply_id":"taipei-onstreet-10160002","city":"taipei","district":"大同區","display_name":"平陽街 車格 10160002","address":"平陽街","facility_kind":"onstreet","symbol_text":null,"type_reference":"路邊停車格","type_confidence":0.6,"price_raw":null,"price_value":null,"capacity_total":1,"available_total":null,"occupied_total":null,"status_label":"狀態未知","data_time":"2026-05-02 15:53:29+08:00","city_label":"臺北市","facility_kind_label":"路邊車格","available_rate":null,"occupancy_rate":null,"price_tier":"unknown","price_tier_label":"價格未知"}},{"type":"Feature","geometry":{"type":"Point","coordinates":[121.50669,25.05201]},"properties":{"supply_id":"taipei-onstreet-607500071","city":"taipei","district":"大同區","display_name":"環河北路（3號水門堤外）小型車 車格 607500071","address":"環河北路（3號水門堤外）小型車","facility_kind":"onstreet","symbol_text":null,"type_reference":"路邊停車格","type_confidence":0.6,"price_raw":null,"price_value":null,"capacity_total":1,"available_total":null,"occupied_total":null,"status_label":"狀態未知","data_time":"2026-05-02 15:53:29+08:00","city_label":"臺北市","facility_kind_label":"路邊車格","available_rate":null,"occupancy_rate":null,"price_tier":"unknown","price_tier_label":"價格未知"}},{"type":"Feature","geometry":{"type":"Point","coordinates":[121.50628,25.05182]},"properties":{"supply_id":"taipei-onstreet-6075000218","city":"taipei","district":"大同區","display_name":"環河北路（3號水門堤外）小型車 車格 6075000218","address":"環河北路（3號水門堤外）小型車","facility_kind":"onstreet","symbol_text":null,"type_reference":"路邊停車格","type_confidence":0.6,"price_raw":null,"price_value":null,"capacity_total":1,"available_total":null,"occupied_total":null,"status_label":"狀態未知","data_time":"2026-05-02 15:53:29+08:00","city_label":"臺北市","facility_kind_label":"路邊車格","available_rate":null,"occupancy_rate":null,"price_tier":"unknown","price_tier_label":"價格未知"}},{"type":"Feature","geometry":{"type":"Point","coordinates":[121.5125,25.07215]},"properties":{"supply_id":"taipei-onstreet-10680A05","city":"taipei","district":"大同區","display_name":"酒泉街 車格 10680A05","address":"酒泉街","facility_kind":"onstreet","symbol_text":null,"type_reference":"路邊停車格","type_confidence":0.6,"price_raw":null,"price_value":null,"capacity_total":1,"available_total":null,"occupied_total":null,"status_label":"狀態未知","data_time":"2026-05-02 15:53:29+08:00","city_label":"臺北市","facility_kind_label":"路邊車格","available_rate":null,"occupancy_rate":null,"price_tier":"unknown","price_tier_label":"價格未知"}},{"type":"Feature","geometry":{"type":"Point","coordinates":[121.51853,25.07788]},"properties":{"supply_id":"taipei-onstreet-6136000131","city":"taipei","district":"大同區","display_name":"承德橋下停車場(堤外) 車格 6136000131","address":"承德橋下停車場(堤外)","facility_kind":"onstreet","symbol_text":null,"type_reference":"路邊停車格","type_confidence":0.6,"price_raw":null,"price_value":null,"capacity_total":1,"available_total":null,"occupied_total":null,"status_label":"狀態未知","data_time":"2026-05-02 15:53:29+08:00","city_label":"臺北市","facility_kind_label":"路邊車格","available_rate":null,"occupancy_rate":null,"price_tier":"unknown","price_tier_label":"價格未知"}},{"type":"Feature","geometry":{"type":"Point","coordinates":[121.51155,25.07864]},"properties":{"supply_id":"taipei-onstreet-10580A025","city":"taipei","district":"大同區","display_name":"延平北路4至5段1巷 車格 10580A025","address":"延平北路4至5段1巷","facility_kind":"onstreet","symbol_text":null,"type_reference":"路邊停車格","type_confidence":0.6,"price_raw":null,"price_value":null,"capacity_total":1,"available_total":null,"occupied_total":null,"status_label":"狀態未知","data_time":"2026-05-02 15:53:29+08:00","city_label":"臺北市","facility_kind_label":"路邊車格","available_rate":null,"occupancy_rate":null,"price_tier":"unknown","price_tier_label":"價格未知"}},{"type":"Feature","geometry":{"type":"Point","coordinates":[121.51051,25.07773]},"properties":{"supply_id":"taipei-onstreet-105829427","city":"taipei","district":"大同區","display_name":"延平北路4段294巷 車格 105829427","address":"延平北路4段294巷","facility_kind":"onstreet","symbol_text":null,"type_reference":"路邊停車格","type_confidence":0.6,"price_raw":null,"price_value":null,"capacity_total":1,"available_total":null,"occupied_total":null,"status_label":"狀態未知","data_time":"2026-05-02 15:53:29+08:00","city_label":"臺北市","facility_kind_label":"路邊車格","available_rate":null,"occupancy_rate":null,"price_tier":"unknown","price_tier_label":"價格未知"}},{"type":"Feature","geometry":{"type":"Point","coordinates":[121.50618,25.05206]},"properties":{"supply_id":"taipei-onstreet-6075000154","city":"taipei","district":"大同區","display_name":"環河北路（3號水門堤外）小型車 車格 6075000154","address":"環河北路（3號水門堤外）小型車","facility_kind":"onstreet","symbol_text":null,"type_reference":"路邊停車格","type_confidence":0.6,"price_raw":null,"price_value":null,"capacity_total":1,"available_total":null,"occupied_total":null,"status_label":"狀態未知","data_time":"2026-05-02 15:53:29+08:00","city_label":"臺北市","facility_kind_label":"路邊車格","available_rate":null,"occupancy_rate":null,"price_tier":"unknown","price_tier_label":"價格未知"}},{"type":"Feature","geometry":{"type":"Point","coordinates":[121.50666,25.05212]},"properties":{"supply_id":"taipei-onstreet-607500061","city":"taipei","district":"大同區","display_name":"環河北路（3號水門堤外）小型車 車格 607500061","address":"環河北路（3號水門堤外）小型車","facility_kind":"onstreet","symbol_text":null,"type_reference":"路邊停車格","type_confidence":0.6,"price_raw":null,"price_value":null,"capacity_total":1,"available_total":null,"occupied_total":null,"status_label":"狀態未知","data_time":"2026-05-02 15:53:29+08:00","city_label":"臺北市","facility_kind_label":"路邊車格","available_rate":null,"occupancy_rate":null,"price_tier":"unknown","price_tier_label":"價格未知"}},{"type":"Feature","geometry":{"type":"Point","coordinates":[121.50598,25.05202]},"properties":{"supply_id":"taipei-onstreet-6075000234","city":"taipei","district":"大同區","display_name":"環河北路（3號水門堤外）小型車 車格 6075000234","address":"環河北路（3號水門堤外）小型車","facility_kind":"onstreet","symbol_text":null,"type_reference":"路邊停車格","type_confidence":0.6,"price_raw":null,"price_value":null,"capacity_total":1,"available_total":null,"occupied_total":null,"status_label":"狀態未知","data_time":"2026-05-02 15:53:29+08:00","city_label":"臺北市","facility_kind_label":"路邊車格","available_rate":null,"occupancy_rate":null,"price_tier":"unknown","price_tier_label":"價格未知"}},{"type":"Feature","geometry":{"type":"Point","coordinates":[121.51953,25.0776]},"properties":{"supply_id":"taipei-onstreet-6136000103","city":"taipei","district":"大同區","display_name":"承德橋下停車場(堤外) 車格 6136000103","address":"承德橋下停車場(堤外)","facility_kind":"onstreet","symbol_text":null,"type_reference":"路邊停車格","type_confidence":0.6,"price_raw":null,"price_value":null,"capacity_total":1,"available_total":null,"occupied_total":null,"status_label":"狀態未知","data_time":"2026-05-02 15:53:29+08:00","city_label":"臺北市","facility_kind_label":"路邊車格","available_rate":null,"occupancy_rate":null,"price_tier":"unknown","price_tier_label":"價格未知"}},{"type":"Feature","geometry":{"type":"Point","coordinates":[121.51627,25.05396]},"properties":{"supply_id":"taipei-onstreet-101500062","city":"taipei","district":"大同區","display_name":"太原路 車格 101500062","address":"太原路","facility_kind":"onstreet","symbol_text":null,"type_reference":"路邊停車格","type_confidence":0.6,"price_raw":null,"price_value":null,"capacity_total":1,"available_total":null,"occupied_total":null,"status_label":"狀態未知","data_time":"2026-05-02 15:53:29+08:00","city_label":"臺北市","facility_kind_label":"路邊車格","available_rate":null,"occupancy_rate":null,"price_tier":"unknown","price_tier_label":"價格未知"}},{"type":"Feature","geometry":{"type":"Point","coordinates":[121.51828,25.07576]},"properties":{"supply_id":"taipei-onstreet-10700A036","city":"taipei","district":"大同區","display_name":"敦煌路A 車格 10700A036","address":"敦煌路A","facility_kind":"onstreet","symbol_text":null,"type_reference":"路邊停車格","type_confidence":0.6,"price_raw":null,"price_value":null,"capacity_total":1,"available_total":null,"occupied_total":null,"status_label":"狀態未知","data_time":"2026-05-02 15:53:29+08:00","city_label":"臺北市","facility_kind_label":"路邊車格","available_rate":null,"occupancy_rate":null,"price_tier":"unknown","price_tier_label":"價格未知"}},{"type":"Feature","geometry":{"type":"Point","coordinates":[121.5155,25.07641]},"properties":{"supply_id":"taipei-onstreet-10700B016","city":"taipei","district":"大同區","display_name":"慶昌橋下停車場 車格 10700B016","address":"慶昌橋下停車場","facility_kind":"onstreet","symbol_text":null,"type_reference":"路邊停車格","type_confidence":0.6,"price_raw":null,"price_value":null,"capacity_total":1,"available_total":null,"occupied_total":null,"status_label":"狀態未知","data_time":"2026-05-02 15:53:29+08:00","city_label":"臺北市","facility_kind_label":"路邊車格","available_rate":null,"occupancy_rate":null,"price_tier":"unknown","price_tier_label":"價格未知"}},{"type":"Feature","geometry":{"type":"Point","coordinates":[121.50983,25.06156]},"properties":{"supply_id":"taipei-onstreet-10330007","city":"taipei","district":"大同區","display_name":"安西街 車格 10330007","address":"安西街","facility_kind":"onstreet","symbol_text":null,"type_reference":"路邊停車格","type_confidence":0.6,"price_raw":null,"price_value":null,"capacity_total":1,"available_total":null,"occupied_total":null,"status_label":"狀態未知","data_time":"2026-05-02 15:53:29+08:00","city_label":"臺北市","facility_kind_label":"路邊車格","available_rate":null,"occupancy_rate":null,"price_tier":"unknown","price_tier_label":"價格未知"}},{"type":"Feature","geometry":{"type":"Point","coordinates":[121.51819,25.07794]},"properties":{"supply_id":"taipei-onstreet-6136000167","city":"taipei","district":"大同區","display_name":"承德橋下停車場(堤外) 車格 6136000167","address":"承德橋下停車場(堤外)","facility_kind":"onstreet","symbol_text":null,"type_reference":"路邊停車格","type_confidence":0.6,"price_raw":null,"price_value":null,"capacity_total":1,"available_total":null,"occupied_total":null,"status_label":"狀態未知","data_time":"2026-05-02 15:53:29+08:00","city_label":"臺北市","facility_kind_label":"路邊車格","available_rate":null,"occupancy_rate":null,"price_tier":"unknown","price_tier_label":"價格未知"}},{"type":"Feature","geometry":{"type":"Point","coordinates":[121.51767,25.0614]},"properties":{"supply_id":"taipei-onstreet-103810217","city":"taipei","district":"大同區","display_name":"民權西路102巷 車格 103810217","address":"民權西路102巷","facility_kind":"onstreet","symbol_text":null,"type_reference":"路邊停車格","type_confidence":0.6,"price_raw":null,"price_value":null,"capacity_total":1,"available_total":null,"occupied_total":null,"status_label":"狀態未知","data_time":"2026-05-02 15:53:29+08:00","city_label":"臺北市","facility_kind_label":"路邊車格","available_rate":null,"occupancy_rate":null,"price_tier":"unknown","price_tier_label":"價格未知"}},{"type":"Feature","geometry":{"type":"Point","coordinates":[121.51293,25.05837]},"properties":{"supply_id":"taipei-onstreet-103100018","city":"taipei","district":"大同區","display_name":"甘州街 車格 103100018","address":"甘州街","facility_kind":"onstreet","symbol_text":null,"type_reference":"路邊停車格","type_confidence":0.6,"price_raw":null,"price_value":null,"capacity_total":1,"available_total":1,"occupied_total":0,"status_label":"空位","data_time":"2026-05-02 15:53:29+08:00","city_label":"臺北市","facility_kind_label":"路邊車格","available_rate":1,"occupancy_rate":0,"price_tier":"unknown","price_tier_label":"價格未知"}},{"type":"Feature","geometry":{"type":"Point","coordinates":[121.51292,25.05845]},"properties":{"supply_id":"taipei-onstreet-103100019","city":"taipei","district":"大同區","display_name":"甘州街 車格 103100019","address":"甘州街","facility_kind":"onstreet","symbol_text":null,"type_reference":"路邊停車格","type_confidence":0.6,"price_raw":null,"price_value":null,"capacity_total":1,"available_total":1,"occupied_total":0,"status_label":"空位","data_time":"2026-05-02 15:53:29+08:00","city_label":"臺北市","facility_kind_label":"路邊車格","available_rate":1,"occupancy_rate":0,"price_tier":"unknown","price_tier_label":"價格未知"}},{"type":"Feature","geometry":{"type":"Point","coordinates":[121.51605,25.07671]},"properties":{"supply_id":"taipei-onstreet-107002118","city":"taipei","district":"大同區","display_name":"敦煌路21巷 車格 107002118","address":"敦煌路21巷","facility_kind":"onstreet","symbol_text":null,"type_reference":"路邊停車格","type_confidence":0.6,"price_raw":null,"price_value":null,"capacity_total":1,"available_total":null,"occupied_total":null,"status_label":"狀態未知","data_time":"2026-05-02 15:53:29+08:00","city_label":"臺北市","facility_kind_label":"路邊車格","available_rate":null,"occupancy_rate":null,"price_tier":"unknown","price_tier_label":"價格未知"}},{"type":"Feature","geometry":{"type":"Point","coordinates":[121.51482,25.06622]},"properties":{"supply_id":"taipei-onstreet-10550617","city":"taipei","district":"大同區","display_name":"昌吉街61巷 車格 10550617","address":"昌吉街61巷","facility_kind":"onstreet","symbol_text":null,"type_reference":"路邊停車格","type_confidence":0.6,"price_raw":null,"price_value":null,"capacity_total":1,"available_total":null,"occupied_total":null,"status_label":"狀態未知","data_time":"2026-05-02 15:53:29+08:00","city_label":"臺北市","facility_kind_label":"路邊車格","available_rate":null,"occupancy_rate":null,"price_tier":"unknown","price_tier_label":"價格未知"}},{"type":"Feature","geometry":{"type":"Point","coordinates":[121.50638,25.0521]},"properties":{"supply_id":"taipei-onstreet-6075000115","city":"taipei","district":"大同區","display_name":"環河北路（3號水門堤外）小型車 車格 6075000115","address":"環河北路（3號水門堤外）小型車","facility_kind":"onstreet","symbol_text":null,"type_reference":"路邊停車格","type_confidence":0.6,"price_raw":null,"price_value":null,"capacity_total":1,"available_total":null,"occupied_total":null,"status_label":"狀態未知","data_time":"2026-05-02 15:53:29+08:00","city_label":"臺北市","facility_kind_label":"路邊車格","available_rate":null,"occupancy_rate":null,"price_tier":"unknown","price_tier_label":"價格未知"}},{"type":"Feature","geometry":{"type":"Point","coordinates":[121.51927,25.0666]},"properties":{"supply_id":"taipei-onstreet-104203220","city":"taipei","district":"大同區","display_name":"民族西路32巷 車格 104203220","address":"民族西路32巷","facility_kind":"onstreet","symbol_text":null,"type_reference":"路邊停車格","type_confidence":0.6,"price_raw":null,"price_value":null,"capacity_total":1,"available_total":1,"occupied_total":0,"status_label":"空位","data_time":"2026-05-02 15:53:29+08:00","city_label":"臺北市","facility_kind_label":"路邊車格","available_rate":1,"occupancy_rate":0,"price_tier":"unknown","price_tier_label":"價格未知"}},{"type":"Feature","geometry":{"type":"Point","coordinates":[121.51865,25.07769]},"properties":{"supply_id":"taipei-onstreet-613600059","city":"taipei","district":"大同區","display_name":"承德橋下停車場(堤外) 車格 613600059","address":"承德橋下停車場(堤外)","facility_kind":"onstreet","symbol_text":null,"type_reference":"路邊停車格","type_confidence":0.6,"price_raw":null,"price_value":null,"capacity_total":1,"available_total":null,"occupied_total":null,"status_label":"狀態未知","data_time":"2026-05-02 15:53:29+08:00","city_label":"臺北市","facility_kind_label":"路邊車格","available_rate":null,"occupancy_rate":null,"price_tier":"unknown","price_tier_label":"價格未知"}},{"type":"Feature","geometry":{"type":"Point","coordinates":[121.51534,25.07654]},"properties":{"supply_id":"taipei-onstreet-10700B006","city":"taipei","district":"大同區","display_name":"慶昌橋下停車場 車格 10700B006","address":"慶昌橋下停車場","facility_kind":"onstreet","symbol_text":null,"type_reference":"路邊停車格","type_confidence":0.6,"price_raw":null,"price_value":null,"capacity_total":1,"available_total":null,"occupied_total":null,"status_label":"狀態未知","data_time":"2026-05-02 15:53:29+08:00","city_label":"臺北市","facility_kind_label":"路邊車格","available_rate":null,"occupancy_rate":null,"price_tier":"unknown","price_tier_label":"價格未知"}},{"type":"Feature","geometry":{"type":"Point","coordinates":[121.51844,25.07572]},"properties":{"supply_id":"taipei-onstreet-10700A033","city":"taipei","district":"大同區","display_name":"敦煌路A 車格 10700A033","address":"敦煌路A","facility_kind":"onstreet","symbol_text":null,"type_reference":"路邊停車格","type_confidence":0.6,"price_raw":null,"price_value":null,"capacity_total":1,"available_total":null,"occupied_total":null,"status_label":"狀態未知","data_time":"2026-05-02 15:53:29+08:00","city_label":"臺北市","facility_kind_label":"路邊車格","available_rate":null,"occupancy_rate":null,"price_tier":"unknown","price_tier_label":"價格未知"}},{"type":"Feature","geometry":{"type":"Point","coordinates":[121.50628,25.05198]},"properties":{"supply_id":"taipei-onstreet-6075000148","city":"taipei","district":"大同區","display_name":"環河北路（3號水門堤外）小型車 車格 6075000148","address":"環河北路（3號水門堤外）小型車","facility_kind":"onstreet","symbol_text":null,"type_reference":"路邊停車格","type_confidence":0.6,"price_raw":null,"price_value":null,"capacity_total":1,"available_total":null,"occupied_total":null,"status_label":"狀態未知","data_time":"2026-05-02 15:53:29+08:00","city_label":"臺北市","facility_kind_label":"路邊車格","available_rate":null,"occupancy_rate":null,"price_tier":"unknown","price_tier_label":"價格未知"}},{"type":"Feature","geometry":{"type":"Point","coordinates":[121.52073,25.07495]},"properties":{"supply_id":"taipei-onstreet-10700A053","city":"taipei","district":"大同區","display_name":"敦煌路A 車格 10700A053","address":"敦煌路A","facility_kind":"onstreet","symbol_text":null,"type_reference":"路邊停車格","type_confidence":0.6,"price_raw":null,"price_value":null,"capacity_total":1,"available_total":null,"occupied_total":null,"status_label":"狀態未知","data_time":"2026-05-02 15:53:29+08:00","city_label":"臺北市","facility_kind_label":"路邊車格","available_rate":null,"occupancy_rate":null,"price_tier":"unknown","price_tier_label":"價格未知"}},{"type":"Feature","geometry":{"type":"Point","coordinates":[121.51269,25.06026]},"properties":{"supply_id":"taipei-onstreet-10310008","city":"taipei","district":"大同區","display_name":"甘州街 車格 10310008","address":"甘州街","facility_kind":"onstreet","symbol_text":null,"type_reference":"路邊停車格","type_confidence":0.6,"price_raw":null,"price_value":null,"capacity_total":1,"available_total":null,"occupied_total":null,"status_label":"狀態未知","data_time":"2026-05-02 15:53:29+08:00","city_label":"臺北市","facility_kind_label":"路邊車格","available_rate":null,"occupancy_rate":null,"price_tier":"unknown","price_tier_label":"價格未知"}},{"type":"Feature","geometry":{"type":"Point","coordinates":[121.50904,25.07417]},"properties":{"supply_id":"taipei-onstreet-106500030","city":"taipei","district":"大同區","display_name":"環河北路2段 車格 106500030","address":"環河北路2段","facility_kind":"onstreet","symbol_text":null,"type_reference":"路邊停車格","type_confidence":0.6,"price_raw":null,"price_value":null,"capacity_total":1,"available_total":null,"occupied_total":null,"status_label":"狀態未知","data_time":"2026-05-02 15:53:29+08:00","city_label":"臺北市","facility_kind_label":"路邊車格","available_rate":null,"occupancy_rate":null,"price_tier":"unknown","price_tier_label":"價格未知"}},{"type":"Feature","geometry":{"type":"Point","coordinates":[121.50983,25.06143]},"properties":{"supply_id":"taipei-onstreet-103300010","city":"taipei","district":"大同區","display_name":"安西街 車格 103300010","address":"安西街","facility_kind":"onstreet","symbol_text":null,"type_reference":"路邊停車格","type_confidence":0.6,"price_raw":null,"price_value":null,"capacity_total":1,"available_total":null,"occupied_total":null,"status_label":"狀態未知","data_time":"2026-05-02 15:53:29+08:00","city_label":"臺北市","facility_kind_label":"路邊車格","available_rate":null,"occupancy_rate":null,"price_tier":"unknown","price_tier_label":"價格未知"}},{"type":"Feature","geometry":{"type":"Point","coordinates":[121.50621,25.05184]},"properties":{"supply_id":"taipei-onstreet-6075000215","city":"taipei","district":"大同區","display_name":"環河北路（3號水門堤外）小型車 車格 6075000215","address":"環河北路（3號水門堤外）小型車","facility_kind":"onstreet","symbol_text":null,"type_reference":"路邊停車格","type_confidence":0.6,"price_raw":null,"price_value":null,"capacity_total":1,"available_total":null,"occupied_total":null,"status_label":"狀態未知","data_time":"2026-05-02 15:53:29+08:00","city_label":"臺北市","facility_kind_label":"路邊車格","available_rate":null,"occupancy_rate":null,"price_tier":"unknown","price_tier_label":"價格未知"}},{"type":"Feature","geometry":{"type":"Point","coordinates":[121.51618,25.07679]},"properties":{"supply_id":"taipei-onstreet-107002113","city":"taipei","district":"大同區","display_name":"敦煌路21巷 車格 107002113","address":"敦煌路21巷","facility_kind":"onstreet","symbol_text":null,"type_reference":"路邊停車格","type_confidence":0.6,"price_raw":null,"price_value":null,"capacity_total":1,"available_total":null,"occupied_total":null,"status_label":"狀態未知","data_time":"2026-05-02 15:53:29+08:00","city_label":"臺北市","facility_kind_label":"路邊車格","available_rate":null,"occupancy_rate":null,"price_tier":"unknown","price_tier_label":"價格未知"}},{"type":"Feature","geometry":{"type":"Point","coordinates":[121.51875,25.07754]},"properties":{"supply_id":"taipei-onstreet-61360005","city":"taipei","district":"大同區","display_name":"承德橋下停車場(堤外) 車格 61360005","address":"承德橋下停車場(堤外)","facility_kind":"onstreet","symbol_text":null,"type_reference":"路邊停車格","type_confidence":0.6,"price_raw":null,"price_value":null,"capacity_total":1,"available_total":null,"occupied_total":null,"status_label":"狀態未知","data_time":"2026-05-02 15:53:29+08:00","city_label":"臺北市","facility_kind_label":"路邊車格","available_rate":null,"occupancy_rate":null,"price_tier":"unknown","price_tier_label":"價格未知"}},{"type":"Feature","geometry":{"type":"Point","coordinates":[121.51654,25.05494]},"properties":{"supply_id":"taipei-onstreet-101500067","city":"taipei","district":"大同區","display_name":"太原路 車格 101500067","address":"太原路","facility_kind":"onstreet","symbol_text":null,"type_reference":"路邊停車格","type_confidence":0.6,"price_raw":null,"price_value":null,"capacity_total":1,"available_total":null,"occupied_total":null,"status_label":"狀態未知","data_time":"2026-05-02 15:53:29+08:00","city_label":"臺北市","facility_kind_label":"路邊車格","available_rate":null,"occupancy_rate":null,"price_tier":"unknown","price_tier_label":"價格未知"}},{"type":"Feature","geometry":{"type":"Point","coordinates":[121.51523,25.07641]},"properties":{"supply_id":"taipei-onstreet-10700B039","city":"taipei","district":"大同區","display_name":"慶昌橋下停車場 車格 10700B039","address":"慶昌橋下停車場","facility_kind":"onstreet","symbol_text":null,"type_reference":"路邊停車格","type_confidence":0.6,"price_raw":null,"price_value":null,"capacity_total":1,"available_total":null,"occupied_total":null,"status_label":"狀態未知","data_time":"2026-05-02 15:53:29+08:00","city_label":"臺北市","facility_kind_label":"路邊車格","available_rate":null,"occupancy_rate":null,"price_tier":"unknown","price_tier_label":"價格未知"}},{"type":"Feature","geometry":{"type":"Point","coordinates":[121.51251,25.06874]},"properties":{"supply_id":"taipei-onstreet-104200039","city":"taipei","district":"大同區","display_name":"民族西路 車格 104200039","address":"民族西路","facility_kind":"onstreet","symbol_text":null,"type_reference":"路邊停車格","type_confidence":0.6,"price_raw":null,"price_value":null,"capacity_total":1,"available_total":1,"occupied_total":0,"status_label":"空位","data_time":"2026-05-02 15:53:29+08:00","city_label":"臺北市","facility_kind_label":"路邊車格","available_rate":1,"occupancy_rate":0,"price_tier":"unknown","price_tier_label":"價格未知"}},{"type":"Feature","geometry":{"type":"Point","coordinates":[121.5154,25.05089]},"properties":{"supply_id":"taipei-onstreet-101500A84","city":"taipei","district":"大同區","display_name":"太原路A 車格 101500A84","address":"太原路A","facility_kind":"onstreet","symbol_text":null,"type_reference":"路邊停車格","type_confidence":0.6,"price_raw":null,"price_value":null,"capacity_total":1,"available_total":1,"occupied_total":0,"status_label":"空位","data_time":"2026-05-02 15:53:29+08:00","city_label":"臺北市","facility_kind_label":"路邊車格","available_rate":1,"occupancy_rate":0,"price_tier":"unknown","price_tier_label":"價格未知"}},{"type":"Feature","geometry":{"type":"Point","coordinates":[121.51711,25.06612]},"properties":{"supply_id":"taipei-onstreet-1055L331","city":"taipei","district":"大同區","display_name":"昌吉街33巷 車格 1055L331","address":"昌吉街33巷","facility_kind":"onstreet","symbol_text":null,"type_reference":"路邊停車格","type_confidence":0.6,"price_raw":null,"price_value":null,"capacity_total":1,"available_total":null,"occupied_total":null,"status_label":"狀態未知","data_time":"2026-05-02 15:53:29+08:00","city_label":"臺北市","facility_kind_label":"路邊車格","available_rate":null,"occupancy_rate":null,"price_tier":"unknown","price_tier_label":"價格未知"}},{"type":"Feature","geometry":{"type":"Point","coordinates":[121.50641,25.05209]},"properties":{"supply_id":"taipei-onstreet-6075000116","city":"taipei","district":"大同區","display_name":"環河北路（3號水門堤外）小型車 車格 6075000116","address":"環河北路（3號水門堤外）小型車","facility_kind":"onstreet","symbol_text":null,"type_reference":"路邊停車格","type_confidence":0.6,"price_raw":null,"price_value":null,"capacity_total":1,"available_total":null,"occupied_total":null,"status_label":"狀態未知","data_time":"2026-05-02 15:53:29+08:00","city_label":"臺北市","facility_kind_label":"路邊車格","available_rate":null,"occupancy_rate":null,"price_tier":"unknown","price_tier_label":"價格未知"}},{"type":"Feature","geometry":{"type":"Point","coordinates":[121.50865,25.0575]},"properties":{"supply_id":"taipei-onstreet-10254237","city":"taipei","district":"大同區","display_name":"民生西路423巷 車格 10254237","address":"民生西路423巷","facility_kind":"onstreet","symbol_text":null,"type_reference":"路邊停車格","type_confidence":0.6,"price_raw":null,"price_value":null,"capacity_total":1,"available_total":null,"occupied_total":null,"status_label":"狀態未知","data_time":"2026-05-02 15:53:29+08:00","city_label":"臺北市","facility_kind_label":"路邊車格","available_rate":null,"occupancy_rate":null,"price_tier":"unknown","price_tier_label":"價格未知"}},{"type":"Feature","geometry":{"type":"Point","coordinates":[121.51097,25.07759]},"properties":{"supply_id":"taipei-onstreet-105829418","city":"taipei","district":"大同區","display_name":"延平北路4段294巷 車格 105829418","address":"延平北路4段294巷","facility_kind":"onstreet","symbol_text":null,"type_reference":"路邊停車格","type_confidence":0.6,"price_raw":null,"price_value":null,"capacity_total":1,"available_total":null,"occupied_total":null,"status_label":"狀態未知","data_time":"2026-05-02 15:53:29+08:00","city_label":"臺北市","facility_kind_label":"路邊車格","available_rate":null,"occupancy_rate":null,"price_tier":"unknown","price_tier_label":"價格未知"}},{"type":"Feature","geometry":{"type":"Point","coordinates":[121.51765,25.06065]},"properties":{"supply_id":"taipei-onstreet-10381026","city":"taipei","district":"大同區","display_name":"民權西路102巷 車格 10381026","address":"民權西路102巷","facility_kind":"onstreet","symbol_text":null,"type_reference":"路邊停車格","type_confidence":0.6,"price_raw":null,"price_value":null,"capacity_total":1,"available_total":null,"occupied_total":null,"status_label":"狀態未知","data_time":"2026-05-02 15:53:29+08:00","city_label":"臺北市","facility_kind_label":"路邊車格","available_rate":null,"occupancy_rate":null,"price_tier":"unknown","price_tier_label":"價格未知"}},{"type":"Feature","geometry":{"type":"Point","coordinates":[121.51875,25.07766]},"properties":{"supply_id":"taipei-onstreet-613600055","city":"taipei","district":"大同區","display_name":"承德橋下停車場(堤外) 車格 613600055","address":"承德橋下停車場(堤外)","facility_kind":"onstreet","symbol_text":null,"type_reference":"路邊停車格","type_confidence":0.6,"price_raw":null,"price_value":null,"capacity_total":1,"available_total":null,"occupied_total":null,"status_label":"狀態未知","data_time":"2026-05-02 15:53:29+08:00","city_label":"臺北市","facility_kind_label":"路邊車格","available_rate":null,"occupancy_rate":null,"price_tier":"unknown","price_tier_label":"價格未知"}},{"type":"Feature","geometry":{"type":"Point","coordinates":[121.51898,25.07774]},"properties":{"supply_id":"taipei-onstreet-6136000119","city":"taipei","district":"大同區","display_name":"承德橋下停車場(堤外) 車格 6136000119","address":"承德橋下停車場(堤外)","facility_kind":"onstreet","symbol_text":null,"type_reference":"路邊停車格","type_confidence":0.6,"price_raw":null,"price_value":null,"capacity_total":1,"available_total":null,"occupied_total":null,"status_label":"狀態未知","data_time":"2026-05-02 15:53:29+08:00","city_label":"臺北市","facility_kind_label":"路邊車格","available_rate":null,"occupancy_rate":null,"price_tier":"unknown","price_tier_label":"價格未知"}},{"type":"Feature","geometry":{"type":"Point","coordinates":[121.51894,25.07748]},"properties":{"supply_id":"taipei-onstreet-613600013","city":"taipei","district":"大同區","display_name":"承德橋下停車場(堤外) 車格 613600013","address":"承德橋下停車場(堤外)","facility_kind":"onstreet","symbol_text":null,"type_reference":"路邊停車格","type_confidence":0.6,"price_raw":null,"price_value":null,"capacity_total":1,"available_total":null,"occupied_total":null,"status_label":"狀態未知","data_time":"2026-05-02 15:53:29+08:00","city_label":"臺北市","facility_kind_label":"路邊車格","available_rate":null,"occupancy_rate":null,"price_tier":"unknown","price_tier_label":"價格未知"}},{"type":"Feature","geometry":{"type":"Point","coordinates":[121.51187,25.0772]},"properties":{"supply_id":"taipei-onstreet-10582942","city":"taipei","district":"大同區","display_name":"延平北路4段294巷 車格 10582942","address":"延平北路4段294巷","facility_kind":"onstreet","symbol_text":null,"type_reference":"路邊停車格","type_confidence":0.6,"price_raw":null,"price_value":null,"capacity_total":1,"available_total":null,"occupied_total":null,"status_label":"狀態未知","data_time":"2026-05-02 15:53:29+08:00","city_label":"臺北市","facility_kind_label":"路邊車格","available_rate":null,"occupancy_rate":null,"price_tier":"unknown","price_tier_label":"價格未知"}},{"type":"Feature","geometry":{"type":"Point","coordinates":[121.51141,25.07859]},"properties":{"supply_id":"taipei-onstreet-10580A041","city":"taipei","district":"大同區","display_name":"延平北路4至5段1巷 車格 10580A041","address":"延平北路4至5段1巷","facility_kind":"onstreet","symbol_text":null,"type_reference":"路邊停車格","type_confidence":0.6,"price_raw":null,"price_value":null,"capacity_total":1,"available_total":null,"occupied_total":null,"status_label":"狀態未知","data_time":"2026-05-02 15:53:29+08:00","city_label":"臺北市","facility_kind_label":"路邊車格","available_rate":null,"occupancy_rate":null,"price_tier":"unknown","price_tier_label":"價格未知"}},{"type":"Feature","geometry":{"type":"Point","coordinates":[121.51767,25.06145]},"properties":{"supply_id":"taipei-onstreet-103810218","city":"taipei","district":"大同區","display_name":"民權西路102巷 車格 103810218","address":"民權西路102巷","facility_kind":"onstreet","symbol_text":null,"type_reference":"路邊停車格","type_confidence":0.6,"price_raw":null,"price_value":null,"capacity_total":1,"available_total":null,"occupied_total":null,"status_label":"狀態未知","data_time":"2026-05-02 15:53:29+08:00","city_label":"臺北市","facility_kind_label":"路邊車格","available_rate":null,"occupancy_rate":null,"price_tier":"unknown","price_tier_label":"價格未知"}},{"type":"Feature","geometry":{"type":"Point","coordinates":[121.51683,25.06878]},"properties":{"supply_id":"taipei-onstreet-106600A1","city":"taipei","district":"大同區","display_name":"大龍老人住宅西側無名巷 車格 106600A1","address":"大龍老人住宅西側無名巷","facility_kind":"onstreet","symbol_text":null,"type_reference":"路邊停車格","type_confidence":0.6,"price_raw":null,"price_value":null,"capacity_total":1,"available_total":null,"occupied_total":null,"status_label":"狀態未知","data_time":"2026-05-02 15:53:29+08:00","city_label":"臺北市","facility_kind_label":"路邊車格","available_rate":null,"occupancy_rate":null,"price_tier":"unknown","price_tier_label":"價格未知"}},{"type":"Feature","geometry":{"type":"Point","coordinates":[121.51008,25.07751]},"properties":{"supply_id":"taipei-onstreet-105829434","city":"taipei","district":"大同區","display_name":"延平北路4段294巷 車格 105829434","address":"延平北路4段294巷","facility_kind":"onstreet","symbol_text":null,"type_reference":"路邊停車格","type_confidence":0.6,"price_raw":null,"price_value":null,"capacity_total":1,"available_total":null,"occupied_total":null,"status_label":"狀態未知","data_time":"2026-05-02 15:53:29+08:00","city_label":"臺北市","facility_kind_label":"路邊車格","available_rate":null,"occupancy_rate":null,"price_tier":"unknown","price_tier_label":"價格未知"}},{"type":"Feature","geometry":{"type":"Point","coordinates":[121.50622,25.05194]},"properties":{"supply_id":"taipei-onstreet-6075000224","city":"taipei","district":"大同區","display_name":"環河北路（3號水門堤外）小型車 車格 6075000224","address":"環河北路（3號水門堤外）小型車","facility_kind":"onstreet","symbol_text":null,"type_reference":"路邊停車格","type_confidence":0.6,"price_raw":null,"price_value":null,"capacity_total":1,"available_total":null,"occupied_total":null,"status_label":"狀態未知","data_time":"2026-05-02 15:53:29+08:00","city_label":"臺北市","facility_kind_label":"路邊車格","available_rate":null,"occupancy_rate":null,"price_tier":"unknown","price_tier_label":"價格未知"}},{"type":"Feature","geometry":{"type":"Point","coordinates":[121.51562,25.06866]},"properties":{"supply_id":"taipei-onstreet-104200015","city":"taipei","district":"大同區","display_name":"民族西路 車格 104200015","address":"民族西路","facility_kind":"onstreet","symbol_text":null,"type_reference":"路邊停車格","type_confidence":0.6,"price_raw":null,"price_value":null,"capacity_total":1,"available_total":null,"occupied_total":null,"status_label":"狀態未知","data_time":"2026-05-02 15:53:29+08:00","city_label":"臺北市","facility_kind_label":"路邊車格","available_rate":null,"occupancy_rate":null,"price_tier":"unknown","price_tier_label":"價格未知"}},{"type":"Feature","geometry":{"type":"Point","coordinates":[121.50865,25.0536]},"properties":{"supply_id":"taipei-onstreet-1023Y0092","city":"taipei","district":"大同區","display_name":"西寧北路 車格 1023Y0092","address":"西寧北路","facility_kind":"onstreet","symbol_text":null,"type_reference":"路邊停車格","type_confidence":0.6,"price_raw":null,"price_value":null,"capacity_total":1,"available_total":null,"occupied_total":null,"status_label":"狀態未知","data_time":"2026-05-02 15:53:29+08:00","city_label":"臺北市","facility_kind_label":"路邊車格","available_rate":null,"occupancy_rate":null,"price_tier":"unknown","price_tier_label":"價格未知"}},{"type":"Feature","geometry":{"type":"Point","coordinates":[121.51168,25.07729]},"properties":{"supply_id":"taipei-onstreet-10582946","city":"taipei","district":"大同區","display_name":"延平北路4段294巷 車格 10582946","address":"延平北路4段294巷","facility_kind":"onstreet","symbol_text":null,"type_reference":"路邊停車格","type_confidence":0.6,"price_raw":null,"price_value":null,"capacity_total":1,"available_total":null,"occupied_total":null,"status_label":"狀態未知","data_time":"2026-05-02 15:53:29+08:00","city_label":"臺北市","facility_kind_label":"路邊車格","available_rate":null,"occupancy_rate":null,"price_tier":"unknown","price_tier_label":"價格未知"}},{"type":"Feature","geometry":{"type":"Point","coordinates":[121.51412,25.05694]},"properties":{"supply_id":"taipei-onstreet-102500037","city":"taipei","district":"大同區","display_name":"民生西路 車格 102500037","address":"民生西路","facility_kind":"onstreet","symbol_text":null,"type_reference":"路邊停車格","type_confidence":0.6,"price_raw":null,"price_value":null,"capacity_total":1,"available_total":null,"occupied_total":null,"status_label":"狀態未知","data_time":"2026-05-02 15:53:29+08:00","city_label":"臺北市","facility_kind_label":"路邊車格","available_rate":null,"occupancy_rate":null,"price_tier":"unknown","price_tier_label":"價格未知"}},{"type":"Feature","geometry":{"type":"Point","coordinates":[121.51535,25.07644]},"properties":{"supply_id":"taipei-onstreet-10700B021","city":"taipei","district":"大同區","display_name":"慶昌橋下停車場 車格 10700B021","address":"慶昌橋下停車場","facility_kind":"onstreet","symbol_text":null,"type_reference":"路邊停車格","type_confidence":0.6,"price_raw":null,"price_value":null,"capacity_total":1,"available_total":null,"occupied_total":null,"status_label":"狀態未知","data_time":"2026-05-02 15:53:29+08:00","city_label":"臺北市","facility_kind_label":"路邊車格","available_rate":null,"occupancy_rate":null,"price_tier":"unknown","price_tier_label":"價格未知"}},{"type":"Feature","geometry":{"type":"Point","coordinates":[121.51594,25.07039]},"properties":{"supply_id":"taipei-onstreet-106600023","city":"taipei","district":"大同區","display_name":"大龍街 車格 106600023","address":"大龍街","facility_kind":"onstreet","symbol_text":null,"type_reference":"路邊停車格","type_confidence":0.6,"price_raw":null,"price_value":null,"capacity_total":1,"available_total":1,"occupied_total":0,"status_label":"空位","data_time":"2026-05-02 15:53:29+08:00","city_label":"臺北市","facility_kind_label":"路邊車格","available_rate":1,"occupancy_rate":0,"price_tier":"unknown","price_tier_label":"價格未知"}},{"type":"Feature","geometry":{"type":"Point","coordinates":[121.51482,25.06618]},"properties":{"supply_id":"taipei-onstreet-10550618","city":"taipei","district":"大同區","display_name":"昌吉街61巷 車格 10550618","address":"昌吉街61巷","facility_kind":"onstreet","symbol_text":null,"type_reference":"路邊停車格","type_confidence":0.6,"price_raw":null,"price_value":null,"capacity_total":1,"available_total":null,"occupied_total":null,"status_label":"狀態未知","data_time":"2026-05-02 15:53:29+08:00","city_label":"臺北市","facility_kind_label":"路邊車格","available_rate":null,"occupancy_rate":null,"price_tier":"unknown","price_tier_label":"價格未知"}},{"type":"Feature","geometry":{"type":"Point","coordinates":[121.51225,25.07077]},"properties":{"supply_id":"taipei-onstreet-105104511","city":"taipei","district":"大同區","display_name":"重慶北路3段236巷45弄 車格 105104511","address":"重慶北路3段236巷45弄","facility_kind":"onstreet","symbol_text":null,"type_reference":"路邊停車格","type_confidence":0.6,"price_raw":null,"price_value":null,"capacity_total":1,"available_total":null,"occupied_total":null,"status_label":"狀態未知","data_time":"2026-05-02 15:53:29+08:00","city_label":"臺北市","facility_kind_label":"路邊車格","available_rate":null,"occupancy_rate":null,"price_tier":"unknown","price_tier_label":"價格未知"}},{"type":"Feature","geometry":{"type":"Point","coordinates":[121.51167,25.07806]},"properties":{"supply_id":"taipei-onstreet-10580A054","city":"taipei","district":"大同區","display_name":"延平北路4至5段1巷 車格 10580A054","address":"延平北路4至5段1巷","facility_kind":"onstreet","symbol_text":null,"type_reference":"路邊停車格","type_confidence":0.6,"price_raw":null,"price_value":null,"capacity_total":1,"available_total":null,"occupied_total":null,"status_label":"狀態未知","data_time":"2026-05-02 15:53:29+08:00","city_label":"臺北市","facility_kind_label":"路邊車格","available_rate":null,"occupancy_rate":null,"price_tier":"unknown","price_tier_label":"價格未知"}},{"type":"Feature","geometry":{"type":"Point","coordinates":[121.50605,25.05199]},"properties":{"supply_id":"taipei-onstreet-6075000231","city":"taipei","district":"大同區","display_name":"環河北路（3號水門堤外）小型車 車格 6075000231","address":"環河北路（3號水門堤外）小型車","facility_kind":"onstreet","symbol_text":null,"type_reference":"路邊停車格","type_confidence":0.6,"price_raw":null,"price_value":null,"capacity_total":1,"available_total":null,"occupied_total":null,"status_label":"狀態未知","data_time":"2026-05-02 15:53:29+08:00","city_label":"臺北市","facility_kind_label":"路邊車格","available_rate":null,"occupancy_rate":null,"price_tier":"unknown","price_tier_label":"價格未知"}},{"type":"Feature","geometry":{"type":"Point","coordinates":[121.51526,25.07645]},"properties":{"supply_id":"taipei-onstreet-10700B025","city":"taipei","district":"大同區","display_name":"慶昌橋下停車場 車格 10700B025","address":"慶昌橋下停車場","facility_kind":"onstreet","symbol_text":null,"type_reference":"路邊停車格","type_confidence":0.6,"price_raw":null,"price_value":null,"capacity_total":1,"available_total":null,"occupied_total":null,"status_label":"狀態未知","data_time":"2026-05-02 15:53:29+08:00","city_label":"臺北市","facility_kind_label":"路邊車格","available_rate":null,"occupancy_rate":null,"price_tier":"unknown","price_tier_label":"價格未知"}},{"type":"Feature","geometry":{"type":"Point","coordinates":[121.51491,25.05923]},"properties":{"supply_id":"taipei-onstreet-10300B013","city":"taipei","district":"大同區","display_name":"寧夏路B 車格 10300B013","address":"寧夏路B","facility_kind":"onstreet","symbol_text":null,"type_reference":"路邊停車格","type_confidence":0.6,"price_raw":null,"price_value":null,"capacity_total":1,"available_total":1,"occupied_total":0,"status_label":"空位","data_time":"2026-05-02 15:53:29+08:00","city_label":"臺北市","facility_kind_label":"路邊車格","available_rate":1,"occupancy_rate":0,"price_tier":"unknown","price_tier_label":"價格未知"}},{"type":"Feature","geometry":{"type":"Point","coordinates":[121.51552,25.0764]},"properties":{"supply_id":"taipei-onstreet-10700B015","city":"taipei","district":"大同區","display_name":"慶昌橋下停車場 車格 10700B015","address":"慶昌橋下停車場","facility_kind":"onstreet","symbol_text":null,"type_reference":"路邊停車格","type_confidence":0.6,"price_raw":null,"price_value":null,"capacity_total":1,"available_total":null,"occupied_total":null,"status_label":"狀態未知","data_time":"2026-05-02 15:53:29+08:00","city_label":"臺北市","facility_kind_label":"路邊車格","available_rate":null,"occupancy_rate":null,"price_tier":"unknown","price_tier_label":"價格未知"}},{"type":"Feature","geometry":{"type":"Point","coordinates":[121.51284,25.05937]},"properties":{"supply_id":"taipei-onstreet-103100034","city":"taipei","district":"大同區","display_name":"甘州街 車格 103100034","address":"甘州街","facility_kind":"onstreet","symbol_text":null,"type_reference":"路邊停車格","type_confidence":0.6,"price_raw":null,"price_value":null,"capacity_total":1,"available_total":1,"occupied_total":0,"status_label":"空位","data_time":"2026-05-02 15:53:29+08:00","city_label":"臺北市","facility_kind_label":"路邊車格","available_rate":1,"occupancy_rate":0,"price_tier":"unknown","price_tier_label":"價格未知"}},{"type":"Feature","geometry":{"type":"Point","coordinates":[121.50672,25.05223]},"properties":{"supply_id":"taipei-onstreet-607500014","city":"taipei","district":"大同區","display_name":"環河北路（3號水門堤外）小型車 車格 607500014","address":"環河北路（3號水門堤外）小型車","facility_kind":"onstreet","symbol_text":null,"type_reference":"路邊停車格","type_confidence":0.6,"price_raw":null,"price_value":null,"capacity_total":1,"available_total":null,"occupied_total":null,"status_label":"狀態未知","data_time":"2026-05-02 15:53:29+08:00","city_label":"臺北市","facility_kind_label":"路邊車格","available_rate":null,"occupancy_rate":null,"price_tier":"unknown","price_tier_label":"價格未知"}},{"type":"Feature","geometry":{"type":"Point","coordinates":[121.51327,25.06466]},"properties":{"supply_id":"taipei-onstreet-104100016","city":"taipei","district":"大同區","display_name":"伊寧街 車格 104100016","address":"伊寧街","facility_kind":"onstreet","symbol_text":null,"type_reference":"路邊停車格","type_confidence":0.6,"price_raw":null,"price_value":null,"capacity_total":1,"available_total":1,"occupied_total":0,"status_label":"空位","data_time":"2026-05-02 15:53:29+08:00","city_label":"臺北市","facility_kind_label":"路邊車格","available_rate":1,"occupancy_rate":0,"price_tier":"unknown","price_tier_label":"價格未知"}},{"type":"Feature","geometry":{"type":"Point","coordinates":[121.51245,25.07649]},"properties":{"supply_id":"taipei-onstreet-107000025","city":"taipei","district":"大同區","display_name":"敦煌路 車格 107000025","address":"敦煌路","facility_kind":"onstreet","symbol_text":null,"type_reference":"路邊停車格","type_confidence":0.6,"price_raw":null,"price_value":null,"capacity_total":1,"available_total":null,"occupied_total":null,"status_label":"狀態未知","data_time":"2026-05-02 15:53:29+08:00","city_label":"臺北市","facility_kind_label":"路邊車格","available_rate":null,"occupancy_rate":null,"price_tier":"unknown","price_tier_label":"價格未知"}},{"type":"Feature","geometry":{"type":"Point","coordinates":[121.51268,25.06035]},"properties":{"supply_id":"taipei-onstreet-10310006","city":"taipei","district":"大同區","display_name":"甘州街 車格 10310006","address":"甘州街","facility_kind":"onstreet","symbol_text":null,"type_reference":"路邊停車格","type_confidence":0.6,"price_raw":null,"price_value":null,"capacity_total":1,"available_total":null,"occupied_total":null,"status_label":"狀態未知","data_time":"2026-05-02 15:53:29+08:00","city_label":"臺北市","facility_kind_label":"路邊車格","available_rate":null,"occupancy_rate":null,"price_tier":"unknown","price_tier_label":"價格未知"}},{"type":"Feature","geometry":{"type":"Point","coordinates":[121.51631,25.05516]},"properties":{"supply_id":"taipei-onstreet-10160004","city":"taipei","district":"大同區","display_name":"平陽街 車格 10160004","address":"平陽街","facility_kind":"onstreet","symbol_text":null,"type_reference":"路邊停車格","type_confidence":0.6,"price_raw":null,"price_value":null,"capacity_total":1,"available_total":null,"occupied_total":null,"status_label":"狀態未知","data_time":"2026-05-02 15:53:29+08:00","city_label":"臺北市","facility_kind_label":"路邊車格","available_rate":null,"occupancy_rate":null,"price_tier":"unknown","price_tier_label":"價格未知"}},{"type":"Feature","geometry":{"type":"Point","coordinates":[121.51823,25.07798]},"properties":{"supply_id":"taipei-onstreet-6136000143","city":"taipei","district":"大同區","display_name":"承德橋下停車場(堤外) 車格 6136000143","address":"承德橋下停車場(堤外)","facility_kind":"onstreet","symbol_text":null,"type_reference":"路邊停車格","type_confidence":0.6,"price_raw":null,"price_value":null,"capacity_total":1,"available_total":null,"occupied_total":null,"status_label":"狀態未知","data_time":"2026-05-02 15:53:29+08:00","city_label":"臺北市","facility_kind_label":"路邊車格","available_rate":null,"occupancy_rate":null,"price_tier":"unknown","price_tier_label":"價格未知"}},{"type":"Feature","geometry":{"type":"Point","coordinates":[121.51766,25.06089]},"properties":{"supply_id":"taipei-onstreet-103810211","city":"taipei","district":"大同區","display_name":"民權西路102巷 車格 103810211","address":"民權西路102巷","facility_kind":"onstreet","symbol_text":null,"type_reference":"路邊停車格","type_confidence":0.6,"price_raw":null,"price_value":null,"capacity_total":1,"available_total":null,"occupied_total":null,"status_label":"狀態未知","data_time":"2026-05-02 15:53:29+08:00","city_label":"臺北市","facility_kind_label":"路邊車格","available_rate":null,"occupancy_rate":null,"price_tier":"unknown","price_tier_label":"價格未知"}},{"type":"Feature","geometry":{"type":"Point","coordinates":[121.51825,25.07797]},"properties":{"supply_id":"taipei-onstreet-6136000142","city":"taipei","district":"大同區","display_name":"承德橋下停車場(堤外) 車格 6136000142","address":"承德橋下停車場(堤外)","facility_kind":"onstreet","symbol_text":null,"type_reference":"路邊停車格","type_confidence":0.6,"price_raw":null,"price_value":null,"capacity_total":1,"available_total":null,"occupied_total":null,"status_label":"狀態未知","data_time":"2026-05-02 15:53:29+08:00","city_label":"臺北市","facility_kind_label":"路邊車格","available_rate":null,"occupancy_rate":null,"price_tier":"unknown","price_tier_label":"價格未知"}},{"type":"Feature","geometry":{"type":"Point","coordinates":[121.51912,25.07769]},"properties":{"supply_id":"taipei-onstreet-6136000113","city":"taipei","district":"大同區","display_name":"承德橋下停車場(堤外) 車格 6136000113","address":"承德橋下停車場(堤外)","facility_kind":"onstreet","symbol_text":null,"type_reference":"路邊停車格","type_confidence":0.6,"price_raw":null,"price_value":null,"capacity_total":1,"available_total":null,"occupied_total":null,"status_label":"狀態未知","data_time":"2026-05-02 15:53:29+08:00","city_label":"臺北市","facility_kind_label":"路邊車格","available_rate":null,"occupancy_rate":null,"price_tier":"unknown","price_tier_label":"價格未知"}},{"type":"Feature","geometry":{"type":"Point","coordinates":[121.50993,25.05123]},"properties":{"supply_id":"taipei-onstreet-10101435","city":"taipei","district":"大同區","display_name":"鄭州路143巷 車格 10101435","address":"鄭州路143巷","facility_kind":"onstreet","symbol_text":null,"type_reference":"路邊停車格","type_confidence":0.6,"price_raw":null,"price_value":null,"capacity_total":1,"available_total":null,"occupied_total":null,"status_label":"狀態未知","data_time":"2026-05-02 15:53:29+08:00","city_label":"臺北市","facility_kind_label":"路邊車格","available_rate":null,"occupancy_rate":null,"price_tier":"unknown","price_tier_label":"價格未知"}},{"type":"Feature","geometry":{"type":"Point","coordinates":[121.51272,25.06874]},"properties":{"supply_id":"taipei-onstreet-104200035","city":"taipei","district":"大同區","display_name":"民族西路 車格 104200035","address":"民族西路","facility_kind":"onstreet","symbol_text":null,"type_reference":"路邊停車格","type_confidence":0.6,"price_raw":null,"price_value":null,"capacity_total":1,"available_total":1,"occupied_total":0,"status_label":"空位","data_time":"2026-05-02 15:53:29+08:00","city_label":"臺北市","facility_kind_label":"路邊車格","available_rate":1,"occupancy_rate":0,"price_tier":"unknown","price_tier_label":"價格未知"}},{"type":"Feature","geometry":{"type":"Point","coordinates":[121.51199,25.07777]},"properties":{"supply_id":"taipei-onstreet-10580A010","city":"taipei","district":"大同區","display_name":"延平北路4至5段1巷 車格 10580A010","address":"延平北路4至5段1巷","facility_kind":"onstreet","symbol_text":null,"type_reference":"路邊停車格","type_confidence":0.6,"price_raw":null,"price_value":null,"capacity_total":1,"available_total":null,"occupied_total":null,"status_label":"狀態未知","data_time":"2026-05-02 15:53:29+08:00","city_label":"臺北市","facility_kind_label":"路邊車格","available_rate":null,"occupancy_rate":null,"price_tier":"unknown","price_tier_label":"價格未知"}},{"type":"Feature","geometry":{"type":"Point","coordinates":[121.51214,25.0774]},"properties":{"supply_id":"taipei-onstreet-10580A01","city":"taipei","district":"大同區","display_name":"延平北路4至5段1巷 車格 10580A01","address":"延平北路4至5段1巷","facility_kind":"onstreet","symbol_text":null,"type_reference":"路邊停車格","type_confidence":0.6,"price_raw":null,"price_value":null,"capacity_total":1,"available_total":null,"occupied_total":null,"status_label":"狀態未知","data_time":"2026-05-02 15:53:29+08:00","city_label":"臺北市","facility_kind_label":"路邊車格","available_rate":null,"occupancy_rate":null,"price_tier":"unknown","price_tier_label":"價格未知"}},{"type":"Feature","geometry":{"type":"Point","coordinates":[121.51895,25.07542]},"properties":{"supply_id":"taipei-onstreet-10700A071","city":"taipei","district":"大同區","display_name":"敦煌路A 車格 10700A071","address":"敦煌路A","facility_kind":"onstreet","symbol_text":null,"type_reference":"路邊停車格","type_confidence":0.6,"price_raw":null,"price_value":null,"capacity_total":1,"available_total":null,"occupied_total":null,"status_label":"狀態未知","data_time":"2026-05-02 15:53:29+08:00","city_label":"臺北市","facility_kind_label":"路邊車格","available_rate":null,"occupancy_rate":null,"price_tier":"unknown","price_tier_label":"價格未知"}},{"type":"Feature","geometry":{"type":"Point","coordinates":[121.5161,25.07672]},"properties":{"supply_id":"taipei-onstreet-107002119","city":"taipei","district":"大同區","display_name":"敦煌路21巷 車格 107002119","address":"敦煌路21巷","facility_kind":"onstreet","symbol_text":null,"type_reference":"路邊停車格","type_confidence":0.6,"price_raw":null,"price_value":null,"capacity_total":1,"available_total":null,"occupied_total":null,"status_label":"狀態未知","data_time":"2026-05-02 15:53:29+08:00","city_label":"臺北市","facility_kind_label":"路邊車格","available_rate":null,"occupancy_rate":null,"price_tier":"unknown","price_tier_label":"價格未知"}},{"type":"Feature","geometry":{"type":"Point","coordinates":[121.51891,25.07748]},"properties":{"supply_id":"taipei-onstreet-613600012","city":"taipei","district":"大同區","display_name":"承德橋下停車場(堤外) 車格 613600012","address":"承德橋下停車場(堤外)","facility_kind":"onstreet","symbol_text":null,"type_reference":"路邊停車格","type_confidence":0.6,"price_raw":null,"price_value":null,"capacity_total":1,"available_total":null,"occupied_total":null,"status_label":"狀態未知","data_time":"2026-05-02 15:53:29+08:00","city_label":"臺北市","facility_kind_label":"路邊車格","available_rate":null,"occupancy_rate":null,"price_tier":"unknown","price_tier_label":"價格未知"}},{"type":"Feature","geometry":{"type":"Point","coordinates":[121.51802,25.07803]},"properties":{"supply_id":"taipei-onstreet-6136000161","city":"taipei","district":"大同區","display_name":"承德橋下停車場(堤外) 車格 6136000161","address":"承德橋下停車場(堤外)","facility_kind":"onstreet","symbol_text":null,"type_reference":"路邊停車格","type_confidence":0.6,"price_raw":null,"price_value":null,"capacity_total":1,"available_total":null,"occupied_total":null,"status_label":"狀態未知","data_time":"2026-05-02 15:53:29+08:00","city_label":"臺北市","facility_kind_label":"路邊車格","available_rate":null,"occupancy_rate":null,"price_tier":"unknown","price_tier_label":"價格未知"}},{"type":"Feature","geometry":{"type":"Point","coordinates":[121.51104,25.05422]},"properties":{"supply_id":"taipei-onstreet-10320B04","city":"taipei","district":"大同區","display_name":"民樂街 車格 10320B04","address":"民樂街","facility_kind":"onstreet","symbol_text":null,"type_reference":"路邊停車格","type_confidence":0.6,"price_raw":null,"price_value":null,"capacity_total":1,"available_total":null,"occupied_total":null,"status_label":"狀態未知","data_time":"2026-05-02 15:53:29+08:00","city_label":"臺北市","facility_kind_label":"路邊車格","available_rate":null,"occupancy_rate":null,"price_tier":"unknown","price_tier_label":"價格未知"}},{"type":"Feature","geometry":{"type":"Point","coordinates":[121.51208,25.07756]},"properties":{"supply_id":"taipei-onstreet-10580A05","city":"taipei","district":"大同區","display_name":"延平北路4至5段1巷 車格 10580A05","address":"延平北路4至5段1巷","facility_kind":"onstreet","symbol_text":null,"type_reference":"路邊停車格","type_confidence":0.6,"price_raw":null,"price_value":null,"capacity_total":1,"available_total":null,"occupied_total":null,"status_label":"狀態未知","data_time":"2026-05-02 15:53:29+08:00","city_label":"臺北市","facility_kind_label":"路邊車格","available_rate":null,"occupancy_rate":null,"price_tier":"unknown","price_tier_label":"價格未知"}},{"type":"Feature","geometry":{"type":"Point","coordinates":[121.51233,25.0719]},"properties":{"supply_id":"taipei-onstreet-10510452","city":"taipei","district":"大同區","display_name":"重慶北路3段236巷45弄 車格 10510452","address":"重慶北路3段236巷45弄","facility_kind":"onstreet","symbol_text":null,"type_reference":"路邊停車格","type_confidence":0.6,"price_raw":null,"price_value":null,"capacity_total":1,"available_total":null,"occupied_total":null,"status_label":"狀態未知","data_time":"2026-05-02 15:53:29+08:00","city_label":"臺北市","facility_kind_label":"路邊車格","available_rate":null,"occupancy_rate":null,"price_tier":"unknown","price_tier_label":"價格未知"}},{"type":"Feature","geometry":{"type":"Point","coordinates":[121.51884,25.07769]},"properties":{"supply_id":"taipei-onstreet-613600072","city":"taipei","district":"大同區","display_name":"承德橋下停車場(堤外) 車格 613600072","address":"承德橋下停車場(堤外)","facility_kind":"onstreet","symbol_text":null,"type_reference":"路邊停車格","type_confidence":0.6,"price_raw":null,"price_value":null,"capacity_total":1,"available_total":null,"occupied_total":null,"status_label":"狀態未知","data_time":"2026-05-02 15:53:29+08:00","city_label":"臺北市","facility_kind_label":"路邊車格","available_rate":null,"occupancy_rate":null,"price_tier":"unknown","price_tier_label":"價格未知"}},{"type":"Feature","geometry":{"type":"Point","coordinates":[121.51286,25.07285]},"properties":{"supply_id":"taipei-onstreet-106900047","city":"taipei","district":"大同區","display_name":"哈密街 車格 106900047","address":"哈密街","facility_kind":"onstreet","symbol_text":null,"type_reference":"路邊停車格","type_confidence":0.6,"price_raw":null,"price_value":null,"capacity_total":1,"available_total":null,"occupied_total":null,"status_label":"狀態未知","data_time":"2026-05-02 15:53:29+08:00","city_label":"臺北市","facility_kind_label":"路邊車格","available_rate":null,"occupancy_rate":null,"price_tier":"unknown","price_tier_label":"價格未知"}},{"type":"Feature","geometry":{"type":"Point","coordinates":[121.50865,25.05365]},"properties":{"supply_id":"taipei-onstreet-1023Y0090","city":"taipei","district":"大同區","display_name":"西寧北路 車格 1023Y0090","address":"西寧北路","facility_kind":"onstreet","symbol_text":null,"type_reference":"路邊停車格","type_confidence":0.6,"price_raw":null,"price_value":null,"capacity_total":1,"available_total":null,"occupied_total":null,"status_label":"狀態未知","data_time":"2026-05-02 15:53:29+08:00","city_label":"臺北市","facility_kind_label":"路邊車格","available_rate":null,"occupancy_rate":null,"price_tier":"unknown","price_tier_label":"價格未知"}},{"type":"Feature","geometry":{"type":"Point","coordinates":[121.51544,25.07638]},"properties":{"supply_id":"taipei-onstreet-10700B047","city":"taipei","district":"大同區","display_name":"慶昌橋下停車場 車格 10700B047","address":"慶昌橋下停車場","facility_kind":"onstreet","symbol_text":null,"type_reference":"路邊停車格","type_confidence":0.6,"price_raw":null,"price_value":null,"capacity_total":1,"available_total":null,"occupied_total":null,"status_label":"狀態未知","data_time":"2026-05-02 15:53:29+08:00","city_label":"臺北市","facility_kind_label":"路邊車格","available_rate":null,"occupancy_rate":null,"price_tier":"unknown","price_tier_label":"價格未知"}},{"type":"Feature","geometry":{"type":"Point","coordinates":[121.51682,25.06428]},"properties":{"supply_id":"taipei-onstreet-104502404","city":"taipei","district":"大同區","display_name":"承德路3段24巷 車格 104502404","address":"承德路3段24巷","facility_kind":"onstreet","symbol_text":null,"type_reference":"路邊停車格","type_confidence":0.6,"price_raw":null,"price_value":null,"capacity_total":1,"available_total":1,"occupied_total":0,"status_label":"空位","data_time":"2026-05-02 15:53:29+08:00","city_label":"臺北市","facility_kind_label":"路邊車格","available_rate":1,"occupancy_rate":0,"price_tier":"unknown","price_tier_label":"價格未知"}},{"type":"Feature","geometry":{"type":"Point","coordinates":[121.51877,25.07765]},"properties":{"supply_id":"taipei-onstreet-613600054","city":"taipei","district":"大同區","display_name":"承德橋下停車場(堤外) 車格 613600054","address":"承德橋下停車場(堤外)","facility_kind":"onstreet","symbol_text":null,"type_reference":"路邊停車格","type_confidence":0.6,"price_raw":null,"price_value":null,"capacity_total":1,"available_total":null,"occupied_total":null,"status_label":"狀態未知","data_time":"2026-05-02 15:53:29+08:00","city_label":"臺北市","facility_kind_label":"路邊車格","available_rate":null,"occupancy_rate":null,"price_tier":"unknown","price_tier_label":"價格未知"}},{"type":"Feature","geometry":{"type":"Point","coordinates":[121.51587,25.06068]},"properties":{"supply_id":"taipei-onstreet-102905345","city":"taipei","district":"大同區","display_name":"錦西街53巷 車格 102905345","address":"錦西街53巷","facility_kind":"onstreet","symbol_text":null,"type_reference":"路邊停車格","type_confidence":0.6,"price_raw":null,"price_value":null,"capacity_total":1,"available_total":1,"occupied_total":0,"status_label":"空位","data_time":"2026-05-02 15:53:29+08:00","city_label":"臺北市","facility_kind_label":"路邊車格","available_rate":1,"occupancy_rate":0,"price_tier":"unknown","price_tier_label":"價格未知"}},{"type":"Feature","geometry":{"type":"Point","coordinates":[121.519,25.07757]},"properties":{"supply_id":"taipei-onstreet-613600044","city":"taipei","district":"大同區","display_name":"承德橋下停車場(堤外) 車格 613600044","address":"承德橋下停車場(堤外)","facility_kind":"onstreet","symbol_text":null,"type_reference":"路邊停車格","type_confidence":0.6,"price_raw":null,"price_value":null,"capacity_total":1,"available_total":null,"occupied_total":null,"status_label":"狀態未知","data_time":"2026-05-02 15:53:29+08:00","city_label":"臺北市","facility_kind_label":"路邊車格","available_rate":null,"occupancy_rate":null,"price_tier":"unknown","price_tier_label":"價格未知"}},{"type":"Feature","geometry":{"type":"Point","coordinates":[121.51225,25.0765]},"properties":{"supply_id":"taipei-onstreet-107000016","city":"taipei","district":"大同區","display_name":"敦煌路 車格 107000016","address":"敦煌路","facility_kind":"onstreet","symbol_text":null,"type_reference":"路邊停車格","type_confidence":0.6,"price_raw":null,"price_value":null,"capacity_total":1,"available_total":null,"occupied_total":null,"status_label":"狀態未知","data_time":"2026-05-02 15:53:29+08:00","city_label":"臺北市","facility_kind_label":"路邊車格","available_rate":null,"occupancy_rate":null,"price_tier":"unknown","price_tier_label":"價格未知"}},{"type":"Feature","geometry":{"type":"Point","coordinates":[121.51818,25.07579]},"properties":{"supply_id":"taipei-onstreet-10700A038","city":"taipei","district":"大同區","display_name":"敦煌路A 車格 10700A038","address":"敦煌路A","facility_kind":"onstreet","symbol_text":null,"type_reference":"路邊停車格","type_confidence":0.6,"price_raw":null,"price_value":null,"capacity_total":1,"available_total":null,"occupied_total":null,"status_label":"狀態未知","data_time":"2026-05-02 15:53:29+08:00","city_label":"臺北市","facility_kind_label":"路邊車格","available_rate":null,"occupancy_rate":null,"price_tier":"unknown","price_tier_label":"價格未知"}},{"type":"Feature","geometry":{"type":"Point","coordinates":[121.51535,25.05068]},"properties":{"supply_id":"taipei-onstreet-101500A80","city":"taipei","district":"大同區","display_name":"太原路A 車格 101500A80","address":"太原路A","facility_kind":"onstreet","symbol_text":null,"type_reference":"路邊停車格","type_confidence":0.6,"price_raw":null,"price_value":null,"capacity_total":1,"available_total":1,"occupied_total":0,"status_label":"空位","data_time":"2026-05-02 15:53:29+08:00","city_label":"臺北市","facility_kind_label":"路邊車格","available_rate":1,"occupancy_rate":0,"price_tier":"unknown","price_tier_label":"價格未知"}},{"type":"Feature","geometry":{"type":"Point","coordinates":[121.51189,25.07797]},"properties":{"supply_id":"taipei-onstreet-10580A015","city":"taipei","district":"大同區","display_name":"延平北路4至5段1巷 車格 10580A015","address":"延平北路4至5段1巷","facility_kind":"onstreet","symbol_text":null,"type_reference":"路邊停車格","type_confidence":0.6,"price_raw":null,"price_value":null,"capacity_total":1,"available_total":null,"occupied_total":null,"status_label":"狀態未知","data_time":"2026-05-02 15:53:29+08:00","city_label":"臺北市","facility_kind_label":"路邊車格","available_rate":null,"occupancy_rate":null,"price_tier":"unknown","price_tier_label":"價格未知"}},{"type":"Feature","geometry":{"type":"Point","coordinates":[121.5121,25.07752]},"properties":{"supply_id":"taipei-onstreet-10580A04","city":"taipei","district":"大同區","display_name":"延平北路4至5段1巷 車格 10580A04","address":"延平北路4至5段1巷","facility_kind":"onstreet","symbol_text":null,"type_reference":"路邊停車格","type_confidence":0.6,"price_raw":null,"price_value":null,"capacity_total":1,"available_total":null,"occupied_total":null,"status_label":"狀態未知","data_time":"2026-05-02 15:53:29+08:00","city_label":"臺北市","facility_kind_label":"路邊車格","available_rate":null,"occupancy_rate":null,"price_tier":"unknown","price_tier_label":"價格未知"}},{"type":"Feature","geometry":{"type":"Point","coordinates":[121.51588,25.0619]},"properties":{"supply_id":"taipei-onstreet-102905359","city":"taipei","district":"大同區","display_name":"錦西街53巷 車格 102905359","address":"錦西街53巷","facility_kind":"onstreet","symbol_text":null,"type_reference":"路邊停車格","type_confidence":0.6,"price_raw":null,"price_value":null,"capacity_total":1,"available_total":1,"occupied_total":0,"status_label":"空位","data_time":"2026-05-02 15:53:29+08:00","city_label":"臺北市","facility_kind_label":"路邊車格","available_rate":1,"occupancy_rate":0,"price_tier":"unknown","price_tier_label":"價格未知"}},{"type":"Feature","geometry":{"type":"Point","coordinates":[121.51919,25.07767]},"properties":{"supply_id":"taipei-onstreet-6136000110","city":"taipei","district":"大同區","display_name":"承德橋下停車場(堤外) 車格 6136000110","address":"承德橋下停車場(堤外)","facility_kind":"onstreet","symbol_text":null,"type_reference":"路邊停車格","type_confidence":0.6,"price_raw":null,"price_value":null,"capacity_total":1,"available_total":null,"occupied_total":null,"status_label":"狀態未知","data_time":"2026-05-02 15:53:29+08:00","city_label":"臺北市","facility_kind_label":"路邊車格","available_rate":null,"occupancy_rate":null,"price_tier":"unknown","price_tier_label":"價格未知"}},{"type":"Feature","geometry":{"type":"Point","coordinates":[121.5108,25.05831]},"properties":{"supply_id":"taipei-onstreet-103600052","city":"taipei","district":"大同區","display_name":"歸綏街 車格 103600052","address":"歸綏街","facility_kind":"onstreet","symbol_text":null,"type_reference":"路邊停車格","type_confidence":0.6,"price_raw":null,"price_value":null,"capacity_total":1,"available_total":null,"occupied_total":null,"status_label":"狀態未知","data_time":"2026-05-02 15:53:29+08:00","city_label":"臺北市","facility_kind_label":"路邊車格","available_rate":null,"occupancy_rate":null,"price_tier":"unknown","price_tier_label":"價格未知"}},{"type":"Feature","geometry":{"type":"Point","coordinates":[121.51842,25.07787]},"properties":{"supply_id":"taipei-onstreet-6136000134","city":"taipei","district":"大同區","display_name":"承德橋下停車場(堤外) 車格 6136000134","address":"承德橋下停車場(堤外)","facility_kind":"onstreet","symbol_text":null,"type_reference":"路邊停車格","type_confidence":0.6,"price_raw":null,"price_value":null,"capacity_total":1,"available_total":null,"occupied_total":null,"status_label":"狀態未知","data_time":"2026-05-02 15:53:29+08:00","city_label":"臺北市","facility_kind_label":"路邊車格","available_rate":null,"occupancy_rate":null,"price_tier":"unknown","price_tier_label":"價格未知"}},{"type":"Feature","geometry":{"type":"Point","coordinates":[121.51439,25.06209]},"properties":{"supply_id":"taipei-onstreet-104000A3","city":"taipei","district":"大同區","display_name":"蘭州街A 車格 104000A3","address":"蘭州街A","facility_kind":"onstreet","symbol_text":null,"type_reference":"路邊停車格","type_confidence":0.6,"price_raw":null,"price_value":null,"capacity_total":1,"available_total":null,"occupied_total":null,"status_label":"狀態未知","data_time":"2026-05-02 15:53:29+08:00","city_label":"臺北市","facility_kind_label":"路邊車格","available_rate":null,"occupancy_rate":null,"price_tier":"unknown","price_tier_label":"價格未知"}},{"type":"Feature","geometry":{"type":"Point","coordinates":[121.51074,25.0776]},"properties":{"supply_id":"taipei-onstreet-105829449","city":"taipei","district":"大同區","display_name":"延平北路4段294巷 車格 105829449","address":"延平北路4段294巷","facility_kind":"onstreet","symbol_text":null,"type_reference":"路邊停車格","type_confidence":0.6,"price_raw":null,"price_value":null,"capacity_total":1,"available_total":null,"occupied_total":null,"status_label":"狀態未知","data_time":"2026-05-02 15:53:29+08:00","city_label":"臺北市","facility_kind_label":"路邊車格","available_rate":null,"occupancy_rate":null,"price_tier":"unknown","price_tier_label":"價格未知"}},{"type":"Feature","geometry":{"type":"Point","coordinates":[121.50912,25.07346]},"properties":{"supply_id":"taipei-onstreet-106500016","city":"taipei","district":"大同區","display_name":"環河北路2段 車格 106500016","address":"環河北路2段","facility_kind":"onstreet","symbol_text":null,"type_reference":"路邊停車格","type_confidence":0.6,"price_raw":null,"price_value":null,"capacity_total":1,"available_total":null,"occupied_total":null,"status_label":"狀態未知","data_time":"2026-05-02 15:53:29+08:00","city_label":"臺北市","facility_kind_label":"路邊車格","available_rate":null,"occupancy_rate":null,"price_tier":"unknown","price_tier_label":"價格未知"}},{"type":"Feature","geometry":{"type":"Point","coordinates":[121.51472,25.06868]},"properties":{"supply_id":"taipei-onstreet-104200023","city":"taipei","district":"大同區","display_name":"民族西路 車格 104200023","address":"民族西路","facility_kind":"onstreet","symbol_text":null,"type_reference":"路邊停車格","type_confidence":0.6,"price_raw":null,"price_value":null,"capacity_total":1,"available_total":1,"occupied_total":0,"status_label":"空位","data_time":"2026-05-02 15:53:29+08:00","city_label":"臺北市","facility_kind_label":"路邊車格","available_rate":1,"occupancy_rate":0,"price_tier":"unknown","price_tier_label":"價格未知"}},{"type":"Feature","geometry":{"type":"Point","coordinates":[121.51595,25.07005]},"properties":{"supply_id":"taipei-onstreet-106600016","city":"taipei","district":"大同區","display_name":"大龍街 車格 106600016","address":"大龍街","facility_kind":"onstreet","symbol_text":null,"type_reference":"路邊停車格","type_confidence":0.6,"price_raw":null,"price_value":null,"capacity_total":1,"available_total":1,"occupied_total":0,"status_label":"空位","data_time":"2026-05-02 15:53:29+08:00","city_label":"臺北市","facility_kind_label":"路邊車格","available_rate":1,"occupancy_rate":0,"price_tier":"unknown","price_tier_label":"價格未知"}},{"type":"Feature","geometry":{"type":"Point","coordinates":[121.51008,25.05335]},"properties":{"supply_id":"taipei-onstreet-10130B051","city":"taipei","district":"大同區","display_name":"南京西路B 車格 10130B051","address":"南京西路B","facility_kind":"onstreet","symbol_text":null,"type_reference":"路邊停車格","type_confidence":0.6,"price_raw":null,"price_value":null,"capacity_total":1,"available_total":1,"occupied_total":0,"status_label":"空位","data_time":"2026-05-02 15:53:29+08:00","city_label":"臺北市","facility_kind_label":"路邊車格","available_rate":1,"occupancy_rate":0,"price_tier":"unknown","price_tier_label":"價格未知"}},{"type":"Feature","geometry":{"type":"Point","coordinates":[121.51489,25.05696]},"properties":{"supply_id":"taipei-onstreet-102500045","city":"taipei","district":"大同區","display_name":"民生西路 車格 102500045","address":"民生西路","facility_kind":"onstreet","symbol_text":null,"type_reference":"路邊停車格","type_confidence":0.6,"price_raw":null,"price_value":null,"capacity_total":1,"available_total":null,"occupied_total":null,"status_label":"狀態未知","data_time":"2026-05-02 15:53:29+08:00","city_label":"臺北市","facility_kind_label":"路邊車格","available_rate":null,"occupancy_rate":null,"price_tier":"unknown","price_tier_label":"價格未知"}},{"type":"Feature","geometry":{"type":"Point","coordinates":[121.51231,25.0765]},"properties":{"supply_id":"taipei-onstreet-107000019","city":"taipei","district":"大同區","display_name":"敦煌路 車格 107000019","address":"敦煌路","facility_kind":"onstreet","symbol_text":null,"type_reference":"路邊停車格","type_confidence":0.6,"price_raw":null,"price_value":null,"capacity_total":1,"available_total":null,"occupied_total":null,"status_label":"狀態未知","data_time":"2026-05-02 15:53:29+08:00","city_label":"臺北市","facility_kind_label":"路邊車格","available_rate":null,"occupancy_rate":null,"price_tier":"unknown","price_tier_label":"價格未知"}},{"type":"Feature","geometry":{"type":"Point","coordinates":[121.50906,25.07402]},"properties":{"supply_id":"taipei-onstreet-106500027","city":"taipei","district":"大同區","display_name":"環河北路2段 車格 106500027","address":"環河北路2段","facility_kind":"onstreet","symbol_text":null,"type_reference":"路邊停車格","type_confidence":0.6,"price_raw":null,"price_value":null,"capacity_total":1,"available_total":null,"occupied_total":null,"status_label":"狀態未知","data_time":"2026-05-02 15:53:29+08:00","city_label":"臺北市","facility_kind_label":"路邊車格","available_rate":null,"occupancy_rate":null,"price_tier":"unknown","price_tier_label":"價格未知"}},{"type":"Feature","geometry":{"type":"Point","coordinates":[121.51956,25.07759]},"properties":{"supply_id":"taipei-onstreet-6136000102","city":"taipei","district":"大同區","display_name":"承德橋下停車場(堤外) 車格 6136000102","address":"承德橋下停車場(堤外)","facility_kind":"onstreet","symbol_text":null,"type_reference":"路邊停車格","type_confidence":0.6,"price_raw":null,"price_value":null,"capacity_total":1,"available_total":null,"occupied_total":null,"status_label":"狀態未知","data_time":"2026-05-02 15:53:29+08:00","city_label":"臺北市","facility_kind_label":"路邊車格","available_rate":null,"occupancy_rate":null,"price_tier":"unknown","price_tier_label":"價格未知"}},{"type":"Feature","geometry":{"type":"Point","coordinates":[121.51827,25.07795]},"properties":{"supply_id":"taipei-onstreet-6136000141","city":"taipei","district":"大同區","display_name":"承德橋下停車場(堤外) 車格 6136000141","address":"承德橋下停車場(堤外)","facility_kind":"onstreet","symbol_text":null,"type_reference":"路邊停車格","type_confidence":0.6,"price_raw":null,"price_value":null,"capacity_total":1,"available_total":null,"occupied_total":null,"status_label":"狀態未知","data_time":"2026-05-02 15:53:29+08:00","city_label":"臺北市","facility_kind_label":"路邊車格","available_rate":null,"occupancy_rate":null,"price_tier":"unknown","price_tier_label":"價格未知"}},{"type":"Feature","geometry":{"type":"Point","coordinates":[121.51151,25.07838]},"properties":{"supply_id":"taipei-onstreet-10580A046","city":"taipei","district":"大同區","display_name":"延平北路4至5段1巷 車格 10580A046","address":"延平北路4至5段1巷","facility_kind":"onstreet","symbol_text":null,"type_reference":"路邊停車格","type_confidence":0.6,"price_raw":null,"price_value":null,"capacity_total":1,"available_total":null,"occupied_total":null,"status_label":"狀態未知","data_time":"2026-05-02 15:53:29+08:00","city_label":"臺北市","facility_kind_label":"路邊車格","available_rate":null,"occupancy_rate":null,"price_tier":"unknown","price_tier_label":"價格未知"}},{"type":"Feature","geometry":{"type":"Point","coordinates":[121.51087,25.07763]},"properties":{"supply_id":"taipei-onstreet-105829420","city":"taipei","district":"大同區","display_name":"延平北路4段294巷 車格 105829420","address":"延平北路4段294巷","facility_kind":"onstreet","symbol_text":null,"type_reference":"路邊停車格","type_confidence":0.6,"price_raw":null,"price_value":null,"capacity_total":1,"available_total":null,"occupied_total":null,"status_label":"狀態未知","data_time":"2026-05-02 15:53:29+08:00","city_label":"臺北市","facility_kind_label":"路邊車格","available_rate":null,"occupancy_rate":null,"price_tier":"unknown","price_tier_label":"價格未知"}},{"type":"Feature","geometry":{"type":"Point","coordinates":[121.51477,25.05696]},"properties":{"supply_id":"taipei-onstreet-102500043","city":"taipei","district":"大同區","display_name":"民生西路 車格 102500043","address":"民生西路","facility_kind":"onstreet","symbol_text":null,"type_reference":"路邊停車格","type_confidence":0.6,"price_raw":null,"price_value":null,"capacity_total":1,"available_total":null,"occupied_total":null,"status_label":"狀態未知","data_time":"2026-05-02 15:53:29+08:00","city_label":"臺北市","facility_kind_label":"路邊車格","available_rate":null,"occupancy_rate":null,"price_tier":"unknown","price_tier_label":"價格未知"}},{"type":"Feature","geometry":{"type":"Point","coordinates":[121.51313,25.05322]},"properties":{"supply_id":"taipei-onstreet-521400036","city":"taipei","district":"大同區","display_name":"華亭街 車格 521400036","address":"華亭街","facility_kind":"onstreet","symbol_text":null,"type_reference":"路邊停車格","type_confidence":0.6,"price_raw":null,"price_value":null,"capacity_total":1,"available_total":1,"occupied_total":0,"status_label":"空位","data_time":"2026-05-02 15:53:29+08:00","city_label":"臺北市","facility_kind_label":"路邊車格","available_rate":1,"occupancy_rate":0,"price_tier":"unknown","price_tier_label":"價格未知"}},{"type":"Feature","geometry":{"type":"Point","coordinates":[121.51817,25.07795]},"properties":{"supply_id":"taipei-onstreet-6136000166","city":"taipei","district":"大同區","display_name":"承德橋下停車場(堤外) 車格 6136000166","address":"承德橋下停車場(堤外)","facility_kind":"onstreet","symbol_text":null,"type_reference":"路邊停車格","type_confidence":0.6,"price_raw":null,"price_value":null,"capacity_total":1,"available_total":null,"occupied_total":null,"status_label":"狀態未知","data_time":"2026-05-02 15:53:29+08:00","city_label":"臺北市","facility_kind_label":"路邊車格","available_rate":null,"occupancy_rate":null,"price_tier":"unknown","price_tier_label":"價格未知"}},{"type":"Feature","geometry":{"type":"Point","coordinates":[121.50657,25.05204]},"properties":{"supply_id":"taipei-onstreet-6075000123","city":"taipei","district":"大同區","display_name":"環河北路（3號水門堤外）小型車 車格 6075000123","address":"環河北路（3號水門堤外）小型車","facility_kind":"onstreet","symbol_text":null,"type_reference":"路邊停車格","type_confidence":0.6,"price_raw":null,"price_value":null,"capacity_total":1,"available_total":null,"occupied_total":null,"status_label":"狀態未知","data_time":"2026-05-02 15:53:29+08:00","city_label":"臺北市","facility_kind_label":"路邊車格","available_rate":null,"occupancy_rate":null,"price_tier":"unknown","price_tier_label":"價格未知"}},{"type":"Feature","geometry":{"type":"Point","coordinates":[121.51287,25.05887]},"properties":{"supply_id":"taipei-onstreet-103100024","city":"taipei","district":"大同區","display_name":"甘州街 車格 103100024","address":"甘州街","facility_kind":"onstreet","symbol_text":null,"type_reference":"路邊停車格","type_confidence":0.6,"price_raw":null,"price_value":null,"capacity_total":1,"available_total":1,"occupied_total":0,"status_label":"空位","data_time":"2026-05-02 15:53:29+08:00","city_label":"臺北市","facility_kind_label":"路邊車格","available_rate":1,"occupancy_rate":0,"price_tier":"unknown","price_tier_label":"價格未知"}},{"type":"Feature","geometry":{"type":"Point","coordinates":[121.50646,25.05208]},"properties":{"supply_id":"taipei-onstreet-607500081","city":"taipei","district":"大同區","display_name":"環河北路（3號水門堤外）小型車 車格 607500081","address":"環河北路（3號水門堤外）小型車","facility_kind":"onstreet","symbol_text":null,"type_reference":"路邊停車格","type_confidence":0.6,"price_raw":null,"price_value":null,"capacity_total":1,"available_total":null,"occupied_total":null,"status_label":"狀態未知","data_time":"2026-05-02 15:53:29+08:00","city_label":"臺北市","facility_kind_label":"路邊車格","available_rate":null,"occupancy_rate":null,"price_tier":"unknown","price_tier_label":"價格未知"}},{"type":"Feature","geometry":{"type":"Point","coordinates":[121.51795,25.07813]},"properties":{"supply_id":"taipei-onstreet-6136000156","city":"taipei","district":"大同區","display_name":"承德橋下停車場(堤外) 車格 6136000156","address":"承德橋下停車場(堤外)","facility_kind":"onstreet","symbol_text":null,"type_reference":"路邊停車格","type_confidence":0.6,"price_raw":null,"price_value":null,"capacity_total":1,"available_total":null,"occupied_total":null,"status_label":"狀態未知","data_time":"2026-05-02 15:53:29+08:00","city_label":"臺北市","facility_kind_label":"路邊車格","available_rate":null,"occupancy_rate":null,"price_tier":"unknown","price_tier_label":"價格未知"}},{"type":"Feature","geometry":{"type":"Point","coordinates":[121.51763,25.06862]},"properties":{"supply_id":"taipei-onstreet-10420002","city":"taipei","district":"大同區","display_name":"民族西路 車格 10420002","address":"民族西路","facility_kind":"onstreet","symbol_text":null,"type_reference":"路邊停車格","type_confidence":0.6,"price_raw":null,"price_value":null,"capacity_total":1,"available_total":null,"occupied_total":null,"status_label":"狀態未知","data_time":"2026-05-02 15:53:29+08:00","city_label":"臺北市","facility_kind_label":"路邊車格","available_rate":null,"occupancy_rate":null,"price_tier":"unknown","price_tier_label":"價格未知"}},{"type":"Feature","geometry":{"type":"Point","coordinates":[121.51633,25.05464]},"properties":{"supply_id":"taipei-onstreet-101500012","city":"taipei","district":"大同區","display_name":"太原路 車格 101500012","address":"太原路","facility_kind":"onstreet","symbol_text":null,"type_reference":"路邊停車格","type_confidence":0.6,"price_raw":null,"price_value":null,"capacity_total":1,"available_total":null,"occupied_total":null,"status_label":"狀態未知","data_time":"2026-05-02 15:53:29+08:00","city_label":"臺北市","facility_kind_label":"路邊車格","available_rate":null,"occupancy_rate":null,"price_tier":"unknown","price_tier_label":"價格未知"}},{"type":"Feature","geometry":{"type":"Point","coordinates":[121.51079,25.07758]},"properties":{"supply_id":"taipei-onstreet-105829450","city":"taipei","district":"大同區","display_name":"延平北路4段294巷 車格 105829450","address":"延平北路4段294巷","facility_kind":"onstreet","symbol_text":null,"type_reference":"路邊停車格","type_confidence":0.6,"price_raw":null,"price_value":null,"capacity_total":1,"available_total":null,"occupied_total":null,"status_label":"狀態未知","data_time":"2026-05-02 15:53:29+08:00","city_label":"臺北市","facility_kind_label":"路邊車格","available_rate":null,"occupancy_rate":null,"price_tier":"unknown","price_tier_label":"價格未知"}},{"type":"Feature","geometry":{"type":"Point","coordinates":[121.51901,25.07773]},"properties":{"supply_id":"taipei-onstreet-6136000118","city":"taipei","district":"大同區","display_name":"承德橋下停車場(堤外) 車格 6136000118","address":"承德橋下停車場(堤外)","facility_kind":"onstreet","symbol_text":null,"type_reference":"路邊停車格","type_confidence":0.6,"price_raw":null,"price_value":null,"capacity_total":1,"available_total":null,"occupied_total":null,"status_label":"狀態未知","data_time":"2026-05-02 15:53:29+08:00","city_label":"臺北市","facility_kind_label":"路邊車格","available_rate":null,"occupancy_rate":null,"price_tier":"unknown","price_tier_label":"價格未知"}},{"type":"Feature","geometry":{"type":"Point","coordinates":[121.51214,25.0522]},"properties":{"supply_id":"taipei-onstreet-101900011","city":"taipei","district":"大同區","display_name":"天水路 車格 101900011","address":"天水路","facility_kind":"onstreet","symbol_text":null,"type_reference":"路邊停車格","type_confidence":0.6,"price_raw":null,"price_value":null,"capacity_total":1,"available_total":1,"occupied_total":0,"status_label":"空位","data_time":"2026-05-02 15:53:29+08:00","city_label":"臺北市","facility_kind_label":"路邊車格","available_rate":1,"occupancy_rate":0,"price_tier":"unknown","price_tier_label":"價格未知"}},{"type":"Feature","geometry":{"type":"Point","coordinates":[121.51588,25.06137]},"properties":{"supply_id":"taipei-onstreet-102905354","city":"taipei","district":"大同區","display_name":"錦西街53巷 車格 102905354","address":"錦西街53巷","facility_kind":"onstreet","symbol_text":null,"type_reference":"路邊停車格","type_confidence":0.6,"price_raw":null,"price_value":null,"capacity_total":1,"available_total":1,"occupied_total":0,"status_label":"空位","data_time":"2026-05-02 15:53:29+08:00","city_label":"臺北市","facility_kind_label":"路邊車格","available_rate":1,"occupancy_rate":0,"price_tier":"unknown","price_tier_label":"價格未知"}},{"type":"Feature","geometry":{"type":"Point","coordinates":[121.51844,25.07786]},"properties":{"supply_id":"taipei-onstreet-6136000133","city":"taipei","district":"大同區","display_name":"承德橋下停車場(堤外) 車格 6136000133","address":"承德橋下停車場(堤外)","facility_kind":"onstreet","symbol_text":null,"type_reference":"路邊停車格","type_confidence":0.6,"price_raw":null,"price_value":null,"capacity_total":1,"available_total":null,"occupied_total":null,"status_label":"狀態未知","data_time":"2026-05-02 15:53:29+08:00","city_label":"臺北市","facility_kind_label":"路邊車格","available_rate":null,"occupancy_rate":null,"price_tier":"unknown","price_tier_label":"價格未知"}},{"type":"Feature","geometry":{"type":"Point","coordinates":[121.51911,25.07759]},"properties":{"supply_id":"taipei-onstreet-613600084","city":"taipei","district":"大同區","display_name":"承德橋下停車場(堤外) 車格 613600084","address":"承德橋下停車場(堤外)","facility_kind":"onstreet","symbol_text":null,"type_reference":"路邊停車格","type_confidence":0.6,"price_raw":null,"price_value":null,"capacity_total":1,"available_total":null,"occupied_total":null,"status_label":"狀態未知","data_time":"2026-05-02 15:53:29+08:00","city_label":"臺北市","facility_kind_label":"路邊車格","available_rate":null,"occupancy_rate":null,"price_tier":"unknown","price_tier_label":"價格未知"}},{"type":"Feature","geometry":{"type":"Point","coordinates":[121.5109,25.0562]},"properties":{"supply_id":"taipei-onstreet-10320B013","city":"taipei","district":"大同區","display_name":"民樂街 車格 10320B013","address":"民樂街","facility_kind":"onstreet","symbol_text":null,"type_reference":"路邊停車格","type_confidence":0.6,"price_raw":null,"price_value":null,"capacity_total":1,"available_total":1,"occupied_total":0,"status_label":"空位","data_time":"2026-05-02 15:53:29+08:00","city_label":"臺北市","facility_kind_label":"路邊車格","available_rate":1,"occupancy_rate":0,"price_tier":"unknown","price_tier_label":"價格未知"}},{"type":"Feature","geometry":{"type":"Point","coordinates":[121.51934,25.07744]},"properties":{"supply_id":"taipei-onstreet-613600029","city":"taipei","district":"大同區","display_name":"承德橋下停車場(堤外) 車格 613600029","address":"承德橋下停車場(堤外)","facility_kind":"onstreet","symbol_text":null,"type_reference":"路邊停車格","type_confidence":0.6,"price_raw":null,"price_value":null,"capacity_total":1,"available_total":null,"occupied_total":null,"status_label":"狀態未知","data_time":"2026-05-02 15:53:29+08:00","city_label":"臺北市","facility_kind_label":"路邊車格","available_rate":null,"occupancy_rate":null,"price_tier":"unknown","price_tier_label":"價格未知"}},{"type":"Feature","geometry":{"type":"Point","coordinates":[121.51823,25.07578]},"properties":{"supply_id":"taipei-onstreet-10700A037","city":"taipei","district":"大同區","display_name":"敦煌路A 車格 10700A037","address":"敦煌路A","facility_kind":"onstreet","symbol_text":null,"type_reference":"路邊停車格","type_confidence":0.6,"price_raw":null,"price_value":null,"capacity_total":1,"available_total":null,"occupied_total":null,"status_label":"狀態未知","data_time":"2026-05-02 15:53:29+08:00","city_label":"臺北市","facility_kind_label":"路邊車格","available_rate":null,"occupancy_rate":null,"price_tier":"unknown","price_tier_label":"價格未知"}},{"type":"Feature","geometry":{"type":"Point","coordinates":[121.51249,25.07133]},"properties":{"supply_id":"taipei-onstreet-10512525","city":"taipei","district":"大同區","display_name":"重慶北路3段252巷 車格 10512525","address":"重慶北路3段252巷","facility_kind":"onstreet","symbol_text":null,"type_reference":"路邊停車格","type_confidence":0.6,"price_raw":null,"price_value":null,"capacity_total":1,"available_total":null,"occupied_total":null,"status_label":"狀態未知","data_time":"2026-05-02 15:53:29+08:00","city_label":"臺北市","facility_kind_label":"路邊車格","available_rate":null,"occupancy_rate":null,"price_tier":"unknown","price_tier_label":"價格未知"}},{"type":"Feature","geometry":{"type":"Point","coordinates":[121.51941,25.07742]},"properties":{"supply_id":"taipei-onstreet-613600026","city":"taipei","district":"大同區","display_name":"承德橋下停車場(堤外) 車格 613600026","address":"承德橋下停車場(堤外)","facility_kind":"onstreet","symbol_text":null,"type_reference":"路邊停車格","type_confidence":0.6,"price_raw":null,"price_value":null,"capacity_total":1,"available_total":null,"occupied_total":null,"status_label":"狀態未知","data_time":"2026-05-02 15:53:29+08:00","city_label":"臺北市","facility_kind_label":"路邊車格","available_rate":null,"occupancy_rate":null,"price_tier":"unknown","price_tier_label":"價格未知"}},{"type":"Feature","geometry":{"type":"Point","coordinates":[121.51595,25.06991]},"properties":{"supply_id":"taipei-onstreet-106600013","city":"taipei","district":"大同區","display_name":"大龍街 車格 106600013","address":"大龍街","facility_kind":"onstreet","symbol_text":null,"type_reference":"路邊停車格","type_confidence":0.6,"price_raw":null,"price_value":null,"capacity_total":1,"available_total":1,"occupied_total":0,"status_label":"空位","data_time":"2026-05-02 15:53:29+08:00","city_label":"臺北市","facility_kind_label":"路邊車格","available_rate":1,"occupancy_rate":0,"price_tier":"unknown","price_tier_label":"價格未知"}},{"type":"Feature","geometry":{"type":"Point","coordinates":[121.51343,25.06722]},"properties":{"supply_id":"taipei-onstreet-105112009","city":"taipei","district":"大同區","display_name":"重慶北路3段120巷 車格 105112009","address":"重慶北路3段120巷","facility_kind":"onstreet","symbol_text":null,"type_reference":"路邊停車格","type_confidence":0.6,"price_raw":null,"price_value":null,"capacity_total":1,"available_total":null,"occupied_total":null,"status_label":"狀態未知","data_time":"2026-05-02 15:53:29+08:00","city_label":"臺北市","facility_kind_label":"路邊車格","available_rate":null,"occupancy_rate":null,"price_tier":"unknown","price_tier_label":"價格未知"}},{"type":"Feature","geometry":{"type":"Point","coordinates":[121.51861,25.07771]},"properties":{"supply_id":"taipei-onstreet-613600061","city":"taipei","district":"大同區","display_name":"承德橋下停車場(堤外) 車格 613600061","address":"承德橋下停車場(堤外)","facility_kind":"onstreet","symbol_text":null,"type_reference":"路邊停車格","type_confidence":0.6,"price_raw":null,"price_value":null,"capacity_total":1,"available_total":null,"occupied_total":null,"status_label":"狀態未知","data_time":"2026-05-02 15:53:29+08:00","city_label":"臺北市","facility_kind_label":"路邊車格","available_rate":null,"occupancy_rate":null,"price_tier":"unknown","price_tier_label":"價格未知"}},{"type":"Feature","geometry":{"type":"Point","coordinates":[121.51002,25.06921]},"properties":{"supply_id":"taipei-onstreet-106520501","city":"taipei","district":"大同區","display_name":"環河北路2段205巷 車格 106520501","address":"環河北路2段205巷","facility_kind":"onstreet","symbol_text":null,"type_reference":"路邊停車格","type_confidence":0.6,"price_raw":null,"price_value":null,"capacity_total":1,"available_total":1,"occupied_total":0,"status_label":"空位","data_time":"2026-05-02 15:53:29+08:00","city_label":"臺北市","facility_kind_label":"路邊車格","available_rate":1,"occupancy_rate":0,"price_tier":"unknown","price_tier_label":"價格未知"}},{"type":"Feature","geometry":{"type":"Point","coordinates":[121.51596,25.06125]},"properties":{"supply_id":"taipei-onstreet-102905325","city":"taipei","district":"大同區","display_name":"錦西街53巷 車格 102905325","address":"錦西街53巷","facility_kind":"onstreet","symbol_text":null,"type_reference":"路邊停車格","type_confidence":0.6,"price_raw":null,"price_value":null,"capacity_total":1,"available_total":1,"occupied_total":0,"status_label":"空位","data_time":"2026-05-02 15:53:29+08:00","city_label":"臺北市","facility_kind_label":"路邊車格","available_rate":1,"occupancy_rate":0,"price_tier":"unknown","price_tier_label":"價格未知"}},{"type":"Feature","geometry":{"type":"Point","coordinates":[121.50656,25.05215]},"properties":{"supply_id":"taipei-onstreet-607500057","city":"taipei","district":"大同區","display_name":"環河北路（3號水門堤外）小型車 車格 607500057","address":"環河北路（3號水門堤外）小型車","facility_kind":"onstreet","symbol_text":null,"type_reference":"路邊停車格","type_confidence":0.6,"price_raw":null,"price_value":null,"capacity_total":1,"available_total":null,"occupied_total":null,"status_label":"狀態未知","data_time":"2026-05-02 15:53:29+08:00","city_label":"臺北市","facility_kind_label":"路邊車格","available_rate":null,"occupancy_rate":null,"price_tier":"unknown","price_tier_label":"價格未知"}},{"type":"Feature","geometry":{"type":"Point","coordinates":[121.51051,25.07012]},"properties":{"supply_id":"taipei-onstreet-104230303","city":"taipei","district":"大同區","display_name":"民族西路303巷 車格 104230303","address":"民族西路303巷","facility_kind":"onstreet","symbol_text":null,"type_reference":"路邊停車格","type_confidence":0.6,"price_raw":null,"price_value":null,"capacity_total":1,"available_total":1,"occupied_total":0,"status_label":"空位","data_time":"2026-05-02 15:53:29+08:00","city_label":"臺北市","facility_kind_label":"路邊車格","available_rate":1,"occupancy_rate":0,"price_tier":"unknown","price_tier_label":"價格未知"}},{"type":"Feature","geometry":{"type":"Point","coordinates":[121.51044,25.05822]},"properties":{"supply_id":"taipei-onstreet-103600011","city":"taipei","district":"大同區","display_name":"歸綏街 車格 103600011","address":"歸綏街","facility_kind":"onstreet","symbol_text":null,"type_reference":"路邊停車格","type_confidence":0.6,"price_raw":null,"price_value":null,"capacity_total":1,"available_total":1,"occupied_total":0,"status_label":"空位","data_time":"2026-05-02 15:53:29+08:00","city_label":"臺北市","facility_kind_label":"路邊車格","available_rate":1,"occupancy_rate":0,"price_tier":"unknown","price_tier_label":"價格未知"}},{"type":"Feature","geometry":{"type":"Point","coordinates":[121.514,25.07057]},"properties":{"supply_id":"taipei-onstreet-10512236","city":"taipei","district":"大同區","display_name":"重慶北路3段223巷 車格 10512236","address":"重慶北路3段223巷","facility_kind":"onstreet","symbol_text":null,"type_reference":"路邊停車格","type_confidence":0.6,"price_raw":null,"price_value":null,"capacity_total":1,"available_total":null,"occupied_total":null,"status_label":"狀態未知","data_time":"2026-05-02 15:53:29+08:00","city_label":"臺北市","facility_kind_label":"路邊車格","available_rate":null,"occupancy_rate":null,"price_tier":"unknown","price_tier_label":"價格未知"}},{"type":"Feature","geometry":{"type":"Point","coordinates":[121.5158,25.05765]},"properties":{"supply_id":"taipei-onstreet-10270004","city":"taipei","district":"大同區","display_name":"萬全街 車格 10270004","address":"萬全街","facility_kind":"onstreet","symbol_text":null,"type_reference":"路邊停車格","type_confidence":0.6,"price_raw":null,"price_value":null,"capacity_total":1,"available_total":null,"occupied_total":null,"status_label":"狀態未知","data_time":"2026-05-02 15:53:29+08:00","city_label":"臺北市","facility_kind_label":"路邊車格","available_rate":null,"occupancy_rate":null,"price_tier":"unknown","price_tier_label":"價格未知"}},{"type":"Feature","geometry":{"type":"Point","coordinates":[121.5193,25.07752]},"properties":{"supply_id":"taipei-onstreet-613600092","city":"taipei","district":"大同區","display_name":"承德橋下停車場(堤外) 車格 613600092","address":"承德橋下停車場(堤外)","facility_kind":"onstreet","symbol_text":null,"type_reference":"路邊停車格","type_confidence":0.6,"price_raw":null,"price_value":null,"capacity_total":1,"available_total":null,"occupied_total":null,"status_label":"狀態未知","data_time":"2026-05-02 15:53:29+08:00","city_label":"臺北市","facility_kind_label":"路邊車格","available_rate":null,"occupancy_rate":null,"price_tier":"unknown","price_tier_label":"價格未知"}},{"type":"Feature","geometry":{"type":"Point","coordinates":[121.51459,25.07613]},"properties":{"supply_id":"taipei-onstreet-10690784","city":"taipei","district":"大同區","display_name":"哈密街59巷78弄 車格 10690784","address":"哈密街59巷78弄","facility_kind":"onstreet","symbol_text":null,"type_reference":"路邊停車格","type_confidence":0.6,"price_raw":null,"price_value":null,"capacity_total":1,"available_total":null,"occupied_total":null,"status_label":"狀態未知","data_time":"2026-05-02 15:53:29+08:00","city_label":"臺北市","facility_kind_label":"路邊車格","available_rate":null,"occupancy_rate":null,"price_tier":"unknown","price_tier_label":"價格未知"}},{"type":"Feature","geometry":{"type":"Point","coordinates":[121.51923,25.07765]},"properties":{"supply_id":"taipei-onstreet-6136000108","city":"taipei","district":"大同區","display_name":"承德橋下停車場(堤外) 車格 6136000108","address":"承德橋下停車場(堤外)","facility_kind":"onstreet","symbol_text":null,"type_reference":"路邊停車格","type_confidence":0.6,"price_raw":null,"price_value":null,"capacity_total":1,"available_total":null,"occupied_total":null,"status_label":"狀態未知","data_time":"2026-05-02 15:53:29+08:00","city_label":"臺北市","facility_kind_label":"路邊車格","available_rate":null,"occupancy_rate":null,"price_tier":"unknown","price_tier_label":"價格未知"}},{"type":"Feature","geometry":{"type":"Point","coordinates":[121.51595,25.07]},"properties":{"supply_id":"taipei-onstreet-106600015","city":"taipei","district":"大同區","display_name":"大龍街 車格 106600015","address":"大龍街","facility_kind":"onstreet","symbol_text":null,"type_reference":"路邊停車格","type_confidence":0.6,"price_raw":null,"price_value":null,"capacity_total":1,"available_total":1,"occupied_total":0,"status_label":"空位","data_time":"2026-05-02 15:53:29+08:00","city_label":"臺北市","facility_kind_label":"路邊車格","available_rate":1,"occupancy_rate":0,"price_tier":"unknown","price_tier_label":"價格未知"}},{"type":"Feature","geometry":{"type":"Point","coordinates":[121.50911,25.07356]},"properties":{"supply_id":"taipei-onstreet-106500018","city":"taipei","district":"大同區","display_name":"環河北路2段 車格 106500018","address":"環河北路2段","facility_kind":"onstreet","symbol_text":null,"type_reference":"路邊停車格","type_confidence":0.6,"price_raw":null,"price_value":null,"capacity_total":1,"available_total":null,"occupied_total":null,"status_label":"狀態未知","data_time":"2026-05-02 15:53:29+08:00","city_label":"臺北市","facility_kind_label":"路邊車格","available_rate":null,"occupancy_rate":null,"price_tier":"unknown","price_tier_label":"價格未知"}},{"type":"Feature","geometry":{"type":"Point","coordinates":[121.51862,25.07785]},"properties":{"supply_id":"taipei-onstreet-6136000127","city":"taipei","district":"大同區","display_name":"承德橋下停車場(堤外) 車格 6136000127","address":"承德橋下停車場(堤外)","facility_kind":"onstreet","symbol_text":null,"type_reference":"路邊停車格","type_confidence":0.6,"price_raw":null,"price_value":null,"capacity_total":1,"available_total":null,"occupied_total":null,"status_label":"狀態未知","data_time":"2026-05-02 15:53:29+08:00","city_label":"臺北市","facility_kind_label":"路邊車格","available_rate":null,"occupancy_rate":null,"price_tier":"unknown","price_tier_label":"價格未知"}},{"type":"Feature","geometry":{"type":"Point","coordinates":[121.50958,25.06721]},"properties":{"supply_id":"taipei-onstreet-10371723","city":"taipei","district":"大同區","display_name":"迪化街2段172巷 車格 10371723","address":"迪化街2段172巷","facility_kind":"onstreet","symbol_text":null,"type_reference":"路邊停車格","type_confidence":0.6,"price_raw":null,"price_value":null,"capacity_total":1,"available_total":null,"occupied_total":null,"status_label":"狀態未知","data_time":"2026-05-02 15:53:29+08:00","city_label":"臺北市","facility_kind_label":"路邊車格","available_rate":null,"occupancy_rate":null,"price_tier":"unknown","price_tier_label":"價格未知"}},{"type":"Feature","geometry":{"type":"Point","coordinates":[121.51229,25.0765]},"properties":{"supply_id":"taipei-onstreet-107000010","city":"taipei","district":"大同區","display_name":"敦煌路 車格 107000010","address":"敦煌路","facility_kind":"onstreet","symbol_text":null,"type_reference":"路邊停車格","type_confidence":0.6,"price_raw":null,"price_value":null,"capacity_total":1,"available_total":null,"occupied_total":null,"status_label":"狀態未知","data_time":"2026-05-02 15:53:29+08:00","city_label":"臺北市","facility_kind_label":"路邊車格","available_rate":null,"occupancy_rate":null,"price_tier":"unknown","price_tier_label":"價格未知"}},{"type":"Feature","geometry":{"type":"Point","coordinates":[121.51186,25.07768]},"properties":{"supply_id":"taipei-onstreet-10580A063","city":"taipei","district":"大同區","display_name":"延平北路4至5段1巷 車格 10580A063","address":"延平北路4至5段1巷","facility_kind":"onstreet","symbol_text":null,"type_reference":"路邊停車格","type_confidence":0.6,"price_raw":null,"price_value":null,"capacity_total":1,"available_total":null,"occupied_total":null,"status_label":"狀態未知","data_time":"2026-05-02 15:53:29+08:00","city_label":"臺北市","facility_kind_label":"路邊車格","available_rate":null,"occupancy_rate":null,"price_tier":"unknown","price_tier_label":"價格未知"}},{"type":"Feature","geometry":{"type":"Point","coordinates":[121.51462,25.05149]},"properties":{"supply_id":"taipei-onstreet-10120A024","city":"taipei","district":"大同區","display_name":"長安西路A 車格 10120A024","address":"長安西路A","facility_kind":"onstreet","symbol_text":null,"type_reference":"路邊停車格","type_confidence":0.6,"price_raw":null,"price_value":null,"capacity_total":1,"available_total":0,"occupied_total":1,"status_label":"已停","data_time":"2026-05-02 15:53:29+08:00","city_label":"臺北市","facility_kind_label":"路邊車格","available_rate":0,"occupancy_rate":1,"price_tier":"unknown","price_tier_label":"價格未知"}},{"type":"Feature","geometry":{"type":"Point","coordinates":[121.51381,25.05328]},"properties":{"supply_id":"taipei-onstreet-101900030","city":"taipei","district":"大同區","display_name":"天水路 車格 101900030","address":"天水路","facility_kind":"onstreet","symbol_text":null,"type_reference":"路邊停車格","type_confidence":0.6,"price_raw":null,"price_value":null,"capacity_total":1,"available_total":1,"occupied_total":0,"status_label":"空位","data_time":"2026-05-02 15:53:29+08:00","city_label":"臺北市","facility_kind_label":"路邊車格","available_rate":1,"occupancy_rate":0,"price_tier":"unknown","price_tier_label":"價格未知"}},{"type":"Feature","geometry":{"type":"Point","coordinates":[121.51529,25.05053]},"properties":{"supply_id":"taipei-onstreet-101500A77","city":"taipei","district":"大同區","display_name":"太原路A 車格 101500A77","address":"太原路A","facility_kind":"onstreet","symbol_text":null,"type_reference":"路邊停車格","type_confidence":0.6,"price_raw":null,"price_value":null,"capacity_total":1,"available_total":1,"occupied_total":0,"status_label":"空位","data_time":"2026-05-02 15:53:29+08:00","city_label":"臺北市","facility_kind_label":"路邊車格","available_rate":1,"occupancy_rate":0,"price_tier":"unknown","price_tier_label":"價格未知"}},{"type":"Feature","geometry":{"type":"Point","coordinates":[121.50622,25.05215]},"properties":{"supply_id":"taipei-onstreet-607500091","city":"taipei","district":"大同區","display_name":"環河北路（3號水門堤外）小型車 車格 607500091","address":"環河北路（3號水門堤外）小型車","facility_kind":"onstreet","symbol_text":null,"type_reference":"路邊停車格","type_confidence":0.6,"price_raw":null,"price_value":null,"capacity_total":1,"available_total":null,"occupied_total":null,"status_label":"狀態未知","data_time":"2026-05-02 15:53:29+08:00","city_label":"臺北市","facility_kind_label":"路邊車格","available_rate":null,"occupancy_rate":null,"price_tier":"unknown","price_tier_label":"價格未知"}},{"type":"Feature","geometry":{"type":"Point","coordinates":[121.51614,25.05398]},"properties":{"supply_id":"taipei-onstreet-101500020","city":"taipei","district":"大同區","display_name":"太原路 車格 101500020","address":"太原路","facility_kind":"onstreet","symbol_text":null,"type_reference":"路邊停車格","type_confidence":0.6,"price_raw":null,"price_value":null,"capacity_total":1,"available_total":null,"occupied_total":null,"status_label":"狀態未知","data_time":"2026-05-02 15:53:29+08:00","city_label":"臺北市","facility_kind_label":"路邊車格","available_rate":null,"occupancy_rate":null,"price_tier":"unknown","price_tier_label":"價格未知"}},{"type":"Feature","geometry":{"type":"Point","coordinates":[121.51461,25.06868]},"properties":{"supply_id":"taipei-onstreet-104200025","city":"taipei","district":"大同區","display_name":"民族西路 車格 104200025","address":"民族西路","facility_kind":"onstreet","symbol_text":null,"type_reference":"路邊停車格","type_confidence":0.6,"price_raw":null,"price_value":null,"capacity_total":1,"available_total":1,"occupied_total":0,"status_label":"空位","data_time":"2026-05-02 15:53:29+08:00","city_label":"臺北市","facility_kind_label":"路邊車格","available_rate":1,"occupancy_rate":0,"price_tier":"unknown","price_tier_label":"價格未知"}},{"type":"Feature","geometry":{"type":"Point","coordinates":[121.51436,25.06201]},"properties":{"supply_id":"taipei-onstreet-104000A2","city":"taipei","district":"大同區","display_name":"蘭州街A 車格 104000A2","address":"蘭州街A","facility_kind":"onstreet","symbol_text":null,"type_reference":"路邊停車格","type_confidence":0.6,"price_raw":null,"price_value":null,"capacity_total":1,"available_total":null,"occupied_total":null,"status_label":"狀態未知","data_time":"2026-05-02 15:53:29+08:00","city_label":"臺北市","facility_kind_label":"路邊車格","available_rate":null,"occupancy_rate":null,"price_tier":"unknown","price_tier_label":"價格未知"}},{"type":"Feature","geometry":{"type":"Point","coordinates":[121.50692,25.05212]},"properties":{"supply_id":"taipei-onstreet-6075000151","city":"taipei","district":"大同區","display_name":"環河北路（3號水門堤外）小型車 車格 6075000151","address":"環河北路（3號水門堤外）小型車","facility_kind":"onstreet","symbol_text":null,"type_reference":"路邊停車格","type_confidence":0.6,"price_raw":null,"price_value":null,"capacity_total":1,"available_total":null,"occupied_total":null,"status_label":"狀態未知","data_time":"2026-05-02 15:53:29+08:00","city_label":"臺北市","facility_kind_label":"路邊車格","available_rate":null,"occupancy_rate":null,"price_tier":"unknown","price_tier_label":"價格未知"}},{"type":"Feature","geometry":{"type":"Point","coordinates":[121.51653,25.07677]},"properties":{"supply_id":"taipei-onstreet-107002126","city":"taipei","district":"大同區","display_name":"敦煌路21巷 車格 107002126","address":"敦煌路21巷","facility_kind":"onstreet","symbol_text":null,"type_reference":"路邊停車格","type_confidence":0.6,"price_raw":null,"price_value":null,"capacity_total":1,"available_total":null,"occupied_total":null,"status_label":"狀態未知","data_time":"2026-05-02 15:53:29+08:00","city_label":"臺北市","facility_kind_label":"路邊車格","available_rate":null,"occupancy_rate":null,"price_tier":"unknown","price_tier_label":"價格未知"}},{"type":"Feature","geometry":{"type":"Point","coordinates":[121.51351,25.05376]},"properties":{"supply_id":"taipei-onstreet-10133023","city":"taipei","district":"大同區","display_name":"南京西路302巷 車格 10133023","address":"南京西路302巷","facility_kind":"onstreet","symbol_text":null,"type_reference":"路邊停車格","type_confidence":0.6,"price_raw":null,"price_value":null,"capacity_total":1,"available_total":null,"occupied_total":null,"status_label":"狀態未知","data_time":"2026-05-02 15:53:29+08:00","city_label":"臺北市","facility_kind_label":"路邊車格","available_rate":null,"occupancy_rate":null,"price_tier":"unknown","price_tier_label":"價格未知"}},{"type":"Feature","geometry":{"type":"Point","coordinates":[121.50948,25.05338]},"properties":{"supply_id":"taipei-onstreet-10130B0267","city":"taipei","district":"大同區","display_name":"南京西路B 車格 10130B0267","address":"南京西路B","facility_kind":"onstreet","symbol_text":null,"type_reference":"路邊停車格","type_confidence":0.6,"price_raw":null,"price_value":null,"capacity_total":1,"available_total":null,"occupied_total":null,"status_label":"狀態未知","data_time":"2026-05-02 15:53:29+08:00","city_label":"臺北市","facility_kind_label":"路邊車格","available_rate":null,"occupancy_rate":null,"price_tier":"unknown","price_tier_label":"價格未知"}},{"type":"Feature","geometry":{"type":"Point","coordinates":[121.52043,25.05997]},"properties":{"supply_id":"taipei-onstreet-10290383","city":"taipei","district":"大同區","display_name":"錦西街38巷 車格 10290383","address":"錦西街38巷","facility_kind":"onstreet","symbol_text":null,"type_reference":"路邊停車格","type_confidence":0.6,"price_raw":null,"price_value":null,"capacity_total":1,"available_total":null,"occupied_total":null,"status_label":"狀態未知","data_time":"2026-05-02 15:53:29+08:00","city_label":"臺北市","facility_kind_label":"路邊車格","available_rate":null,"occupancy_rate":null,"price_tier":"unknown","price_tier_label":"價格未知"}},{"type":"Feature","geometry":{"type":"Point","coordinates":[121.50921,25.06247]},"properties":{"supply_id":"taipei-onstreet-10340A055","city":"taipei","district":"大同區","display_name":"迪化街1段A 車格 10340A055","address":"迪化街1段A","facility_kind":"onstreet","symbol_text":null,"type_reference":"路邊停車格","type_confidence":0.6,"price_raw":null,"price_value":null,"capacity_total":1,"available_total":1,"occupied_total":0,"status_label":"空位","data_time":"2026-05-02 15:53:29+08:00","city_label":"臺北市","facility_kind_label":"路邊車格","available_rate":1,"occupancy_rate":0,"price_tier":"unknown","price_tier_label":"價格未知"}},{"type":"Feature","geometry":{"type":"Point","coordinates":[121.50972,25.07223]},"properties":{"supply_id":"taipei-onstreet-10680A030","city":"taipei","district":"大同區","display_name":"酒泉街 車格 10680A030","address":"酒泉街","facility_kind":"onstreet","symbol_text":null,"type_reference":"路邊停車格","type_confidence":0.6,"price_raw":null,"price_value":null,"capacity_total":1,"available_total":1,"occupied_total":0,"status_label":"空位","data_time":"2026-05-02 15:53:29+08:00","city_label":"臺北市","facility_kind_label":"路邊車格","available_rate":1,"occupancy_rate":0,"price_tier":"unknown","price_tier_label":"價格未知"}},{"type":"Feature","geometry":{"type":"Point","coordinates":[121.51289,25.06468]},"properties":{"supply_id":"taipei-onstreet-104100011","city":"taipei","district":"大同區","display_name":"伊寧街 車格 104100011","address":"伊寧街","facility_kind":"onstreet","symbol_text":null,"type_reference":"路邊停車格","type_confidence":0.6,"price_raw":null,"price_value":null,"capacity_total":1,"available_total":1,"occupied_total":0,"status_label":"空位","data_time":"2026-05-02 15:53:29+08:00","city_label":"臺北市","facility_kind_label":"路邊車格","available_rate":1,"occupancy_rate":0,"price_tier":"unknown","price_tier_label":"價格未知"}},{"type":"Feature","geometry":{"type":"Point","coordinates":[121.50855,25.05286]},"properties":{"supply_id":"taipei-onstreet-1023Y0097","city":"taipei","district":"大同區","display_name":"西寧北路 車格 1023Y0097","address":"西寧北路","facility_kind":"onstreet","symbol_text":null,"type_reference":"路邊停車格","type_confidence":0.6,"price_raw":null,"price_value":null,"capacity_total":1,"available_total":1,"occupied_total":0,"status_label":"空位","data_time":"2026-05-02 15:53:29+08:00","city_label":"臺北市","facility_kind_label":"路邊車格","available_rate":1,"occupancy_rate":0,"price_tier":"unknown","price_tier_label":"價格未知"}},{"type":"Feature","geometry":{"type":"Point","coordinates":[121.51268,25.06031]},"properties":{"supply_id":"taipei-onstreet-10310007","city":"taipei","district":"大同區","display_name":"甘州街 車格 10310007","address":"甘州街","facility_kind":"onstreet","symbol_text":null,"type_reference":"路邊停車格","type_confidence":0.6,"price_raw":null,"price_value":null,"capacity_total":1,"available_total":null,"occupied_total":null,"status_label":"狀態未知","data_time":"2026-05-02 15:53:29+08:00","city_label":"臺北市","facility_kind_label":"路邊車格","available_rate":null,"occupancy_rate":null,"price_tier":"unknown","price_tier_label":"價格未知"}},{"type":"Feature","geometry":{"type":"Point","coordinates":[121.51403,25.05694]},"properties":{"supply_id":"taipei-onstreet-102500036","city":"taipei","district":"大同區","display_name":"民生西路 車格 102500036","address":"民生西路","facility_kind":"onstreet","symbol_text":null,"type_reference":"路邊停車格","type_confidence":0.6,"price_raw":null,"price_value":null,"capacity_total":1,"available_total":null,"occupied_total":null,"status_label":"狀態未知","data_time":"2026-05-02 15:53:29+08:00","city_label":"臺北市","facility_kind_label":"路邊車格","available_rate":null,"occupancy_rate":null,"price_tier":"unknown","price_tier_label":"價格未知"}},{"type":"Feature","geometry":{"type":"Point","coordinates":[121.50632,25.05223]},"properties":{"supply_id":"taipei-onstreet-607500047","city":"taipei","district":"大同區","display_name":"環河北路（3號水門堤外）小型車 車格 607500047","address":"環河北路（3號水門堤外）小型車","facility_kind":"onstreet","symbol_text":null,"type_reference":"路邊停車格","type_confidence":0.6,"price_raw":null,"price_value":null,"capacity_total":1,"available_total":null,"occupied_total":null,"status_label":"狀態未知","data_time":"2026-05-02 15:53:29+08:00","city_label":"臺北市","facility_kind_label":"路邊車格","available_rate":null,"occupancy_rate":null,"price_tier":"unknown","price_tier_label":"價格未知"}},{"type":"Feature","geometry":{"type":"Point","coordinates":[121.50919,25.07249]},"properties":{"supply_id":"taipei-onstreet-106500002","city":"taipei","district":"大同區","display_name":"環河北路2段 車格 106500002","address":"環河北路2段","facility_kind":"onstreet","symbol_text":null,"type_reference":"路邊停車格","type_confidence":0.6,"price_raw":null,"price_value":null,"capacity_total":1,"available_total":null,"occupied_total":null,"status_label":"狀態未知","data_time":"2026-05-02 15:53:29+08:00","city_label":"臺北市","facility_kind_label":"路邊車格","available_rate":null,"occupancy_rate":null,"price_tier":"unknown","price_tier_label":"價格未知"}},{"type":"Feature","geometry":{"type":"Point","coordinates":[121.51773,25.06928]},"properties":{"supply_id":"taipei-onstreet-10451901","city":"taipei","district":"大同區","display_name":"承德路3段190巷 車格 10451901","address":"承德路3段190巷","facility_kind":"onstreet","symbol_text":null,"type_reference":"路邊停車格","type_confidence":0.6,"price_raw":null,"price_value":null,"capacity_total":1,"available_total":null,"occupied_total":null,"status_label":"狀態未知","data_time":"2026-05-02 15:53:29+08:00","city_label":"臺北市","facility_kind_label":"路邊車格","available_rate":null,"occupancy_rate":null,"price_tier":"unknown","price_tier_label":"價格未知"}},{"type":"Feature","geometry":{"type":"Point","coordinates":[121.51856,25.07773]},"properties":{"supply_id":"taipei-onstreet-613600063","city":"taipei","district":"大同區","display_name":"承德橋下停車場(堤外) 車格 613600063","address":"承德橋下停車場(堤外)","facility_kind":"onstreet","symbol_text":null,"type_reference":"路邊停車格","type_confidence":0.6,"price_raw":null,"price_value":null,"capacity_total":1,"available_total":null,"occupied_total":null,"status_label":"狀態未知","data_time":"2026-05-02 15:53:29+08:00","city_label":"臺北市","facility_kind_label":"路邊車格","available_rate":null,"occupancy_rate":null,"price_tier":"unknown","price_tier_label":"價格未知"}},{"type":"Feature","geometry":{"type":"Point","coordinates":[121.50597,25.05192]},"properties":{"supply_id":"taipei-onstreet-6075000205","city":"taipei","district":"大同區","display_name":"環河北路（3號水門堤外）小型車 車格 6075000205","address":"環河北路（3號水門堤外）小型車","facility_kind":"onstreet","symbol_text":null,"type_reference":"路邊停車格","type_confidence":0.6,"price_raw":null,"price_value":null,"capacity_total":1,"available_total":null,"occupied_total":null,"status_label":"狀態未知","data_time":"2026-05-02 15:53:29+08:00","city_label":"臺北市","facility_kind_label":"路邊車格","available_rate":null,"occupancy_rate":null,"price_tier":"unknown","price_tier_label":"價格未知"}},{"type":"Feature","geometry":{"type":"Point","coordinates":[121.51941,25.07748]},"properties":{"supply_id":"taipei-onstreet-613600097","city":"taipei","district":"大同區","display_name":"承德橋下停車場(堤外) 車格 613600097","address":"承德橋下停車場(堤外)","facility_kind":"onstreet","symbol_text":null,"type_reference":"路邊停車格","type_confidence":0.6,"price_raw":null,"price_value":null,"capacity_total":1,"available_total":null,"occupied_total":null,"status_label":"狀態未知","data_time":"2026-05-02 15:53:29+08:00","city_label":"臺北市","facility_kind_label":"路邊車格","available_rate":null,"occupancy_rate":null,"price_tier":"unknown","price_tier_label":"價格未知"}},{"type":"Feature","geometry":{"type":"Point","coordinates":[121.5103,25.06862]},"properties":{"supply_id":"taipei-onstreet-104200059","city":"taipei","district":"大同區","display_name":"民族西路 車格 104200059","address":"民族西路","facility_kind":"onstreet","symbol_text":null,"type_reference":"路邊停車格","type_confidence":0.6,"price_raw":null,"price_value":null,"capacity_total":1,"available_total":null,"occupied_total":null,"status_label":"狀態未知","data_time":"2026-05-02 15:53:29+08:00","city_label":"臺北市","facility_kind_label":"路邊車格","available_rate":null,"occupancy_rate":null,"price_tier":"unknown","price_tier_label":"價格未知"}},{"type":"Feature","geometry":{"type":"Point","coordinates":[121.50665,25.05202]},"properties":{"supply_id":"taipei-onstreet-6075000126","city":"taipei","district":"大同區","display_name":"環河北路（3號水門堤外）小型車 車格 6075000126","address":"環河北路（3號水門堤外）小型車","facility_kind":"onstreet","symbol_text":null,"type_reference":"路邊停車格","type_confidence":0.6,"price_raw":null,"price_value":null,"capacity_total":1,"available_total":null,"occupied_total":null,"status_label":"狀態未知","data_time":"2026-05-02 15:53:29+08:00","city_label":"臺北市","facility_kind_label":"路邊車格","available_rate":null,"occupancy_rate":null,"price_tier":"unknown","price_tier_label":"價格未知"}},{"type":"Feature","geometry":{"type":"Point","coordinates":[121.51285,25.05841]},"properties":{"supply_id":"taipei-onstreet-103100017","city":"taipei","district":"大同區","display_name":"甘州街 車格 103100017","address":"甘州街","facility_kind":"onstreet","symbol_text":null,"type_reference":"路邊停車格","type_confidence":0.6,"price_raw":null,"price_value":null,"capacity_total":1,"available_total":1,"occupied_total":0,"status_label":"空位","data_time":"2026-05-02 15:53:29+08:00","city_label":"臺北市","facility_kind_label":"路邊車格","available_rate":1,"occupancy_rate":0,"price_tier":"unknown","price_tier_label":"價格未知"}},{"type":"Feature","geometry":{"type":"Point","coordinates":[121.5193,25.07746]},"properties":{"supply_id":"taipei-onstreet-613600031","city":"taipei","district":"大同區","display_name":"承德橋下停車場(堤外) 車格 613600031","address":"承德橋下停車場(堤外)","facility_kind":"onstreet","symbol_text":null,"type_reference":"路邊停車格","type_confidence":0.6,"price_raw":null,"price_value":null,"capacity_total":1,"available_total":null,"occupied_total":null,"status_label":"狀態未知","data_time":"2026-05-02 15:53:29+08:00","city_label":"臺北市","facility_kind_label":"路邊車格","available_rate":null,"occupancy_rate":null,"price_tier":"unknown","price_tier_label":"價格未知"}},{"type":"Feature","geometry":{"type":"Point","coordinates":[121.50873,25.0531]},"properties":{"supply_id":"taipei-onstreet-1023Y0036","city":"taipei","district":"大同區","display_name":"西寧北路 車格 1023Y0036","address":"西寧北路","facility_kind":"onstreet","symbol_text":null,"type_reference":"路邊停車格","type_confidence":0.6,"price_raw":null,"price_value":null,"capacity_total":1,"available_total":1,"occupied_total":0,"status_label":"空位","data_time":"2026-05-02 15:53:29+08:00","city_label":"臺北市","facility_kind_label":"路邊車格","available_rate":1,"occupancy_rate":0,"price_tier":"unknown","price_tier_label":"價格未知"}},{"type":"Feature","geometry":{"type":"Point","coordinates":[121.51196,25.07748]},"properties":{"supply_id":"taipei-onstreet-10580A068","city":"taipei","district":"大同區","display_name":"延平北路4至5段1巷 車格 10580A068","address":"延平北路4至5段1巷","facility_kind":"onstreet","symbol_text":null,"type_reference":"路邊停車格","type_confidence":0.6,"price_raw":null,"price_value":null,"capacity_total":1,"available_total":null,"occupied_total":null,"status_label":"狀態未知","data_time":"2026-05-02 15:53:29+08:00","city_label":"臺北市","facility_kind_label":"路邊車格","available_rate":null,"occupancy_rate":null,"price_tier":"unknown","price_tier_label":"價格未知"}},{"type":"Feature","geometry":{"type":"Point","coordinates":[121.51548,25.07641]},"properties":{"supply_id":"taipei-onstreet-10700B017","city":"taipei","district":"大同區","display_name":"慶昌橋下停車場 車格 10700B017","address":"慶昌橋下停車場","facility_kind":"onstreet","symbol_text":null,"type_reference":"路邊停車格","type_confidence":0.6,"price_raw":null,"price_value":null,"capacity_total":1,"available_total":null,"occupied_total":null,"status_label":"狀態未知","data_time":"2026-05-02 15:53:29+08:00","city_label":"臺北市","facility_kind_label":"路邊車格","available_rate":null,"occupancy_rate":null,"price_tier":"unknown","price_tier_label":"價格未知"}},{"type":"Feature","geometry":{"type":"Point","coordinates":[121.51551,25.07636]},"properties":{"supply_id":"taipei-onstreet-10700B050","city":"taipei","district":"大同區","display_name":"慶昌橋下停車場 車格 10700B050","address":"慶昌橋下停車場","facility_kind":"onstreet","symbol_text":null,"type_reference":"路邊停車格","type_confidence":0.6,"price_raw":null,"price_value":null,"capacity_total":1,"available_total":null,"occupied_total":null,"status_label":"狀態未知","data_time":"2026-05-02 15:53:29+08:00","city_label":"臺北市","facility_kind_label":"路邊車格","available_rate":null,"occupancy_rate":null,"price_tier":"unknown","price_tier_label":"價格未知"}},{"type":"Feature","geometry":{"type":"Point","coordinates":[121.51932,25.0774]},"properties":{"supply_id":"taipei-onstreet-613600022","city":"taipei","district":"大同區","display_name":"承德橋下停車場(堤外) 車格 613600022","address":"承德橋下停車場(堤外)","facility_kind":"onstreet","symbol_text":null,"type_reference":"路邊停車格","type_confidence":0.6,"price_raw":null,"price_value":null,"capacity_total":1,"available_total":null,"occupied_total":null,"status_label":"狀態未知","data_time":"2026-05-02 15:53:29+08:00","city_label":"臺北市","facility_kind_label":"路邊車格","available_rate":null,"occupancy_rate":null,"price_tier":"unknown","price_tier_label":"價格未知"}},{"type":"Feature","geometry":{"type":"Point","coordinates":[121.50908,25.0738]},"properties":{"supply_id":"taipei-onstreet-106500023","city":"taipei","district":"大同區","display_name":"環河北路2段 車格 106500023","address":"環河北路2段","facility_kind":"onstreet","symbol_text":null,"type_reference":"路邊停車格","type_confidence":0.6,"price_raw":null,"price_value":null,"capacity_total":1,"available_total":null,"occupied_total":null,"status_label":"狀態未知","data_time":"2026-05-02 15:53:29+08:00","city_label":"臺北市","facility_kind_label":"路邊車格","available_rate":null,"occupancy_rate":null,"price_tier":"unknown","price_tier_label":"價格未知"}},{"type":"Feature","geometry":{"type":"Point","coordinates":[121.5187,25.07774]},"properties":{"supply_id":"taipei-onstreet-613600069","city":"taipei","district":"大同區","display_name":"承德橋下停車場(堤外) 車格 613600069","address":"承德橋下停車場(堤外)","facility_kind":"onstreet","symbol_text":null,"type_reference":"路邊停車格","type_confidence":0.6,"price_raw":null,"price_value":null,"capacity_total":1,"available_total":null,"occupied_total":null,"status_label":"狀態未知","data_time":"2026-05-02 15:53:29+08:00","city_label":"臺北市","facility_kind_label":"路邊車格","available_rate":null,"occupancy_rate":null,"price_tier":"unknown","price_tier_label":"價格未知"}},{"type":"Feature","geometry":{"type":"Point","coordinates":[121.50657,25.05228]},"properties":{"supply_id":"taipei-onstreet-60750008","city":"taipei","district":"大同區","display_name":"環河北路（3號水門堤外）小型車 車格 60750008","address":"環河北路（3號水門堤外）小型車","facility_kind":"onstreet","symbol_text":null,"type_reference":"路邊停車格","type_confidence":0.6,"price_raw":null,"price_value":null,"capacity_total":1,"available_total":null,"occupied_total":null,"status_label":"狀態未知","data_time":"2026-05-02 15:53:29+08:00","city_label":"臺北市","facility_kind_label":"路邊車格","available_rate":null,"occupancy_rate":null,"price_tier":"unknown","price_tier_label":"價格未知"}},{"type":"Feature","geometry":{"type":"Point","coordinates":[121.51881,25.07546]},"properties":{"supply_id":"taipei-onstreet-10700A073","city":"taipei","district":"大同區","display_name":"敦煌路A 車格 10700A073","address":"敦煌路A","facility_kind":"onstreet","symbol_text":null,"type_reference":"路邊停車格","type_confidence":0.6,"price_raw":null,"price_value":null,"capacity_total":1,"available_total":null,"occupied_total":null,"status_label":"狀態未知","data_time":"2026-05-02 15:53:29+08:00","city_label":"臺北市","facility_kind_label":"路邊車格","available_rate":null,"occupancy_rate":null,"price_tier":"unknown","price_tier_label":"價格未知"}},{"type":"Feature","geometry":{"type":"Point","coordinates":[121.50888,25.05564]},"properties":{"supply_id":"taipei-onstreet-1023Y0066","city":"taipei","district":"大同區","display_name":"西寧北路 車格 1023Y0066","address":"西寧北路","facility_kind":"onstreet","symbol_text":null,"type_reference":"路邊停車格","type_confidence":0.6,"price_raw":null,"price_value":null,"capacity_total":1,"available_total":1,"occupied_total":0,"status_label":"空位","data_time":"2026-05-02 15:53:29+08:00","city_label":"臺北市","facility_kind_label":"路邊車格","available_rate":1,"occupancy_rate":0,"price_tier":"unknown","price_tier_label":"價格未知"}},{"type":"Feature","geometry":{"type":"Point","coordinates":[121.51622,25.06727]},"properties":{"supply_id":"taipei-onstreet-10660919","city":"taipei","district":"大同區","display_name":"大龍街91巷 車格 10660919","address":"大龍街91巷","facility_kind":"onstreet","symbol_text":null,"type_reference":"路邊停車格","type_confidence":0.6,"price_raw":null,"price_value":null,"capacity_total":1,"available_total":null,"occupied_total":null,"status_label":"狀態未知","data_time":"2026-05-02 15:53:29+08:00","city_label":"臺北市","facility_kind_label":"路邊車格","available_rate":null,"occupancy_rate":null,"price_tier":"unknown","price_tier_label":"價格未知"}},{"type":"Feature","geometry":{"type":"Point","coordinates":[121.51433,25.0696]},"properties":{"supply_id":"taipei-onstreet-10511911","city":"taipei","district":"大同區","display_name":"重慶北路3段191巷1弄 車格 10511911","address":"重慶北路3段191巷1弄","facility_kind":"onstreet","symbol_text":null,"type_reference":"路邊停車格","type_confidence":0.6,"price_raw":null,"price_value":null,"capacity_total":1,"available_total":null,"occupied_total":null,"status_label":"狀態未知","data_time":"2026-05-02 15:53:29+08:00","city_label":"臺北市","facility_kind_label":"路邊車格","available_rate":null,"occupancy_rate":null,"price_tier":"unknown","price_tier_label":"價格未知"}},{"type":"Feature","geometry":{"type":"Point","coordinates":[121.51691,25.07541]},"properties":{"supply_id":"taipei-onstreet-106905304","city":"taipei","district":"大同區","display_name":"哈密街59巷53弄 車格 106905304","address":"哈密街59巷53弄","facility_kind":"onstreet","symbol_text":null,"type_reference":"路邊停車格","type_confidence":0.6,"price_raw":null,"price_value":null,"capacity_total":1,"available_total":null,"occupied_total":null,"status_label":"狀態未知","data_time":"2026-05-02 15:53:29+08:00","city_label":"臺北市","facility_kind_label":"路邊車格","available_rate":null,"occupancy_rate":null,"price_tier":"unknown","price_tier_label":"價格未知"}},{"type":"Feature","geometry":{"type":"Point","coordinates":[121.50686,25.05219]},"properties":{"supply_id":"taipei-onstreet-607500020","city":"taipei","district":"大同區","display_name":"環河北路（3號水門堤外）小型車 車格 607500020","address":"環河北路（3號水門堤外）小型車","facility_kind":"onstreet","symbol_text":null,"type_reference":"路邊停車格","type_confidence":0.6,"price_raw":null,"price_value":null,"capacity_total":1,"available_total":null,"occupied_total":null,"status_label":"狀態未知","data_time":"2026-05-02 15:53:29+08:00","city_label":"臺北市","facility_kind_label":"路邊車格","available_rate":null,"occupancy_rate":null,"price_tier":"unknown","price_tier_label":"價格未知"}},{"type":"Feature","geometry":{"type":"Point","coordinates":[121.50847,25.05222]},"properties":{"supply_id":"taipei-onstreet-1023Y00102","city":"taipei","district":"大同區","display_name":"西寧北路 車格 1023Y00102","address":"西寧北路","facility_kind":"onstreet","symbol_text":null,"type_reference":"路邊停車格","type_confidence":0.6,"price_raw":null,"price_value":null,"capacity_total":1,"available_total":1,"occupied_total":0,"status_label":"空位","data_time":"2026-05-02 15:53:29+08:00","city_label":"臺北市","facility_kind_label":"路邊車格","available_rate":1,"occupancy_rate":0,"price_tier":"unknown","price_tier_label":"價格未知"}},{"type":"Feature","geometry":{"type":"Point","coordinates":[121.51823,25.07792]},"properties":{"supply_id":"taipei-onstreet-6136000169","city":"taipei","district":"大同區","display_name":"承德橋下停車場(堤外) 車格 6136000169","address":"承德橋下停車場(堤外)","facility_kind":"onstreet","symbol_text":null,"type_reference":"路邊停車格","type_confidence":0.6,"price_raw":null,"price_value":null,"capacity_total":1,"available_total":null,"occupied_total":null,"status_label":"狀態未知","data_time":"2026-05-02 15:53:29+08:00","city_label":"臺北市","facility_kind_label":"路邊車格","available_rate":null,"occupancy_rate":null,"price_tier":"unknown","price_tier_label":"價格未知"}},{"type":"Feature","geometry":{"type":"Point","coordinates":[121.51893,25.07759]},"properties":{"supply_id":"taipei-onstreet-613600047","city":"taipei","district":"大同區","display_name":"承德橋下停車場(堤外) 車格 613600047","address":"承德橋下停車場(堤外)","facility_kind":"onstreet","symbol_text":null,"type_reference":"路邊停車格","type_confidence":0.6,"price_raw":null,"price_value":null,"capacity_total":1,"available_total":null,"occupied_total":null,"status_label":"狀態未知","data_time":"2026-05-02 15:53:29+08:00","city_label":"臺北市","facility_kind_label":"路邊車格","available_rate":null,"occupancy_rate":null,"price_tier":"unknown","price_tier_label":"價格未知"}},{"type":"Feature","geometry":{"type":"Point","coordinates":[121.51944,25.07747]},"properties":{"supply_id":"taipei-onstreet-613600098","city":"taipei","district":"大同區","display_name":"承德橋下停車場(堤外) 車格 613600098","address":"承德橋下停車場(堤外)","facility_kind":"onstreet","symbol_text":null,"type_reference":"路邊停車格","type_confidence":0.6,"price_raw":null,"price_value":null,"capacity_total":1,"available_total":null,"occupied_total":null,"status_label":"狀態未知","data_time":"2026-05-02 15:53:29+08:00","city_label":"臺北市","facility_kind_label":"路邊車格","available_rate":null,"occupancy_rate":null,"price_tier":"unknown","price_tier_label":"價格未知"}},{"type":"Feature","geometry":{"type":"Point","coordinates":[121.51833,25.07575]},"properties":{"supply_id":"taipei-onstreet-10700A035","city":"taipei","district":"大同區","display_name":"敦煌路A 車格 10700A035","address":"敦煌路A","facility_kind":"onstreet","symbol_text":null,"type_reference":"路邊停車格","type_confidence":0.6,"price_raw":null,"price_value":null,"capacity_total":1,"available_total":null,"occupied_total":null,"status_label":"狀態未知","data_time":"2026-05-02 15:53:29+08:00","city_label":"臺北市","facility_kind_label":"路邊車格","available_rate":null,"occupancy_rate":null,"price_tier":"unknown","price_tier_label":"價格未知"}},{"type":"Feature","geometry":{"type":"Point","coordinates":[121.51916,25.07745]},"properties":{"supply_id":"taipei-onstreet-613600019","city":"taipei","district":"大同區","display_name":"承德橋下停車場(堤外) 車格 613600019","address":"承德橋下停車場(堤外)","facility_kind":"onstreet","symbol_text":null,"type_reference":"路邊停車格","type_confidence":0.6,"price_raw":null,"price_value":null,"capacity_total":1,"available_total":null,"occupied_total":null,"status_label":"狀態未知","data_time":"2026-05-02 15:53:29+08:00","city_label":"臺北市","facility_kind_label":"路邊車格","available_rate":null,"occupancy_rate":null,"price_tier":"unknown","price_tier_label":"價格未知"}},{"type":"Feature","geometry":{"type":"Point","coordinates":[121.51236,25.05247]},"properties":{"supply_id":"taipei-onstreet-10190009","city":"taipei","district":"大同區","display_name":"天水路 車格 10190009","address":"天水路","facility_kind":"onstreet","symbol_text":null,"type_reference":"路邊停車格","type_confidence":0.6,"price_raw":null,"price_value":null,"capacity_total":1,"available_total":null,"occupied_total":null,"status_label":"狀態未知","data_time":"2026-05-02 15:53:29+08:00","city_label":"臺北市","facility_kind_label":"路邊車格","available_rate":null,"occupancy_rate":null,"price_tier":"unknown","price_tier_label":"價格未知"}},{"type":"Feature","geometry":{"type":"Point","coordinates":[121.52044,25.05977]},"properties":{"supply_id":"taipei-onstreet-10290387","city":"taipei","district":"大同區","display_name":"錦西街38巷 車格 10290387","address":"錦西街38巷","facility_kind":"onstreet","symbol_text":null,"type_reference":"路邊停車格","type_confidence":0.6,"price_raw":null,"price_value":null,"capacity_total":1,"available_total":null,"occupied_total":null,"status_label":"狀態未知","data_time":"2026-05-02 15:53:29+08:00","city_label":"臺北市","facility_kind_label":"路邊車格","available_rate":null,"occupancy_rate":null,"price_tier":"unknown","price_tier_label":"價格未知"}},{"type":"Feature","geometry":{"type":"Point","coordinates":[121.51657,25.06705]},"properties":{"supply_id":"taipei-onstreet-10660895","city":"taipei","district":"大同區","display_name":"大龍街89巷 車格 10660895","address":"大龍街89巷","facility_kind":"onstreet","symbol_text":null,"type_reference":"路邊停車格","type_confidence":0.6,"price_raw":null,"price_value":null,"capacity_total":1,"available_total":null,"occupied_total":null,"status_label":"狀態未知","data_time":"2026-05-02 15:53:29+08:00","city_label":"臺北市","facility_kind_label":"路邊車格","available_rate":null,"occupancy_rate":null,"price_tier":"unknown","price_tier_label":"價格未知"}},{"type":"Feature","geometry":{"type":"Point","coordinates":[121.50654,25.0519]},"properties":{"supply_id":"taipei-onstreet-6075000139","city":"taipei","district":"大同區","display_name":"環河北路（3號水門堤外）小型車 車格 6075000139","address":"環河北路（3號水門堤外）小型車","facility_kind":"onstreet","symbol_text":null,"type_reference":"路邊停車格","type_confidence":0.6,"price_raw":null,"price_value":null,"capacity_total":1,"available_total":null,"occupied_total":null,"status_label":"狀態未知","data_time":"2026-05-02 15:53:29+08:00","city_label":"臺北市","facility_kind_label":"路邊車格","available_rate":null,"occupancy_rate":null,"price_tier":"unknown","price_tier_label":"價格未知"}},{"type":"Feature","geometry":{"type":"Point","coordinates":[121.5189,25.0776]},"properties":{"supply_id":"taipei-onstreet-613600048","city":"taipei","district":"大同區","display_name":"承德橋下停車場(堤外) 車格 613600048","address":"承德橋下停車場(堤外)","facility_kind":"onstreet","symbol_text":null,"type_reference":"路邊停車格","type_confidence":0.6,"price_raw":null,"price_value":null,"capacity_total":1,"available_total":null,"occupied_total":null,"status_label":"狀態未知","data_time":"2026-05-02 15:53:29+08:00","city_label":"臺北市","facility_kind_label":"路邊車格","available_rate":null,"occupancy_rate":null,"price_tier":"unknown","price_tier_label":"價格未知"}},{"type":"Feature","geometry":{"type":"Point","coordinates":[121.51557,25.06866]},"properties":{"supply_id":"taipei-onstreet-104200016","city":"taipei","district":"大同區","display_name":"民族西路 車格 104200016","address":"民族西路","facility_kind":"onstreet","symbol_text":null,"type_reference":"路邊停車格","type_confidence":0.6,"price_raw":null,"price_value":null,"capacity_total":1,"available_total":null,"occupied_total":null,"status_label":"狀態未知","data_time":"2026-05-02 15:53:29+08:00","city_label":"臺北市","facility_kind_label":"路邊車格","available_rate":null,"occupancy_rate":null,"price_tier":"unknown","price_tier_label":"價格未知"}},{"type":"Feature","geometry":{"type":"Point","coordinates":[121.50907,25.0739]},"properties":{"supply_id":"taipei-onstreet-106500025","city":"taipei","district":"大同區","display_name":"環河北路2段 車格 106500025","address":"環河北路2段","facility_kind":"onstreet","symbol_text":null,"type_reference":"路邊停車格","type_confidence":0.6,"price_raw":null,"price_value":null,"capacity_total":1,"available_total":null,"occupied_total":null,"status_label":"狀態未知","data_time":"2026-05-02 15:53:29+08:00","city_label":"臺北市","facility_kind_label":"路邊車格","available_rate":null,"occupancy_rate":null,"price_tier":"unknown","price_tier_label":"價格未知"}},{"type":"Feature","geometry":{"type":"Point","coordinates":[121.50678,25.05209]},"properties":{"supply_id":"taipei-onstreet-607500066","city":"taipei","district":"大同區","display_name":"環河北路（3號水門堤外）小型車 車格 607500066","address":"環河北路（3號水門堤外）小型車","facility_kind":"onstreet","symbol_text":null,"type_reference":"路邊停車格","type_confidence":0.6,"price_raw":null,"price_value":null,"capacity_total":1,"available_total":null,"occupied_total":null,"status_label":"狀態未知","data_time":"2026-05-02 15:53:29+08:00","city_label":"臺北市","facility_kind_label":"路邊車格","available_rate":null,"occupancy_rate":null,"price_tier":"unknown","price_tier_label":"價格未知"}},{"type":"Feature","geometry":{"type":"Point","coordinates":[121.50665,25.05202]},"properties":{"supply_id":"taipei-onstreet-607500073","city":"taipei","district":"大同區","display_name":"環河北路（3號水門堤外）小型車 車格 607500073","address":"環河北路（3號水門堤外）小型車","facility_kind":"onstreet","symbol_text":null,"type_reference":"路邊停車格","type_confidence":0.6,"price_raw":null,"price_value":null,"capacity_total":1,"available_total":null,"occupied_total":null,"status_label":"狀態未知","data_time":"2026-05-02 15:53:29+08:00","city_label":"臺北市","facility_kind_label":"路邊車格","available_rate":null,"occupancy_rate":null,"price_tier":"unknown","price_tier_label":"價格未知"}},{"type":"Feature","geometry":{"type":"Point","coordinates":[121.51078,25.07767]},"properties":{"supply_id":"taipei-onstreet-105829422","city":"taipei","district":"大同區","display_name":"延平北路4段294巷 車格 105829422","address":"延平北路4段294巷","facility_kind":"onstreet","symbol_text":null,"type_reference":"路邊停車格","type_confidence":0.6,"price_raw":null,"price_value":null,"capacity_total":1,"available_total":null,"occupied_total":null,"status_label":"狀態未知","data_time":"2026-05-02 15:53:29+08:00","city_label":"臺北市","facility_kind_label":"路邊車格","available_rate":null,"occupancy_rate":null,"price_tier":"unknown","price_tier_label":"價格未知"}},{"type":"Feature","geometry":{"type":"Point","coordinates":[121.51016,25.07756]},"properties":{"supply_id":"taipei-onstreet-105829432","city":"taipei","district":"大同區","display_name":"延平北路4段294巷 車格 105829432","address":"延平北路4段294巷","facility_kind":"onstreet","symbol_text":null,"type_reference":"路邊停車格","type_confidence":0.6,"price_raw":null,"price_value":null,"capacity_total":1,"available_total":null,"occupied_total":null,"status_label":"狀態未知","data_time":"2026-05-02 15:53:29+08:00","city_label":"臺北市","facility_kind_label":"路邊車格","available_rate":null,"occupancy_rate":null,"price_tier":"unknown","price_tier_label":"價格未知"}},{"type":"Feature","geometry":{"type":"Point","coordinates":[121.50774,25.05371]},"properties":{"supply_id":"taipei-onstreet-10130B028","city":"taipei","district":"大同區","display_name":"南京西路B 車格 10130B028","address":"南京西路B","facility_kind":"onstreet","symbol_text":null,"type_reference":"路邊停車格","type_confidence":0.6,"price_raw":null,"price_value":null,"capacity_total":1,"available_total":1,"occupied_total":0,"status_label":"空位","data_time":"2026-05-02 15:53:29+08:00","city_label":"臺北市","facility_kind_label":"路邊車格","available_rate":1,"occupancy_rate":0,"price_tier":"unknown","price_tier_label":"價格未知"}},{"type":"Feature","geometry":{"type":"Point","coordinates":[121.51336,25.07288]},"properties":{"supply_id":"taipei-onstreet-106900055","city":"taipei","district":"大同區","display_name":"哈密街 車格 106900055","address":"哈密街","facility_kind":"onstreet","symbol_text":null,"type_reference":"路邊停車格","type_confidence":0.6,"price_raw":null,"price_value":null,"capacity_total":1,"available_total":null,"occupied_total":null,"status_label":"狀態未知","data_time":"2026-05-02 15:53:29+08:00","city_label":"臺北市","facility_kind_label":"路邊車格","available_rate":null,"occupancy_rate":null,"price_tier":"unknown","price_tier_label":"價格未知"}},{"type":"Feature","geometry":{"type":"Point","coordinates":[121.50994,25.05132]},"properties":{"supply_id":"taipei-onstreet-10101437","city":"taipei","district":"大同區","display_name":"鄭州路143巷 車格 10101437","address":"鄭州路143巷","facility_kind":"onstreet","symbol_text":null,"type_reference":"路邊停車格","type_confidence":0.6,"price_raw":null,"price_value":null,"capacity_total":1,"available_total":null,"occupied_total":null,"status_label":"狀態未知","data_time":"2026-05-02 15:53:29+08:00","city_label":"臺北市","facility_kind_label":"路邊車格","available_rate":null,"occupancy_rate":null,"price_tier":"unknown","price_tier_label":"價格未知"}},{"type":"Feature","geometry":{"type":"Point","coordinates":[121.51808,25.07806]},"properties":{"supply_id":"taipei-onstreet-6136000150","city":"taipei","district":"大同區","display_name":"承德橋下停車場(堤外) 車格 6136000150","address":"承德橋下停車場(堤外)","facility_kind":"onstreet","symbol_text":null,"type_reference":"路邊停車格","type_confidence":0.6,"price_raw":null,"price_value":null,"capacity_total":1,"available_total":null,"occupied_total":null,"status_label":"狀態未知","data_time":"2026-05-02 15:53:29+08:00","city_label":"臺北市","facility_kind_label":"路邊車格","available_rate":null,"occupancy_rate":null,"price_tier":"unknown","price_tier_label":"價格未知"}},{"type":"Feature","geometry":{"type":"Point","coordinates":[121.51127,25.07888]},"properties":{"supply_id":"taipei-onstreet-10580A034","city":"taipei","district":"大同區","display_name":"延平北路4至5段1巷 車格 10580A034","address":"延平北路4至5段1巷","facility_kind":"onstreet","symbol_text":null,"type_reference":"路邊停車格","type_confidence":0.6,"price_raw":null,"price_value":null,"capacity_total":1,"available_total":null,"occupied_total":null,"status_label":"狀態未知","data_time":"2026-05-02 15:53:29+08:00","city_label":"臺北市","facility_kind_label":"路邊車格","available_rate":null,"occupancy_rate":null,"price_tier":"unknown","price_tier_label":"價格未知"}},{"type":"Feature","geometry":{"type":"Point","coordinates":[121.51682,25.07534]},"properties":{"supply_id":"taipei-onstreet-106905301","city":"taipei","district":"大同區","display_name":"哈密街59巷53弄 車格 106905301","address":"哈密街59巷53弄","facility_kind":"onstreet","symbol_text":null,"type_reference":"路邊停車格","type_confidence":0.6,"price_raw":null,"price_value":null,"capacity_total":1,"available_total":null,"occupied_total":null,"status_label":"狀態未知","data_time":"2026-05-02 15:53:29+08:00","city_label":"臺北市","facility_kind_label":"路邊車格","available_rate":null,"occupancy_rate":null,"price_tier":"unknown","price_tier_label":"價格未知"}},{"type":"Feature","geometry":{"type":"Point","coordinates":[121.51248,25.05255]},"properties":{"supply_id":"taipei-onstreet-10190006","city":"taipei","district":"大同區","display_name":"天水路 車格 10190006","address":"天水路","facility_kind":"onstreet","symbol_text":null,"type_reference":"路邊停車格","type_confidence":0.6,"price_raw":null,"price_value":null,"capacity_total":1,"available_total":null,"occupied_total":null,"status_label":"狀態未知","data_time":"2026-05-02 15:53:29+08:00","city_label":"臺北市","facility_kind_label":"路邊車格","available_rate":null,"occupancy_rate":null,"price_tier":"unknown","price_tier_label":"價格未知"}},{"type":"Feature","geometry":{"type":"Point","coordinates":[121.52063,25.07608]},"properties":{"supply_id":"taipei-onstreet-10450006","city":"taipei","district":"大同區","display_name":"承德路3段 車格 10450006","address":"承德路3段","facility_kind":"onstreet","symbol_text":null,"type_reference":"路邊停車格","type_confidence":0.6,"price_raw":null,"price_value":null,"capacity_total":1,"available_total":null,"occupied_total":null,"status_label":"狀態未知","data_time":"2026-05-02 15:53:29+08:00","city_label":"臺北市","facility_kind_label":"路邊車格","available_rate":null,"occupancy_rate":null,"price_tier":"unknown","price_tier_label":"價格未知"}},{"type":"Feature","geometry":{"type":"Point","coordinates":[121.50956,25.07223]},"properties":{"supply_id":"taipei-onstreet-10680A033","city":"taipei","district":"大同區","display_name":"酒泉街 車格 10680A033","address":"酒泉街","facility_kind":"onstreet","symbol_text":null,"type_reference":"路邊停車格","type_confidence":0.6,"price_raw":null,"price_value":null,"capacity_total":1,"available_total":1,"occupied_total":0,"status_label":"空位","data_time":"2026-05-02 15:53:29+08:00","city_label":"臺北市","facility_kind_label":"路邊車格","available_rate":1,"occupancy_rate":0,"price_tier":"unknown","price_tier_label":"價格未知"}},{"type":"Feature","geometry":{"type":"Point","coordinates":[121.5125,25.06467]},"properties":{"supply_id":"taipei-onstreet-104100003","city":"taipei","district":"大同區","display_name":"伊寧街 車格 104100003","address":"伊寧街","facility_kind":"onstreet","symbol_text":null,"type_reference":"路邊停車格","type_confidence":0.6,"price_raw":null,"price_value":null,"capacity_total":1,"available_total":1,"occupied_total":0,"status_label":"空位","data_time":"2026-05-02 15:53:29+08:00","city_label":"臺北市","facility_kind_label":"路邊車格","available_rate":1,"occupancy_rate":0,"price_tier":"unknown","price_tier_label":"價格未知"}},{"type":"Feature","geometry":{"type":"Point","coordinates":[121.50624,25.05215]},"properties":{"supply_id":"taipei-onstreet-6075000109","city":"taipei","district":"大同區","display_name":"環河北路（3號水門堤外）小型車 車格 6075000109","address":"環河北路（3號水門堤外）小型車","facility_kind":"onstreet","symbol_text":null,"type_reference":"路邊停車格","type_confidence":0.6,"price_raw":null,"price_value":null,"capacity_total":1,"available_total":null,"occupied_total":null,"status_label":"狀態未知","data_time":"2026-05-02 15:53:29+08:00","city_label":"臺北市","facility_kind_label":"路邊車格","available_rate":null,"occupancy_rate":null,"price_tier":"unknown","price_tier_label":"價格未知"}},{"type":"Feature","geometry":{"type":"Point","coordinates":[121.50638,25.0521]},"properties":{"supply_id":"taipei-onstreet-607500084","city":"taipei","district":"大同區","display_name":"環河北路（3號水門堤外）小型車 車格 607500084","address":"環河北路（3號水門堤外）小型車","facility_kind":"onstreet","symbol_text":null,"type_reference":"路邊停車格","type_confidence":0.6,"price_raw":null,"price_value":null,"capacity_total":1,"available_total":null,"occupied_total":null,"status_label":"狀態未知","data_time":"2026-05-02 15:53:29+08:00","city_label":"臺北市","facility_kind_label":"路邊車格","available_rate":null,"occupancy_rate":null,"price_tier":"unknown","price_tier_label":"價格未知"}},{"type":"Feature","geometry":{"type":"Point","coordinates":[121.50992,25.05154]},"properties":{"supply_id":"taipei-onstreet-101014312","city":"taipei","district":"大同區","display_name":"鄭州路143巷 車格 101014312","address":"鄭州路143巷","facility_kind":"onstreet","symbol_text":null,"type_reference":"路邊停車格","type_confidence":0.6,"price_raw":null,"price_value":null,"capacity_total":1,"available_total":1,"occupied_total":0,"status_label":"空位","data_time":"2026-05-02 15:53:29+08:00","city_label":"臺北市","facility_kind_label":"路邊車格","available_rate":1,"occupancy_rate":0,"price_tier":"unknown","price_tier_label":"價格未知"}},{"type":"Feature","geometry":{"type":"Point","coordinates":[121.52077,25.07511]},"properties":{"supply_id":"taipei-onstreet-10700A03","city":"taipei","district":"大同區","display_name":"敦煌路A 車格 10700A03","address":"敦煌路A","facility_kind":"onstreet","symbol_text":null,"type_reference":"路邊停車格","type_confidence":0.6,"price_raw":null,"price_value":null,"capacity_total":1,"available_total":null,"occupied_total":null,"status_label":"狀態未知","data_time":"2026-05-02 15:53:29+08:00","city_label":"臺北市","facility_kind_label":"路邊車格","available_rate":null,"occupancy_rate":null,"price_tier":"unknown","price_tier_label":"價格未知"}},{"type":"Feature","geometry":{"type":"Point","coordinates":[121.51299,25.05275]},"properties":{"supply_id":"taipei-onstreet-101900025","city":"taipei","district":"大同區","display_name":"天水路 車格 101900025","address":"天水路","facility_kind":"onstreet","symbol_text":null,"type_reference":"路邊停車格","type_confidence":0.6,"price_raw":null,"price_value":null,"capacity_total":1,"available_total":1,"occupied_total":0,"status_label":"空位","data_time":"2026-05-02 15:53:29+08:00","city_label":"臺北市","facility_kind_label":"路邊車格","available_rate":1,"occupancy_rate":0,"price_tier":"unknown","price_tier_label":"價格未知"}},{"type":"Feature","geometry":{"type":"Point","coordinates":[121.51612,25.07678]},"properties":{"supply_id":"taipei-onstreet-107002114","city":"taipei","district":"大同區","display_name":"敦煌路21巷 車格 107002114","address":"敦煌路21巷","facility_kind":"onstreet","symbol_text":null,"type_reference":"路邊停車格","type_confidence":0.6,"price_raw":null,"price_value":null,"capacity_total":1,"available_total":null,"occupied_total":null,"status_label":"狀態未知","data_time":"2026-05-02 15:53:29+08:00","city_label":"臺北市","facility_kind_label":"路邊車格","available_rate":null,"occupancy_rate":null,"price_tier":"unknown","price_tier_label":"價格未知"}},{"type":"Feature","geometry":{"type":"Point","coordinates":[121.51617,25.06727]},"properties":{"supply_id":"taipei-onstreet-10660918","city":"taipei","district":"大同區","display_name":"大龍街91巷 車格 10660918","address":"大龍街91巷","facility_kind":"onstreet","symbol_text":null,"type_reference":"路邊停車格","type_confidence":0.6,"price_raw":null,"price_value":null,"capacity_total":1,"available_total":null,"occupied_total":null,"status_label":"狀態未知","data_time":"2026-05-02 15:53:29+08:00","city_label":"臺北市","facility_kind_label":"路邊車格","available_rate":null,"occupancy_rate":null,"price_tier":"unknown","price_tier_label":"價格未知"}},{"type":"Feature","geometry":{"type":"Point","coordinates":[121.50901,25.05583]},"properties":{"supply_id":"taipei-onstreet-1023Y0051","city":"taipei","district":"大同區","display_name":"西寧北路 車格 1023Y0051","address":"西寧北路","facility_kind":"onstreet","symbol_text":null,"type_reference":"路邊停車格","type_confidence":0.6,"price_raw":null,"price_value":null,"capacity_total":1,"available_total":1,"occupied_total":0,"status_label":"空位","data_time":"2026-05-02 15:53:29+08:00","city_label":"臺北市","facility_kind_label":"路邊車格","available_rate":1,"occupancy_rate":0,"price_tier":"unknown","price_tier_label":"價格未知"}},{"type":"Feature","geometry":{"type":"Point","coordinates":[121.51678,25.07675]},"properties":{"supply_id":"taipei-onstreet-107002131","city":"taipei","district":"大同區","display_name":"敦煌路21巷 車格 107002131","address":"敦煌路21巷","facility_kind":"onstreet","symbol_text":null,"type_reference":"路邊停車格","type_confidence":0.6,"price_raw":null,"price_value":null,"capacity_total":1,"available_total":null,"occupied_total":null,"status_label":"狀態未知","data_time":"2026-05-02 15:53:29+08:00","city_label":"臺北市","facility_kind_label":"路邊車格","available_rate":null,"occupancy_rate":null,"price_tier":"unknown","price_tier_label":"價格未知"}},{"type":"Feature","geometry":{"type":"Point","coordinates":[121.51129,25.07884]},"properties":{"supply_id":"taipei-onstreet-10580A035","city":"taipei","district":"大同區","display_name":"延平北路4至5段1巷 車格 10580A035","address":"延平北路4至5段1巷","facility_kind":"onstreet","symbol_text":null,"type_reference":"路邊停車格","type_confidence":0.6,"price_raw":null,"price_value":null,"capacity_total":1,"available_total":null,"occupied_total":null,"status_label":"狀態未知","data_time":"2026-05-02 15:53:29+08:00","city_label":"臺北市","facility_kind_label":"路邊車格","available_rate":null,"occupancy_rate":null,"price_tier":"unknown","price_tier_label":"價格未知"}},{"type":"Feature","geometry":{"type":"Point","coordinates":[121.50636,25.05196]},"properties":{"supply_id":"taipei-onstreet-6075000145","city":"taipei","district":"大同區","display_name":"環河北路（3號水門堤外）小型車 車格 6075000145","address":"環河北路（3號水門堤外）小型車","facility_kind":"onstreet","symbol_text":null,"type_reference":"路邊停車格","type_confidence":0.6,"price_raw":null,"price_value":null,"capacity_total":1,"available_total":null,"occupied_total":null,"status_label":"狀態未知","data_time":"2026-05-02 15:53:29+08:00","city_label":"臺北市","facility_kind_label":"路邊車格","available_rate":null,"occupancy_rate":null,"price_tier":"unknown","price_tier_label":"價格未知"}},{"type":"Feature","geometry":{"type":"Point","coordinates":[121.5172,25.06862]},"properties":{"supply_id":"taipei-onstreet-10420009","city":"taipei","district":"大同區","display_name":"民族西路 車格 10420009","address":"民族西路","facility_kind":"onstreet","symbol_text":null,"type_reference":"路邊停車格","type_confidence":0.6,"price_raw":null,"price_value":null,"capacity_total":1,"available_total":null,"occupied_total":null,"status_label":"狀態未知","data_time":"2026-05-02 15:53:29+08:00","city_label":"臺北市","facility_kind_label":"路邊車格","available_rate":null,"occupancy_rate":null,"price_tier":"unknown","price_tier_label":"價格未知"}},{"type":"Feature","geometry":{"type":"Point","coordinates":[121.51808,25.07582]},"properties":{"supply_id":"taipei-onstreet-10700A040","city":"taipei","district":"大同區","display_name":"敦煌路A 車格 10700A040","address":"敦煌路A","facility_kind":"onstreet","symbol_text":null,"type_reference":"路邊停車格","type_confidence":0.6,"price_raw":null,"price_value":null,"capacity_total":1,"available_total":null,"occupied_total":null,"status_label":"狀態未知","data_time":"2026-05-02 15:53:29+08:00","city_label":"臺北市","facility_kind_label":"路邊車格","available_rate":null,"occupancy_rate":null,"price_tier":"unknown","price_tier_label":"價格未知"}},{"type":"Feature","geometry":{"type":"Point","coordinates":[121.50885,25.05539]},"properties":{"supply_id":"taipei-onstreet-1023Y0070","city":"taipei","district":"大同區","display_name":"西寧北路 車格 1023Y0070","address":"西寧北路","facility_kind":"onstreet","symbol_text":null,"type_reference":"路邊停車格","type_confidence":0.6,"price_raw":null,"price_value":null,"capacity_total":1,"available_total":1,"occupied_total":0,"status_label":"空位","data_time":"2026-05-02 15:53:29+08:00","city_label":"臺北市","facility_kind_label":"路邊車格","available_rate":1,"occupancy_rate":0,"price_tier":"unknown","price_tier_label":"價格未知"}},{"type":"Feature","geometry":{"type":"Point","coordinates":[121.5114,25.07897]},"properties":{"supply_id":"taipei-onstreet-10580A033","city":"taipei","district":"大同區","display_name":"延平北路4至5段1巷 車格 10580A033","address":"延平北路4至5段1巷","facility_kind":"onstreet","symbol_text":null,"type_reference":"路邊停車格","type_confidence":0.6,"price_raw":null,"price_value":null,"capacity_total":1,"available_total":null,"occupied_total":null,"status_label":"狀態未知","data_time":"2026-05-02 15:53:29+08:00","city_label":"臺北市","facility_kind_label":"路邊車格","available_rate":null,"occupancy_rate":null,"price_tier":"unknown","price_tier_label":"價格未知"}},{"type":"Feature","geometry":{"type":"Point","coordinates":[121.51799,25.07805]},"properties":{"supply_id":"taipei-onstreet-6136000160","city":"taipei","district":"大同區","display_name":"承德橋下停車場(堤外) 車格 6136000160","address":"承德橋下停車場(堤外)","facility_kind":"onstreet","symbol_text":null,"type_reference":"路邊停車格","type_confidence":0.6,"price_raw":null,"price_value":null,"capacity_total":1,"available_total":null,"occupied_total":null,"status_label":"狀態未知","data_time":"2026-05-02 15:53:29+08:00","city_label":"臺北市","facility_kind_label":"路邊車格","available_rate":null,"occupancy_rate":null,"price_tier":"unknown","price_tier_label":"價格未知"}},{"type":"Feature","geometry":{"type":"Point","coordinates":[121.51002,25.05335]},"properties":{"supply_id":"taipei-onstreet-10130B050","city":"taipei","district":"大同區","display_name":"南京西路B 車格 10130B050","address":"南京西路B","facility_kind":"onstreet","symbol_text":null,"type_reference":"路邊停車格","type_confidence":0.6,"price_raw":null,"price_value":null,"capacity_total":1,"available_total":1,"occupied_total":0,"status_label":"空位","data_time":"2026-05-02 15:53:29+08:00","city_label":"臺北市","facility_kind_label":"路邊車格","available_rate":1,"occupancy_rate":0,"price_tier":"unknown","price_tier_label":"價格未知"}},{"type":"Feature","geometry":{"type":"Point","coordinates":[121.51945,25.06788]},"properties":{"supply_id":"taipei-onstreet-10420325","city":"taipei","district":"大同區","display_name":"民族西路32巷 車格 10420325","address":"民族西路32巷","facility_kind":"onstreet","symbol_text":null,"type_reference":"路邊停車格","type_confidence":0.6,"price_raw":null,"price_value":null,"capacity_total":1,"available_total":null,"occupied_total":null,"status_label":"狀態未知","data_time":"2026-05-02 15:53:29+08:00","city_label":"臺北市","facility_kind_label":"路邊車格","available_rate":null,"occupancy_rate":null,"price_tier":"unknown","price_tier_label":"價格未知"}},{"type":"Feature","geometry":{"type":"Point","coordinates":[121.51164,25.05821]},"properties":{"supply_id":"taipei-onstreet-103600039","city":"taipei","district":"大同區","display_name":"歸綏街 車格 103600039","address":"歸綏街","facility_kind":"onstreet","symbol_text":null,"type_reference":"路邊停車格","type_confidence":0.6,"price_raw":null,"price_value":null,"capacity_total":1,"available_total":null,"occupied_total":null,"status_label":"狀態未知","data_time":"2026-05-02 15:53:29+08:00","city_label":"臺北市","facility_kind_label":"路邊車格","available_rate":null,"occupancy_rate":null,"price_tier":"unknown","price_tier_label":"價格未知"}},{"type":"Feature","geometry":{"type":"Point","coordinates":[121.51775,25.07034]},"properties":{"supply_id":"taipei-onstreet-104519819","city":"taipei","district":"大同區","display_name":"承德路3段198巷 車格 104519819","address":"承德路3段198巷","facility_kind":"onstreet","symbol_text":null,"type_reference":"路邊停車格","type_confidence":0.6,"price_raw":null,"price_value":null,"capacity_total":1,"available_total":1,"occupied_total":0,"status_label":"空位","data_time":"2026-05-02 15:53:29+08:00","city_label":"臺北市","facility_kind_label":"路邊車格","available_rate":1,"occupancy_rate":0,"price_tier":"unknown","price_tier_label":"價格未知"}},{"type":"Feature","geometry":{"type":"Point","coordinates":[121.51934,25.06691]},"properties":{"supply_id":"taipei-onstreet-104203216","city":"taipei","district":"大同區","display_name":"民族西路32巷 車格 104203216","address":"民族西路32巷","facility_kind":"onstreet","symbol_text":null,"type_reference":"路邊停車格","type_confidence":0.6,"price_raw":null,"price_value":null,"capacity_total":1,"available_total":1,"occupied_total":0,"status_label":"空位","data_time":"2026-05-02 15:53:29+08:00","city_label":"臺北市","facility_kind_label":"路邊車格","available_rate":1,"occupancy_rate":0,"price_tier":"unknown","price_tier_label":"價格未知"}},{"type":"Feature","geometry":{"type":"Point","coordinates":[121.51171,25.05812]},"properties":{"supply_id":"taipei-onstreet-103600019","city":"taipei","district":"大同區","display_name":"歸綏街 車格 103600019","address":"歸綏街","facility_kind":"onstreet","symbol_text":null,"type_reference":"路邊停車格","type_confidence":0.6,"price_raw":null,"price_value":null,"capacity_total":1,"available_total":1,"occupied_total":0,"status_label":"空位","data_time":"2026-05-02 15:53:29+08:00","city_label":"臺北市","facility_kind_label":"路邊車格","available_rate":1,"occupancy_rate":0,"price_tier":"unknown","price_tier_label":"價格未知"}},{"type":"Feature","geometry":{"type":"Point","coordinates":[121.51055,25.07766]},"properties":{"supply_id":"taipei-onstreet-105829445","city":"taipei","district":"大同區","display_name":"延平北路4段294巷 車格 105829445","address":"延平北路4段294巷","facility_kind":"onstreet","symbol_text":null,"type_reference":"路邊停車格","type_confidence":0.6,"price_raw":null,"price_value":null,"capacity_total":1,"available_total":null,"occupied_total":null,"status_label":"狀態未知","data_time":"2026-05-02 15:53:29+08:00","city_label":"臺北市","facility_kind_label":"路邊車格","available_rate":null,"occupancy_rate":null,"price_tier":"unknown","price_tier_label":"價格未知"}},{"type":"Feature","geometry":{"type":"Point","coordinates":[121.51014,25.06065]},"properties":{"supply_id":"taipei-onstreet-10350B039A","city":"taipei","district":"大同區","display_name":"涼州街B 車格 10350B039A","address":"涼州街B","facility_kind":"onstreet","symbol_text":null,"type_reference":"路邊停車格","type_confidence":0.6,"price_raw":null,"price_value":null,"capacity_total":1,"available_total":1,"occupied_total":0,"status_label":"空位","data_time":"2026-05-02 15:53:29+08:00","city_label":"臺北市","facility_kind_label":"路邊車格","available_rate":1,"occupancy_rate":0,"price_tier":"unknown","price_tier_label":"價格未知"}},{"type":"Feature","geometry":{"type":"Point","coordinates":[121.51181,25.07814]},"properties":{"supply_id":"taipei-onstreet-10580A019","city":"taipei","district":"大同區","display_name":"延平北路4至5段1巷 車格 10580A019","address":"延平北路4至5段1巷","facility_kind":"onstreet","symbol_text":null,"type_reference":"路邊停車格","type_confidence":0.6,"price_raw":null,"price_value":null,"capacity_total":1,"available_total":null,"occupied_total":null,"status_label":"狀態未知","data_time":"2026-05-02 15:53:29+08:00","city_label":"臺北市","facility_kind_label":"路邊車格","available_rate":null,"occupancy_rate":null,"price_tier":"unknown","price_tier_label":"價格未知"}},{"type":"Feature","geometry":{"type":"Point","coordinates":[121.51906,25.07761]},"properties":{"supply_id":"taipei-onstreet-613600082","city":"taipei","district":"大同區","display_name":"承德橋下停車場(堤外) 車格 613600082","address":"承德橋下停車場(堤外)","facility_kind":"onstreet","symbol_text":null,"type_reference":"路邊停車格","type_confidence":0.6,"price_raw":null,"price_value":null,"capacity_total":1,"available_total":null,"occupied_total":null,"status_label":"狀態未知","data_time":"2026-05-02 15:53:29+08:00","city_label":"臺北市","facility_kind_label":"路邊車格","available_rate":null,"occupancy_rate":null,"price_tier":"unknown","price_tier_label":"價格未知"}},{"type":"Feature","geometry":{"type":"Point","coordinates":[121.50938,25.0603]},"properties":{"supply_id":"taipei-onstreet-10340A010","city":"taipei","district":"大同區","display_name":"迪化街1段A 車格 10340A010","address":"迪化街1段A","facility_kind":"onstreet","symbol_text":null,"type_reference":"路邊停車格","type_confidence":0.6,"price_raw":null,"price_value":null,"capacity_total":1,"available_total":1,"occupied_total":0,"status_label":"空位","data_time":"2026-05-02 15:53:29+08:00","city_label":"臺北市","facility_kind_label":"路邊車格","available_rate":1,"occupancy_rate":0,"price_tier":"unknown","price_tier_label":"價格未知"}},{"type":"Feature","geometry":{"type":"Point","coordinates":[121.51714,25.07046]},"properties":{"supply_id":"taipei-onstreet-10452086","city":"taipei","district":"大同區","display_name":"承德路3段208巷 車格 10452086","address":"承德路3段208巷","facility_kind":"onstreet","symbol_text":null,"type_reference":"路邊停車格","type_confidence":0.6,"price_raw":null,"price_value":null,"capacity_total":1,"available_total":null,"occupied_total":null,"status_label":"狀態未知","data_time":"2026-05-02 15:53:29+08:00","city_label":"臺北市","facility_kind_label":"路邊車格","available_rate":null,"occupancy_rate":null,"price_tier":"unknown","price_tier_label":"價格未知"}},{"type":"Feature","geometry":{"type":"Point","coordinates":[121.5119,25.07761]},"properties":{"supply_id":"taipei-onstreet-10580A065","city":"taipei","district":"大同區","display_name":"延平北路4至5段1巷 車格 10580A065","address":"延平北路4至5段1巷","facility_kind":"onstreet","symbol_text":null,"type_reference":"路邊停車格","type_confidence":0.6,"price_raw":null,"price_value":null,"capacity_total":1,"available_total":null,"occupied_total":null,"status_label":"狀態未知","data_time":"2026-05-02 15:53:29+08:00","city_label":"臺北市","facility_kind_label":"路邊車格","available_rate":null,"occupancy_rate":null,"price_tier":"unknown","price_tier_label":"價格未知"}},{"type":"Feature","geometry":{"type":"Point","coordinates":[121.50869,25.05401]},"properties":{"supply_id":"taipei-onstreet-1023Y0086","city":"taipei","district":"大同區","display_name":"西寧北路 車格 1023Y0086","address":"西寧北路","facility_kind":"onstreet","symbol_text":null,"type_reference":"路邊停車格","type_confidence":0.6,"price_raw":null,"price_value":null,"capacity_total":1,"available_total":1,"occupied_total":0,"status_label":"空位","data_time":"2026-05-02 15:53:29+08:00","city_label":"臺北市","facility_kind_label":"路邊車格","available_rate":1,"occupancy_rate":0,"price_tier":"unknown","price_tier_label":"價格未知"}},{"type":"Feature","geometry":{"type":"Point","coordinates":[121.5105,25.07667]},"properties":{"supply_id":"taipei-onstreet-10700C011","city":"taipei","district":"大同區","display_name":"敦煌路C 車格 10700C011","address":"敦煌路C","facility_kind":"onstreet","symbol_text":null,"type_reference":"路邊停車格","type_confidence":0.6,"price_raw":null,"price_value":null,"capacity_total":1,"available_total":null,"occupied_total":null,"status_label":"狀態未知","data_time":"2026-05-02 15:53:29+08:00","city_label":"臺北市","facility_kind_label":"路邊車格","available_rate":null,"occupancy_rate":null,"price_tier":"unknown","price_tier_label":"價格未知"}},{"type":"Feature","geometry":{"type":"Point","coordinates":[121.51163,25.07731]},"properties":{"supply_id":"taipei-onstreet-10582947","city":"taipei","district":"大同區","display_name":"延平北路4段294巷 車格 10582947","address":"延平北路4段294巷","facility_kind":"onstreet","symbol_text":null,"type_reference":"路邊停車格","type_confidence":0.6,"price_raw":null,"price_value":null,"capacity_total":1,"available_total":null,"occupied_total":null,"status_label":"狀態未知","data_time":"2026-05-02 15:53:29+08:00","city_label":"臺北市","facility_kind_label":"路邊車格","available_rate":null,"occupancy_rate":null,"price_tier":"unknown","price_tier_label":"價格未知"}},{"type":"Feature","geometry":{"type":"Point","coordinates":[121.51634,25.07674]},"properties":{"supply_id":"taipei-onstreet-107002122","city":"taipei","district":"大同區","display_name":"敦煌路21巷 車格 107002122","address":"敦煌路21巷","facility_kind":"onstreet","symbol_text":null,"type_reference":"路邊停車格","type_confidence":0.6,"price_raw":null,"price_value":null,"capacity_total":1,"available_total":null,"occupied_total":null,"status_label":"狀態未知","data_time":"2026-05-02 15:53:29+08:00","city_label":"臺北市","facility_kind_label":"路邊車格","available_rate":null,"occupancy_rate":null,"price_tier":"unknown","price_tier_label":"價格未知"}},{"type":"Feature","geometry":{"type":"Point","coordinates":[121.50629,25.05213]},"properties":{"supply_id":"taipei-onstreet-6075000111","city":"taipei","district":"大同區","display_name":"環河北路（3號水門堤外）小型車 車格 6075000111","address":"環河北路（3號水門堤外）小型車","facility_kind":"onstreet","symbol_text":null,"type_reference":"路邊停車格","type_confidence":0.6,"price_raw":null,"price_value":null,"capacity_total":1,"available_total":null,"occupied_total":null,"status_label":"狀態未知","data_time":"2026-05-02 15:53:29+08:00","city_label":"臺北市","facility_kind_label":"路邊車格","available_rate":null,"occupancy_rate":null,"price_tier":"unknown","price_tier_label":"價格未知"}},{"type":"Feature","geometry":{"type":"Point","coordinates":[121.5187,25.07768]},"properties":{"supply_id":"taipei-onstreet-613600057","city":"taipei","district":"大同區","display_name":"承德橋下停車場(堤外) 車格 613600057","address":"承德橋下停車場(堤外)","facility_kind":"onstreet","symbol_text":null,"type_reference":"路邊停車格","type_confidence":0.6,"price_raw":null,"price_value":null,"capacity_total":1,"available_total":null,"occupied_total":null,"status_label":"狀態未知","data_time":"2026-05-02 15:53:29+08:00","city_label":"臺北市","facility_kind_label":"路邊車格","available_rate":null,"occupancy_rate":null,"price_tier":"unknown","price_tier_label":"價格未知"}},{"type":"Feature","geometry":{"type":"Point","coordinates":[121.50995,25.05176]},"properties":{"supply_id":"taipei-onstreet-101014316","city":"taipei","district":"大同區","display_name":"鄭州路143巷 車格 101014316","address":"鄭州路143巷","facility_kind":"onstreet","symbol_text":null,"type_reference":"路邊停車格","type_confidence":0.6,"price_raw":null,"price_value":null,"capacity_total":1,"available_total":1,"occupied_total":0,"status_label":"空位","data_time":"2026-05-02 15:53:29+08:00","city_label":"臺北市","facility_kind_label":"路邊車格","available_rate":1,"occupancy_rate":0,"price_tier":"unknown","price_tier_label":"價格未知"}},{"type":"Feature","geometry":{"type":"Point","coordinates":[121.51202,25.05813]},"properties":{"supply_id":"taipei-onstreet-103600021","city":"taipei","district":"大同區","display_name":"歸綏街 車格 103600021","address":"歸綏街","facility_kind":"onstreet","symbol_text":null,"type_reference":"路邊停車格","type_confidence":0.6,"price_raw":null,"price_value":null,"capacity_total":1,"available_total":1,"occupied_total":0,"status_label":"空位","data_time":"2026-05-02 15:53:29+08:00","city_label":"臺北市","facility_kind_label":"路邊車格","available_rate":1,"occupancy_rate":0,"price_tier":"unknown","price_tier_label":"價格未知"}},{"type":"Feature","geometry":{"type":"Point","coordinates":[121.5066,25.05203]},"properties":{"supply_id":"taipei-onstreet-6075000124","city":"taipei","district":"大同區","display_name":"環河北路（3號水門堤外）小型車 車格 6075000124","address":"環河北路（3號水門堤外）小型車","facility_kind":"onstreet","symbol_text":null,"type_reference":"路邊停車格","type_confidence":0.6,"price_raw":null,"price_value":null,"capacity_total":1,"available_total":null,"occupied_total":null,"status_label":"狀態未知","data_time":"2026-05-02 15:53:29+08:00","city_label":"臺北市","facility_kind_label":"路邊車格","available_rate":null,"occupancy_rate":null,"price_tier":"unknown","price_tier_label":"價格未知"}},{"type":"Feature","geometry":{"type":"Point","coordinates":[121.51244,25.05252]},"properties":{"supply_id":"taipei-onstreet-10190007","city":"taipei","district":"大同區","display_name":"天水路 車格 10190007","address":"天水路","facility_kind":"onstreet","symbol_text":null,"type_reference":"路邊停車格","type_confidence":0.6,"price_raw":null,"price_value":null,"capacity_total":1,"available_total":null,"occupied_total":null,"status_label":"狀態未知","data_time":"2026-05-02 15:53:29+08:00","city_label":"臺北市","facility_kind_label":"路邊車格","available_rate":null,"occupancy_rate":null,"price_tier":"unknown","price_tier_label":"價格未知"}},{"type":"Feature","geometry":{"type":"Point","coordinates":[121.51199,25.05385]},"properties":{"supply_id":"taipei-onstreet-10130A08","city":"taipei","district":"大同區","display_name":"南京西路A 車格 10130A08","address":"南京西路A","facility_kind":"onstreet","symbol_text":null,"type_reference":"路邊停車格","type_confidence":0.6,"price_raw":null,"price_value":null,"capacity_total":1,"available_total":null,"occupied_total":null,"status_label":"狀態未知","data_time":"2026-05-02 15:53:29+08:00","city_label":"臺北市","facility_kind_label":"路邊車格","available_rate":null,"occupancy_rate":null,"price_tier":"unknown","price_tier_label":"價格未知"}},{"type":"Feature","geometry":{"type":"Point","coordinates":[121.50623,25.05226]},"properties":{"supply_id":"taipei-onstreet-607500043","city":"taipei","district":"大同區","display_name":"環河北路（3號水門堤外）小型車 車格 607500043","address":"環河北路（3號水門堤外）小型車","facility_kind":"onstreet","symbol_text":null,"type_reference":"路邊停車格","type_confidence":0.6,"price_raw":null,"price_value":null,"capacity_total":1,"available_total":null,"occupied_total":null,"status_label":"狀態未知","data_time":"2026-05-02 15:53:29+08:00","city_label":"臺北市","facility_kind_label":"路邊車格","available_rate":null,"occupancy_rate":null,"price_tier":"unknown","price_tier_label":"價格未知"}},{"type":"Feature","geometry":{"type":"Point","coordinates":[121.50674,25.05199]},"properties":{"supply_id":"taipei-onstreet-607500069","city":"taipei","district":"大同區","display_name":"環河北路（3號水門堤外）小型車 車格 607500069","address":"環河北路（3號水門堤外）小型車","facility_kind":"onstreet","symbol_text":null,"type_reference":"路邊停車格","type_confidence":0.6,"price_raw":null,"price_value":null,"capacity_total":1,"available_total":null,"occupied_total":null,"status_label":"狀態未知","data_time":"2026-05-02 15:53:29+08:00","city_label":"臺北市","facility_kind_label":"路邊車格","available_rate":null,"occupancy_rate":null,"price_tier":"unknown","price_tier_label":"價格未知"}},{"type":"Feature","geometry":{"type":"Point","coordinates":[121.51235,25.0765]},"properties":{"supply_id":"taipei-onstreet-10700007","city":"taipei","district":"大同區","display_name":"敦煌路 車格 10700007","address":"敦煌路","facility_kind":"onstreet","symbol_text":null,"type_reference":"路邊停車格","type_confidence":0.6,"price_raw":null,"price_value":null,"capacity_total":1,"available_total":null,"occupied_total":null,"status_label":"狀態未知","data_time":"2026-05-02 15:53:29+08:00","city_label":"臺北市","facility_kind_label":"路邊車格","available_rate":null,"occupancy_rate":null,"price_tier":"unknown","price_tier_label":"價格未知"}},{"type":"Feature","geometry":{"type":"Point","coordinates":[121.50591,25.05204]},"properties":{"supply_id":"taipei-onstreet-6075000237","city":"taipei","district":"大同區","display_name":"環河北路（3號水門堤外）小型車 車格 6075000237","address":"環河北路（3號水門堤外）小型車","facility_kind":"onstreet","symbol_text":null,"type_reference":"路邊停車格","type_confidence":0.6,"price_raw":null,"price_value":null,"capacity_total":1,"available_total":null,"occupied_total":null,"status_label":"狀態未知","data_time":"2026-05-02 15:53:29+08:00","city_label":"臺北市","facility_kind_label":"路邊車格","available_rate":null,"occupancy_rate":null,"price_tier":"unknown","price_tier_label":"價格未知"}},{"type":"Feature","geometry":{"type":"Point","coordinates":[121.51203,25.07769]},"properties":{"supply_id":"taipei-onstreet-10580A08","city":"taipei","district":"大同區","display_name":"延平北路4至5段1巷 車格 10580A08","address":"延平北路4至5段1巷","facility_kind":"onstreet","symbol_text":null,"type_reference":"路邊停車格","type_confidence":0.6,"price_raw":null,"price_value":null,"capacity_total":1,"available_total":null,"occupied_total":null,"status_label":"狀態未知","data_time":"2026-05-02 15:53:29+08:00","city_label":"臺北市","facility_kind_label":"路邊車格","available_rate":null,"occupancy_rate":null,"price_tier":"unknown","price_tier_label":"價格未知"}},{"type":"Feature","geometry":{"type":"Point","coordinates":[121.51233,25.0765]},"properties":{"supply_id":"taipei-onstreet-107000020","city":"taipei","district":"大同區","display_name":"敦煌路 車格 107000020","address":"敦煌路","facility_kind":"onstreet","symbol_text":null,"type_reference":"路邊停車格","type_confidence":0.6,"price_raw":null,"price_value":null,"capacity_total":1,"available_total":null,"occupied_total":null,"status_label":"狀態未知","data_time":"2026-05-02 15:53:29+08:00","city_label":"臺北市","facility_kind_label":"路邊車格","available_rate":null,"occupancy_rate":null,"price_tier":"unknown","price_tier_label":"價格未知"}},{"type":"Feature","geometry":{"type":"Point","coordinates":[121.5099,25.06096]},"properties":{"supply_id":"taipei-onstreet-103300013","city":"taipei","district":"大同區","display_name":"安西街 車格 103300013","address":"安西街","facility_kind":"onstreet","symbol_text":null,"type_reference":"路邊停車格","type_confidence":0.6,"price_raw":null,"price_value":null,"capacity_total":1,"available_total":1,"occupied_total":0,"status_label":"空位","data_time":"2026-05-02 15:53:29+08:00","city_label":"臺北市","facility_kind_label":"路邊車格","available_rate":1,"occupancy_rate":0,"price_tier":"unknown","price_tier_label":"價格未知"}},{"type":"Feature","geometry":{"type":"Point","coordinates":[121.5126,25.07133]},"properties":{"supply_id":"taipei-onstreet-10512523","city":"taipei","district":"大同區","display_name":"重慶北路3段252巷 車格 10512523","address":"重慶北路3段252巷","facility_kind":"onstreet","symbol_text":null,"type_reference":"路邊停車格","type_confidence":0.6,"price_raw":null,"price_value":null,"capacity_total":1,"available_total":null,"occupied_total":null,"status_label":"狀態未知","data_time":"2026-05-02 15:53:29+08:00","city_label":"臺北市","facility_kind_label":"路邊車格","available_rate":null,"occupancy_rate":null,"price_tier":"unknown","price_tier_label":"價格未知"}},{"type":"Feature","geometry":{"type":"Point","coordinates":[121.50855,25.05291]},"properties":{"supply_id":"taipei-onstreet-1023Y0096","city":"taipei","district":"大同區","display_name":"西寧北路 車格 1023Y0096","address":"西寧北路","facility_kind":"onstreet","symbol_text":null,"type_reference":"路邊停車格","type_confidence":0.6,"price_raw":null,"price_value":null,"capacity_total":1,"available_total":1,"occupied_total":0,"status_label":"空位","data_time":"2026-05-02 15:53:29+08:00","city_label":"臺北市","facility_kind_label":"路邊車格","available_rate":1,"occupancy_rate":0,"price_tier":"unknown","price_tier_label":"價格未知"}},{"type":"Feature","geometry":{"type":"Point","coordinates":[121.51834,25.07792]},"properties":{"supply_id":"taipei-onstreet-6136000138","city":"taipei","district":"大同區","display_name":"承德橋下停車場(堤外) 車格 6136000138","address":"承德橋下停車場(堤外)","facility_kind":"onstreet","symbol_text":null,"type_reference":"路邊停車格","type_confidence":0.6,"price_raw":null,"price_value":null,"capacity_total":1,"available_total":null,"occupied_total":null,"status_label":"狀態未知","data_time":"2026-05-02 15:53:29+08:00","city_label":"臺北市","facility_kind_label":"路邊車格","available_rate":null,"occupancy_rate":null,"price_tier":"unknown","price_tier_label":"價格未知"}},{"type":"Feature","geometry":{"type":"Point","coordinates":[121.51585,25.05766]},"properties":{"supply_id":"taipei-onstreet-10270005","city":"taipei","district":"大同區","display_name":"萬全街 車格 10270005","address":"萬全街","facility_kind":"onstreet","symbol_text":null,"type_reference":"路邊停車格","type_confidence":0.6,"price_raw":null,"price_value":null,"capacity_total":1,"available_total":null,"occupied_total":null,"status_label":"狀態未知","data_time":"2026-05-02 15:53:29+08:00","city_label":"臺北市","facility_kind_label":"路邊車格","available_rate":null,"occupancy_rate":null,"price_tier":"unknown","price_tier_label":"價格未知"}},{"type":"Feature","geometry":{"type":"Point","coordinates":[121.50961,25.07223]},"properties":{"supply_id":"taipei-onstreet-10680A032","city":"taipei","district":"大同區","display_name":"酒泉街 車格 10680A032","address":"酒泉街","facility_kind":"onstreet","symbol_text":null,"type_reference":"路邊停車格","type_confidence":0.6,"price_raw":null,"price_value":null,"capacity_total":1,"available_total":1,"occupied_total":0,"status_label":"空位","data_time":"2026-05-02 15:53:29+08:00","city_label":"臺北市","facility_kind_label":"路邊車格","available_rate":1,"occupancy_rate":0,"price_tier":"unknown","price_tier_label":"價格未知"}},{"type":"Feature","geometry":{"type":"Point","coordinates":[121.51021,25.07222]},"properties":{"supply_id":"taipei-onstreet-10680A021","city":"taipei","district":"大同區","display_name":"酒泉街 車格 10680A021","address":"酒泉街","facility_kind":"onstreet","symbol_text":null,"type_reference":"路邊停車格","type_confidence":0.6,"price_raw":null,"price_value":null,"capacity_total":1,"available_total":null,"occupied_total":null,"status_label":"狀態未知","data_time":"2026-05-02 15:53:29+08:00","city_label":"臺北市","facility_kind_label":"路邊車格","available_rate":null,"occupancy_rate":null,"price_tier":"unknown","price_tier_label":"價格未知"}},{"type":"Feature","geometry":{"type":"Point","coordinates":[121.50667,25.05201]},"properties":{"supply_id":"taipei-onstreet-6075000127","city":"taipei","district":"大同區","display_name":"環河北路（3號水門堤外）小型車 車格 6075000127","address":"環河北路（3號水門堤外）小型車","facility_kind":"onstreet","symbol_text":null,"type_reference":"路邊停車格","type_confidence":0.6,"price_raw":null,"price_value":null,"capacity_total":1,"available_total":null,"occupied_total":null,"status_label":"狀態未知","data_time":"2026-05-02 15:53:29+08:00","city_label":"臺北市","facility_kind_label":"路邊車格","available_rate":null,"occupancy_rate":null,"price_tier":"unknown","price_tier_label":"價格未知"}},{"type":"Feature","geometry":{"type":"Point","coordinates":[121.51033,25.0767]},"properties":{"supply_id":"taipei-onstreet-10700C013","city":"taipei","district":"大同區","display_name":"敦煌路C 車格 10700C013","address":"敦煌路C","facility_kind":"onstreet","symbol_text":null,"type_reference":"路邊停車格","type_confidence":0.6,"price_raw":null,"price_value":null,"capacity_total":1,"available_total":null,"occupied_total":null,"status_label":"狀態未知","data_time":"2026-05-02 15:53:29+08:00","city_label":"臺北市","facility_kind_label":"路邊車格","available_rate":null,"occupancy_rate":null,"price_tier":"unknown","price_tier_label":"價格未知"}},{"type":"Feature","geometry":{"type":"Point","coordinates":[121.514,25.07047]},"properties":{"supply_id":"taipei-onstreet-10512237","city":"taipei","district":"大同區","display_name":"重慶北路3段223巷 車格 10512237","address":"重慶北路3段223巷","facility_kind":"onstreet","symbol_text":null,"type_reference":"路邊停車格","type_confidence":0.6,"price_raw":null,"price_value":null,"capacity_total":1,"available_total":null,"occupied_total":null,"status_label":"狀態未知","data_time":"2026-05-02 15:53:29+08:00","city_label":"臺北市","facility_kind_label":"路邊車格","available_rate":null,"occupancy_rate":null,"price_tier":"unknown","price_tier_label":"價格未知"}},{"type":"Feature","geometry":{"type":"Point","coordinates":[121.51279,25.06468]},"properties":{"supply_id":"taipei-onstreet-104100009","city":"taipei","district":"大同區","display_name":"伊寧街 車格 104100009","address":"伊寧街","facility_kind":"onstreet","symbol_text":null,"type_reference":"路邊停車格","type_confidence":0.6,"price_raw":null,"price_value":null,"capacity_total":1,"available_total":null,"occupied_total":null,"status_label":"狀態未知","data_time":"2026-05-02 15:53:29+08:00","city_label":"臺北市","facility_kind_label":"路邊車格","available_rate":null,"occupancy_rate":null,"price_tier":"unknown","price_tier_label":"價格未知"}},{"type":"Feature","geometry":{"type":"Point","coordinates":[121.51938,25.07531]},"properties":{"supply_id":"taipei-onstreet-10700A063","city":"taipei","district":"大同區","display_name":"敦煌路A 車格 10700A063","address":"敦煌路A","facility_kind":"onstreet","symbol_text":null,"type_reference":"路邊停車格","type_confidence":0.6,"price_raw":null,"price_value":null,"capacity_total":1,"available_total":null,"occupied_total":null,"status_label":"狀態未知","data_time":"2026-05-02 15:53:29+08:00","city_label":"臺北市","facility_kind_label":"路邊車格","available_rate":null,"occupancy_rate":null,"price_tier":"unknown","price_tier_label":"價格未知"}},{"type":"Feature","geometry":{"type":"Point","coordinates":[121.50909,25.07371]},"properties":{"supply_id":"taipei-onstreet-106500021","city":"taipei","district":"大同區","display_name":"環河北路2段 車格 106500021","address":"環河北路2段","facility_kind":"onstreet","symbol_text":null,"type_reference":"路邊停車格","type_confidence":0.6,"price_raw":null,"price_value":null,"capacity_total":1,"available_total":null,"occupied_total":null,"status_label":"狀態未知","data_time":"2026-05-02 15:53:29+08:00","city_label":"臺北市","facility_kind_label":"路邊車格","available_rate":null,"occupancy_rate":null,"price_tier":"unknown","price_tier_label":"價格未知"}},{"type":"Feature","geometry":{"type":"Point","coordinates":[121.50879,25.05372]},"properties":{"supply_id":"taipei-onstreet-1023Y0044","city":"taipei","district":"大同區","display_name":"西寧北路 車格 1023Y0044","address":"西寧北路","facility_kind":"onstreet","symbol_text":null,"type_reference":"路邊停車格","type_confidence":0.6,"price_raw":null,"price_value":null,"capacity_total":1,"available_total":null,"occupied_total":null,"status_label":"狀態未知","data_time":"2026-05-02 15:53:29+08:00","city_label":"臺北市","facility_kind_label":"路邊車格","available_rate":null,"occupancy_rate":null,"price_tier":"unknown","price_tier_label":"價格未知"}},{"type":"Feature","geometry":{"type":"Point","coordinates":[121.51886,25.07762]},"properties":{"supply_id":"taipei-onstreet-613600050","city":"taipei","district":"大同區","display_name":"承德橋下停車場(堤外) 車格 613600050","address":"承德橋下停車場(堤外)","facility_kind":"onstreet","symbol_text":null,"type_reference":"路邊停車格","type_confidence":0.6,"price_raw":null,"price_value":null,"capacity_total":1,"available_total":null,"occupied_total":null,"status_label":"狀態未知","data_time":"2026-05-02 15:53:29+08:00","city_label":"臺北市","facility_kind_label":"路邊車格","available_rate":null,"occupancy_rate":null,"price_tier":"unknown","price_tier_label":"價格未知"}},{"type":"Feature","geometry":{"type":"Point","coordinates":[121.5122,25.06881]},"properties":{"supply_id":"taipei-onstreet-104222512","city":"taipei","district":"大同區","display_name":"民族西路225巷 車格 104222512","address":"民族西路225巷","facility_kind":"onstreet","symbol_text":null,"type_reference":"路邊停車格","type_confidence":0.6,"price_raw":null,"price_value":null,"capacity_total":1,"available_total":1,"occupied_total":0,"status_label":"空位","data_time":"2026-05-02 15:53:29+08:00","city_label":"臺北市","facility_kind_label":"路邊車格","available_rate":1,"occupancy_rate":0,"price_tier":"unknown","price_tier_label":"價格未知"}},{"type":"Feature","geometry":{"type":"Point","coordinates":[121.51308,25.05371]},"properties":{"supply_id":"taipei-onstreet-521400038","city":"taipei","district":"大同區","display_name":"華亭街 車格 521400038","address":"華亭街","facility_kind":"onstreet","symbol_text":null,"type_reference":"路邊停車格","type_confidence":0.6,"price_raw":null,"price_value":null,"capacity_total":1,"available_total":1,"occupied_total":0,"status_label":"空位","data_time":"2026-05-02 15:53:29+08:00","city_label":"臺北市","facility_kind_label":"路邊車格","available_rate":1,"occupancy_rate":0,"price_tier":"unknown","price_tier_label":"價格未知"}},{"type":"Feature","geometry":{"type":"Point","coordinates":[121.5066,25.05204]},"properties":{"supply_id":"taipei-onstreet-607500075","city":"taipei","district":"大同區","display_name":"環河北路（3號水門堤外）小型車 車格 607500075","address":"環河北路（3號水門堤外）小型車","facility_kind":"onstreet","symbol_text":null,"type_reference":"路邊停車格","type_confidence":0.6,"price_raw":null,"price_value":null,"capacity_total":1,"available_total":null,"occupied_total":null,"status_label":"狀態未知","data_time":"2026-05-02 15:53:29+08:00","city_label":"臺北市","facility_kind_label":"路邊車格","available_rate":null,"occupancy_rate":null,"price_tier":"unknown","price_tier_label":"價格未知"}},{"type":"Feature","geometry":{"type":"Point","coordinates":[121.51907,25.07771]},"properties":{"supply_id":"taipei-onstreet-6136000115","city":"taipei","district":"大同區","display_name":"承德橋下停車場(堤外) 車格 6136000115","address":"承德橋下停車場(堤外)","facility_kind":"onstreet","symbol_text":null,"type_reference":"路邊停車格","type_confidence":0.6,"price_raw":null,"price_value":null,"capacity_total":1,"available_total":null,"occupied_total":null,"status_label":"狀態未知","data_time":"2026-05-02 15:53:29+08:00","city_label":"臺北市","facility_kind_label":"路邊車格","available_rate":null,"occupancy_rate":null,"price_tier":"unknown","price_tier_label":"價格未知"}},{"type":"Feature","geometry":{"type":"Point","coordinates":[121.51221,25.0691]},"properties":{"supply_id":"taipei-onstreet-104222508","city":"taipei","district":"大同區","display_name":"民族西路225巷 車格 104222508","address":"民族西路225巷","facility_kind":"onstreet","symbol_text":null,"type_reference":"路邊停車格","type_confidence":0.6,"price_raw":null,"price_value":null,"capacity_total":1,"available_total":1,"occupied_total":0,"status_label":"空位","data_time":"2026-05-02 15:53:29+08:00","city_label":"臺北市","facility_kind_label":"路邊車格","available_rate":1,"occupancy_rate":0,"price_tier":"unknown","price_tier_label":"價格未知"}},{"type":"Feature","geometry":{"type":"Point","coordinates":[121.51501,25.05494]},"properties":{"supply_id":"taipei-onstreet-10300B024","city":"taipei","district":"大同區","display_name":"寧夏路B 車格 10300B024","address":"寧夏路B","facility_kind":"onstreet","symbol_text":null,"type_reference":"路邊停車格","type_confidence":0.6,"price_raw":null,"price_value":null,"capacity_total":1,"available_total":1,"occupied_total":0,"status_label":"空位","data_time":"2026-05-02 15:53:29+08:00","city_label":"臺北市","facility_kind_label":"路邊車格","available_rate":1,"occupancy_rate":0,"price_tier":"unknown","price_tier_label":"價格未知"}},{"type":"Feature","geometry":{"type":"Point","coordinates":[121.51276,25.06048]},"properties":{"supply_id":"taipei-onstreet-103100030","city":"taipei","district":"大同區","display_name":"甘州街 車格 103100030","address":"甘州街","facility_kind":"onstreet","symbol_text":null,"type_reference":"路邊停車格","type_confidence":0.6,"price_raw":null,"price_value":null,"capacity_total":1,"available_total":1,"occupied_total":0,"status_label":"空位","data_time":"2026-05-02 15:53:29+08:00","city_label":"臺北市","facility_kind_label":"路邊車格","available_rate":1,"occupancy_rate":0,"price_tier":"unknown","price_tier_label":"價格未知"}},{"type":"Feature","geometry":{"type":"Point","coordinates":[121.51767,25.06127]},"properties":{"supply_id":"taipei-onstreet-103810214","city":"taipei","district":"大同區","display_name":"民權西路102巷 車格 103810214","address":"民權西路102巷","facility_kind":"onstreet","symbol_text":null,"type_reference":"路邊停車格","type_confidence":0.6,"price_raw":null,"price_value":null,"capacity_total":1,"available_total":null,"occupied_total":null,"status_label":"狀態未知","data_time":"2026-05-02 15:53:29+08:00","city_label":"臺北市","facility_kind_label":"路邊車格","available_rate":null,"occupancy_rate":null,"price_tier":"unknown","price_tier_label":"價格未知"}},{"type":"Feature","geometry":{"type":"Point","coordinates":[121.51652,25.05534]},"properties":{"supply_id":"taipei-onstreet-101500010","city":"taipei","district":"大同區","display_name":"太原路 車格 101500010","address":"太原路","facility_kind":"onstreet","symbol_text":null,"type_reference":"路邊停車格","type_confidence":0.6,"price_raw":null,"price_value":null,"capacity_total":1,"available_total":null,"occupied_total":null,"status_label":"狀態未知","data_time":"2026-05-02 15:53:29+08:00","city_label":"臺北市","facility_kind_label":"路邊車格","available_rate":null,"occupancy_rate":null,"price_tier":"unknown","price_tier_label":"價格未知"}},{"type":"Feature","geometry":{"type":"Point","coordinates":[121.51144,25.07888]},"properties":{"supply_id":"taipei-onstreet-10580A031","city":"taipei","district":"大同區","display_name":"延平北路4至5段1巷 車格 10580A031","address":"延平北路4至5段1巷","facility_kind":"onstreet","symbol_text":null,"type_reference":"路邊停車格","type_confidence":0.6,"price_raw":null,"price_value":null,"capacity_total":1,"available_total":null,"occupied_total":null,"status_label":"狀態未知","data_time":"2026-05-02 15:53:29+08:00","city_label":"臺北市","facility_kind_label":"路邊車格","available_rate":null,"occupancy_rate":null,"price_tier":"unknown","price_tier_label":"價格未知"}},{"type":"Feature","geometry":{"type":"Point","coordinates":[121.51809,25.078]},"properties":{"supply_id":"taipei-onstreet-6136000164","city":"taipei","district":"大同區","display_name":"承德橋下停車場(堤外) 車格 6136000164","address":"承德橋下停車場(堤外)","facility_kind":"onstreet","symbol_text":null,"type_reference":"路邊停車格","type_confidence":0.6,"price_raw":null,"price_value":null,"capacity_total":1,"available_total":null,"occupied_total":null,"status_label":"狀態未知","data_time":"2026-05-02 15:53:29+08:00","city_label":"臺北市","facility_kind_label":"路邊車格","available_rate":null,"occupancy_rate":null,"price_tier":"unknown","price_tier_label":"價格未知"}},{"type":"Feature","geometry":{"type":"Point","coordinates":[121.51246,25.06467]},"properties":{"supply_id":"taipei-onstreet-104100002","city":"taipei","district":"大同區","display_name":"伊寧街 車格 104100002","address":"伊寧街","facility_kind":"onstreet","symbol_text":null,"type_reference":"路邊停車格","type_confidence":0.6,"price_raw":null,"price_value":null,"capacity_total":1,"available_total":1,"occupied_total":0,"status_label":"空位","data_time":"2026-05-02 15:53:29+08:00","city_label":"臺北市","facility_kind_label":"路邊車格","available_rate":1,"occupancy_rate":0,"price_tier":"unknown","price_tier_label":"價格未知"}},{"type":"Feature","geometry":{"type":"Point","coordinates":[121.51589,25.05768]},"properties":{"supply_id":"taipei-onstreet-10270006","city":"taipei","district":"大同區","display_name":"萬全街 車格 10270006","address":"萬全街","facility_kind":"onstreet","symbol_text":null,"type_reference":"路邊停車格","type_confidence":0.6,"price_raw":null,"price_value":null,"capacity_total":1,"available_total":null,"occupied_total":null,"status_label":"狀態未知","data_time":"2026-05-02 15:53:29+08:00","city_label":"臺北市","facility_kind_label":"路邊車格","available_rate":null,"occupancy_rate":null,"price_tier":"unknown","price_tier_label":"價格未知"}},{"type":"Feature","geometry":{"type":"Point","coordinates":[121.50889,25.05592]},"properties":{"supply_id":"taipei-onstreet-1023Y0061","city":"taipei","district":"大同區","display_name":"西寧北路 車格 1023Y0061","address":"西寧北路","facility_kind":"onstreet","symbol_text":null,"type_reference":"路邊停車格","type_confidence":0.6,"price_raw":null,"price_value":null,"capacity_total":1,"available_total":1,"occupied_total":0,"status_label":"空位","data_time":"2026-05-02 15:53:29+08:00","city_label":"臺北市","facility_kind_label":"路邊車格","available_rate":1,"occupancy_rate":0,"price_tier":"unknown","price_tier_label":"價格未知"}},{"type":"Feature","geometry":{"type":"Point","coordinates":[121.51489,25.06994]},"properties":{"supply_id":"taipei-onstreet-10421871","city":"taipei","district":"大同區","display_name":"民族西路187巷 車格 10421871","address":"民族西路187巷","facility_kind":"onstreet","symbol_text":null,"type_reference":"路邊停車格","type_confidence":0.6,"price_raw":null,"price_value":null,"capacity_total":1,"available_total":null,"occupied_total":null,"status_label":"狀態未知","data_time":"2026-05-02 15:53:29+08:00","city_label":"臺北市","facility_kind_label":"路邊車格","available_rate":null,"occupancy_rate":null,"price_tier":"unknown","price_tier_label":"價格未知"}},{"type":"Feature","geometry":{"type":"Point","coordinates":[121.51281,25.05871]},"properties":{"supply_id":"taipei-onstreet-103100014","city":"taipei","district":"大同區","display_name":"甘州街 車格 103100014","address":"甘州街","facility_kind":"onstreet","symbol_text":null,"type_reference":"路邊停車格","type_confidence":0.6,"price_raw":null,"price_value":null,"capacity_total":1,"available_total":1,"occupied_total":0,"status_label":"空位","data_time":"2026-05-02 15:53:29+08:00","city_label":"臺北市","facility_kind_label":"路邊車格","available_rate":1,"occupancy_rate":0,"price_tier":"unknown","price_tier_label":"價格未知"}},{"type":"Feature","geometry":{"type":"Point","coordinates":[121.51922,25.06625]},"properties":{"supply_id":"taipei-onstreet-104203222","city":"taipei","district":"大同區","display_name":"民族西路32巷 車格 104203222","address":"民族西路32巷","facility_kind":"onstreet","symbol_text":null,"type_reference":"路邊停車格","type_confidence":0.6,"price_raw":null,"price_value":null,"capacity_total":1,"available_total":1,"occupied_total":0,"status_label":"空位","data_time":"2026-05-02 15:53:29+08:00","city_label":"臺北市","facility_kind_label":"路邊車格","available_rate":1,"occupancy_rate":0,"price_tier":"unknown","price_tier_label":"價格未知"}},{"type":"Feature","geometry":{"type":"Point","coordinates":[121.50953,25.06721]},"properties":{"supply_id":"taipei-onstreet-10371724A","city":"taipei","district":"大同區","display_name":"迪化街2段172巷 車格 10371724A","address":"迪化街2段172巷","facility_kind":"onstreet","symbol_text":null,"type_reference":"路邊停車格","type_confidence":0.6,"price_raw":null,"price_value":null,"capacity_total":1,"available_total":null,"occupied_total":null,"status_label":"狀態未知","data_time":"2026-05-02 15:53:29+08:00","city_label":"臺北市","facility_kind_label":"路邊車格","available_rate":null,"occupancy_rate":null,"price_tier":"unknown","price_tier_label":"價格未知"}},{"type":"Feature","geometry":{"type":"Point","coordinates":[121.51619,25.06423]},"properties":{"supply_id":"taipei-onstreet-104502409","city":"taipei","district":"大同區","display_name":"承德路3段24巷 車格 104502409","address":"承德路3段24巷","facility_kind":"onstreet","symbol_text":null,"type_reference":"路邊停車格","type_confidence":0.6,"price_raw":null,"price_value":null,"capacity_total":1,"available_total":null,"occupied_total":null,"status_label":"狀態未知","data_time":"2026-05-02 15:53:29+08:00","city_label":"臺北市","facility_kind_label":"路邊車格","available_rate":null,"occupancy_rate":null,"price_tier":"unknown","price_tier_label":"價格未知"}},{"type":"Feature","geometry":{"type":"Point","coordinates":[121.51242,25.05238]},"properties":{"supply_id":"taipei-onstreet-101900017","city":"taipei","district":"大同區","display_name":"天水路 車格 101900017","address":"天水路","facility_kind":"onstreet","symbol_text":null,"type_reference":"路邊停車格","type_confidence":0.6,"price_raw":null,"price_value":null,"capacity_total":1,"available_total":1,"occupied_total":0,"status_label":"空位","data_time":"2026-05-02 15:53:29+08:00","city_label":"臺北市","facility_kind_label":"路邊車格","available_rate":1,"occupancy_rate":0,"price_tier":"unknown","price_tier_label":"價格未知"}}]}