{"type":"FeatureCollection","features":[{"type":"Feature","geometry":{"type":"Point","coordinates":[121.58528901134007,0.0002281141551612904]},"properties":{"supply_id":"new_taipei-parking-270005","city":"new_taipei","district":"金山區","display_name":"水尾停車場","address":"新北市金山區民生路190號前","facility_kind":"public_parking","symbol_text":"S","type_reference":"一般停車場","type_confidence":1,"price_raw":"小型車免費;大型車免費;","price_value":null,"capacity_total":111,"available_total":null,"occupied_total":null,"status_label":"狀態未知","data_time":"2026-05-03 06:08:01.942681+08:00","city_label":"新北市","facility_kind_label":"停車場","available_rate":null,"occupancy_rate":null,"price_tier":"unknown","price_tier_label":"價格未知"}},{"type":"Feature","geometry":{"type":"Point","coordinates":[121.63919435454179,25.220513637367844]},"properties":{"supply_id":"new_taipei-parking-270003","city":"new_taipei","district":"金山區","display_name":"金包里老街停車場","address":"新北市金山區中山路134號","facility_kind":"public_parking","symbol_text":"S","type_reference":"一般停車場","type_confidence":1,"price_raw":"小型車計時每3小時100元;","price_value":100,"capacity_total":23,"available_total":null,"occupied_total":null,"status_label":"狀態未知","data_time":"2026-05-03 06:08:01.942681+08:00","city_label":"新北市","facility_kind_label":"停車場","available_rate":null,"occupancy_rate":null,"price_tier":"premium","price_tier_label":"極高價"}},{"type":"Feature","geometry":{"type":"Point","coordinates":[121.64184336253192,25.220745004788142]},"properties":{"supply_id":"new_taipei-parking-270014","city":"new_taipei","district":"金山區","display_name":"金全興商店1號停車場","address":"新北市金山區民生路47號","facility_kind":"public_parking","symbol_text":"S","type_reference":"一般停車場","type_confidence":1,"price_raw":"小型車計次100元;","price_value":100,"capacity_total":10,"available_total":null,"occupied_total":null,"status_label":"狀態未知","data_time":"2026-05-03 06:08:01.942681+08:00","city_label":"新北市","facility_kind_label":"停車場","available_rate":null,"occupancy_rate":null,"price_tier":"premium","price_tier_label":"極高價"}},{"type":"Feature","geometry":{"type":"Point","coordinates":[121.64205145418548,25.2203062551291]},"properties":{"supply_id":"new_taipei-parking-270013","city":"new_taipei","district":"金山區","display_name":"金全興商店2號停車場","address":"新北市金山區民生路47號","facility_kind":"public_parking","symbol_text":"S","type_reference":"一般停車場","type_confidence":1,"price_raw":"小型車計次100元;","price_value":100,"capacity_total":21,"available_total":null,"occupied_total":null,"status_label":"狀態未知","data_time":"2026-05-03 06:08:01.942681+08:00","city_label":"新北市","facility_kind_label":"停車場","available_rate":null,"occupancy_rate":null,"price_tier":"premium","price_tier_label":"極高價"}},{"type":"Feature","geometry":{"type":"Point","coordinates":[121.63467923689505,25.225376484647512]},"properties":{"supply_id":"new_taipei-parking-270016","city":"new_taipei","district":"金山區","display_name":"新世紀語文短期補習班停車場","address":"新北市金山區文化三路39號","facility_kind":"public_parking","symbol_text":"S","type_reference":"一般停車場","type_confidence":1,"price_raw":"小型車計時30元;","price_value":30,"capacity_total":18,"available_total":null,"occupied_total":null,"status_label":"狀態未知","data_time":"2026-05-03 06:08:01.942681+08:00","city_label":"新北市","facility_kind_label":"停車場","available_rate":null,"occupancy_rate":null,"price_tier":"medium","price_tier_label":"中價"}},{"type":"Feature","geometry":{"type":"Point","coordinates":[121.6331606611309,25.238771146688123]},"properties":{"supply_id":"new_taipei-parking-270015","city":"new_taipei","district":"金山區","display_name":"中角灣停車場","address":"新北市金山區海興路180之3 號對面","facility_kind":"public_parking","symbol_text":"S","type_reference":"一般停車場","type_confidence":1,"price_raw":"小型車計次60元;小型車計次120元;小型車月租2000元;身障車月租1000元;重型機車計次60元;重型機車計次120元;重型機車月租2000元;","price_value":2000,"capacity_total":79,"available_total":null,"occupied_total":null,"status_label":"狀態未知","data_time":"2026-05-03 06:08:01.942681+08:00","city_label":"新北市","facility_kind_label":"停車場","available_rate":null,"occupancy_rate":null,"price_tier":"premium","price_tier_label":"極高價"}},{"type":"Feature","geometry":{"type":"Point","coordinates":[121.63708450239959,25.220713231784615]},"properties":{"supply_id":"new_taipei-parking-270018","city":"new_taipei","district":"金山區","display_name":"台灣聯通金山停車場","address":"新北市金山區忠孝一路76號對面空地","facility_kind":"public_parking","symbol_text":"S","type_reference":"一般停車場","type_confidence":1,"price_raw":"小型車計時80元;小型車月租8000元;","price_value":8000,"capacity_total":82,"available_total":null,"occupied_total":null,"status_label":"狀態未知","data_time":"2026-05-03 06:08:01.942681+08:00","city_label":"新北市","facility_kind_label":"停車場","available_rate":null,"occupancy_rate":null,"price_tier":"premium","price_tier_label":"極高價"}},{"type":"Feature","geometry":{"type":"Point","coordinates":[121.64055759268004,25.21874010178425]},"properties":{"supply_id":"new_taipei-parking-270017","city":"new_taipei","district":"金山區","display_name":"百里亭金山場停車場","address":"新北市金山區中山路88號旁空地","facility_kind":"public_parking","symbol_text":"S","type_reference":"一般停車場","type_confidence":1,"price_raw":"小型車計時60元;小型車月租6000元;","price_value":6000,"capacity_total":54,"available_total":null,"occupied_total":null,"status_label":"狀態未知","data_time":"2026-05-03 06:08:01.942681+08:00","city_label":"新北市","facility_kind_label":"停車場","available_rate":null,"occupancy_rate":null,"price_tier":"premium","price_tier_label":"極高價"}},{"type":"Feature","geometry":{"type":"Point","coordinates":[121.63756003761885,25.220173127148957]},"properties":{"supply_id":"new_taipei-parking-270019","city":"new_taipei","district":"金山區","display_name":"Times金山老街停車場","address":"新北市金山區忠孝一路52號對面","facility_kind":"public_parking","symbol_text":"S","type_reference":"一般停車場","type_confidence":1,"price_raw":"小型車計時80元;小型車月租8000元;","price_value":8000,"capacity_total":13,"available_total":null,"occupied_total":null,"status_label":"狀態未知","data_time":"2026-05-03 06:08:01.942681+08:00","city_label":"新北市","facility_kind_label":"停車場","available_rate":null,"occupancy_rate":null,"price_tier":"premium","price_tier_label":"極高價"}},{"type":"Feature","geometry":{"type":"Point","coordinates":[121.64119874330288,25.219507389396924]},"properties":{"supply_id":"new_taipei-parking-270012","city":"new_taipei","district":"金山區","display_name":"客萊停金山一場停車場","address":"新北市金山區媽祖街(櫻花公園)旁空地","facility_kind":"public_parking","symbol_text":"S","type_reference":"一般停車場","type_confidence":1,"price_raw":"小型車計時60元;小型車月租6000元;","price_value":6000,"capacity_total":83,"available_total":null,"occupied_total":null,"status_label":"狀態未知","data_time":"2026-05-03 06:08:01.942681+08:00","city_label":"新北市","facility_kind_label":"停車場","available_rate":null,"occupancy_rate":null,"price_tier":"premium","price_tier_label":"極高價"}},{"type":"Feature","geometry":{"type":"Point","coordinates":[121.64044131394566,25.219656019885292]},"properties":{"supply_id":"new_taipei-parking-270011","city":"new_taipei","district":"金山區","display_name":"客萊停金山二場停車場","address":"新北市金山區民生路與媽祖街交叉口空地","facility_kind":"public_parking","symbol_text":"S","type_reference":"一般停車場","type_confidence":1,"price_raw":"小型車計時60元;小型車月租6000元;","price_value":6000,"capacity_total":88,"available_total":null,"occupied_total":null,"status_label":"狀態未知","data_time":"2026-05-03 06:08:01.942681+08:00","city_label":"新北市","facility_kind_label":"停車場","available_rate":null,"occupancy_rate":null,"price_tier":"premium","price_tier_label":"極高價"}},{"type":"Feature","geometry":{"type":"Point","coordinates":[121.636616,25.222694]},"properties":{"supply_id":"new_taipei-onstreet-55609","city":"new_taipei","district":"金山區","display_name":"中山路 車格 55609","address":"中山路","facility_kind":"onstreet","symbol_text":null,"type_reference":"路邊停車格","type_confidence":0.6,"price_raw":null,"price_value":null,"capacity_total":1,"available_total":null,"occupied_total":null,"status_label":"不可用","data_time":"2026-05-02 15:53:29+08:00","city_label":"新北市","facility_kind_label":"路邊車格","available_rate":null,"occupancy_rate":null,"price_tier":"unknown","price_tier_label":"價格未知"}},{"type":"Feature","geometry":{"type":"Point","coordinates":[121.642768,25.221127]},"properties":{"supply_id":"new_taipei-onstreet-88416","city":"new_taipei","district":"金山區","display_name":"民生路 車格 88416","address":"民生路","facility_kind":"onstreet","symbol_text":null,"type_reference":"路邊停車格","type_confidence":0.6,"price_raw":null,"price_value":null,"capacity_total":1,"available_total":1,"occupied_total":0,"status_label":"空位","data_time":"2026-05-02 15:53:29+08:00","city_label":"新北市","facility_kind_label":"路邊車格","available_rate":1,"occupancy_rate":0,"price_tier":"unknown","price_tier_label":"價格未知"}},{"type":"Feature","geometry":{"type":"Point","coordinates":[121.636934,25.220773]},"properties":{"supply_id":"new_taipei-onstreet-103231","city":"new_taipei","district":"金山區","display_name":"信義路 車格 103231","address":"信義路","facility_kind":"onstreet","symbol_text":null,"type_reference":"路邊停車格","type_confidence":0.6,"price_raw":null,"price_value":null,"capacity_total":1,"available_total":null,"occupied_total":null,"status_label":"狀態未知","data_time":"2026-05-02 15:53:29+08:00","city_label":"新北市","facility_kind_label":"路邊車格","available_rate":null,"occupancy_rate":null,"price_tier":"unknown","price_tier_label":"價格未知"}},{"type":"Feature","geometry":{"type":"Point","coordinates":[121.644298,25.222379]},"properties":{"supply_id":"new_taipei-onstreet-99998","city":"new_taipei","district":"金山區","display_name":"磺港路 車格 99998","address":"磺港路","facility_kind":"onstreet","symbol_text":null,"type_reference":"路邊停車格","type_confidence":0.6,"price_raw":null,"price_value":null,"capacity_total":1,"available_total":0,"occupied_total":1,"status_label":"已停","data_time":"2026-05-02 15:53:29+08:00","city_label":"新北市","facility_kind_label":"路邊車格","available_rate":0,"occupancy_rate":1,"price_tier":"unknown","price_tier_label":"價格未知"}},{"type":"Feature","geometry":{"type":"Point","coordinates":[121.635482,25.22126]},"properties":{"supply_id":"new_taipei-onstreet-39750","city":"new_taipei","district":"金山區","display_name":"忠孝一路 車格 39750","address":"忠孝一路","facility_kind":"onstreet","symbol_text":null,"type_reference":"路邊停車格","type_confidence":0.6,"price_raw":null,"price_value":null,"capacity_total":1,"available_total":null,"occupied_total":null,"status_label":"不可用","data_time":"2026-05-02 15:53:29+08:00","city_label":"新北市","facility_kind_label":"路邊車格","available_rate":null,"occupancy_rate":null,"price_tier":"unknown","price_tier_label":"價格未知"}},{"type":"Feature","geometry":{"type":"Point","coordinates":[121.641792,25.218031]},"properties":{"supply_id":"new_taipei-onstreet-55659","city":"new_taipei","district":"金山區","display_name":"中興路 車格 55659","address":"中興路","facility_kind":"onstreet","symbol_text":null,"type_reference":"路邊停車格","type_confidence":0.6,"price_raw":null,"price_value":null,"capacity_total":1,"available_total":null,"occupied_total":null,"status_label":"不可用","data_time":"2026-05-02 15:53:29+08:00","city_label":"新北市","facility_kind_label":"路邊車格","available_rate":null,"occupancy_rate":null,"price_tier":"unknown","price_tier_label":"價格未知"}},{"type":"Feature","geometry":{"type":"Point","coordinates":[121.636901,25.222512]},"properties":{"supply_id":"new_taipei-onstreet-156112","city":"new_taipei","district":"金山區","display_name":"中正路 車格 156112","address":"中正路","facility_kind":"onstreet","symbol_text":null,"type_reference":"路邊停車格","type_confidence":0.6,"price_raw":null,"price_value":null,"capacity_total":1,"available_total":null,"occupied_total":null,"status_label":"狀態未知","data_time":"2026-05-02 15:53:29+08:00","city_label":"新北市","facility_kind_label":"路邊車格","available_rate":null,"occupancy_rate":null,"price_tier":"unknown","price_tier_label":"價格未知"}},{"type":"Feature","geometry":{"type":"Point","coordinates":[121.641797,25.218085]},"properties":{"supply_id":"new_taipei-onstreet-55658","city":"new_taipei","district":"金山區","display_name":"中興路 車格 55658","address":"中興路","facility_kind":"onstreet","symbol_text":null,"type_reference":"路邊停車格","type_confidence":0.6,"price_raw":null,"price_value":null,"capacity_total":1,"available_total":null,"occupied_total":null,"status_label":"不可用","data_time":"2026-05-02 15:53:29+08:00","city_label":"新北市","facility_kind_label":"路邊車格","available_rate":null,"occupancy_rate":null,"price_tier":"unknown","price_tier_label":"價格未知"}},{"type":"Feature","geometry":{"type":"Point","coordinates":[121.63553,25.221284]},"properties":{"supply_id":"new_taipei-onstreet-39752","city":"new_taipei","district":"金山區","display_name":"忠孝一路 車格 39752","address":"忠孝一路","facility_kind":"onstreet","symbol_text":null,"type_reference":"路邊停車格","type_confidence":0.6,"price_raw":null,"price_value":null,"capacity_total":1,"available_total":null,"occupied_total":null,"status_label":"不可用","data_time":"2026-05-02 15:53:29+08:00","city_label":"新北市","facility_kind_label":"路邊車格","available_rate":null,"occupancy_rate":null,"price_tier":"unknown","price_tier_label":"價格未知"}},{"type":"Feature","geometry":{"type":"Point","coordinates":[121.636888,25.220743]},"properties":{"supply_id":"new_taipei-onstreet-103232","city":"new_taipei","district":"金山區","display_name":"信義路 車格 103232","address":"信義路","facility_kind":"onstreet","symbol_text":null,"type_reference":"路邊停車格","type_confidence":0.6,"price_raw":null,"price_value":null,"capacity_total":1,"available_total":null,"occupied_total":null,"status_label":"狀態未知","data_time":"2026-05-02 15:53:29+08:00","city_label":"新北市","facility_kind_label":"路邊車格","available_rate":null,"occupancy_rate":null,"price_tier":"unknown","price_tier_label":"價格未知"}},{"type":"Feature","geometry":{"type":"Point","coordinates":[121.638074,25.219745]},"properties":{"supply_id":"new_taipei-onstreet-103451","city":"new_taipei","district":"金山區","display_name":"仁愛路 車格 103451","address":"仁愛路","facility_kind":"onstreet","symbol_text":null,"type_reference":"路邊停車格","type_confidence":0.6,"price_raw":null,"price_value":null,"capacity_total":1,"available_total":null,"occupied_total":null,"status_label":"狀態未知","data_time":"2026-05-02 15:53:29+08:00","city_label":"新北市","facility_kind_label":"路邊車格","available_rate":null,"occupancy_rate":null,"price_tier":"unknown","price_tier_label":"價格未知"}},{"type":"Feature","geometry":{"type":"Point","coordinates":[121.636954,25.222522]},"properties":{"supply_id":"new_taipei-onstreet-156113","city":"new_taipei","district":"金山區","display_name":"中正路 車格 156113","address":"中正路","facility_kind":"onstreet","symbol_text":null,"type_reference":"路邊停車格","type_confidence":0.6,"price_raw":null,"price_value":null,"capacity_total":1,"available_total":null,"occupied_total":null,"status_label":"狀態未知","data_time":"2026-05-02 15:53:29+08:00","city_label":"新北市","facility_kind_label":"路邊車格","available_rate":null,"occupancy_rate":null,"price_tier":"unknown","price_tier_label":"價格未知"}},{"type":"Feature","geometry":{"type":"Point","coordinates":[121.637048,25.222537]},"properties":{"supply_id":"new_taipei-onstreet-103517","city":"new_taipei","district":"金山區","display_name":"中正路 車格 103517","address":"中正路","facility_kind":"onstreet","symbol_text":null,"type_reference":"路邊停車格","type_confidence":0.6,"price_raw":null,"price_value":null,"capacity_total":1,"available_total":null,"occupied_total":null,"status_label":"狀態未知","data_time":"2026-05-02 15:53:29+08:00","city_label":"新北市","facility_kind_label":"路邊車格","available_rate":null,"occupancy_rate":null,"price_tier":"unknown","price_tier_label":"價格未知"}},{"type":"Feature","geometry":{"type":"Point","coordinates":[121.636584,25.222734]},"properties":{"supply_id":"new_taipei-onstreet-93397","city":"new_taipei","district":"金山區","display_name":"中山路 車格 93397","address":"中山路","facility_kind":"onstreet","symbol_text":null,"type_reference":"路邊停車格","type_confidence":0.6,"price_raw":null,"price_value":null,"capacity_total":1,"available_total":null,"occupied_total":null,"status_label":"不可用","data_time":"2026-05-02 15:53:29+08:00","city_label":"新北市","facility_kind_label":"路邊車格","available_rate":null,"occupancy_rate":null,"price_tier":"unknown","price_tier_label":"價格未知"}},{"type":"Feature","geometry":{"type":"Point","coordinates":[121.641807,25.218193]},"properties":{"supply_id":"new_taipei-onstreet-55656","city":"new_taipei","district":"金山區","display_name":"中興路 車格 55656","address":"中興路","facility_kind":"onstreet","symbol_text":null,"type_reference":"路邊停車格","type_confidence":0.6,"price_raw":null,"price_value":null,"capacity_total":1,"available_total":null,"occupied_total":null,"status_label":"不可用","data_time":"2026-05-02 15:53:29+08:00","city_label":"新北市","facility_kind_label":"路邊車格","available_rate":null,"occupancy_rate":null,"price_tier":"unknown","price_tier_label":"價格未知"}},{"type":"Feature","geometry":{"type":"Point","coordinates":[121.642822,25.221123]},"properties":{"supply_id":"new_taipei-onstreet-88417","city":"new_taipei","district":"金山區","display_name":"民生路 車格 88417","address":"民生路","facility_kind":"onstreet","symbol_text":null,"type_reference":"路邊停車格","type_confidence":0.6,"price_raw":null,"price_value":null,"capacity_total":1,"available_total":1,"occupied_total":0,"status_label":"空位","data_time":"2026-05-02 15:53:29+08:00","city_label":"新北市","facility_kind_label":"路邊車格","available_rate":1,"occupancy_rate":0,"price_tier":"unknown","price_tier_label":"價格未知"}},{"type":"Feature","geometry":{"type":"Point","coordinates":[121.635688,25.221362]},"properties":{"supply_id":"new_taipei-onstreet-145304","city":"new_taipei","district":"金山區","display_name":"忠孝一路 車格 145304","address":"忠孝一路","facility_kind":"onstreet","symbol_text":null,"type_reference":"路邊停車格","type_confidence":0.6,"price_raw":null,"price_value":null,"capacity_total":1,"available_total":null,"occupied_total":null,"status_label":"不可用","data_time":"2026-05-02 15:53:29+08:00","city_label":"新北市","facility_kind_label":"路邊車格","available_rate":null,"occupancy_rate":null,"price_tier":"unknown","price_tier_label":"價格未知"}},{"type":"Feature","geometry":{"type":"Point","coordinates":[121.636796,25.220682]},"properties":{"supply_id":"new_taipei-onstreet-103236","city":"new_taipei","district":"金山區","display_name":"信義路 車格 103236","address":"信義路","facility_kind":"onstreet","symbol_text":null,"type_reference":"路邊停車格","type_confidence":0.6,"price_raw":null,"price_value":null,"capacity_total":1,"available_total":null,"occupied_total":null,"status_label":"狀態未知","data_time":"2026-05-02 15:53:29+08:00","city_label":"新北市","facility_kind_label":"路邊車格","available_rate":null,"occupancy_rate":null,"price_tier":"unknown","price_tier_label":"價格未知"}},{"type":"Feature","geometry":{"type":"Point","coordinates":[121.644249,25.222357]},"properties":{"supply_id":"new_taipei-onstreet-88392","city":"new_taipei","district":"金山區","display_name":"磺港路 車格 88392","address":"磺港路","facility_kind":"onstreet","symbol_text":null,"type_reference":"路邊停車格","type_confidence":0.6,"price_raw":null,"price_value":null,"capacity_total":1,"available_total":0,"occupied_total":1,"status_label":"已停","data_time":"2026-05-02 15:53:29+08:00","city_label":"新北市","facility_kind_label":"路邊車格","available_rate":0,"occupancy_rate":1,"price_tier":"unknown","price_tier_label":"價格未知"}},{"type":"Feature","geometry":{"type":"Point","coordinates":[121.638031,25.219711]},"properties":{"supply_id":"new_taipei-onstreet-103452","city":"new_taipei","district":"金山區","display_name":"仁愛路 車格 103452","address":"仁愛路","facility_kind":"onstreet","symbol_text":null,"type_reference":"路邊停車格","type_confidence":0.6,"price_raw":null,"price_value":null,"capacity_total":1,"available_total":null,"occupied_total":null,"status_label":"狀態未知","data_time":"2026-05-02 15:53:29+08:00","city_label":"新北市","facility_kind_label":"路邊車格","available_rate":null,"occupancy_rate":null,"price_tier":"unknown","price_tier_label":"價格未知"}},{"type":"Feature","geometry":{"type":"Point","coordinates":[121.637103,25.222546]},"properties":{"supply_id":"new_taipei-onstreet-121140","city":"new_taipei","district":"金山區","display_name":"中正路 車格 121140","address":"中正路","facility_kind":"onstreet","symbol_text":null,"type_reference":"路邊停車格","type_confidence":0.6,"price_raw":null,"price_value":null,"capacity_total":1,"available_total":null,"occupied_total":null,"status_label":"狀態未知","data_time":"2026-05-02 15:53:29+08:00","city_label":"新北市","facility_kind_label":"路邊車格","available_rate":null,"occupancy_rate":null,"price_tier":"unknown","price_tier_label":"價格未知"}},{"type":"Feature","geometry":{"type":"Point","coordinates":[121.644155,25.222316]},"properties":{"supply_id":"new_taipei-onstreet-88393","city":"new_taipei","district":"金山區","display_name":"磺港路 車格 88393","address":"磺港路","facility_kind":"onstreet","symbol_text":null,"type_reference":"路邊停車格","type_confidence":0.6,"price_raw":null,"price_value":null,"capacity_total":1,"available_total":1,"occupied_total":0,"status_label":"空位","data_time":"2026-05-02 15:53:29+08:00","city_label":"新北市","facility_kind_label":"路邊車格","available_rate":1,"occupancy_rate":0,"price_tier":"unknown","price_tier_label":"價格未知"}},{"type":"Feature","geometry":{"type":"Point","coordinates":[121.637988,25.219677]},"properties":{"supply_id":"new_taipei-onstreet-103453","city":"new_taipei","district":"金山區","display_name":"仁愛路 車格 103453","address":"仁愛路","facility_kind":"onstreet","symbol_text":null,"type_reference":"路邊停車格","type_confidence":0.6,"price_raw":null,"price_value":null,"capacity_total":1,"available_total":null,"occupied_total":null,"status_label":"狀態未知","data_time":"2026-05-02 15:53:29+08:00","city_label":"新北市","facility_kind_label":"路邊車格","available_rate":null,"occupancy_rate":null,"price_tier":"unknown","price_tier_label":"價格未知"}},{"type":"Feature","geometry":{"type":"Point","coordinates":[121.63564,25.221338]},"properties":{"supply_id":"new_taipei-onstreet-145305","city":"new_taipei","district":"金山區","display_name":"忠孝一路 車格 145305","address":"忠孝一路","facility_kind":"onstreet","symbol_text":null,"type_reference":"路邊停車格","type_confidence":0.6,"price_raw":null,"price_value":null,"capacity_total":1,"available_total":null,"occupied_total":null,"status_label":"不可用","data_time":"2026-05-02 15:53:29+08:00","city_label":"新北市","facility_kind_label":"路邊車格","available_rate":null,"occupancy_rate":null,"price_tier":"unknown","price_tier_label":"價格未知"}},{"type":"Feature","geometry":{"type":"Point","coordinates":[121.644009,25.22225]},"properties":{"supply_id":"new_taipei-onstreet-88396","city":"new_taipei","district":"金山區","display_name":"磺港路 車格 88396","address":"磺港路","facility_kind":"onstreet","symbol_text":null,"type_reference":"路邊停車格","type_confidence":0.6,"price_raw":null,"price_value":null,"capacity_total":1,"available_total":1,"occupied_total":0,"status_label":"空位","data_time":"2026-05-02 15:53:29+08:00","city_label":"新北市","facility_kind_label":"路邊車格","available_rate":1,"occupancy_rate":0,"price_tier":"unknown","price_tier_label":"價格未知"}},{"type":"Feature","geometry":{"type":"Point","coordinates":[121.63786,25.219575]},"properties":{"supply_id":"new_taipei-onstreet-103456","city":"new_taipei","district":"金山區","display_name":"仁愛路 車格 103456","address":"仁愛路","facility_kind":"onstreet","symbol_text":null,"type_reference":"路邊停車格","type_confidence":0.6,"price_raw":null,"price_value":null,"capacity_total":1,"available_total":null,"occupied_total":null,"status_label":"狀態未知","data_time":"2026-05-02 15:53:29+08:00","city_label":"新北市","facility_kind_label":"路邊車格","available_rate":null,"occupancy_rate":null,"price_tier":"unknown","price_tier_label":"價格未知"}},{"type":"Feature","geometry":{"type":"Point","coordinates":[121.641803,25.218139]},"properties":{"supply_id":"new_taipei-onstreet-55657","city":"new_taipei","district":"金山區","display_name":"中興路 車格 55657","address":"中興路","facility_kind":"onstreet","symbol_text":null,"type_reference":"路邊停車格","type_confidence":0.6,"price_raw":null,"price_value":null,"capacity_total":1,"available_total":null,"occupied_total":null,"status_label":"不可用","data_time":"2026-05-02 15:53:29+08:00","city_label":"新北市","facility_kind_label":"路邊車格","available_rate":null,"occupancy_rate":null,"price_tier":"unknown","price_tier_label":"價格未知"}},{"type":"Feature","geometry":{"type":"Point","coordinates":[121.642876,25.22112]},"properties":{"supply_id":"new_taipei-onstreet-88418","city":"new_taipei","district":"金山區","display_name":"民生路 車格 88418","address":"民生路","facility_kind":"onstreet","symbol_text":null,"type_reference":"路邊停車格","type_confidence":0.6,"price_raw":null,"price_value":null,"capacity_total":1,"available_total":1,"occupied_total":0,"status_label":"空位","data_time":"2026-05-02 15:53:29+08:00","city_label":"新北市","facility_kind_label":"路邊車格","available_rate":1,"occupancy_rate":0,"price_tier":"unknown","price_tier_label":"價格未知"}},{"type":"Feature","geometry":{"type":"Point","coordinates":[121.636842,25.220713]},"properties":{"supply_id":"new_taipei-onstreet-103235","city":"new_taipei","district":"金山區","display_name":"信義路 車格 103235","address":"信義路","facility_kind":"onstreet","symbol_text":null,"type_reference":"路邊停車格","type_confidence":0.6,"price_raw":null,"price_value":null,"capacity_total":1,"available_total":null,"occupied_total":null,"status_label":"狀態未知","data_time":"2026-05-02 15:53:29+08:00","city_label":"新北市","facility_kind_label":"路邊車格","available_rate":null,"occupancy_rate":null,"price_tier":"unknown","price_tier_label":"價格未知"}},{"type":"Feature","geometry":{"type":"Point","coordinates":[121.636547,25.222781]},"properties":{"supply_id":"new_taipei-onstreet-92360","city":"new_taipei","district":"金山區","display_name":"中山路 車格 92360","address":"中山路","facility_kind":"onstreet","symbol_text":null,"type_reference":"路邊停車格","type_confidence":0.6,"price_raw":null,"price_value":null,"capacity_total":1,"available_total":null,"occupied_total":null,"status_label":"不可用","data_time":"2026-05-02 15:53:29+08:00","city_label":"新北市","facility_kind_label":"路邊車格","available_rate":null,"occupancy_rate":null,"price_tier":"unknown","price_tier_label":"價格未知"}},{"type":"Feature","geometry":{"type":"Point","coordinates":[121.636334,25.223047]},"properties":{"supply_id":"new_taipei-onstreet-55624","city":"new_taipei","district":"金山區","display_name":"中山路 車格 55624","address":"中山路","facility_kind":"onstreet","symbol_text":null,"type_reference":"路邊停車格","type_confidence":0.6,"price_raw":null,"price_value":null,"capacity_total":1,"available_total":null,"occupied_total":null,"status_label":"不可用","data_time":"2026-05-02 15:53:29+08:00","city_label":"新北市","facility_kind_label":"路邊車格","available_rate":null,"occupancy_rate":null,"price_tier":"unknown","price_tier_label":"價格未知"}},{"type":"Feature","geometry":{"type":"Point","coordinates":[121.635831,25.221434]},"properties":{"supply_id":"new_taipei-onstreet-145298","city":"new_taipei","district":"金山區","display_name":"忠孝一路 車格 145298","address":"忠孝一路","facility_kind":"onstreet","symbol_text":null,"type_reference":"路邊停車格","type_confidence":0.6,"price_raw":null,"price_value":null,"capacity_total":1,"available_total":null,"occupied_total":null,"status_label":"狀態未知","data_time":"2026-05-02 15:53:29+08:00","city_label":"新北市","facility_kind_label":"路邊車格","available_rate":null,"occupancy_rate":null,"price_tier":"unknown","price_tier_label":"價格未知"}},{"type":"Feature","geometry":{"type":"Point","coordinates":[121.636659,25.220591]},"properties":{"supply_id":"new_taipei-onstreet-103239","city":"new_taipei","district":"金山區","display_name":"信義路 車格 103239","address":"信義路","facility_kind":"onstreet","symbol_text":null,"type_reference":"路邊停車格","type_confidence":0.6,"price_raw":null,"price_value":null,"capacity_total":1,"available_total":null,"occupied_total":null,"status_label":"狀態未知","data_time":"2026-05-02 15:53:29+08:00","city_label":"新北市","facility_kind_label":"路邊車格","available_rate":null,"occupancy_rate":null,"price_tier":"unknown","price_tier_label":"價格未知"}},{"type":"Feature","geometry":{"type":"Point","coordinates":[121.642944,25.221122]},"properties":{"supply_id":"new_taipei-onstreet-88419","city":"new_taipei","district":"金山區","display_name":"民生路 車格 88419","address":"民生路","facility_kind":"onstreet","symbol_text":null,"type_reference":"路邊停車格","type_confidence":0.6,"price_raw":null,"price_value":null,"capacity_total":1,"available_total":1,"occupied_total":0,"status_label":"空位","data_time":"2026-05-02 15:53:29+08:00","city_label":"新北市","facility_kind_label":"路邊車格","available_rate":1,"occupancy_rate":0,"price_tier":"unknown","price_tier_label":"價格未知"}},{"type":"Feature","geometry":{"type":"Point","coordinates":[121.643232,25.221177]},"properties":{"supply_id":"new_taipei-onstreet-88422","city":"new_taipei","district":"金山區","display_name":"民生路 車格 88422","address":"民生路","facility_kind":"onstreet","symbol_text":null,"type_reference":"路邊停車格","type_confidence":0.6,"price_raw":null,"price_value":null,"capacity_total":1,"available_total":1,"occupied_total":0,"status_label":"空位","data_time":"2026-05-02 15:53:29+08:00","city_label":"新北市","facility_kind_label":"路邊車格","available_rate":1,"occupancy_rate":0,"price_tier":"unknown","price_tier_label":"價格未知"}},{"type":"Feature","geometry":{"type":"Point","coordinates":[121.644106,25.222294]},"properties":{"supply_id":"new_taipei-onstreet-88394","city":"new_taipei","district":"金山區","display_name":"磺港路 車格 88394","address":"磺港路","facility_kind":"onstreet","symbol_text":null,"type_reference":"路邊停車格","type_confidence":0.6,"price_raw":null,"price_value":null,"capacity_total":1,"available_total":1,"occupied_total":0,"status_label":"空位","data_time":"2026-05-02 15:53:29+08:00","city_label":"新北市","facility_kind_label":"路邊車格","available_rate":1,"occupancy_rate":0,"price_tier":"unknown","price_tier_label":"價格未知"}},{"type":"Feature","geometry":{"type":"Point","coordinates":[121.637946,25.219643]},"properties":{"supply_id":"new_taipei-onstreet-103454","city":"new_taipei","district":"金山區","display_name":"仁愛路 車格 103454","address":"仁愛路","facility_kind":"onstreet","symbol_text":null,"type_reference":"路邊停車格","type_confidence":0.6,"price_raw":null,"price_value":null,"capacity_total":1,"available_total":null,"occupied_total":null,"status_label":"狀態未知","data_time":"2026-05-02 15:53:29+08:00","city_label":"新北市","facility_kind_label":"路邊車格","available_rate":null,"occupancy_rate":null,"price_tier":"unknown","price_tier_label":"價格未知"}},{"type":"Feature","geometry":{"type":"Point","coordinates":[121.636125,25.22331]},"properties":{"supply_id":"new_taipei-onstreet-93399","city":"new_taipei","district":"金山區","display_name":"中山路 車格 93399","address":"中山路","facility_kind":"onstreet","symbol_text":null,"type_reference":"路邊停車格","type_confidence":0.6,"price_raw":null,"price_value":null,"capacity_total":1,"available_total":null,"occupied_total":null,"status_label":"不可用","data_time":"2026-05-02 15:53:29+08:00","city_label":"新北市","facility_kind_label":"路邊車格","available_rate":null,"occupancy_rate":null,"price_tier":"unknown","price_tier_label":"價格未知"}},{"type":"Feature","geometry":{"type":"Point","coordinates":[121.643864,25.222181]},"properties":{"supply_id":"new_taipei-onstreet-88399","city":"new_taipei","district":"金山區","display_name":"磺港路 車格 88399","address":"磺港路","facility_kind":"onstreet","symbol_text":null,"type_reference":"路邊停車格","type_confidence":0.6,"price_raw":null,"price_value":null,"capacity_total":1,"available_total":0,"occupied_total":1,"status_label":"已停","data_time":"2026-05-02 15:53:29+08:00","city_label":"新北市","facility_kind_label":"路邊車格","available_rate":0,"occupancy_rate":1,"price_tier":"unknown","price_tier_label":"價格未知"}},{"type":"Feature","geometry":{"type":"Point","coordinates":[121.637631,25.219391]},"properties":{"supply_id":"new_taipei-onstreet-103469","city":"new_taipei","district":"金山區","display_name":"仁愛路 車格 103469","address":"仁愛路","facility_kind":"onstreet","symbol_text":null,"type_reference":"路邊停車格","type_confidence":0.6,"price_raw":null,"price_value":null,"capacity_total":1,"available_total":null,"occupied_total":null,"status_label":"狀態未知","data_time":"2026-05-02 15:53:29+08:00","city_label":"新北市","facility_kind_label":"路邊車格","available_rate":null,"occupancy_rate":null,"price_tier":"unknown","price_tier_label":"價格未知"}},{"type":"Feature","geometry":{"type":"Point","coordinates":[121.642998,25.221127]},"properties":{"supply_id":"new_taipei-onstreet-88420","city":"new_taipei","district":"金山區","display_name":"民生路 車格 88420","address":"民生路","facility_kind":"onstreet","symbol_text":null,"type_reference":"路邊停車格","type_confidence":0.6,"price_raw":null,"price_value":null,"capacity_total":1,"available_total":1,"occupied_total":0,"status_label":"空位","data_time":"2026-05-02 15:53:29+08:00","city_label":"新北市","facility_kind_label":"路邊車格","available_rate":1,"occupancy_rate":0,"price_tier":"unknown","price_tier_label":"價格未知"}},{"type":"Feature","geometry":{"type":"Point","coordinates":[121.636751,25.220652]},"properties":{"supply_id":"new_taipei-onstreet-103237","city":"new_taipei","district":"金山區","display_name":"信義路 車格 103237","address":"信義路","facility_kind":"onstreet","symbol_text":null,"type_reference":"路邊停車格","type_confidence":0.6,"price_raw":null,"price_value":null,"capacity_total":1,"available_total":null,"occupied_total":null,"status_label":"狀態未知","data_time":"2026-05-02 15:53:29+08:00","city_label":"新北市","facility_kind_label":"路邊車格","available_rate":null,"occupancy_rate":null,"price_tier":"unknown","price_tier_label":"價格未知"}},{"type":"Feature","geometry":{"type":"Point","coordinates":[121.64181,25.218247]},"properties":{"supply_id":"new_taipei-onstreet-55653","city":"new_taipei","district":"金山區","display_name":"中興路 車格 55653","address":"中興路","facility_kind":"onstreet","symbol_text":null,"type_reference":"路邊停車格","type_confidence":0.6,"price_raw":null,"price_value":null,"capacity_total":1,"available_total":null,"occupied_total":null,"status_label":"不可用","data_time":"2026-05-02 15:53:29+08:00","city_label":"新北市","facility_kind_label":"路邊車格","available_rate":null,"occupancy_rate":null,"price_tier":"unknown","price_tier_label":"價格未知"}},{"type":"Feature","geometry":{"type":"Point","coordinates":[121.637244,25.222572]},"properties":{"supply_id":"new_taipei-onstreet-121141","city":"new_taipei","district":"金山區","display_name":"中正路 車格 121141","address":"中正路","facility_kind":"onstreet","symbol_text":null,"type_reference":"路邊停車格","type_confidence":0.6,"price_raw":null,"price_value":null,"capacity_total":1,"available_total":null,"occupied_total":null,"status_label":"狀態未知","data_time":"2026-05-02 15:53:29+08:00","city_label":"新北市","facility_kind_label":"路邊車格","available_rate":null,"occupancy_rate":null,"price_tier":"unknown","price_tier_label":"價格未知"}},{"type":"Feature","geometry":{"type":"Point","coordinates":[121.643105,25.221143]},"properties":{"supply_id":"new_taipei-onstreet-99258","city":"new_taipei","district":"金山區","display_name":"民生路 車格 99258","address":"民生路","facility_kind":"onstreet","symbol_text":null,"type_reference":"路邊停車格","type_confidence":0.6,"price_raw":null,"price_value":null,"capacity_total":1,"available_total":0,"occupied_total":1,"status_label":"已停","data_time":"2026-05-02 15:53:29+08:00","city_label":"新北市","facility_kind_label":"路邊車格","available_rate":0,"occupancy_rate":1,"price_tier":"unknown","price_tier_label":"價格未知"}},{"type":"Feature","geometry":{"type":"Point","coordinates":[121.635783,25.22141]},"properties":{"supply_id":"new_taipei-onstreet-145297","city":"new_taipei","district":"金山區","display_name":"忠孝一路 車格 145297","address":"忠孝一路","facility_kind":"onstreet","symbol_text":null,"type_reference":"路邊停車格","type_confidence":0.6,"price_raw":null,"price_value":null,"capacity_total":1,"available_total":null,"occupied_total":null,"status_label":"狀態未知","data_time":"2026-05-02 15:53:29+08:00","city_label":"新北市","facility_kind_label":"路邊車格","available_rate":null,"occupancy_rate":null,"price_tier":"unknown","price_tier_label":"價格未知"}},{"type":"Feature","geometry":{"type":"Point","coordinates":[121.644057,25.222272]},"properties":{"supply_id":"new_taipei-onstreet-88395","city":"new_taipei","district":"金山區","display_name":"磺港路 車格 88395","address":"磺港路","facility_kind":"onstreet","symbol_text":null,"type_reference":"路邊停車格","type_confidence":0.6,"price_raw":null,"price_value":null,"capacity_total":1,"available_total":1,"occupied_total":0,"status_label":"空位","data_time":"2026-05-02 15:53:29+08:00","city_label":"新北市","facility_kind_label":"路邊車格","available_rate":1,"occupancy_rate":0,"price_tier":"unknown","price_tier_label":"價格未知"}},{"type":"Feature","geometry":{"type":"Point","coordinates":[121.637903,25.219609]},"properties":{"supply_id":"new_taipei-onstreet-103455","city":"new_taipei","district":"金山區","display_name":"仁愛路 車格 103455","address":"仁愛路","facility_kind":"onstreet","symbol_text":null,"type_reference":"路邊停車格","type_confidence":0.6,"price_raw":null,"price_value":null,"capacity_total":1,"available_total":null,"occupied_total":null,"status_label":"狀態未知","data_time":"2026-05-02 15:53:29+08:00","city_label":"新北市","facility_kind_label":"路邊車格","available_rate":null,"occupancy_rate":null,"price_tier":"unknown","price_tier_label":"價格未知"}},{"type":"Feature","geometry":{"type":"Point","coordinates":[121.636366,25.223006]},"properties":{"supply_id":"new_taipei-onstreet-140882","city":"new_taipei","district":"金山區","display_name":"中山路 車格 140882","address":"中山路","facility_kind":"onstreet","symbol_text":null,"type_reference":"路邊停車格","type_confidence":0.6,"price_raw":null,"price_value":null,"capacity_total":1,"available_total":null,"occupied_total":null,"status_label":"不可用","data_time":"2026-05-02 15:53:29+08:00","city_label":"新北市","facility_kind_label":"路邊車格","available_rate":null,"occupancy_rate":null,"price_tier":"unknown","price_tier_label":"價格未知"}},{"type":"Feature","geometry":{"type":"Point","coordinates":[121.636157,25.223269]},"properties":{"supply_id":"new_taipei-onstreet-93398","city":"new_taipei","district":"金山區","display_name":"中山路 車格 93398","address":"中山路","facility_kind":"onstreet","symbol_text":null,"type_reference":"路邊停車格","type_confidence":0.6,"price_raw":null,"price_value":null,"capacity_total":1,"available_total":null,"occupied_total":null,"status_label":"不可用","data_time":"2026-05-02 15:53:29+08:00","city_label":"新北市","facility_kind_label":"路邊車格","available_rate":null,"occupancy_rate":null,"price_tier":"unknown","price_tier_label":"價格未知"}},{"type":"Feature","geometry":{"type":"Point","coordinates":[121.641828,25.218486]},"properties":{"supply_id":"new_taipei-onstreet-55649","city":"new_taipei","district":"金山區","display_name":"中興路 車格 55649","address":"中興路","facility_kind":"onstreet","symbol_text":null,"type_reference":"路邊停車格","type_confidence":0.6,"price_raw":null,"price_value":null,"capacity_total":1,"available_total":null,"occupied_total":null,"status_label":"不可用","data_time":"2026-05-02 15:53:29+08:00","city_label":"新北市","facility_kind_label":"路邊車格","available_rate":null,"occupancy_rate":null,"price_tier":"unknown","price_tier_label":"價格未知"}},{"type":"Feature","geometry":{"type":"Point","coordinates":[121.635878,25.221459]},"properties":{"supply_id":"new_taipei-onstreet-145299","city":"new_taipei","district":"金山區","display_name":"忠孝一路 車格 145299","address":"忠孝一路","facility_kind":"onstreet","symbol_text":null,"type_reference":"路邊停車格","type_confidence":0.6,"price_raw":null,"price_value":null,"capacity_total":1,"available_total":null,"occupied_total":null,"status_label":"狀態未知","data_time":"2026-05-02 15:53:29+08:00","city_label":"新北市","facility_kind_label":"路邊車格","available_rate":null,"occupancy_rate":null,"price_tier":"unknown","price_tier_label":"價格未知"}},{"type":"Feature","geometry":{"type":"Point","coordinates":[121.636613,25.22056]},"properties":{"supply_id":"new_taipei-onstreet-103240","city":"new_taipei","district":"金山區","display_name":"信義路 車格 103240","address":"信義路","facility_kind":"onstreet","symbol_text":null,"type_reference":"路邊停車格","type_confidence":0.6,"price_raw":null,"price_value":null,"capacity_total":1,"available_total":null,"occupied_total":null,"status_label":"狀態未知","data_time":"2026-05-02 15:53:29+08:00","city_label":"新北市","facility_kind_label":"路邊車格","available_rate":null,"occupancy_rate":null,"price_tier":"unknown","price_tier_label":"價格未知"}},{"type":"Feature","geometry":{"type":"Point","coordinates":[121.635735,25.221386]},"properties":{"supply_id":"new_taipei-onstreet-145303","city":"new_taipei","district":"金山區","display_name":"忠孝一路 車格 145303","address":"忠孝一路","facility_kind":"onstreet","symbol_text":null,"type_reference":"路邊停車格","type_confidence":0.6,"price_raw":null,"price_value":null,"capacity_total":1,"available_total":null,"occupied_total":null,"status_label":"不可用","data_time":"2026-05-02 15:53:29+08:00","city_label":"新北市","facility_kind_label":"路邊車格","available_rate":null,"occupancy_rate":null,"price_tier":"unknown","price_tier_label":"價格未知"}},{"type":"Feature","geometry":{"type":"Point","coordinates":[121.643332,25.221214]},"properties":{"supply_id":"new_taipei-onstreet-88424","city":"new_taipei","district":"金山區","display_name":"民生路 車格 88424","address":"民生路","facility_kind":"onstreet","symbol_text":null,"type_reference":"路邊停車格","type_confidence":0.6,"price_raw":null,"price_value":null,"capacity_total":1,"available_total":1,"occupied_total":0,"status_label":"空位","data_time":"2026-05-02 15:53:29+08:00","city_label":"新北市","facility_kind_label":"路邊車格","available_rate":1,"occupancy_rate":0,"price_tier":"unknown","price_tier_label":"價格未知"}},{"type":"Feature","geometry":{"type":"Point","coordinates":[121.636522,25.2205]},"properties":{"supply_id":"new_taipei-onstreet-103242","city":"new_taipei","district":"金山區","display_name":"信義路 車格 103242","address":"信義路","facility_kind":"onstreet","symbol_text":null,"type_reference":"路邊停車格","type_confidence":0.6,"price_raw":null,"price_value":null,"capacity_total":1,"available_total":null,"occupied_total":null,"status_label":"狀態未知","data_time":"2026-05-02 15:53:29+08:00","city_label":"新北市","facility_kind_label":"路邊車格","available_rate":null,"occupancy_rate":null,"price_tier":"unknown","price_tier_label":"價格未知"}},{"type":"Feature","geometry":{"type":"Point","coordinates":[121.643052,25.221134]},"properties":{"supply_id":"new_taipei-onstreet-88421","city":"new_taipei","district":"金山區","display_name":"民生路 車格 88421","address":"民生路","facility_kind":"onstreet","symbol_text":null,"type_reference":"路邊停車格","type_confidence":0.6,"price_raw":null,"price_value":null,"capacity_total":1,"available_total":1,"occupied_total":0,"status_label":"空位","data_time":"2026-05-02 15:53:29+08:00","city_label":"新北市","facility_kind_label":"路邊車格","available_rate":1,"occupancy_rate":0,"price_tier":"unknown","price_tier_label":"價格未知"}},{"type":"Feature","geometry":{"type":"Point","coordinates":[121.636705,25.220621]},"properties":{"supply_id":"new_taipei-onstreet-103238","city":"new_taipei","district":"金山區","display_name":"信義路 車格 103238","address":"信義路","facility_kind":"onstreet","symbol_text":null,"type_reference":"路邊停車格","type_confidence":0.6,"price_raw":null,"price_value":null,"capacity_total":1,"available_total":null,"occupied_total":null,"status_label":"狀態未知","data_time":"2026-05-02 15:53:29+08:00","city_label":"新北市","facility_kind_label":"路邊車格","available_rate":null,"occupancy_rate":null,"price_tier":"unknown","price_tier_label":"價格未知"}},{"type":"Feature","geometry":{"type":"Point","coordinates":[121.641821,25.218378]},"properties":{"supply_id":"new_taipei-onstreet-55651","city":"new_taipei","district":"金山區","display_name":"中興路 車格 55651","address":"中興路","facility_kind":"onstreet","symbol_text":null,"type_reference":"路邊停車格","type_confidence":0.6,"price_raw":null,"price_value":null,"capacity_total":1,"available_total":null,"occupied_total":null,"status_label":"不可用","data_time":"2026-05-02 15:53:29+08:00","city_label":"新北市","facility_kind_label":"路邊車格","available_rate":null,"occupancy_rate":null,"price_tier":"unknown","price_tier_label":"價格未知"}},{"type":"Feature","geometry":{"type":"Point","coordinates":[121.64396,25.222227]},"properties":{"supply_id":"new_taipei-onstreet-88397","city":"new_taipei","district":"金山區","display_name":"磺港路 車格 88397","address":"磺港路","facility_kind":"onstreet","symbol_text":null,"type_reference":"路邊停車格","type_confidence":0.6,"price_raw":null,"price_value":null,"capacity_total":1,"available_total":0,"occupied_total":1,"status_label":"已停","data_time":"2026-05-02 15:53:29+08:00","city_label":"新北市","facility_kind_label":"路邊車格","available_rate":0,"occupancy_rate":1,"price_tier":"unknown","price_tier_label":"價格未知"}},{"type":"Feature","geometry":{"type":"Point","coordinates":[121.637818,25.219541]},"properties":{"supply_id":"new_taipei-onstreet-103457","city":"new_taipei","district":"金山區","display_name":"仁愛路 車格 103457","address":"仁愛路","facility_kind":"onstreet","symbol_text":null,"type_reference":"路邊停車格","type_confidence":0.6,"price_raw":null,"price_value":null,"capacity_total":1,"available_total":null,"occupied_total":null,"status_label":"狀態未知","data_time":"2026-05-02 15:53:29+08:00","city_label":"新北市","facility_kind_label":"路邊車格","available_rate":null,"occupancy_rate":null,"price_tier":"unknown","price_tier_label":"價格未知"}},{"type":"Feature","geometry":{"type":"Point","coordinates":[121.643912,25.222204]},"properties":{"supply_id":"new_taipei-onstreet-88398","city":"new_taipei","district":"金山區","display_name":"磺港路 車格 88398","address":"磺港路","facility_kind":"onstreet","symbol_text":null,"type_reference":"路邊停車格","type_confidence":0.6,"price_raw":null,"price_value":null,"capacity_total":1,"available_total":1,"occupied_total":0,"status_label":"空位","data_time":"2026-05-02 15:53:29+08:00","city_label":"新北市","facility_kind_label":"路邊車格","available_rate":1,"occupancy_rate":0,"price_tier":"unknown","price_tier_label":"價格未知"}},{"type":"Feature","geometry":{"type":"Point","coordinates":[121.637775,25.219507]},"properties":{"supply_id":"new_taipei-onstreet-103458","city":"new_taipei","district":"金山區","display_name":"仁愛路 車格 103458","address":"仁愛路","facility_kind":"onstreet","symbol_text":null,"type_reference":"路邊停車格","type_confidence":0.6,"price_raw":null,"price_value":null,"capacity_total":1,"available_total":null,"occupied_total":null,"status_label":"狀態未知","data_time":"2026-05-02 15:53:29+08:00","city_label":"新北市","facility_kind_label":"路邊車格","available_rate":null,"occupancy_rate":null,"price_tier":"unknown","price_tier_label":"價格未知"}},{"type":"Feature","geometry":{"type":"Point","coordinates":[121.641814,25.218301]},"properties":{"supply_id":"new_taipei-onstreet-55652","city":"new_taipei","district":"金山區","display_name":"中興路 車格 55652","address":"中興路","facility_kind":"onstreet","symbol_text":null,"type_reference":"路邊停車格","type_confidence":0.6,"price_raw":null,"price_value":null,"capacity_total":1,"available_total":null,"occupied_total":null,"status_label":"不可用","data_time":"2026-05-02 15:53:29+08:00","city_label":"新北市","facility_kind_label":"路邊車格","available_rate":null,"occupancy_rate":null,"price_tier":"unknown","price_tier_label":"價格未知"}},{"type":"Feature","geometry":{"type":"Point","coordinates":[121.6373,25.222581]},"properties":{"supply_id":"new_taipei-onstreet-103514","city":"new_taipei","district":"金山區","display_name":"中正路 車格 103514","address":"中正路","facility_kind":"onstreet","symbol_text":null,"type_reference":"路邊停車格","type_confidence":0.6,"price_raw":null,"price_value":null,"capacity_total":1,"available_total":null,"occupied_total":null,"status_label":"狀態未知","data_time":"2026-05-02 15:53:29+08:00","city_label":"新北市","facility_kind_label":"路邊車格","available_rate":null,"occupancy_rate":null,"price_tier":"unknown","price_tier_label":"價格未知"}},{"type":"Feature","geometry":{"type":"Point","coordinates":[121.643769,25.222132]},"properties":{"supply_id":"new_taipei-onstreet-88401","city":"new_taipei","district":"金山區","display_name":"磺港路 車格 88401","address":"磺港路","facility_kind":"onstreet","symbol_text":null,"type_reference":"路邊停車格","type_confidence":0.6,"price_raw":null,"price_value":null,"capacity_total":1,"available_total":1,"occupied_total":0,"status_label":"空位","data_time":"2026-05-02 15:53:29+08:00","city_label":"新北市","facility_kind_label":"路邊車格","available_rate":1,"occupancy_rate":0,"price_tier":"unknown","price_tier_label":"價格未知"}},{"type":"Feature","geometry":{"type":"Point","coordinates":[121.637356,25.22259]},"properties":{"supply_id":"new_taipei-onstreet-103512","city":"new_taipei","district":"金山區","display_name":"中正路 車格 103512","address":"中正路","facility_kind":"onstreet","symbol_text":null,"type_reference":"路邊停車格","type_confidence":0.6,"price_raw":null,"price_value":null,"capacity_total":1,"available_total":null,"occupied_total":null,"status_label":"狀態未知","data_time":"2026-05-02 15:53:29+08:00","city_label":"新北市","facility_kind_label":"路邊車格","available_rate":null,"occupancy_rate":null,"price_tier":"unknown","price_tier_label":"價格未知"}},{"type":"Feature","geometry":{"type":"Point","coordinates":[121.643702,25.222095]},"properties":{"supply_id":"new_taipei-onstreet-88402","city":"new_taipei","district":"金山區","display_name":"磺港路 車格 88402","address":"磺港路","facility_kind":"onstreet","symbol_text":null,"type_reference":"路邊停車格","type_confidence":0.6,"price_raw":null,"price_value":null,"capacity_total":1,"available_total":1,"occupied_total":0,"status_label":"空位","data_time":"2026-05-02 15:53:29+08:00","city_label":"新北市","facility_kind_label":"路邊車格","available_rate":1,"occupancy_rate":0,"price_tier":"unknown","price_tier_label":"價格未知"}},{"type":"Feature","geometry":{"type":"Point","coordinates":[121.635926,25.221483]},"properties":{"supply_id":"new_taipei-onstreet-145300","city":"new_taipei","district":"金山區","display_name":"忠孝一路 車格 145300","address":"忠孝一路","facility_kind":"onstreet","symbol_text":null,"type_reference":"路邊停車格","type_confidence":0.6,"price_raw":null,"price_value":null,"capacity_total":1,"available_total":null,"occupied_total":null,"status_label":"狀態未知","data_time":"2026-05-02 15:53:29+08:00","city_label":"新北市","facility_kind_label":"路邊車格","available_rate":null,"occupancy_rate":null,"price_tier":"unknown","price_tier_label":"價格未知"}},{"type":"Feature","geometry":{"type":"Point","coordinates":[121.635996,25.223469]},"properties":{"supply_id":"new_taipei-onstreet-140860","city":"new_taipei","district":"金山區","display_name":"中山路 車格 140860","address":"中山路","facility_kind":"onstreet","symbol_text":null,"type_reference":"路邊停車格","type_confidence":0.6,"price_raw":null,"price_value":null,"capacity_total":1,"available_total":null,"occupied_total":null,"status_label":"狀態未知","data_time":"2026-05-02 15:53:29+08:00","city_label":"新北市","facility_kind_label":"路邊車格","available_rate":null,"occupancy_rate":null,"price_tier":"unknown","price_tier_label":"價格未知"}},{"type":"Feature","geometry":{"type":"Point","coordinates":[121.63606,25.22339]},"properties":{"supply_id":"new_taipei-onstreet-93400","city":"new_taipei","district":"金山區","display_name":"中山路 車格 93400","address":"中山路","facility_kind":"onstreet","symbol_text":null,"type_reference":"路邊停車格","type_confidence":0.6,"price_raw":null,"price_value":null,"capacity_total":1,"available_total":null,"occupied_total":null,"status_label":"不可用","data_time":"2026-05-02 15:53:29+08:00","city_label":"新北市","facility_kind_label":"路邊車格","available_rate":null,"occupancy_rate":null,"price_tier":"unknown","price_tier_label":"價格未知"}},{"type":"Feature","geometry":{"type":"Point","coordinates":[121.637368,25.219255]},"properties":{"supply_id":"new_taipei-onstreet-103472","city":"new_taipei","district":"金山區","display_name":"仁愛路 車格 103472","address":"仁愛路","facility_kind":"onstreet","symbol_text":null,"type_reference":"路邊停車格","type_confidence":0.6,"price_raw":null,"price_value":null,"capacity_total":1,"available_total":null,"occupied_total":null,"status_label":"狀態未知","data_time":"2026-05-02 15:53:29+08:00","city_label":"新北市","facility_kind_label":"路邊車格","available_rate":null,"occupancy_rate":null,"price_tier":"unknown","price_tier_label":"價格未知"}},{"type":"Feature","geometry":{"type":"Point","coordinates":[121.637423,25.219268]},"properties":{"supply_id":"new_taipei-onstreet-103471","city":"new_taipei","district":"金山區","display_name":"仁愛路 車格 103471","address":"仁愛路","facility_kind":"onstreet","symbol_text":null,"type_reference":"路邊停車格","type_confidence":0.6,"price_raw":null,"price_value":null,"capacity_total":1,"available_total":null,"occupied_total":null,"status_label":"狀態未知","data_time":"2026-05-02 15:53:29+08:00","city_label":"新北市","facility_kind_label":"路邊車格","available_rate":null,"occupancy_rate":null,"price_tier":"unknown","price_tier_label":"價格未知"}},{"type":"Feature","geometry":{"type":"Point","coordinates":[121.641824,25.218432]},"properties":{"supply_id":"new_taipei-onstreet-55650","city":"new_taipei","district":"金山區","display_name":"中興路 車格 55650","address":"中興路","facility_kind":"onstreet","symbol_text":null,"type_reference":"路邊停車格","type_confidence":0.6,"price_raw":null,"price_value":null,"capacity_total":1,"available_total":null,"occupied_total":null,"status_label":"不可用","data_time":"2026-05-02 15:53:29+08:00","city_label":"新北市","facility_kind_label":"路邊車格","available_rate":null,"occupancy_rate":null,"price_tier":"unknown","price_tier_label":"價格未知"}},{"type":"Feature","geometry":{"type":"Point","coordinates":[121.643283,25.221194]},"properties":{"supply_id":"new_taipei-onstreet-88423","city":"new_taipei","district":"金山區","display_name":"民生路 車格 88423","address":"民生路","facility_kind":"onstreet","symbol_text":null,"type_reference":"路邊停車格","type_confidence":0.6,"price_raw":null,"price_value":null,"capacity_total":1,"available_total":1,"occupied_total":0,"status_label":"空位","data_time":"2026-05-02 15:53:29+08:00","city_label":"新北市","facility_kind_label":"路邊車格","available_rate":1,"occupancy_rate":0,"price_tier":"unknown","price_tier_label":"價格未知"}},{"type":"Feature","geometry":{"type":"Point","coordinates":[121.636568,25.22053]},"properties":{"supply_id":"new_taipei-onstreet-103241","city":"new_taipei","district":"金山區","display_name":"信義路 車格 103241","address":"信義路","facility_kind":"onstreet","symbol_text":null,"type_reference":"路邊停車格","type_confidence":0.6,"price_raw":null,"price_value":null,"capacity_total":1,"available_total":null,"occupied_total":null,"status_label":"狀態未知","data_time":"2026-05-02 15:53:29+08:00","city_label":"新北市","facility_kind_label":"路邊車格","available_rate":null,"occupancy_rate":null,"price_tier":"unknown","price_tier_label":"價格未知"}},{"type":"Feature","geometry":{"type":"Point","coordinates":[121.643816,25.222157]},"properties":{"supply_id":"new_taipei-onstreet-88400","city":"new_taipei","district":"金山區","display_name":"磺港路 車格 88400","address":"磺港路","facility_kind":"onstreet","symbol_text":null,"type_reference":"路邊停車格","type_confidence":0.6,"price_raw":null,"price_value":null,"capacity_total":1,"available_total":0,"occupied_total":1,"status_label":"已停","data_time":"2026-05-02 15:53:29+08:00","city_label":"新北市","facility_kind_label":"路邊車格","available_rate":0,"occupancy_rate":1,"price_tier":"unknown","price_tier_label":"價格未知"}},{"type":"Feature","geometry":{"type":"Point","coordinates":[121.636594,25.221288]},"properties":{"supply_id":"new_taipei-onstreet-153495","city":"new_taipei","district":"金山區","display_name":"忠孝一路 車格 153495","address":"忠孝一路","facility_kind":"onstreet","symbol_text":null,"type_reference":"路邊停車格","type_confidence":0.6,"price_raw":null,"price_value":null,"capacity_total":1,"available_total":null,"occupied_total":null,"status_label":"狀態未知","data_time":"2026-05-02 15:53:29+08:00","city_label":"新北市","facility_kind_label":"路邊車格","available_rate":null,"occupancy_rate":null,"price_tier":"unknown","price_tier_label":"價格未知"}},{"type":"Feature","geometry":{"type":"Point","coordinates":[121.636028,25.223429]},"properties":{"supply_id":"new_taipei-onstreet-93401","city":"new_taipei","district":"金山區","display_name":"中山路 車格 93401","address":"中山路","facility_kind":"onstreet","symbol_text":null,"type_reference":"路邊停車格","type_confidence":0.6,"price_raw":null,"price_value":null,"capacity_total":1,"available_total":null,"occupied_total":null,"status_label":"不可用","data_time":"2026-05-02 15:53:29+08:00","city_label":"新北市","facility_kind_label":"路邊車格","available_rate":null,"occupancy_rate":null,"price_tier":"unknown","price_tier_label":"價格未知"}},{"type":"Feature","geometry":{"type":"Point","coordinates":[121.641836,25.218588]},"properties":{"supply_id":"new_taipei-onstreet-88583","city":"new_taipei","district":"金山區","display_name":"中興路 車格 88583","address":"中興路","facility_kind":"onstreet","symbol_text":null,"type_reference":"路邊停車格","type_confidence":0.6,"price_raw":null,"price_value":null,"capacity_total":1,"available_total":null,"occupied_total":null,"status_label":"不可用","data_time":"2026-05-02 15:53:29+08:00","city_label":"新北市","facility_kind_label":"路邊車格","available_rate":null,"occupancy_rate":null,"price_tier":"unknown","price_tier_label":"價格未知"}},{"type":"Feature","geometry":{"type":"Point","coordinates":[121.643379,25.221238]},"properties":{"supply_id":"new_taipei-onstreet-88425","city":"new_taipei","district":"金山區","display_name":"民生路 車格 88425","address":"民生路","facility_kind":"onstreet","symbol_text":null,"type_reference":"路邊停車格","type_confidence":0.6,"price_raw":null,"price_value":null,"capacity_total":1,"available_total":1,"occupied_total":0,"status_label":"空位","data_time":"2026-05-02 15:53:29+08:00","city_label":"新北市","facility_kind_label":"路邊車格","available_rate":1,"occupancy_rate":0,"price_tier":"unknown","price_tier_label":"價格未知"}},{"type":"Feature","geometry":{"type":"Point","coordinates":[121.636476,25.220469]},"properties":{"supply_id":"new_taipei-onstreet-103243","city":"new_taipei","district":"金山區","display_name":"信義路 車格 103243","address":"信義路","facility_kind":"onstreet","symbol_text":null,"type_reference":"路邊停車格","type_confidence":0.6,"price_raw":null,"price_value":null,"capacity_total":1,"available_total":null,"occupied_total":null,"status_label":"狀態未知","data_time":"2026-05-02 15:53:29+08:00","city_label":"新北市","facility_kind_label":"路邊車格","available_rate":null,"occupancy_rate":null,"price_tier":"unknown","price_tier_label":"價格未知"}},{"type":"Feature","geometry":{"type":"Point","coordinates":[121.641848,25.21875]},"properties":{"supply_id":"new_taipei-onstreet-55648","city":"new_taipei","district":"金山區","display_name":"中興路 車格 55648","address":"中興路","facility_kind":"onstreet","symbol_text":null,"type_reference":"路邊停車格","type_confidence":0.6,"price_raw":null,"price_value":null,"capacity_total":1,"available_total":null,"occupied_total":null,"status_label":"不可用","data_time":"2026-05-02 15:53:29+08:00","city_label":"新北市","facility_kind_label":"路邊車格","available_rate":null,"occupancy_rate":null,"price_tier":"unknown","price_tier_label":"價格未知"}},{"type":"Feature","geometry":{"type":"Point","coordinates":[121.635974,25.221507]},"properties":{"supply_id":"new_taipei-onstreet-145301","city":"new_taipei","district":"金山區","display_name":"忠孝一路 車格 145301","address":"忠孝一路","facility_kind":"onstreet","symbol_text":null,"type_reference":"路邊停車格","type_confidence":0.6,"price_raw":null,"price_value":null,"capacity_total":1,"available_total":null,"occupied_total":null,"status_label":"狀態未知","data_time":"2026-05-02 15:53:29+08:00","city_label":"新北市","facility_kind_label":"路邊車格","available_rate":null,"occupancy_rate":null,"price_tier":"unknown","price_tier_label":"價格未知"}},{"type":"Feature","geometry":{"type":"Point","coordinates":[121.641865,25.218912]},"properties":{"supply_id":"new_taipei-onstreet-88579","city":"new_taipei","district":"金山區","display_name":"中興路 車格 88579","address":"中興路","facility_kind":"onstreet","symbol_text":null,"type_reference":"路邊停車格","type_confidence":0.6,"price_raw":null,"price_value":null,"capacity_total":1,"available_total":null,"occupied_total":null,"status_label":"不可用","data_time":"2026-05-02 15:53:29+08:00","city_label":"新北市","facility_kind_label":"路邊車格","available_rate":null,"occupancy_rate":null,"price_tier":"unknown","price_tier_label":"價格未知"}},{"type":"Feature","geometry":{"type":"Point","coordinates":[121.636021,25.221531]},"properties":{"supply_id":"new_taipei-onstreet-145302","city":"new_taipei","district":"金山區","display_name":"忠孝一路 車格 145302","address":"忠孝一路","facility_kind":"onstreet","symbol_text":null,"type_reference":"路邊停車格","type_confidence":0.6,"price_raw":null,"price_value":null,"capacity_total":1,"available_total":null,"occupied_total":null,"status_label":"狀態未知","data_time":"2026-05-02 15:53:29+08:00","city_label":"新北市","facility_kind_label":"路邊車格","available_rate":null,"occupancy_rate":null,"price_tier":"unknown","price_tier_label":"價格未知"}},{"type":"Feature","geometry":{"type":"Point","coordinates":[121.637531,25.219321]},"properties":{"supply_id":"new_taipei-onstreet-103470","city":"new_taipei","district":"金山區","display_name":"仁愛路 車格 103470","address":"仁愛路","facility_kind":"onstreet","symbol_text":null,"type_reference":"路邊停車格","type_confidence":0.6,"price_raw":null,"price_value":null,"capacity_total":1,"available_total":null,"occupied_total":null,"status_label":"狀態未知","data_time":"2026-05-02 15:53:29+08:00","city_label":"新北市","facility_kind_label":"路邊車格","available_rate":null,"occupancy_rate":null,"price_tier":"unknown","price_tier_label":"價格未知"}},{"type":"Feature","geometry":{"type":"Point","coordinates":[121.641869,25.218966]},"properties":{"supply_id":"new_taipei-onstreet-57919","city":"new_taipei","district":"金山區","display_name":"中興路 車格 57919","address":"中興路","facility_kind":"onstreet","symbol_text":null,"type_reference":"路邊停車格","type_confidence":0.6,"price_raw":null,"price_value":null,"capacity_total":1,"available_total":null,"occupied_total":null,"status_label":"不可用","data_time":"2026-05-02 15:53:29+08:00","city_label":"新北市","facility_kind_label":"路邊車格","available_rate":null,"occupancy_rate":null,"price_tier":"unknown","price_tier_label":"價格未知"}},{"type":"Feature","geometry":{"type":"Point","coordinates":[121.641841,25.218642]},"properties":{"supply_id":"new_taipei-onstreet-88582","city":"new_taipei","district":"金山區","display_name":"中興路 車格 88582","address":"中興路","facility_kind":"onstreet","symbol_text":null,"type_reference":"路邊停車格","type_confidence":0.6,"price_raw":null,"price_value":null,"capacity_total":1,"available_total":null,"occupied_total":null,"status_label":"不可用","data_time":"2026-05-02 15:53:29+08:00","city_label":"新北市","facility_kind_label":"路邊車格","available_rate":null,"occupancy_rate":null,"price_tier":"unknown","price_tier_label":"價格未知"}},{"type":"Feature","geometry":{"type":"Point","coordinates":[121.636557,25.221324]},"properties":{"supply_id":"new_taipei-onstreet-153496","city":"new_taipei","district":"金山區","display_name":"忠孝一路 車格 153496","address":"忠孝一路","facility_kind":"onstreet","symbol_text":null,"type_reference":"路邊停車格","type_confidence":0.6,"price_raw":null,"price_value":null,"capacity_total":1,"available_total":null,"occupied_total":null,"status_label":"狀態未知","data_time":"2026-05-02 15:53:29+08:00","city_label":"新北市","facility_kind_label":"路邊車格","available_rate":null,"occupancy_rate":null,"price_tier":"unknown","price_tier_label":"價格未知"}},{"type":"Feature","geometry":{"type":"Point","coordinates":[121.63643,25.220439]},"properties":{"supply_id":"new_taipei-onstreet-103244","city":"new_taipei","district":"金山區","display_name":"信義路 車格 103244","address":"信義路","facility_kind":"onstreet","symbol_text":null,"type_reference":"路邊停車格","type_confidence":0.6,"price_raw":null,"price_value":null,"capacity_total":1,"available_total":null,"occupied_total":null,"status_label":"狀態未知","data_time":"2026-05-02 15:53:29+08:00","city_label":"新北市","facility_kind_label":"路邊車格","available_rate":null,"occupancy_rate":null,"price_tier":"unknown","price_tier_label":"價格未知"}},{"type":"Feature","geometry":{"type":"Point","coordinates":[121.643426,25.221263]},"properties":{"supply_id":"new_taipei-onstreet-88426","city":"new_taipei","district":"金山區","display_name":"民生路 車格 88426","address":"民生路","facility_kind":"onstreet","symbol_text":null,"type_reference":"路邊停車格","type_confidence":0.6,"price_raw":null,"price_value":null,"capacity_total":1,"available_total":1,"occupied_total":0,"status_label":"空位","data_time":"2026-05-02 15:53:29+08:00","city_label":"新北市","facility_kind_label":"路邊車格","available_rate":1,"occupancy_rate":0,"price_tier":"unknown","price_tier_label":"價格未知"}},{"type":"Feature","geometry":{"type":"Point","coordinates":[121.636724,25.22116]},"properties":{"supply_id":"new_taipei-onstreet-103366","city":"new_taipei","district":"金山區","display_name":"忠孝一路 車格 103366","address":"忠孝一路","facility_kind":"onstreet","symbol_text":null,"type_reference":"路邊停車格","type_confidence":0.6,"price_raw":null,"price_value":null,"capacity_total":1,"available_total":null,"occupied_total":null,"status_label":"狀態未知","data_time":"2026-05-02 15:53:29+08:00","city_label":"新北市","facility_kind_label":"路邊車格","available_rate":null,"occupancy_rate":null,"price_tier":"unknown","price_tier_label":"價格未知"}},{"type":"Feature","geometry":{"type":"Point","coordinates":[121.636799,25.221084]},"properties":{"supply_id":"new_taipei-onstreet-103368","city":"new_taipei","district":"金山區","display_name":"忠孝一路 車格 103368","address":"忠孝一路","facility_kind":"onstreet","symbol_text":null,"type_reference":"路邊停車格","type_confidence":0.6,"price_raw":null,"price_value":null,"capacity_total":1,"available_total":null,"occupied_total":null,"status_label":"狀態未知","data_time":"2026-05-02 15:53:29+08:00","city_label":"新北市","facility_kind_label":"路邊車格","available_rate":null,"occupancy_rate":null,"price_tier":"unknown","price_tier_label":"價格未知"}},{"type":"Feature","geometry":{"type":"Point","coordinates":[121.636202,25.220287]},"properties":{"supply_id":"new_taipei-onstreet-103249","city":"new_taipei","district":"金山區","display_name":"信義路 車格 103249","address":"信義路","facility_kind":"onstreet","symbol_text":null,"type_reference":"路邊停車格","type_confidence":0.6,"price_raw":null,"price_value":null,"capacity_total":1,"available_total":null,"occupied_total":null,"status_label":"狀態未知","data_time":"2026-05-02 15:53:29+08:00","city_label":"新北市","facility_kind_label":"路邊車格","available_rate":null,"occupancy_rate":null,"price_tier":"unknown","price_tier_label":"價格未知"}},{"type":"Feature","geometry":{"type":"Point","coordinates":[121.641845,25.218696]},"properties":{"supply_id":"new_taipei-onstreet-88581","city":"new_taipei","district":"金山區","display_name":"中興路 車格 88581","address":"中興路","facility_kind":"onstreet","symbol_text":null,"type_reference":"路邊停車格","type_confidence":0.6,"price_raw":null,"price_value":null,"capacity_total":1,"available_total":null,"occupied_total":null,"status_label":"不可用","data_time":"2026-05-02 15:53:29+08:00","city_label":"新北市","facility_kind_label":"路邊車格","available_rate":null,"occupancy_rate":null,"price_tier":"unknown","price_tier_label":"價格未知"}},{"type":"Feature","geometry":{"type":"Point","coordinates":[121.632804,25.225793]},"properties":{"supply_id":"new_taipei-onstreet-55611","city":"new_taipei","district":"金山區","display_name":"中山路 車格 55611","address":"中山路","facility_kind":"onstreet","symbol_text":null,"type_reference":"路邊停車格","type_confidence":0.6,"price_raw":null,"price_value":null,"capacity_total":1,"available_total":null,"occupied_total":null,"status_label":"狀態未知","data_time":"2026-05-02 15:53:29+08:00","city_label":"新北市","facility_kind_label":"路邊車格","available_rate":null,"occupancy_rate":null,"price_tier":"unknown","price_tier_label":"價格未知"}},{"type":"Feature","geometry":{"type":"Point","coordinates":[121.636761,25.221122]},"properties":{"supply_id":"new_taipei-onstreet-103367","city":"new_taipei","district":"金山區","display_name":"忠孝一路 車格 103367","address":"忠孝一路","facility_kind":"onstreet","symbol_text":null,"type_reference":"路邊停車格","type_confidence":0.6,"price_raw":null,"price_value":null,"capacity_total":1,"available_total":null,"occupied_total":null,"status_label":"狀態未知","data_time":"2026-05-02 15:53:29+08:00","city_label":"新北市","facility_kind_label":"路邊車格","available_rate":null,"occupancy_rate":null,"price_tier":"unknown","price_tier_label":"價格未知"}},{"type":"Feature","geometry":{"type":"Point","coordinates":[121.636248,25.220317]},"properties":{"supply_id":"new_taipei-onstreet-103248","city":"new_taipei","district":"金山區","display_name":"信義路 車格 103248","address":"信義路","facility_kind":"onstreet","symbol_text":null,"type_reference":"路邊停車格","type_confidence":0.6,"price_raw":null,"price_value":null,"capacity_total":1,"available_total":null,"occupied_total":null,"status_label":"狀態未知","data_time":"2026-05-02 15:53:29+08:00","city_label":"新北市","facility_kind_label":"路邊車格","available_rate":null,"occupancy_rate":null,"price_tier":"unknown","price_tier_label":"價格未知"}},{"type":"Feature","geometry":{"type":"Point","coordinates":[121.636837,25.221046]},"properties":{"supply_id":"new_taipei-onstreet-103369","city":"new_taipei","district":"金山區","display_name":"忠孝一路 車格 103369","address":"忠孝一路","facility_kind":"onstreet","symbol_text":null,"type_reference":"路邊停車格","type_confidence":0.6,"price_raw":null,"price_value":null,"capacity_total":1,"available_total":null,"occupied_total":null,"status_label":"狀態未知","data_time":"2026-05-02 15:53:29+08:00","city_label":"新北市","facility_kind_label":"路邊車格","available_rate":null,"occupancy_rate":null,"price_tier":"unknown","price_tier_label":"價格未知"}},{"type":"Feature","geometry":{"type":"Point","coordinates":[121.632768,25.225829]},"properties":{"supply_id":"new_taipei-onstreet-55612","city":"new_taipei","district":"金山區","display_name":"中山路 車格 55612","address":"中山路","facility_kind":"onstreet","symbol_text":null,"type_reference":"路邊停車格","type_confidence":0.6,"price_raw":null,"price_value":null,"capacity_total":1,"available_total":null,"occupied_total":null,"status_label":"狀態未知","data_time":"2026-05-02 15:53:29+08:00","city_label":"新北市","facility_kind_label":"路邊車格","available_rate":null,"occupancy_rate":null,"price_tier":"unknown","price_tier_label":"價格未知"}},{"type":"Feature","geometry":{"type":"Point","coordinates":[121.636686,25.221199]},"properties":{"supply_id":"new_taipei-onstreet-103365","city":"new_taipei","district":"金山區","display_name":"忠孝一路 車格 103365","address":"忠孝一路","facility_kind":"onstreet","symbol_text":null,"type_reference":"路邊停車格","type_confidence":0.6,"price_raw":null,"price_value":null,"capacity_total":1,"available_total":null,"occupied_total":null,"status_label":"狀態未知","data_time":"2026-05-02 15:53:29+08:00","city_label":"新北市","facility_kind_label":"路邊車格","available_rate":null,"occupancy_rate":null,"price_tier":"unknown","price_tier_label":"價格未知"}},{"type":"Feature","geometry":{"type":"Point","coordinates":[121.643482,25.221299]},"properties":{"supply_id":"new_taipei-onstreet-88427","city":"new_taipei","district":"金山區","display_name":"民生路 車格 88427","address":"民生路","facility_kind":"onstreet","symbol_text":null,"type_reference":"路邊停車格","type_confidence":0.6,"price_raw":null,"price_value":null,"capacity_total":1,"available_total":0,"occupied_total":1,"status_label":"已停","data_time":"2026-05-02 15:53:29+08:00","city_label":"新北市","facility_kind_label":"路邊車格","available_rate":0,"occupancy_rate":1,"price_tier":"unknown","price_tier_label":"價格未知"}},{"type":"Feature","geometry":{"type":"Point","coordinates":[121.636385,25.220408]},"properties":{"supply_id":"new_taipei-onstreet-103245","city":"new_taipei","district":"金山區","display_name":"信義路 車格 103245","address":"信義路","facility_kind":"onstreet","symbol_text":null,"type_reference":"路邊停車格","type_confidence":0.6,"price_raw":null,"price_value":null,"capacity_total":1,"available_total":null,"occupied_total":null,"status_label":"狀態未知","data_time":"2026-05-02 15:53:29+08:00","city_label":"新北市","facility_kind_label":"路邊車格","available_rate":null,"occupancy_rate":null,"price_tier":"unknown","price_tier_label":"價格未知"}},{"type":"Feature","geometry":{"type":"Point","coordinates":[121.643525,25.221328]},"properties":{"supply_id":"new_taipei-onstreet-91561","city":"new_taipei","district":"金山區","display_name":"民生路 車格 91561","address":"民生路","facility_kind":"onstreet","symbol_text":null,"type_reference":"路邊停車格","type_confidence":0.6,"price_raw":null,"price_value":null,"capacity_total":1,"available_total":1,"occupied_total":0,"status_label":"空位","data_time":"2026-05-02 15:53:29+08:00","city_label":"新北市","facility_kind_label":"路邊車格","available_rate":1,"occupancy_rate":0,"price_tier":"unknown","price_tier_label":"價格未知"}},{"type":"Feature","geometry":{"type":"Point","coordinates":[121.636339,25.220378]},"properties":{"supply_id":"new_taipei-onstreet-103246","city":"new_taipei","district":"金山區","display_name":"信義路 車格 103246","address":"信義路","facility_kind":"onstreet","symbol_text":null,"type_reference":"路邊停車格","type_confidence":0.6,"price_raw":null,"price_value":null,"capacity_total":1,"available_total":null,"occupied_total":null,"status_label":"狀態未知","data_time":"2026-05-02 15:53:29+08:00","city_label":"新北市","facility_kind_label":"路邊車格","available_rate":null,"occupancy_rate":null,"price_tier":"unknown","price_tier_label":"價格未知"}},{"type":"Feature","geometry":{"type":"Point","coordinates":[121.641873,25.21902]},"properties":{"supply_id":"new_taipei-onstreet-57918","city":"new_taipei","district":"金山區","display_name":"中興路 車格 57918","address":"中興路","facility_kind":"onstreet","symbol_text":null,"type_reference":"路邊停車格","type_confidence":0.6,"price_raw":null,"price_value":null,"capacity_total":1,"available_total":null,"occupied_total":null,"status_label":"不可用","data_time":"2026-05-02 15:53:29+08:00","city_label":"新北市","facility_kind_label":"路邊車格","available_rate":null,"occupancy_rate":null,"price_tier":"unknown","price_tier_label":"價格未知"}},{"type":"Feature","geometry":{"type":"Point","coordinates":[121.643656,25.222068]},"properties":{"supply_id":"new_taipei-onstreet-88403","city":"new_taipei","district":"金山區","display_name":"磺港路 車格 88403","address":"磺港路","facility_kind":"onstreet","symbol_text":null,"type_reference":"路邊停車格","type_confidence":0.6,"price_raw":null,"price_value":null,"capacity_total":1,"available_total":0,"occupied_total":1,"status_label":"已停","data_time":"2026-05-02 15:53:29+08:00","city_label":"新北市","facility_kind_label":"路邊車格","available_rate":0,"occupancy_rate":1,"price_tier":"unknown","price_tier_label":"價格未知"}},{"type":"Feature","geometry":{"type":"Point","coordinates":[121.637313,25.219243]},"properties":{"supply_id":"new_taipei-onstreet-153497","city":"new_taipei","district":"金山區","display_name":"仁愛路 車格 153497","address":"仁愛路","facility_kind":"onstreet","symbol_text":null,"type_reference":"路邊停車格","type_confidence":0.6,"price_raw":null,"price_value":null,"capacity_total":1,"available_total":null,"occupied_total":null,"status_label":"狀態未知","data_time":"2026-05-02 15:53:29+08:00","city_label":"新北市","facility_kind_label":"路邊車格","available_rate":null,"occupancy_rate":null,"price_tier":"unknown","price_tier_label":"價格未知"}},{"type":"Feature","geometry":{"type":"Point","coordinates":[121.636156,25.220256]},"properties":{"supply_id":"new_taipei-onstreet-103250","city":"new_taipei","district":"金山區","display_name":"信義路 車格 103250","address":"信義路","facility_kind":"onstreet","symbol_text":null,"type_reference":"路邊停車格","type_confidence":0.6,"price_raw":null,"price_value":null,"capacity_total":1,"available_total":null,"occupied_total":null,"status_label":"狀態未知","data_time":"2026-05-02 15:53:29+08:00","city_label":"新北市","facility_kind_label":"路邊車格","available_rate":null,"occupancy_rate":null,"price_tier":"unknown","price_tier_label":"價格未知"}},{"type":"Feature","geometry":{"type":"Point","coordinates":[121.643566,25.222012]},"properties":{"supply_id":"new_taipei-onstreet-88405","city":"new_taipei","district":"金山區","display_name":"磺港路 車格 88405","address":"磺港路","facility_kind":"onstreet","symbol_text":null,"type_reference":"路邊停車格","type_confidence":0.6,"price_raw":null,"price_value":null,"capacity_total":1,"available_total":1,"occupied_total":0,"status_label":"空位","data_time":"2026-05-02 15:53:29+08:00","city_label":"新北市","facility_kind_label":"路邊車格","available_rate":1,"occupancy_rate":0,"price_tier":"unknown","price_tier_label":"價格未知"}},{"type":"Feature","geometry":{"type":"Point","coordinates":[121.643611,25.22204]},"properties":{"supply_id":"new_taipei-onstreet-88404","city":"new_taipei","district":"金山區","display_name":"磺港路 車格 88404","address":"磺港路","facility_kind":"onstreet","symbol_text":null,"type_reference":"路邊停車格","type_confidence":0.6,"price_raw":null,"price_value":null,"capacity_total":1,"available_total":0,"occupied_total":1,"status_label":"已停","data_time":"2026-05-02 15:53:29+08:00","city_label":"新北市","facility_kind_label":"路邊車格","available_rate":0,"occupancy_rate":1,"price_tier":"unknown","price_tier_label":"價格未知"}},{"type":"Feature","geometry":{"type":"Point","coordinates":[121.632729,25.225864]},"properties":{"supply_id":"new_taipei-onstreet-55613","city":"new_taipei","district":"金山區","display_name":"中山路 車格 55613","address":"中山路","facility_kind":"onstreet","symbol_text":null,"type_reference":"路邊停車格","type_confidence":0.6,"price_raw":null,"price_value":null,"capacity_total":1,"available_total":null,"occupied_total":null,"status_label":"狀態未知","data_time":"2026-05-02 15:53:29+08:00","city_label":"新北市","facility_kind_label":"路邊車格","available_rate":null,"occupancy_rate":null,"price_tier":"unknown","price_tier_label":"價格未知"}},{"type":"Feature","geometry":{"type":"Point","coordinates":[121.632679,25.225908]},"properties":{"supply_id":"new_taipei-onstreet-36355","city":"new_taipei","district":"金山區","display_name":"中山路 車格 36355","address":"中山路","facility_kind":"onstreet","symbol_text":null,"type_reference":"路邊停車格","type_confidence":0.6,"price_raw":null,"price_value":null,"capacity_total":1,"available_total":null,"occupied_total":null,"status_label":"狀態未知","data_time":"2026-05-02 15:53:29+08:00","city_label":"新北市","facility_kind_label":"路邊車格","available_rate":null,"occupancy_rate":null,"price_tier":"unknown","price_tier_label":"價格未知"}},{"type":"Feature","geometry":{"type":"Point","coordinates":[121.641853,25.218804]},"properties":{"supply_id":"new_taipei-onstreet-88580","city":"new_taipei","district":"金山區","display_name":"中興路 車格 88580","address":"中興路","facility_kind":"onstreet","symbol_text":null,"type_reference":"路邊停車格","type_confidence":0.6,"price_raw":null,"price_value":null,"capacity_total":1,"available_total":null,"occupied_total":null,"status_label":"不可用","data_time":"2026-05-02 15:53:29+08:00","city_label":"新北市","facility_kind_label":"路邊車格","available_rate":null,"occupancy_rate":null,"price_tier":"unknown","price_tier_label":"價格未知"}},{"type":"Feature","geometry":{"type":"Point","coordinates":[121.636875,25.221007]},"properties":{"supply_id":"new_taipei-onstreet-103370","city":"new_taipei","district":"金山區","display_name":"忠孝一路 車格 103370","address":"忠孝一路","facility_kind":"onstreet","symbol_text":null,"type_reference":"路邊停車格","type_confidence":0.6,"price_raw":null,"price_value":null,"capacity_total":1,"available_total":null,"occupied_total":null,"status_label":"狀態未知","data_time":"2026-05-02 15:53:29+08:00","city_label":"新北市","facility_kind_label":"路邊車格","available_rate":null,"occupancy_rate":null,"price_tier":"unknown","price_tier_label":"價格未知"}},{"type":"Feature","geometry":{"type":"Point","coordinates":[121.643458,25.221941]},"properties":{"supply_id":"new_taipei-onstreet-88406","city":"new_taipei","district":"金山區","display_name":"磺港路 車格 88406","address":"磺港路","facility_kind":"onstreet","symbol_text":null,"type_reference":"路邊停車格","type_confidence":0.6,"price_raw":null,"price_value":null,"capacity_total":1,"available_total":1,"occupied_total":0,"status_label":"空位","data_time":"2026-05-02 15:53:29+08:00","city_label":"新北市","facility_kind_label":"路邊車格","available_rate":1,"occupancy_rate":0,"price_tier":"unknown","price_tier_label":"價格未知"}},{"type":"Feature","geometry":{"type":"Point","coordinates":[121.636989,25.219225]},"properties":{"supply_id":"new_taipei-onstreet-153500","city":"new_taipei","district":"金山區","display_name":"仁愛路 車格 153500","address":"仁愛路","facility_kind":"onstreet","symbol_text":null,"type_reference":"路邊停車格","type_confidence":0.6,"price_raw":null,"price_value":null,"capacity_total":1,"available_total":null,"occupied_total":null,"status_label":"狀態未知","data_time":"2026-05-02 15:53:29+08:00","city_label":"新北市","facility_kind_label":"路邊車格","available_rate":null,"occupancy_rate":null,"price_tier":"unknown","price_tier_label":"價格未知"}},{"type":"Feature","geometry":{"type":"Point","coordinates":[121.636293,25.220348]},"properties":{"supply_id":"new_taipei-onstreet-103247","city":"new_taipei","district":"金山區","display_name":"信義路 車格 103247","address":"信義路","facility_kind":"onstreet","symbol_text":null,"type_reference":"路邊停車格","type_confidence":0.6,"price_raw":null,"price_value":null,"capacity_total":1,"available_total":null,"occupied_total":null,"status_label":"狀態未知","data_time":"2026-05-02 15:53:29+08:00","city_label":"新北市","facility_kind_label":"路邊車格","available_rate":null,"occupancy_rate":null,"price_tier":"unknown","price_tier_label":"價格未知"}},{"type":"Feature","geometry":{"type":"Point","coordinates":[121.641887,25.219203]},"properties":{"supply_id":"new_taipei-onstreet-55646","city":"new_taipei","district":"金山區","display_name":"中興路 車格 55646","address":"中興路","facility_kind":"onstreet","symbol_text":null,"type_reference":"路邊停車格","type_confidence":0.6,"price_raw":null,"price_value":null,"capacity_total":1,"available_total":null,"occupied_total":null,"status_label":"不可用","data_time":"2026-05-02 15:53:29+08:00","city_label":"新北市","facility_kind_label":"路邊車格","available_rate":null,"occupancy_rate":null,"price_tier":"unknown","price_tier_label":"價格未知"}},{"type":"Feature","geometry":{"type":"Point","coordinates":[121.636913,25.220969]},"properties":{"supply_id":"new_taipei-onstreet-103371","city":"new_taipei","district":"金山區","display_name":"忠孝一路 車格 103371","address":"忠孝一路","facility_kind":"onstreet","symbol_text":null,"type_reference":"路邊停車格","type_confidence":0.6,"price_raw":null,"price_value":null,"capacity_total":1,"available_total":null,"occupied_total":null,"status_label":"狀態未知","data_time":"2026-05-02 15:53:29+08:00","city_label":"新北市","facility_kind_label":"路邊車格","available_rate":null,"occupancy_rate":null,"price_tier":"unknown","price_tier_label":"價格未知"}},{"type":"Feature","geometry":{"type":"Point","coordinates":[121.632603,25.22598]},"properties":{"supply_id":"new_taipei-onstreet-55616","city":"new_taipei","district":"金山區","display_name":"中山路 車格 55616","address":"中山路","facility_kind":"onstreet","symbol_text":null,"type_reference":"路邊停車格","type_confidence":0.6,"price_raw":null,"price_value":null,"capacity_total":1,"available_total":null,"occupied_total":null,"status_label":"狀態未知","data_time":"2026-05-02 15:53:29+08:00","city_label":"新北市","facility_kind_label":"路邊車格","available_rate":null,"occupancy_rate":null,"price_tier":"unknown","price_tier_label":"價格未知"}},{"type":"Feature","geometry":{"type":"Point","coordinates":[121.643414,25.221911]},"properties":{"supply_id":"new_taipei-onstreet-88407","city":"new_taipei","district":"金山區","display_name":"磺港路 車格 88407","address":"磺港路","facility_kind":"onstreet","symbol_text":null,"type_reference":"路邊停車格","type_confidence":0.6,"price_raw":null,"price_value":null,"capacity_total":1,"available_total":1,"occupied_total":0,"status_label":"空位","data_time":"2026-05-02 15:53:29+08:00","city_label":"新北市","facility_kind_label":"路邊車格","available_rate":1,"occupancy_rate":0,"price_tier":"unknown","price_tier_label":"價格未知"}},{"type":"Feature","geometry":{"type":"Point","coordinates":[121.636934,25.21924]},"properties":{"supply_id":"new_taipei-onstreet-103479","city":"new_taipei","district":"金山區","display_name":"仁愛路 車格 103479","address":"仁愛路","facility_kind":"onstreet","symbol_text":null,"type_reference":"路邊停車格","type_confidence":0.6,"price_raw":null,"price_value":null,"capacity_total":1,"available_total":null,"occupied_total":null,"status_label":"狀態未知","data_time":"2026-05-02 15:53:29+08:00","city_label":"新北市","facility_kind_label":"路邊車格","available_rate":null,"occupancy_rate":null,"price_tier":"unknown","price_tier_label":"價格未知"}},{"type":"Feature","geometry":{"type":"Point","coordinates":[121.63264,25.225944]},"properties":{"supply_id":"new_taipei-onstreet-55614","city":"new_taipei","district":"金山區","display_name":"中山路 車格 55614","address":"中山路","facility_kind":"onstreet","symbol_text":null,"type_reference":"路邊停車格","type_confidence":0.6,"price_raw":null,"price_value":null,"capacity_total":1,"available_total":null,"occupied_total":null,"status_label":"狀態未知","data_time":"2026-05-02 15:53:29+08:00","city_label":"新北市","facility_kind_label":"路邊車格","available_rate":null,"occupancy_rate":null,"price_tier":"unknown","price_tier_label":"價格未知"}},{"type":"Feature","geometry":{"type":"Point","coordinates":[121.643371,25.22188]},"properties":{"supply_id":"new_taipei-onstreet-88408","city":"new_taipei","district":"金山區","display_name":"磺港路 車格 88408","address":"磺港路","facility_kind":"onstreet","symbol_text":null,"type_reference":"路邊停車格","type_confidence":0.6,"price_raw":null,"price_value":null,"capacity_total":1,"available_total":1,"occupied_total":0,"status_label":"空位","data_time":"2026-05-02 15:53:29+08:00","city_label":"新北市","facility_kind_label":"路邊車格","available_rate":1,"occupancy_rate":0,"price_tier":"unknown","price_tier_label":"價格未知"}},{"type":"Feature","geometry":{"type":"Point","coordinates":[121.63688,25.219255]},"properties":{"supply_id":"new_taipei-onstreet-103477","city":"new_taipei","district":"金山區","display_name":"仁愛路 車格 103477","address":"仁愛路","facility_kind":"onstreet","symbol_text":null,"type_reference":"路邊停車格","type_confidence":0.6,"price_raw":null,"price_value":null,"capacity_total":1,"available_total":null,"occupied_total":null,"status_label":"狀態未知","data_time":"2026-05-02 15:53:29+08:00","city_label":"新北市","facility_kind_label":"路邊車格","available_rate":null,"occupancy_rate":null,"price_tier":"unknown","price_tier_label":"價格未知"}},{"type":"Feature","geometry":{"type":"Point","coordinates":[121.641877,25.219074]},"properties":{"supply_id":"new_taipei-onstreet-57917","city":"new_taipei","district":"金山區","display_name":"中興路 車格 57917","address":"中興路","facility_kind":"onstreet","symbol_text":null,"type_reference":"路邊停車格","type_confidence":0.6,"price_raw":null,"price_value":null,"capacity_total":1,"available_total":null,"occupied_total":null,"status_label":"不可用","data_time":"2026-05-02 15:53:29+08:00","city_label":"新北市","facility_kind_label":"路邊車格","available_rate":null,"occupancy_rate":null,"price_tier":"unknown","price_tier_label":"價格未知"}},{"type":"Feature","geometry":{"type":"Point","coordinates":[121.641883,25.219148]},"properties":{"supply_id":"new_taipei-onstreet-55647","city":"new_taipei","district":"金山區","display_name":"中興路 車格 55647","address":"中興路","facility_kind":"onstreet","symbol_text":null,"type_reference":"路邊停車格","type_confidence":0.6,"price_raw":null,"price_value":null,"capacity_total":1,"available_total":null,"occupied_total":null,"status_label":"不可用","data_time":"2026-05-02 15:53:29+08:00","city_label":"新北市","facility_kind_label":"路邊車格","available_rate":null,"occupancy_rate":null,"price_tier":"unknown","price_tier_label":"價格未知"}},{"type":"Feature","geometry":{"type":"Point","coordinates":[121.632628,25.225727]},"properties":{"supply_id":"new_taipei-onstreet-55617","city":"new_taipei","district":"金山區","display_name":"中山路 車格 55617","address":"中山路","facility_kind":"onstreet","symbol_text":null,"type_reference":"路邊停車格","type_confidence":0.6,"price_raw":null,"price_value":null,"capacity_total":1,"available_total":null,"occupied_total":null,"status_label":"狀態未知","data_time":"2026-05-02 15:53:29+08:00","city_label":"新北市","facility_kind_label":"路邊車格","available_rate":null,"occupancy_rate":null,"price_tier":"unknown","price_tier_label":"價格未知"}},{"type":"Feature","geometry":{"type":"Point","coordinates":[121.643312,25.221839]},"properties":{"supply_id":"new_taipei-onstreet-88409","city":"new_taipei","district":"金山區","display_name":"磺港路 車格 88409","address":"磺港路","facility_kind":"onstreet","symbol_text":null,"type_reference":"路邊停車格","type_confidence":0.6,"price_raw":null,"price_value":null,"capacity_total":1,"available_total":1,"occupied_total":0,"status_label":"空位","data_time":"2026-05-02 15:53:29+08:00","city_label":"新北市","facility_kind_label":"路邊車格","available_rate":1,"occupancy_rate":0,"price_tier":"unknown","price_tier_label":"價格未知"}},{"type":"Feature","geometry":{"type":"Point","coordinates":[121.636826,25.219271]},"properties":{"supply_id":"new_taipei-onstreet-28084","city":"new_taipei","district":"金山區","display_name":"仁愛路 車格 28084","address":"仁愛路","facility_kind":"onstreet","symbol_text":null,"type_reference":"路邊停車格","type_confidence":0.6,"price_raw":null,"price_value":null,"capacity_total":1,"available_total":null,"occupied_total":null,"status_label":"狀態未知","data_time":"2026-05-02 15:53:29+08:00","city_label":"新北市","facility_kind_label":"路邊車格","available_rate":null,"occupancy_rate":null,"price_tier":"unknown","price_tier_label":"價格未知"}},{"type":"Feature","geometry":{"type":"Point","coordinates":[121.632674,25.225698]},"properties":{"supply_id":"new_taipei-onstreet-55625","city":"new_taipei","district":"金山區","display_name":"中山路 車格 55625","address":"中山路","facility_kind":"onstreet","symbol_text":null,"type_reference":"路邊停車格","type_confidence":0.6,"price_raw":null,"price_value":null,"capacity_total":1,"available_total":null,"occupied_total":null,"status_label":"狀態未知","data_time":"2026-05-02 15:53:29+08:00","city_label":"新北市","facility_kind_label":"路邊車格","available_rate":null,"occupancy_rate":null,"price_tier":"unknown","price_tier_label":"價格未知"}},{"type":"Feature","geometry":{"type":"Point","coordinates":[121.6419,25.219341]},"properties":{"supply_id":"new_taipei-onstreet-36503","city":"new_taipei","district":"金山區","display_name":"中興路 車格 36503","address":"中興路","facility_kind":"onstreet","symbol_text":null,"type_reference":"路邊停車格","type_confidence":0.6,"price_raw":null,"price_value":null,"capacity_total":1,"available_total":null,"occupied_total":null,"status_label":"不可用","data_time":"2026-05-02 15:53:29+08:00","city_label":"新北市","facility_kind_label":"路邊車格","available_rate":null,"occupancy_rate":null,"price_tier":"unknown","price_tier_label":"價格未知"}},{"type":"Feature","geometry":{"type":"Point","coordinates":[121.636951,25.220931]},"properties":{"supply_id":"new_taipei-onstreet-103372","city":"new_taipei","district":"金山區","display_name":"忠孝一路 車格 103372","address":"忠孝一路","facility_kind":"onstreet","symbol_text":null,"type_reference":"路邊停車格","type_confidence":0.6,"price_raw":null,"price_value":null,"capacity_total":1,"available_total":null,"occupied_total":null,"status_label":"狀態未知","data_time":"2026-05-02 15:53:29+08:00","city_label":"新北市","facility_kind_label":"路邊車格","available_rate":null,"occupancy_rate":null,"price_tier":"unknown","price_tier_label":"價格未知"}},{"type":"Feature","geometry":{"type":"Point","coordinates":[121.643269,25.221808]},"properties":{"supply_id":"new_taipei-onstreet-88410","city":"new_taipei","district":"金山區","display_name":"磺港路 車格 88410","address":"磺港路","facility_kind":"onstreet","symbol_text":null,"type_reference":"路邊停車格","type_confidence":0.6,"price_raw":null,"price_value":null,"capacity_total":1,"available_total":1,"occupied_total":0,"status_label":"空位","data_time":"2026-05-02 15:53:29+08:00","city_label":"新北市","facility_kind_label":"路邊車格","available_rate":1,"occupancy_rate":0,"price_tier":"unknown","price_tier_label":"價格未知"}},{"type":"Feature","geometry":{"type":"Point","coordinates":[121.632721,25.225668]},"properties":{"supply_id":"new_taipei-onstreet-36368","city":"new_taipei","district":"金山區","display_name":"中山路 車格 36368","address":"中山路","facility_kind":"onstreet","symbol_text":null,"type_reference":"路邊停車格","type_confidence":0.6,"price_raw":null,"price_value":null,"capacity_total":1,"available_total":null,"occupied_total":null,"status_label":"狀態未知","data_time":"2026-05-02 15:53:29+08:00","city_label":"新北市","facility_kind_label":"路邊車格","available_rate":null,"occupancy_rate":null,"price_tier":"unknown","price_tier_label":"價格未知"}},{"type":"Feature","geometry":{"type":"Point","coordinates":[121.643226,25.221778]},"properties":{"supply_id":"new_taipei-onstreet-88411","city":"new_taipei","district":"金山區","display_name":"磺港路 車格 88411","address":"磺港路","facility_kind":"onstreet","symbol_text":null,"type_reference":"路邊停車格","type_confidence":0.6,"price_raw":null,"price_value":null,"capacity_total":1,"available_total":0,"occupied_total":1,"status_label":"已停","data_time":"2026-05-02 15:53:29+08:00","city_label":"新北市","facility_kind_label":"路邊車格","available_rate":0,"occupancy_rate":1,"price_tier":"unknown","price_tier_label":"價格未知"}},{"type":"Feature","geometry":{"type":"Point","coordinates":[121.637202,25.220695]},"properties":{"supply_id":"new_taipei-onstreet-103360","city":"new_taipei","district":"金山區","display_name":"忠孝一路 車格 103360","address":"忠孝一路","facility_kind":"onstreet","symbol_text":null,"type_reference":"路邊停車格","type_confidence":0.6,"price_raw":null,"price_value":null,"capacity_total":1,"available_total":null,"occupied_total":null,"status_label":"狀態未知","data_time":"2026-05-02 15:53:29+08:00","city_label":"新北市","facility_kind_label":"路邊車格","available_rate":null,"occupancy_rate":null,"price_tier":"unknown","price_tier_label":"價格未知"}},{"type":"Feature","geometry":{"type":"Point","coordinates":[121.632767,25.225638]},"properties":{"supply_id":"new_taipei-onstreet-55626","city":"new_taipei","district":"金山區","display_name":"中山路 車格 55626","address":"中山路","facility_kind":"onstreet","symbol_text":null,"type_reference":"路邊停車格","type_confidence":0.6,"price_raw":null,"price_value":null,"capacity_total":1,"available_total":null,"occupied_total":null,"status_label":"狀態未知","data_time":"2026-05-02 15:53:29+08:00","city_label":"新北市","facility_kind_label":"路邊車格","available_rate":null,"occupancy_rate":null,"price_tier":"unknown","price_tier_label":"價格未知"}},{"type":"Feature","geometry":{"type":"Point","coordinates":[121.643183,25.221747]},"properties":{"supply_id":"new_taipei-onstreet-88412","city":"new_taipei","district":"金山區","display_name":"磺港路 車格 88412","address":"磺港路","facility_kind":"onstreet","symbol_text":null,"type_reference":"路邊停車格","type_confidence":0.6,"price_raw":null,"price_value":null,"capacity_total":1,"available_total":1,"occupied_total":0,"status_label":"空位","data_time":"2026-05-02 15:53:29+08:00","city_label":"新北市","facility_kind_label":"路邊車格","available_rate":1,"occupancy_rate":0,"price_tier":"unknown","price_tier_label":"價格未知"}},{"type":"Feature","geometry":{"type":"Point","coordinates":[121.636393,25.219622]},"properties":{"supply_id":"new_taipei-onstreet-141369","city":"new_taipei","district":"金山區","display_name":"仁愛路 車格 141369","address":"仁愛路","facility_kind":"onstreet","symbol_text":null,"type_reference":"路邊停車格","type_confidence":0.6,"price_raw":null,"price_value":null,"capacity_total":1,"available_total":null,"occupied_total":null,"status_label":"狀態未知","data_time":"2026-05-02 15:53:29+08:00","city_label":"新北市","facility_kind_label":"路邊車格","available_rate":null,"occupancy_rate":null,"price_tier":"unknown","price_tier_label":"價格未知"}},{"type":"Feature","geometry":{"type":"Point","coordinates":[121.641908,25.219445]},"properties":{"supply_id":"new_taipei-onstreet-55643","city":"new_taipei","district":"金山區","display_name":"中興路 車格 55643","address":"中興路","facility_kind":"onstreet","symbol_text":null,"type_reference":"路邊停車格","type_confidence":0.6,"price_raw":null,"price_value":null,"capacity_total":1,"available_total":null,"occupied_total":null,"status_label":"不可用","data_time":"2026-05-02 15:53:29+08:00","city_label":"新北市","facility_kind_label":"路邊車格","available_rate":null,"occupancy_rate":null,"price_tier":"unknown","price_tier_label":"價格未知"}},{"type":"Feature","geometry":{"type":"Point","coordinates":[121.636514,25.222822]},"properties":{"supply_id":"new_taipei-onstreet-140864","city":"new_taipei","district":"金山區","display_name":"中山路 車格 140864","address":"中山路","facility_kind":"onstreet","symbol_text":null,"type_reference":"路邊停車格","type_confidence":0.6,"price_raw":null,"price_value":null,"capacity_total":1,"available_total":null,"occupied_total":null,"status_label":"不可用","data_time":"2026-05-02 15:53:29+08:00","city_label":"新北市","facility_kind_label":"路邊車格","available_rate":null,"occupancy_rate":null,"price_tier":"unknown","price_tier_label":"價格未知"}},{"type":"Feature","geometry":{"type":"Point","coordinates":[121.637241,25.220658]},"properties":{"supply_id":"new_taipei-onstreet-103361","city":"new_taipei","district":"金山區","display_name":"忠孝一路 車格 103361","address":"忠孝一路","facility_kind":"onstreet","symbol_text":null,"type_reference":"路邊停車格","type_confidence":0.6,"price_raw":null,"price_value":null,"capacity_total":1,"available_total":null,"occupied_total":null,"status_label":"狀態未知","data_time":"2026-05-02 15:53:29+08:00","city_label":"新北市","facility_kind_label":"路邊車格","available_rate":null,"occupancy_rate":null,"price_tier":"unknown","price_tier_label":"價格未知"}},{"type":"Feature","geometry":{"type":"Point","coordinates":[121.641913,25.219499]},"properties":{"supply_id":"new_taipei-onstreet-55642","city":"new_taipei","district":"金山區","display_name":"中興路 車格 55642","address":"中興路","facility_kind":"onstreet","symbol_text":null,"type_reference":"路邊停車格","type_confidence":0.6,"price_raw":null,"price_value":null,"capacity_total":1,"available_total":null,"occupied_total":null,"status_label":"不可用","data_time":"2026-05-02 15:53:29+08:00","city_label":"新北市","facility_kind_label":"路邊車格","available_rate":null,"occupancy_rate":null,"price_tier":"unknown","price_tier_label":"價格未知"}},{"type":"Feature","geometry":{"type":"Point","coordinates":[121.636291,25.223094]},"properties":{"supply_id":"new_taipei-onstreet-140862","city":"new_taipei","district":"金山區","display_name":"中山路 車格 140862","address":"中山路","facility_kind":"onstreet","symbol_text":null,"type_reference":"路邊停車格","type_confidence":0.6,"price_raw":null,"price_value":null,"capacity_total":1,"available_total":null,"occupied_total":null,"status_label":"狀態未知","data_time":"2026-05-02 15:53:29+08:00","city_label":"新北市","facility_kind_label":"路邊車格","available_rate":null,"occupancy_rate":null,"price_tier":"unknown","price_tier_label":"價格未知"}},{"type":"Feature","geometry":{"type":"Point","coordinates":[121.641917,25.219553]},"properties":{"supply_id":"new_taipei-onstreet-129687","city":"new_taipei","district":"金山區","display_name":"中興路 車格 129687","address":"中興路","facility_kind":"onstreet","symbol_text":null,"type_reference":"路邊停車格","type_confidence":0.6,"price_raw":null,"price_value":null,"capacity_total":1,"available_total":null,"occupied_total":null,"status_label":"不可用","data_time":"2026-05-02 15:53:29+08:00","city_label":"新北市","facility_kind_label":"路邊車格","available_rate":null,"occupancy_rate":null,"price_tier":"unknown","price_tier_label":"價格未知"}},{"type":"Feature","geometry":{"type":"Point","coordinates":[121.64314,25.221717]},"properties":{"supply_id":"new_taipei-onstreet-88414","city":"new_taipei","district":"金山區","display_name":"磺港路 車格 88414","address":"磺港路","facility_kind":"onstreet","symbol_text":null,"type_reference":"路邊停車格","type_confidence":0.6,"price_raw":null,"price_value":null,"capacity_total":1,"available_total":1,"occupied_total":0,"status_label":"空位","data_time":"2026-05-02 15:53:29+08:00","city_label":"新北市","facility_kind_label":"路邊車格","available_rate":1,"occupancy_rate":0,"price_tier":"unknown","price_tier_label":"價格未知"}},{"type":"Feature","geometry":{"type":"Point","coordinates":[121.636358,25.21966]},"properties":{"supply_id":"new_taipei-onstreet-141370","city":"new_taipei","district":"金山區","display_name":"仁愛路 車格 141370","address":"仁愛路","facility_kind":"onstreet","symbol_text":null,"type_reference":"路邊停車格","type_confidence":0.6,"price_raw":null,"price_value":null,"capacity_total":1,"available_total":null,"occupied_total":null,"status_label":"狀態未知","data_time":"2026-05-02 15:53:29+08:00","city_label":"新北市","facility_kind_label":"路邊車格","available_rate":null,"occupancy_rate":null,"price_tier":"unknown","price_tier_label":"價格未知"}},{"type":"Feature","geometry":{"type":"Point","coordinates":[121.636323,25.219698]},"properties":{"supply_id":"new_taipei-onstreet-141368","city":"new_taipei","district":"金山區","display_name":"仁愛路 車格 141368","address":"仁愛路","facility_kind":"onstreet","symbol_text":null,"type_reference":"路邊停車格","type_confidence":0.6,"price_raw":null,"price_value":null,"capacity_total":1,"available_total":null,"occupied_total":null,"status_label":"狀態未知","data_time":"2026-05-02 15:53:29+08:00","city_label":"新北市","facility_kind_label":"路邊車格","available_rate":null,"occupancy_rate":null,"price_tier":"unknown","price_tier_label":"價格未知"}},{"type":"Feature","geometry":{"type":"Point","coordinates":[121.643097,25.221687]},"properties":{"supply_id":"new_taipei-onstreet-88415","city":"new_taipei","district":"金山區","display_name":"磺港路 車格 88415","address":"磺港路","facility_kind":"onstreet","symbol_text":null,"type_reference":"路邊停車格","type_confidence":0.6,"price_raw":null,"price_value":null,"capacity_total":1,"available_total":1,"occupied_total":0,"status_label":"空位","data_time":"2026-05-02 15:53:29+08:00","city_label":"新北市","facility_kind_label":"路邊車格","available_rate":1,"occupancy_rate":0,"price_tier":"unknown","price_tier_label":"價格未知"}},{"type":"Feature","geometry":{"type":"Point","coordinates":[121.641922,25.219607]},"properties":{"supply_id":"new_taipei-onstreet-129686","city":"new_taipei","district":"金山區","display_name":"中興路 車格 129686","address":"中興路","facility_kind":"onstreet","symbol_text":null,"type_reference":"路邊停車格","type_confidence":0.6,"price_raw":null,"price_value":null,"capacity_total":1,"available_total":null,"occupied_total":null,"status_label":"不可用","data_time":"2026-05-02 15:53:29+08:00","city_label":"新北市","facility_kind_label":"路邊車格","available_rate":null,"occupancy_rate":null,"price_tier":"unknown","price_tier_label":"價格未知"}},{"type":"Feature","geometry":{"type":"Point","coordinates":[121.63728,25.22062]},"properties":{"supply_id":"new_taipei-onstreet-146997","city":"new_taipei","district":"金山區","display_name":"忠孝一路 車格 146997","address":"忠孝一路","facility_kind":"onstreet","symbol_text":null,"type_reference":"路邊停車格","type_confidence":0.6,"price_raw":null,"price_value":null,"capacity_total":1,"available_total":null,"occupied_total":null,"status_label":"狀態未知","data_time":"2026-05-02 15:53:29+08:00","city_label":"新北市","facility_kind_label":"路邊車格","available_rate":null,"occupancy_rate":null,"price_tier":"unknown","price_tier_label":"價格未知"}},{"type":"Feature","geometry":{"type":"Point","coordinates":[121.636288,25.219737]},"properties":{"supply_id":"new_taipei-onstreet-141367","city":"new_taipei","district":"金山區","display_name":"仁愛路 車格 141367","address":"仁愛路","facility_kind":"onstreet","symbol_text":null,"type_reference":"路邊停車格","type_confidence":0.6,"price_raw":null,"price_value":null,"capacity_total":1,"available_total":null,"occupied_total":null,"status_label":"狀態未知","data_time":"2026-05-02 15:53:29+08:00","city_label":"新北市","facility_kind_label":"路邊車格","available_rate":null,"occupancy_rate":null,"price_tier":"unknown","price_tier_label":"價格未知"}},{"type":"Feature","geometry":{"type":"Point","coordinates":[121.637355,25.220547]},"properties":{"supply_id":"new_taipei-onstreet-151443","city":"new_taipei","district":"金山區","display_name":"忠孝一路 車格 151443","address":"忠孝一路","facility_kind":"onstreet","symbol_text":null,"type_reference":"路邊停車格","type_confidence":0.6,"price_raw":null,"price_value":null,"capacity_total":1,"available_total":null,"occupied_total":null,"status_label":"狀態未知","data_time":"2026-05-02 15:53:29+08:00","city_label":"新北市","facility_kind_label":"路邊車格","available_rate":null,"occupancy_rate":null,"price_tier":"unknown","price_tier_label":"價格未知"}},{"type":"Feature","geometry":{"type":"Point","coordinates":[121.641927,25.219661]},"properties":{"supply_id":"new_taipei-onstreet-129688","city":"new_taipei","district":"金山區","display_name":"中興路 車格 129688","address":"中興路","facility_kind":"onstreet","symbol_text":null,"type_reference":"路邊停車格","type_confidence":0.6,"price_raw":null,"price_value":null,"capacity_total":1,"available_total":null,"occupied_total":null,"status_label":"不可用","data_time":"2026-05-02 15:53:29+08:00","city_label":"新北市","facility_kind_label":"路邊車格","available_rate":null,"occupancy_rate":null,"price_tier":"unknown","price_tier_label":"價格未知"}},{"type":"Feature","geometry":{"type":"Point","coordinates":[121.636253,25.219775]},"properties":{"supply_id":"new_taipei-onstreet-141366","city":"new_taipei","district":"金山區","display_name":"仁愛路 車格 141366","address":"仁愛路","facility_kind":"onstreet","symbol_text":null,"type_reference":"路邊停車格","type_confidence":0.6,"price_raw":null,"price_value":null,"capacity_total":1,"available_total":null,"occupied_total":null,"status_label":"狀態未知","data_time":"2026-05-02 15:53:29+08:00","city_label":"新北市","facility_kind_label":"路邊車格","available_rate":null,"occupancy_rate":null,"price_tier":"unknown","price_tier_label":"價格未知"}},{"type":"Feature","geometry":{"type":"Point","coordinates":[121.637318,25.220584]},"properties":{"supply_id":"new_taipei-onstreet-151442","city":"new_taipei","district":"金山區","display_name":"忠孝一路 車格 151442","address":"忠孝一路","facility_kind":"onstreet","symbol_text":null,"type_reference":"路邊停車格","type_confidence":0.6,"price_raw":null,"price_value":null,"capacity_total":1,"available_total":null,"occupied_total":null,"status_label":"狀態未知","data_time":"2026-05-02 15:53:29+08:00","city_label":"新北市","facility_kind_label":"路邊車格","available_rate":null,"occupancy_rate":null,"price_tier":"unknown","price_tier_label":"價格未知"}},{"type":"Feature","geometry":{"type":"Point","coordinates":[121.641932,25.219725]},"properties":{"supply_id":"new_taipei-onstreet-129690","city":"new_taipei","district":"金山區","display_name":"中興路 車格 129690","address":"中興路","facility_kind":"onstreet","symbol_text":null,"type_reference":"路邊停車格","type_confidence":0.6,"price_raw":null,"price_value":null,"capacity_total":1,"available_total":null,"occupied_total":null,"status_label":"不可用","data_time":"2026-05-02 15:53:29+08:00","city_label":"新北市","facility_kind_label":"路邊車格","available_rate":null,"occupancy_rate":null,"price_tier":"unknown","price_tier_label":"價格未知"}},{"type":"Feature","geometry":{"type":"Point","coordinates":[121.637634,25.220253]},"properties":{"supply_id":"new_taipei-onstreet-103339","city":"new_taipei","district":"金山區","display_name":"忠孝一路 車格 103339","address":"忠孝一路","facility_kind":"onstreet","symbol_text":null,"type_reference":"路邊停車格","type_confidence":0.6,"price_raw":null,"price_value":null,"capacity_total":1,"available_total":null,"occupied_total":null,"status_label":"狀態未知","data_time":"2026-05-02 15:53:29+08:00","city_label":"新北市","facility_kind_label":"路邊車格","available_rate":null,"occupancy_rate":null,"price_tier":"unknown","price_tier_label":"價格未知"}},{"type":"Feature","geometry":{"type":"Point","coordinates":[121.636218,25.219813]},"properties":{"supply_id":"new_taipei-onstreet-141365","city":"new_taipei","district":"金山區","display_name":"仁愛路 車格 141365","address":"仁愛路","facility_kind":"onstreet","symbol_text":null,"type_reference":"路邊停車格","type_confidence":0.6,"price_raw":null,"price_value":null,"capacity_total":1,"available_total":null,"occupied_total":null,"status_label":"狀態未知","data_time":"2026-05-02 15:53:29+08:00","city_label":"新北市","facility_kind_label":"路邊車格","available_rate":null,"occupancy_rate":null,"price_tier":"unknown","price_tier_label":"價格未知"}},{"type":"Feature","geometry":{"type":"Point","coordinates":[121.636109,25.219932]},"properties":{"supply_id":"new_taipei-onstreet-141363","city":"new_taipei","district":"金山區","display_name":"仁愛路 車格 141363","address":"仁愛路","facility_kind":"onstreet","symbol_text":null,"type_reference":"路邊停車格","type_confidence":0.6,"price_raw":null,"price_value":null,"capacity_total":1,"available_total":null,"occupied_total":null,"status_label":"狀態未知","data_time":"2026-05-02 15:53:29+08:00","city_label":"新北市","facility_kind_label":"路邊車格","available_rate":null,"occupancy_rate":null,"price_tier":"unknown","price_tier_label":"價格未知"}},{"type":"Feature","geometry":{"type":"Point","coordinates":[121.637784,25.220099]},"properties":{"supply_id":"new_taipei-onstreet-103343","city":"new_taipei","district":"金山區","display_name":"忠孝一路 車格 103343","address":"忠孝一路","facility_kind":"onstreet","symbol_text":null,"type_reference":"路邊停車格","type_confidence":0.6,"price_raw":null,"price_value":null,"capacity_total":1,"available_total":null,"occupied_total":null,"status_label":"狀態未知","data_time":"2026-05-02 15:53:29+08:00","city_label":"新北市","facility_kind_label":"路邊車格","available_rate":null,"occupancy_rate":null,"price_tier":"unknown","price_tier_label":"價格未知"}},{"type":"Feature","geometry":{"type":"Point","coordinates":[121.641942,25.219833]},"properties":{"supply_id":"new_taipei-onstreet-129691","city":"new_taipei","district":"金山區","display_name":"中興路 車格 129691","address":"中興路","facility_kind":"onstreet","symbol_text":null,"type_reference":"路邊停車格","type_confidence":0.6,"price_raw":null,"price_value":null,"capacity_total":1,"available_total":null,"occupied_total":null,"status_label":"不可用","data_time":"2026-05-02 15:53:29+08:00","city_label":"新北市","facility_kind_label":"路邊車格","available_rate":null,"occupancy_rate":null,"price_tier":"unknown","price_tier_label":"價格未知"}},{"type":"Feature","geometry":{"type":"Point","coordinates":[121.636073,25.21997]},"properties":{"supply_id":"new_taipei-onstreet-141362","city":"new_taipei","district":"金山區","display_name":"仁愛路 車格 141362","address":"仁愛路","facility_kind":"onstreet","symbol_text":null,"type_reference":"路邊停車格","type_confidence":0.6,"price_raw":null,"price_value":null,"capacity_total":1,"available_total":null,"occupied_total":null,"status_label":"狀態未知","data_time":"2026-05-02 15:53:29+08:00","city_label":"新北市","facility_kind_label":"路邊車格","available_rate":null,"occupancy_rate":null,"price_tier":"unknown","price_tier_label":"價格未知"}},{"type":"Feature","geometry":{"type":"Point","coordinates":[121.641937,25.219779]},"properties":{"supply_id":"new_taipei-onstreet-129689","city":"new_taipei","district":"金山區","display_name":"中興路 車格 129689","address":"中興路","facility_kind":"onstreet","symbol_text":null,"type_reference":"路邊停車格","type_confidence":0.6,"price_raw":null,"price_value":null,"capacity_total":1,"available_total":null,"occupied_total":null,"status_label":"不可用","data_time":"2026-05-02 15:53:29+08:00","city_label":"新北市","facility_kind_label":"路邊車格","available_rate":null,"occupancy_rate":null,"price_tier":"unknown","price_tier_label":"價格未知"}},{"type":"Feature","geometry":{"type":"Point","coordinates":[121.641811,25.219781]},"properties":{"supply_id":"new_taipei-onstreet-24692","city":"new_taipei","district":"金山區","display_name":"中興路 車格 24692","address":"中興路","facility_kind":"onstreet","symbol_text":null,"type_reference":"路邊停車格","type_confidence":0.6,"price_raw":null,"price_value":null,"capacity_total":1,"available_total":1,"occupied_total":0,"status_label":"空位","data_time":"2026-05-02 15:53:29+08:00","city_label":"新北市","facility_kind_label":"路邊車格","available_rate":1,"occupancy_rate":0,"price_tier":"unknown","price_tier_label":"價格未知"}},{"type":"Feature","geometry":{"type":"Point","coordinates":[121.635816,25.220246]},"properties":{"supply_id":"new_taipei-onstreet-103208","city":"new_taipei","district":"金山區","display_name":"仁愛路 車格 103208","address":"仁愛路","facility_kind":"onstreet","symbol_text":null,"type_reference":"路邊停車格","type_confidence":0.6,"price_raw":null,"price_value":null,"capacity_total":1,"available_total":null,"occupied_total":null,"status_label":"狀態未知","data_time":"2026-05-02 15:53:29+08:00","city_label":"新北市","facility_kind_label":"路邊車格","available_rate":null,"occupancy_rate":null,"price_tier":"unknown","price_tier_label":"價格未知"}},{"type":"Feature","geometry":{"type":"Point","coordinates":[121.637747,25.220138]},"properties":{"supply_id":"new_taipei-onstreet-103342","city":"new_taipei","district":"金山區","display_name":"忠孝一路 車格 103342","address":"忠孝一路","facility_kind":"onstreet","symbol_text":null,"type_reference":"路邊停車格","type_confidence":0.6,"price_raw":null,"price_value":null,"capacity_total":1,"available_total":null,"occupied_total":null,"status_label":"狀態未知","data_time":"2026-05-02 15:53:29+08:00","city_label":"新北市","facility_kind_label":"路邊車格","available_rate":null,"occupancy_rate":null,"price_tier":"unknown","price_tier_label":"價格未知"}},{"type":"Feature","geometry":{"type":"Point","coordinates":[121.637822,25.220061]},"properties":{"supply_id":"new_taipei-onstreet-103442","city":"new_taipei","district":"金山區","display_name":"忠孝一路 車格 103442","address":"忠孝一路","facility_kind":"onstreet","symbol_text":null,"type_reference":"路邊停車格","type_confidence":0.6,"price_raw":null,"price_value":null,"capacity_total":1,"available_total":null,"occupied_total":null,"status_label":"狀態未知","data_time":"2026-05-02 15:53:29+08:00","city_label":"新北市","facility_kind_label":"路邊車格","available_rate":null,"occupancy_rate":null,"price_tier":"unknown","price_tier_label":"價格未知"}},{"type":"Feature","geometry":{"type":"Point","coordinates":[121.637861,25.220023]},"properties":{"supply_id":"new_taipei-onstreet-103443","city":"new_taipei","district":"金山區","display_name":"忠孝一路 車格 103443","address":"忠孝一路","facility_kind":"onstreet","symbol_text":null,"type_reference":"路邊停車格","type_confidence":0.6,"price_raw":null,"price_value":null,"capacity_total":1,"available_total":null,"occupied_total":null,"status_label":"狀態未知","data_time":"2026-05-02 15:53:29+08:00","city_label":"新北市","facility_kind_label":"路邊車格","available_rate":null,"occupancy_rate":null,"price_tier":"unknown","price_tier_label":"價格未知"}},{"type":"Feature","geometry":{"type":"Point","coordinates":[121.6418,25.219646]},"properties":{"supply_id":"new_taipei-onstreet-24693","city":"new_taipei","district":"金山區","display_name":"中興路 車格 24693","address":"中興路","facility_kind":"onstreet","symbol_text":null,"type_reference":"路邊停車格","type_confidence":0.6,"price_raw":null,"price_value":null,"capacity_total":1,"available_total":1,"occupied_total":0,"status_label":"空位","data_time":"2026-05-02 15:53:29+08:00","city_label":"新北市","facility_kind_label":"路邊車格","available_rate":1,"occupancy_rate":0,"price_tier":"unknown","price_tier_label":"價格未知"}},{"type":"Feature","geometry":{"type":"Point","coordinates":[121.635743,25.220324]},"properties":{"supply_id":"new_taipei-onstreet-103206","city":"new_taipei","district":"金山區","display_name":"仁愛路 車格 103206","address":"仁愛路","facility_kind":"onstreet","symbol_text":null,"type_reference":"路邊停車格","type_confidence":0.6,"price_raw":null,"price_value":null,"capacity_total":1,"available_total":null,"occupied_total":null,"status_label":"狀態未知","data_time":"2026-05-02 15:53:29+08:00","city_label":"新北市","facility_kind_label":"路邊車格","available_rate":null,"occupancy_rate":null,"price_tier":"unknown","price_tier_label":"價格未知"}},{"type":"Feature","geometry":{"type":"Point","coordinates":[121.637899,25.219986]},"properties":{"supply_id":"new_taipei-onstreet-103444","city":"new_taipei","district":"金山區","display_name":"忠孝一路 車格 103444","address":"忠孝一路","facility_kind":"onstreet","symbol_text":null,"type_reference":"路邊停車格","type_confidence":0.6,"price_raw":null,"price_value":null,"capacity_total":1,"available_total":null,"occupied_total":null,"status_label":"狀態未知","data_time":"2026-05-02 15:53:29+08:00","city_label":"新北市","facility_kind_label":"路邊車格","available_rate":null,"occupancy_rate":null,"price_tier":"unknown","price_tier_label":"價格未知"}},{"type":"Feature","geometry":{"type":"Point","coordinates":[121.637938,25.219948]},"properties":{"supply_id":"new_taipei-onstreet-103439","city":"new_taipei","district":"金山區","display_name":"忠孝一路 車格 103439","address":"忠孝一路","facility_kind":"onstreet","symbol_text":null,"type_reference":"路邊停車格","type_confidence":0.6,"price_raw":null,"price_value":null,"capacity_total":1,"available_total":null,"occupied_total":null,"status_label":"狀態未知","data_time":"2026-05-02 15:53:29+08:00","city_label":"新北市","facility_kind_label":"路邊車格","available_rate":null,"occupancy_rate":null,"price_tier":"unknown","price_tier_label":"價格未知"}},{"type":"Feature","geometry":{"type":"Point","coordinates":[121.64175,25.219109]},"properties":{"supply_id":"new_taipei-onstreet-129685","city":"new_taipei","district":"金山區","display_name":"中興路 車格 129685","address":"中興路","facility_kind":"onstreet","symbol_text":null,"type_reference":"路邊停車格","type_confidence":0.6,"price_raw":null,"price_value":null,"capacity_total":1,"available_total":1,"occupied_total":0,"status_label":"空位","data_time":"2026-05-02 15:53:29+08:00","city_label":"新北市","facility_kind_label":"路邊車格","available_rate":1,"occupancy_rate":0,"price_tier":"unknown","price_tier_label":"價格未知"}},{"type":"Feature","geometry":{"type":"Point","coordinates":[121.635779,25.220285]},"properties":{"supply_id":"new_taipei-onstreet-103207","city":"new_taipei","district":"金山區","display_name":"仁愛路 車格 103207","address":"仁愛路","facility_kind":"onstreet","symbol_text":null,"type_reference":"路邊停車格","type_confidence":0.6,"price_raw":null,"price_value":null,"capacity_total":1,"available_total":null,"occupied_total":null,"status_label":"狀態未知","data_time":"2026-05-02 15:53:29+08:00","city_label":"新北市","facility_kind_label":"路邊車格","available_rate":null,"occupancy_rate":null,"price_tier":"unknown","price_tier_label":"價格未知"}},{"type":"Feature","geometry":{"type":"Point","coordinates":[121.635706,25.220363]},"properties":{"supply_id":"new_taipei-onstreet-103205","city":"new_taipei","district":"金山區","display_name":"仁愛路 車格 103205","address":"仁愛路","facility_kind":"onstreet","symbol_text":null,"type_reference":"路邊停車格","type_confidence":0.6,"price_raw":null,"price_value":null,"capacity_total":1,"available_total":null,"occupied_total":null,"status_label":"狀態未知","data_time":"2026-05-02 15:53:29+08:00","city_label":"新北市","facility_kind_label":"路邊車格","available_rate":null,"occupancy_rate":null,"price_tier":"unknown","price_tier_label":"價格未知"}},{"type":"Feature","geometry":{"type":"Point","coordinates":[121.641728,25.218839]},"properties":{"supply_id":"new_taipei-onstreet-129683","city":"new_taipei","district":"金山區","display_name":"中興路 車格 129683","address":"中興路","facility_kind":"onstreet","symbol_text":null,"type_reference":"路邊停車格","type_confidence":0.6,"price_raw":null,"price_value":null,"capacity_total":1,"available_total":0,"occupied_total":1,"status_label":"已停","data_time":"2026-05-02 15:53:29+08:00","city_label":"新北市","facility_kind_label":"路邊車格","available_rate":0,"occupancy_rate":1,"price_tier":"unknown","price_tier_label":"價格未知"}},{"type":"Feature","geometry":{"type":"Point","coordinates":[121.637977,25.21991]},"properties":{"supply_id":"new_taipei-onstreet-103440","city":"new_taipei","district":"金山區","display_name":"忠孝一路 車格 103440","address":"忠孝一路","facility_kind":"onstreet","symbol_text":null,"type_reference":"路邊停車格","type_confidence":0.6,"price_raw":null,"price_value":null,"capacity_total":1,"available_total":null,"occupied_total":null,"status_label":"狀態未知","data_time":"2026-05-02 15:53:29+08:00","city_label":"新北市","facility_kind_label":"路邊車格","available_rate":null,"occupancy_rate":null,"price_tier":"unknown","price_tier_label":"價格未知"}},{"type":"Feature","geometry":{"type":"Point","coordinates":[121.641711,25.218702]},"properties":{"supply_id":"new_taipei-onstreet-88333","city":"new_taipei","district":"金山區","display_name":"中興路 車格 88333","address":"中興路","facility_kind":"onstreet","symbol_text":null,"type_reference":"路邊停車格","type_confidence":0.6,"price_raw":null,"price_value":null,"capacity_total":1,"available_total":1,"occupied_total":0,"status_label":"空位","data_time":"2026-05-02 15:53:29+08:00","city_label":"新北市","facility_kind_label":"路邊車格","available_rate":1,"occupancy_rate":0,"price_tier":"unknown","price_tier_label":"價格未知"}},{"type":"Feature","geometry":{"type":"Point","coordinates":[121.638015,25.219872]},"properties":{"supply_id":"new_taipei-onstreet-103441","city":"new_taipei","district":"金山區","display_name":"忠孝一路 車格 103441","address":"忠孝一路","facility_kind":"onstreet","symbol_text":null,"type_reference":"路邊停車格","type_confidence":0.6,"price_raw":null,"price_value":null,"capacity_total":1,"available_total":null,"occupied_total":null,"status_label":"狀態未知","data_time":"2026-05-02 15:53:29+08:00","city_label":"新北市","facility_kind_label":"路邊車格","available_rate":null,"occupancy_rate":null,"price_tier":"unknown","price_tier_label":"價格未知"}},{"type":"Feature","geometry":{"type":"Point","coordinates":[121.641739,25.218974]},"properties":{"supply_id":"new_taipei-onstreet-129684","city":"new_taipei","district":"金山區","display_name":"中興路 車格 129684","address":"中興路","facility_kind":"onstreet","symbol_text":null,"type_reference":"路邊停車格","type_confidence":0.6,"price_raw":null,"price_value":null,"capacity_total":1,"available_total":1,"occupied_total":0,"status_label":"空位","data_time":"2026-05-02 15:53:29+08:00","city_label":"新北市","facility_kind_label":"路邊車格","available_rate":1,"occupancy_rate":0,"price_tier":"unknown","price_tier_label":"價格未知"}},{"type":"Feature","geometry":{"type":"Point","coordinates":[121.635669,25.220402]},"properties":{"supply_id":"new_taipei-onstreet-103204","city":"new_taipei","district":"金山區","display_name":"仁愛路 車格 103204","address":"仁愛路","facility_kind":"onstreet","symbol_text":null,"type_reference":"路邊停車格","type_confidence":0.6,"price_raw":null,"price_value":null,"capacity_total":1,"available_total":null,"occupied_total":null,"status_label":"狀態未知","data_time":"2026-05-02 15:53:29+08:00","city_label":"新北市","facility_kind_label":"路邊車格","available_rate":null,"occupancy_rate":null,"price_tier":"unknown","price_tier_label":"價格未知"}},{"type":"Feature","geometry":{"type":"Point","coordinates":[121.641702,25.218594]},"properties":{"supply_id":"new_taipei-onstreet-55638","city":"new_taipei","district":"金山區","display_name":"中興路 車格 55638","address":"中興路","facility_kind":"onstreet","symbol_text":null,"type_reference":"路邊停車格","type_confidence":0.6,"price_raw":null,"price_value":null,"capacity_total":1,"available_total":1,"occupied_total":0,"status_label":"空位","data_time":"2026-05-02 15:53:29+08:00","city_label":"新北市","facility_kind_label":"路邊車格","available_rate":1,"occupancy_rate":0,"price_tier":"unknown","price_tier_label":"價格未知"}},{"type":"Feature","geometry":{"type":"Point","coordinates":[121.635595,25.220481]},"properties":{"supply_id":"new_taipei-onstreet-103202","city":"new_taipei","district":"金山區","display_name":"仁愛路 車格 103202","address":"仁愛路","facility_kind":"onstreet","symbol_text":null,"type_reference":"路邊停車格","type_confidence":0.6,"price_raw":null,"price_value":null,"capacity_total":1,"available_total":null,"occupied_total":null,"status_label":"狀態未知","data_time":"2026-05-02 15:53:29+08:00","city_label":"新北市","facility_kind_label":"路邊車格","available_rate":null,"occupancy_rate":null,"price_tier":"unknown","price_tier_label":"價格未知"}},{"type":"Feature","geometry":{"type":"Point","coordinates":[121.635632,25.220442]},"properties":{"supply_id":"new_taipei-onstreet-103203","city":"new_taipei","district":"金山區","display_name":"仁愛路 車格 103203","address":"仁愛路","facility_kind":"onstreet","symbol_text":null,"type_reference":"路邊停車格","type_confidence":0.6,"price_raw":null,"price_value":null,"capacity_total":1,"available_total":null,"occupied_total":null,"status_label":"狀態未知","data_time":"2026-05-02 15:53:29+08:00","city_label":"新北市","facility_kind_label":"路邊車格","available_rate":null,"occupancy_rate":null,"price_tier":"unknown","price_tier_label":"價格未知"}},{"type":"Feature","geometry":{"type":"Point","coordinates":[121.635558,25.22052]},"properties":{"supply_id":"new_taipei-onstreet-103201","city":"new_taipei","district":"金山區","display_name":"仁愛路 車格 103201","address":"仁愛路","facility_kind":"onstreet","symbol_text":null,"type_reference":"路邊停車格","type_confidence":0.6,"price_raw":null,"price_value":null,"capacity_total":1,"available_total":null,"occupied_total":null,"status_label":"狀態未知","data_time":"2026-05-02 15:53:29+08:00","city_label":"新北市","facility_kind_label":"路邊車格","available_rate":null,"occupancy_rate":null,"price_tier":"unknown","price_tier_label":"價格未知"}},{"type":"Feature","geometry":{"type":"Point","coordinates":[121.636031,25.221639]},"properties":{"supply_id":"new_taipei-onstreet-103394","city":"new_taipei","district":"金山區","display_name":"忠孝一路 車格 103394","address":"忠孝一路","facility_kind":"onstreet","symbol_text":null,"type_reference":"路邊停車格","type_confidence":0.6,"price_raw":null,"price_value":null,"capacity_total":1,"available_total":null,"occupied_total":null,"status_label":"狀態未知","data_time":"2026-05-02 15:53:29+08:00","city_label":"新北市","facility_kind_label":"路邊車格","available_rate":null,"occupancy_rate":null,"price_tier":"unknown","price_tier_label":"價格未知"}},{"type":"Feature","geometry":{"type":"Point","coordinates":[121.636074,25.221661]},"properties":{"supply_id":"new_taipei-onstreet-103395","city":"new_taipei","district":"金山區","display_name":"忠孝一路 車格 103395","address":"忠孝一路","facility_kind":"onstreet","symbol_text":null,"type_reference":"路邊停車格","type_confidence":0.6,"price_raw":null,"price_value":null,"capacity_total":1,"available_total":null,"occupied_total":null,"status_label":"狀態未知","data_time":"2026-05-02 15:53:29+08:00","city_label":"新北市","facility_kind_label":"路邊車格","available_rate":null,"occupancy_rate":null,"price_tier":"unknown","price_tier_label":"價格未知"}},{"type":"Feature","geometry":{"type":"Point","coordinates":[121.635944,25.221596]},"properties":{"supply_id":"new_taipei-onstreet-103392","city":"new_taipei","district":"金山區","display_name":"忠孝一路 車格 103392","address":"忠孝一路","facility_kind":"onstreet","symbol_text":null,"type_reference":"路邊停車格","type_confidence":0.6,"price_raw":null,"price_value":null,"capacity_total":1,"available_total":null,"occupied_total":null,"status_label":"狀態未知","data_time":"2026-05-02 15:53:29+08:00","city_label":"新北市","facility_kind_label":"路邊車格","available_rate":null,"occupancy_rate":null,"price_tier":"unknown","price_tier_label":"價格未知"}},{"type":"Feature","geometry":{"type":"Point","coordinates":[121.635987,25.221618]},"properties":{"supply_id":"new_taipei-onstreet-103393","city":"new_taipei","district":"金山區","display_name":"忠孝一路 車格 103393","address":"忠孝一路","facility_kind":"onstreet","symbol_text":null,"type_reference":"路邊停車格","type_confidence":0.6,"price_raw":null,"price_value":null,"capacity_total":1,"available_total":null,"occupied_total":null,"status_label":"狀態未知","data_time":"2026-05-02 15:53:29+08:00","city_label":"新北市","facility_kind_label":"路邊車格","available_rate":null,"occupancy_rate":null,"price_tier":"unknown","price_tier_label":"價格未知"}},{"type":"Feature","geometry":{"type":"Point","coordinates":[121.641707,25.218648]},"properties":{"supply_id":"new_taipei-onstreet-88334","city":"new_taipei","district":"金山區","display_name":"中興路 車格 88334","address":"中興路","facility_kind":"onstreet","symbol_text":null,"type_reference":"路邊停車格","type_confidence":0.6,"price_raw":null,"price_value":null,"capacity_total":1,"available_total":1,"occupied_total":0,"status_label":"空位","data_time":"2026-05-02 15:53:29+08:00","city_label":"新北市","facility_kind_label":"路邊車格","available_rate":1,"occupancy_rate":0,"price_tier":"unknown","price_tier_label":"價格未知"}},{"type":"Feature","geometry":{"type":"Point","coordinates":[121.635485,25.220598]},"properties":{"supply_id":"new_taipei-onstreet-103199","city":"new_taipei","district":"金山區","display_name":"仁愛路 車格 103199","address":"仁愛路","facility_kind":"onstreet","symbol_text":null,"type_reference":"路邊停車格","type_confidence":0.6,"price_raw":null,"price_value":null,"capacity_total":1,"available_total":null,"occupied_total":null,"status_label":"狀態未知","data_time":"2026-05-02 15:53:29+08:00","city_label":"新北市","facility_kind_label":"路邊車格","available_rate":null,"occupancy_rate":null,"price_tier":"unknown","price_tier_label":"價格未知"}},{"type":"Feature","geometry":{"type":"Point","coordinates":[121.635522,25.220559]},"properties":{"supply_id":"new_taipei-onstreet-103200","city":"new_taipei","district":"金山區","display_name":"仁愛路 車格 103200","address":"仁愛路","facility_kind":"onstreet","symbol_text":null,"type_reference":"路邊停車格","type_confidence":0.6,"price_raw":null,"price_value":null,"capacity_total":1,"available_total":null,"occupied_total":null,"status_label":"狀態未知","data_time":"2026-05-02 15:53:29+08:00","city_label":"新北市","facility_kind_label":"路邊車格","available_rate":null,"occupancy_rate":null,"price_tier":"unknown","price_tier_label":"價格未知"}},{"type":"Feature","geometry":{"type":"Point","coordinates":[121.635901,25.221575]},"properties":{"supply_id":"new_taipei-onstreet-103390","city":"new_taipei","district":"金山區","display_name":"忠孝一路 車格 103390","address":"忠孝一路","facility_kind":"onstreet","symbol_text":null,"type_reference":"路邊停車格","type_confidence":0.6,"price_raw":null,"price_value":null,"capacity_total":1,"available_total":null,"occupied_total":null,"status_label":"狀態未知","data_time":"2026-05-02 15:53:29+08:00","city_label":"新北市","facility_kind_label":"路邊車格","available_rate":null,"occupancy_rate":null,"price_tier":"unknown","price_tier_label":"價格未知"}},{"type":"Feature","geometry":{"type":"Point","coordinates":[121.635411,25.220677]},"properties":{"supply_id":"new_taipei-onstreet-103197","city":"new_taipei","district":"金山區","display_name":"仁愛路 車格 103197","address":"仁愛路","facility_kind":"onstreet","symbol_text":null,"type_reference":"路邊停車格","type_confidence":0.6,"price_raw":null,"price_value":null,"capacity_total":1,"available_total":null,"occupied_total":null,"status_label":"狀態未知","data_time":"2026-05-02 15:53:29+08:00","city_label":"新北市","facility_kind_label":"路邊車格","available_rate":null,"occupancy_rate":null,"price_tier":"unknown","price_tier_label":"價格未知"}},{"type":"Feature","geometry":{"type":"Point","coordinates":[121.635338,25.220755]},"properties":{"supply_id":"new_taipei-onstreet-103195","city":"new_taipei","district":"金山區","display_name":"仁愛路 車格 103195","address":"仁愛路","facility_kind":"onstreet","symbol_text":null,"type_reference":"路邊停車格","type_confidence":0.6,"price_raw":null,"price_value":null,"capacity_total":1,"available_total":null,"occupied_total":null,"status_label":"狀態未知","data_time":"2026-05-02 15:53:29+08:00","city_label":"新北市","facility_kind_label":"路邊車格","available_rate":null,"occupancy_rate":null,"price_tier":"unknown","price_tier_label":"價格未知"}},{"type":"Feature","geometry":{"type":"Point","coordinates":[121.635374,25.220716]},"properties":{"supply_id":"new_taipei-onstreet-103196","city":"new_taipei","district":"金山區","display_name":"仁愛路 車格 103196","address":"仁愛路","facility_kind":"onstreet","symbol_text":null,"type_reference":"路邊停車格","type_confidence":0.6,"price_raw":null,"price_value":null,"capacity_total":1,"available_total":null,"occupied_total":null,"status_label":"狀態未知","data_time":"2026-05-02 15:53:29+08:00","city_label":"新北市","facility_kind_label":"路邊車格","available_rate":null,"occupancy_rate":null,"price_tier":"unknown","price_tier_label":"價格未知"}},{"type":"Feature","geometry":{"type":"Point","coordinates":[121.635448,25.220637]},"properties":{"supply_id":"new_taipei-onstreet-103198","city":"new_taipei","district":"金山區","display_name":"仁愛路 車格 103198","address":"仁愛路","facility_kind":"onstreet","symbol_text":null,"type_reference":"路邊停車格","type_confidence":0.6,"price_raw":null,"price_value":null,"capacity_total":1,"available_total":null,"occupied_total":null,"status_label":"狀態未知","data_time":"2026-05-02 15:53:29+08:00","city_label":"新北市","facility_kind_label":"路邊車格","available_rate":null,"occupancy_rate":null,"price_tier":"unknown","price_tier_label":"價格未知"}},{"type":"Feature","geometry":{"type":"Point","coordinates":[121.635301,25.220794]},"properties":{"supply_id":"new_taipei-onstreet-103194","city":"new_taipei","district":"金山區","display_name":"仁愛路 車格 103194","address":"仁愛路","facility_kind":"onstreet","symbol_text":null,"type_reference":"路邊停車格","type_confidence":0.6,"price_raw":null,"price_value":null,"capacity_total":1,"available_total":null,"occupied_total":null,"status_label":"狀態未知","data_time":"2026-05-02 15:53:29+08:00","city_label":"新北市","facility_kind_label":"路邊車格","available_rate":null,"occupancy_rate":null,"price_tier":"unknown","price_tier_label":"價格未知"}},{"type":"Feature","geometry":{"type":"Point","coordinates":[121.635805,25.221526]},"properties":{"supply_id":"new_taipei-onstreet-103386","city":"new_taipei","district":"金山區","display_name":"忠孝一路 車格 103386","address":"忠孝一路","facility_kind":"onstreet","symbol_text":null,"type_reference":"路邊停車格","type_confidence":0.6,"price_raw":null,"price_value":null,"capacity_total":1,"available_total":null,"occupied_total":null,"status_label":"狀態未知","data_time":"2026-05-02 15:53:29+08:00","city_label":"新北市","facility_kind_label":"路邊車格","available_rate":null,"occupancy_rate":null,"price_tier":"unknown","price_tier_label":"價格未知"}},{"type":"Feature","geometry":{"type":"Point","coordinates":[121.635855,25.221551]},"properties":{"supply_id":"new_taipei-onstreet-103387","city":"new_taipei","district":"金山區","display_name":"忠孝一路 車格 103387","address":"忠孝一路","facility_kind":"onstreet","symbol_text":null,"type_reference":"路邊停車格","type_confidence":0.6,"price_raw":null,"price_value":null,"capacity_total":1,"available_total":null,"occupied_total":null,"status_label":"狀態未知","data_time":"2026-05-02 15:53:29+08:00","city_label":"新北市","facility_kind_label":"路邊車格","available_rate":null,"occupancy_rate":null,"price_tier":"unknown","price_tier_label":"價格未知"}},{"type":"Feature","geometry":{"type":"Point","coordinates":[121.635706,25.221476]},"properties":{"supply_id":"new_taipei-onstreet-103384","city":"new_taipei","district":"金山區","display_name":"忠孝一路 車格 103384","address":"忠孝一路","facility_kind":"onstreet","symbol_text":null,"type_reference":"路邊停車格","type_confidence":0.6,"price_raw":null,"price_value":null,"capacity_total":1,"available_total":null,"occupied_total":null,"status_label":"狀態未知","data_time":"2026-05-02 15:53:29+08:00","city_label":"新北市","facility_kind_label":"路邊車格","available_rate":null,"occupancy_rate":null,"price_tier":"unknown","price_tier_label":"價格未知"}},{"type":"Feature","geometry":{"type":"Point","coordinates":[121.635657,25.22145]},"properties":{"supply_id":"new_taipei-onstreet-103388","city":"new_taipei","district":"金山區","display_name":"忠孝一路 車格 103388","address":"忠孝一路","facility_kind":"onstreet","symbol_text":null,"type_reference":"路邊停車格","type_confidence":0.6,"price_raw":null,"price_value":null,"capacity_total":1,"available_total":null,"occupied_total":null,"status_label":"狀態未知","data_time":"2026-05-02 15:53:29+08:00","city_label":"新北市","facility_kind_label":"路邊車格","available_rate":null,"occupancy_rate":null,"price_tier":"unknown","price_tier_label":"價格未知"}},{"type":"Feature","geometry":{"type":"Point","coordinates":[121.635756,25.221501]},"properties":{"supply_id":"new_taipei-onstreet-103385","city":"new_taipei","district":"金山區","display_name":"忠孝一路 車格 103385","address":"忠孝一路","facility_kind":"onstreet","symbol_text":null,"type_reference":"路邊停車格","type_confidence":0.6,"price_raw":null,"price_value":null,"capacity_total":1,"available_total":null,"occupied_total":null,"status_label":"狀態未知","data_time":"2026-05-02 15:53:29+08:00","city_label":"新北市","facility_kind_label":"路邊車格","available_rate":null,"occupancy_rate":null,"price_tier":"unknown","price_tier_label":"價格未知"}},{"type":"Feature","geometry":{"type":"Point","coordinates":[121.635433,25.221333]},"properties":{"supply_id":"new_taipei-onstreet-145323","city":"new_taipei","district":"金山區","display_name":"忠孝一路 車格 145323","address":"忠孝一路","facility_kind":"onstreet","symbol_text":null,"type_reference":"路邊停車格","type_confidence":0.6,"price_raw":null,"price_value":null,"capacity_total":1,"available_total":null,"occupied_total":null,"status_label":"狀態未知","data_time":"2026-05-02 15:53:29+08:00","city_label":"新北市","facility_kind_label":"路邊車格","available_rate":null,"occupancy_rate":null,"price_tier":"unknown","price_tier_label":"價格未知"}},{"type":"Feature","geometry":{"type":"Point","coordinates":[121.637393,25.220511]},"properties":{"supply_id":"new_taipei-onstreet-158793","city":"new_taipei","district":"金山區","display_name":"忠孝一路 車格 158793","address":"忠孝一路","facility_kind":"onstreet","symbol_text":null,"type_reference":"路邊停車格","type_confidence":0.6,"price_raw":null,"price_value":null,"capacity_total":1,"available_total":null,"occupied_total":null,"status_label":"狀態未知","data_time":"2026-05-02 15:53:29+08:00","city_label":"新北市","facility_kind_label":"路邊車格","available_rate":null,"occupancy_rate":null,"price_tier":"unknown","price_tier_label":"價格未知"}},{"type":"Feature","geometry":{"type":"Point","coordinates":[121.635385,25.221309]},"properties":{"supply_id":"new_taipei-onstreet-145322","city":"new_taipei","district":"金山區","display_name":"忠孝一路 車格 145322","address":"忠孝一路","facility_kind":"onstreet","symbol_text":null,"type_reference":"路邊停車格","type_confidence":0.6,"price_raw":null,"price_value":null,"capacity_total":1,"available_total":null,"occupied_total":null,"status_label":"狀態未知","data_time":"2026-05-02 15:53:29+08:00","city_label":"新北市","facility_kind_label":"路邊車格","available_rate":null,"occupancy_rate":null,"price_tier":"unknown","price_tier_label":"價格未知"}},{"type":"Feature","geometry":{"type":"Point","coordinates":[121.635154,25.220951]},"properties":{"supply_id":"new_taipei-onstreet-103189","city":"new_taipei","district":"金山區","display_name":"仁愛路 車格 103189","address":"仁愛路","facility_kind":"onstreet","symbol_text":null,"type_reference":"路邊停車格","type_confidence":0.6,"price_raw":null,"price_value":null,"capacity_total":1,"available_total":null,"occupied_total":null,"status_label":"狀態未知","data_time":"2026-05-02 15:53:29+08:00","city_label":"新北市","facility_kind_label":"路邊車格","available_rate":null,"occupancy_rate":null,"price_tier":"unknown","price_tier_label":"價格未知"}},{"type":"Feature","geometry":{"type":"Point","coordinates":[121.635264,25.220833]},"properties":{"supply_id":"new_taipei-onstreet-103193","city":"new_taipei","district":"金山區","display_name":"仁愛路 車格 103193","address":"仁愛路","facility_kind":"onstreet","symbol_text":null,"type_reference":"路邊停車格","type_confidence":0.6,"price_raw":null,"price_value":null,"capacity_total":1,"available_total":null,"occupied_total":null,"status_label":"狀態未知","data_time":"2026-05-02 15:53:29+08:00","city_label":"新北市","facility_kind_label":"路邊車格","available_rate":null,"occupancy_rate":null,"price_tier":"unknown","price_tier_label":"價格未知"}},{"type":"Feature","geometry":{"type":"Point","coordinates":[121.63743,25.220475]},"properties":{"supply_id":"new_taipei-onstreet-158794","city":"new_taipei","district":"金山區","display_name":"忠孝一路 車格 158794","address":"忠孝一路","facility_kind":"onstreet","symbol_text":null,"type_reference":"路邊停車格","type_confidence":0.6,"price_raw":null,"price_value":null,"capacity_total":1,"available_total":null,"occupied_total":null,"status_label":"狀態未知","data_time":"2026-05-02 15:53:29+08:00","city_label":"新北市","facility_kind_label":"路邊車格","available_rate":null,"occupancy_rate":null,"price_tier":"unknown","price_tier_label":"價格未知"}},{"type":"Feature","geometry":{"type":"Point","coordinates":[121.63519,25.220912]},"properties":{"supply_id":"new_taipei-onstreet-103191","city":"new_taipei","district":"金山區","display_name":"仁愛路 車格 103191","address":"仁愛路","facility_kind":"onstreet","symbol_text":null,"type_reference":"路邊停車格","type_confidence":0.6,"price_raw":null,"price_value":null,"capacity_total":1,"available_total":null,"occupied_total":null,"status_label":"狀態未知","data_time":"2026-05-02 15:53:29+08:00","city_label":"新北市","facility_kind_label":"路邊車格","available_rate":null,"occupancy_rate":null,"price_tier":"unknown","price_tier_label":"價格未知"}},{"type":"Feature","geometry":{"type":"Point","coordinates":[121.635227,25.220872]},"properties":{"supply_id":"new_taipei-onstreet-103192","city":"new_taipei","district":"金山區","display_name":"仁愛路 車格 103192","address":"仁愛路","facility_kind":"onstreet","symbol_text":null,"type_reference":"路邊停車格","type_confidence":0.6,"price_raw":null,"price_value":null,"capacity_total":1,"available_total":null,"occupied_total":null,"status_label":"狀態未知","data_time":"2026-05-02 15:53:29+08:00","city_label":"新北市","facility_kind_label":"路邊車格","available_rate":null,"occupancy_rate":null,"price_tier":"unknown","price_tier_label":"價格未知"}}]}