{"type":"FeatureCollection","features":[{"type":"Feature","geometry":{"type":"Point","coordinates":[121.42689867426047,25.044712953684538]},"properties":{"supply_id":"new_taipei-parking-160012","city":"new_taipei","district":"泰山區","display_name":"泰山區明志國民小學地下停車場","address":"新北市泰山區新生路2號/綜合大樓B2","facility_kind":"public_parking","symbol_text":"S","type_reference":"一般停車場","type_confidence":1,"price_raw":"小型車月租2000元;機車免費;","price_value":2000,"capacity_total":31,"available_total":null,"occupied_total":null,"status_label":"狀態未知","data_time":"2026-05-03 06:08:01.942681+08:00","city_label":"新北市","facility_kind_label":"停車場","available_rate":null,"occupancy_rate":null,"price_tier":"premium","price_tier_label":"極高價"}},{"type":"Feature","geometry":{"type":"Point","coordinates":[121.42794152921313,25.051363708635808]},"properties":{"supply_id":"new_taipei-parking-160019","city":"new_taipei","district":"泰山區","display_name":"武泰臻和停車場","address":"新北市泰山區明志路2段125號B3","facility_kind":"public_parking","symbol_text":"S","type_reference":"一般停車場","type_confidence":1,"price_raw":"小型車計時30元;小型車月租3000元;","price_value":3000,"capacity_total":47,"available_total":null,"occupied_total":null,"status_label":"狀態未知","data_time":"2026-05-03 06:08:01.942681+08:00","city_label":"新北市","facility_kind_label":"停車場","available_rate":null,"occupancy_rate":null,"price_tier":"premium","price_tier_label":"極高價"}},{"type":"Feature","geometry":{"type":"Point","coordinates":[121.43428973770247,25.056238541090558]},"properties":{"supply_id":"new_taipei-parking-160005","city":"new_taipei","district":"泰山區","display_name":"泰山公有市場地下停車場","address":"新北市泰山區全興路212號B1、B2","facility_kind":"public_parking","symbol_text":"S","type_reference":"一般停車場","type_confidence":1,"price_raw":"小型車計時20元;小型車月租3500元;身障車月租1750元;小型車月租2500元;機車免費;","price_value":3500,"capacity_total":128,"available_total":null,"occupied_total":null,"status_label":"狀態未知","data_time":"2026-05-03 06:08:01.942681+08:00","city_label":"新北市","facility_kind_label":"停車場","available_rate":null,"occupancy_rate":null,"price_tier":"premium","price_tier_label":"極高價"}},{"type":"Feature","geometry":{"type":"Point","coordinates":[121.42714893515667,25.04915409087367]},"properties":{"supply_id":"new_taipei-parking-160002","city":"new_taipei","district":"泰山區","display_name":"義學立體停車場","address":"新北市泰山區明志路2段188號","facility_kind":"public_parking","symbol_text":"S","type_reference":"一般停車場","type_confidence":1,"price_raw":"小型車計時20元;小型車月租2300元;身障車月租1650元;重型機車計時20元;重型機車月租1500元;","price_value":2300,"capacity_total":555,"available_total":null,"occupied_total":null,"status_label":"狀態未知","data_time":"2026-05-03 06:08:01.942681+08:00","city_label":"新北市","facility_kind_label":"停車場","available_rate":null,"occupancy_rate":null,"price_tier":"premium","price_tier_label":"極高價"}},{"type":"Feature","geometry":{"type":"Point","coordinates":[121.4349773165461,25.058692184333253]},"properties":{"supply_id":"new_taipei-parking-160024","city":"new_taipei","district":"泰山區","display_name":"嘟嘟房泰山泰林站停車場","address":"新北市泰山區泰林路2段66號旁空地","facility_kind":"public_parking","symbol_text":"S","type_reference":"一般停車場","type_confidence":1,"price_raw":"小型車計時50元;小型車月租5000元;","price_value":5000,"capacity_total":73,"available_total":null,"occupied_total":null,"status_label":"狀態未知","data_time":"2026-05-03 06:08:01.942681+08:00","city_label":"新北市","facility_kind_label":"停車場","available_rate":null,"occupancy_rate":null,"price_tier":"premium","price_tier_label":"極高價"}},{"type":"Feature","geometry":{"type":"Point","coordinates":[121.42073972208848,25.030855114164176]},"properties":{"supply_id":"new_taipei-parking-160032","city":"new_taipei","district":"泰山區","display_name":"金璽收費停車場","address":"新北市泰山區明志路3段510號B1/48~63、65~73、80號機車位、B2/117~126、138號及B3/40~54號汽車格位","facility_kind":"public_parking","symbol_text":"S","type_reference":"一般停車場","type_confidence":1,"price_raw":"小型車月租4000元;機車月租500元;","price_value":4000,"capacity_total":26,"available_total":null,"occupied_total":null,"status_label":"狀態未知","data_time":"2026-05-03 06:08:01.942681+08:00","city_label":"新北市","facility_kind_label":"停車場","available_rate":null,"occupancy_rate":null,"price_tier":"premium","price_tier_label":"極高價"}},{"type":"Feature","geometry":{"type":"Point","coordinates":[121.43962739093004,25.05303590202757]},"properties":{"supply_id":"new_taipei-parking-160017","city":"new_taipei","district":"泰山區","display_name":"A5泰山站停車場","address":"新北市泰山區新北大道4段431號","facility_kind":"public_parking","symbol_text":"S","type_reference":"一般停車場","type_confidence":1,"price_raw":"小型車計時30元;小型車月租2000元;身障車月租1000元;機車計次30元;機車月租300元;","price_value":2000,"capacity_total":14,"available_total":null,"occupied_total":null,"status_label":"狀態未知","data_time":"2026-05-03 06:08:01.942681+08:00","city_label":"新北市","facility_kind_label":"停車場","available_rate":null,"occupancy_rate":null,"price_tier":"premium","price_tier_label":"極高價"}},{"type":"Feature","geometry":{"type":"Point","coordinates":[121.4225040800572,25.03332292901507]},"properties":{"supply_id":"new_taipei-parking-160018","city":"new_taipei","district":"泰山區","display_name":"A6泰山貴和站停車場","address":"新北市泰山區新北大道6段460號","facility_kind":"public_parking","symbol_text":"S","type_reference":"一般停車場","type_confidence":1,"price_raw":"小型車計時30元;小型車月租2000元;身障車月租1000元;機車計次30元;機車月租300元;","price_value":2000,"capacity_total":28,"available_total":null,"occupied_total":null,"status_label":"狀態未知","data_time":"2026-05-03 06:08:01.942681+08:00","city_label":"新北市","facility_kind_label":"停車場","available_rate":null,"occupancy_rate":null,"price_tier":"premium","price_tier_label":"極高價"}},{"type":"Feature","geometry":{"type":"Point","coordinates":[121.41628990003936,25.052107336531623]},"properties":{"supply_id":"new_taipei-parking-160045","city":"new_taipei","district":"泰山區","display_name":"泰山區南林段平面停車場","address":"新北市泰山區南林路77號旁","facility_kind":"public_parking","symbol_text":"S","type_reference":"一般停車場","type_confidence":1,"price_raw":"小型車計時20元;小型車月租1800元;身障車月租900元;","price_value":1800,"capacity_total":80,"available_total":null,"occupied_total":null,"status_label":"狀態未知","data_time":"2026-05-03 06:08:01.942681+08:00","city_label":"新北市","facility_kind_label":"停車場","available_rate":null,"occupancy_rate":null,"price_tier":"premium","price_tier_label":"極高價"}},{"type":"Feature","geometry":{"type":"Point","coordinates":[121.43071588732039,25.051171515454424]},"properties":{"supply_id":"new_taipei-parking-160047","city":"new_taipei","district":"泰山區","display_name":"新北市立義學國民中學教學大樓地下停車場","address":"新北市泰山區民生路33號B1/23~27、35~42、76~82、87~94、31~33號車位","facility_kind":"public_parking","symbol_text":"S","type_reference":"一般停車場","type_confidence":1,"price_raw":"小型車月租2500元;小型車月租1800元;","price_value":2500,"capacity_total":30,"available_total":null,"occupied_total":null,"status_label":"狀態未知","data_time":"2026-05-03 06:08:01.942681+08:00","city_label":"新北市","facility_kind_label":"停車場","available_rate":null,"occupancy_rate":null,"price_tier":"premium","price_tier_label":"極高價"}},{"type":"Feature","geometry":{"type":"Point","coordinates":[121.43470138998032,25.058862721359166]},"properties":{"supply_id":"new_taipei-parking-160046","city":"new_taipei","district":"泰山區","display_name":"俊行記停車場","address":"新北市泰山區泰林路2段93巷3號B1","facility_kind":"public_parking","symbol_text":"S","type_reference":"一般停車場","type_confidence":1,"price_raw":"小型車月租6000元;","price_value":6000,"capacity_total":29,"available_total":null,"occupied_total":null,"status_label":"狀態未知","data_time":"2026-05-03 06:08:01.942681+08:00","city_label":"新北市","facility_kind_label":"停車場","available_rate":null,"occupancy_rate":null,"price_tier":"premium","price_tier_label":"極高價"}},{"type":"Feature","geometry":{"type":"Point","coordinates":[121.42923895345169,25.055091301329437]},"properties":{"supply_id":"new_taipei-parking-160048","city":"new_taipei","district":"泰山區","display_name":"同榮492停車場","address":"新北市泰山區明志路1段492巷18號對面","facility_kind":"public_parking","symbol_text":"S","type_reference":"一般停車場","type_confidence":1,"price_raw":"小型車計時20元;小型車月租2700元;","price_value":2700,"capacity_total":122,"available_total":null,"occupied_total":null,"status_label":"狀態未知","data_time":"2026-05-03 06:08:01.942681+08:00","city_label":"新北市","facility_kind_label":"停車場","available_rate":null,"occupancy_rate":null,"price_tier":"premium","price_tier_label":"極高價"}},{"type":"Feature","geometry":{"type":"Point","coordinates":[121.4289940124341,25.0653001339132]},"properties":{"supply_id":"new_taipei-parking-160001","city":"new_taipei","district":"泰山區","display_name":"泰山區山腳平面停車場","address":"新北市泰山區憲訓路與美寧街交會處","facility_kind":"public_parking","symbol_text":"S","type_reference":"一般停車場","type_confidence":1,"price_raw":"小型車計時20元;小型車月租1800元;身障車月租1600元;","price_value":1800,"capacity_total":57,"available_total":null,"occupied_total":null,"status_label":"狀態未知","data_time":"2026-05-03 06:08:01.942681+08:00","city_label":"新北市","facility_kind_label":"停車場","available_rate":null,"occupancy_rate":null,"price_tier":"premium","price_tier_label":"極高價"}},{"type":"Feature","geometry":{"type":"Point","coordinates":[121.43113400387927,25.067000253491372]},"properties":{"supply_id":"new_taipei-parking-160014","city":"new_taipei","district":"泰山區","display_name":"泰山區台貿三村平面停車場","address":"新北市泰山區半山雅路2號前","facility_kind":"public_parking","symbol_text":"S","type_reference":"一般停車場","type_confidence":1,"price_raw":"小型車計時20元;小型車月租2500元;身障車月租1250元;機車計時;","price_value":2500,"capacity_total":113,"available_total":null,"occupied_total":null,"status_label":"狀態未知","data_time":"2026-05-03 06:08:01.942681+08:00","city_label":"新北市","facility_kind_label":"停車場","available_rate":null,"occupancy_rate":null,"price_tier":"premium","price_tier_label":"極高價"}},{"type":"Feature","geometry":{"type":"Point","coordinates":[121.44122499898938,25.045826701322394]},"properties":{"supply_id":"new_taipei-parking-160049","city":"new_taipei","district":"泰山區","display_name":"俥萊信華場停車場","address":"新北市泰山區信華一街453號旁空地","facility_kind":"public_parking","symbol_text":"S","type_reference":"一般停車場","type_confidence":1,"price_raw":"","price_value":null,"capacity_total":20,"available_total":null,"occupied_total":null,"status_label":"狀態未知","data_time":"2026-05-03 06:08:01.942681+08:00","city_label":"新北市","facility_kind_label":"停車場","available_rate":null,"occupancy_rate":null,"price_tier":"unknown","price_tier_label":"價格未知"}},{"type":"Feature","geometry":{"type":"Point","coordinates":[121.41841707313823,25.030289283757586]},"properties":{"supply_id":"new_taipei-parking-160050","city":"new_taipei","district":"泰山區","display_name":"Times泰山壽山路停車場","address":"新北市泰山區壽山路104號旁","facility_kind":"public_parking","symbol_text":"S","type_reference":"一般停車場","type_confidence":1,"price_raw":"小型車計時80元;小型車月租8000元;","price_value":8000,"capacity_total":9,"available_total":null,"occupied_total":null,"status_label":"狀態未知","data_time":"2026-05-03 06:08:01.942681+08:00","city_label":"新北市","facility_kind_label":"停車場","available_rate":null,"occupancy_rate":null,"price_tier":"premium","price_tier_label":"極高價"}},{"type":"Feature","geometry":{"type":"Point","coordinates":[121.42706150833675,25.04537334745515]},"properties":{"supply_id":"new_taipei-parking-160035","city":"new_taipei","district":"泰山區","display_name":"泰山區明志國民小學前庭平面停車場","address":"新北市泰山區新生路2號","facility_kind":"public_parking","symbol_text":"S","type_reference":"一般停車場","type_confidence":1,"price_raw":"小型車計時30元;小型車月租4000元;身障車月租3200元;","price_value":4000,"capacity_total":14,"available_total":null,"occupied_total":null,"status_label":"狀態未知","data_time":"2026-05-03 06:08:01.942681+08:00","city_label":"新北市","facility_kind_label":"停車場","available_rate":null,"occupancy_rate":null,"price_tier":"premium","price_tier_label":"極高價"}},{"type":"Feature","geometry":{"type":"Point","coordinates":[121.4334467202953,25.057486888061085]},"properties":{"supply_id":"new_taipei-parking-160031","city":"new_taipei","district":"泰山區","display_name":"Times泰山全興福興停車場","address":"新北市泰山區全興路與福興街交叉口","facility_kind":"public_parking","symbol_text":"S","type_reference":"一般停車場","type_confidence":1,"price_raw":"小型車計時80元;小型車月租8000元;","price_value":8000,"capacity_total":21,"available_total":null,"occupied_total":null,"status_label":"狀態未知","data_time":"2026-05-03 06:08:01.942681+08:00","city_label":"新北市","facility_kind_label":"停車場","available_rate":null,"occupancy_rate":null,"price_tier":"premium","price_tier_label":"極高價"}},{"type":"Feature","geometry":{"type":"Point","coordinates":[121.4335484660743,25.0568266335737]},"properties":{"supply_id":"new_taipei-parking-160051","city":"new_taipei","district":"泰山區","display_name":"仁星有限公司收費停車場","address":"新北市泰山區全興路192號B1、B2/69~77號車格位","facility_kind":"public_parking","symbol_text":"S","type_reference":"一般停車場","type_confidence":1,"price_raw":"小型車計時60元;","price_value":60,"capacity_total":9,"available_total":null,"occupied_total":null,"status_label":"狀態未知","data_time":"2026-05-03 06:08:01.942681+08:00","city_label":"新北市","facility_kind_label":"停車場","available_rate":null,"occupancy_rate":null,"price_tier":"high","price_tier_label":"高價"}},{"type":"Feature","geometry":{"type":"Point","coordinates":[121.41045515406958,25.04341409397121]},"properties":{"supply_id":"new_taipei-parking-160010","city":"new_taipei","district":"泰山區","display_name":"Times南亞科技停車場","address":"新北市泰山區南林路115號旁","facility_kind":"public_parking","symbol_text":"S","type_reference":"一般停車場","type_confidence":1,"price_raw":"小型車計時30元;","price_value":30,"capacity_total":189,"available_total":null,"occupied_total":null,"status_label":"狀態未知","data_time":"2026-05-03 06:08:01.942681+08:00","city_label":"新北市","facility_kind_label":"停車場","available_rate":null,"occupancy_rate":null,"price_tier":"medium","price_tier_label":"中價"}},{"type":"Feature","geometry":{"type":"Point","coordinates":[121.428566,25.057265]},"properties":{"supply_id":"new_taipei-onstreet-95894","city":"new_taipei","district":"泰山區","display_name":"辭修路 車格 95894","address":"辭修路","facility_kind":"onstreet","symbol_text":null,"type_reference":"路邊停車格","type_confidence":0.6,"price_raw":null,"price_value":null,"capacity_total":1,"available_total":0,"occupied_total":1,"status_label":"已停","data_time":"2026-05-02 15:53:29+08:00","city_label":"新北市","facility_kind_label":"路邊車格","available_rate":0,"occupancy_rate":1,"price_tier":"unknown","price_tier_label":"價格未知"}},{"type":"Feature","geometry":{"type":"Point","coordinates":[121.427875,25.058513]},"properties":{"supply_id":"new_taipei-onstreet-150410","city":"new_taipei","district":"泰山區","display_name":"辭修路36巷8弄 車格 150410","address":"辭修路36巷8弄","facility_kind":"onstreet","symbol_text":null,"type_reference":"路邊停車格","type_confidence":0.6,"price_raw":null,"price_value":null,"capacity_total":1,"available_total":1,"occupied_total":0,"status_label":"空位","data_time":"2026-05-02 15:53:29+08:00","city_label":"新北市","facility_kind_label":"路邊車格","available_rate":1,"occupancy_rate":0,"price_tier":"unknown","price_tier_label":"價格未知"}},{"type":"Feature","geometry":{"type":"Point","coordinates":[121.425041,25.037911]},"properties":{"supply_id":"new_taipei-onstreet-55686","city":"new_taipei","district":"泰山區","display_name":"台麗街 車格 55686","address":"台麗街","facility_kind":"onstreet","symbol_text":null,"type_reference":"路邊停車格","type_confidence":0.6,"price_raw":null,"price_value":null,"capacity_total":1,"available_total":0,"occupied_total":1,"status_label":"已停","data_time":"2026-05-02 15:53:29+08:00","city_label":"新北市","facility_kind_label":"路邊車格","available_rate":0,"occupancy_rate":1,"price_tier":"unknown","price_tier_label":"價格未知"}},{"type":"Feature","geometry":{"type":"Point","coordinates":[121.423199,25.030361]},"properties":{"supply_id":"new_taipei-onstreet-34768","city":"new_taipei","district":"泰山區","display_name":"貴鳳街 車格 34768","address":"貴鳳街","facility_kind":"onstreet","symbol_text":null,"type_reference":"路邊停車格","type_confidence":0.6,"price_raw":null,"price_value":null,"capacity_total":1,"available_total":0,"occupied_total":1,"status_label":"已停","data_time":"2026-05-02 15:53:29+08:00","city_label":"新北市","facility_kind_label":"路邊車格","available_rate":0,"occupancy_rate":1,"price_tier":"unknown","price_tier_label":"價格未知"}},{"type":"Feature","geometry":{"type":"Point","coordinates":[121.43923,25.049294]},"properties":{"supply_id":"new_taipei-onstreet-155380","city":"new_taipei","district":"泰山區","display_name":"莊泰路 車格 155380","address":"莊泰路","facility_kind":"onstreet","symbol_text":null,"type_reference":"路邊停車格","type_confidence":0.6,"price_raw":null,"price_value":null,"capacity_total":1,"available_total":1,"occupied_total":0,"status_label":"空位","data_time":"2026-05-02 15:53:29+08:00","city_label":"新北市","facility_kind_label":"路邊車格","available_rate":1,"occupancy_rate":0,"price_tier":"unknown","price_tier_label":"價格未知"}},{"type":"Feature","geometry":{"type":"Point","coordinates":[121.428569,25.057283]},"properties":{"supply_id":"new_taipei-onstreet-95893","city":"new_taipei","district":"泰山區","display_name":"辭修路 車格 95893","address":"辭修路","facility_kind":"onstreet","symbol_text":null,"type_reference":"路邊停車格","type_confidence":0.6,"price_raw":null,"price_value":null,"capacity_total":1,"available_total":0,"occupied_total":1,"status_label":"已停","data_time":"2026-05-02 15:53:29+08:00","city_label":"新北市","facility_kind_label":"路邊車格","available_rate":0,"occupancy_rate":1,"price_tier":"unknown","price_tier_label":"價格未知"}},{"type":"Feature","geometry":{"type":"Point","coordinates":[121.427894,25.058559]},"properties":{"supply_id":"new_taipei-onstreet-150411","city":"new_taipei","district":"泰山區","display_name":"辭修路36巷8弄 車格 150411","address":"辭修路36巷8弄","facility_kind":"onstreet","symbol_text":null,"type_reference":"路邊停車格","type_confidence":0.6,"price_raw":null,"price_value":null,"capacity_total":1,"available_total":1,"occupied_total":0,"status_label":"空位","data_time":"2026-05-02 15:53:29+08:00","city_label":"新北市","facility_kind_label":"路邊車格","available_rate":1,"occupancy_rate":0,"price_tier":"unknown","price_tier_label":"價格未知"}},{"type":"Feature","geometry":{"type":"Point","coordinates":[121.431896,25.064503]},"properties":{"supply_id":"new_taipei-onstreet-22223","city":"new_taipei","district":"泰山區","display_name":"美寧街 車格 22223","address":"美寧街","facility_kind":"onstreet","symbol_text":null,"type_reference":"路邊停車格","type_confidence":0.6,"price_raw":null,"price_value":null,"capacity_total":1,"available_total":1,"occupied_total":0,"status_label":"空位","data_time":"2026-05-02 15:53:29+08:00","city_label":"新北市","facility_kind_label":"路邊車格","available_rate":1,"occupancy_rate":0,"price_tier":"unknown","price_tier_label":"價格未知"}},{"type":"Feature","geometry":{"type":"Point","coordinates":[121.424133,25.03186]},"properties":{"supply_id":"new_taipei-onstreet-84908","city":"new_taipei","district":"泰山區","display_name":"貴陽街 車格 84908","address":"貴陽街","facility_kind":"onstreet","symbol_text":null,"type_reference":"路邊停車格","type_confidence":0.6,"price_raw":null,"price_value":null,"capacity_total":1,"available_total":0,"occupied_total":1,"status_label":"已停","data_time":"2026-05-02 15:53:29+08:00","city_label":"新北市","facility_kind_label":"路邊車格","available_rate":0,"occupancy_rate":1,"price_tier":"unknown","price_tier_label":"價格未知"}},{"type":"Feature","geometry":{"type":"Point","coordinates":[121.423061,25.035037]},"properties":{"supply_id":"new_taipei-onstreet-121853","city":"new_taipei","district":"泰山區","display_name":"明志路三段341巷5弄 車格 121853","address":"明志路三段341巷5弄","facility_kind":"onstreet","symbol_text":null,"type_reference":"路邊停車格","type_confidence":0.6,"price_raw":null,"price_value":null,"capacity_total":1,"available_total":0,"occupied_total":1,"status_label":"已停","data_time":"2026-05-02 15:53:29+08:00","city_label":"新北市","facility_kind_label":"路邊車格","available_rate":0,"occupancy_rate":1,"price_tier":"unknown","price_tier_label":"價格未知"}},{"type":"Feature","geometry":{"type":"Point","coordinates":[121.42801,25.058372]},"properties":{"supply_id":"new_taipei-onstreet-150405","city":"new_taipei","district":"泰山區","display_name":"辭修路36巷 車格 150405","address":"辭修路36巷","facility_kind":"onstreet","symbol_text":null,"type_reference":"路邊停車格","type_confidence":0.6,"price_raw":null,"price_value":null,"capacity_total":1,"available_total":1,"occupied_total":0,"status_label":"空位","data_time":"2026-05-02 15:53:29+08:00","city_label":"新北市","facility_kind_label":"路邊車格","available_rate":1,"occupancy_rate":0,"price_tier":"unknown","price_tier_label":"價格未知"}},{"type":"Feature","geometry":{"type":"Point","coordinates":[121.420504,25.033108]},"properties":{"supply_id":"new_taipei-onstreet-106284","city":"new_taipei","district":"泰山區","display_name":"明志路三段432巷 車格 106284","address":"明志路三段432巷","facility_kind":"onstreet","symbol_text":null,"type_reference":"路邊停車格","type_confidence":0.6,"price_raw":null,"price_value":null,"capacity_total":1,"available_total":0,"occupied_total":1,"status_label":"已停","data_time":"2026-05-02 15:53:29+08:00","city_label":"新北市","facility_kind_label":"路邊車格","available_rate":0,"occupancy_rate":1,"price_tier":"unknown","price_tier_label":"價格未知"}},{"type":"Feature","geometry":{"type":"Point","coordinates":[121.425098,25.037883]},"properties":{"supply_id":"new_taipei-onstreet-29108","city":"new_taipei","district":"泰山區","display_name":"台麗街 車格 29108","address":"台麗街","facility_kind":"onstreet","symbol_text":null,"type_reference":"路邊停車格","type_confidence":0.6,"price_raw":null,"price_value":null,"capacity_total":1,"available_total":0,"occupied_total":1,"status_label":"已停","data_time":"2026-05-02 15:53:29+08:00","city_label":"新北市","facility_kind_label":"路邊車格","available_rate":0,"occupancy_rate":1,"price_tier":"unknown","price_tier_label":"價格未知"}},{"type":"Feature","geometry":{"type":"Point","coordinates":[121.434583,25.057884]},"properties":{"supply_id":"new_taipei-onstreet-53587","city":"new_taipei","district":"泰山區","display_name":"福興三街 車格 53587","address":"福興三街","facility_kind":"onstreet","symbol_text":null,"type_reference":"路邊停車格","type_confidence":0.6,"price_raw":null,"price_value":null,"capacity_total":1,"available_total":1,"occupied_total":0,"status_label":"空位","data_time":"2026-05-02 15:53:29+08:00","city_label":"新北市","facility_kind_label":"路邊車格","available_rate":1,"occupancy_rate":0,"price_tier":"unknown","price_tier_label":"價格未知"}},{"type":"Feature","geometry":{"type":"Point","coordinates":[121.423277,25.030291]},"properties":{"supply_id":"new_taipei-onstreet-53553","city":"new_taipei","district":"泰山區","display_name":"貴鳳街 車格 53553","address":"貴鳳街","facility_kind":"onstreet","symbol_text":null,"type_reference":"路邊停車格","type_confidence":0.6,"price_raw":null,"price_value":null,"capacity_total":1,"available_total":1,"occupied_total":0,"status_label":"空位","data_time":"2026-05-02 15:53:29+08:00","city_label":"新北市","facility_kind_label":"路邊車格","available_rate":1,"occupancy_rate":0,"price_tier":"unknown","price_tier_label":"價格未知"}},{"type":"Feature","geometry":{"type":"Point","coordinates":[121.43924,25.049393]},"properties":{"supply_id":"new_taipei-onstreet-155378","city":"new_taipei","district":"泰山區","display_name":"莊泰路 車格 155378","address":"莊泰路","facility_kind":"onstreet","symbol_text":null,"type_reference":"路邊停車格","type_confidence":0.6,"price_raw":null,"price_value":null,"capacity_total":1,"available_total":1,"occupied_total":0,"status_label":"空位","data_time":"2026-05-02 15:53:29+08:00","city_label":"新北市","facility_kind_label":"路邊車格","available_rate":1,"occupancy_rate":0,"price_tier":"unknown","price_tier_label":"價格未知"}},{"type":"Feature","geometry":{"type":"Point","coordinates":[121.427914,25.058606]},"properties":{"supply_id":"new_taipei-onstreet-150412","city":"new_taipei","district":"泰山區","display_name":"辭修路36巷8弄 車格 150412","address":"辭修路36巷8弄","facility_kind":"onstreet","symbol_text":null,"type_reference":"路邊停車格","type_confidence":0.6,"price_raw":null,"price_value":null,"capacity_total":1,"available_total":1,"occupied_total":0,"status_label":"空位","data_time":"2026-05-02 15:53:29+08:00","city_label":"新北市","facility_kind_label":"路邊車格","available_rate":1,"occupancy_rate":0,"price_tier":"unknown","price_tier_label":"價格未知"}},{"type":"Feature","geometry":{"type":"Point","coordinates":[121.434689,25.057931]},"properties":{"supply_id":"new_taipei-onstreet-34792","city":"new_taipei","district":"泰山區","display_name":"福興三街 車格 34792","address":"福興三街","facility_kind":"onstreet","symbol_text":null,"type_reference":"路邊停車格","type_confidence":0.6,"price_raw":null,"price_value":null,"capacity_total":1,"available_total":1,"occupied_total":0,"status_label":"空位","data_time":"2026-05-02 15:53:29+08:00","city_label":"新北市","facility_kind_label":"路邊車格","available_rate":1,"occupancy_rate":0,"price_tier":"unknown","price_tier_label":"價格未知"}},{"type":"Feature","geometry":{"type":"Point","coordinates":[121.423114,25.035123]},"properties":{"supply_id":"new_taipei-onstreet-121851","city":"new_taipei","district":"泰山區","display_name":"明志路三段341巷5弄 車格 121851","address":"明志路三段341巷5弄","facility_kind":"onstreet","symbol_text":null,"type_reference":"路邊停車格","type_confidence":0.6,"price_raw":null,"price_value":null,"capacity_total":1,"available_total":1,"occupied_total":0,"status_label":"空位","data_time":"2026-05-02 15:53:29+08:00","city_label":"新北市","facility_kind_label":"路邊車格","available_rate":1,"occupancy_rate":0,"price_tier":"unknown","price_tier_label":"價格未知"}},{"type":"Feature","geometry":{"type":"Point","coordinates":[121.429423,25.063439]},"properties":{"supply_id":"new_taipei-onstreet-35558","city":"new_taipei","district":"泰山區","display_name":"泰林路二段 車格 35558","address":"泰林路二段","facility_kind":"onstreet","symbol_text":null,"type_reference":"路邊停車格","type_confidence":0.6,"price_raw":null,"price_value":null,"capacity_total":1,"available_total":1,"occupied_total":0,"status_label":"空位","data_time":"2026-05-02 15:53:29+08:00","city_label":"新北市","facility_kind_label":"路邊車格","available_rate":1,"occupancy_rate":0,"price_tier":"unknown","price_tier_label":"價格未知"}},{"type":"Feature","geometry":{"type":"Point","coordinates":[121.434636,25.057908]},"properties":{"supply_id":"new_taipei-onstreet-53586","city":"new_taipei","district":"泰山區","display_name":"福興三街 車格 53586","address":"福興三街","facility_kind":"onstreet","symbol_text":null,"type_reference":"路邊停車格","type_confidence":0.6,"price_raw":null,"price_value":null,"capacity_total":1,"available_total":0,"occupied_total":1,"status_label":"已停","data_time":"2026-05-02 15:53:29+08:00","city_label":"新北市","facility_kind_label":"路邊車格","available_rate":0,"occupancy_rate":1,"price_tier":"unknown","price_tier_label":"價格未知"}},{"type":"Feature","geometry":{"type":"Point","coordinates":[121.424094,25.031895]},"properties":{"supply_id":"new_taipei-onstreet-84907","city":"new_taipei","district":"泰山區","display_name":"貴陽街 車格 84907","address":"貴陽街","facility_kind":"onstreet","symbol_text":null,"type_reference":"路邊停車格","type_confidence":0.6,"price_raw":null,"price_value":null,"capacity_total":1,"available_total":1,"occupied_total":0,"status_label":"空位","data_time":"2026-05-02 15:53:29+08:00","city_label":"新北市","facility_kind_label":"路邊車格","available_rate":1,"occupancy_rate":0,"price_tier":"unknown","price_tier_label":"價格未知"}},{"type":"Feature","geometry":{"type":"Point","coordinates":[121.429104,25.048818]},"properties":{"supply_id":"new_taipei-onstreet-35548","city":"new_taipei","district":"泰山區","display_name":"文程路 車格 35548","address":"文程路","facility_kind":"onstreet","symbol_text":null,"type_reference":"路邊停車格","type_confidence":0.6,"price_raw":null,"price_value":null,"capacity_total":1,"available_total":0,"occupied_total":1,"status_label":"已停","data_time":"2026-05-02 15:53:29+08:00","city_label":"新北市","facility_kind_label":"路邊車格","available_rate":0,"occupancy_rate":1,"price_tier":"unknown","price_tier_label":"價格未知"}},{"type":"Feature","geometry":{"type":"Point","coordinates":[121.43195,25.064495]},"properties":{"supply_id":"new_taipei-onstreet-22224","city":"new_taipei","district":"泰山區","display_name":"美寧街 車格 22224","address":"美寧街","facility_kind":"onstreet","symbol_text":null,"type_reference":"路邊停車格","type_confidence":0.6,"price_raw":null,"price_value":null,"capacity_total":1,"available_total":1,"occupied_total":0,"status_label":"空位","data_time":"2026-05-02 15:53:29+08:00","city_label":"新北市","facility_kind_label":"路邊車格","available_rate":1,"occupancy_rate":0,"price_tier":"unknown","price_tier_label":"價格未知"}},{"type":"Feature","geometry":{"type":"Point","coordinates":[121.420341,25.033104]},"properties":{"supply_id":"new_taipei-onstreet-106297","city":"new_taipei","district":"泰山區","display_name":"明志路三段432巷 車格 106297","address":"明志路三段432巷","facility_kind":"onstreet","symbol_text":null,"type_reference":"路邊停車格","type_confidence":0.6,"price_raw":null,"price_value":null,"capacity_total":1,"available_total":1,"occupied_total":0,"status_label":"空位","data_time":"2026-05-02 15:53:29+08:00","city_label":"新北市","facility_kind_label":"路邊車格","available_rate":1,"occupancy_rate":0,"price_tier":"unknown","price_tier_label":"價格未知"}},{"type":"Feature","geometry":{"type":"Point","coordinates":[121.423194,25.035255]},"properties":{"supply_id":"new_taipei-onstreet-86374","city":"new_taipei","district":"泰山區","display_name":"明志路三段341巷5弄 車格 86374","address":"明志路三段341巷5弄","facility_kind":"onstreet","symbol_text":null,"type_reference":"路邊停車格","type_confidence":0.6,"price_raw":null,"price_value":null,"capacity_total":1,"available_total":1,"occupied_total":0,"status_label":"空位","data_time":"2026-05-02 15:53:29+08:00","city_label":"新北市","facility_kind_label":"路邊車格","available_rate":1,"occupancy_rate":0,"price_tier":"unknown","price_tier_label":"價格未知"}},{"type":"Feature","geometry":{"type":"Point","coordinates":[121.423087,25.03508]},"properties":{"supply_id":"new_taipei-onstreet-121852","city":"new_taipei","district":"泰山區","display_name":"明志路三段341巷5弄 車格 121852","address":"明志路三段341巷5弄","facility_kind":"onstreet","symbol_text":null,"type_reference":"路邊停車格","type_confidence":0.6,"price_raw":null,"price_value":null,"capacity_total":1,"available_total":0,"occupied_total":1,"status_label":"已停","data_time":"2026-05-02 15:53:29+08:00","city_label":"新北市","facility_kind_label":"路邊車格","available_rate":0,"occupancy_rate":1,"price_tier":"unknown","price_tier_label":"價格未知"}},{"type":"Feature","geometry":{"type":"Point","coordinates":[121.427958,25.058388]},"properties":{"supply_id":"new_taipei-onstreet-150406","city":"new_taipei","district":"泰山區","display_name":"辭修路36巷 車格 150406","address":"辭修路36巷","facility_kind":"onstreet","symbol_text":null,"type_reference":"路邊停車格","type_confidence":0.6,"price_raw":null,"price_value":null,"capacity_total":1,"available_total":1,"occupied_total":0,"status_label":"空位","data_time":"2026-05-02 15:53:29+08:00","city_label":"新北市","facility_kind_label":"路邊車格","available_rate":1,"occupancy_rate":0,"price_tier":"unknown","price_tier_label":"價格未知"}},{"type":"Feature","geometry":{"type":"Point","coordinates":[121.423238,25.030326]},"properties":{"supply_id":"new_taipei-onstreet-53552","city":"new_taipei","district":"泰山區","display_name":"貴鳳街 車格 53552","address":"貴鳳街","facility_kind":"onstreet","symbol_text":null,"type_reference":"路邊停車格","type_confidence":0.6,"price_raw":null,"price_value":null,"capacity_total":1,"available_total":1,"occupied_total":0,"status_label":"空位","data_time":"2026-05-02 15:53:29+08:00","city_label":"新北市","facility_kind_label":"路邊車格","available_rate":1,"occupancy_rate":0,"price_tier":"unknown","price_tier_label":"價格未知"}},{"type":"Feature","geometry":{"type":"Point","coordinates":[121.439235,25.049343]},"properties":{"supply_id":"new_taipei-onstreet-155379","city":"new_taipei","district":"泰山區","display_name":"莊泰路 車格 155379","address":"莊泰路","facility_kind":"onstreet","symbol_text":null,"type_reference":"路邊停車格","type_confidence":0.6,"price_raw":null,"price_value":null,"capacity_total":1,"available_total":0,"occupied_total":1,"status_label":"已停","data_time":"2026-05-02 15:53:29+08:00","city_label":"新北市","facility_kind_label":"路邊車格","available_rate":0,"occupancy_rate":1,"price_tier":"unknown","price_tier_label":"價格未知"}},{"type":"Feature","geometry":{"type":"Point","coordinates":[121.42045,25.033107]},"properties":{"supply_id":"new_taipei-onstreet-106285","city":"new_taipei","district":"泰山區","display_name":"明志路三段432巷 車格 106285","address":"明志路三段432巷","facility_kind":"onstreet","symbol_text":null,"type_reference":"路邊停車格","type_confidence":0.6,"price_raw":null,"price_value":null,"capacity_total":1,"available_total":0,"occupied_total":1,"status_label":"已停","data_time":"2026-05-02 15:53:29+08:00","city_label":"新北市","facility_kind_label":"路邊車格","available_rate":0,"occupancy_rate":1,"price_tier":"unknown","price_tier_label":"價格未知"}},{"type":"Feature","geometry":{"type":"Point","coordinates":[121.427744,25.064161]},"properties":{"supply_id":"new_taipei-onstreet-35560","city":"new_taipei","district":"泰山區","display_name":"泰林路二段 車格 35560","address":"泰林路二段","facility_kind":"onstreet","symbol_text":null,"type_reference":"路邊停車格","type_confidence":0.6,"price_raw":null,"price_value":null,"capacity_total":1,"available_total":0,"occupied_total":1,"status_label":"已停","data_time":"2026-05-02 15:53:29+08:00","city_label":"新北市","facility_kind_label":"路邊車格","available_rate":0,"occupancy_rate":1,"price_tier":"unknown","price_tier_label":"價格未知"}},{"type":"Feature","geometry":{"type":"Point","coordinates":[121.420287,25.033103]},"properties":{"supply_id":"new_taipei-onstreet-40222","city":"new_taipei","district":"泰山區","display_name":"明志路三段432巷 車格 40222","address":"明志路三段432巷","facility_kind":"onstreet","symbol_text":null,"type_reference":"路邊停車格","type_confidence":0.6,"price_raw":null,"price_value":null,"capacity_total":1,"available_total":1,"occupied_total":0,"status_label":"空位","data_time":"2026-05-02 15:53:29+08:00","city_label":"新北市","facility_kind_label":"路邊車格","available_rate":1,"occupancy_rate":0,"price_tier":"unknown","price_tier_label":"價格未知"}},{"type":"Feature","geometry":{"type":"Point","coordinates":[121.428269,25.063934]},"properties":{"supply_id":"new_taipei-onstreet-35559","city":"new_taipei","district":"泰山區","display_name":"泰林路二段 車格 35559","address":"泰林路二段","facility_kind":"onstreet","symbol_text":null,"type_reference":"路邊停車格","type_confidence":0.6,"price_raw":null,"price_value":null,"capacity_total":1,"available_total":1,"occupied_total":0,"status_label":"空位","data_time":"2026-05-02 15:53:29+08:00","city_label":"新北市","facility_kind_label":"路邊車格","available_rate":1,"occupancy_rate":0,"price_tier":"unknown","price_tier_label":"價格未知"}},{"type":"Feature","geometry":{"type":"Point","coordinates":[121.429742,25.053364]},"properties":{"supply_id":"new_taipei-onstreet-54761","city":"new_taipei","district":"泰山區","display_name":"明志路二段 車格 54761","address":"明志路二段","facility_kind":"onstreet","symbol_text":null,"type_reference":"路邊停車格","type_confidence":0.6,"price_raw":null,"price_value":null,"capacity_total":1,"available_total":1,"occupied_total":0,"status_label":"空位","data_time":"2026-05-02 15:53:29+08:00","city_label":"新北市","facility_kind_label":"路邊車格","available_rate":1,"occupancy_rate":0,"price_tier":"unknown","price_tier_label":"價格未知"}},{"type":"Feature","geometry":{"type":"Point","coordinates":[121.427793,25.06414]},"properties":{"supply_id":"new_taipei-onstreet-54955","city":"new_taipei","district":"泰山區","display_name":"泰林路二段 車格 54955","address":"泰林路二段","facility_kind":"onstreet","symbol_text":null,"type_reference":"路邊停車格","type_confidence":0.6,"price_raw":null,"price_value":null,"capacity_total":1,"available_total":1,"occupied_total":0,"status_label":"空位","data_time":"2026-05-02 15:53:29+08:00","city_label":"新北市","facility_kind_label":"路邊車格","available_rate":1,"occupancy_rate":0,"price_tier":"unknown","price_tier_label":"價格未知"}},{"type":"Feature","geometry":{"type":"Point","coordinates":[121.426819,25.047268]},"properties":{"supply_id":"new_taipei-onstreet-127458","city":"new_taipei","district":"泰山區","display_name":"明志路二段 車格 127458","address":"明志路二段","facility_kind":"onstreet","symbol_text":null,"type_reference":"路邊停車格","type_confidence":0.6,"price_raw":null,"price_value":null,"capacity_total":1,"available_total":1,"occupied_total":0,"status_label":"空位","data_time":"2026-05-02 15:53:29+08:00","city_label":"新北市","facility_kind_label":"路邊車格","available_rate":1,"occupancy_rate":0,"price_tier":"unknown","price_tier_label":"價格未知"}},{"type":"Feature","geometry":{"type":"Point","coordinates":[121.434743,25.057954]},"properties":{"supply_id":"new_taipei-onstreet-53583","city":"new_taipei","district":"泰山區","display_name":"福興三街 車格 53583","address":"福興三街","facility_kind":"onstreet","symbol_text":null,"type_reference":"路邊停車格","type_confidence":0.6,"price_raw":null,"price_value":null,"capacity_total":1,"available_total":1,"occupied_total":0,"status_label":"空位","data_time":"2026-05-02 15:53:29+08:00","city_label":"新北市","facility_kind_label":"路邊車格","available_rate":1,"occupancy_rate":0,"price_tier":"unknown","price_tier_label":"價格未知"}},{"type":"Feature","geometry":{"type":"Point","coordinates":[121.427695,25.064182]},"properties":{"supply_id":"new_taipei-onstreet-54956","city":"new_taipei","district":"泰山區","display_name":"泰林路二段 車格 54956","address":"泰林路二段","facility_kind":"onstreet","symbol_text":null,"type_reference":"路邊停車格","type_confidence":0.6,"price_raw":null,"price_value":null,"capacity_total":1,"available_total":1,"occupied_total":0,"status_label":"空位","data_time":"2026-05-02 15:53:29+08:00","city_label":"新北市","facility_kind_label":"路邊車格","available_rate":1,"occupancy_rate":0,"price_tier":"unknown","price_tier_label":"價格未知"}},{"type":"Feature","geometry":{"type":"Point","coordinates":[121.426739,25.047035]},"properties":{"supply_id":"new_taipei-onstreet-84875","city":"new_taipei","district":"泰山區","display_name":"明志路二段 車格 84875","address":"明志路二段","facility_kind":"onstreet","symbol_text":null,"type_reference":"路邊停車格","type_confidence":0.6,"price_raw":null,"price_value":null,"capacity_total":1,"available_total":1,"occupied_total":0,"status_label":"空位","data_time":"2026-05-02 15:53:29+08:00","city_label":"新北市","facility_kind_label":"路邊車格","available_rate":1,"occupancy_rate":0,"price_tier":"unknown","price_tier_label":"價格未知"}},{"type":"Feature","geometry":{"type":"Point","coordinates":[121.425146,25.03786]},"properties":{"supply_id":"new_taipei-onstreet-55687","city":"new_taipei","district":"泰山區","display_name":"台麗街 車格 55687","address":"台麗街","facility_kind":"onstreet","symbol_text":null,"type_reference":"路邊停車格","type_confidence":0.6,"price_raw":null,"price_value":null,"capacity_total":1,"available_total":0,"occupied_total":1,"status_label":"已停","data_time":"2026-05-02 15:53:29+08:00","city_label":"新北市","facility_kind_label":"路邊車格","available_rate":0,"occupancy_rate":1,"price_tier":"unknown","price_tier_label":"價格未知"}},{"type":"Feature","geometry":{"type":"Point","coordinates":[121.429152,25.048794]},"properties":{"supply_id":"new_taipei-onstreet-54919","city":"new_taipei","district":"泰山區","display_name":"文程路 車格 54919","address":"文程路","facility_kind":"onstreet","symbol_text":null,"type_reference":"路邊停車格","type_confidence":0.6,"price_raw":null,"price_value":null,"capacity_total":1,"available_total":1,"occupied_total":0,"status_label":"空位","data_time":"2026-05-02 15:53:29+08:00","city_label":"新北市","facility_kind_label":"路邊車格","available_rate":1,"occupancy_rate":0,"price_tier":"unknown","price_tier_label":"價格未知"}},{"type":"Feature","geometry":{"type":"Point","coordinates":[121.432003,25.064486]},"properties":{"supply_id":"new_taipei-onstreet-75076","city":"new_taipei","district":"泰山區","display_name":"美寧街 車格 75076","address":"美寧街","facility_kind":"onstreet","symbol_text":null,"type_reference":"路邊停車格","type_confidence":0.6,"price_raw":null,"price_value":null,"capacity_total":1,"available_total":1,"occupied_total":0,"status_label":"空位","data_time":"2026-05-02 15:53:29+08:00","city_label":"新北市","facility_kind_label":"路邊車格","available_rate":1,"occupancy_rate":0,"price_tier":"unknown","price_tier_label":"價格未知"}},{"type":"Feature","geometry":{"type":"Point","coordinates":[121.428571,25.0573]},"properties":{"supply_id":"new_taipei-onstreet-95892","city":"new_taipei","district":"泰山區","display_name":"辭修路 車格 95892","address":"辭修路","facility_kind":"onstreet","symbol_text":null,"type_reference":"路邊停車格","type_confidence":0.6,"price_raw":null,"price_value":null,"capacity_total":1,"available_total":1,"occupied_total":0,"status_label":"空位","data_time":"2026-05-02 15:53:29+08:00","city_label":"新北市","facility_kind_label":"路邊車格","available_rate":1,"occupancy_rate":0,"price_tier":"unknown","price_tier_label":"價格未知"}},{"type":"Feature","geometry":{"type":"Point","coordinates":[121.427906,25.058404]},"properties":{"supply_id":"new_taipei-onstreet-150407","city":"new_taipei","district":"泰山區","display_name":"辭修路36巷 車格 150407","address":"辭修路36巷","facility_kind":"onstreet","symbol_text":null,"type_reference":"路邊停車格","type_confidence":0.6,"price_raw":null,"price_value":null,"capacity_total":1,"available_total":1,"occupied_total":0,"status_label":"空位","data_time":"2026-05-02 15:53:29+08:00","city_label":"新北市","facility_kind_label":"路邊車格","available_rate":1,"occupancy_rate":0,"price_tier":"unknown","price_tier_label":"價格未知"}},{"type":"Feature","geometry":{"type":"Point","coordinates":[121.420395,25.033105]},"properties":{"supply_id":"new_taipei-onstreet-106296","city":"new_taipei","district":"泰山區","display_name":"明志路三段432巷 車格 106296","address":"明志路三段432巷","facility_kind":"onstreet","symbol_text":null,"type_reference":"路邊停車格","type_confidence":0.6,"price_raw":null,"price_value":null,"capacity_total":1,"available_total":1,"occupied_total":0,"status_label":"空位","data_time":"2026-05-02 15:53:29+08:00","city_label":"新北市","facility_kind_label":"路邊車格","available_rate":1,"occupancy_rate":0,"price_tier":"unknown","price_tier_label":"價格未知"}},{"type":"Feature","geometry":{"type":"Point","coordinates":[121.42394,25.032031]},"properties":{"supply_id":"new_taipei-onstreet-84810","city":"new_taipei","district":"泰山區","display_name":"貴陽街 車格 84810","address":"貴陽街","facility_kind":"onstreet","symbol_text":null,"type_reference":"路邊停車格","type_confidence":0.6,"price_raw":null,"price_value":null,"capacity_total":1,"available_total":1,"occupied_total":0,"status_label":"空位","data_time":"2026-05-02 15:53:29+08:00","city_label":"新北市","facility_kind_label":"路邊車格","available_rate":1,"occupancy_rate":0,"price_tier":"unknown","price_tier_label":"價格未知"}},{"type":"Feature","geometry":{"type":"Point","coordinates":[121.42322,25.035299]},"properties":{"supply_id":"new_taipei-onstreet-86397","city":"new_taipei","district":"泰山區","display_name":"明志路三段341巷5弄 車格 86397","address":"明志路三段341巷5弄","facility_kind":"onstreet","symbol_text":null,"type_reference":"路邊停車格","type_confidence":0.6,"price_raw":null,"price_value":null,"capacity_total":1,"available_total":1,"occupied_total":0,"status_label":"空位","data_time":"2026-05-02 15:53:29+08:00","city_label":"新北市","facility_kind_label":"路邊車格","available_rate":1,"occupancy_rate":0,"price_tier":"unknown","price_tier_label":"價格未知"}},{"type":"Feature","geometry":{"type":"Point","coordinates":[121.428572,25.057318]},"properties":{"supply_id":"new_taipei-onstreet-95891","city":"new_taipei","district":"泰山區","display_name":"辭修路 車格 95891","address":"辭修路","facility_kind":"onstreet","symbol_text":null,"type_reference":"路邊停車格","type_confidence":0.6,"price_raw":null,"price_value":null,"capacity_total":1,"available_total":1,"occupied_total":0,"status_label":"空位","data_time":"2026-05-02 15:53:29+08:00","city_label":"新北市","facility_kind_label":"路邊車格","available_rate":1,"occupancy_rate":0,"price_tier":"unknown","price_tier_label":"價格未知"}},{"type":"Feature","geometry":{"type":"Point","coordinates":[121.4292,25.04877]},"properties":{"supply_id":"new_taipei-onstreet-54905","city":"new_taipei","district":"泰山區","display_name":"文程路 車格 54905","address":"文程路","facility_kind":"onstreet","symbol_text":null,"type_reference":"路邊停車格","type_confidence":0.6,"price_raw":null,"price_value":null,"capacity_total":1,"available_total":0,"occupied_total":1,"status_label":"已停","data_time":"2026-05-02 15:53:29+08:00","city_label":"新北市","facility_kind_label":"路邊車格","available_rate":0,"occupancy_rate":1,"price_tier":"unknown","price_tier_label":"價格未知"}},{"type":"Feature","geometry":{"type":"Point","coordinates":[121.425194,25.037836]},"properties":{"supply_id":"new_taipei-onstreet-55688","city":"new_taipei","district":"泰山區","display_name":"台麗街 車格 55688","address":"台麗街","facility_kind":"onstreet","symbol_text":null,"type_reference":"路邊停車格","type_confidence":0.6,"price_raw":null,"price_value":null,"capacity_total":1,"available_total":0,"occupied_total":1,"status_label":"已停","data_time":"2026-05-02 15:53:29+08:00","city_label":"新北市","facility_kind_label":"路邊車格","available_rate":0,"occupancy_rate":1,"price_tier":"unknown","price_tier_label":"價格未知"}},{"type":"Feature","geometry":{"type":"Point","coordinates":[121.427645,25.064203]},"properties":{"supply_id":"new_taipei-onstreet-54957","city":"new_taipei","district":"泰山區","display_name":"泰林路二段 車格 54957","address":"泰林路二段","facility_kind":"onstreet","symbol_text":null,"type_reference":"路邊停車格","type_confidence":0.6,"price_raw":null,"price_value":null,"capacity_total":1,"available_total":1,"occupied_total":0,"status_label":"空位","data_time":"2026-05-02 15:53:29+08:00","city_label":"新北市","facility_kind_label":"路邊車格","available_rate":1,"occupancy_rate":0,"price_tier":"unknown","price_tier_label":"價格未知"}},{"type":"Feature","geometry":{"type":"Point","coordinates":[121.423861,25.0321]},"properties":{"supply_id":"new_taipei-onstreet-84819","city":"new_taipei","district":"泰山區","display_name":"貴陽街 車格 84819","address":"貴陽街","facility_kind":"onstreet","symbol_text":null,"type_reference":"路邊停車格","type_confidence":0.6,"price_raw":null,"price_value":null,"capacity_total":1,"available_total":1,"occupied_total":0,"status_label":"空位","data_time":"2026-05-02 15:53:29+08:00","city_label":"新北市","facility_kind_label":"路邊車格","available_rate":1,"occupancy_rate":0,"price_tier":"unknown","price_tier_label":"價格未知"}},{"type":"Feature","geometry":{"type":"Point","coordinates":[121.4239,25.032066]},"properties":{"supply_id":"new_taipei-onstreet-27667","city":"new_taipei","district":"泰山區","display_name":"貴陽街 車格 27667","address":"貴陽街","facility_kind":"onstreet","symbol_text":null,"type_reference":"路邊停車格","type_confidence":0.6,"price_raw":null,"price_value":null,"capacity_total":1,"available_total":0,"occupied_total":1,"status_label":"已停","data_time":"2026-05-02 15:53:29+08:00","city_label":"新北市","facility_kind_label":"路邊車格","available_rate":0,"occupancy_rate":1,"price_tier":"unknown","price_tier_label":"價格未知"}},{"type":"Feature","geometry":{"type":"Point","coordinates":[121.423246,25.035342]},"properties":{"supply_id":"new_taipei-onstreet-85987","city":"new_taipei","district":"泰山區","display_name":"明志路三段341巷5弄 車格 85987","address":"明志路三段341巷5弄","facility_kind":"onstreet","symbol_text":null,"type_reference":"路邊停車格","type_confidence":0.6,"price_raw":null,"price_value":null,"capacity_total":1,"available_total":1,"occupied_total":0,"status_label":"空位","data_time":"2026-05-02 15:53:29+08:00","city_label":"新北市","facility_kind_label":"路邊車格","available_rate":1,"occupancy_rate":0,"price_tier":"unknown","price_tier_label":"價格未知"}},{"type":"Feature","geometry":{"type":"Point","coordinates":[121.420232,25.033102]},"properties":{"supply_id":"new_taipei-onstreet-40223","city":"new_taipei","district":"泰山區","display_name":"明志路三段432巷 車格 40223","address":"明志路三段432巷","facility_kind":"onstreet","symbol_text":null,"type_reference":"路邊停車格","type_confidence":0.6,"price_raw":null,"price_value":null,"capacity_total":1,"available_total":0,"occupied_total":1,"status_label":"已停","data_time":"2026-05-02 15:53:29+08:00","city_label":"新北市","facility_kind_label":"路邊車格","available_rate":0,"occupancy_rate":1,"price_tier":"unknown","price_tier_label":"價格未知"}},{"type":"Feature","geometry":{"type":"Point","coordinates":[121.427839,25.04515]},"properties":{"supply_id":"new_taipei-onstreet-92514","city":"new_taipei","district":"泰山區","display_name":"新生路 車格 92514","address":"新生路","facility_kind":"onstreet","symbol_text":null,"type_reference":"路邊停車格","type_confidence":0.6,"price_raw":null,"price_value":null,"capacity_total":1,"available_total":0,"occupied_total":1,"status_label":"已停","data_time":"2026-05-02 15:53:29+08:00","city_label":"新北市","facility_kind_label":"路邊車格","available_rate":0,"occupancy_rate":1,"price_tier":"unknown","price_tier_label":"價格未知"}},{"type":"Feature","geometry":{"type":"Point","coordinates":[121.423315,25.030256]},"properties":{"supply_id":"new_taipei-onstreet-53554","city":"new_taipei","district":"泰山區","display_name":"貴鳳街 車格 53554","address":"貴鳳街","facility_kind":"onstreet","symbol_text":null,"type_reference":"路邊停車格","type_confidence":0.6,"price_raw":null,"price_value":null,"capacity_total":1,"available_total":1,"occupied_total":0,"status_label":"空位","data_time":"2026-05-02 15:53:29+08:00","city_label":"新北市","facility_kind_label":"路邊車格","available_rate":1,"occupancy_rate":0,"price_tier":"unknown","price_tier_label":"價格未知"}},{"type":"Feature","geometry":{"type":"Point","coordinates":[121.423987,25.03199]},"properties":{"supply_id":"new_taipei-onstreet-83396","city":"new_taipei","district":"泰山區","display_name":"貴陽街 車格 83396","address":"貴陽街","facility_kind":"onstreet","symbol_text":null,"type_reference":"路邊停車格","type_confidence":0.6,"price_raw":null,"price_value":null,"capacity_total":1,"available_total":0,"occupied_total":1,"status_label":"已停","data_time":"2026-05-02 15:53:29+08:00","city_label":"新北市","facility_kind_label":"路邊車格","available_rate":0,"occupancy_rate":1,"price_tier":"unknown","price_tier_label":"價格未知"}},{"type":"Feature","geometry":{"type":"Point","coordinates":[121.439245,25.049442]},"properties":{"supply_id":"new_taipei-onstreet-155377","city":"new_taipei","district":"泰山區","display_name":"莊泰路 車格 155377","address":"莊泰路","facility_kind":"onstreet","symbol_text":null,"type_reference":"路邊停車格","type_confidence":0.6,"price_raw":null,"price_value":null,"capacity_total":1,"available_total":1,"occupied_total":0,"status_label":"空位","data_time":"2026-05-02 15:53:29+08:00","city_label":"新北市","facility_kind_label":"路邊車格","available_rate":1,"occupancy_rate":0,"price_tier":"unknown","price_tier_label":"價格未知"}},{"type":"Feature","geometry":{"type":"Point","coordinates":[121.429394,25.048673]},"properties":{"supply_id":"new_taipei-onstreet-54897","city":"new_taipei","district":"泰山區","display_name":"文程路 車格 54897","address":"文程路","facility_kind":"onstreet","symbol_text":null,"type_reference":"路邊停車格","type_confidence":0.6,"price_raw":null,"price_value":null,"capacity_total":1,"available_total":0,"occupied_total":1,"status_label":"已停","data_time":"2026-05-02 15:53:29+08:00","city_label":"新北市","facility_kind_label":"路邊車格","available_rate":0,"occupancy_rate":1,"price_tier":"unknown","price_tier_label":"價格未知"}},{"type":"Feature","geometry":{"type":"Point","coordinates":[121.427933,25.058652]},"properties":{"supply_id":"new_taipei-onstreet-150413","city":"new_taipei","district":"泰山區","display_name":"辭修路36巷8弄 車格 150413","address":"辭修路36巷8弄","facility_kind":"onstreet","symbol_text":null,"type_reference":"路邊停車格","type_confidence":0.6,"price_raw":null,"price_value":null,"capacity_total":1,"available_total":1,"occupied_total":0,"status_label":"空位","data_time":"2026-05-02 15:53:29+08:00","city_label":"新北市","facility_kind_label":"路邊車格","available_rate":1,"occupancy_rate":0,"price_tier":"unknown","price_tier_label":"價格未知"}},{"type":"Feature","geometry":{"type":"Point","coordinates":[121.423354,25.030221]},"properties":{"supply_id":"new_taipei-onstreet-53560","city":"new_taipei","district":"泰山區","display_name":"貴鳳街 車格 53560","address":"貴鳳街","facility_kind":"onstreet","symbol_text":null,"type_reference":"路邊停車格","type_confidence":0.6,"price_raw":null,"price_value":null,"capacity_total":1,"available_total":0,"occupied_total":1,"status_label":"已停","data_time":"2026-05-02 15:53:29+08:00","city_label":"新北市","facility_kind_label":"路邊車格","available_rate":0,"occupancy_rate":1,"price_tier":"unknown","price_tier_label":"價格未知"}},{"type":"Feature","geometry":{"type":"Point","coordinates":[121.428572,25.057336]},"properties":{"supply_id":"new_taipei-onstreet-95890","city":"new_taipei","district":"泰山區","display_name":"辭修路 車格 95890","address":"辭修路","facility_kind":"onstreet","symbol_text":null,"type_reference":"路邊停車格","type_confidence":0.6,"price_raw":null,"price_value":null,"capacity_total":1,"available_total":1,"occupied_total":0,"status_label":"空位","data_time":"2026-05-02 15:53:29+08:00","city_label":"新北市","facility_kind_label":"路邊車格","available_rate":1,"occupancy_rate":0,"price_tier":"unknown","price_tier_label":"價格未知"}},{"type":"Feature","geometry":{"type":"Point","coordinates":[121.439251,25.049491]},"properties":{"supply_id":"new_taipei-onstreet-155383","city":"new_taipei","district":"泰山區","display_name":"莊泰路 車格 155383","address":"莊泰路","facility_kind":"onstreet","symbol_text":null,"type_reference":"路邊停車格","type_confidence":0.6,"price_raw":null,"price_value":null,"capacity_total":1,"available_total":1,"occupied_total":0,"status_label":"空位","data_time":"2026-05-02 15:53:29+08:00","city_label":"新北市","facility_kind_label":"路邊車格","available_rate":1,"occupancy_rate":0,"price_tier":"unknown","price_tier_label":"價格未知"}},{"type":"Feature","geometry":{"type":"Point","coordinates":[121.428994,25.064844]},"properties":{"supply_id":"new_taipei-onstreet-157932","city":"new_taipei","district":"泰山區","display_name":"憲訓路 車格 157932","address":"憲訓路","facility_kind":"onstreet","symbol_text":null,"type_reference":"路邊停車格","type_confidence":0.6,"price_raw":null,"price_value":null,"capacity_total":1,"available_total":0,"occupied_total":1,"status_label":"已停","data_time":"2026-05-02 15:53:29+08:00","city_label":"新北市","facility_kind_label":"路邊車格","available_rate":0,"occupancy_rate":1,"price_tier":"unknown","price_tier_label":"價格未知"}},{"type":"Feature","geometry":{"type":"Point","coordinates":[121.423346,25.035504]},"properties":{"supply_id":"new_taipei-onstreet-52496","city":"new_taipei","district":"泰山區","display_name":"明志路三段341巷5弄 車格 52496","address":"明志路三段341巷5弄","facility_kind":"onstreet","symbol_text":null,"type_reference":"路邊停車格","type_confidence":0.6,"price_raw":null,"price_value":null,"capacity_total":1,"available_total":1,"occupied_total":0,"status_label":"空位","data_time":"2026-05-02 15:53:29+08:00","city_label":"新北市","facility_kind_label":"路邊車格","available_rate":1,"occupancy_rate":0,"price_tier":"unknown","price_tier_label":"價格未知"}},{"type":"Feature","geometry":{"type":"Point","coordinates":[121.42949,25.048626]},"properties":{"supply_id":"new_taipei-onstreet-54918","city":"new_taipei","district":"泰山區","display_name":"文程路 車格 54918","address":"文程路","facility_kind":"onstreet","symbol_text":null,"type_reference":"路邊停車格","type_confidence":0.6,"price_raw":null,"price_value":null,"capacity_total":1,"available_total":0,"occupied_total":1,"status_label":"已停","data_time":"2026-05-02 15:53:29+08:00","city_label":"新北市","facility_kind_label":"路邊車格","available_rate":0,"occupancy_rate":1,"price_tier":"unknown","price_tier_label":"價格未知"}},{"type":"Feature","geometry":{"type":"Point","coordinates":[121.434851,25.057999]},"properties":{"supply_id":"new_taipei-onstreet-53580","city":"new_taipei","district":"泰山區","display_name":"福興三街 車格 53580","address":"福興三街","facility_kind":"onstreet","symbol_text":null,"type_reference":"路邊停車格","type_confidence":0.6,"price_raw":null,"price_value":null,"capacity_total":1,"available_total":1,"occupied_total":0,"status_label":"空位","data_time":"2026-05-02 15:53:29+08:00","city_label":"新北市","facility_kind_label":"路邊車格","available_rate":1,"occupancy_rate":0,"price_tier":"unknown","price_tier_label":"價格未知"}},{"type":"Feature","geometry":{"type":"Point","coordinates":[121.434797,25.057976]},"properties":{"supply_id":"new_taipei-onstreet-53581","city":"new_taipei","district":"泰山區","display_name":"福興三街 車格 53581","address":"福興三街","facility_kind":"onstreet","symbol_text":null,"type_reference":"路邊停車格","type_confidence":0.6,"price_raw":null,"price_value":null,"capacity_total":1,"available_total":0,"occupied_total":1,"status_label":"已停","data_time":"2026-05-02 15:53:29+08:00","city_label":"新北市","facility_kind_label":"路邊車格","available_rate":0,"occupancy_rate":1,"price_tier":"unknown","price_tier_label":"價格未知"}},{"type":"Feature","geometry":{"type":"Point","coordinates":[121.427694,25.04522]},"properties":{"supply_id":"new_taipei-onstreet-87438","city":"new_taipei","district":"泰山區","display_name":"新生路 車格 87438","address":"新生路","facility_kind":"onstreet","symbol_text":null,"type_reference":"路邊停車格","type_confidence":0.6,"price_raw":null,"price_value":null,"capacity_total":1,"available_total":0,"occupied_total":1,"status_label":"已停","data_time":"2026-05-02 15:53:29+08:00","city_label":"新北市","facility_kind_label":"路邊車格","available_rate":0,"occupancy_rate":1,"price_tier":"unknown","price_tier_label":"價格未知"}},{"type":"Feature","geometry":{"type":"Point","coordinates":[121.425242,25.037812]},"properties":{"supply_id":"new_taipei-onstreet-55689","city":"new_taipei","district":"泰山區","display_name":"台麗街 車格 55689","address":"台麗街","facility_kind":"onstreet","symbol_text":null,"type_reference":"路邊停車格","type_confidence":0.6,"price_raw":null,"price_value":null,"capacity_total":1,"available_total":0,"occupied_total":1,"status_label":"已停","data_time":"2026-05-02 15:53:29+08:00","city_label":"新北市","facility_kind_label":"路邊車格","available_rate":0,"occupancy_rate":1,"price_tier":"unknown","price_tier_label":"價格未知"}},{"type":"Feature","geometry":{"type":"Point","coordinates":[121.427953,25.058698]},"properties":{"supply_id":"new_taipei-onstreet-150414","city":"new_taipei","district":"泰山區","display_name":"辭修路36巷8弄 車格 150414","address":"辭修路36巷8弄","facility_kind":"onstreet","symbol_text":null,"type_reference":"路邊停車格","type_confidence":0.6,"price_raw":null,"price_value":null,"capacity_total":1,"available_total":0,"occupied_total":1,"status_label":"已停","data_time":"2026-05-02 15:53:29+08:00","city_label":"新北市","facility_kind_label":"路邊車格","available_rate":0,"occupancy_rate":1,"price_tier":"unknown","price_tier_label":"價格未知"}},{"type":"Feature","geometry":{"type":"Point","coordinates":[121.427742,25.045197]},"properties":{"supply_id":"new_taipei-onstreet-92512","city":"new_taipei","district":"泰山區","display_name":"新生路 車格 92512","address":"新生路","facility_kind":"onstreet","symbol_text":null,"type_reference":"路邊停車格","type_confidence":0.6,"price_raw":null,"price_value":null,"capacity_total":1,"available_total":0,"occupied_total":1,"status_label":"已停","data_time":"2026-05-02 15:53:29+08:00","city_label":"新北市","facility_kind_label":"路邊車格","available_rate":0,"occupancy_rate":1,"price_tier":"unknown","price_tier_label":"價格未知"}},{"type":"Feature","geometry":{"type":"Point","coordinates":[121.428572,25.057385]},"properties":{"supply_id":"new_taipei-onstreet-42487","city":"new_taipei","district":"泰山區","display_name":"辭修路 車格 42487","address":"辭修路","facility_kind":"onstreet","symbol_text":null,"type_reference":"路邊停車格","type_confidence":0.6,"price_raw":null,"price_value":null,"capacity_total":1,"available_total":0,"occupied_total":1,"status_label":"已停","data_time":"2026-05-02 15:53:29+08:00","city_label":"新北市","facility_kind_label":"路邊車格","available_rate":0,"occupancy_rate":1,"price_tier":"unknown","price_tier_label":"價格未知"}},{"type":"Feature","geometry":{"type":"Point","coordinates":[121.429538,25.048602]},"properties":{"supply_id":"new_taipei-onstreet-54915","city":"new_taipei","district":"泰山區","display_name":"文程路 車格 54915","address":"文程路","facility_kind":"onstreet","symbol_text":null,"type_reference":"路邊停車格","type_confidence":0.6,"price_raw":null,"price_value":null,"capacity_total":1,"available_total":0,"occupied_total":1,"status_label":"已停","data_time":"2026-05-02 15:53:29+08:00","city_label":"新北市","facility_kind_label":"路邊車格","available_rate":0,"occupancy_rate":1,"price_tier":"unknown","price_tier_label":"價格未知"}},{"type":"Feature","geometry":{"type":"Point","coordinates":[121.425562,25.03766]},"properties":{"supply_id":"new_taipei-onstreet-55694","city":"new_taipei","district":"泰山區","display_name":"台麗街 車格 55694","address":"台麗街","facility_kind":"onstreet","symbol_text":null,"type_reference":"路邊停車格","type_confidence":0.6,"price_raw":null,"price_value":null,"capacity_total":1,"available_total":0,"occupied_total":1,"status_label":"已停","data_time":"2026-05-02 15:53:29+08:00","city_label":"新北市","facility_kind_label":"路邊車格","available_rate":0,"occupancy_rate":1,"price_tier":"unknown","price_tier_label":"價格未知"}},{"type":"Feature","geometry":{"type":"Point","coordinates":[121.428577,25.057504]},"properties":{"supply_id":"new_taipei-onstreet-87994","city":"new_taipei","district":"泰山區","display_name":"辭修路 車格 87994","address":"辭修路","facility_kind":"onstreet","symbol_text":null,"type_reference":"路邊停車格","type_confidence":0.6,"price_raw":null,"price_value":null,"capacity_total":1,"available_total":0,"occupied_total":1,"status_label":"已停","data_time":"2026-05-02 15:53:29+08:00","city_label":"新北市","facility_kind_label":"路邊車格","available_rate":0,"occupancy_rate":1,"price_tier":"unknown","price_tier_label":"價格未知"}},{"type":"Feature","geometry":{"type":"Point","coordinates":[121.429067,25.064703]},"properties":{"supply_id":"new_taipei-onstreet-55707","city":"new_taipei","district":"泰山區","display_name":"憲訓路 車格 55707","address":"憲訓路","facility_kind":"onstreet","symbol_text":null,"type_reference":"路邊停車格","type_confidence":0.6,"price_raw":null,"price_value":null,"capacity_total":1,"available_total":1,"occupied_total":0,"status_label":"空位","data_time":"2026-05-02 15:53:29+08:00","city_label":"新北市","facility_kind_label":"路邊車格","available_rate":1,"occupancy_rate":0,"price_tier":"unknown","price_tier_label":"價格未知"}},{"type":"Feature","geometry":{"type":"Point","coordinates":[121.434905,25.058022]},"properties":{"supply_id":"new_taipei-onstreet-53578","city":"new_taipei","district":"泰山區","display_name":"福興三街 車格 53578","address":"福興三街","facility_kind":"onstreet","symbol_text":null,"type_reference":"路邊停車格","type_confidence":0.6,"price_raw":null,"price_value":null,"capacity_total":1,"available_total":0,"occupied_total":1,"status_label":"已停","data_time":"2026-05-02 15:53:29+08:00","city_label":"新北市","facility_kind_label":"路邊車格","available_rate":0,"occupancy_rate":1,"price_tier":"unknown","price_tier_label":"價格未知"}},{"type":"Feature","geometry":{"type":"Point","coordinates":[121.42897,25.064747]},"properties":{"supply_id":"new_taipei-onstreet-88780","city":"new_taipei","district":"泰山區","display_name":"憲訓路 車格 88780","address":"憲訓路","facility_kind":"onstreet","symbol_text":null,"type_reference":"路邊停車格","type_confidence":0.6,"price_raw":null,"price_value":null,"capacity_total":1,"available_total":0,"occupied_total":1,"status_label":"已停","data_time":"2026-05-02 15:53:29+08:00","city_label":"新北市","facility_kind_label":"路邊車格","available_rate":0,"occupancy_rate":1,"price_tier":"unknown","price_tier_label":"價格未知"}},{"type":"Feature","geometry":{"type":"Point","coordinates":[121.423705,25.029904]},"properties":{"supply_id":"new_taipei-onstreet-53559","city":"new_taipei","district":"泰山區","display_name":"貴鳳街 車格 53559","address":"貴鳳街","facility_kind":"onstreet","symbol_text":null,"type_reference":"路邊停車格","type_confidence":0.6,"price_raw":null,"price_value":null,"capacity_total":1,"available_total":1,"occupied_total":0,"status_label":"空位","data_time":"2026-05-02 15:53:29+08:00","city_label":"新北市","facility_kind_label":"路邊車格","available_rate":1,"occupancy_rate":0,"price_tier":"unknown","price_tier_label":"價格未知"}},{"type":"Feature","geometry":{"type":"Point","coordinates":[121.439354,25.050385]},"properties":{"supply_id":"new_taipei-onstreet-155387","city":"new_taipei","district":"泰山區","display_name":"莊泰路 車格 155387","address":"莊泰路","facility_kind":"onstreet","symbol_text":null,"type_reference":"路邊停車格","type_confidence":0.6,"price_raw":null,"price_value":null,"capacity_total":1,"available_total":1,"occupied_total":0,"status_label":"空位","data_time":"2026-05-02 15:53:29+08:00","city_label":"新北市","facility_kind_label":"路邊車格","available_rate":1,"occupancy_rate":0,"price_tier":"unknown","price_tier_label":"價格未知"}},{"type":"Feature","geometry":{"type":"Point","coordinates":[121.425298,25.037784]},"properties":{"supply_id":"new_taipei-onstreet-55690","city":"new_taipei","district":"泰山區","display_name":"台麗街 車格 55690","address":"台麗街","facility_kind":"onstreet","symbol_text":null,"type_reference":"路邊停車格","type_confidence":0.6,"price_raw":null,"price_value":null,"capacity_total":1,"available_total":0,"occupied_total":1,"status_label":"已停","data_time":"2026-05-02 15:53:29+08:00","city_label":"新北市","facility_kind_label":"路邊車格","available_rate":0,"occupancy_rate":1,"price_tier":"unknown","price_tier_label":"價格未知"}},{"type":"Feature","geometry":{"type":"Point","coordinates":[121.427791,25.045173]},"properties":{"supply_id":"new_taipei-onstreet-77414","city":"new_taipei","district":"泰山區","display_name":"新生路 車格 77414","address":"新生路","facility_kind":"onstreet","symbol_text":null,"type_reference":"路邊停車格","type_confidence":0.6,"price_raw":null,"price_value":null,"capacity_total":1,"available_total":0,"occupied_total":1,"status_label":"已停","data_time":"2026-05-02 15:53:29+08:00","city_label":"新北市","facility_kind_label":"路邊車格","available_rate":0,"occupancy_rate":1,"price_tier":"unknown","price_tier_label":"價格未知"}},{"type":"Feature","geometry":{"type":"Point","coordinates":[121.428575,25.057434]},"properties":{"supply_id":"new_taipei-onstreet-42488","city":"new_taipei","district":"泰山區","display_name":"辭修路 車格 42488","address":"辭修路","facility_kind":"onstreet","symbol_text":null,"type_reference":"路邊停車格","type_confidence":0.6,"price_raw":null,"price_value":null,"capacity_total":1,"available_total":0,"occupied_total":1,"status_label":"已停","data_time":"2026-05-02 15:53:29+08:00","city_label":"新北市","facility_kind_label":"路邊車格","available_rate":0,"occupancy_rate":1,"price_tier":"unknown","price_tier_label":"價格未知"}},{"type":"Feature","geometry":{"type":"Point","coordinates":[121.429443,25.048649]},"properties":{"supply_id":"new_taipei-onstreet-54899","city":"new_taipei","district":"泰山區","display_name":"文程路 車格 54899","address":"文程路","facility_kind":"onstreet","symbol_text":null,"type_reference":"路邊停車格","type_confidence":0.6,"price_raw":null,"price_value":null,"capacity_total":1,"available_total":0,"occupied_total":1,"status_label":"已停","data_time":"2026-05-02 15:53:29+08:00","city_label":"新北市","facility_kind_label":"路邊車格","available_rate":0,"occupancy_rate":1,"price_tier":"unknown","price_tier_label":"價格未知"}},{"type":"Feature","geometry":{"type":"Point","coordinates":[121.426286,25.037397]},"properties":{"supply_id":"new_taipei-onstreet-55702","city":"new_taipei","district":"泰山區","display_name":"台麗街 車格 55702","address":"台麗街","facility_kind":"onstreet","symbol_text":null,"type_reference":"路邊停車格","type_confidence":0.6,"price_raw":null,"price_value":null,"capacity_total":1,"available_total":0,"occupied_total":1,"status_label":"已停","data_time":"2026-05-02 15:53:29+08:00","city_label":"新北市","facility_kind_label":"路邊車格","available_rate":0,"occupancy_rate":1,"price_tier":"unknown","price_tier_label":"價格未知"}},{"type":"Feature","geometry":{"type":"Point","coordinates":[121.439261,25.04959]},"properties":{"supply_id":"new_taipei-onstreet-155381","city":"new_taipei","district":"泰山區","display_name":"莊泰路 車格 155381","address":"莊泰路","facility_kind":"onstreet","symbol_text":null,"type_reference":"路邊停車格","type_confidence":0.6,"price_raw":null,"price_value":null,"capacity_total":1,"available_total":0,"occupied_total":1,"status_label":"已停","data_time":"2026-05-02 15:53:29+08:00","city_label":"新北市","facility_kind_label":"路邊車格","available_rate":0,"occupancy_rate":1,"price_tier":"unknown","price_tier_label":"價格未知"}},{"type":"Feature","geometry":{"type":"Point","coordinates":[121.426237,25.064193]},"properties":{"supply_id":"new_taipei-onstreet-54959","city":"new_taipei","district":"泰山區","display_name":"泰林路二段 車格 54959","address":"泰林路二段","facility_kind":"onstreet","symbol_text":null,"type_reference":"路邊停車格","type_confidence":0.6,"price_raw":null,"price_value":null,"capacity_total":1,"available_total":1,"occupied_total":0,"status_label":"空位","data_time":"2026-05-02 15:53:29+08:00","city_label":"新北市","facility_kind_label":"路邊車格","available_rate":1,"occupancy_rate":0,"price_tier":"unknown","price_tier_label":"價格未知"}},{"type":"Feature","geometry":{"type":"Point","coordinates":[121.423273,25.035386]},"properties":{"supply_id":"new_taipei-onstreet-86837","city":"new_taipei","district":"泰山區","display_name":"明志路三段341巷5弄 車格 86837","address":"明志路三段341巷5弄","facility_kind":"onstreet","symbol_text":null,"type_reference":"路邊停車格","type_confidence":0.6,"price_raw":null,"price_value":null,"capacity_total":1,"available_total":1,"occupied_total":0,"status_label":"空位","data_time":"2026-05-02 15:53:29+08:00","city_label":"新北市","facility_kind_label":"路邊車格","available_rate":1,"occupancy_rate":0,"price_tier":"unknown","price_tier_label":"價格未知"}},{"type":"Feature","geometry":{"type":"Point","coordinates":[121.419725,25.033547]},"properties":{"supply_id":"new_taipei-onstreet-106305","city":"new_taipei","district":"泰山區","display_name":"明志路三段432巷 車格 106305","address":"明志路三段432巷","facility_kind":"onstreet","symbol_text":null,"type_reference":"路邊停車格","type_confidence":0.6,"price_raw":null,"price_value":null,"capacity_total":1,"available_total":1,"occupied_total":0,"status_label":"空位","data_time":"2026-05-02 15:53:29+08:00","city_label":"新北市","facility_kind_label":"路邊車格","available_rate":1,"occupancy_rate":0,"price_tier":"unknown","price_tier_label":"價格未知"}},{"type":"Feature","geometry":{"type":"Point","coordinates":[121.429056,25.064655]},"properties":{"supply_id":"new_taipei-onstreet-55706","city":"new_taipei","district":"泰山區","display_name":"憲訓路 車格 55706","address":"憲訓路","facility_kind":"onstreet","symbol_text":null,"type_reference":"路邊停車格","type_confidence":0.6,"price_raw":null,"price_value":null,"capacity_total":1,"available_total":0,"occupied_total":1,"status_label":"已停","data_time":"2026-05-02 15:53:29+08:00","city_label":"新北市","facility_kind_label":"路邊車格","available_rate":0,"occupancy_rate":1,"price_tier":"unknown","price_tier_label":"價格未知"}},{"type":"Feature","geometry":{"type":"Point","coordinates":[121.423393,25.030186]},"properties":{"supply_id":"new_taipei-onstreet-84334","city":"new_taipei","district":"泰山區","display_name":"貴鳳街 車格 84334","address":"貴鳳街","facility_kind":"onstreet","symbol_text":null,"type_reference":"路邊停車格","type_confidence":0.6,"price_raw":null,"price_value":null,"capacity_total":1,"available_total":1,"occupied_total":0,"status_label":"空位","data_time":"2026-05-02 15:53:29+08:00","city_label":"新北市","facility_kind_label":"路邊車格","available_rate":1,"occupancy_rate":0,"price_tier":"unknown","price_tier_label":"價格未知"}},{"type":"Feature","geometry":{"type":"Point","coordinates":[121.439256,25.049541]},"properties":{"supply_id":"new_taipei-onstreet-155382","city":"new_taipei","district":"泰山區","display_name":"莊泰路 車格 155382","address":"莊泰路","facility_kind":"onstreet","symbol_text":null,"type_reference":"路邊停車格","type_confidence":0.6,"price_raw":null,"price_value":null,"capacity_total":1,"available_total":1,"occupied_total":0,"status_label":"空位","data_time":"2026-05-02 15:53:29+08:00","city_label":"新北市","facility_kind_label":"路邊車格","available_rate":1,"occupancy_rate":0,"price_tier":"unknown","price_tier_label":"價格未知"}},{"type":"Feature","geometry":{"type":"Point","coordinates":[121.428958,25.064699]},"properties":{"supply_id":"new_taipei-onstreet-55716","city":"new_taipei","district":"泰山區","display_name":"憲訓路 車格 55716","address":"憲訓路","facility_kind":"onstreet","symbol_text":null,"type_reference":"路邊停車格","type_confidence":0.6,"price_raw":null,"price_value":null,"capacity_total":1,"available_total":1,"occupied_total":0,"status_label":"空位","data_time":"2026-05-02 15:53:29+08:00","city_label":"新北市","facility_kind_label":"路邊車格","available_rate":1,"occupancy_rate":0,"price_tier":"unknown","price_tier_label":"價格未知"}},{"type":"Feature","geometry":{"type":"Point","coordinates":[121.423756,25.029857]},"properties":{"supply_id":"new_taipei-onstreet-31051","city":"new_taipei","district":"泰山區","display_name":"貴鳳街 車格 31051","address":"貴鳳街","facility_kind":"onstreet","symbol_text":null,"type_reference":"路邊停車格","type_confidence":0.6,"price_raw":null,"price_value":null,"capacity_total":1,"available_total":0,"occupied_total":1,"status_label":"已停","data_time":"2026-05-02 15:53:29+08:00","city_label":"新北市","facility_kind_label":"路邊車格","available_rate":0,"occupancy_rate":1,"price_tier":"unknown","price_tier_label":"價格未知"}},{"type":"Feature","geometry":{"type":"Point","coordinates":[121.439359,25.050434]},"properties":{"supply_id":"new_taipei-onstreet-155386","city":"new_taipei","district":"泰山區","display_name":"莊泰路 車格 155386","address":"莊泰路","facility_kind":"onstreet","symbol_text":null,"type_reference":"路邊停車格","type_confidence":0.6,"price_raw":null,"price_value":null,"capacity_total":1,"available_total":1,"occupied_total":0,"status_label":"空位","data_time":"2026-05-02 15:53:29+08:00","city_label":"新北市","facility_kind_label":"路邊車格","available_rate":1,"occupancy_rate":0,"price_tier":"unknown","price_tier_label":"價格未知"}},{"type":"Feature","geometry":{"type":"Point","coordinates":[121.426291,25.064201]},"properties":{"supply_id":"new_taipei-onstreet-54958","city":"new_taipei","district":"泰山區","display_name":"泰林路二段 車格 54958","address":"泰林路二段","facility_kind":"onstreet","symbol_text":null,"type_reference":"路邊停車格","type_confidence":0.6,"price_raw":null,"price_value":null,"capacity_total":1,"available_total":1,"occupied_total":0,"status_label":"空位","data_time":"2026-05-02 15:53:29+08:00","city_label":"新北市","facility_kind_label":"路邊車格","available_rate":1,"occupancy_rate":0,"price_tier":"unknown","price_tier_label":"價格未知"}},{"type":"Feature","geometry":{"type":"Point","coordinates":[121.434959,25.058044]},"properties":{"supply_id":"new_taipei-onstreet-53579","city":"new_taipei","district":"泰山區","display_name":"福興三街 車格 53579","address":"福興三街","facility_kind":"onstreet","symbol_text":null,"type_reference":"路邊停車格","type_confidence":0.6,"price_raw":null,"price_value":null,"capacity_total":1,"available_total":1,"occupied_total":0,"status_label":"空位","data_time":"2026-05-02 15:53:29+08:00","city_label":"新北市","facility_kind_label":"路邊車格","available_rate":1,"occupancy_rate":0,"price_tier":"unknown","price_tier_label":"價格未知"}},{"type":"Feature","geometry":{"type":"Point","coordinates":[121.428578,25.057521]},"properties":{"supply_id":"new_taipei-onstreet-88003","city":"new_taipei","district":"泰山區","display_name":"辭修路 車格 88003","address":"辭修路","facility_kind":"onstreet","symbol_text":null,"type_reference":"路邊停車格","type_confidence":0.6,"price_raw":null,"price_value":null,"capacity_total":1,"available_total":0,"occupied_total":1,"status_label":"已停","data_time":"2026-05-02 15:53:29+08:00","city_label":"新北市","facility_kind_label":"路邊車格","available_rate":0,"occupancy_rate":1,"price_tier":"unknown","price_tier_label":"價格未知"}},{"type":"Feature","geometry":{"type":"Point","coordinates":[121.425513,25.037682]},"properties":{"supply_id":"new_taipei-onstreet-55691","city":"new_taipei","district":"泰山區","display_name":"台麗街 車格 55691","address":"台麗街","facility_kind":"onstreet","symbol_text":null,"type_reference":"路邊停車格","type_confidence":0.6,"price_raw":null,"price_value":null,"capacity_total":1,"available_total":0,"occupied_total":1,"status_label":"已停","data_time":"2026-05-02 15:53:29+08:00","city_label":"新北市","facility_kind_label":"路邊車格","available_rate":0,"occupancy_rate":1,"price_tier":"unknown","price_tier_label":"價格未知"}},{"type":"Feature","geometry":{"type":"Point","coordinates":[121.423795,25.029822]},"properties":{"supply_id":"new_taipei-onstreet-53605","city":"new_taipei","district":"泰山區","display_name":"貴鳳街 車格 53605","address":"貴鳳街","facility_kind":"onstreet","symbol_text":null,"type_reference":"路邊停車格","type_confidence":0.6,"price_raw":null,"price_value":null,"capacity_total":1,"available_total":1,"occupied_total":0,"status_label":"空位","data_time":"2026-05-02 15:53:29+08:00","city_label":"新北市","facility_kind_label":"路邊車格","available_rate":1,"occupancy_rate":0,"price_tier":"unknown","price_tier_label":"價格未知"}},{"type":"Feature","geometry":{"type":"Point","coordinates":[121.439364,25.050484]},"properties":{"supply_id":"new_taipei-onstreet-155391","city":"new_taipei","district":"泰山區","display_name":"莊泰路 車格 155391","address":"莊泰路","facility_kind":"onstreet","symbol_text":null,"type_reference":"路邊停車格","type_confidence":0.6,"price_raw":null,"price_value":null,"capacity_total":1,"available_total":0,"occupied_total":1,"status_label":"已停","data_time":"2026-05-02 15:53:29+08:00","city_label":"新北市","facility_kind_label":"路邊車格","available_rate":0,"occupancy_rate":1,"price_tier":"unknown","price_tier_label":"價格未知"}},{"type":"Feature","geometry":{"type":"Point","coordinates":[121.428982,25.064796]},"properties":{"supply_id":"new_taipei-onstreet-55713","city":"new_taipei","district":"泰山區","display_name":"憲訓路 車格 55713","address":"憲訓路","facility_kind":"onstreet","symbol_text":null,"type_reference":"路邊停車格","type_confidence":0.6,"price_raw":null,"price_value":null,"capacity_total":1,"available_total":1,"occupied_total":0,"status_label":"空位","data_time":"2026-05-02 15:53:29+08:00","city_label":"新北市","facility_kind_label":"路邊車格","available_rate":1,"occupancy_rate":0,"price_tier":"unknown","price_tier_label":"價格未知"}},{"type":"Feature","geometry":{"type":"Point","coordinates":[121.423666,25.029939]},"properties":{"supply_id":"new_taipei-onstreet-53558","city":"new_taipei","district":"泰山區","display_name":"貴鳳街 車格 53558","address":"貴鳳街","facility_kind":"onstreet","symbol_text":null,"type_reference":"路邊停車格","type_confidence":0.6,"price_raw":null,"price_value":null,"capacity_total":1,"available_total":1,"occupied_total":0,"status_label":"空位","data_time":"2026-05-02 15:53:29+08:00","city_label":"新北市","facility_kind_label":"路邊車格","available_rate":1,"occupancy_rate":0,"price_tier":"unknown","price_tier_label":"價格未知"}},{"type":"Feature","geometry":{"type":"Point","coordinates":[121.439349,25.050335]},"properties":{"supply_id":"new_taipei-onstreet-155388","city":"new_taipei","district":"泰山區","display_name":"莊泰路 車格 155388","address":"莊泰路","facility_kind":"onstreet","symbol_text":null,"type_reference":"路邊停車格","type_confidence":0.6,"price_raw":null,"price_value":null,"capacity_total":1,"available_total":1,"occupied_total":0,"status_label":"空位","data_time":"2026-05-02 15:53:29+08:00","city_label":"新北市","facility_kind_label":"路邊車格","available_rate":1,"occupancy_rate":0,"price_tier":"unknown","price_tier_label":"價格未知"}},{"type":"Feature","geometry":{"type":"Point","coordinates":[121.423628,25.029974]},"properties":{"supply_id":"new_taipei-onstreet-53557","city":"new_taipei","district":"泰山區","display_name":"貴鳳街 車格 53557","address":"貴鳳街","facility_kind":"onstreet","symbol_text":null,"type_reference":"路邊停車格","type_confidence":0.6,"price_raw":null,"price_value":null,"capacity_total":1,"available_total":1,"occupied_total":0,"status_label":"空位","data_time":"2026-05-02 15:53:29+08:00","city_label":"新北市","facility_kind_label":"路邊車格","available_rate":1,"occupancy_rate":0,"price_tier":"unknown","price_tier_label":"價格未知"}},{"type":"Feature","geometry":{"type":"Point","coordinates":[121.423821,25.032134]},"properties":{"supply_id":"new_taipei-onstreet-27677","city":"new_taipei","district":"泰山區","display_name":"貴陽街 車格 27677","address":"貴陽街","facility_kind":"onstreet","symbol_text":null,"type_reference":"路邊停車格","type_confidence":0.6,"price_raw":null,"price_value":null,"capacity_total":1,"available_total":1,"occupied_total":0,"status_label":"空位","data_time":"2026-05-02 15:53:29+08:00","city_label":"新北市","facility_kind_label":"路邊車格","available_rate":1,"occupancy_rate":0,"price_tier":"unknown","price_tier_label":"價格未知"}},{"type":"Feature","geometry":{"type":"Point","coordinates":[121.439343,25.050286]},"properties":{"supply_id":"new_taipei-onstreet-155389","city":"new_taipei","district":"泰山區","display_name":"莊泰路 車格 155389","address":"莊泰路","facility_kind":"onstreet","symbol_text":null,"type_reference":"路邊停車格","type_confidence":0.6,"price_raw":null,"price_value":null,"capacity_total":1,"available_total":1,"occupied_total":0,"status_label":"空位","data_time":"2026-05-02 15:53:29+08:00","city_label":"新北市","facility_kind_label":"路邊車格","available_rate":1,"occupancy_rate":0,"price_tier":"unknown","price_tier_label":"價格未知"}},{"type":"Feature","geometry":{"type":"Point","coordinates":[121.419677,25.03357]},"properties":{"supply_id":"new_taipei-onstreet-106294","city":"new_taipei","district":"泰山區","display_name":"明志路三段432巷 車格 106294","address":"明志路三段432巷","facility_kind":"onstreet","symbol_text":null,"type_reference":"路邊停車格","type_confidence":0.6,"price_raw":null,"price_value":null,"capacity_total":1,"available_total":0,"occupied_total":1,"status_label":"已停","data_time":"2026-05-02 15:53:29+08:00","city_label":"新北市","facility_kind_label":"路邊車格","available_rate":0,"occupancy_rate":1,"price_tier":"unknown","price_tier_label":"價格未知"}},{"type":"Feature","geometry":{"type":"Point","coordinates":[121.426486,25.037294]},"properties":{"supply_id":"new_taipei-onstreet-55701","city":"new_taipei","district":"泰山區","display_name":"台麗街 車格 55701","address":"台麗街","facility_kind":"onstreet","symbol_text":null,"type_reference":"路邊停車格","type_confidence":0.6,"price_raw":null,"price_value":null,"capacity_total":1,"available_total":0,"occupied_total":1,"status_label":"已停","data_time":"2026-05-02 15:53:29+08:00","city_label":"新北市","facility_kind_label":"路邊車格","available_rate":0,"occupancy_rate":1,"price_tier":"unknown","price_tier_label":"價格未知"}},{"type":"Feature","geometry":{"type":"Point","coordinates":[121.419628,25.033592]},"properties":{"supply_id":"new_taipei-onstreet-106295","city":"new_taipei","district":"泰山區","display_name":"明志路三段432巷 車格 106295","address":"明志路三段432巷","facility_kind":"onstreet","symbol_text":null,"type_reference":"路邊停車格","type_confidence":0.6,"price_raw":null,"price_value":null,"capacity_total":1,"available_total":0,"occupied_total":1,"status_label":"已停","data_time":"2026-05-02 15:53:29+08:00","city_label":"新北市","facility_kind_label":"路邊車格","available_rate":0,"occupancy_rate":1,"price_tier":"unknown","price_tier_label":"價格未知"}},{"type":"Feature","geometry":{"type":"Point","coordinates":[121.427887,25.045126]},"properties":{"supply_id":"new_taipei-onstreet-92511","city":"new_taipei","district":"泰山區","display_name":"新生路 車格 92511","address":"新生路","facility_kind":"onstreet","symbol_text":null,"type_reference":"路邊停車格","type_confidence":0.6,"price_raw":null,"price_value":null,"capacity_total":1,"available_total":1,"occupied_total":0,"status_label":"空位","data_time":"2026-05-02 15:53:29+08:00","city_label":"新北市","facility_kind_label":"路邊車格","available_rate":1,"occupancy_rate":0,"price_tier":"unknown","price_tier_label":"價格未知"}},{"type":"Feature","geometry":{"type":"Point","coordinates":[121.432703,25.064451]},"properties":{"supply_id":"new_taipei-onstreet-75065","city":"new_taipei","district":"泰山區","display_name":"美寧街 車格 75065","address":"美寧街","facility_kind":"onstreet","symbol_text":null,"type_reference":"路邊停車格","type_confidence":0.6,"price_raw":null,"price_value":null,"capacity_total":1,"available_total":0,"occupied_total":1,"status_label":"已停","data_time":"2026-05-02 15:53:29+08:00","city_label":"新北市","facility_kind_label":"路邊車格","available_rate":0,"occupancy_rate":1,"price_tier":"unknown","price_tier_label":"價格未知"}},{"type":"Feature","geometry":{"type":"Point","coordinates":[121.428576,25.057486]},"properties":{"supply_id":"new_taipei-onstreet-95895","city":"new_taipei","district":"泰山區","display_name":"辭修路 車格 95895","address":"辭修路","facility_kind":"onstreet","symbol_text":null,"type_reference":"路邊停車格","type_confidence":0.6,"price_raw":null,"price_value":null,"capacity_total":1,"available_total":1,"occupied_total":0,"status_label":"空位","data_time":"2026-05-02 15:53:29+08:00","city_label":"新北市","facility_kind_label":"路邊車格","available_rate":1,"occupancy_rate":0,"price_tier":"unknown","price_tier_label":"價格未知"}},{"type":"Feature","geometry":{"type":"Point","coordinates":[121.419579,25.033614]},"properties":{"supply_id":"new_taipei-onstreet-106304","city":"new_taipei","district":"泰山區","display_name":"明志路三段432巷 車格 106304","address":"明志路三段432巷","facility_kind":"onstreet","symbol_text":null,"type_reference":"路邊停車格","type_confidence":0.6,"price_raw":null,"price_value":null,"capacity_total":1,"available_total":1,"occupied_total":0,"status_label":"空位","data_time":"2026-05-02 15:53:29+08:00","city_label":"新北市","facility_kind_label":"路邊車格","available_rate":1,"occupancy_rate":0,"price_tier":"unknown","price_tier_label":"價格未知"}},{"type":"Feature","geometry":{"type":"Point","coordinates":[121.428923,25.064541]},"properties":{"supply_id":"new_taipei-onstreet-55722","city":"new_taipei","district":"泰山區","display_name":"憲訓路 車格 55722","address":"憲訓路","facility_kind":"onstreet","symbol_text":null,"type_reference":"路邊停車格","type_confidence":0.6,"price_raw":null,"price_value":null,"capacity_total":1,"available_total":1,"occupied_total":0,"status_label":"空位","data_time":"2026-05-02 15:53:29+08:00","city_label":"新北市","facility_kind_label":"路邊車格","available_rate":1,"occupancy_rate":0,"price_tier":"unknown","price_tier_label":"價格未知"}},{"type":"Feature","geometry":{"type":"Point","coordinates":[121.432649,25.06446]},"properties":{"supply_id":"new_taipei-onstreet-22206","city":"new_taipei","district":"泰山區","display_name":"美寧街 車格 22206","address":"美寧街","facility_kind":"onstreet","symbol_text":null,"type_reference":"路邊停車格","type_confidence":0.6,"price_raw":null,"price_value":null,"capacity_total":1,"available_total":1,"occupied_total":0,"status_label":"空位","data_time":"2026-05-02 15:53:29+08:00","city_label":"新北市","facility_kind_label":"路邊車格","available_rate":1,"occupancy_rate":0,"price_tier":"unknown","price_tier_label":"價格未知"}},{"type":"Feature","geometry":{"type":"Point","coordinates":[121.42858,25.057575]},"properties":{"supply_id":"new_taipei-onstreet-88006","city":"new_taipei","district":"泰山區","display_name":"辭修路 車格 88006","address":"辭修路","facility_kind":"onstreet","symbol_text":null,"type_reference":"路邊停車格","type_confidence":0.6,"price_raw":null,"price_value":null,"capacity_total":1,"available_total":1,"occupied_total":0,"status_label":"空位","data_time":"2026-05-02 15:53:29+08:00","city_label":"新北市","facility_kind_label":"路邊車格","available_rate":1,"occupancy_rate":0,"price_tier":"unknown","price_tier_label":"價格未知"}},{"type":"Feature","geometry":{"type":"Point","coordinates":[121.432409,25.064506]},"properties":{"supply_id":"new_taipei-onstreet-55739","city":"new_taipei","district":"泰山區","display_name":"美寧街 車格 55739","address":"美寧街","facility_kind":"onstreet","symbol_text":null,"type_reference":"路邊停車格","type_confidence":0.6,"price_raw":null,"price_value":null,"capacity_total":1,"available_total":1,"occupied_total":0,"status_label":"空位","data_time":"2026-05-02 15:53:29+08:00","city_label":"新北市","facility_kind_label":"路邊車格","available_rate":1,"occupancy_rate":0,"price_tier":"unknown","price_tier_label":"價格未知"}},{"type":"Feature","geometry":{"type":"Point","coordinates":[121.430459,25.04815]},"properties":{"supply_id":"new_taipei-onstreet-54898","city":"new_taipei","district":"泰山區","display_name":"文程路 車格 54898","address":"文程路","facility_kind":"onstreet","symbol_text":null,"type_reference":"路邊停車格","type_confidence":0.6,"price_raw":null,"price_value":null,"capacity_total":1,"available_total":1,"occupied_total":0,"status_label":"空位","data_time":"2026-05-02 15:53:29+08:00","city_label":"新北市","facility_kind_label":"路邊車格","available_rate":1,"occupancy_rate":0,"price_tier":"unknown","price_tier_label":"價格未知"}},{"type":"Feature","geometry":{"type":"Point","coordinates":[121.432138,25.064537]},"properties":{"supply_id":"new_taipei-onstreet-55734","city":"new_taipei","district":"泰山區","display_name":"美寧街 車格 55734","address":"美寧街","facility_kind":"onstreet","symbol_text":null,"type_reference":"路邊停車格","type_confidence":0.6,"price_raw":null,"price_value":null,"capacity_total":1,"available_total":1,"occupied_total":0,"status_label":"空位","data_time":"2026-05-02 15:53:29+08:00","city_label":"新北市","facility_kind_label":"路邊車格","available_rate":1,"occupancy_rate":0,"price_tier":"unknown","price_tier_label":"價格未知"}},{"type":"Feature","geometry":{"type":"Point","coordinates":[121.428588,25.057633]},"properties":{"supply_id":"new_taipei-onstreet-89965","city":"new_taipei","district":"泰山區","display_name":"辭修路 車格 89965","address":"辭修路","facility_kind":"onstreet","symbol_text":null,"type_reference":"路邊停車格","type_confidence":0.6,"price_raw":null,"price_value":null,"capacity_total":1,"available_total":0,"occupied_total":1,"status_label":"已停","data_time":"2026-05-02 15:53:29+08:00","city_label":"新北市","facility_kind_label":"路邊車格","available_rate":0,"occupancy_rate":1,"price_tier":"unknown","price_tier_label":"價格未知"}},{"type":"Feature","geometry":{"type":"Point","coordinates":[121.429969,25.048391]},"properties":{"supply_id":"new_taipei-onstreet-54906","city":"new_taipei","district":"泰山區","display_name":"文程路 車格 54906","address":"文程路","facility_kind":"onstreet","symbol_text":null,"type_reference":"路邊停車格","type_confidence":0.6,"price_raw":null,"price_value":null,"capacity_total":1,"available_total":1,"occupied_total":0,"status_label":"空位","data_time":"2026-05-02 15:53:29+08:00","city_label":"新北市","facility_kind_label":"路邊車格","available_rate":1,"occupancy_rate":0,"price_tier":"unknown","price_tier_label":"價格未知"}},{"type":"Feature","geometry":{"type":"Point","coordinates":[121.429818,25.048465]},"properties":{"supply_id":"new_taipei-onstreet-54908","city":"new_taipei","district":"泰山區","display_name":"文程路 車格 54908","address":"文程路","facility_kind":"onstreet","symbol_text":null,"type_reference":"路邊停車格","type_confidence":0.6,"price_raw":null,"price_value":null,"capacity_total":1,"available_total":1,"occupied_total":0,"status_label":"空位","data_time":"2026-05-02 15:53:29+08:00","city_label":"新北市","facility_kind_label":"路邊車格","available_rate":1,"occupancy_rate":0,"price_tier":"unknown","price_tier_label":"價格未知"}},{"type":"Feature","geometry":{"type":"Point","coordinates":[121.432354,25.064512]},"properties":{"supply_id":"new_taipei-onstreet-55738","city":"new_taipei","district":"泰山區","display_name":"美寧街 車格 55738","address":"美寧街","facility_kind":"onstreet","symbol_text":null,"type_reference":"路邊停車格","type_confidence":0.6,"price_raw":null,"price_value":null,"capacity_total":1,"available_total":1,"occupied_total":0,"status_label":"空位","data_time":"2026-05-02 15:53:29+08:00","city_label":"新北市","facility_kind_label":"路邊車格","available_rate":1,"occupancy_rate":0,"price_tier":"unknown","price_tier_label":"價格未知"}},{"type":"Feature","geometry":{"type":"Point","coordinates":[121.428898,25.064445]},"properties":{"supply_id":"new_taipei-onstreet-55723","city":"new_taipei","district":"泰山區","display_name":"憲訓路 車格 55723","address":"憲訓路","facility_kind":"onstreet","symbol_text":null,"type_reference":"路邊停車格","type_confidence":0.6,"price_raw":null,"price_value":null,"capacity_total":1,"available_total":0,"occupied_total":1,"status_label":"已停","data_time":"2026-05-02 15:53:29+08:00","city_label":"新北市","facility_kind_label":"路邊車格","available_rate":0,"occupancy_rate":1,"price_tier":"unknown","price_tier_label":"價格未知"}},{"type":"Feature","geometry":{"type":"Point","coordinates":[121.439183,25.050853]},"properties":{"supply_id":"new_taipei-onstreet-155367","city":"new_taipei","district":"泰山區","display_name":"莊泰路 車格 155367","address":"莊泰路","facility_kind":"onstreet","symbol_text":null,"type_reference":"路邊停車格","type_confidence":0.6,"price_raw":null,"price_value":null,"capacity_total":1,"available_total":1,"occupied_total":0,"status_label":"空位","data_time":"2026-05-02 15:53:29+08:00","city_label":"新北市","facility_kind_label":"路邊車格","available_rate":1,"occupancy_rate":0,"price_tier":"unknown","price_tier_label":"價格未知"}},{"type":"Feature","geometry":{"type":"Point","coordinates":[121.42331,25.06377]},"properties":{"supply_id":"new_taipei-onstreet-54961","city":"new_taipei","district":"泰山區","display_name":"泰林路二段 車格 54961","address":"泰林路二段","facility_kind":"onstreet","symbol_text":null,"type_reference":"路邊停車格","type_confidence":0.6,"price_raw":null,"price_value":null,"capacity_total":1,"available_total":1,"occupied_total":0,"status_label":"空位","data_time":"2026-05-02 15:53:29+08:00","city_label":"新北市","facility_kind_label":"路邊車格","available_rate":1,"occupancy_rate":0,"price_tier":"unknown","price_tier_label":"價格未知"}},{"type":"Feature","geometry":{"type":"Point","coordinates":[121.432084,25.064544]},"properties":{"supply_id":"new_taipei-onstreet-55732","city":"new_taipei","district":"泰山區","display_name":"美寧街 車格 55732","address":"美寧街","facility_kind":"onstreet","symbol_text":null,"type_reference":"路邊停車格","type_confidence":0.6,"price_raw":null,"price_value":null,"capacity_total":1,"available_total":0,"occupied_total":1,"status_label":"已停","data_time":"2026-05-02 15:53:29+08:00","city_label":"新北市","facility_kind_label":"路邊車格","available_rate":0,"occupancy_rate":1,"price_tier":"unknown","price_tier_label":"價格未知"}},{"type":"Feature","geometry":{"type":"Point","coordinates":[121.428579,25.057539]},"properties":{"supply_id":"new_taipei-onstreet-88004","city":"new_taipei","district":"泰山區","display_name":"辭修路 車格 88004","address":"辭修路","facility_kind":"onstreet","symbol_text":null,"type_reference":"路邊停車格","type_confidence":0.6,"price_raw":null,"price_value":null,"capacity_total":1,"available_total":1,"occupied_total":0,"status_label":"空位","data_time":"2026-05-02 15:53:29+08:00","city_label":"新北市","facility_kind_label":"路邊車格","available_rate":1,"occupancy_rate":0,"price_tier":"unknown","price_tier_label":"價格未知"}},{"type":"Feature","geometry":{"type":"Point","coordinates":[121.423703,25.063826]},"properties":{"supply_id":"new_taipei-onstreet-87343","city":"new_taipei","district":"泰山區","display_name":"泰林路二段 車格 87343","address":"泰林路二段","facility_kind":"onstreet","symbol_text":null,"type_reference":"路邊停車格","type_confidence":0.6,"price_raw":null,"price_value":null,"capacity_total":1,"available_total":0,"occupied_total":1,"status_label":"已停","data_time":"2026-05-02 15:53:29+08:00","city_label":"新北市","facility_kind_label":"路邊車格","available_rate":0,"occupancy_rate":1,"price_tier":"unknown","price_tier_label":"價格未知"}},{"type":"Feature","geometry":{"type":"Point","coordinates":[121.430101,25.048326]},"properties":{"supply_id":"new_taipei-onstreet-35521","city":"new_taipei","district":"泰山區","display_name":"文程路 車格 35521","address":"文程路","facility_kind":"onstreet","symbol_text":null,"type_reference":"路邊停車格","type_confidence":0.6,"price_raw":null,"price_value":null,"capacity_total":1,"available_total":0,"occupied_total":1,"status_label":"已停","data_time":"2026-05-02 15:53:29+08:00","city_label":"新北市","facility_kind_label":"路邊車格","available_rate":0,"occupancy_rate":1,"price_tier":"unknown","price_tier_label":"價格未知"}},{"type":"Feature","geometry":{"type":"Point","coordinates":[121.4323,25.064518]},"properties":{"supply_id":"new_taipei-onstreet-74406","city":"new_taipei","district":"泰山區","display_name":"美寧街 車格 74406","address":"美寧街","facility_kind":"onstreet","symbol_text":null,"type_reference":"路邊停車格","type_confidence":0.6,"price_raw":null,"price_value":null,"capacity_total":1,"available_total":0,"occupied_total":1,"status_label":"已停","data_time":"2026-05-02 15:53:29+08:00","city_label":"新北市","facility_kind_label":"路邊車格","available_rate":0,"occupancy_rate":1,"price_tier":"unknown","price_tier_label":"價格未知"}},{"type":"Feature","geometry":{"type":"Point","coordinates":[121.423933,25.029869]},"properties":{"supply_id":"new_taipei-onstreet-53562","city":"new_taipei","district":"泰山區","display_name":"貴鳳街 車格 53562","address":"貴鳳街","facility_kind":"onstreet","symbol_text":null,"type_reference":"路邊停車格","type_confidence":0.6,"price_raw":null,"price_value":null,"capacity_total":1,"available_total":1,"occupied_total":0,"status_label":"空位","data_time":"2026-05-02 15:53:29+08:00","city_label":"新北市","facility_kind_label":"路邊車格","available_rate":1,"occupancy_rate":0,"price_tier":"unknown","price_tier_label":"價格未知"}},{"type":"Feature","geometry":{"type":"Point","coordinates":[121.439172,25.050705]},"properties":{"supply_id":"new_taipei-onstreet-155370","city":"new_taipei","district":"泰山區","display_name":"莊泰路 車格 155370","address":"莊泰路","facility_kind":"onstreet","symbol_text":null,"type_reference":"路邊停車格","type_confidence":0.6,"price_raw":null,"price_value":null,"capacity_total":1,"available_total":1,"occupied_total":0,"status_label":"空位","data_time":"2026-05-02 15:53:29+08:00","city_label":"新北市","facility_kind_label":"路邊車格","available_rate":1,"occupancy_rate":0,"price_tier":"unknown","price_tier_label":"價格未知"}},{"type":"Feature","geometry":{"type":"Point","coordinates":[121.428579,25.057557]},"properties":{"supply_id":"new_taipei-onstreet-88005","city":"new_taipei","district":"泰山區","display_name":"辭修路 車格 88005","address":"辭修路","facility_kind":"onstreet","symbol_text":null,"type_reference":"路邊停車格","type_confidence":0.6,"price_raw":null,"price_value":null,"capacity_total":1,"available_total":0,"occupied_total":1,"status_label":"已停","data_time":"2026-05-02 15:53:29+08:00","city_label":"新北市","facility_kind_label":"路邊車格","available_rate":0,"occupancy_rate":1,"price_tier":"unknown","price_tier_label":"價格未知"}},{"type":"Feature","geometry":{"type":"Point","coordinates":[121.428637,25.044759]},"properties":{"supply_id":"new_taipei-onstreet-95769","city":"new_taipei","district":"泰山區","display_name":"新生路 車格 95769","address":"新生路","facility_kind":"onstreet","symbol_text":null,"type_reference":"路邊停車格","type_confidence":0.6,"price_raw":null,"price_value":null,"capacity_total":1,"available_total":1,"occupied_total":0,"status_label":"空位","data_time":"2026-05-02 15:53:29+08:00","city_label":"新北市","facility_kind_label":"路邊車格","available_rate":1,"occupancy_rate":0,"price_tier":"unknown","price_tier_label":"價格未知"}},{"type":"Feature","geometry":{"type":"Point","coordinates":[121.423591,25.063809]},"properties":{"supply_id":"new_taipei-onstreet-54960","city":"new_taipei","district":"泰山區","display_name":"泰林路二段 車格 54960","address":"泰林路二段","facility_kind":"onstreet","symbol_text":null,"type_reference":"路邊停車格","type_confidence":0.6,"price_raw":null,"price_value":null,"capacity_total":1,"available_total":1,"occupied_total":0,"status_label":"空位","data_time":"2026-05-02 15:53:29+08:00","city_label":"新北市","facility_kind_label":"路邊車格","available_rate":1,"occupancy_rate":0,"price_tier":"unknown","price_tier_label":"價格未知"}},{"type":"Feature","geometry":{"type":"Point","coordinates":[121.424914,25.04043]},"properties":{"supply_id":"new_taipei-onstreet-54781","city":"new_taipei","district":"泰山區","display_name":"明志路三段 車格 54781","address":"明志路三段","facility_kind":"onstreet","symbol_text":null,"type_reference":"路邊停車格","type_confidence":0.6,"price_raw":null,"price_value":null,"capacity_total":1,"available_total":1,"occupied_total":0,"status_label":"空位","data_time":"2026-05-02 15:53:29+08:00","city_label":"新北市","facility_kind_label":"路邊車格","available_rate":1,"occupancy_rate":0,"price_tier":"unknown","price_tier_label":"價格未知"}},{"type":"Feature","geometry":{"type":"Point","coordinates":[121.433403,25.061281]},"properties":{"supply_id":"new_taipei-onstreet-84761","city":"new_taipei","district":"泰山區","display_name":"泰林路二段 車格 84761","address":"泰林路二段","facility_kind":"onstreet","symbol_text":null,"type_reference":"路邊停車格","type_confidence":0.6,"price_raw":null,"price_value":null,"capacity_total":1,"available_total":0,"occupied_total":1,"status_label":"已停","data_time":"2026-05-02 15:53:29+08:00","city_label":"新北市","facility_kind_label":"路邊車格","available_rate":0,"occupancy_rate":1,"price_tier":"unknown","price_tier_label":"價格未知"}},{"type":"Feature","geometry":{"type":"Point","coordinates":[121.430507,25.048126]},"properties":{"supply_id":"new_taipei-onstreet-54907","city":"new_taipei","district":"泰山區","display_name":"文程路 車格 54907","address":"文程路","facility_kind":"onstreet","symbol_text":null,"type_reference":"路邊停車格","type_confidence":0.6,"price_raw":null,"price_value":null,"capacity_total":1,"available_total":1,"occupied_total":0,"status_label":"空位","data_time":"2026-05-02 15:53:29+08:00","city_label":"新北市","facility_kind_label":"路邊車格","available_rate":1,"occupancy_rate":0,"price_tier":"unknown","price_tier_label":"價格未知"}},{"type":"Feature","geometry":{"type":"Point","coordinates":[121.430364,25.048197]},"properties":{"supply_id":"new_taipei-onstreet-54896","city":"new_taipei","district":"泰山區","display_name":"文程路 車格 54896","address":"文程路","facility_kind":"onstreet","symbol_text":null,"type_reference":"路邊停車格","type_confidence":0.6,"price_raw":null,"price_value":null,"capacity_total":1,"available_total":1,"occupied_total":0,"status_label":"空位","data_time":"2026-05-02 15:53:29+08:00","city_label":"新北市","facility_kind_label":"路邊車格","available_rate":1,"occupancy_rate":0,"price_tier":"unknown","price_tier_label":"價格未知"}},{"type":"Feature","geometry":{"type":"Point","coordinates":[121.431928,25.064565]},"properties":{"supply_id":"new_taipei-onstreet-55725","city":"new_taipei","district":"泰山區","display_name":"美寧街 車格 55725","address":"美寧街","facility_kind":"onstreet","symbol_text":null,"type_reference":"路邊停車格","type_confidence":0.6,"price_raw":null,"price_value":null,"capacity_total":1,"available_total":1,"occupied_total":0,"status_label":"空位","data_time":"2026-05-02 15:53:29+08:00","city_label":"新北市","facility_kind_label":"路邊車格","available_rate":1,"occupancy_rate":0,"price_tier":"unknown","price_tier_label":"價格未知"}},{"type":"Feature","geometry":{"type":"Point","coordinates":[121.432246,25.064525]},"properties":{"supply_id":"new_taipei-onstreet-55737","city":"new_taipei","district":"泰山區","display_name":"美寧街 車格 55737","address":"美寧街","facility_kind":"onstreet","symbol_text":null,"type_reference":"路邊停車格","type_confidence":0.6,"price_raw":null,"price_value":null,"capacity_total":1,"available_total":1,"occupied_total":0,"status_label":"空位","data_time":"2026-05-02 15:53:29+08:00","city_label":"新北市","facility_kind_label":"路邊車格","available_rate":1,"occupancy_rate":0,"price_tier":"unknown","price_tier_label":"價格未知"}},{"type":"Feature","geometry":{"type":"Point","coordinates":[121.431011,25.062586]},"properties":{"supply_id":"new_taipei-onstreet-87739","city":"new_taipei","district":"泰山區","display_name":"泰林路二段 車格 87739","address":"泰林路二段","facility_kind":"onstreet","symbol_text":null,"type_reference":"路邊停車格","type_confidence":0.6,"price_raw":null,"price_value":null,"capacity_total":1,"available_total":0,"occupied_total":1,"status_label":"已停","data_time":"2026-05-02 15:53:29+08:00","city_label":"新北市","facility_kind_label":"路邊車格","available_rate":0,"occupancy_rate":1,"price_tier":"unknown","price_tier_label":"價格未知"}},{"type":"Feature","geometry":{"type":"Point","coordinates":[121.423637,25.037932]},"properties":{"supply_id":"new_taipei-onstreet-35421","city":"new_taipei","district":"泰山區","display_name":"明志路三段 車格 35421","address":"明志路三段","facility_kind":"onstreet","symbol_text":null,"type_reference":"路邊停車格","type_confidence":0.6,"price_raw":null,"price_value":null,"capacity_total":1,"available_total":1,"occupied_total":0,"status_label":"空位","data_time":"2026-05-02 15:53:29+08:00","city_label":"新北市","facility_kind_label":"路邊車格","available_rate":1,"occupancy_rate":0,"price_tier":"unknown","price_tier_label":"價格未知"}},{"type":"Feature","geometry":{"type":"Point","coordinates":[121.428685,25.044736]},"properties":{"supply_id":"new_taipei-onstreet-95770","city":"new_taipei","district":"泰山區","display_name":"新生路 車格 95770","address":"新生路","facility_kind":"onstreet","symbol_text":null,"type_reference":"路邊停車格","type_confidence":0.6,"price_raw":null,"price_value":null,"capacity_total":1,"available_total":1,"occupied_total":0,"status_label":"空位","data_time":"2026-05-02 15:53:29+08:00","city_label":"新北市","facility_kind_label":"路邊車格","available_rate":1,"occupancy_rate":0,"price_tier":"unknown","price_tier_label":"價格未知"}},{"type":"Feature","geometry":{"type":"Point","coordinates":[121.428639,25.057706]},"properties":{"supply_id":"new_taipei-onstreet-89973","city":"new_taipei","district":"泰山區","display_name":"辭修路 車格 89973","address":"辭修路","facility_kind":"onstreet","symbol_text":null,"type_reference":"路邊停車格","type_confidence":0.6,"price_raw":null,"price_value":null,"capacity_total":1,"available_total":1,"occupied_total":0,"status_label":"空位","data_time":"2026-05-02 15:53:29+08:00","city_label":"新北市","facility_kind_label":"路邊車格","available_rate":1,"occupancy_rate":0,"price_tier":"unknown","price_tier_label":"價格未知"}},{"type":"Feature","geometry":{"type":"Point","coordinates":[121.426991,25.064208]},"properties":{"supply_id":"new_taipei-onstreet-54953","city":"new_taipei","district":"泰山區","display_name":"泰林路二段 車格 54953","address":"泰林路二段","facility_kind":"onstreet","symbol_text":null,"type_reference":"路邊停車格","type_confidence":0.6,"price_raw":null,"price_value":null,"capacity_total":1,"available_total":1,"occupied_total":0,"status_label":"空位","data_time":"2026-05-02 15:53:29+08:00","city_label":"新北市","facility_kind_label":"路邊車格","available_rate":1,"occupancy_rate":0,"price_tier":"unknown","price_tier_label":"價格未知"}},{"type":"Feature","geometry":{"type":"Point","coordinates":[121.423766,25.038148]},"properties":{"supply_id":"new_taipei-onstreet-54788","city":"new_taipei","district":"泰山區","display_name":"明志路三段 車格 54788","address":"明志路三段","facility_kind":"onstreet","symbol_text":null,"type_reference":"路邊停車格","type_confidence":0.6,"price_raw":null,"price_value":null,"capacity_total":1,"available_total":1,"occupied_total":0,"status_label":"空位","data_time":"2026-05-02 15:53:29+08:00","city_label":"新北市","facility_kind_label":"路邊車格","available_rate":1,"occupancy_rate":0,"price_tier":"unknown","price_tier_label":"價格未知"}},{"type":"Feature","geometry":{"type":"Point","coordinates":[121.42891,25.064493]},"properties":{"supply_id":"new_taipei-onstreet-55714","city":"new_taipei","district":"泰山區","display_name":"憲訓路 車格 55714","address":"憲訓路","facility_kind":"onstreet","symbol_text":null,"type_reference":"路邊停車格","type_confidence":0.6,"price_raw":null,"price_value":null,"capacity_total":1,"available_total":1,"occupied_total":0,"status_label":"空位","data_time":"2026-05-02 15:53:29+08:00","city_label":"新北市","facility_kind_label":"路邊車格","available_rate":1,"occupancy_rate":0,"price_tier":"unknown","price_tier_label":"價格未知"}},{"type":"Feature","geometry":{"type":"Point","coordinates":[121.439369,25.050533]},"properties":{"supply_id":"new_taipei-onstreet-155390","city":"new_taipei","district":"泰山區","display_name":"莊泰路 車格 155390","address":"莊泰路","facility_kind":"onstreet","symbol_text":null,"type_reference":"路邊停車格","type_confidence":0.6,"price_raw":null,"price_value":null,"capacity_total":1,"available_total":1,"occupied_total":0,"status_label":"空位","data_time":"2026-05-02 15:53:29+08:00","city_label":"新北市","facility_kind_label":"路邊車格","available_rate":1,"occupancy_rate":0,"price_tier":"unknown","price_tier_label":"價格未知"}},{"type":"Feature","geometry":{"type":"Point","coordinates":[121.428804,25.044676]},"properties":{"supply_id":"new_taipei-onstreet-87422","city":"new_taipei","district":"泰山區","display_name":"新生路 車格 87422","address":"新生路","facility_kind":"onstreet","symbol_text":null,"type_reference":"路邊停車格","type_confidence":0.6,"price_raw":null,"price_value":null,"capacity_total":1,"available_total":1,"occupied_total":0,"status_label":"空位","data_time":"2026-05-02 15:53:29+08:00","city_label":"新北市","facility_kind_label":"路邊車格","available_rate":1,"occupancy_rate":0,"price_tier":"unknown","price_tier_label":"價格未知"}},{"type":"Feature","geometry":{"type":"Point","coordinates":[121.43091,25.047926]},"properties":{"supply_id":"new_taipei-onstreet-54910","city":"new_taipei","district":"泰山區","display_name":"文程路 車格 54910","address":"文程路","facility_kind":"onstreet","symbol_text":null,"type_reference":"路邊停車格","type_confidence":0.6,"price_raw":null,"price_value":null,"capacity_total":1,"available_total":0,"occupied_total":1,"status_label":"已停","data_time":"2026-05-02 15:53:29+08:00","city_label":"新北市","facility_kind_label":"路邊車格","available_rate":0,"occupancy_rate":1,"price_tier":"unknown","price_tier_label":"價格未知"}},{"type":"Feature","geometry":{"type":"Point","coordinates":[121.42374,25.038105]},"properties":{"supply_id":"new_taipei-onstreet-54791","city":"new_taipei","district":"泰山區","display_name":"明志路三段 車格 54791","address":"明志路三段","facility_kind":"onstreet","symbol_text":null,"type_reference":"路邊停車格","type_confidence":0.6,"price_raw":null,"price_value":null,"capacity_total":1,"available_total":1,"occupied_total":0,"status_label":"空位","data_time":"2026-05-02 15:53:29+08:00","city_label":"新北市","facility_kind_label":"路邊車格","available_rate":1,"occupancy_rate":0,"price_tier":"unknown","price_tier_label":"價格未知"}},{"type":"Feature","geometry":{"type":"Point","coordinates":[121.428885,25.064396]},"properties":{"supply_id":"new_taipei-onstreet-55712","city":"new_taipei","district":"泰山區","display_name":"憲訓路 車格 55712","address":"憲訓路","facility_kind":"onstreet","symbol_text":null,"type_reference":"路邊停車格","type_confidence":0.6,"price_raw":null,"price_value":null,"capacity_total":1,"available_total":1,"occupied_total":0,"status_label":"空位","data_time":"2026-05-02 15:53:29+08:00","city_label":"新北市","facility_kind_label":"路邊車格","available_rate":1,"occupancy_rate":0,"price_tier":"unknown","price_tier_label":"價格未知"}},{"type":"Feature","geometry":{"type":"Point","coordinates":[121.424157,25.029669]},"properties":{"supply_id":"new_taipei-onstreet-74236","city":"new_taipei","district":"泰山區","display_name":"貴鳳街 車格 74236","address":"貴鳳街","facility_kind":"onstreet","symbol_text":null,"type_reference":"路邊停車格","type_confidence":0.6,"price_raw":null,"price_value":null,"capacity_total":1,"available_total":1,"occupied_total":0,"status_label":"空位","data_time":"2026-05-02 15:53:29+08:00","city_label":"新北市","facility_kind_label":"路邊車格","available_rate":1,"occupancy_rate":0,"price_tier":"unknown","price_tier_label":"價格未知"}},{"type":"Feature","geometry":{"type":"Point","coordinates":[121.430412,25.048173]},"properties":{"supply_id":"new_taipei-onstreet-54911","city":"new_taipei","district":"泰山區","display_name":"文程路 車格 54911","address":"文程路","facility_kind":"onstreet","symbol_text":null,"type_reference":"路邊停車格","type_confidence":0.6,"price_raw":null,"price_value":null,"capacity_total":1,"available_total":1,"occupied_total":0,"status_label":"空位","data_time":"2026-05-02 15:53:29+08:00","city_label":"新北市","facility_kind_label":"路邊車格","available_rate":1,"occupancy_rate":0,"price_tier":"unknown","price_tier_label":"價格未知"}},{"type":"Feature","geometry":{"type":"Point","coordinates":[121.432192,25.064531]},"properties":{"supply_id":"new_taipei-onstreet-55736","city":"new_taipei","district":"泰山區","display_name":"美寧街 車格 55736","address":"美寧街","facility_kind":"onstreet","symbol_text":null,"type_reference":"路邊停車格","type_confidence":0.6,"price_raw":null,"price_value":null,"capacity_total":1,"available_total":1,"occupied_total":0,"status_label":"空位","data_time":"2026-05-02 15:53:29+08:00","city_label":"新北市","facility_kind_label":"路邊車格","available_rate":1,"occupancy_rate":0,"price_tier":"unknown","price_tier_label":"價格未知"}},{"type":"Feature","geometry":{"type":"Point","coordinates":[121.428584,25.057616]},"properties":{"supply_id":"new_taipei-onstreet-88007","city":"new_taipei","district":"泰山區","display_name":"辭修路 車格 88007","address":"辭修路","facility_kind":"onstreet","symbol_text":null,"type_reference":"路邊停車格","type_confidence":0.6,"price_raw":null,"price_value":null,"capacity_total":1,"available_total":1,"occupied_total":0,"status_label":"空位","data_time":"2026-05-02 15:53:29+08:00","city_label":"新北市","facility_kind_label":"路邊車格","available_rate":1,"occupancy_rate":0,"price_tier":"unknown","price_tier_label":"價格未知"}},{"type":"Feature","geometry":{"type":"Point","coordinates":[121.428353,25.063796]},"properties":{"supply_id":"new_taipei-onstreet-54952","city":"new_taipei","district":"泰山區","display_name":"泰林路二段 車格 54952","address":"泰林路二段","facility_kind":"onstreet","symbol_text":null,"type_reference":"路邊停車格","type_confidence":0.6,"price_raw":null,"price_value":null,"capacity_total":1,"available_total":1,"occupied_total":0,"status_label":"空位","data_time":"2026-05-02 15:53:29+08:00","city_label":"新北市","facility_kind_label":"路邊車格","available_rate":1,"occupancy_rate":0,"price_tier":"unknown","price_tier_label":"價格未知"}},{"type":"Feature","geometry":{"type":"Point","coordinates":[121.423715,25.038064]},"properties":{"supply_id":"new_taipei-onstreet-54789","city":"new_taipei","district":"泰山區","display_name":"明志路三段 車格 54789","address":"明志路三段","facility_kind":"onstreet","symbol_text":null,"type_reference":"路邊停車格","type_confidence":0.6,"price_raw":null,"price_value":null,"capacity_total":1,"available_total":1,"occupied_total":0,"status_label":"空位","data_time":"2026-05-02 15:53:29+08:00","city_label":"新北市","facility_kind_label":"路邊車格","available_rate":1,"occupancy_rate":0,"price_tier":"unknown","price_tier_label":"價格未知"}},{"type":"Feature","geometry":{"type":"Point","coordinates":[121.424008,25.029802]},"properties":{"supply_id":"new_taipei-onstreet-53561","city":"new_taipei","district":"泰山區","display_name":"貴鳳街 車格 53561","address":"貴鳳街","facility_kind":"onstreet","symbol_text":null,"type_reference":"路邊停車格","type_confidence":0.6,"price_raw":null,"price_value":null,"capacity_total":1,"available_total":1,"occupied_total":0,"status_label":"空位","data_time":"2026-05-02 15:53:29+08:00","city_label":"新北市","facility_kind_label":"路邊車格","available_rate":1,"occupancy_rate":0,"price_tier":"unknown","price_tier_label":"價格未知"}},{"type":"Feature","geometry":{"type":"Point","coordinates":[121.428628,25.057691]},"properties":{"supply_id":"new_taipei-onstreet-89972","city":"new_taipei","district":"泰山區","display_name":"辭修路 車格 89972","address":"辭修路","facility_kind":"onstreet","symbol_text":null,"type_reference":"路邊停車格","type_confidence":0.6,"price_raw":null,"price_value":null,"capacity_total":1,"available_total":0,"occupied_total":1,"status_label":"已停","data_time":"2026-05-02 15:53:29+08:00","city_label":"新北市","facility_kind_label":"路邊車格","available_rate":0,"occupancy_rate":1,"price_tier":"unknown","price_tier_label":"價格未知"}},{"type":"Feature","geometry":{"type":"Point","coordinates":[121.428872,25.064348]},"properties":{"supply_id":"new_taipei-onstreet-55715","city":"new_taipei","district":"泰山區","display_name":"憲訓路 車格 55715","address":"憲訓路","facility_kind":"onstreet","symbol_text":null,"type_reference":"路邊停車格","type_confidence":0.6,"price_raw":null,"price_value":null,"capacity_total":1,"available_total":1,"occupied_total":0,"status_label":"空位","data_time":"2026-05-02 15:53:29+08:00","city_label":"新北市","facility_kind_label":"路邊車格","available_rate":1,"occupancy_rate":0,"price_tier":"unknown","price_tier_label":"價格未知"}},{"type":"Feature","geometry":{"type":"Point","coordinates":[121.428859,25.0643]},"properties":{"supply_id":"new_taipei-onstreet-88781","city":"new_taipei","district":"泰山區","display_name":"憲訓路 車格 88781","address":"憲訓路","facility_kind":"onstreet","symbol_text":null,"type_reference":"路邊停車格","type_confidence":0.6,"price_raw":null,"price_value":null,"capacity_total":1,"available_total":1,"occupied_total":0,"status_label":"空位","data_time":"2026-05-02 15:53:29+08:00","city_label":"新北市","facility_kind_label":"路邊車格","available_rate":1,"occupancy_rate":0,"price_tier":"unknown","price_tier_label":"價格未知"}},{"type":"Feature","geometry":{"type":"Point","coordinates":[121.43203,25.06455]},"properties":{"supply_id":"new_taipei-onstreet-55730","city":"new_taipei","district":"泰山區","display_name":"美寧街 車格 55730","address":"美寧街","facility_kind":"onstreet","symbol_text":null,"type_reference":"路邊停車格","type_confidence":0.6,"price_raw":null,"price_value":null,"capacity_total":1,"available_total":1,"occupied_total":0,"status_label":"空位","data_time":"2026-05-02 15:53:29+08:00","city_label":"新北市","facility_kind_label":"路邊車格","available_rate":1,"occupancy_rate":0,"price_tier":"unknown","price_tier_label":"價格未知"}},{"type":"Feature","geometry":{"type":"Point","coordinates":[121.423663,25.037975]},"properties":{"supply_id":"new_taipei-onstreet-54790","city":"new_taipei","district":"泰山區","display_name":"明志路三段 車格 54790","address":"明志路三段","facility_kind":"onstreet","symbol_text":null,"type_reference":"路邊停車格","type_confidence":0.6,"price_raw":null,"price_value":null,"capacity_total":1,"available_total":1,"occupied_total":0,"status_label":"空位","data_time":"2026-05-02 15:53:29+08:00","city_label":"新北市","facility_kind_label":"路邊車格","available_rate":1,"occupancy_rate":0,"price_tier":"unknown","price_tier_label":"價格未知"}},{"type":"Feature","geometry":{"type":"Point","coordinates":[121.423875,25.029921]},"properties":{"supply_id":"new_taipei-onstreet-53568","city":"new_taipei","district":"泰山區","display_name":"貴鳳街 車格 53568","address":"貴鳳街","facility_kind":"onstreet","symbol_text":null,"type_reference":"路邊停車格","type_confidence":0.6,"price_raw":null,"price_value":null,"capacity_total":1,"available_total":1,"occupied_total":0,"status_label":"空位","data_time":"2026-05-02 15:53:29+08:00","city_label":"新北市","facility_kind_label":"路邊車格","available_rate":1,"occupancy_rate":0,"price_tier":"unknown","price_tier_label":"價格未知"}},{"type":"Feature","geometry":{"type":"Point","coordinates":[121.42867,25.057741]},"properties":{"supply_id":"new_taipei-onstreet-42436","city":"new_taipei","district":"泰山區","display_name":"辭修路 車格 42436","address":"辭修路","facility_kind":"onstreet","symbol_text":null,"type_reference":"路邊停車格","type_confidence":0.6,"price_raw":null,"price_value":null,"capacity_total":1,"available_total":0,"occupied_total":1,"status_label":"已停","data_time":"2026-05-02 15:53:29+08:00","city_label":"新北市","facility_kind_label":"路邊車格","available_rate":0,"occupancy_rate":1,"price_tier":"unknown","price_tier_label":"價格未知"}},{"type":"Feature","geometry":{"type":"Point","coordinates":[121.439156,25.05048]},"properties":{"supply_id":"new_taipei-onstreet-155373","city":"new_taipei","district":"泰山區","display_name":"莊泰路 車格 155373","address":"莊泰路","facility_kind":"onstreet","symbol_text":null,"type_reference":"路邊停車格","type_confidence":0.6,"price_raw":null,"price_value":null,"capacity_total":1,"available_total":1,"occupied_total":0,"status_label":"空位","data_time":"2026-05-02 15:53:29+08:00","city_label":"新北市","facility_kind_label":"路邊車格","available_rate":1,"occupancy_rate":0,"price_tier":"unknown","price_tier_label":"價格未知"}},{"type":"Feature","geometry":{"type":"Point","coordinates":[121.423688,25.038019]},"properties":{"supply_id":"new_taipei-onstreet-54787","city":"new_taipei","district":"泰山區","display_name":"明志路三段 車格 54787","address":"明志路三段","facility_kind":"onstreet","symbol_text":null,"type_reference":"路邊停車格","type_confidence":0.6,"price_raw":null,"price_value":null,"capacity_total":1,"available_total":1,"occupied_total":0,"status_label":"空位","data_time":"2026-05-02 15:53:29+08:00","city_label":"新北市","facility_kind_label":"路邊車格","available_rate":1,"occupancy_rate":0,"price_tier":"unknown","price_tier_label":"價格未知"}},{"type":"Feature","geometry":{"type":"Point","coordinates":[121.428683,25.057754]},"properties":{"supply_id":"new_taipei-onstreet-82938","city":"new_taipei","district":"泰山區","display_name":"辭修路 車格 82938","address":"辭修路","facility_kind":"onstreet","symbol_text":null,"type_reference":"路邊停車格","type_confidence":0.6,"price_raw":null,"price_value":null,"capacity_total":1,"available_total":1,"occupied_total":0,"status_label":"空位","data_time":"2026-05-02 15:53:29+08:00","city_label":"新北市","facility_kind_label":"路邊車格","available_rate":1,"occupancy_rate":0,"price_tier":"unknown","price_tier_label":"價格未知"}},{"type":"Feature","geometry":{"type":"Point","coordinates":[121.428852,25.044652]},"properties":{"supply_id":"new_taipei-onstreet-87423","city":"new_taipei","district":"泰山區","display_name":"新生路 車格 87423","address":"新生路","facility_kind":"onstreet","symbol_text":null,"type_reference":"路邊停車格","type_confidence":0.6,"price_raw":null,"price_value":null,"capacity_total":1,"available_total":1,"occupied_total":0,"status_label":"空位","data_time":"2026-05-02 15:53:29+08:00","city_label":"新北市","facility_kind_label":"路邊車格","available_rate":1,"occupancy_rate":0,"price_tier":"unknown","price_tier_label":"價格未知"}},{"type":"Feature","geometry":{"type":"Point","coordinates":[121.430957,25.047902]},"properties":{"supply_id":"new_taipei-onstreet-35542","city":"new_taipei","district":"泰山區","display_name":"文程路 車格 35542","address":"文程路","facility_kind":"onstreet","symbol_text":null,"type_reference":"路邊停車格","type_confidence":0.6,"price_raw":null,"price_value":null,"capacity_total":1,"available_total":1,"occupied_total":0,"status_label":"空位","data_time":"2026-05-02 15:53:29+08:00","city_label":"新北市","facility_kind_label":"路邊車格","available_rate":1,"occupancy_rate":0,"price_tier":"unknown","price_tier_label":"價格未知"}},{"type":"Feature","geometry":{"type":"Point","coordinates":[121.431874,25.064573]},"properties":{"supply_id":"new_taipei-onstreet-55726","city":"new_taipei","district":"泰山區","display_name":"美寧街 車格 55726","address":"美寧街","facility_kind":"onstreet","symbol_text":null,"type_reference":"路邊停車格","type_confidence":0.6,"price_raw":null,"price_value":null,"capacity_total":1,"available_total":1,"occupied_total":0,"status_label":"空位","data_time":"2026-05-02 15:53:29+08:00","city_label":"新北市","facility_kind_label":"路邊車格","available_rate":1,"occupancy_rate":0,"price_tier":"unknown","price_tier_label":"價格未知"}},{"type":"Feature","geometry":{"type":"Point","coordinates":[121.428816,25.064139]},"properties":{"supply_id":"new_taipei-onstreet-93692","city":"new_taipei","district":"泰山區","display_name":"憲訓路 車格 93692","address":"憲訓路","facility_kind":"onstreet","symbol_text":null,"type_reference":"路邊停車格","type_confidence":0.6,"price_raw":null,"price_value":null,"capacity_total":1,"available_total":0,"occupied_total":1,"status_label":"已停","data_time":"2026-05-02 15:53:29+08:00","city_label":"新北市","facility_kind_label":"路邊車格","available_rate":0,"occupancy_rate":1,"price_tier":"unknown","price_tier_label":"價格未知"}},{"type":"Feature","geometry":{"type":"Point","coordinates":[121.429472,25.063418]},"properties":{"supply_id":"new_taipei-onstreet-145620","city":"new_taipei","district":"泰山區","display_name":"泰林路二段 車格 145620","address":"泰林路二段","facility_kind":"onstreet","symbol_text":null,"type_reference":"路邊停車格","type_confidence":0.6,"price_raw":null,"price_value":null,"capacity_total":1,"available_total":0,"occupied_total":1,"status_label":"已停","data_time":"2026-05-02 15:53:29+08:00","city_label":"新北市","facility_kind_label":"路邊車格","available_rate":0,"occupancy_rate":1,"price_tier":"unknown","price_tier_label":"價格未知"}},{"type":"Feature","geometry":{"type":"Point","coordinates":[121.428829,25.064188]},"properties":{"supply_id":"new_taipei-onstreet-55718","city":"new_taipei","district":"泰山區","display_name":"憲訓路 車格 55718","address":"憲訓路","facility_kind":"onstreet","symbol_text":null,"type_reference":"路邊停車格","type_confidence":0.6,"price_raw":null,"price_value":null,"capacity_total":1,"available_total":1,"occupied_total":0,"status_label":"空位","data_time":"2026-05-02 15:53:29+08:00","city_label":"新北市","facility_kind_label":"路邊車格","available_rate":1,"occupancy_rate":0,"price_tier":"unknown","price_tier_label":"價格未知"}},{"type":"Feature","geometry":{"type":"Point","coordinates":[121.423836,25.029956]},"properties":{"supply_id":"new_taipei-onstreet-53563","city":"new_taipei","district":"泰山區","display_name":"貴鳳街 車格 53563","address":"貴鳳街","facility_kind":"onstreet","symbol_text":null,"type_reference":"路邊停車格","type_confidence":0.6,"price_raw":null,"price_value":null,"capacity_total":1,"available_total":0,"occupied_total":1,"status_label":"已停","data_time":"2026-05-02 15:53:29+08:00","city_label":"新北市","facility_kind_label":"路邊車格","available_rate":0,"occupancy_rate":1,"price_tier":"unknown","price_tier_label":"價格未知"}},{"type":"Feature","geometry":{"type":"Point","coordinates":[121.439152,25.050431]},"properties":{"supply_id":"new_taipei-onstreet-155374","city":"new_taipei","district":"泰山區","display_name":"莊泰路 車格 155374","address":"莊泰路","facility_kind":"onstreet","symbol_text":null,"type_reference":"路邊停車格","type_confidence":0.6,"price_raw":null,"price_value":null,"capacity_total":1,"available_total":0,"occupied_total":1,"status_label":"已停","data_time":"2026-05-02 15:53:29+08:00","city_label":"新北市","facility_kind_label":"路邊車格","available_rate":0,"occupancy_rate":1,"price_tier":"unknown","price_tier_label":"價格未知"}},{"type":"Feature","geometry":{"type":"Point","coordinates":[121.431005,25.047879]},"properties":{"supply_id":"new_taipei-onstreet-54904","city":"new_taipei","district":"泰山區","display_name":"文程路 車格 54904","address":"文程路","facility_kind":"onstreet","symbol_text":null,"type_reference":"路邊停車格","type_confidence":0.6,"price_raw":null,"price_value":null,"capacity_total":1,"available_total":0,"occupied_total":1,"status_label":"已停","data_time":"2026-05-02 15:53:29+08:00","city_label":"新北市","facility_kind_label":"路邊車格","available_rate":0,"occupancy_rate":1,"price_tier":"unknown","price_tier_label":"價格未知"}},{"type":"Feature","geometry":{"type":"Point","coordinates":[121.43182,25.06458]},"properties":{"supply_id":"new_taipei-onstreet-55727","city":"new_taipei","district":"泰山區","display_name":"美寧街 車格 55727","address":"美寧街","facility_kind":"onstreet","symbol_text":null,"type_reference":"路邊停車格","type_confidence":0.6,"price_raw":null,"price_value":null,"capacity_total":1,"available_total":0,"occupied_total":1,"status_label":"已停","data_time":"2026-05-02 15:53:29+08:00","city_label":"新北市","facility_kind_label":"路邊車格","available_rate":0,"occupancy_rate":1,"price_tier":"unknown","price_tier_label":"價格未知"}},{"type":"Feature","geometry":{"type":"Point","coordinates":[121.428696,25.057768]},"properties":{"supply_id":"new_taipei-onstreet-82939","city":"new_taipei","district":"泰山區","display_name":"辭修路 車格 82939","address":"辭修路","facility_kind":"onstreet","symbol_text":null,"type_reference":"路邊停車格","type_confidence":0.6,"price_raw":null,"price_value":null,"capacity_total":1,"available_total":0,"occupied_total":1,"status_label":"已停","data_time":"2026-05-02 15:53:29+08:00","city_label":"新北市","facility_kind_label":"路邊車格","available_rate":0,"occupancy_rate":1,"price_tier":"unknown","price_tier_label":"價格未知"}},{"type":"Feature","geometry":{"type":"Point","coordinates":[121.423797,25.029991]},"properties":{"supply_id":"new_taipei-onstreet-53572","city":"new_taipei","district":"泰山區","display_name":"貴鳳街 車格 53572","address":"貴鳳街","facility_kind":"onstreet","symbol_text":null,"type_reference":"路邊停車格","type_confidence":0.6,"price_raw":null,"price_value":null,"capacity_total":1,"available_total":1,"occupied_total":0,"status_label":"空位","data_time":"2026-05-02 15:53:29+08:00","city_label":"新北市","facility_kind_label":"路邊車格","available_rate":1,"occupancy_rate":0,"price_tier":"unknown","price_tier_label":"價格未知"}},{"type":"Feature","geometry":{"type":"Point","coordinates":[121.439001,25.046611]},"properties":{"supply_id":"new_taipei-onstreet-156660","city":"new_taipei","district":"泰山區","display_name":"莊泰路 車格 156660","address":"莊泰路","facility_kind":"onstreet","symbol_text":null,"type_reference":"路邊停車格","type_confidence":0.6,"price_raw":null,"price_value":null,"capacity_total":1,"available_total":1,"occupied_total":0,"status_label":"空位","data_time":"2026-05-02 15:53:29+08:00","city_label":"新北市","facility_kind_label":"路邊車格","available_rate":1,"occupancy_rate":0,"price_tier":"unknown","price_tier_label":"價格未知"}},{"type":"Feature","geometry":{"type":"Point","coordinates":[121.431766,25.064588]},"properties":{"supply_id":"new_taipei-onstreet-55728","city":"new_taipei","district":"泰山區","display_name":"美寧街 車格 55728","address":"美寧街","facility_kind":"onstreet","symbol_text":null,"type_reference":"路邊停車格","type_confidence":0.6,"price_raw":null,"price_value":null,"capacity_total":1,"available_total":0,"occupied_total":1,"status_label":"已停","data_time":"2026-05-02 15:53:29+08:00","city_label":"新北市","facility_kind_label":"路邊車格","available_rate":0,"occupancy_rate":1,"price_tier":"unknown","price_tier_label":"價格未知"}},{"type":"Feature","geometry":{"type":"Point","coordinates":[121.431068,25.062562]},"properties":{"supply_id":"new_taipei-onstreet-66728","city":"new_taipei","district":"泰山區","display_name":"泰林路二段 車格 66728","address":"泰林路二段","facility_kind":"onstreet","symbol_text":null,"type_reference":"路邊停車格","type_confidence":0.6,"price_raw":null,"price_value":null,"capacity_total":1,"available_total":1,"occupied_total":0,"status_label":"空位","data_time":"2026-05-02 15:53:29+08:00","city_label":"新北市","facility_kind_label":"路邊車格","available_rate":1,"occupancy_rate":0,"price_tier":"unknown","price_tier_label":"價格未知"}},{"type":"Feature","geometry":{"type":"Point","coordinates":[121.423758,25.030025]},"properties":{"supply_id":"new_taipei-onstreet-53573","city":"new_taipei","district":"泰山區","display_name":"貴鳳街 車格 53573","address":"貴鳳街","facility_kind":"onstreet","symbol_text":null,"type_reference":"路邊停車格","type_confidence":0.6,"price_raw":null,"price_value":null,"capacity_total":1,"available_total":0,"occupied_total":1,"status_label":"已停","data_time":"2026-05-02 15:53:29+08:00","city_label":"新北市","facility_kind_label":"路邊車格","available_rate":0,"occupancy_rate":1,"price_tier":"unknown","price_tier_label":"價格未知"}},{"type":"Feature","geometry":{"type":"Point","coordinates":[121.438996,25.046562]},"properties":{"supply_id":"new_taipei-onstreet-156661","city":"new_taipei","district":"泰山區","display_name":"莊泰路 車格 156661","address":"莊泰路","facility_kind":"onstreet","symbol_text":null,"type_reference":"路邊停車格","type_confidence":0.6,"price_raw":null,"price_value":null,"capacity_total":1,"available_total":0,"occupied_total":1,"status_label":"已停","data_time":"2026-05-02 15:53:29+08:00","city_label":"新北市","facility_kind_label":"路邊車格","available_rate":0,"occupancy_rate":1,"price_tier":"unknown","price_tier_label":"價格未知"}},{"type":"Feature","geometry":{"type":"Point","coordinates":[121.431053,25.047855]},"properties":{"supply_id":"new_taipei-onstreet-54912","city":"new_taipei","district":"泰山區","display_name":"文程路 車格 54912","address":"文程路","facility_kind":"onstreet","symbol_text":null,"type_reference":"路邊停車格","type_confidence":0.6,"price_raw":null,"price_value":null,"capacity_total":1,"available_total":0,"occupied_total":1,"status_label":"已停","data_time":"2026-05-02 15:53:29+08:00","city_label":"新北市","facility_kind_label":"路邊車格","available_rate":0,"occupancy_rate":1,"price_tier":"unknown","price_tier_label":"價格未知"}},{"type":"Feature","geometry":{"type":"Point","coordinates":[121.428709,25.057781]},"properties":{"supply_id":"new_taipei-onstreet-82940","city":"new_taipei","district":"泰山區","display_name":"辭修路 車格 82940","address":"辭修路","facility_kind":"onstreet","symbol_text":null,"type_reference":"路邊停車格","type_confidence":0.6,"price_raw":null,"price_value":null,"capacity_total":1,"available_total":1,"occupied_total":0,"status_label":"空位","data_time":"2026-05-02 15:53:29+08:00","city_label":"新北市","facility_kind_label":"路邊車格","available_rate":1,"occupancy_rate":0,"price_tier":"unknown","price_tier_label":"價格未知"}},{"type":"Feature","geometry":{"type":"Point","coordinates":[121.43115,25.062528]},"properties":{"supply_id":"new_taipei-onstreet-84817","city":"new_taipei","district":"泰山區","display_name":"泰林路二段 車格 84817","address":"泰林路二段","facility_kind":"onstreet","symbol_text":null,"type_reference":"路邊停車格","type_confidence":0.6,"price_raw":null,"price_value":null,"capacity_total":1,"available_total":0,"occupied_total":1,"status_label":"已停","data_time":"2026-05-02 15:53:29+08:00","city_label":"新北市","facility_kind_label":"路邊車格","available_rate":0,"occupancy_rate":1,"price_tier":"unknown","price_tier_label":"價格未知"}},{"type":"Feature","geometry":{"type":"Point","coordinates":[121.431101,25.047831]},"properties":{"supply_id":"new_taipei-onstreet-54913","city":"new_taipei","district":"泰山區","display_name":"文程路 車格 54913","address":"文程路","facility_kind":"onstreet","symbol_text":null,"type_reference":"路邊停車格","type_confidence":0.6,"price_raw":null,"price_value":null,"capacity_total":1,"available_total":0,"occupied_total":1,"status_label":"已停","data_time":"2026-05-02 15:53:29+08:00","city_label":"新北市","facility_kind_label":"路邊車格","available_rate":0,"occupancy_rate":1,"price_tier":"unknown","price_tier_label":"價格未知"}},{"type":"Feature","geometry":{"type":"Point","coordinates":[121.429781,25.044186]},"properties":{"supply_id":"new_taipei-onstreet-36527","city":"new_taipei","district":"泰山區","display_name":"新生路 車格 36527","address":"新生路","facility_kind":"onstreet","symbol_text":null,"type_reference":"路邊停車格","type_confidence":0.6,"price_raw":null,"price_value":null,"capacity_total":1,"available_total":0,"occupied_total":1,"status_label":"已停","data_time":"2026-05-02 15:53:29+08:00","city_label":"新北市","facility_kind_label":"路邊車格","available_rate":0,"occupancy_rate":1,"price_tier":"unknown","price_tier_label":"價格未知"}},{"type":"Feature","geometry":{"type":"Point","coordinates":[121.428722,25.057795]},"properties":{"supply_id":"new_taipei-onstreet-42437","city":"new_taipei","district":"泰山區","display_name":"辭修路 車格 42437","address":"辭修路","facility_kind":"onstreet","symbol_text":null,"type_reference":"路邊停車格","type_confidence":0.6,"price_raw":null,"price_value":null,"capacity_total":1,"available_total":1,"occupied_total":0,"status_label":"空位","data_time":"2026-05-02 15:53:29+08:00","city_label":"新北市","facility_kind_label":"路邊車格","available_rate":1,"occupancy_rate":0,"price_tier":"unknown","price_tier_label":"價格未知"}},{"type":"Feature","geometry":{"type":"Point","coordinates":[121.431198,25.062505]},"properties":{"supply_id":"new_taipei-onstreet-84816","city":"new_taipei","district":"泰山區","display_name":"泰林路二段 車格 84816","address":"泰林路二段","facility_kind":"onstreet","symbol_text":null,"type_reference":"路邊停車格","type_confidence":0.6,"price_raw":null,"price_value":null,"capacity_total":1,"available_total":0,"occupied_total":1,"status_label":"已停","data_time":"2026-05-02 15:53:29+08:00","city_label":"新北市","facility_kind_label":"路邊車格","available_rate":0,"occupancy_rate":1,"price_tier":"unknown","price_tier_label":"價格未知"}},{"type":"Feature","geometry":{"type":"Point","coordinates":[121.423669,25.030105]},"properties":{"supply_id":"new_taipei-onstreet-56789","city":"new_taipei","district":"泰山區","display_name":"貴鳳街 車格 56789","address":"貴鳳街","facility_kind":"onstreet","symbol_text":null,"type_reference":"路邊停車格","type_confidence":0.6,"price_raw":null,"price_value":null,"capacity_total":1,"available_total":0,"occupied_total":1,"status_label":"已停","data_time":"2026-05-02 15:53:29+08:00","city_label":"新北市","facility_kind_label":"路邊車格","available_rate":0,"occupancy_rate":1,"price_tier":"unknown","price_tier_label":"價格未知"}},{"type":"Feature","geometry":{"type":"Point","coordinates":[121.438992,25.046513]},"properties":{"supply_id":"new_taipei-onstreet-156662","city":"new_taipei","district":"泰山區","display_name":"莊泰路 車格 156662","address":"莊泰路","facility_kind":"onstreet","symbol_text":null,"type_reference":"路邊停車格","type_confidence":0.6,"price_raw":null,"price_value":null,"capacity_total":1,"available_total":0,"occupied_total":1,"status_label":"已停","data_time":"2026-05-02 15:53:29+08:00","city_label":"新北市","facility_kind_label":"路邊車格","available_rate":0,"occupancy_rate":1,"price_tier":"unknown","price_tier_label":"價格未知"}},{"type":"Feature","geometry":{"type":"Point","coordinates":[121.431245,25.047761]},"properties":{"supply_id":"new_taipei-onstreet-54903","city":"new_taipei","district":"泰山區","display_name":"文程路 車格 54903","address":"文程路","facility_kind":"onstreet","symbol_text":null,"type_reference":"路邊停車格","type_confidence":0.6,"price_raw":null,"price_value":null,"capacity_total":1,"available_total":0,"occupied_total":1,"status_label":"已停","data_time":"2026-05-02 15:53:29+08:00","city_label":"新北市","facility_kind_label":"路邊車格","available_rate":0,"occupancy_rate":1,"price_tier":"unknown","price_tier_label":"價格未知"}},{"type":"Feature","geometry":{"type":"Point","coordinates":[121.431659,25.064603]},"properties":{"supply_id":"new_taipei-onstreet-55724","city":"new_taipei","district":"泰山區","display_name":"美寧街 車格 55724","address":"美寧街","facility_kind":"onstreet","symbol_text":null,"type_reference":"路邊停車格","type_confidence":0.6,"price_raw":null,"price_value":null,"capacity_total":1,"available_total":1,"occupied_total":0,"status_label":"空位","data_time":"2026-05-02 15:53:29+08:00","city_label":"新北市","facility_kind_label":"路邊車格","available_rate":1,"occupancy_rate":0,"price_tier":"unknown","price_tier_label":"價格未知"}},{"type":"Feature","geometry":{"type":"Point","coordinates":[121.431247,25.062481]},"properties":{"supply_id":"new_taipei-onstreet-84815","city":"new_taipei","district":"泰山區","display_name":"泰林路二段 車格 84815","address":"泰林路二段","facility_kind":"onstreet","symbol_text":null,"type_reference":"路邊停車格","type_confidence":0.6,"price_raw":null,"price_value":null,"capacity_total":1,"available_total":0,"occupied_total":1,"status_label":"已停","data_time":"2026-05-02 15:53:29+08:00","city_label":"新北市","facility_kind_label":"路邊車格","available_rate":0,"occupancy_rate":1,"price_tier":"unknown","price_tier_label":"價格未知"}},{"type":"Feature","geometry":{"type":"Point","coordinates":[121.42363,25.03014]},"properties":{"supply_id":"new_taipei-onstreet-53571","city":"new_taipei","district":"泰山區","display_name":"貴鳳街 車格 53571","address":"貴鳳街","facility_kind":"onstreet","symbol_text":null,"type_reference":"路邊停車格","type_confidence":0.6,"price_raw":null,"price_value":null,"capacity_total":1,"available_total":1,"occupied_total":0,"status_label":"空位","data_time":"2026-05-02 15:53:29+08:00","city_label":"新北市","facility_kind_label":"路邊車格","available_rate":1,"occupancy_rate":0,"price_tier":"unknown","price_tier_label":"價格未知"}},{"type":"Feature","geometry":{"type":"Point","coordinates":[121.438987,25.046463]},"properties":{"supply_id":"new_taipei-onstreet-156663","city":"new_taipei","district":"泰山區","display_name":"莊泰路 車格 156663","address":"莊泰路","facility_kind":"onstreet","symbol_text":null,"type_reference":"路邊停車格","type_confidence":0.6,"price_raw":null,"price_value":null,"capacity_total":1,"available_total":1,"occupied_total":0,"status_label":"空位","data_time":"2026-05-02 15:53:29+08:00","city_label":"新北市","facility_kind_label":"路邊車格","available_rate":1,"occupancy_rate":0,"price_tier":"unknown","price_tier_label":"價格未知"}},{"type":"Feature","geometry":{"type":"Point","coordinates":[121.428734,25.057808]},"properties":{"supply_id":"new_taipei-onstreet-88029","city":"new_taipei","district":"泰山區","display_name":"辭修路 車格 88029","address":"辭修路","facility_kind":"onstreet","symbol_text":null,"type_reference":"路邊停車格","type_confidence":0.6,"price_raw":null,"price_value":null,"capacity_total":1,"available_total":1,"occupied_total":0,"status_label":"空位","data_time":"2026-05-02 15:53:29+08:00","city_label":"新北市","facility_kind_label":"路邊車格","available_rate":1,"occupancy_rate":0,"price_tier":"unknown","price_tier_label":"價格未知"}},{"type":"Feature","geometry":{"type":"Point","coordinates":[121.432151,25.047805]},"properties":{"supply_id":"new_taipei-onstreet-54920","city":"new_taipei","district":"泰山區","display_name":"文程路 車格 54920","address":"文程路","facility_kind":"onstreet","symbol_text":null,"type_reference":"路邊停車格","type_confidence":0.6,"price_raw":null,"price_value":null,"capacity_total":1,"available_total":1,"occupied_total":0,"status_label":"空位","data_time":"2026-05-02 15:53:29+08:00","city_label":"新北市","facility_kind_label":"路邊車格","available_rate":1,"occupancy_rate":0,"price_tier":"unknown","price_tier_label":"價格未知"}},{"type":"Feature","geometry":{"type":"Point","coordinates":[121.431605,25.064611]},"properties":{"supply_id":"new_taipei-onstreet-47576","city":"new_taipei","district":"泰山區","display_name":"美寧街 車格 47576","address":"美寧街","facility_kind":"onstreet","symbol_text":null,"type_reference":"路邊停車格","type_confidence":0.6,"price_raw":null,"price_value":null,"capacity_total":1,"available_total":1,"occupied_total":0,"status_label":"空位","data_time":"2026-05-02 15:53:29+08:00","city_label":"新北市","facility_kind_label":"路邊車格","available_rate":1,"occupancy_rate":0,"price_tier":"unknown","price_tier_label":"價格未知"}},{"type":"Feature","geometry":{"type":"Point","coordinates":[121.428747,25.057822]},"properties":{"supply_id":"new_taipei-onstreet-88030","city":"new_taipei","district":"泰山區","display_name":"辭修路 車格 88030","address":"辭修路","facility_kind":"onstreet","symbol_text":null,"type_reference":"路邊停車格","type_confidence":0.6,"price_raw":null,"price_value":null,"capacity_total":1,"available_total":1,"occupied_total":0,"status_label":"空位","data_time":"2026-05-02 15:53:29+08:00","city_label":"新北市","facility_kind_label":"路邊車格","available_rate":1,"occupancy_rate":0,"price_tier":"unknown","price_tier_label":"價格未知"}},{"type":"Feature","geometry":{"type":"Point","coordinates":[121.430818,25.043662]},"properties":{"supply_id":"new_taipei-onstreet-55664","city":"new_taipei","district":"泰山區","display_name":"新生路 車格 55664","address":"新生路","facility_kind":"onstreet","symbol_text":null,"type_reference":"路邊停車格","type_confidence":0.6,"price_raw":null,"price_value":null,"capacity_total":1,"available_total":0,"occupied_total":1,"status_label":"已停","data_time":"2026-05-02 15:53:29+08:00","city_label":"新北市","facility_kind_label":"路邊車格","available_rate":0,"occupancy_rate":1,"price_tier":"unknown","price_tier_label":"價格未知"}},{"type":"Feature","geometry":{"type":"Point","coordinates":[121.423388,25.037528]},"properties":{"supply_id":"new_taipei-onstreet-54795","city":"new_taipei","district":"泰山區","display_name":"明志路三段 車格 54795","address":"明志路三段","facility_kind":"onstreet","symbol_text":null,"type_reference":"路邊停車格","type_confidence":0.6,"price_raw":null,"price_value":null,"capacity_total":1,"available_total":0,"occupied_total":1,"status_label":"已停","data_time":"2026-05-02 15:53:29+08:00","city_label":"新北市","facility_kind_label":"路邊車格","available_rate":0,"occupancy_rate":1,"price_tier":"unknown","price_tier_label":"價格未知"}},{"type":"Feature","geometry":{"type":"Point","coordinates":[121.423591,25.030174]},"properties":{"supply_id":"new_taipei-onstreet-53570","city":"new_taipei","district":"泰山區","display_name":"貴鳳街 車格 53570","address":"貴鳳街","facility_kind":"onstreet","symbol_text":null,"type_reference":"路邊停車格","type_confidence":0.6,"price_raw":null,"price_value":null,"capacity_total":1,"available_total":0,"occupied_total":1,"status_label":"已停","data_time":"2026-05-02 15:53:29+08:00","city_label":"新北市","facility_kind_label":"路邊車格","available_rate":0,"occupancy_rate":1,"price_tier":"unknown","price_tier_label":"價格未知"}},{"type":"Feature","geometry":{"type":"Point","coordinates":[121.438983,25.046414]},"properties":{"supply_id":"new_taipei-onstreet-156664","city":"new_taipei","district":"泰山區","display_name":"莊泰路 車格 156664","address":"莊泰路","facility_kind":"onstreet","symbol_text":null,"type_reference":"路邊停車格","type_confidence":0.6,"price_raw":null,"price_value":null,"capacity_total":1,"available_total":0,"occupied_total":1,"status_label":"已停","data_time":"2026-05-02 15:53:29+08:00","city_label":"新北市","facility_kind_label":"路邊車格","available_rate":0,"occupancy_rate":1,"price_tier":"unknown","price_tier_label":"價格未知"}},{"type":"Feature","geometry":{"type":"Point","coordinates":[121.459359,24.994362]},"properties":{"supply_id":"new_taipei-onstreet-83888","city":"new_taipei","district":"泰山區","display_name":"新生路 車格 83888","address":"新生路","facility_kind":"onstreet","symbol_text":null,"type_reference":"路邊停車格","type_confidence":0.6,"price_raw":null,"price_value":null,"capacity_total":1,"available_total":0,"occupied_total":1,"status_label":"已停","data_time":"2026-05-02 15:53:29+08:00","city_label":"新北市","facility_kind_label":"路邊車格","available_rate":0,"occupancy_rate":1,"price_tier":"unknown","price_tier_label":"價格未知"}},{"type":"Feature","geometry":{"type":"Point","coordinates":[121.430866,25.043639]},"properties":{"supply_id":"new_taipei-onstreet-89042","city":"new_taipei","district":"泰山區","display_name":"新生路 車格 89042","address":"新生路","facility_kind":"onstreet","symbol_text":null,"type_reference":"路邊停車格","type_confidence":0.6,"price_raw":null,"price_value":null,"capacity_total":1,"available_total":null,"occupied_total":null,"status_label":"狀態未知","data_time":"2026-05-02 15:53:29+08:00","city_label":"新北市","facility_kind_label":"路邊車格","available_rate":null,"occupancy_rate":null,"price_tier":"unknown","price_tier_label":"價格未知"}},{"type":"Feature","geometry":{"type":"Point","coordinates":[121.432199,25.047829]},"properties":{"supply_id":"new_taipei-onstreet-54922","city":"new_taipei","district":"泰山區","display_name":"文程路 車格 54922","address":"文程路","facility_kind":"onstreet","symbol_text":null,"type_reference":"路邊停車格","type_confidence":0.6,"price_raw":null,"price_value":null,"capacity_total":1,"available_total":1,"occupied_total":0,"status_label":"空位","data_time":"2026-05-02 15:53:29+08:00","city_label":"新北市","facility_kind_label":"路邊車格","available_rate":1,"occupancy_rate":0,"price_tier":"unknown","price_tier_label":"價格未知"}},{"type":"Feature","geometry":{"type":"Point","coordinates":[121.42876,25.057836]},"properties":{"supply_id":"new_taipei-onstreet-88031","city":"new_taipei","district":"泰山區","display_name":"辭修路 車格 88031","address":"辭修路","facility_kind":"onstreet","symbol_text":null,"type_reference":"路邊停車格","type_confidence":0.6,"price_raw":null,"price_value":null,"capacity_total":1,"available_total":1,"occupied_total":0,"status_label":"空位","data_time":"2026-05-02 15:53:29+08:00","city_label":"新北市","facility_kind_label":"路邊車格","available_rate":1,"occupancy_rate":0,"price_tier":"unknown","price_tier_label":"價格未知"}},{"type":"Feature","geometry":{"type":"Point","coordinates":[121.423512,25.030244]},"properties":{"supply_id":"new_taipei-onstreet-56787","city":"new_taipei","district":"泰山區","display_name":"貴鳳街 車格 56787","address":"貴鳳街","facility_kind":"onstreet","symbol_text":null,"type_reference":"路邊停車格","type_confidence":0.6,"price_raw":null,"price_value":null,"capacity_total":1,"available_total":0,"occupied_total":1,"status_label":"已停","data_time":"2026-05-02 15:53:29+08:00","city_label":"新北市","facility_kind_label":"路邊車格","available_rate":0,"occupancy_rate":1,"price_tier":"unknown","price_tier_label":"價格未知"}},{"type":"Feature","geometry":{"type":"Point","coordinates":[121.428773,25.05785]},"properties":{"supply_id":"new_taipei-onstreet-42401","city":"new_taipei","district":"泰山區","display_name":"辭修路 車格 42401","address":"辭修路","facility_kind":"onstreet","symbol_text":null,"type_reference":"路邊停車格","type_confidence":0.6,"price_raw":null,"price_value":null,"capacity_total":1,"available_total":0,"occupied_total":1,"status_label":"已停","data_time":"2026-05-02 15:53:29+08:00","city_label":"新北市","facility_kind_label":"路邊車格","available_rate":0,"occupancy_rate":1,"price_tier":"unknown","price_tier_label":"價格未知"}},{"type":"Feature","geometry":{"type":"Point","coordinates":[121.438974,25.046315]},"properties":{"supply_id":"new_taipei-onstreet-156666","city":"new_taipei","district":"泰山區","display_name":"莊泰路 車格 156666","address":"莊泰路","facility_kind":"onstreet","symbol_text":null,"type_reference":"路邊停車格","type_confidence":0.6,"price_raw":null,"price_value":null,"capacity_total":1,"available_total":0,"occupied_total":1,"status_label":"已停","data_time":"2026-05-02 15:53:29+08:00","city_label":"新北市","facility_kind_label":"路邊車格","available_rate":0,"occupancy_rate":1,"price_tier":"unknown","price_tier_label":"價格未知"}},{"type":"Feature","geometry":{"type":"Point","coordinates":[121.423551,25.030209]},"properties":{"supply_id":"new_taipei-onstreet-53569","city":"new_taipei","district":"泰山區","display_name":"貴鳳街 車格 53569","address":"貴鳳街","facility_kind":"onstreet","symbol_text":null,"type_reference":"路邊停車格","type_confidence":0.6,"price_raw":null,"price_value":null,"capacity_total":1,"available_total":0,"occupied_total":1,"status_label":"已停","data_time":"2026-05-02 15:53:29+08:00","city_label":"新北市","facility_kind_label":"路邊車格","available_rate":0,"occupancy_rate":1,"price_tier":"unknown","price_tier_label":"價格未知"}},{"type":"Feature","geometry":{"type":"Point","coordinates":[121.438978,25.046364]},"properties":{"supply_id":"new_taipei-onstreet-156665","city":"new_taipei","district":"泰山區","display_name":"莊泰路 車格 156665","address":"莊泰路","facility_kind":"onstreet","symbol_text":null,"type_reference":"路邊停車格","type_confidence":0.6,"price_raw":null,"price_value":null,"capacity_total":1,"available_total":1,"occupied_total":0,"status_label":"空位","data_time":"2026-05-02 15:53:29+08:00","city_label":"新北市","facility_kind_label":"路邊車格","available_rate":1,"occupancy_rate":0,"price_tier":"unknown","price_tier_label":"價格未知"}},{"type":"Feature","geometry":{"type":"Point","coordinates":[121.428786,25.057864]},"properties":{"supply_id":"new_taipei-onstreet-42404","city":"new_taipei","district":"泰山區","display_name":"辭修路 車格 42404","address":"辭修路","facility_kind":"onstreet","symbol_text":null,"type_reference":"路邊停車格","type_confidence":0.6,"price_raw":null,"price_value":null,"capacity_total":1,"available_total":1,"occupied_total":0,"status_label":"空位","data_time":"2026-05-02 15:53:29+08:00","city_label":"新北市","facility_kind_label":"路邊車格","available_rate":1,"occupancy_rate":0,"price_tier":"unknown","price_tier_label":"價格未知"}},{"type":"Feature","geometry":{"type":"Point","coordinates":[121.423429,25.030318]},"properties":{"supply_id":"new_taipei-onstreet-53556","city":"new_taipei","district":"泰山區","display_name":"貴鳳街 車格 53556","address":"貴鳳街","facility_kind":"onstreet","symbol_text":null,"type_reference":"路邊停車格","type_confidence":0.6,"price_raw":null,"price_value":null,"capacity_total":1,"available_total":1,"occupied_total":0,"status_label":"空位","data_time":"2026-05-02 15:53:29+08:00","city_label":"新北市","facility_kind_label":"路邊車格","available_rate":1,"occupancy_rate":0,"price_tier":"unknown","price_tier_label":"價格未知"}},{"type":"Feature","geometry":{"type":"Point","coordinates":[121.438969,25.046265]},"properties":{"supply_id":"new_taipei-onstreet-156667","city":"new_taipei","district":"泰山區","display_name":"莊泰路 車格 156667","address":"莊泰路","facility_kind":"onstreet","symbol_text":null,"type_reference":"路邊停車格","type_confidence":0.6,"price_raw":null,"price_value":null,"capacity_total":1,"available_total":1,"occupied_total":0,"status_label":"空位","data_time":"2026-05-02 15:53:29+08:00","city_label":"新北市","facility_kind_label":"路邊車格","available_rate":1,"occupancy_rate":0,"price_tier":"unknown","price_tier_label":"價格未知"}},{"type":"Feature","geometry":{"type":"Point","coordinates":[121.432343,25.0479]},"properties":{"supply_id":"new_taipei-onstreet-54923","city":"new_taipei","district":"泰山區","display_name":"文程路 車格 54923","address":"文程路","facility_kind":"onstreet","symbol_text":null,"type_reference":"路邊停車格","type_confidence":0.6,"price_raw":null,"price_value":null,"capacity_total":1,"available_total":0,"occupied_total":1,"status_label":"已停","data_time":"2026-05-02 15:53:29+08:00","city_label":"新北市","facility_kind_label":"路邊車格","available_rate":0,"occupancy_rate":1,"price_tier":"unknown","price_tier_label":"價格未知"}},{"type":"Feature","geometry":{"type":"Point","coordinates":[121.423146,25.037124]},"properties":{"supply_id":"new_taipei-onstreet-76293","city":"new_taipei","district":"泰山區","display_name":"明志路三段 車格 76293","address":"明志路三段","facility_kind":"onstreet","symbol_text":null,"type_reference":"路邊停車格","type_confidence":0.6,"price_raw":null,"price_value":null,"capacity_total":1,"available_total":0,"occupied_total":1,"status_label":"已停","data_time":"2026-05-02 15:53:29+08:00","city_label":"新北市","facility_kind_label":"路邊車格","available_rate":0,"occupancy_rate":1,"price_tier":"unknown","price_tier_label":"價格未知"}},{"type":"Feature","geometry":{"type":"Point","coordinates":[121.432551,25.048003]},"properties":{"supply_id":"new_taipei-onstreet-82875","city":"new_taipei","district":"泰山區","display_name":"文程路 車格 82875","address":"文程路","facility_kind":"onstreet","symbol_text":null,"type_reference":"路邊停車格","type_confidence":0.6,"price_raw":null,"price_value":null,"capacity_total":1,"available_total":1,"occupied_total":0,"status_label":"空位","data_time":"2026-05-02 15:53:29+08:00","city_label":"新北市","facility_kind_label":"路邊車格","available_rate":1,"occupancy_rate":0,"price_tier":"unknown","price_tier_label":"價格未知"}},{"type":"Feature","geometry":{"type":"Point","coordinates":[121.423352,25.030388]},"properties":{"supply_id":"new_taipei-onstreet-87237","city":"new_taipei","district":"泰山區","display_name":"貴鳳街 車格 87237","address":"貴鳳街","facility_kind":"onstreet","symbol_text":null,"type_reference":"路邊停車格","type_confidence":0.6,"price_raw":null,"price_value":null,"capacity_total":1,"available_total":1,"occupied_total":0,"status_label":"空位","data_time":"2026-05-02 15:53:29+08:00","city_label":"新北市","facility_kind_label":"路邊車格","available_rate":1,"occupancy_rate":0,"price_tier":"unknown","price_tier_label":"價格未知"}},{"type":"Feature","geometry":{"type":"Point","coordinates":[121.43896,25.046166]},"properties":{"supply_id":"new_taipei-onstreet-156669","city":"new_taipei","district":"泰山區","display_name":"莊泰路 車格 156669","address":"莊泰路","facility_kind":"onstreet","symbol_text":null,"type_reference":"路邊停車格","type_confidence":0.6,"price_raw":null,"price_value":null,"capacity_total":1,"available_total":0,"occupied_total":1,"status_label":"已停","data_time":"2026-05-02 15:53:29+08:00","city_label":"新北市","facility_kind_label":"路邊車格","available_rate":0,"occupancy_rate":1,"price_tier":"unknown","price_tier_label":"價格未知"}},{"type":"Feature","geometry":{"type":"Point","coordinates":[121.428799,25.057877]},"properties":{"supply_id":"new_taipei-onstreet-42432","city":"new_taipei","district":"泰山區","display_name":"辭修路 車格 42432","address":"辭修路","facility_kind":"onstreet","symbol_text":null,"type_reference":"路邊停車格","type_confidence":0.6,"price_raw":null,"price_value":null,"capacity_total":1,"available_total":1,"occupied_total":0,"status_label":"空位","data_time":"2026-05-02 15:53:29+08:00","city_label":"新北市","facility_kind_label":"路邊車格","available_rate":1,"occupancy_rate":0,"price_tier":"unknown","price_tier_label":"價格未知"}},{"type":"Feature","geometry":{"type":"Point","coordinates":[121.428811,25.057891]},"properties":{"supply_id":"new_taipei-onstreet-42433","city":"new_taipei","district":"泰山區","display_name":"辭修路 車格 42433","address":"辭修路","facility_kind":"onstreet","symbol_text":null,"type_reference":"路邊停車格","type_confidence":0.6,"price_raw":null,"price_value":null,"capacity_total":1,"available_total":1,"occupied_total":0,"status_label":"空位","data_time":"2026-05-02 15:53:29+08:00","city_label":"新北市","facility_kind_label":"路邊車格","available_rate":1,"occupancy_rate":0,"price_tier":"unknown","price_tier_label":"價格未知"}},{"type":"Feature","geometry":{"type":"Point","coordinates":[121.429779,25.044259]},"properties":{"supply_id":"new_taipei-onstreet-55673","city":"new_taipei","district":"泰山區","display_name":"新生路 車格 55673","address":"新生路","facility_kind":"onstreet","symbol_text":null,"type_reference":"路邊停車格","type_confidence":0.6,"price_raw":null,"price_value":null,"capacity_total":1,"available_total":0,"occupied_total":1,"status_label":"已停","data_time":"2026-05-02 15:53:29+08:00","city_label":"新北市","facility_kind_label":"路邊車格","available_rate":0,"occupancy_rate":1,"price_tier":"unknown","price_tier_label":"價格未知"}},{"type":"Feature","geometry":{"type":"Point","coordinates":[121.432844,25.048147]},"properties":{"supply_id":"new_taipei-onstreet-54924","city":"new_taipei","district":"泰山區","display_name":"文程路 車格 54924","address":"文程路","facility_kind":"onstreet","symbol_text":null,"type_reference":"路邊停車格","type_confidence":0.6,"price_raw":null,"price_value":null,"capacity_total":1,"available_total":1,"occupied_total":0,"status_label":"空位","data_time":"2026-05-02 15:53:29+08:00","city_label":"新北市","facility_kind_label":"路邊車格","available_rate":1,"occupancy_rate":0,"price_tier":"unknown","price_tier_label":"價格未知"}},{"type":"Feature","geometry":{"type":"Point","coordinates":[121.428824,25.057905]},"properties":{"supply_id":"new_taipei-onstreet-42434","city":"new_taipei","district":"泰山區","display_name":"辭修路 車格 42434","address":"辭修路","facility_kind":"onstreet","symbol_text":null,"type_reference":"路邊停車格","type_confidence":0.6,"price_raw":null,"price_value":null,"capacity_total":1,"available_total":1,"occupied_total":0,"status_label":"空位","data_time":"2026-05-02 15:53:29+08:00","city_label":"新北市","facility_kind_label":"路邊車格","available_rate":1,"occupancy_rate":0,"price_tier":"unknown","price_tier_label":"價格未知"}},{"type":"Feature","geometry":{"type":"Point","coordinates":[121.423313,25.030423]},"properties":{"supply_id":"new_taipei-onstreet-34776","city":"new_taipei","district":"泰山區","display_name":"貴鳳街 車格 34776","address":"貴鳳街","facility_kind":"onstreet","symbol_text":null,"type_reference":"路邊停車格","type_confidence":0.6,"price_raw":null,"price_value":null,"capacity_total":1,"available_total":1,"occupied_total":0,"status_label":"空位","data_time":"2026-05-02 15:53:29+08:00","city_label":"新北市","facility_kind_label":"路邊車格","available_rate":1,"occupancy_rate":0,"price_tier":"unknown","price_tier_label":"價格未知"}},{"type":"Feature","geometry":{"type":"Point","coordinates":[121.438955,25.046117]},"properties":{"supply_id":"new_taipei-onstreet-156670","city":"new_taipei","district":"泰山區","display_name":"莊泰路 車格 156670","address":"莊泰路","facility_kind":"onstreet","symbol_text":null,"type_reference":"路邊停車格","type_confidence":0.6,"price_raw":null,"price_value":null,"capacity_total":1,"available_total":0,"occupied_total":1,"status_label":"已停","data_time":"2026-05-02 15:53:29+08:00","city_label":"新北市","facility_kind_label":"路邊車格","available_rate":0,"occupancy_rate":1,"price_tier":"unknown","price_tier_label":"價格未知"}},{"type":"Feature","geometry":{"type":"Point","coordinates":[121.423391,25.030353]},"properties":{"supply_id":"new_taipei-onstreet-53555","city":"new_taipei","district":"泰山區","display_name":"貴鳳街 車格 53555","address":"貴鳳街","facility_kind":"onstreet","symbol_text":null,"type_reference":"路邊停車格","type_confidence":0.6,"price_raw":null,"price_value":null,"capacity_total":1,"available_total":1,"occupied_total":0,"status_label":"空位","data_time":"2026-05-02 15:53:29+08:00","city_label":"新北市","facility_kind_label":"路邊車格","available_rate":1,"occupancy_rate":0,"price_tier":"unknown","price_tier_label":"價格未知"}},{"type":"Feature","geometry":{"type":"Point","coordinates":[121.438965,25.046216]},"properties":{"supply_id":"new_taipei-onstreet-156668","city":"new_taipei","district":"泰山區","display_name":"莊泰路 車格 156668","address":"莊泰路","facility_kind":"onstreet","symbol_text":null,"type_reference":"路邊停車格","type_confidence":0.6,"price_raw":null,"price_value":null,"capacity_total":1,"available_total":1,"occupied_total":0,"status_label":"空位","data_time":"2026-05-02 15:53:29+08:00","city_label":"新北市","facility_kind_label":"路邊車格","available_rate":1,"occupancy_rate":0,"price_tier":"unknown","price_tier_label":"價格未知"}},{"type":"Feature","geometry":{"type":"Point","coordinates":[121.423273,25.030459]},"properties":{"supply_id":"new_taipei-onstreet-74975","city":"new_taipei","district":"泰山區","display_name":"貴鳳街 車格 74975","address":"貴鳳街","facility_kind":"onstreet","symbol_text":null,"type_reference":"路邊停車格","type_confidence":0.6,"price_raw":null,"price_value":null,"capacity_total":1,"available_total":1,"occupied_total":0,"status_label":"空位","data_time":"2026-05-02 15:53:29+08:00","city_label":"新北市","facility_kind_label":"路邊車格","available_rate":1,"occupancy_rate":0,"price_tier":"unknown","price_tier_label":"價格未知"}},{"type":"Feature","geometry":{"type":"Point","coordinates":[121.438951,25.046067]},"properties":{"supply_id":"new_taipei-onstreet-156671","city":"new_taipei","district":"泰山區","display_name":"莊泰路 車格 156671","address":"莊泰路","facility_kind":"onstreet","symbol_text":null,"type_reference":"路邊停車格","type_confidence":0.6,"price_raw":null,"price_value":null,"capacity_total":1,"available_total":0,"occupied_total":1,"status_label":"已停","data_time":"2026-05-02 15:53:29+08:00","city_label":"新北市","facility_kind_label":"路邊車格","available_rate":0,"occupancy_rate":1,"price_tier":"unknown","price_tier_label":"價格未知"}},{"type":"Feature","geometry":{"type":"Point","coordinates":[121.429727,25.044283]},"properties":{"supply_id":"new_taipei-onstreet-98034","city":"new_taipei","district":"泰山區","display_name":"新生路 車格 98034","address":"新生路","facility_kind":"onstreet","symbol_text":null,"type_reference":"路邊停車格","type_confidence":0.6,"price_raw":null,"price_value":null,"capacity_total":1,"available_total":0,"occupied_total":1,"status_label":"已停","data_time":"2026-05-02 15:53:29+08:00","city_label":"新北市","facility_kind_label":"路邊車格","available_rate":0,"occupancy_rate":1,"price_tier":"unknown","price_tier_label":"價格未知"}},{"type":"Feature","geometry":{"type":"Point","coordinates":[121.423032,25.036942]},"properties":{"supply_id":"new_taipei-onstreet-35426","city":"new_taipei","district":"泰山區","display_name":"明志路三段 車格 35426","address":"明志路三段","facility_kind":"onstreet","symbol_text":null,"type_reference":"路邊停車格","type_confidence":0.6,"price_raw":null,"price_value":null,"capacity_total":1,"available_total":1,"occupied_total":0,"status_label":"空位","data_time":"2026-05-02 15:53:29+08:00","city_label":"新北市","facility_kind_label":"路邊車格","available_rate":1,"occupancy_rate":0,"price_tier":"unknown","price_tier_label":"價格未知"}},{"type":"Feature","geometry":{"type":"Point","coordinates":[121.432892,25.048171]},"properties":{"supply_id":"new_taipei-onstreet-82876","city":"new_taipei","district":"泰山區","display_name":"文程路 車格 82876","address":"文程路","facility_kind":"onstreet","symbol_text":null,"type_reference":"路邊停車格","type_confidence":0.6,"price_raw":null,"price_value":null,"capacity_total":1,"available_total":0,"occupied_total":1,"status_label":"已停","data_time":"2026-05-02 15:53:29+08:00","city_label":"新北市","facility_kind_label":"路邊車格","available_rate":0,"occupancy_rate":1,"price_tier":"unknown","price_tier_label":"價格未知"}},{"type":"Feature","geometry":{"type":"Point","coordinates":[121.438946,25.046018]},"properties":{"supply_id":"new_taipei-onstreet-156672","city":"new_taipei","district":"泰山區","display_name":"莊泰路 車格 156672","address":"莊泰路","facility_kind":"onstreet","symbol_text":null,"type_reference":"路邊停車格","type_confidence":0.6,"price_raw":null,"price_value":null,"capacity_total":1,"available_total":0,"occupied_total":1,"status_label":"已停","data_time":"2026-05-02 15:53:29+08:00","city_label":"新北市","facility_kind_label":"路邊車格","available_rate":0,"occupancy_rate":1,"price_tier":"unknown","price_tier_label":"價格未知"}},{"type":"Feature","geometry":{"type":"Point","coordinates":[121.433936,25.049163]},"properties":{"supply_id":"new_taipei-onstreet-151302","city":"new_taipei","district":"泰山區","display_name":"文程路便道 車格 151302","address":"文程路便道","facility_kind":"onstreet","symbol_text":null,"type_reference":"路邊停車格","type_confidence":0.6,"price_raw":null,"price_value":null,"capacity_total":1,"available_total":0,"occupied_total":1,"status_label":"已停","data_time":"2026-05-02 15:53:29+08:00","city_label":"新北市","facility_kind_label":"路邊車格","available_rate":0,"occupancy_rate":1,"price_tier":"unknown","price_tier_label":"價格未知"}},{"type":"Feature","geometry":{"type":"Point","coordinates":[121.429679,25.044307]},"properties":{"supply_id":"new_taipei-onstreet-55672","city":"new_taipei","district":"泰山區","display_name":"新生路 車格 55672","address":"新生路","facility_kind":"onstreet","symbol_text":null,"type_reference":"路邊停車格","type_confidence":0.6,"price_raw":null,"price_value":null,"capacity_total":1,"available_total":0,"occupied_total":1,"status_label":"已停","data_time":"2026-05-02 15:53:29+08:00","city_label":"新北市","facility_kind_label":"路邊車格","available_rate":0,"occupancy_rate":1,"price_tier":"unknown","price_tier_label":"價格未知"}},{"type":"Feature","geometry":{"type":"Point","coordinates":[121.42289,25.030724]},"properties":{"supply_id":"new_taipei-onstreet-55685","city":"new_taipei","district":"泰山區","display_name":"貴鳳街 車格 55685","address":"貴鳳街","facility_kind":"onstreet","symbol_text":null,"type_reference":"路邊停車格","type_confidence":0.6,"price_raw":null,"price_value":null,"capacity_total":1,"available_total":1,"occupied_total":0,"status_label":"空位","data_time":"2026-05-02 15:53:29+08:00","city_label":"新北市","facility_kind_label":"路邊車格","available_rate":1,"occupancy_rate":0,"price_tier":"unknown","price_tier_label":"價格未知"}},{"type":"Feature","geometry":{"type":"Point","coordinates":[121.438942,25.045968]},"properties":{"supply_id":"new_taipei-onstreet-156673","city":"new_taipei","district":"泰山區","display_name":"莊泰路 車格 156673","address":"莊泰路","facility_kind":"onstreet","symbol_text":null,"type_reference":"路邊停車格","type_confidence":0.6,"price_raw":null,"price_value":null,"capacity_total":1,"available_total":0,"occupied_total":1,"status_label":"已停","data_time":"2026-05-02 15:53:29+08:00","city_label":"新北市","facility_kind_label":"路邊車格","available_rate":0,"occupancy_rate":1,"price_tier":"unknown","price_tier_label":"價格未知"}},{"type":"Feature","geometry":{"type":"Point","coordinates":[121.433984,25.049187]},"properties":{"supply_id":"new_taipei-onstreet-151301","city":"new_taipei","district":"泰山區","display_name":"文程路便道 車格 151301","address":"文程路便道","facility_kind":"onstreet","symbol_text":null,"type_reference":"路邊停車格","type_confidence":0.6,"price_raw":null,"price_value":null,"capacity_total":1,"available_total":0,"occupied_total":1,"status_label":"已停","data_time":"2026-05-02 15:53:29+08:00","city_label":"新北市","facility_kind_label":"路邊車格","available_rate":0,"occupancy_rate":1,"price_tier":"unknown","price_tier_label":"價格未知"}},{"type":"Feature","geometry":{"type":"Point","coordinates":[121.434032,25.04921]},"properties":{"supply_id":"new_taipei-onstreet-151300","city":"new_taipei","district":"泰山區","display_name":"文程路便道 車格 151300","address":"文程路便道","facility_kind":"onstreet","symbol_text":null,"type_reference":"路邊停車格","type_confidence":0.6,"price_raw":null,"price_value":null,"capacity_total":1,"available_total":0,"occupied_total":1,"status_label":"已停","data_time":"2026-05-02 15:53:29+08:00","city_label":"新北市","facility_kind_label":"路邊車格","available_rate":0,"occupancy_rate":1,"price_tier":"unknown","price_tier_label":"價格未知"}},{"type":"Feature","geometry":{"type":"Point","coordinates":[121.43408,25.049233]},"properties":{"supply_id":"new_taipei-onstreet-151299","city":"new_taipei","district":"泰山區","display_name":"文程路便道 車格 151299","address":"文程路便道","facility_kind":"onstreet","symbol_text":null,"type_reference":"路邊停車格","type_confidence":0.6,"price_raw":null,"price_value":null,"capacity_total":1,"available_total":0,"occupied_total":1,"status_label":"已停","data_time":"2026-05-02 15:53:29+08:00","city_label":"新北市","facility_kind_label":"路邊車格","available_rate":0,"occupancy_rate":1,"price_tier":"unknown","price_tier_label":"價格未知"}},{"type":"Feature","geometry":{"type":"Point","coordinates":[121.429263,25.058075]},"properties":{"supply_id":"new_taipei-onstreet-88009","city":"new_taipei","district":"泰山區","display_name":"明志路一段 車格 88009","address":"明志路一段","facility_kind":"onstreet","symbol_text":null,"type_reference":"路邊停車格","type_confidence":0.6,"price_raw":null,"price_value":null,"capacity_total":1,"available_total":1,"occupied_total":0,"status_label":"空位","data_time":"2026-05-02 15:53:29+08:00","city_label":"新北市","facility_kind_label":"路邊車格","available_rate":1,"occupancy_rate":0,"price_tier":"unknown","price_tier_label":"價格未知"}},{"type":"Feature","geometry":{"type":"Point","coordinates":[121.422646,25.030852]},"properties":{"supply_id":"new_taipei-onstreet-55683","city":"new_taipei","district":"泰山區","display_name":"貴鳳街 車格 55683","address":"貴鳳街","facility_kind":"onstreet","symbol_text":null,"type_reference":"路邊停車格","type_confidence":0.6,"price_raw":null,"price_value":null,"capacity_total":1,"available_total":1,"occupied_total":0,"status_label":"空位","data_time":"2026-05-02 15:53:29+08:00","city_label":"新北市","facility_kind_label":"路邊車格","available_rate":1,"occupancy_rate":0,"price_tier":"unknown","price_tier_label":"價格未知"}},{"type":"Feature","geometry":{"type":"Point","coordinates":[121.429631,25.044331]},"properties":{"supply_id":"new_taipei-onstreet-55671","city":"new_taipei","district":"泰山區","display_name":"新生路 車格 55671","address":"新生路","facility_kind":"onstreet","symbol_text":null,"type_reference":"路邊停車格","type_confidence":0.6,"price_raw":null,"price_value":null,"capacity_total":1,"available_total":1,"occupied_total":0,"status_label":"空位","data_time":"2026-05-02 15:53:29+08:00","city_label":"新北市","facility_kind_label":"路邊車格","available_rate":1,"occupancy_rate":0,"price_tier":"unknown","price_tier_label":"價格未知"}},{"type":"Feature","geometry":{"type":"Point","coordinates":[121.422837,25.030752]},"properties":{"supply_id":"new_taipei-onstreet-55684","city":"new_taipei","district":"泰山區","display_name":"貴鳳街 車格 55684","address":"貴鳳街","facility_kind":"onstreet","symbol_text":null,"type_reference":"路邊停車格","type_confidence":0.6,"price_raw":null,"price_value":null,"capacity_total":1,"available_total":1,"occupied_total":0,"status_label":"空位","data_time":"2026-05-02 15:53:29+08:00","city_label":"新北市","facility_kind_label":"路邊車格","available_rate":1,"occupancy_rate":0,"price_tier":"unknown","price_tier_label":"價格未知"}},{"type":"Feature","geometry":{"type":"Point","coordinates":[121.42289,25.036762]},"properties":{"supply_id":"new_taipei-onstreet-54821","city":"new_taipei","district":"泰山區","display_name":"明志路三段 車格 54821","address":"明志路三段","facility_kind":"onstreet","symbol_text":null,"type_reference":"路邊停車格","type_confidence":0.6,"price_raw":null,"price_value":null,"capacity_total":1,"available_total":1,"occupied_total":0,"status_label":"空位","data_time":"2026-05-02 15:53:29+08:00","city_label":"新北市","facility_kind_label":"路邊車格","available_rate":1,"occupancy_rate":0,"price_tier":"unknown","price_tier_label":"價格未知"}},{"type":"Feature","geometry":{"type":"Point","coordinates":[121.438933,25.045869]},"properties":{"supply_id":"new_taipei-onstreet-156675","city":"new_taipei","district":"泰山區","display_name":"莊泰路 車格 156675","address":"莊泰路","facility_kind":"onstreet","symbol_text":null,"type_reference":"路邊停車格","type_confidence":0.6,"price_raw":null,"price_value":null,"capacity_total":1,"available_total":1,"occupied_total":0,"status_label":"空位","data_time":"2026-05-02 15:53:29+08:00","city_label":"新北市","facility_kind_label":"路邊車格","available_rate":1,"occupancy_rate":0,"price_tier":"unknown","price_tier_label":"價格未知"}},{"type":"Feature","geometry":{"type":"Point","coordinates":[121.434128,25.049256]},"properties":{"supply_id":"new_taipei-onstreet-151298","city":"new_taipei","district":"泰山區","display_name":"文程路便道 車格 151298","address":"文程路便道","facility_kind":"onstreet","symbol_text":null,"type_reference":"路邊停車格","type_confidence":0.6,"price_raw":null,"price_value":null,"capacity_total":1,"available_total":1,"occupied_total":0,"status_label":"空位","data_time":"2026-05-02 15:53:29+08:00","city_label":"新北市","facility_kind_label":"路邊車格","available_rate":1,"occupancy_rate":0,"price_tier":"unknown","price_tier_label":"價格未知"}},{"type":"Feature","geometry":{"type":"Point","coordinates":[121.438937,25.045919]},"properties":{"supply_id":"new_taipei-onstreet-156674","city":"new_taipei","district":"泰山區","display_name":"莊泰路 車格 156674","address":"莊泰路","facility_kind":"onstreet","symbol_text":null,"type_reference":"路邊停車格","type_confidence":0.6,"price_raw":null,"price_value":null,"capacity_total":1,"available_total":1,"occupied_total":0,"status_label":"空位","data_time":"2026-05-02 15:53:29+08:00","city_label":"新北市","facility_kind_label":"路邊車格","available_rate":1,"occupancy_rate":0,"price_tier":"unknown","price_tier_label":"價格未知"}},{"type":"Feature","geometry":{"type":"Point","coordinates":[121.434225,25.049303]},"properties":{"supply_id":"new_taipei-onstreet-151296","city":"new_taipei","district":"泰山區","display_name":"文程路便道 車格 151296","address":"文程路便道","facility_kind":"onstreet","symbol_text":null,"type_reference":"路邊停車格","type_confidence":0.6,"price_raw":null,"price_value":null,"capacity_total":1,"available_total":0,"occupied_total":1,"status_label":"已停","data_time":"2026-05-02 15:53:29+08:00","city_label":"新北市","facility_kind_label":"路邊車格","available_rate":0,"occupancy_rate":1,"price_tier":"unknown","price_tier_label":"價格未知"}},{"type":"Feature","geometry":{"type":"Point","coordinates":[121.429434,25.058033]},"properties":{"supply_id":"new_taipei-onstreet-82936","city":"new_taipei","district":"泰山區","display_name":"明志路一段 車格 82936","address":"明志路一段","facility_kind":"onstreet","symbol_text":null,"type_reference":"路邊停車格","type_confidence":0.6,"price_raw":null,"price_value":null,"capacity_total":1,"available_total":1,"occupied_total":0,"status_label":"空位","data_time":"2026-05-02 15:53:29+08:00","city_label":"新北市","facility_kind_label":"路邊車格","available_rate":1,"occupancy_rate":0,"price_tier":"unknown","price_tier_label":"價格未知"}},{"type":"Feature","geometry":{"type":"Point","coordinates":[121.434177,25.04928]},"properties":{"supply_id":"new_taipei-onstreet-151297","city":"new_taipei","district":"泰山區","display_name":"文程路便道 車格 151297","address":"文程路便道","facility_kind":"onstreet","symbol_text":null,"type_reference":"路邊停車格","type_confidence":0.6,"price_raw":null,"price_value":null,"capacity_total":1,"available_total":0,"occupied_total":1,"status_label":"已停","data_time":"2026-05-02 15:53:29+08:00","city_label":"新北市","facility_kind_label":"路邊車格","available_rate":0,"occupancy_rate":1,"price_tier":"unknown","price_tier_label":"價格未知"}},{"type":"Feature","geometry":{"type":"Point","coordinates":[121.422863,25.036719]},"properties":{"supply_id":"new_taipei-onstreet-54808","city":"new_taipei","district":"泰山區","display_name":"明志路三段 車格 54808","address":"明志路三段","facility_kind":"onstreet","symbol_text":null,"type_reference":"路邊停車格","type_confidence":0.6,"price_raw":null,"price_value":null,"capacity_total":1,"available_total":1,"occupied_total":0,"status_label":"空位","data_time":"2026-05-02 15:53:29+08:00","city_label":"新北市","facility_kind_label":"路邊車格","available_rate":1,"occupancy_rate":0,"price_tier":"unknown","price_tier_label":"價格未知"}},{"type":"Feature","geometry":{"type":"Point","coordinates":[121.422836,25.036676]},"properties":{"supply_id":"new_taipei-onstreet-54809","city":"new_taipei","district":"泰山區","display_name":"明志路三段 車格 54809","address":"明志路三段","facility_kind":"onstreet","symbol_text":null,"type_reference":"路邊停車格","type_confidence":0.6,"price_raw":null,"price_value":null,"capacity_total":1,"available_total":1,"occupied_total":0,"status_label":"空位","data_time":"2026-05-02 15:53:29+08:00","city_label":"新北市","facility_kind_label":"路邊車格","available_rate":1,"occupancy_rate":0,"price_tier":"unknown","price_tier_label":"價格未知"}},{"type":"Feature","geometry":{"type":"Point","coordinates":[121.422808,25.036634]},"properties":{"supply_id":"new_taipei-onstreet-54810","city":"new_taipei","district":"泰山區","display_name":"明志路三段 車格 54810","address":"明志路三段","facility_kind":"onstreet","symbol_text":null,"type_reference":"路邊停車格","type_confidence":0.6,"price_raw":null,"price_value":null,"capacity_total":1,"available_total":1,"occupied_total":0,"status_label":"空位","data_time":"2026-05-02 15:53:29+08:00","city_label":"新北市","facility_kind_label":"路邊車格","available_rate":1,"occupancy_rate":0,"price_tier":"unknown","price_tier_label":"價格未知"}},{"type":"Feature","geometry":{"type":"Point","coordinates":[121.429329,25.058063]},"properties":{"supply_id":"new_taipei-onstreet-89971","city":"new_taipei","district":"泰山區","display_name":"明志路一段 車格 89971","address":"明志路一段","facility_kind":"onstreet","symbol_text":null,"type_reference":"路邊停車格","type_confidence":0.6,"price_raw":null,"price_value":null,"capacity_total":1,"available_total":1,"occupied_total":0,"status_label":"空位","data_time":"2026-05-02 15:53:29+08:00","city_label":"新北市","facility_kind_label":"路邊車格","available_rate":1,"occupancy_rate":0,"price_tier":"unknown","price_tier_label":"價格未知"}},{"type":"Feature","geometry":{"type":"Point","coordinates":[121.422593,25.030877]},"properties":{"supply_id":"new_taipei-onstreet-55682","city":"new_taipei","district":"泰山區","display_name":"貴鳳街 車格 55682","address":"貴鳳街","facility_kind":"onstreet","symbol_text":null,"type_reference":"路邊停車格","type_confidence":0.6,"price_raw":null,"price_value":null,"capacity_total":1,"available_total":1,"occupied_total":0,"status_label":"空位","data_time":"2026-05-02 15:53:29+08:00","city_label":"新北市","facility_kind_label":"路邊車格","available_rate":1,"occupancy_rate":0,"price_tier":"unknown","price_tier_label":"價格未知"}},{"type":"Feature","geometry":{"type":"Point","coordinates":[121.438928,25.04582]},"properties":{"supply_id":"new_taipei-onstreet-156676","city":"new_taipei","district":"泰山區","display_name":"莊泰路 車格 156676","address":"莊泰路","facility_kind":"onstreet","symbol_text":null,"type_reference":"路邊停車格","type_confidence":0.6,"price_raw":null,"price_value":null,"capacity_total":1,"available_total":1,"occupied_total":0,"status_label":"空位","data_time":"2026-05-02 15:53:29+08:00","city_label":"新北市","facility_kind_label":"路邊車格","available_rate":1,"occupancy_rate":0,"price_tier":"unknown","price_tier_label":"價格未知"}},{"type":"Feature","geometry":{"type":"Point","coordinates":[121.429486,25.058018]},"properties":{"supply_id":"new_taipei-onstreet-82937","city":"new_taipei","district":"泰山區","display_name":"明志路一段 車格 82937","address":"明志路一段","facility_kind":"onstreet","symbol_text":null,"type_reference":"路邊停車格","type_confidence":0.6,"price_raw":null,"price_value":null,"capacity_total":1,"available_total":1,"occupied_total":0,"status_label":"空位","data_time":"2026-05-02 15:53:29+08:00","city_label":"新北市","facility_kind_label":"路邊車格","available_rate":1,"occupancy_rate":0,"price_tier":"unknown","price_tier_label":"價格未知"}},{"type":"Feature","geometry":{"type":"Point","coordinates":[121.422781,25.036591]},"properties":{"supply_id":"new_taipei-onstreet-54811","city":"new_taipei","district":"泰山區","display_name":"明志路三段 車格 54811","address":"明志路三段","facility_kind":"onstreet","symbol_text":null,"type_reference":"路邊停車格","type_confidence":0.6,"price_raw":null,"price_value":null,"capacity_total":1,"available_total":1,"occupied_total":0,"status_label":"空位","data_time":"2026-05-02 15:53:29+08:00","city_label":"新北市","facility_kind_label":"路邊車格","available_rate":1,"occupancy_rate":0,"price_tier":"unknown","price_tier_label":"價格未知"}},{"type":"Feature","geometry":{"type":"Point","coordinates":[121.429383,25.058049]},"properties":{"supply_id":"new_taipei-onstreet-42399","city":"new_taipei","district":"泰山區","display_name":"明志路一段 車格 42399","address":"明志路一段","facility_kind":"onstreet","symbol_text":null,"type_reference":"路邊停車格","type_confidence":0.6,"price_raw":null,"price_value":null,"capacity_total":1,"available_total":1,"occupied_total":0,"status_label":"空位","data_time":"2026-05-02 15:53:29+08:00","city_label":"新北市","facility_kind_label":"路邊車格","available_rate":1,"occupancy_rate":0,"price_tier":"unknown","price_tier_label":"價格未知"}},{"type":"Feature","geometry":{"type":"Point","coordinates":[121.438924,25.04577]},"properties":{"supply_id":"new_taipei-onstreet-156677","city":"new_taipei","district":"泰山區","display_name":"莊泰路 車格 156677","address":"莊泰路","facility_kind":"onstreet","symbol_text":null,"type_reference":"路邊停車格","type_confidence":0.6,"price_raw":null,"price_value":null,"capacity_total":1,"available_total":1,"occupied_total":0,"status_label":"空位","data_time":"2026-05-02 15:53:29+08:00","city_label":"新北市","facility_kind_label":"路邊車格","available_rate":1,"occupancy_rate":0,"price_tier":"unknown","price_tier_label":"價格未知"}},{"type":"Feature","geometry":{"type":"Point","coordinates":[121.438919,25.045721]},"properties":{"supply_id":"new_taipei-onstreet-156678","city":"new_taipei","district":"泰山區","display_name":"莊泰路 車格 156678","address":"莊泰路","facility_kind":"onstreet","symbol_text":null,"type_reference":"路邊停車格","type_confidence":0.6,"price_raw":null,"price_value":null,"capacity_total":1,"available_total":1,"occupied_total":0,"status_label":"空位","data_time":"2026-05-02 15:53:29+08:00","city_label":"新北市","facility_kind_label":"路邊車格","available_rate":1,"occupancy_rate":0,"price_tier":"unknown","price_tier_label":"價格未知"}},{"type":"Feature","geometry":{"type":"Point","coordinates":[121.43891,25.045622]},"properties":{"supply_id":"new_taipei-onstreet-156680","city":"new_taipei","district":"泰山區","display_name":"莊泰路 車格 156680","address":"莊泰路","facility_kind":"onstreet","symbol_text":null,"type_reference":"路邊停車格","type_confidence":0.6,"price_raw":null,"price_value":null,"capacity_total":1,"available_total":1,"occupied_total":0,"status_label":"空位","data_time":"2026-05-02 15:53:29+08:00","city_label":"新北市","facility_kind_label":"路邊車格","available_rate":1,"occupancy_rate":0,"price_tier":"unknown","price_tier_label":"價格未知"}},{"type":"Feature","geometry":{"type":"Point","coordinates":[121.438915,25.045671]},"properties":{"supply_id":"new_taipei-onstreet-156679","city":"new_taipei","district":"泰山區","display_name":"莊泰路 車格 156679","address":"莊泰路","facility_kind":"onstreet","symbol_text":null,"type_reference":"路邊停車格","type_confidence":0.6,"price_raw":null,"price_value":null,"capacity_total":1,"available_total":0,"occupied_total":1,"status_label":"已停","data_time":"2026-05-02 15:53:29+08:00","city_label":"新北市","facility_kind_label":"路邊車格","available_rate":0,"occupancy_rate":1,"price_tier":"unknown","price_tier_label":"價格未知"}},{"type":"Feature","geometry":{"type":"Point","coordinates":[121.429538,25.058003]},"properties":{"supply_id":"new_taipei-onstreet-89993","city":"new_taipei","district":"泰山區","display_name":"明志路一段 車格 89993","address":"明志路一段","facility_kind":"onstreet","symbol_text":null,"type_reference":"路邊停車格","type_confidence":0.6,"price_raw":null,"price_value":null,"capacity_total":1,"available_total":0,"occupied_total":1,"status_label":"已停","data_time":"2026-05-02 15:53:29+08:00","city_label":"新北市","facility_kind_label":"路邊車格","available_rate":0,"occupancy_rate":1,"price_tier":"unknown","price_tier_label":"價格未知"}},{"type":"Feature","geometry":{"type":"Point","coordinates":[121.434273,25.049326]},"properties":{"supply_id":"new_taipei-onstreet-151295","city":"new_taipei","district":"泰山區","display_name":"文程路便道 車格 151295","address":"文程路便道","facility_kind":"onstreet","symbol_text":null,"type_reference":"路邊停車格","type_confidence":0.6,"price_raw":null,"price_value":null,"capacity_total":1,"available_total":0,"occupied_total":1,"status_label":"已停","data_time":"2026-05-02 15:53:29+08:00","city_label":"新北市","facility_kind_label":"路邊車格","available_rate":0,"occupancy_rate":1,"price_tier":"unknown","price_tier_label":"價格未知"}},{"type":"Feature","geometry":{"type":"Point","coordinates":[121.438779,25.04425]},"properties":{"supply_id":"new_taipei-onstreet-159910","city":"new_taipei","district":"泰山區","display_name":"莊泰路 車格 159910","address":"莊泰路","facility_kind":"onstreet","symbol_text":null,"type_reference":"路邊停車格","type_confidence":0.6,"price_raw":null,"price_value":null,"capacity_total":1,"available_total":0,"occupied_total":1,"status_label":"已停","data_time":"2026-05-02 15:53:29+08:00","city_label":"新北市","facility_kind_label":"路邊車格","available_rate":0,"occupancy_rate":1,"price_tier":"unknown","price_tier_label":"價格未知"}},{"type":"Feature","geometry":{"type":"Point","coordinates":[121.438787,25.044349]},"properties":{"supply_id":"new_taipei-onstreet-159908","city":"new_taipei","district":"泰山區","display_name":"莊泰路 車格 159908","address":"莊泰路","facility_kind":"onstreet","symbol_text":null,"type_reference":"路邊停車格","type_confidence":0.6,"price_raw":null,"price_value":null,"capacity_total":1,"available_total":0,"occupied_total":1,"status_label":"已停","data_time":"2026-05-02 15:53:29+08:00","city_label":"新北市","facility_kind_label":"路邊車格","available_rate":0,"occupancy_rate":1,"price_tier":"unknown","price_tier_label":"價格未知"}},{"type":"Feature","geometry":{"type":"Point","coordinates":[121.428911,25.044687]},"properties":{"supply_id":"new_taipei-onstreet-87426","city":"new_taipei","district":"泰山區","display_name":"新生路 車格 87426","address":"新生路","facility_kind":"onstreet","symbol_text":null,"type_reference":"路邊停車格","type_confidence":0.6,"price_raw":null,"price_value":null,"capacity_total":1,"available_total":0,"occupied_total":1,"status_label":"已停","data_time":"2026-05-02 15:53:29+08:00","city_label":"新北市","facility_kind_label":"路邊車格","available_rate":0,"occupancy_rate":1,"price_tier":"unknown","price_tier_label":"價格未知"}},{"type":"Feature","geometry":{"type":"Point","coordinates":[121.434456,25.049488]},"properties":{"supply_id":"new_taipei-onstreet-151290","city":"new_taipei","district":"泰山區","display_name":"文程路便道 車格 151290","address":"文程路便道","facility_kind":"onstreet","symbol_text":null,"type_reference":"路邊停車格","type_confidence":0.6,"price_raw":null,"price_value":null,"capacity_total":1,"available_total":1,"occupied_total":0,"status_label":"空位","data_time":"2026-05-02 15:53:29+08:00","city_label":"新北市","facility_kind_label":"路邊車格","available_rate":1,"occupancy_rate":0,"price_tier":"unknown","price_tier_label":"價格未知"}},{"type":"Feature","geometry":{"type":"Point","coordinates":[121.429746,25.057921]},"properties":{"supply_id":"new_taipei-onstreet-42398","city":"new_taipei","district":"泰山區","display_name":"明志路一段 車格 42398","address":"明志路一段","facility_kind":"onstreet","symbol_text":null,"type_reference":"路邊停車格","type_confidence":0.6,"price_raw":null,"price_value":null,"capacity_total":1,"available_total":1,"occupied_total":0,"status_label":"空位","data_time":"2026-05-02 15:53:29+08:00","city_label":"新北市","facility_kind_label":"路邊車格","available_rate":1,"occupancy_rate":0,"price_tier":"unknown","price_tier_label":"價格未知"}},{"type":"Feature","geometry":{"type":"Point","coordinates":[121.422644,25.036376]},"properties":{"supply_id":"new_taipei-onstreet-54816","city":"new_taipei","district":"泰山區","display_name":"明志路三段 車格 54816","address":"明志路三段","facility_kind":"onstreet","symbol_text":null,"type_reference":"路邊停車格","type_confidence":0.6,"price_raw":null,"price_value":null,"capacity_total":1,"available_total":1,"occupied_total":0,"status_label":"空位","data_time":"2026-05-02 15:53:29+08:00","city_label":"新北市","facility_kind_label":"路邊車格","available_rate":1,"occupancy_rate":0,"price_tier":"unknown","price_tier_label":"價格未知"}},{"type":"Feature","geometry":{"type":"Point","coordinates":[121.422616,25.036333]},"properties":{"supply_id":"new_taipei-onstreet-35437","city":"new_taipei","district":"泰山區","display_name":"明志路三段 車格 35437","address":"明志路三段","facility_kind":"onstreet","symbol_text":null,"type_reference":"路邊停車格","type_confidence":0.6,"price_raw":null,"price_value":null,"capacity_total":1,"available_total":1,"occupied_total":0,"status_label":"空位","data_time":"2026-05-02 15:53:29+08:00","city_label":"新北市","facility_kind_label":"路邊車格","available_rate":1,"occupancy_rate":0,"price_tier":"unknown","price_tier_label":"價格未知"}},{"type":"Feature","geometry":{"type":"Point","coordinates":[121.429699,25.057947]},"properties":{"supply_id":"new_taipei-onstreet-88033","city":"new_taipei","district":"泰山區","display_name":"明志路一段 車格 88033","address":"明志路一段","facility_kind":"onstreet","symbol_text":null,"type_reference":"路邊停車格","type_confidence":0.6,"price_raw":null,"price_value":null,"capacity_total":1,"available_total":1,"occupied_total":0,"status_label":"空位","data_time":"2026-05-02 15:53:29+08:00","city_label":"新北市","facility_kind_label":"路邊車格","available_rate":1,"occupancy_rate":0,"price_tier":"unknown","price_tier_label":"價格未知"}},{"type":"Feature","geometry":{"type":"Point","coordinates":[121.434369,25.049373]},"properties":{"supply_id":"new_taipei-onstreet-151293","city":"new_taipei","district":"泰山區","display_name":"文程路便道 車格 151293","address":"文程路便道","facility_kind":"onstreet","symbol_text":null,"type_reference":"路邊停車格","type_confidence":0.6,"price_raw":null,"price_value":null,"capacity_total":1,"available_total":0,"occupied_total":1,"status_label":"已停","data_time":"2026-05-02 15:53:29+08:00","city_label":"新北市","facility_kind_label":"路邊車格","available_rate":0,"occupancy_rate":1,"price_tier":"unknown","price_tier_label":"價格未知"}},{"type":"Feature","geometry":{"type":"Point","coordinates":[121.42959,25.057987]},"properties":{"supply_id":"new_taipei-onstreet-89994","city":"new_taipei","district":"泰山區","display_name":"明志路一段 車格 89994","address":"明志路一段","facility_kind":"onstreet","symbol_text":null,"type_reference":"路邊停車格","type_confidence":0.6,"price_raw":null,"price_value":null,"capacity_total":1,"available_total":1,"occupied_total":0,"status_label":"空位","data_time":"2026-05-02 15:53:29+08:00","city_label":"新北市","facility_kind_label":"路邊車格","available_rate":1,"occupancy_rate":0,"price_tier":"unknown","price_tier_label":"價格未知"}},{"type":"Feature","geometry":{"type":"Point","coordinates":[121.438906,25.045572]},"properties":{"supply_id":"new_taipei-onstreet-156681","city":"new_taipei","district":"泰山區","display_name":"莊泰路 車格 156681","address":"莊泰路","facility_kind":"onstreet","symbol_text":null,"type_reference":"路邊停車格","type_confidence":0.6,"price_raw":null,"price_value":null,"capacity_total":1,"available_total":1,"occupied_total":0,"status_label":"空位","data_time":"2026-05-02 15:53:29+08:00","city_label":"新北市","facility_kind_label":"路邊車格","available_rate":1,"occupancy_rate":0,"price_tier":"unknown","price_tier_label":"價格未知"}},{"type":"Feature","geometry":{"type":"Point","coordinates":[121.434321,25.049349]},"properties":{"supply_id":"new_taipei-onstreet-151294","city":"new_taipei","district":"泰山區","display_name":"文程路便道 車格 151294","address":"文程路便道","facility_kind":"onstreet","symbol_text":null,"type_reference":"路邊停車格","type_confidence":0.6,"price_raw":null,"price_value":null,"capacity_total":1,"available_total":0,"occupied_total":1,"status_label":"已停","data_time":"2026-05-02 15:53:29+08:00","city_label":"新北市","facility_kind_label":"路邊車格","available_rate":0,"occupancy_rate":1,"price_tier":"unknown","price_tier_label":"價格未知"}},{"type":"Feature","geometry":{"type":"Point","coordinates":[121.438892,25.045424]},"properties":{"supply_id":"new_taipei-onstreet-156684","city":"new_taipei","district":"泰山區","display_name":"莊泰路 車格 156684","address":"莊泰路","facility_kind":"onstreet","symbol_text":null,"type_reference":"路邊停車格","type_confidence":0.6,"price_raw":null,"price_value":null,"capacity_total":1,"available_total":1,"occupied_total":0,"status_label":"空位","data_time":"2026-05-02 15:53:29+08:00","city_label":"新北市","facility_kind_label":"路邊車格","available_rate":1,"occupancy_rate":0,"price_tier":"unknown","price_tier_label":"價格未知"}},{"type":"Feature","geometry":{"type":"Point","coordinates":[121.428799,25.044751]},"properties":{"supply_id":"new_taipei-onstreet-159823","city":"new_taipei","district":"泰山區","display_name":"新生路 車格 159823","address":"新生路","facility_kind":"onstreet","symbol_text":null,"type_reference":"路邊停車格","type_confidence":0.6,"price_raw":null,"price_value":null,"capacity_total":1,"available_total":1,"occupied_total":0,"status_label":"空位","data_time":"2026-05-02 15:53:29+08:00","city_label":"新北市","facility_kind_label":"路邊車格","available_rate":1,"occupancy_rate":0,"price_tier":"unknown","price_tier_label":"價格未知"}},{"type":"Feature","geometry":{"type":"Point","coordinates":[121.428863,25.044711]},"properties":{"supply_id":"new_taipei-onstreet-87425","city":"new_taipei","district":"泰山區","display_name":"新生路 車格 87425","address":"新生路","facility_kind":"onstreet","symbol_text":null,"type_reference":"路邊停車格","type_confidence":0.6,"price_raw":null,"price_value":null,"capacity_total":1,"available_total":1,"occupied_total":0,"status_label":"空位","data_time":"2026-05-02 15:53:29+08:00","city_label":"新北市","facility_kind_label":"路邊車格","available_rate":1,"occupancy_rate":0,"price_tier":"unknown","price_tier_label":"價格未知"}},{"type":"Feature","geometry":{"type":"Point","coordinates":[121.434417,25.049396]},"properties":{"supply_id":"new_taipei-onstreet-151292","city":"new_taipei","district":"泰山區","display_name":"文程路便道 車格 151292","address":"文程路便道","facility_kind":"onstreet","symbol_text":null,"type_reference":"路邊停車格","type_confidence":0.6,"price_raw":null,"price_value":null,"capacity_total":1,"available_total":0,"occupied_total":1,"status_label":"已停","data_time":"2026-05-02 15:53:29+08:00","city_label":"新北市","facility_kind_label":"路邊車格","available_rate":0,"occupancy_rate":1,"price_tier":"unknown","price_tier_label":"價格未知"}},{"type":"Feature","geometry":{"type":"Point","coordinates":[121.438897,25.045473]},"properties":{"supply_id":"new_taipei-onstreet-156683","city":"new_taipei","district":"泰山區","display_name":"莊泰路 車格 156683","address":"莊泰路","facility_kind":"onstreet","symbol_text":null,"type_reference":"路邊停車格","type_confidence":0.6,"price_raw":null,"price_value":null,"capacity_total":1,"available_total":0,"occupied_total":1,"status_label":"已停","data_time":"2026-05-02 15:53:29+08:00","city_label":"新北市","facility_kind_label":"路邊車格","available_rate":0,"occupancy_rate":1,"price_tier":"unknown","price_tier_label":"價格未知"}},{"type":"Feature","geometry":{"type":"Point","coordinates":[121.438775,25.0442]},"properties":{"supply_id":"new_taipei-onstreet-159911","city":"new_taipei","district":"泰山區","display_name":"莊泰路 車格 159911","address":"莊泰路","facility_kind":"onstreet","symbol_text":null,"type_reference":"路邊停車格","type_confidence":0.6,"price_raw":null,"price_value":null,"capacity_total":1,"available_total":0,"occupied_total":1,"status_label":"已停","data_time":"2026-05-02 15:53:29+08:00","city_label":"新北市","facility_kind_label":"路邊車格","available_rate":0,"occupancy_rate":1,"price_tier":"unknown","price_tier_label":"價格未知"}},{"type":"Feature","geometry":{"type":"Point","coordinates":[121.422589,25.03629]},"properties":{"supply_id":"new_taipei-onstreet-35438","city":"new_taipei","district":"泰山區","display_name":"明志路三段 車格 35438","address":"明志路三段","facility_kind":"onstreet","symbol_text":null,"type_reference":"路邊停車格","type_confidence":0.6,"price_raw":null,"price_value":null,"capacity_total":1,"available_total":1,"occupied_total":0,"status_label":"空位","data_time":"2026-05-02 15:53:29+08:00","city_label":"新北市","facility_kind_label":"路邊車格","available_rate":1,"occupancy_rate":0,"price_tier":"unknown","price_tier_label":"價格未知"}},{"type":"Feature","geometry":{"type":"Point","coordinates":[121.438771,25.044151]},"properties":{"supply_id":"new_taipei-onstreet-159912","city":"new_taipei","district":"泰山區","display_name":"莊泰路 車格 159912","address":"莊泰路","facility_kind":"onstreet","symbol_text":null,"type_reference":"路邊停車格","type_confidence":0.6,"price_raw":null,"price_value":null,"capacity_total":1,"available_total":0,"occupied_total":1,"status_label":"已停","data_time":"2026-05-02 15:53:29+08:00","city_label":"新北市","facility_kind_label":"路邊車格","available_rate":0,"occupancy_rate":1,"price_tier":"unknown","price_tier_label":"價格未知"}},{"type":"Feature","geometry":{"type":"Point","coordinates":[121.429648,25.05797]},"properties":{"supply_id":"new_taipei-onstreet-95888","city":"new_taipei","district":"泰山區","display_name":"明志路一段 車格 95888","address":"明志路一段","facility_kind":"onstreet","symbol_text":null,"type_reference":"路邊停車格","type_confidence":0.6,"price_raw":null,"price_value":null,"capacity_total":1,"available_total":1,"occupied_total":0,"status_label":"空位","data_time":"2026-05-02 15:53:29+08:00","city_label":"新北市","facility_kind_label":"路邊車格","available_rate":1,"occupancy_rate":0,"price_tier":"unknown","price_tier_label":"價格未知"}},{"type":"Feature","geometry":{"type":"Point","coordinates":[121.438901,25.045523]},"properties":{"supply_id":"new_taipei-onstreet-156682","city":"new_taipei","district":"泰山區","display_name":"莊泰路 車格 156682","address":"莊泰路","facility_kind":"onstreet","symbol_text":null,"type_reference":"路邊停車格","type_confidence":0.6,"price_raw":null,"price_value":null,"capacity_total":1,"available_total":0,"occupied_total":1,"status_label":"已停","data_time":"2026-05-02 15:53:29+08:00","city_label":"新北市","facility_kind_label":"路邊車格","available_rate":0,"occupancy_rate":1,"price_tier":"unknown","price_tier_label":"價格未知"}},{"type":"Feature","geometry":{"type":"Point","coordinates":[121.438783,25.044299]},"properties":{"supply_id":"new_taipei-onstreet-159909","city":"new_taipei","district":"泰山區","display_name":"莊泰路 車格 159909","address":"莊泰路","facility_kind":"onstreet","symbol_text":null,"type_reference":"路邊停車格","type_confidence":0.6,"price_raw":null,"price_value":null,"capacity_total":1,"available_total":0,"occupied_total":1,"status_label":"已停","data_time":"2026-05-02 15:53:29+08:00","city_label":"新北市","facility_kind_label":"路邊車格","available_rate":0,"occupancy_rate":1,"price_tier":"unknown","price_tier_label":"價格未知"}},{"type":"Feature","geometry":{"type":"Point","coordinates":[121.427636,25.045331]},"properties":{"supply_id":"new_taipei-onstreet-55666","city":"new_taipei","district":"泰山區","display_name":"新生路 車格 55666","address":"新生路","facility_kind":"onstreet","symbol_text":null,"type_reference":"路邊停車格","type_confidence":0.6,"price_raw":null,"price_value":null,"capacity_total":1,"available_total":0,"occupied_total":1,"status_label":"已停","data_time":"2026-05-02 15:53:29+08:00","city_label":"新北市","facility_kind_label":"路邊車格","available_rate":0,"occupancy_rate":1,"price_tier":"unknown","price_tier_label":"價格未知"}},{"type":"Feature","geometry":{"type":"Point","coordinates":[121.422534,25.036204]},"properties":{"supply_id":"new_taipei-onstreet-54818","city":"new_taipei","district":"泰山區","display_name":"明志路三段 車格 54818","address":"明志路三段","facility_kind":"onstreet","symbol_text":null,"type_reference":"路邊停車格","type_confidence":0.6,"price_raw":null,"price_value":null,"capacity_total":1,"available_total":1,"occupied_total":0,"status_label":"空位","data_time":"2026-05-02 15:53:29+08:00","city_label":"新北市","facility_kind_label":"路邊車格","available_rate":1,"occupancy_rate":0,"price_tier":"unknown","price_tier_label":"價格未知"}},{"type":"Feature","geometry":{"type":"Point","coordinates":[121.43445,25.049435]},"properties":{"supply_id":"new_taipei-onstreet-151291","city":"new_taipei","district":"泰山區","display_name":"文程路便道 車格 151291","address":"文程路便道","facility_kind":"onstreet","symbol_text":null,"type_reference":"路邊停車格","type_confidence":0.6,"price_raw":null,"price_value":null,"capacity_total":1,"available_total":0,"occupied_total":1,"status_label":"已停","data_time":"2026-05-02 15:53:29+08:00","city_label":"新北市","facility_kind_label":"路邊車格","available_rate":0,"occupancy_rate":1,"price_tier":"unknown","price_tier_label":"價格未知"}},{"type":"Feature","geometry":{"type":"Point","coordinates":[121.434469,25.049587]},"properties":{"supply_id":"new_taipei-onstreet-151288","city":"new_taipei","district":"泰山區","display_name":"文程路便道 車格 151288","address":"文程路便道","facility_kind":"onstreet","symbol_text":null,"type_reference":"路邊停車格","type_confidence":0.6,"price_raw":null,"price_value":null,"capacity_total":1,"available_total":0,"occupied_total":1,"status_label":"已停","data_time":"2026-05-02 15:53:29+08:00","city_label":"新北市","facility_kind_label":"路邊車格","available_rate":0,"occupancy_rate":1,"price_tier":"unknown","price_tier_label":"價格未知"}},{"type":"Feature","geometry":{"type":"Point","coordinates":[121.434462,25.049537]},"properties":{"supply_id":"new_taipei-onstreet-151289","city":"new_taipei","district":"泰山區","display_name":"文程路便道 車格 151289","address":"文程路便道","facility_kind":"onstreet","symbol_text":null,"type_reference":"路邊停車格","type_confidence":0.6,"price_raw":null,"price_value":null,"capacity_total":1,"available_total":0,"occupied_total":1,"status_label":"已停","data_time":"2026-05-02 15:53:29+08:00","city_label":"新北市","facility_kind_label":"路邊車格","available_rate":0,"occupancy_rate":1,"price_tier":"unknown","price_tier_label":"價格未知"}},{"type":"Feature","geometry":{"type":"Point","coordinates":[121.422506,25.036162]},"properties":{"supply_id":"new_taipei-onstreet-54819","city":"new_taipei","district":"泰山區","display_name":"明志路三段 車格 54819","address":"明志路三段","facility_kind":"onstreet","symbol_text":null,"type_reference":"路邊停車格","type_confidence":0.6,"price_raw":null,"price_value":null,"capacity_total":1,"available_total":1,"occupied_total":0,"status_label":"空位","data_time":"2026-05-02 15:53:29+08:00","city_label":"新北市","facility_kind_label":"路邊車格","available_rate":1,"occupancy_rate":0,"price_tier":"unknown","price_tier_label":"價格未知"}},{"type":"Feature","geometry":{"type":"Point","coordinates":[121.438755,25.043953]},"properties":{"supply_id":"new_taipei-onstreet-159916","city":"new_taipei","district":"泰山區","display_name":"莊泰路 車格 159916","address":"莊泰路","facility_kind":"onstreet","symbol_text":null,"type_reference":"路邊停車格","type_confidence":0.6,"price_raw":null,"price_value":null,"capacity_total":1,"available_total":0,"occupied_total":1,"status_label":"已停","data_time":"2026-05-02 15:53:29+08:00","city_label":"新北市","facility_kind_label":"路邊車格","available_rate":0,"occupancy_rate":1,"price_tier":"unknown","price_tier_label":"價格未知"}},{"type":"Feature","geometry":{"type":"Point","coordinates":[121.438767,25.044101]},"properties":{"supply_id":"new_taipei-onstreet-159913","city":"new_taipei","district":"泰山區","display_name":"莊泰路 車格 159913","address":"莊泰路","facility_kind":"onstreet","symbol_text":null,"type_reference":"路邊停車格","type_confidence":0.6,"price_raw":null,"price_value":null,"capacity_total":1,"available_total":0,"occupied_total":1,"status_label":"已停","data_time":"2026-05-02 15:53:29+08:00","city_label":"新北市","facility_kind_label":"路邊車格","available_rate":0,"occupancy_rate":1,"price_tier":"unknown","price_tier_label":"價格未知"}},{"type":"Feature","geometry":{"type":"Point","coordinates":[121.438759,25.044002]},"properties":{"supply_id":"new_taipei-onstreet-159915","city":"new_taipei","district":"泰山區","display_name":"莊泰路 車格 159915","address":"莊泰路","facility_kind":"onstreet","symbol_text":null,"type_reference":"路邊停車格","type_confidence":0.6,"price_raw":null,"price_value":null,"capacity_total":1,"available_total":0,"occupied_total":1,"status_label":"已停","data_time":"2026-05-02 15:53:29+08:00","city_label":"新北市","facility_kind_label":"路邊車格","available_rate":0,"occupancy_rate":1,"price_tier":"unknown","price_tier_label":"價格未知"}},{"type":"Feature","geometry":{"type":"Point","coordinates":[121.422561,25.036247]},"properties":{"supply_id":"new_taipei-onstreet-54817","city":"new_taipei","district":"泰山區","display_name":"明志路三段 車格 54817","address":"明志路三段","facility_kind":"onstreet","symbol_text":null,"type_reference":"路邊停車格","type_confidence":0.6,"price_raw":null,"price_value":null,"capacity_total":1,"available_total":1,"occupied_total":0,"status_label":"空位","data_time":"2026-05-02 15:53:29+08:00","city_label":"新北市","facility_kind_label":"路邊車格","available_rate":1,"occupancy_rate":0,"price_tier":"unknown","price_tier_label":"價格未知"}},{"type":"Feature","geometry":{"type":"Point","coordinates":[121.438747,25.043853]},"properties":{"supply_id":"new_taipei-onstreet-159918","city":"new_taipei","district":"泰山區","display_name":"莊泰路 車格 159918","address":"莊泰路","facility_kind":"onstreet","symbol_text":null,"type_reference":"路邊停車格","type_confidence":0.6,"price_raw":null,"price_value":null,"capacity_total":1,"available_total":0,"occupied_total":1,"status_label":"已停","data_time":"2026-05-02 15:53:29+08:00","city_label":"新北市","facility_kind_label":"路邊車格","available_rate":0,"occupancy_rate":1,"price_tier":"unknown","price_tier_label":"價格未知"}},{"type":"Feature","geometry":{"type":"Point","coordinates":[121.434522,25.049731]},"properties":{"supply_id":"new_taipei-onstreet-151285","city":"new_taipei","district":"泰山區","display_name":"文程路便道 車格 151285","address":"文程路便道","facility_kind":"onstreet","symbol_text":null,"type_reference":"路邊停車格","type_confidence":0.6,"price_raw":null,"price_value":null,"capacity_total":1,"available_total":1,"occupied_total":0,"status_label":"空位","data_time":"2026-05-02 15:53:29+08:00","city_label":"新北市","facility_kind_label":"路邊車格","available_rate":1,"occupancy_rate":0,"price_tier":"unknown","price_tier_label":"價格未知"}},{"type":"Feature","geometry":{"type":"Point","coordinates":[121.434606,25.049792]},"properties":{"supply_id":"new_taipei-onstreet-151283","city":"new_taipei","district":"泰山區","display_name":"文程路便道 車格 151283","address":"文程路便道","facility_kind":"onstreet","symbol_text":null,"type_reference":"路邊停車格","type_confidence":0.6,"price_raw":null,"price_value":null,"capacity_total":1,"available_total":1,"occupied_total":0,"status_label":"空位","data_time":"2026-05-02 15:53:29+08:00","city_label":"新北市","facility_kind_label":"路邊車格","available_rate":1,"occupancy_rate":0,"price_tier":"unknown","price_tier_label":"價格未知"}},{"type":"Feature","geometry":{"type":"Point","coordinates":[121.438751,25.043903]},"properties":{"supply_id":"new_taipei-onstreet-159917","city":"new_taipei","district":"泰山區","display_name":"莊泰路 車格 159917","address":"莊泰路","facility_kind":"onstreet","symbol_text":null,"type_reference":"路邊停車格","type_confidence":0.6,"price_raw":null,"price_value":null,"capacity_total":1,"available_total":0,"occupied_total":1,"status_label":"已停","data_time":"2026-05-02 15:53:29+08:00","city_label":"新北市","facility_kind_label":"路邊車格","available_rate":0,"occupancy_rate":1,"price_tier":"unknown","price_tier_label":"價格未知"}},{"type":"Feature","geometry":{"type":"Point","coordinates":[121.434482,25.049636]},"properties":{"supply_id":"new_taipei-onstreet-151287","city":"new_taipei","district":"泰山區","display_name":"文程路便道 車格 151287","address":"文程路便道","facility_kind":"onstreet","symbol_text":null,"type_reference":"路邊停車格","type_confidence":0.6,"price_raw":null,"price_value":null,"capacity_total":1,"available_total":0,"occupied_total":1,"status_label":"已停","data_time":"2026-05-02 15:53:29+08:00","city_label":"新北市","facility_kind_label":"路邊車格","available_rate":0,"occupancy_rate":1,"price_tier":"unknown","price_tier_label":"價格未知"}},{"type":"Feature","geometry":{"type":"Point","coordinates":[121.434501,25.049683]},"properties":{"supply_id":"new_taipei-onstreet-151286","city":"new_taipei","district":"泰山區","display_name":"文程路便道 車格 151286","address":"文程路便道","facility_kind":"onstreet","symbol_text":null,"type_reference":"路邊停車格","type_confidence":0.6,"price_raw":null,"price_value":null,"capacity_total":1,"available_total":1,"occupied_total":0,"status_label":"空位","data_time":"2026-05-02 15:53:29+08:00","city_label":"新北市","facility_kind_label":"路邊車格","available_rate":1,"occupancy_rate":0,"price_tier":"unknown","price_tier_label":"價格未知"}},{"type":"Feature","geometry":{"type":"Point","coordinates":[121.438763,25.044052]},"properties":{"supply_id":"new_taipei-onstreet-159914","city":"new_taipei","district":"泰山區","display_name":"莊泰路 車格 159914","address":"莊泰路","facility_kind":"onstreet","symbol_text":null,"type_reference":"路邊停車格","type_confidence":0.6,"price_raw":null,"price_value":null,"capacity_total":1,"available_total":0,"occupied_total":1,"status_label":"已停","data_time":"2026-05-02 15:53:29+08:00","city_label":"新北市","facility_kind_label":"路邊車格","available_rate":0,"occupancy_rate":1,"price_tier":"unknown","price_tier_label":"價格未知"}},{"type":"Feature","geometry":{"type":"Point","coordinates":[121.434558,25.049769]},"properties":{"supply_id":"new_taipei-onstreet-151284","city":"new_taipei","district":"泰山區","display_name":"文程路便道 車格 151284","address":"文程路便道","facility_kind":"onstreet","symbol_text":null,"type_reference":"路邊停車格","type_confidence":0.6,"price_raw":null,"price_value":null,"capacity_total":1,"available_total":1,"occupied_total":0,"status_label":"空位","data_time":"2026-05-02 15:53:29+08:00","city_label":"新北市","facility_kind_label":"路邊車格","available_rate":1,"occupancy_rate":0,"price_tier":"unknown","price_tier_label":"價格未知"}},{"type":"Feature","geometry":{"type":"Point","coordinates":[121.421313,25.034325]},"properties":{"supply_id":"new_taipei-onstreet-87338","city":"new_taipei","district":"泰山區","display_name":"明志路三段(明志路三段352巷至432巷) 車格 87338","address":"明志路三段(明志路三段352巷至432巷)","facility_kind":"onstreet","symbol_text":null,"type_reference":"路邊停車格","type_confidence":0.6,"price_raw":null,"price_value":null,"capacity_total":1,"available_total":null,"occupied_total":null,"status_label":"狀態未知","data_time":"2026-05-02 15:53:29+08:00","city_label":"新北市","facility_kind_label":"路邊車格","available_rate":null,"occupancy_rate":null,"price_tier":"unknown","price_tier_label":"價格未知"}},{"type":"Feature","geometry":{"type":"Point","coordinates":[121.438719,25.043507]},"properties":{"supply_id":"new_taipei-onstreet-159925","city":"new_taipei","district":"泰山區","display_name":"莊泰路 車格 159925","address":"莊泰路","facility_kind":"onstreet","symbol_text":null,"type_reference":"路邊停車格","type_confidence":0.6,"price_raw":null,"price_value":null,"capacity_total":1,"available_total":0,"occupied_total":1,"status_label":"已停","data_time":"2026-05-02 15:53:29+08:00","city_label":"新北市","facility_kind_label":"路邊車格","available_rate":0,"occupancy_rate":1,"price_tier":"unknown","price_tier_label":"價格未知"}},{"type":"Feature","geometry":{"type":"Point","coordinates":[121.434703,25.049839]},"properties":{"supply_id":"new_taipei-onstreet-151281","city":"new_taipei","district":"泰山區","display_name":"文程路便道 車格 151281","address":"文程路便道","facility_kind":"onstreet","symbol_text":null,"type_reference":"路邊停車格","type_confidence":0.6,"price_raw":null,"price_value":null,"capacity_total":1,"available_total":1,"occupied_total":0,"status_label":"空位","data_time":"2026-05-02 15:53:29+08:00","city_label":"新北市","facility_kind_label":"路邊車格","available_rate":1,"occupancy_rate":0,"price_tier":"unknown","price_tier_label":"價格未知"}},{"type":"Feature","geometry":{"type":"Point","coordinates":[121.438731,25.043655]},"properties":{"supply_id":"new_taipei-onstreet-159922","city":"new_taipei","district":"泰山區","display_name":"莊泰路 車格 159922","address":"莊泰路","facility_kind":"onstreet","symbol_text":null,"type_reference":"路邊停車格","type_confidence":0.6,"price_raw":null,"price_value":null,"capacity_total":1,"available_total":0,"occupied_total":1,"status_label":"已停","data_time":"2026-05-02 15:53:29+08:00","city_label":"新北市","facility_kind_label":"路邊車格","available_rate":0,"occupancy_rate":1,"price_tier":"unknown","price_tier_label":"價格未知"}},{"type":"Feature","geometry":{"type":"Point","coordinates":[121.438739,25.043754]},"properties":{"supply_id":"new_taipei-onstreet-159920","city":"new_taipei","district":"泰山區","display_name":"莊泰路 車格 159920","address":"莊泰路","facility_kind":"onstreet","symbol_text":null,"type_reference":"路邊停車格","type_confidence":0.6,"price_raw":null,"price_value":null,"capacity_total":1,"available_total":0,"occupied_total":1,"status_label":"已停","data_time":"2026-05-02 15:53:29+08:00","city_label":"新北市","facility_kind_label":"路邊車格","available_rate":0,"occupancy_rate":1,"price_tier":"unknown","price_tier_label":"價格未知"}},{"type":"Feature","geometry":{"type":"Point","coordinates":[121.421231,25.034193]},"properties":{"supply_id":"new_taipei-onstreet-54826","city":"new_taipei","district":"泰山區","display_name":"明志路三段(明志路三段352巷至432巷) 車格 54826","address":"明志路三段(明志路三段352巷至432巷)","facility_kind":"onstreet","symbol_text":null,"type_reference":"路邊停車格","type_confidence":0.6,"price_raw":null,"price_value":null,"capacity_total":1,"available_total":null,"occupied_total":null,"status_label":"狀態未知","data_time":"2026-05-02 15:53:29+08:00","city_label":"新北市","facility_kind_label":"路邊車格","available_rate":null,"occupancy_rate":null,"price_tier":"unknown","price_tier_label":"價格未知"}},{"type":"Feature","geometry":{"type":"Point","coordinates":[121.438743,25.043804]},"properties":{"supply_id":"new_taipei-onstreet-159919","city":"new_taipei","district":"泰山區","display_name":"莊泰路 車格 159919","address":"莊泰路","facility_kind":"onstreet","symbol_text":null,"type_reference":"路邊停車格","type_confidence":0.6,"price_raw":null,"price_value":null,"capacity_total":1,"available_total":0,"occupied_total":1,"status_label":"已停","data_time":"2026-05-02 15:53:29+08:00","city_label":"新北市","facility_kind_label":"路邊車格","available_rate":0,"occupancy_rate":1,"price_tier":"unknown","price_tier_label":"價格未知"}},{"type":"Feature","geometry":{"type":"Point","coordinates":[121.438735,25.043705]},"properties":{"supply_id":"new_taipei-onstreet-159921","city":"new_taipei","district":"泰山區","display_name":"莊泰路 車格 159921","address":"莊泰路","facility_kind":"onstreet","symbol_text":null,"type_reference":"路邊停車格","type_confidence":0.6,"price_raw":null,"price_value":null,"capacity_total":1,"available_total":0,"occupied_total":1,"status_label":"已停","data_time":"2026-05-02 15:53:29+08:00","city_label":"新北市","facility_kind_label":"路邊車格","available_rate":0,"occupancy_rate":1,"price_tier":"unknown","price_tier_label":"價格未知"}},{"type":"Feature","geometry":{"type":"Point","coordinates":[121.434895,25.049932]},"properties":{"supply_id":"new_taipei-onstreet-151277","city":"new_taipei","district":"泰山區","display_name":"文程路便道 車格 151277","address":"文程路便道","facility_kind":"onstreet","symbol_text":null,"type_reference":"路邊停車格","type_confidence":0.6,"price_raw":null,"price_value":null,"capacity_total":1,"available_total":1,"occupied_total":0,"status_label":"空位","data_time":"2026-05-02 15:53:29+08:00","city_label":"新北市","facility_kind_label":"路邊車格","available_rate":1,"occupancy_rate":0,"price_tier":"unknown","price_tier_label":"價格未知"}},{"type":"Feature","geometry":{"type":"Point","coordinates":[121.434654,25.049816]},"properties":{"supply_id":"new_taipei-onstreet-151282","city":"new_taipei","district":"泰山區","display_name":"文程路便道 車格 151282","address":"文程路便道","facility_kind":"onstreet","symbol_text":null,"type_reference":"路邊停車格","type_confidence":0.6,"price_raw":null,"price_value":null,"capacity_total":1,"available_total":0,"occupied_total":1,"status_label":"已停","data_time":"2026-05-02 15:53:29+08:00","city_label":"新北市","facility_kind_label":"路邊車格","available_rate":0,"occupancy_rate":1,"price_tier":"unknown","price_tier_label":"價格未知"}},{"type":"Feature","geometry":{"type":"Point","coordinates":[121.434751,25.049862]},"properties":{"supply_id":"new_taipei-onstreet-151280","city":"new_taipei","district":"泰山區","display_name":"文程路便道 車格 151280","address":"文程路便道","facility_kind":"onstreet","symbol_text":null,"type_reference":"路邊停車格","type_confidence":0.6,"price_raw":null,"price_value":null,"capacity_total":1,"available_total":1,"occupied_total":0,"status_label":"空位","data_time":"2026-05-02 15:53:29+08:00","city_label":"新北市","facility_kind_label":"路邊車格","available_rate":1,"occupancy_rate":0,"price_tier":"unknown","price_tier_label":"價格未知"}},{"type":"Feature","geometry":{"type":"Point","coordinates":[121.438727,25.043606]},"properties":{"supply_id":"new_taipei-onstreet-159923","city":"new_taipei","district":"泰山區","display_name":"莊泰路 車格 159923","address":"莊泰路","facility_kind":"onstreet","symbol_text":null,"type_reference":"路邊停車格","type_confidence":0.6,"price_raw":null,"price_value":null,"capacity_total":1,"available_total":0,"occupied_total":1,"status_label":"已停","data_time":"2026-05-02 15:53:29+08:00","city_label":"新北市","facility_kind_label":"路邊車格","available_rate":0,"occupancy_rate":1,"price_tier":"unknown","price_tier_label":"價格未知"}},{"type":"Feature","geometry":{"type":"Point","coordinates":[121.434943,25.049955]},"properties":{"supply_id":"new_taipei-onstreet-151276","city":"new_taipei","district":"泰山區","display_name":"文程路便道 車格 151276","address":"文程路便道","facility_kind":"onstreet","symbol_text":null,"type_reference":"路邊停車格","type_confidence":0.6,"price_raw":null,"price_value":null,"capacity_total":1,"available_total":1,"occupied_total":0,"status_label":"空位","data_time":"2026-05-02 15:53:29+08:00","city_label":"新北市","facility_kind_label":"路邊車格","available_rate":1,"occupancy_rate":0,"price_tier":"unknown","price_tier_label":"價格未知"}},{"type":"Feature","geometry":{"type":"Point","coordinates":[121.434992,25.049979]},"properties":{"supply_id":"new_taipei-onstreet-151275","city":"new_taipei","district":"泰山區","display_name":"文程路便道 車格 151275","address":"文程路便道","facility_kind":"onstreet","symbol_text":null,"type_reference":"路邊停車格","type_confidence":0.6,"price_raw":null,"price_value":null,"capacity_total":1,"available_total":1,"occupied_total":0,"status_label":"空位","data_time":"2026-05-02 15:53:29+08:00","city_label":"新北市","facility_kind_label":"路邊車格","available_rate":1,"occupancy_rate":0,"price_tier":"unknown","price_tier_label":"價格未知"}},{"type":"Feature","geometry":{"type":"Point","coordinates":[121.421258,25.034236]},"properties":{"supply_id":"new_taipei-onstreet-54825","city":"new_taipei","district":"泰山區","display_name":"明志路三段(明志路三段352巷至432巷) 車格 54825","address":"明志路三段(明志路三段352巷至432巷)","facility_kind":"onstreet","symbol_text":null,"type_reference":"路邊停車格","type_confidence":0.6,"price_raw":null,"price_value":null,"capacity_total":1,"available_total":null,"occupied_total":null,"status_label":"狀態未知","data_time":"2026-05-02 15:53:29+08:00","city_label":"新北市","facility_kind_label":"路邊車格","available_rate":null,"occupancy_rate":null,"price_tier":"unknown","price_tier_label":"價格未知"}},{"type":"Feature","geometry":{"type":"Point","coordinates":[121.434799,25.049886]},"properties":{"supply_id":"new_taipei-onstreet-151279","city":"new_taipei","district":"泰山區","display_name":"文程路便道 車格 151279","address":"文程路便道","facility_kind":"onstreet","symbol_text":null,"type_reference":"路邊停車格","type_confidence":0.6,"price_raw":null,"price_value":null,"capacity_total":1,"available_total":1,"occupied_total":0,"status_label":"空位","data_time":"2026-05-02 15:53:29+08:00","city_label":"新北市","facility_kind_label":"路邊車格","available_rate":1,"occupancy_rate":0,"price_tier":"unknown","price_tier_label":"價格未知"}},{"type":"Feature","geometry":{"type":"Point","coordinates":[121.434847,25.049909]},"properties":{"supply_id":"new_taipei-onstreet-151278","city":"new_taipei","district":"泰山區","display_name":"文程路便道 車格 151278","address":"文程路便道","facility_kind":"onstreet","symbol_text":null,"type_reference":"路邊停車格","type_confidence":0.6,"price_raw":null,"price_value":null,"capacity_total":1,"available_total":1,"occupied_total":0,"status_label":"空位","data_time":"2026-05-02 15:53:29+08:00","city_label":"新北市","facility_kind_label":"路邊車格","available_rate":1,"occupancy_rate":0,"price_tier":"unknown","price_tier_label":"價格未知"}},{"type":"Feature","geometry":{"type":"Point","coordinates":[121.43504,25.050002]},"properties":{"supply_id":"new_taipei-onstreet-151274","city":"new_taipei","district":"泰山區","display_name":"文程路便道 車格 151274","address":"文程路便道","facility_kind":"onstreet","symbol_text":null,"type_reference":"路邊停車格","type_confidence":0.6,"price_raw":null,"price_value":null,"capacity_total":1,"available_total":1,"occupied_total":0,"status_label":"空位","data_time":"2026-05-02 15:53:29+08:00","city_label":"新北市","facility_kind_label":"路邊車格","available_rate":1,"occupancy_rate":0,"price_tier":"unknown","price_tier_label":"價格未知"}},{"type":"Feature","geometry":{"type":"Point","coordinates":[121.438723,25.043556]},"properties":{"supply_id":"new_taipei-onstreet-159924","city":"new_taipei","district":"泰山區","display_name":"莊泰路 車格 159924","address":"莊泰路","facility_kind":"onstreet","symbol_text":null,"type_reference":"路邊停車格","type_confidence":0.6,"price_raw":null,"price_value":null,"capacity_total":1,"available_total":0,"occupied_total":1,"status_label":"已停","data_time":"2026-05-02 15:53:29+08:00","city_label":"新北市","facility_kind_label":"路邊車格","available_rate":0,"occupancy_rate":1,"price_tier":"unknown","price_tier_label":"價格未知"}},{"type":"Feature","geometry":{"type":"Point","coordinates":[121.421178,25.034106]},"properties":{"supply_id":"new_taipei-onstreet-54828","city":"new_taipei","district":"泰山區","display_name":"明志路三段(明志路三段352巷至432巷) 車格 54828","address":"明志路三段(明志路三段352巷至432巷)","facility_kind":"onstreet","symbol_text":null,"type_reference":"路邊停車格","type_confidence":0.6,"price_raw":null,"price_value":null,"capacity_total":1,"available_total":null,"occupied_total":null,"status_label":"狀態未知","data_time":"2026-05-02 15:53:29+08:00","city_label":"新北市","facility_kind_label":"路邊車格","available_rate":null,"occupancy_rate":null,"price_tier":"unknown","price_tier_label":"價格未知"}},{"type":"Feature","geometry":{"type":"Point","coordinates":[121.421097,25.033976]},"properties":{"supply_id":"new_taipei-onstreet-54831","city":"new_taipei","district":"泰山區","display_name":"明志路三段(明志路三段352巷至432巷) 車格 54831","address":"明志路三段(明志路三段352巷至432巷)","facility_kind":"onstreet","symbol_text":null,"type_reference":"路邊停車格","type_confidence":0.6,"price_raw":null,"price_value":null,"capacity_total":1,"available_total":null,"occupied_total":null,"status_label":"狀態未知","data_time":"2026-05-02 15:53:29+08:00","city_label":"新北市","facility_kind_label":"路邊車格","available_rate":null,"occupancy_rate":null,"price_tier":"unknown","price_tier_label":"價格未知"}},{"type":"Feature","geometry":{"type":"Point","coordinates":[121.435834,25.05051]},"properties":{"supply_id":"new_taipei-onstreet-151340","city":"new_taipei","district":"泰山區","display_name":"文程路便道 車格 151340","address":"文程路便道","facility_kind":"onstreet","symbol_text":null,"type_reference":"路邊停車格","type_confidence":0.6,"price_raw":null,"price_value":null,"capacity_total":1,"available_total":1,"occupied_total":0,"status_label":"空位","data_time":"2026-05-02 15:53:29+08:00","city_label":"新北市","facility_kind_label":"路邊車格","available_rate":1,"occupancy_rate":0,"price_tier":"unknown","price_tier_label":"價格未知"}},{"type":"Feature","geometry":{"type":"Point","coordinates":[121.421204,25.03415]},"properties":{"supply_id":"new_taipei-onstreet-54827","city":"new_taipei","district":"泰山區","display_name":"明志路三段(明志路三段352巷至432巷) 車格 54827","address":"明志路三段(明志路三段352巷至432巷)","facility_kind":"onstreet","symbol_text":null,"type_reference":"路邊停車格","type_confidence":0.6,"price_raw":null,"price_value":null,"capacity_total":1,"available_total":null,"occupied_total":null,"status_label":"狀態未知","data_time":"2026-05-02 15:53:29+08:00","city_label":"新北市","facility_kind_label":"路邊車格","available_rate":null,"occupancy_rate":null,"price_tier":"unknown","price_tier_label":"價格未知"}},{"type":"Feature","geometry":{"type":"Point","coordinates":[121.421071,25.033933]},"properties":{"supply_id":"new_taipei-onstreet-54832","city":"new_taipei","district":"泰山區","display_name":"明志路三段(明志路三段352巷至432巷) 車格 54832","address":"明志路三段(明志路三段352巷至432巷)","facility_kind":"onstreet","symbol_text":null,"type_reference":"路邊停車格","type_confidence":0.6,"price_raw":null,"price_value":null,"capacity_total":1,"available_total":null,"occupied_total":null,"status_label":"狀態未知","data_time":"2026-05-02 15:53:29+08:00","city_label":"新北市","facility_kind_label":"路邊車格","available_rate":null,"occupancy_rate":null,"price_tier":"unknown","price_tier_label":"價格未知"}},{"type":"Feature","geometry":{"type":"Point","coordinates":[121.421151,25.034063]},"properties":{"supply_id":"new_taipei-onstreet-54829","city":"new_taipei","district":"泰山區","display_name":"明志路三段(明志路三段352巷至432巷) 車格 54829","address":"明志路三段(明志路三段352巷至432巷)","facility_kind":"onstreet","symbol_text":null,"type_reference":"路邊停車格","type_confidence":0.6,"price_raw":null,"price_value":null,"capacity_total":1,"available_total":null,"occupied_total":null,"status_label":"狀態未知","data_time":"2026-05-02 15:53:29+08:00","city_label":"新北市","facility_kind_label":"路邊車格","available_rate":null,"occupancy_rate":null,"price_tier":"unknown","price_tier_label":"價格未知"}},{"type":"Feature","geometry":{"type":"Point","coordinates":[121.421124,25.03402]},"properties":{"supply_id":"new_taipei-onstreet-54830","city":"new_taipei","district":"泰山區","display_name":"明志路三段(明志路三段352巷至432巷) 車格 54830","address":"明志路三段(明志路三段352巷至432巷)","facility_kind":"onstreet","symbol_text":null,"type_reference":"路邊停車格","type_confidence":0.6,"price_raw":null,"price_value":null,"capacity_total":1,"available_total":null,"occupied_total":null,"status_label":"狀態未知","data_time":"2026-05-02 15:53:29+08:00","city_label":"新北市","facility_kind_label":"路邊車格","available_rate":null,"occupancy_rate":null,"price_tier":"unknown","price_tier_label":"價格未知"}},{"type":"Feature","geometry":{"type":"Point","coordinates":[121.435628,25.050443]},"properties":{"supply_id":"new_taipei-onstreet-151337","city":"new_taipei","district":"泰山區","display_name":"文程路便道 車格 151337","address":"文程路便道","facility_kind":"onstreet","symbol_text":null,"type_reference":"路邊停車格","type_confidence":0.6,"price_raw":null,"price_value":null,"capacity_total":1,"available_total":0,"occupied_total":1,"status_label":"已停","data_time":"2026-05-02 15:53:29+08:00","city_label":"新北市","facility_kind_label":"路邊車格","available_rate":0,"occupancy_rate":1,"price_tier":"unknown","price_tier_label":"價格未知"}},{"type":"Feature","geometry":{"type":"Point","coordinates":[121.421045,25.033889]},"properties":{"supply_id":"new_taipei-onstreet-35465","city":"new_taipei","district":"泰山區","display_name":"明志路三段(明志路三段352巷至432巷) 車格 35465","address":"明志路三段(明志路三段352巷至432巷)","facility_kind":"onstreet","symbol_text":null,"type_reference":"路邊停車格","type_confidence":0.6,"price_raw":null,"price_value":null,"capacity_total":1,"available_total":null,"occupied_total":null,"status_label":"狀態未知","data_time":"2026-05-02 15:53:29+08:00","city_label":"新北市","facility_kind_label":"路邊車格","available_rate":null,"occupancy_rate":null,"price_tier":"unknown","price_tier_label":"價格未知"}},{"type":"Feature","geometry":{"type":"Point","coordinates":[121.435581,25.050417]},"properties":{"supply_id":"new_taipei-onstreet-151338","city":"new_taipei","district":"泰山區","display_name":"文程路便道 車格 151338","address":"文程路便道","facility_kind":"onstreet","symbol_text":null,"type_reference":"路邊停車格","type_confidence":0.6,"price_raw":null,"price_value":null,"capacity_total":1,"available_total":0,"occupied_total":1,"status_label":"已停","data_time":"2026-05-02 15:53:29+08:00","city_label":"新北市","facility_kind_label":"路邊車格","available_rate":0,"occupancy_rate":1,"price_tier":"unknown","price_tier_label":"價格未知"}},{"type":"Feature","geometry":{"type":"Point","coordinates":[121.435451,25.050362]},"properties":{"supply_id":"new_taipei-onstreet-151320","city":"new_taipei","district":"泰山區","display_name":"文程路便道 車格 151320","address":"文程路便道","facility_kind":"onstreet","symbol_text":null,"type_reference":"路邊停車格","type_confidence":0.6,"price_raw":null,"price_value":null,"capacity_total":1,"available_total":0,"occupied_total":1,"status_label":"已停","data_time":"2026-05-02 15:53:29+08:00","city_label":"新北市","facility_kind_label":"路邊車格","available_rate":0,"occupancy_rate":1,"price_tier":"unknown","price_tier_label":"價格未知"}},{"type":"Feature","geometry":{"type":"Point","coordinates":[121.435781,25.050498]},"properties":{"supply_id":"new_taipei-onstreet-151341","city":"new_taipei","district":"泰山區","display_name":"文程路便道 車格 151341","address":"文程路便道","facility_kind":"onstreet","symbol_text":null,"type_reference":"路邊停車格","type_confidence":0.6,"price_raw":null,"price_value":null,"capacity_total":1,"available_total":0,"occupied_total":1,"status_label":"已停","data_time":"2026-05-02 15:53:29+08:00","city_label":"新北市","facility_kind_label":"路邊車格","available_rate":0,"occupancy_rate":1,"price_tier":"unknown","price_tier_label":"價格未知"}},{"type":"Feature","geometry":{"type":"Point","coordinates":[121.43589,25.050515]},"properties":{"supply_id":"new_taipei-onstreet-155681","city":"new_taipei","district":"泰山區","display_name":"文程路便道 車格 155681","address":"文程路便道","facility_kind":"onstreet","symbol_text":null,"type_reference":"路邊停車格","type_confidence":0.6,"price_raw":null,"price_value":null,"capacity_total":1,"available_total":0,"occupied_total":1,"status_label":"已停","data_time":"2026-05-02 15:53:29+08:00","city_label":"新北市","facility_kind_label":"路邊車格","available_rate":0,"occupancy_rate":1,"price_tier":"unknown","price_tier_label":"價格未知"}},{"type":"Feature","geometry":{"type":"Point","coordinates":[121.432941,25.048293]},"properties":{"supply_id":"new_taipei-onstreet-35510","city":"new_taipei","district":"泰山區","display_name":"文程路 車格 35510","address":"文程路","facility_kind":"onstreet","symbol_text":null,"type_reference":"路邊停車格","type_confidence":0.6,"price_raw":null,"price_value":null,"capacity_total":1,"available_total":0,"occupied_total":1,"status_label":"已停","data_time":"2026-05-02 15:53:29+08:00","city_label":"新北市","facility_kind_label":"路邊車格","available_rate":0,"occupancy_rate":1,"price_tier":"unknown","price_tier_label":"價格未知"}},{"type":"Feature","geometry":{"type":"Point","coordinates":[121.435729,25.050483]},"properties":{"supply_id":"new_taipei-onstreet-151335","city":"new_taipei","district":"泰山區","display_name":"文程路便道 車格 151335","address":"文程路便道","facility_kind":"onstreet","symbol_text":null,"type_reference":"路邊停車格","type_confidence":0.6,"price_raw":null,"price_value":null,"capacity_total":1,"available_total":1,"occupied_total":0,"status_label":"空位","data_time":"2026-05-02 15:53:29+08:00","city_label":"新北市","facility_kind_label":"路邊車格","available_rate":1,"occupancy_rate":0,"price_tier":"unknown","price_tier_label":"價格未知"}},{"type":"Feature","geometry":{"type":"Point","coordinates":[121.435677,25.050465]},"properties":{"supply_id":"new_taipei-onstreet-151336","city":"new_taipei","district":"泰山區","display_name":"文程路便道 車格 151336","address":"文程路便道","facility_kind":"onstreet","symbol_text":null,"type_reference":"路邊停車格","type_confidence":0.6,"price_raw":null,"price_value":null,"capacity_total":1,"available_total":0,"occupied_total":1,"status_label":"已停","data_time":"2026-05-02 15:53:29+08:00","city_label":"新北市","facility_kind_label":"路邊車格","available_rate":0,"occupancy_rate":1,"price_tier":"unknown","price_tier_label":"價格未知"}},{"type":"Feature","geometry":{"type":"Point","coordinates":[121.432757,25.048202]},"properties":{"supply_id":"new_taipei-onstreet-54884","city":"new_taipei","district":"泰山區","display_name":"文程路 車格 54884","address":"文程路","facility_kind":"onstreet","symbol_text":null,"type_reference":"路邊停車格","type_confidence":0.6,"price_raw":null,"price_value":null,"capacity_total":1,"available_total":0,"occupied_total":1,"status_label":"已停","data_time":"2026-05-02 15:53:29+08:00","city_label":"新北市","facility_kind_label":"路邊車格","available_rate":0,"occupancy_rate":1,"price_tier":"unknown","price_tier_label":"價格未知"}},{"type":"Feature","geometry":{"type":"Point","coordinates":[121.435353,25.050317]},"properties":{"supply_id":"new_taipei-onstreet-151322","city":"new_taipei","district":"泰山區","display_name":"文程路便道 車格 151322","address":"文程路便道","facility_kind":"onstreet","symbol_text":null,"type_reference":"路邊停車格","type_confidence":0.6,"price_raw":null,"price_value":null,"capacity_total":1,"available_total":1,"occupied_total":0,"status_label":"空位","data_time":"2026-05-02 15:53:29+08:00","city_label":"新北市","facility_kind_label":"路邊車格","available_rate":1,"occupancy_rate":0,"price_tier":"unknown","price_tier_label":"價格未知"}},{"type":"Feature","geometry":{"type":"Point","coordinates":[121.435502,25.050381]},"properties":{"supply_id":"new_taipei-onstreet-151319","city":"new_taipei","district":"泰山區","display_name":"文程路便道 車格 151319","address":"文程路便道","facility_kind":"onstreet","symbol_text":null,"type_reference":"路邊停車格","type_confidence":0.6,"price_raw":null,"price_value":null,"capacity_total":1,"available_total":1,"occupied_total":0,"status_label":"空位","data_time":"2026-05-02 15:53:29+08:00","city_label":"新北市","facility_kind_label":"路邊車格","available_rate":1,"occupancy_rate":0,"price_tier":"unknown","price_tier_label":"價格未知"}},{"type":"Feature","geometry":{"type":"Point","coordinates":[121.430983,25.047983]},"properties":{"supply_id":"new_taipei-onstreet-54861","city":"new_taipei","district":"泰山區","display_name":"文程路 車格 54861","address":"文程路","facility_kind":"onstreet","symbol_text":null,"type_reference":"路邊停車格","type_confidence":0.6,"price_raw":null,"price_value":null,"capacity_total":1,"available_total":1,"occupied_total":0,"status_label":"空位","data_time":"2026-05-02 15:53:29+08:00","city_label":"新北市","facility_kind_label":"路邊車格","available_rate":1,"occupancy_rate":0,"price_tier":"unknown","price_tier_label":"價格未知"}},{"type":"Feature","geometry":{"type":"Point","coordinates":[121.432408,25.04803]},"properties":{"supply_id":"new_taipei-onstreet-54885","city":"new_taipei","district":"泰山區","display_name":"文程路 車格 54885","address":"文程路","facility_kind":"onstreet","symbol_text":null,"type_reference":"路邊停車格","type_confidence":0.6,"price_raw":null,"price_value":null,"capacity_total":1,"available_total":0,"occupied_total":1,"status_label":"已停","data_time":"2026-05-02 15:53:29+08:00","city_label":"新北市","facility_kind_label":"路邊車格","available_rate":0,"occupancy_rate":1,"price_tier":"unknown","price_tier_label":"價格未知"}},{"type":"Feature","geometry":{"type":"Point","coordinates":[121.431079,25.047936]},"properties":{"supply_id":"new_taipei-onstreet-54862","city":"new_taipei","district":"泰山區","display_name":"文程路 車格 54862","address":"文程路","facility_kind":"onstreet","symbol_text":null,"type_reference":"路邊停車格","type_confidence":0.6,"price_raw":null,"price_value":null,"capacity_total":1,"available_total":0,"occupied_total":1,"status_label":"已停","data_time":"2026-05-02 15:53:29+08:00","city_label":"新北市","facility_kind_label":"路邊車格","available_rate":0,"occupancy_rate":1,"price_tier":"unknown","price_tier_label":"價格未知"}},{"type":"Feature","geometry":{"type":"Point","coordinates":[121.420878,25.030736]},"properties":{"supply_id":"new_taipei-onstreet-54779","city":"new_taipei","district":"泰山區","display_name":"明志路三段 車格 54779","address":"明志路三段","facility_kind":"onstreet","symbol_text":null,"type_reference":"路邊停車格","type_confidence":0.6,"price_raw":null,"price_value":null,"capacity_total":1,"available_total":1,"occupied_total":0,"status_label":"空位","data_time":"2026-05-02 15:53:29+08:00","city_label":"新北市","facility_kind_label":"路邊車格","available_rate":1,"occupancy_rate":0,"price_tier":"unknown","price_tier_label":"價格未知"}},{"type":"Feature","geometry":{"type":"Point","coordinates":[121.435402,25.050341]},"properties":{"supply_id":"new_taipei-onstreet-151321","city":"new_taipei","district":"泰山區","display_name":"文程路便道 車格 151321","address":"文程路便道","facility_kind":"onstreet","symbol_text":null,"type_reference":"路邊停車格","type_confidence":0.6,"price_raw":null,"price_value":null,"capacity_total":1,"available_total":0,"occupied_total":1,"status_label":"已停","data_time":"2026-05-02 15:53:29+08:00","city_label":"新北市","facility_kind_label":"路邊車格","available_rate":0,"occupancy_rate":1,"price_tier":"unknown","price_tier_label":"價格未知"}},{"type":"Feature","geometry":{"type":"Point","coordinates":[121.430358,25.048298]},"properties":{"supply_id":"new_taipei-onstreet-35493","city":"new_taipei","district":"泰山區","display_name":"文程路 車格 35493","address":"文程路","facility_kind":"onstreet","symbol_text":null,"type_reference":"路邊停車格","type_confidence":0.6,"price_raw":null,"price_value":null,"capacity_total":1,"available_total":0,"occupied_total":1,"status_label":"已停","data_time":"2026-05-02 15:53:29+08:00","city_label":"新北市","facility_kind_label":"路邊車格","available_rate":0,"occupancy_rate":1,"price_tier":"unknown","price_tier_label":"價格未知"}},{"type":"Feature","geometry":{"type":"Point","coordinates":[121.433037,25.04834]},"properties":{"supply_id":"new_taipei-onstreet-54881","city":"new_taipei","district":"泰山區","display_name":"文程路 車格 54881","address":"文程路","facility_kind":"onstreet","symbol_text":null,"type_reference":"路邊停車格","type_confidence":0.6,"price_raw":null,"price_value":null,"capacity_total":1,"available_total":0,"occupied_total":1,"status_label":"已停","data_time":"2026-05-02 15:53:29+08:00","city_label":"新北市","facility_kind_label":"路邊車格","available_rate":0,"occupancy_rate":1,"price_tier":"unknown","price_tier_label":"價格未知"}},{"type":"Feature","geometry":{"type":"Point","coordinates":[121.430096,25.048428]},"properties":{"supply_id":"new_taipei-onstreet-54860","city":"new_taipei","district":"泰山區","display_name":"文程路 車格 54860","address":"文程路","facility_kind":"onstreet","symbol_text":null,"type_reference":"路邊停車格","type_confidence":0.6,"price_raw":null,"price_value":null,"capacity_total":1,"available_total":1,"occupied_total":0,"status_label":"空位","data_time":"2026-05-02 15:53:29+08:00","city_label":"新北市","facility_kind_label":"路邊車格","available_rate":1,"occupancy_rate":0,"price_tier":"unknown","price_tier_label":"價格未知"}},{"type":"Feature","geometry":{"type":"Point","coordinates":[121.432989,25.048316]},"properties":{"supply_id":"new_taipei-onstreet-35513","city":"new_taipei","district":"泰山區","display_name":"文程路 車格 35513","address":"文程路","facility_kind":"onstreet","symbol_text":null,"type_reference":"路邊停車格","type_confidence":0.6,"price_raw":null,"price_value":null,"capacity_total":1,"available_total":0,"occupied_total":1,"status_label":"已停","data_time":"2026-05-02 15:53:29+08:00","city_label":"新北市","facility_kind_label":"路邊車格","available_rate":0,"occupancy_rate":1,"price_tier":"unknown","price_tier_label":"價格未知"}},{"type":"Feature","geometry":{"type":"Point","coordinates":[121.432893,25.048269]},"properties":{"supply_id":"new_taipei-onstreet-54883","city":"new_taipei","district":"泰山區","display_name":"文程路 車格 54883","address":"文程路","facility_kind":"onstreet","symbol_text":null,"type_reference":"路邊停車格","type_confidence":0.6,"price_raw":null,"price_value":null,"capacity_total":1,"available_total":1,"occupied_total":0,"status_label":"空位","data_time":"2026-05-02 15:53:29+08:00","city_label":"新北市","facility_kind_label":"路邊車格","available_rate":1,"occupancy_rate":0,"price_tier":"unknown","price_tier_label":"價格未知"}},{"type":"Feature","geometry":{"type":"Point","coordinates":[121.430192,25.04838]},"properties":{"supply_id":"new_taipei-onstreet-35492","city":"new_taipei","district":"泰山區","display_name":"文程路 車格 35492","address":"文程路","facility_kind":"onstreet","symbol_text":null,"type_reference":"路邊停車格","type_confidence":0.6,"price_raw":null,"price_value":null,"capacity_total":1,"available_total":0,"occupied_total":1,"status_label":"已停","data_time":"2026-05-02 15:53:29+08:00","city_label":"新北市","facility_kind_label":"路邊車格","available_rate":0,"occupancy_rate":1,"price_tier":"unknown","price_tier_label":"價格未知"}},{"type":"Feature","geometry":{"type":"Point","coordinates":[121.430144,25.048404]},"properties":{"supply_id":"new_taipei-onstreet-35491","city":"new_taipei","district":"泰山區","display_name":"文程路 車格 35491","address":"文程路","facility_kind":"onstreet","symbol_text":null,"type_reference":"路邊停車格","type_confidence":0.6,"price_raw":null,"price_value":null,"capacity_total":1,"available_total":1,"occupied_total":0,"status_label":"空位","data_time":"2026-05-02 15:53:29+08:00","city_label":"新北市","facility_kind_label":"路邊車格","available_rate":1,"occupancy_rate":0,"price_tier":"unknown","price_tier_label":"價格未知"}},{"type":"Feature","geometry":{"type":"Point","coordinates":[121.420946,25.03087]},"properties":{"supply_id":"new_taipei-onstreet-54777","city":"new_taipei","district":"泰山區","display_name":"明志路三段 車格 54777","address":"明志路三段","facility_kind":"onstreet","symbol_text":null,"type_reference":"路邊停車格","type_confidence":0.6,"price_raw":null,"price_value":null,"capacity_total":1,"available_total":0,"occupied_total":1,"status_label":"已停","data_time":"2026-05-02 15:53:29+08:00","city_label":"新北市","facility_kind_label":"路邊車格","available_rate":0,"occupancy_rate":1,"price_tier":"unknown","price_tier_label":"價格未知"}},{"type":"Feature","geometry":{"type":"Point","coordinates":[121.430048,25.048451]},"properties":{"supply_id":"new_taipei-onstreet-35481","city":"new_taipei","district":"泰山區","display_name":"文程路 車格 35481","address":"文程路","facility_kind":"onstreet","symbol_text":null,"type_reference":"路邊停車格","type_confidence":0.6,"price_raw":null,"price_value":null,"capacity_total":1,"available_total":1,"occupied_total":0,"status_label":"空位","data_time":"2026-05-02 15:53:29+08:00","city_label":"新北市","facility_kind_label":"路邊車格","available_rate":1,"occupancy_rate":0,"price_tier":"unknown","price_tier_label":"價格未知"}},{"type":"Feature","geometry":{"type":"Point","coordinates":[121.420968,25.030923]},"properties":{"supply_id":"new_taipei-onstreet-54776","city":"new_taipei","district":"泰山區","display_name":"明志路三段 車格 54776","address":"明志路三段","facility_kind":"onstreet","symbol_text":null,"type_reference":"路邊停車格","type_confidence":0.6,"price_raw":null,"price_value":null,"capacity_total":1,"available_total":1,"occupied_total":0,"status_label":"空位","data_time":"2026-05-02 15:53:29+08:00","city_label":"新北市","facility_kind_label":"路邊車格","available_rate":1,"occupancy_rate":0,"price_tier":"unknown","price_tier_label":"價格未知"}},{"type":"Feature","geometry":{"type":"Point","coordinates":[121.421008,25.031016]},"properties":{"supply_id":"new_taipei-onstreet-87335","city":"new_taipei","district":"泰山區","display_name":"明志路三段 車格 87335","address":"明志路三段","facility_kind":"onstreet","symbol_text":null,"type_reference":"路邊停車格","type_confidence":0.6,"price_raw":null,"price_value":null,"capacity_total":1,"available_total":1,"occupied_total":0,"status_label":"空位","data_time":"2026-05-02 15:53:29+08:00","city_label":"新北市","facility_kind_label":"路邊車格","available_rate":1,"occupancy_rate":0,"price_tier":"unknown","price_tier_label":"價格未知"}},{"type":"Feature","geometry":{"type":"Point","coordinates":[121.429804,25.048572]},"properties":{"supply_id":"new_taipei-onstreet-54857","city":"new_taipei","district":"泰山區","display_name":"文程路 車格 54857","address":"文程路","facility_kind":"onstreet","symbol_text":null,"type_reference":"路邊停車格","type_confidence":0.6,"price_raw":null,"price_value":null,"capacity_total":1,"available_total":1,"occupied_total":0,"status_label":"空位","data_time":"2026-05-02 15:53:29+08:00","city_label":"新北市","facility_kind_label":"路邊車格","available_rate":1,"occupancy_rate":0,"price_tier":"unknown","price_tier_label":"價格未知"}},{"type":"Feature","geometry":{"type":"Point","coordinates":[121.420988,25.030969]},"properties":{"supply_id":"new_taipei-onstreet-87336","city":"new_taipei","district":"泰山區","display_name":"明志路三段 車格 87336","address":"明志路三段","facility_kind":"onstreet","symbol_text":null,"type_reference":"路邊停車格","type_confidence":0.6,"price_raw":null,"price_value":null,"capacity_total":1,"available_total":1,"occupied_total":0,"status_label":"空位","data_time":"2026-05-02 15:53:29+08:00","city_label":"新北市","facility_kind_label":"路邊車格","available_rate":1,"occupancy_rate":0,"price_tier":"unknown","price_tier_label":"價格未知"}},{"type":"Feature","geometry":{"type":"Point","coordinates":[121.429955,25.048498]},"properties":{"supply_id":"new_taipei-onstreet-54858","city":"new_taipei","district":"泰山區","display_name":"文程路 車格 54858","address":"文程路","facility_kind":"onstreet","symbol_text":null,"type_reference":"路邊停車格","type_confidence":0.6,"price_raw":null,"price_value":null,"capacity_total":1,"available_total":1,"occupied_total":0,"status_label":"空位","data_time":"2026-05-02 15:53:29+08:00","city_label":"新北市","facility_kind_label":"路邊車格","available_rate":1,"occupancy_rate":0,"price_tier":"unknown","price_tier_label":"價格未知"}},{"type":"Feature","geometry":{"type":"Point","coordinates":[121.42931,25.048816]},"properties":{"supply_id":"new_taipei-onstreet-54854","city":"new_taipei","district":"泰山區","display_name":"文程路 車格 54854","address":"文程路","facility_kind":"onstreet","symbol_text":null,"type_reference":"路邊停車格","type_confidence":0.6,"price_raw":null,"price_value":null,"capacity_total":1,"available_total":1,"occupied_total":0,"status_label":"空位","data_time":"2026-05-02 15:53:29+08:00","city_label":"新北市","facility_kind_label":"路邊車格","available_rate":1,"occupancy_rate":0,"price_tier":"unknown","price_tier_label":"價格未知"}},{"type":"Feature","geometry":{"type":"Point","coordinates":[121.429262,25.04884]},"properties":{"supply_id":"new_taipei-onstreet-54853","city":"new_taipei","district":"泰山區","display_name":"文程路 車格 54853","address":"文程路","facility_kind":"onstreet","symbol_text":null,"type_reference":"路邊停車格","type_confidence":0.6,"price_raw":null,"price_value":null,"capacity_total":1,"available_total":1,"occupied_total":0,"status_label":"空位","data_time":"2026-05-02 15:53:29+08:00","city_label":"新北市","facility_kind_label":"路邊車格","available_rate":1,"occupancy_rate":0,"price_tier":"unknown","price_tier_label":"價格未知"}},{"type":"Feature","geometry":{"type":"Point","coordinates":[121.429357,25.048792]},"properties":{"supply_id":"new_taipei-onstreet-54856","city":"new_taipei","district":"泰山區","display_name":"文程路 車格 54856","address":"文程路","facility_kind":"onstreet","symbol_text":null,"type_reference":"路邊停車格","type_confidence":0.6,"price_raw":null,"price_value":null,"capacity_total":1,"available_total":1,"occupied_total":0,"status_label":"空位","data_time":"2026-05-02 15:53:29+08:00","city_label":"新北市","facility_kind_label":"路邊車格","available_rate":1,"occupancy_rate":0,"price_tier":"unknown","price_tier_label":"價格未知"}},{"type":"Feature","geometry":{"type":"Point","coordinates":[121.421003,25.03272]},"properties":{"supply_id":"new_taipei-onstreet-42177","city":"new_taipei","district":"泰山區","display_name":"明志路三段 車格 42177","address":"明志路三段","facility_kind":"onstreet","symbol_text":null,"type_reference":"路邊停車格","type_confidence":0.6,"price_raw":null,"price_value":null,"capacity_total":1,"available_total":1,"occupied_total":0,"status_label":"空位","data_time":"2026-05-02 15:53:29+08:00","city_label":"新北市","facility_kind_label":"路邊車格","available_rate":1,"occupancy_rate":0,"price_tier":"unknown","price_tier_label":"價格未知"}},{"type":"Feature","geometry":{"type":"Point","coordinates":[121.428954,25.048991]},"properties":{"supply_id":"new_taipei-onstreet-54849","city":"new_taipei","district":"泰山區","display_name":"文程路 車格 54849","address":"文程路","facility_kind":"onstreet","symbol_text":null,"type_reference":"路邊停車格","type_confidence":0.6,"price_raw":null,"price_value":null,"capacity_total":1,"available_total":0,"occupied_total":1,"status_label":"已停","data_time":"2026-05-02 15:53:29+08:00","city_label":"新北市","facility_kind_label":"路邊車格","available_rate":0,"occupancy_rate":1,"price_tier":"unknown","price_tier_label":"價格未知"}},{"type":"Feature","geometry":{"type":"Point","coordinates":[121.430001,25.048475]},"properties":{"supply_id":"new_taipei-onstreet-54859","city":"new_taipei","district":"泰山區","display_name":"文程路 車格 54859","address":"文程路","facility_kind":"onstreet","symbol_text":null,"type_reference":"路邊停車格","type_confidence":0.6,"price_raw":null,"price_value":null,"capacity_total":1,"available_total":0,"occupied_total":1,"status_label":"已停","data_time":"2026-05-02 15:53:29+08:00","city_label":"新北市","facility_kind_label":"路邊車格","available_rate":0,"occupancy_rate":1,"price_tier":"unknown","price_tier_label":"價格未知"}},{"type":"Feature","geometry":{"type":"Point","coordinates":[121.429214,25.048863]},"properties":{"supply_id":"new_taipei-onstreet-54851","city":"new_taipei","district":"泰山區","display_name":"文程路 車格 54851","address":"文程路","facility_kind":"onstreet","symbol_text":null,"type_reference":"路邊停車格","type_confidence":0.6,"price_raw":null,"price_value":null,"capacity_total":1,"available_total":1,"occupied_total":0,"status_label":"空位","data_time":"2026-05-02 15:53:29+08:00","city_label":"新北市","facility_kind_label":"路邊車格","available_rate":1,"occupancy_rate":0,"price_tier":"unknown","price_tier_label":"價格未知"}},{"type":"Feature","geometry":{"type":"Point","coordinates":[121.429049,25.048943]},"properties":{"supply_id":"new_taipei-onstreet-137310","city":"new_taipei","district":"泰山區","display_name":"文程路 車格 137310","address":"文程路","facility_kind":"onstreet","symbol_text":null,"type_reference":"路邊停車格","type_confidence":0.6,"price_raw":null,"price_value":null,"capacity_total":1,"available_total":0,"occupied_total":1,"status_label":"已停","data_time":"2026-05-02 15:53:29+08:00","city_label":"新北市","facility_kind_label":"路邊車格","available_rate":0,"occupancy_rate":1,"price_tier":"unknown","price_tier_label":"價格未知"}},{"type":"Feature","geometry":{"type":"Point","coordinates":[121.420998,25.032769]},"properties":{"supply_id":"new_taipei-onstreet-54785","city":"new_taipei","district":"泰山區","display_name":"明志路三段 車格 54785","address":"明志路三段","facility_kind":"onstreet","symbol_text":null,"type_reference":"路邊停車格","type_confidence":0.6,"price_raw":null,"price_value":null,"capacity_total":1,"available_total":1,"occupied_total":0,"status_label":"空位","data_time":"2026-05-02 15:53:29+08:00","city_label":"新北市","facility_kind_label":"路邊車格","available_rate":1,"occupancy_rate":0,"price_tier":"unknown","price_tier_label":"價格未知"}},{"type":"Feature","geometry":{"type":"Point","coordinates":[121.434915,25.05011]},"properties":{"supply_id":"new_taipei-onstreet-151263","city":"new_taipei","district":"泰山區","display_name":"文程路便道 車格 151263","address":"文程路便道","facility_kind":"onstreet","symbol_text":null,"type_reference":"路邊停車格","type_confidence":0.6,"price_raw":null,"price_value":null,"capacity_total":1,"available_total":1,"occupied_total":0,"status_label":"空位","data_time":"2026-05-02 15:53:29+08:00","city_label":"新北市","facility_kind_label":"路邊車格","available_rate":1,"occupancy_rate":0,"price_tier":"unknown","price_tier_label":"價格未知"}},{"type":"Feature","geometry":{"type":"Point","coordinates":[121.424959,25.042311]},"properties":{"supply_id":"new_taipei-onstreet-87331","city":"new_taipei","district":"泰山區","display_name":"明志路三段 車格 87331","address":"明志路三段","facility_kind":"onstreet","symbol_text":null,"type_reference":"路邊停車格","type_confidence":0.6,"price_raw":null,"price_value":null,"capacity_total":1,"available_total":1,"occupied_total":0,"status_label":"空位","data_time":"2026-05-02 15:53:29+08:00","city_label":"新北市","facility_kind_label":"路邊車格","available_rate":1,"occupancy_rate":0,"price_tier":"unknown","price_tier_label":"價格未知"}},{"type":"Feature","geometry":{"type":"Point","coordinates":[121.434819,25.050063]},"properties":{"supply_id":"new_taipei-onstreet-151265","city":"new_taipei","district":"泰山區","display_name":"文程路便道 車格 151265","address":"文程路便道","facility_kind":"onstreet","symbol_text":null,"type_reference":"路邊停車格","type_confidence":0.6,"price_raw":null,"price_value":null,"capacity_total":1,"available_total":0,"occupied_total":1,"status_label":"已停","data_time":"2026-05-02 15:53:29+08:00","city_label":"新北市","facility_kind_label":"路邊車格","available_rate":0,"occupancy_rate":1,"price_tier":"unknown","price_tier_label":"價格未知"}},{"type":"Feature","geometry":{"type":"Point","coordinates":[121.426042,25.045453]},"properties":{"supply_id":"new_taipei-onstreet-113489","city":"new_taipei","district":"泰山區","display_name":"明志路二段 車格 113489","address":"明志路二段","facility_kind":"onstreet","symbol_text":null,"type_reference":"路邊停車格","type_confidence":0.6,"price_raw":null,"price_value":null,"capacity_total":1,"available_total":1,"occupied_total":0,"status_label":"空位","data_time":"2026-05-02 15:53:29+08:00","city_label":"新北市","facility_kind_label":"路邊車格","available_rate":1,"occupancy_rate":0,"price_tier":"unknown","price_tier_label":"價格未知"}},{"type":"Feature","geometry":{"type":"Point","coordinates":[121.429002,25.048967]},"properties":{"supply_id":"new_taipei-onstreet-54850","city":"new_taipei","district":"泰山區","display_name":"文程路 車格 54850","address":"文程路","facility_kind":"onstreet","symbol_text":null,"type_reference":"路邊停車格","type_confidence":0.6,"price_raw":null,"price_value":null,"capacity_total":1,"available_total":0,"occupied_total":1,"status_label":"已停","data_time":"2026-05-02 15:53:29+08:00","city_label":"新北市","facility_kind_label":"路邊車格","available_rate":0,"occupancy_rate":1,"price_tier":"unknown","price_tier_label":"價格未知"}},{"type":"Feature","geometry":{"type":"Point","coordinates":[121.434722,25.050017]},"properties":{"supply_id":"new_taipei-onstreet-151267","city":"new_taipei","district":"泰山區","display_name":"文程路便道 車格 151267","address":"文程路便道","facility_kind":"onstreet","symbol_text":null,"type_reference":"路邊停車格","type_confidence":0.6,"price_raw":null,"price_value":null,"capacity_total":1,"available_total":0,"occupied_total":1,"status_label":"已停","data_time":"2026-05-02 15:53:29+08:00","city_label":"新北市","facility_kind_label":"路邊車格","available_rate":0,"occupancy_rate":1,"price_tier":"unknown","price_tier_label":"價格未知"}},{"type":"Feature","geometry":{"type":"Point","coordinates":[121.434867,25.050087]},"properties":{"supply_id":"new_taipei-onstreet-151264","city":"new_taipei","district":"泰山區","display_name":"文程路便道 車格 151264","address":"文程路便道","facility_kind":"onstreet","symbol_text":null,"type_reference":"路邊停車格","type_confidence":0.6,"price_raw":null,"price_value":null,"capacity_total":1,"available_total":0,"occupied_total":1,"status_label":"已停","data_time":"2026-05-02 15:53:29+08:00","city_label":"新北市","facility_kind_label":"路邊車格","available_rate":0,"occupancy_rate":1,"price_tier":"unknown","price_tier_label":"價格未知"}},{"type":"Feature","geometry":{"type":"Point","coordinates":[121.434963,25.050133]},"properties":{"supply_id":"new_taipei-onstreet-151262","city":"new_taipei","district":"泰山區","display_name":"文程路便道 車格 151262","address":"文程路便道","facility_kind":"onstreet","symbol_text":null,"type_reference":"路邊停車格","type_confidence":0.6,"price_raw":null,"price_value":null,"capacity_total":1,"available_total":1,"occupied_total":0,"status_label":"空位","data_time":"2026-05-02 15:53:29+08:00","city_label":"新北市","facility_kind_label":"路邊車格","available_rate":1,"occupancy_rate":0,"price_tier":"unknown","price_tier_label":"價格未知"}},{"type":"Feature","geometry":{"type":"Point","coordinates":[121.434578,25.049947]},"properties":{"supply_id":"new_taipei-onstreet-151270","city":"new_taipei","district":"泰山區","display_name":"文程路便道 車格 151270","address":"文程路便道","facility_kind":"onstreet","symbol_text":null,"type_reference":"路邊停車格","type_confidence":0.6,"price_raw":null,"price_value":null,"capacity_total":1,"available_total":1,"occupied_total":0,"status_label":"空位","data_time":"2026-05-02 15:53:29+08:00","city_label":"新北市","facility_kind_label":"路邊車格","available_rate":1,"occupancy_rate":0,"price_tier":"unknown","price_tier_label":"價格未知"}},{"type":"Feature","geometry":{"type":"Point","coordinates":[121.434481,25.0499]},"properties":{"supply_id":"new_taipei-onstreet-151272","city":"new_taipei","district":"泰山區","display_name":"文程路便道 車格 151272","address":"文程路便道","facility_kind":"onstreet","symbol_text":null,"type_reference":"路邊停車格","type_confidence":0.6,"price_raw":null,"price_value":null,"capacity_total":1,"available_total":1,"occupied_total":0,"status_label":"空位","data_time":"2026-05-02 15:53:29+08:00","city_label":"新北市","facility_kind_label":"路邊車格","available_rate":1,"occupancy_rate":0,"price_tier":"unknown","price_tier_label":"價格未知"}},{"type":"Feature","geometry":{"type":"Point","coordinates":[121.43477,25.05004]},"properties":{"supply_id":"new_taipei-onstreet-151266","city":"new_taipei","district":"泰山區","display_name":"文程路便道 車格 151266","address":"文程路便道","facility_kind":"onstreet","symbol_text":null,"type_reference":"路邊停車格","type_confidence":0.6,"price_raw":null,"price_value":null,"capacity_total":1,"available_total":0,"occupied_total":1,"status_label":"已停","data_time":"2026-05-02 15:53:29+08:00","city_label":"新北市","facility_kind_label":"路邊車格","available_rate":0,"occupancy_rate":1,"price_tier":"unknown","price_tier_label":"價格未知"}},{"type":"Feature","geometry":{"type":"Point","coordinates":[121.434674,25.049993]},"properties":{"supply_id":"new_taipei-onstreet-151268","city":"new_taipei","district":"泰山區","display_name":"文程路便道 車格 151268","address":"文程路便道","facility_kind":"onstreet","symbol_text":null,"type_reference":"路邊停車格","type_confidence":0.6,"price_raw":null,"price_value":null,"capacity_total":1,"available_total":0,"occupied_total":1,"status_label":"已停","data_time":"2026-05-02 15:53:29+08:00","city_label":"新北市","facility_kind_label":"路邊車格","available_rate":0,"occupancy_rate":1,"price_tier":"unknown","price_tier_label":"價格未知"}},{"type":"Feature","geometry":{"type":"Point","coordinates":[121.434626,25.04997]},"properties":{"supply_id":"new_taipei-onstreet-151269","city":"new_taipei","district":"泰山區","display_name":"文程路便道 車格 151269","address":"文程路便道","facility_kind":"onstreet","symbol_text":null,"type_reference":"路邊停車格","type_confidence":0.6,"price_raw":null,"price_value":null,"capacity_total":1,"available_total":1,"occupied_total":0,"status_label":"空位","data_time":"2026-05-02 15:53:29+08:00","city_label":"新北市","facility_kind_label":"路邊車格","available_rate":1,"occupancy_rate":0,"price_tier":"unknown","price_tier_label":"價格未知"}},{"type":"Feature","geometry":{"type":"Point","coordinates":[121.433888,25.04914]},"properties":{"supply_id":"new_taipei-onstreet-151303","city":"new_taipei","district":"泰山區","display_name":"文程路便道 車格 151303","address":"文程路便道","facility_kind":"onstreet","symbol_text":null,"type_reference":"路邊停車格","type_confidence":0.6,"price_raw":null,"price_value":null,"capacity_total":1,"available_total":0,"occupied_total":1,"status_label":"已停","data_time":"2026-05-02 15:53:29+08:00","city_label":"新北市","facility_kind_label":"路邊車格","available_rate":0,"occupancy_rate":1,"price_tier":"unknown","price_tier_label":"價格未知"}},{"type":"Feature","geometry":{"type":"Point","coordinates":[121.43384,25.049117]},"properties":{"supply_id":"new_taipei-onstreet-151304","city":"new_taipei","district":"泰山區","display_name":"文程路便道 車格 151304","address":"文程路便道","facility_kind":"onstreet","symbol_text":null,"type_reference":"路邊停車格","type_confidence":0.6,"price_raw":null,"price_value":null,"capacity_total":1,"available_total":1,"occupied_total":0,"status_label":"空位","data_time":"2026-05-02 15:53:29+08:00","city_label":"新北市","facility_kind_label":"路邊車格","available_rate":1,"occupancy_rate":0,"price_tier":"unknown","price_tier_label":"價格未知"}},{"type":"Feature","geometry":{"type":"Point","coordinates":[121.43453,25.049924]},"properties":{"supply_id":"new_taipei-onstreet-151271","city":"new_taipei","district":"泰山區","display_name":"文程路便道 車格 151271","address":"文程路便道","facility_kind":"onstreet","symbol_text":null,"type_reference":"路邊停車格","type_confidence":0.6,"price_raw":null,"price_value":null,"capacity_total":1,"available_total":1,"occupied_total":0,"status_label":"空位","data_time":"2026-05-02 15:53:29+08:00","city_label":"新北市","facility_kind_label":"路邊車格","available_rate":1,"occupancy_rate":0,"price_tier":"unknown","price_tier_label":"價格未知"}},{"type":"Feature","geometry":{"type":"Point","coordinates":[121.429514,25.052968]},"properties":{"supply_id":"new_taipei-onstreet-13191","city":"new_taipei","district":"泰山區","display_name":"明志路二段 車格 13191","address":"明志路二段","facility_kind":"onstreet","symbol_text":null,"type_reference":"路邊停車格","type_confidence":0.6,"price_raw":null,"price_value":null,"capacity_total":1,"available_total":1,"occupied_total":0,"status_label":"空位","data_time":"2026-05-02 15:53:29+08:00","city_label":"新北市","facility_kind_label":"路邊車格","available_rate":1,"occupancy_rate":0,"price_tier":"unknown","price_tier_label":"價格未知"}},{"type":"Feature","geometry":{"type":"Point","coordinates":[121.431932,25.059741]},"properties":{"supply_id":"new_taipei-onstreet-87327","city":"new_taipei","district":"泰山區","display_name":"明志路一段 車格 87327","address":"明志路一段","facility_kind":"onstreet","symbol_text":null,"type_reference":"路邊停車格","type_confidence":0.6,"price_raw":null,"price_value":null,"capacity_total":1,"available_total":0,"occupied_total":1,"status_label":"已停","data_time":"2026-05-02 15:53:29+08:00","city_label":"新北市","facility_kind_label":"路邊車格","available_rate":0,"occupancy_rate":1,"price_tier":"unknown","price_tier_label":"價格未知"}},{"type":"Feature","geometry":{"type":"Point","coordinates":[121.430804,25.056969]},"properties":{"supply_id":"new_taipei-onstreet-54759","city":"new_taipei","district":"泰山區","display_name":"明志路一段 車格 54759","address":"明志路一段","facility_kind":"onstreet","symbol_text":null,"type_reference":"路邊停車格","type_confidence":0.6,"price_raw":null,"price_value":null,"capacity_total":1,"available_total":1,"occupied_total":0,"status_label":"空位","data_time":"2026-05-02 15:53:29+08:00","city_label":"新北市","facility_kind_label":"路邊車格","available_rate":1,"occupancy_rate":0,"price_tier":"unknown","price_tier_label":"價格未知"}},{"type":"Feature","geometry":{"type":"Point","coordinates":[121.433445,25.06369]},"properties":{"supply_id":"new_taipei-onstreet-27706","city":"new_taipei","district":"泰山區","display_name":"明志路一段 車格 27706","address":"明志路一段","facility_kind":"onstreet","symbol_text":null,"type_reference":"路邊停車格","type_confidence":0.6,"price_raw":null,"price_value":null,"capacity_total":1,"available_total":0,"occupied_total":1,"status_label":"已停","data_time":"2026-05-02 15:53:29+08:00","city_label":"新北市","facility_kind_label":"路邊車格","available_rate":0,"occupancy_rate":1,"price_tier":"unknown","price_tier_label":"價格未知"}},{"type":"Feature","geometry":{"type":"Point","coordinates":[121.424889,25.040299]},"properties":{"supply_id":"new_taipei-onstreet-87337","city":"new_taipei","district":"泰山區","display_name":"明志路三段 車格 87337","address":"明志路三段","facility_kind":"onstreet","symbol_text":null,"type_reference":"路邊停車格","type_confidence":0.6,"price_raw":null,"price_value":null,"capacity_total":1,"available_total":1,"occupied_total":0,"status_label":"空位","data_time":"2026-05-02 15:53:29+08:00","city_label":"新北市","facility_kind_label":"路邊車格","available_rate":1,"occupancy_rate":0,"price_tier":"unknown","price_tier_label":"價格未知"}}]}