{"type":"FeatureCollection","features":[{"type":"Feature","geometry":{"type":"Point","coordinates":[121.37813528528828,24.935572904632885]},"properties":{"permit_id":"320705","city":"new_taipei","city_label":"新北市","district":"三峽區","district_display":"三峽區","addr":"新北市三峽區龍埔里民生街1巷","npurp":"新北市三峽區、鶯歌區污水下水道系統第二期工程污水管線第十標","app_name":"三峽區公所","tc_na":"宏錩工程有限公司","co_ti":"時段性施工，113年05月21日起116年09月21日止，共1219日。自訂日間09時至17時","start_date":"2024-05-21","end_date":"2027-09-21","status_label":"已核發許可證"}},{"type":"Feature","geometry":{"type":"Point","coordinates":[121.36758373590834,24.936697617450235]},"properties":{"permit_id":"320651","city":"new_taipei","city_label":"新北市","district":"三峽區","district_display":"三峽區","addr":"新北市三峽區鳶山里民生街88號","npurp":"新北市三峽區、鶯歌區污水管線第十二標(次幹管、支(分)管及用戶接管)","app_name":"三峽區公所","tc_na":"翔益營造有限公司","co_ti":"時段性施工，113年07月03日起116年05月26日止，共1058日。自訂日間09時至17時","start_date":"2024-07-03","end_date":"2027-05-26","status_label":"已核發許可證"}},{"type":"Feature","geometry":{"type":"Point","coordinates":[121.38504738323856,24.93998989890624]},"properties":{"permit_id":"344629","city":"new_taipei","city_label":"新北市","district":"三峽區","district_display":"三峽區","addr":"新北市三峽區龍埔里龍埔路","npurp":"B14B5274B新北市政府交通局申請用電","app_name":"新北市政府捷運工程局","tc_na":"鑫雄工程有限公司","co_ti":"時段性施工，115年01月25日起115年02月02日止，共9日。夜間22時至隔日06時；第1次變更：時段性施工，115年03月05日起115年03月13日止，共9日。(夜間22時至隔日06時)(展延)；第2次變更：時段性施工，115年04月09日起115年04月17日止，共9日。(夜間22時至隔日06時)(展延)；第3次變更：時段性施工，115年05月01日起115年05月09日止，共9日。(夜間22時至隔日06時)(展延)","start_date":"2026-01-25","end_date":"2026-05-09","status_label":"已核發許可證"}},{"type":"Feature","geometry":{"type":"Point","coordinates":[121.36723365601728,24.938889952068426]},"properties":{"permit_id":"344659","city":"new_taipei","city_label":"新北市","district":"三峽區","district_display":"三峽區","addr":"新北市三峽區鳶山里復興路259號","npurp":"B14B5277B新北市政府交通局申請用電","app_name":"新北市政府捷運工程局","tc_na":"鑫雄工程有限公司","co_ti":"時段性施工，115年01月27日起115年02月04日止，共9日。夜間22時至隔日06時；第1次變更：時段性施工，115年03月06日起115年03月14日止，共9日。(夜間22時至隔日06時)(展延)；第2次變更：時段性施工，115年04月09日起115年04月17日止，共9日。(夜間22時至隔日06時)(展延)；第3次變更：時段性施工，115年05月01日起115年05月09日止，共9日。(夜間22時至隔日06時)(展延)","start_date":"2026-01-27","end_date":"2026-05-09","status_label":"已核發許可證"}},{"type":"Feature","geometry":{"type":"Point","coordinates":[121.3787138670996,24.930775218004623]},"properties":{"permit_id":"343979","city":"new_taipei","city_label":"新北市","district":"三峽區","district_display":"三峽區","addr":"新北市三峽區礁溪里介壽路一段207-1號","npurp":"用戶用水設備新裝工程(三峽區介壽路一段207-1號(長泰街內))","app_name":"三峽區公所","tc_na":"易原工程有限公司","co_ti":null,"start_date":"2026-03-04","end_date":"2026-05-10","status_label":"已核發許可證"}},{"type":"Feature","geometry":{"type":"Point","coordinates":[121.36807658430028,24.92561932067011]},"properties":{"permit_id":"345344","city":"new_taipei","city_label":"新北市","district":"三峽區","district_display":"三峽區","addr":"新北市三峽區中埔里中園街69號","npurp":"114年乙工區人手孔蓋升降及周邊加固工作","app_name":"三峽區公所","tc_na":"統鑫開發實業股份有限公司","co_ti":"連續性施工，115年03月04日09時起115年03月06日16時止，共3日。；時段性施工，115年05月04日起115年05月06日止，共3日。日間09時至16時；時段性施工，115年05月07日起115年05月08日止，共2日。日間09時至16時","start_date":"2026-03-04","end_date":"2026-05-08","status_label":"已核發許可證"}},{"type":"Feature","geometry":{"type":"Point","coordinates":[121.37259112734512,24.935767366426685]},"properties":{"permit_id":"345321","city":"new_taipei","city_label":"新北市","district":"三峽區","district_display":"三峽區","addr":"新北市三峽區永舘里民生街106-1號","npurp":"B14B5288B饋線增加供電人孔提升","app_name":"三峽區公所","tc_na":"鑫雄工程有限公司","co_ti":"時段性施工，115年03月10日起115年03月13日止，共4日。日間09時至16時；時段性施工，115年03月16日起115年03月16日止，共1日。日間09時至16時；第1次變更：時段性施工，115年04月08日起115年04月09日止，共2日。(日間09時至16時)(展延)；第2次變更：時段性施工，115年05月04日起115年05月06日止，共3日。(日間09時至16時)(展延)","start_date":"2026-03-10","end_date":"2026-05-06","status_label":"已核發許可證"}},{"type":"Feature","geometry":{"type":"Point","coordinates":[121.36381130166428,24.925181896053974]},"properties":{"permit_id":"344483","city":"new_taipei","city_label":"新北市","district":"三峽區","district_display":"三峽區","addr":"新北市三峽區弘道里大同路297號","npurp":"B14B5272B良將建設股份有限公司申請用電","app_name":"三峽區公所","tc_na":"鑫雄工程有限公司","co_ti":"時段性施工，115年03月18日起115年04月01日止，共15日。日間09時至16時；第1次變更：時段性施工，115年05月04日起115年05月06日止，共3日。(日間09時至16時)(展延)","start_date":"2026-03-18","end_date":"2026-05-06","status_label":"已核發許可證"}},{"type":"Feature","geometry":{"type":"Point","coordinates":[121.39147069961884,24.93778251966499]},"properties":{"permit_id":"345320","city":"new_taipei","city_label":"新北市","district":"三峽區","district_display":"三峽區","addr":"新北市三峽區溪南里佳興路","npurp":"B14B5276B新北市政府交通局申請用電","app_name":"三峽區公所","tc_na":"鑫雄工程有限公司","co_ti":"時段性施工，115年03月18日起115年04月01日止，共15日。夜間22時至隔日06時；第1次變更：時段性施工，115年05月01日起115年05月07日止，共7日。(夜間22時至隔日06時)(展延)","start_date":"2026-03-18","end_date":"2026-05-07","status_label":"已核發許可證"}},{"type":"Feature","geometry":{"type":"Point","coordinates":[121.372918644008,24.936166129148777]},"properties":{"permit_id":"346805","city":"new_taipei","city_label":"新北市","district":"三峽區","district_display":"三峽區","addr":"新北市三峽區永舘里文化路44號","npurp":"自來水漏水緊急搶修工程(文化路44號)","app_name":"三峽區公所","tc_na":"易原工程有限公司","co_ti":"連續性施工，115年04月09日09時起115年04月11日17時止，共3日。；時段性施工，115年05月04日起115年05月10日止，共7日。夜間22時至隔日06時","start_date":"2026-04-09","end_date":"2026-05-10","status_label":"已核發許可證"}},{"type":"Feature","geometry":{"type":"Point","coordinates":[121.37403506310773,24.901453070474684]},"properties":{"permit_id":"347015","city":"new_taipei","city_label":"新北市","district":"三峽區","district_display":"三峽區","addr":"新北市三峽區添福里111-8號號","npurp":"自來水漏水緊急搶修工程(添福111-8號)","app_name":"三峽區公所","tc_na":"易原工程有限公司","co_ti":"連續性施工，115年04月13日18時起115年04月15日23時止，共3日。；時段性施工，115年05月04日起115年05月10日止，共7日。夜間22時至隔日06時","start_date":"2026-04-13","end_date":"2026-05-10","status_label":"已核發許可證"}},{"type":"Feature","geometry":{"type":"Point","coordinates":[121.37623837185518,24.936617085712168]},"properties":{"permit_id":"347086","city":"new_taipei","city_label":"新北市","district":"三峽區","district_display":"三峽區","addr":"新北市三峽區龍埔里民生街19巷","npurp":"自來水漏水緊急搶修工程(民生街19巷口)","app_name":"三峽區公所","tc_na":"易原工程有限公司","co_ti":"連續性施工，115年04月15日09時起115年04月17日17時止，共3日。；時段性施工，115年05月04日起115年05月10日止，共7日。日間09時至16時","start_date":"2026-04-15","end_date":"2026-05-10","status_label":"已核發許可證"}},{"type":"Feature","geometry":{"type":"Point","coordinates":[121.38455470293268,24.939790408433392]},"properties":{"permit_id":"347182","city":"new_taipei","city_label":"新北市","district":"三峽區","district_display":"三峽區","addr":"新北市三峽區龍埔里龍埔路","npurp":"B14B5329B榮工工程股份有限公司申請用電","app_name":"新北市政府捷運工程局","tc_na":"鑫雄工程有限公司","co_ti":"時段性施工，115年04月27日起115年04月29日止，共3日。日間09時至16時；第1次變更：時段性施工，115年05月04日起115年05月08日止，共5日。(日間09時至16時)(展延)","start_date":"2026-04-27","end_date":"2026-05-08","status_label":"已核發許可證"}},{"type":"Feature","geometry":{"type":"Point","coordinates":[121.49158946959648,25.200051675464508]},"properties":{"permit_id":"345744","city":"new_taipei","city_label":"新北市","district":"三芝區","district_display":"三芝區","addr":"新北市三芝區興華里行忠路","npurp":"淡水區行忠路3.5k~4.9k汰換管線工程","app_name":"三芝區公所","tc_na":"桔原企業有限公司","co_ti":"時段性施工，115年04月13日起115年04月17日止，共5日。自訂日間09時至20時；時段性施工，115年04月20日起115年04月24日止，共5日。自訂日間09時至20時；時段性施工，115年04月27日起115年04月30日止，共4日。自訂日間09時至20時；時段性施工，115年05月04日起115年05月08日止，共5日。自訂日間09時至20時；時段性施工，115年05月11日起115年05月15日止，共5日。自訂日間09時至20時","start_date":"2026-04-13","end_date":"2026-05-15","status_label":"已核發許可證"}},{"type":"Feature","geometry":{"type":"Point","coordinates":[121.48498210743418,25.0570323811327]},"properties":{"permit_id":"341448","city":"new_taipei","city_label":"新北市","district":"三重區","district_display":"三重區","addr":"新北市三重區重明里捷運路19巷11號","npurp":"(三重區捷運19巷)瓦斯管線埋設工程(工本114-003)","app_name":"三重區公所","tc_na":"昕銓有限公司","co_ti":"時段性施工，114年12月20日起114年12月26日止，共7日。日間09時至16時；第1次變更：時段性施工，115年03月12日起115年03月20日止，共9日。(日間09時至16時)(展延)；第2次變更：時段性施工，115年04月07日起115年04月15日止，共9日。(日間09時至16時)(展延)；第3次變更：時段性施工，115年05月13日起115年05月15日止，共3日。(日間09時至16時)(展延)","start_date":"2025-12-20","end_date":"2026-05-15","status_label":"已核發許可證"}},{"type":"Feature","geometry":{"type":"Point","coordinates":[121.48961402120948,25.058320811341883]},"properties":{"permit_id":"344174","city":"new_taipei","city_label":"新北市","district":"三重區","district_display":"三重區","addr":"新北市三重區光明里重安街","npurp":"B14A5239B新北市政府養護工程處申請用電","app_name":"三重區公所","tc_na":"金樹水電工程有限公司","co_ti":"時段性施工，115年03月04日起115年03月18日止，共15日。夜間22時至隔日06時；第1次變更：時段性施工，115年04月29日起115年05月13日止，共15日。(夜間22時至隔日06時)(展延)","start_date":"2026-03-04","end_date":"2026-05-13","status_label":"已核發許可證"}},{"type":"Feature","geometry":{"type":"Point","coordinates":[121.50015456245,25.06777143269887]},"properties":{"permit_id":"344974","city":"new_taipei","city_label":"新北市","district":"三重區","district_display":"三重區","addr":"新北市三重區長元里三和路二段36號","npurp":"B14A5143B豐霈商行黃霈淳","app_name":"新北市政府工務局","tc_na":"金樹水電工程有限公司","co_ti":"時段性施工，115年03月04日起115年03月12日止，共9日。夜間22時至隔日06時；第1次變更：時段性施工，115年05月06日起115年05月08日止，共3日。(夜間22時至隔日06時)(展延)；第2次變更：時段性施工，115年05月11日起115年05月15日止，共5日。(夜間22時至隔日06時)(展延)","start_date":"2026-03-04","end_date":"2026-05-15","status_label":"已核發許可證"}},{"type":"Feature","geometry":{"type":"Point","coordinates":[121.48330942821568,25.06685769654023]},"properties":{"permit_id":"345031","city":"new_taipei","city_label":"新北市","district":"三重區","district_display":"三重區","addr":"新北市三重區六福里中正北路178號","npurp":"B14A5214B新北市政府交通局交通管制工程科申請用電","app_name":"新北市政府工務局","tc_na":"金樹水電工程有限公司","co_ti":"時段性施工，115年03月16日起115年03月20日止，共5日。夜間22時至隔日06時；第1次變更：時段性施工，115年05月06日起115年05月08日止，共3日。(夜間22時至隔日06時)(展延)；第2次變更：時段性施工，115年05月11日起115年05月15日止，共5日。(夜間22時至隔日06時)(展延)","start_date":"2026-03-16","end_date":"2026-05-15","status_label":"已核發許可證"}},{"type":"Feature","geometry":{"type":"Point","coordinates":[121.48636980340024,25.08526340083005]},"properties":{"permit_id":"346039","city":"new_taipei","city_label":"新北市","district":"三重區","district_display":"三重區","addr":"新北市三重區碧華里集仁街38號","npurp":"114~117年度新北市污水下水道系統未納戶接管工程(開口契約)第一標","app_name":"三重區公所","tc_na":"鴻祥營造股份有限公司","co_ti":"時段性施工，115年04月07日起115年05月05日止，共29日。日間09時至16時","start_date":"2026-04-07","end_date":"2026-05-05","status_label":"已核發許可證"}},{"type":"Feature","geometry":{"type":"Point","coordinates":[121.49535866809784,25.06342411927251]},"properties":{"permit_id":"345634","city":"new_taipei","city_label":"新北市","district":"三重區","district_display":"三重區","addr":"新北市三重區重新里正德街60號","npurp":"B14A5333B寶和建設股份有限公司申請用電","app_name":"三重區公所","tc_na":"金樹水電工程有限公司","co_ti":"時段性施工，115年04月09日起115年04月17日止，共9日。日間09時至16時；第1次變更：時段性施工，115年05月05日起115年05月13日止，共9日。(日間09時至16時)(展延)","start_date":"2026-04-09","end_date":"2026-05-13","status_label":"已核發許可證"}},{"type":"Feature","geometry":{"type":"Point","coordinates":[121.48413104031688,25.07818620888454]},"properties":{"permit_id":"345312","city":"new_taipei","city_label":"新北市","district":"三重區","district_display":"三重區","addr":"新北市三重區福樂里三和路四段123~161號","npurp":"新北市三重區三和路四段123~161號前本管汰換工程","app_name":"新北市政府工務局","tc_na":"益承瓦斯工程有限公司","co_ti":"時段性施工，115年04月13日起115年04月27日止，共15日。自訂夜間21時至隔日06時；第1次變更：時段性施工，115年04月28日起115年04月30日止，共3日。(自訂夜間21時至隔日06時)(展延)；第2次變更：時段性施工，115年05月04日起115年05月15日止，共12日。(自訂夜間21時至隔日06時)(展延)","start_date":"2026-04-13","end_date":"2026-05-15","status_label":"已核發許可證"}},{"type":"Feature","geometry":{"type":"Point","coordinates":[121.49595827499104,25.08011216566693]},"properties":{"permit_id":"346664","city":"new_taipei","city_label":"新北市","district":"三重區","district_display":"三重區","addr":"新北市三重區五常里五華街3巷1~7號","npurp":"護工本115-004瓦斯管線汰換埋設工程","app_name":"三重區公所","tc_na":"三和瓦斯工程有限公司","co_ti":"時段性施工，115年04月13日起115年04月21日止，共9日。日間09時至16時；第1次變更：時段性施工，115年04月22日起115年04月30日止，共9日。(日間09時至16時)(展延)；第2次變更：時段性施工，115年05月05日起115年05月13日止，共9日。(日間09時至16時)(展延)","start_date":"2026-04-13","end_date":"2026-05-13","status_label":"已核發許可證"}},{"type":"Feature","geometry":{"type":"Point","coordinates":[121.4970581185968,25.06082864783824]},"properties":{"permit_id":"346753","city":"new_taipei","city_label":"新北市","district":"三重區","district_display":"三重區","addr":"新北市三重區仁德里正義南路37巷","npurp":"護三支115-008瓦斯管線埋設工程","app_name":"三重區公所","tc_na":"金華泰瓦斯工程有限公司","co_ti":"時段性施工，115年04月14日起115年05月12日止，共29日。日間09時至16時","start_date":"2026-04-14","end_date":"2026-05-12","status_label":"已核發許可證"}},{"type":"Feature","geometry":{"type":"Point","coordinates":[121.47743204021351,25.07513051968371]},"properties":{"permit_id":"347019","city":"new_taipei","city_label":"新北市","district":"三重區","district_display":"三重區","addr":"新北市三重區永順里永安北路一段17巷24號","npurp":"115年北區A管線設備維修工程","app_name":"三重區公所","tc_na":"宇力工程有限公司","co_ti":"連續性施工，115年04月14日09時起115年04月15日18時止，共2日。；時段性施工，115年04月17日起115年04月17日止，共1日。日間09時至18時；時段性施工，115年04月22日起115年04月24日止，共3日。自訂日間09時至16時；第1次變更：時段性施工，115年05月04日起115年05月06日止，共3日。(自訂日間09時至18時)(展延)","start_date":"2026-04-14","end_date":"2026-05-06","status_label":"已核發許可證"}},{"type":"Feature","geometry":{"type":"Point","coordinates":[121.47206948997342,25.052007122473437]},"properties":{"permit_id":"346688","city":"new_taipei","city_label":"新北市","district":"三重區","district_display":"三重區","addr":"新北市三重區谷王里光復路一段99巷","npurp":"B14D5523B台電饋線改善管挖及孔蓋提升工程","app_name":"三重區公所","tc_na":"合銘水電企業有限公司","co_ti":"時段性施工，115年04月16日起115年04月24日止，共9日。夜間22時至隔日06時；第1次變更：時段性施工，115年05月03日起115年05月08日止，共6日。(夜間22時至隔日06時)(展延)","start_date":"2026-04-16","end_date":"2026-05-08","status_label":"已核發許可證"}},{"type":"Feature","geometry":{"type":"Point","coordinates":[121.47439244692444,25.04511526977041]},"properties":{"permit_id":"347160","city":"new_taipei","city_label":"新北市","district":"三重區","district_display":"三重區","addr":"新北市三重區五谷里五谷王南街46巷6號","npurp":"新莊服務所115年度管線設備維修工程","app_name":"三重區公所","tc_na":"千暉工程有限公司","co_ti":"連續性施工，115年04月17日09時起115年04月19日23時止，共3日。；時段性施工，115年05月11日起115年05月15日止，共5日。日間09時至16時","start_date":"2026-04-17","end_date":"2026-05-15","status_label":"已核發許可證"}},{"type":"Feature","geometry":{"type":"Point","coordinates":[121.4971091750344,25.0834538486233]},"properties":{"permit_id":"346777","city":"new_taipei","city_label":"新北市","district":"三重區","district_display":"三重區","addr":"新北市三重區五福里自強路五段","npurp":"B14A5245B台電台北西區申請用電","app_name":"三重區公所","tc_na":"金樹水電工程有限公司","co_ti":"時段性施工，115年04月20日起115年04月28日止，共9日。夜間22時至隔日06時；第1次變更：時段性施工，115年04月29日起115年05月07日止，共9日。(日間09時至16時)(展延)","start_date":"2026-04-20","end_date":"2026-05-07","status_label":"已核發許可證"}},{"type":"Feature","geometry":{"type":"Point","coordinates":[121.49788517646572,25.064623211683504]},"properties":{"permit_id":"347202","city":"new_taipei","city_label":"新北市","district":"三重區","district_display":"三重區","addr":"新北市三重區文化里信義西街54號","npurp":"三重區文化里信義西街54號前","app_name":"三重區公所","tc_na":"新海瓦斯股份有限公司","co_ti":"連續性施工，115年04月20日09時起115年04月22日16時止，共3日。；時段性施工，115年05月13日起115年05月15日止，共3日。日間09時至16時","start_date":"2026-04-20","end_date":"2026-05-15","status_label":"已核發許可證"}},{"type":"Feature","geometry":{"type":"Point","coordinates":[121.4843432346013,25.07812148682162]},"properties":{"permit_id":"347201","city":"new_taipei","city_label":"新北市","district":"三重區","district_display":"三重區","addr":"新北市三重區福樂里三和路四段123~161號","npurp":"三重區三和路四段123號~161號前瓦斯管線汰換埋設工程","app_name":"三重區公所","tc_na":"益承瓦斯工程有限公司","co_ti":"時段性施工，115年04月22日起115年04月30日止，共9日。日間09時至16時；第1次變更：時段性施工，115年05月11日起115年05月20日止，共10日。(自訂夜間21時至隔日06時)(展延)","start_date":"2026-04-22","end_date":"2026-05-20","status_label":"已核發許可證"}},{"type":"Feature","geometry":{"type":"Point","coordinates":[121.49838683831985,25.06452208859767]},"properties":{"permit_id":"347323","city":"new_taipei","city_label":"新北市","district":"三重區","district_display":"三重區","addr":"新北市三重區文化里文化北路26巷1~35號","npurp":"護三支113-013瓦斯管線汰換埋設工程","app_name":"三重區公所","tc_na":"秉伸工程股份有限公司","co_ti":"時段性施工，115年04月29日起115年05月07日止，共9日。日間09時至16時","start_date":"2026-04-29","end_date":"2026-05-07","status_label":"已核發許可證"}},{"type":"Feature","geometry":{"type":"Point","coordinates":[121.50382081787644,24.99117687490963]},"properties":{"permit_id":"338498","city":"new_taipei","city_label":"新北市","district":"中和區","district_display":"中和區","addr":"新北市中和區景新里興南路一段80號","npurp":"新北市中和地區污水下水道系統第三期工程第一標分支管線及用戶接管工程","app_name":"中和區公所","tc_na":"馨澤工程有限公司","co_ti":"時段性施工，114年09月30日起117年05月11日止，共955日。日間09時至16時","start_date":"2025-09-30","end_date":"2028-05-11","status_label":"已核發許可證"}},{"type":"Feature","geometry":{"type":"Point","coordinates":[121.471749337583,25.004706278719777]},"properties":{"permit_id":"341907","city":"new_taipei","city_label":"新北市","district":"中和區","district_display":"中和區","addr":"新北市中和區德穗里德光路","npurp":"中和區德光路1100mm汰換管線工程","app_name":"中和區公所","tc_na":"雄鼎營造有限公司","co_ti":"時段性施工，114年12月05日起114年12月14日止，共10日。日間09時至16時；第1次變更：時段性施工，115年01月09日起115年02月06日止，共29日。(日間09時至16時)(展延)；第2次變更：時段性施工，115年03月03日起115年03月12日止，共10日。(日間09時至16時)(展延)；第3次變更：時段性施工，115年03月23日起115年03月31日止，共9日。(日間09時至16時)(展延)；第4次變更：時段性施工，115年05月28日起115年05月29日止，共2日。(日間09時至16時)(展延)；第5次變更：連續性施工，115年05月30日09時起115年05月31日23時止，共2日。(展延)；第6次變更：時段性施工，115年06月01日起115年06月02日止，共2日。(日間09時至16時)(展延)","start_date":"2025-12-05","end_date":"2026-06-02","status_label":"已核發許可證"}},{"type":"Feature","geometry":{"type":"Point","coordinates":[121.49146095537756,25.005376910290245]},"properties":{"permit_id":"343239","city":"new_taipei","city_label":"新北市","district":"中和區","district_display":"中和區","addr":"新北市中和區中原里橋和路","npurp":"28628-新北市政府養護工程處-人行道拓寬改善工程","app_name":"中和區公所","tc_na":"昌鋐工程股份有限公司","co_ti":"時段性施工，114年12月10日起114年12月19日止，共10日。日間09時至16時；第1次變更：時段性施工，115年03月31日起115年04月08日止，共9日。(夜間22時至隔日06時)(展延)；第2次變更：時段性施工，115年05月04日起115年05月12日止，共9日。(夜間22時至隔日06時)(展延)","start_date":"2025-12-10","end_date":"2026-05-12","status_label":"已核發許可證"}},{"type":"Feature","geometry":{"type":"Point","coordinates":[121.52137060212812,24.993672220049955]},"properties":{"permit_id":"344274","city":"new_taipei","city_label":"新北市","district":"中和區","district_display":"中和區","addr":"新北市中和區秀山里自強路15巷2號","npurp":"新北市中和地區污水下水道系統第三期工程第一標(支(分)管及用戶接管)","app_name":"中和區公所","tc_na":"馨澤工程有限公司","co_ti":"時段性施工，115年03月04日起115年05月29日止，共87日。日間09時至16時","start_date":"2026-03-04","end_date":"2026-05-29","status_label":"已核發許可證"}},{"type":"Feature","geometry":{"type":"Point","coordinates":[121.48637405625054,25.00618176780712]},"properties":{"permit_id":"344807","city":"new_taipei","city_label":"新北市","district":"中和區","district_display":"中和區","addr":"新北市中和區中原里立言街58號","npurp":"114西區B管網改善工程","app_name":"中和區公所","tc_na":"嘉昇昌實業有限公司","co_ti":"時段性施工，115年03月04日起115年06月16日止，共105日。自訂日間09時至16時自訂夜間22時至隔日06時","start_date":"2026-03-04","end_date":"2026-06-16","status_label":"已核發許可證"}},{"type":"Feature","geometry":{"type":"Point","coordinates":[121.4837512397569,24.99608060081197]},"properties":{"permit_id":"345603","city":"new_taipei","city_label":"新北市","district":"中和區","district_display":"中和區","addr":"新北市中和區仁和里連城路467-5號","npurp":"自來水漏水緊急搶修工程","app_name":"中和區公所","tc_na":"嘉昇昌實業有限公司","co_ti":"連續性施工，115年03月09日09時起115年03月11日18時止，共3日。；時段性施工，115年03月28日起115年04月05日止，共9日。自訂日間09時至16時；第1次變更：時段性施工，115年04月25日起115年05月03日止，共9日。(日間09時至16時)(展延)","start_date":"2026-03-09","end_date":"2026-05-03","status_label":"已核發許可證"}},{"type":"Feature","geometry":{"type":"Point","coordinates":[121.47982026111836,24.994909070298785]},"properties":{"permit_id":"345848","city":"new_taipei","city_label":"新北市","district":"中和區","district_display":"中和區","addr":"新北市中和區嘉慶里連城路456號","npurp":"配合捷運萬大線第一期CQ860標連城路600mm管線永遷工程","app_name":"臺北市政府捷運工程局第一區工程處","tc_na":"祐邦工程有限公司","co_ti":"時段性施工，115年03月19日起115年04月15日止，共28日。日間09時至16時夜間22時至隔日06時；第1次變更：時段性施工，115年04月24日起115年05月10日止，共17日。(日間09時至16時)(夜間22時至隔日06時)(展延)","start_date":"2026-03-19","end_date":"2026-05-10","status_label":"已核發許可證"}},{"type":"Feature","geometry":{"type":"Point","coordinates":[121.49808041083617,24.993905154065057]},"properties":{"permit_id":"345592","city":"new_taipei","city_label":"新北市","district":"中和區","district_display":"中和區","addr":"新北市中和區正行里板南路","npurp":"28661-新北市中和區公所-電桿遷移","app_name":"中和區公所","tc_na":"國盛電氣工程有限公司","co_ti":"時段性施工，115年03月23日起115年03月27日止，共5日。日間09時至16時；第1次變更：時段性施工，115年05月05日起115年05月09日止，共5日。(日間09時至16時)(展延)","start_date":"2026-03-23","end_date":"2026-05-09","status_label":"已核發許可證"}},{"type":"Feature","geometry":{"type":"Point","coordinates":[121.4906292834676,25.00902208276187]},"properties":{"permit_id":"345627","city":"new_taipei","city_label":"新北市","district":"中和區","district_display":"中和區","addr":"新北市中和區中原里環河西路三段","npurp":"28586華固建設股份有限公司-申請臨時電拆除","app_name":"中和區公所","tc_na":"昌鋐工程股份有限公司","co_ti":"時段性施工，115年03月26日起115年04月03日止，共9日。日間09時至16時；第1次變更：時段性施工，115年04月29日起115年05月07日止，共9日。(日間09時至16時)(展延)","start_date":"2026-03-26","end_date":"2026-05-07","status_label":"已核發許可證"}},{"type":"Feature","geometry":{"type":"Point","coordinates":[121.5043966341956,24.988888984390183]},"properties":{"permit_id":"345830","city":"new_taipei","city_label":"新北市","district":"中和區","district_display":"中和區","addr":"新北市中和區外南里復興路49巷","npurp":"28647-亞昕國際開發股份有限公司-電桿線路地下化工程","app_name":"中和區公所","tc_na":"昌鋐工程股份有限公司","co_ti":"時段性施工，115年03月26日起115年04月17日止，共23日。日間09時至16時；第1次變更：時段性施工，115年04月23日起115年05月02日止，共10日。(自訂日間09時至16時)(展延)","start_date":"2026-03-26","end_date":"2026-05-02","status_label":"已核發許可證"}},{"type":"Feature","geometry":{"type":"Point","coordinates":[121.50611684571754,24.984685308035814]},"properties":{"permit_id":"345869","city":"new_taipei","city_label":"新北市","district":"中和區","district_display":"中和區","addr":"新北市中和區正南里興南路二段67巷","npurp":"28655+28656-TPC-淺埋改善工程","app_name":"中和區公所","tc_na":"昌鋐工程股份有限公司","co_ti":"時段性施工，115年03月26日起115年04月03日止，共9日。日間09時至16時；第1次變更：時段性施工，115年04月27日起115年05月11日止，共15日。(自訂日間09時至16時)(展延)","start_date":"2026-03-26","end_date":"2026-05-11","status_label":"已核發許可證"}},{"type":"Feature","geometry":{"type":"Point","coordinates":[121.50793781902922,24.98609178642264]},"properties":{"permit_id":"345873","city":"new_taipei","city_label":"新北市","district":"中和區","district_display":"中和區","addr":"新北市中和區壽南里興南路二段5號","npurp":"28658-TPC-淺埋改善工程","app_name":"中和區公所","tc_na":"昌鋐工程股份有限公司","co_ti":"時段性施工，115年03月26日起115年04月03日止，共9日。日間09時至16時；第1次變更：時段性施工，115年04月24日起115年05月02日止，共9日。(日間09時至16時)(展延)","start_date":"2026-03-26","end_date":"2026-05-02","status_label":"已核發許可證"}},{"type":"Feature","geometry":{"type":"Point","coordinates":[121.51368176329552,25.00371345199748]},"properties":{"permit_id":"346448","city":"new_taipei","city_label":"新北市","district":"中和區","district_display":"中和區","addr":"新北市中和區中安里永貞路266號","npurp":"自來水用戶無水緊急搶修工程","app_name":"中和區公所","tc_na":"嘉昇昌實業有限公司","co_ti":"連續性施工，115年03月27日09時起115年03月29日18時止，共3日。；時段性施工，115年04月11日起115年04月19日止，共9日。自訂日間09時至16時；第1次變更：時段性施工，115年04月25日起115年05月03日止，共9日。(日間09時至16時)(展延)","start_date":"2026-03-27","end_date":"2026-05-03","status_label":"已核發許可證"}},{"type":"Feature","geometry":{"type":"Point","coordinates":[121.4849657904878,24.999208715315103]},"properties":{"permit_id":"346722","city":"new_taipei","city_label":"新北市","district":"中和區","district_display":"中和區","addr":"新北市中和區平河里中正路733號","npurp":"自來水漏水緊急搶修工程","app_name":"中和區公所","tc_na":"嘉昇昌實業有限公司","co_ti":"連續性施工，115年04月06日09時起115年04月08日18時止，共3日。；時段性施工，115年04月16日起115年04月24日止，共9日。自訂日間09時至16時；第1次變更：時段性施工，115年04月25日起115年05月03日止，共9日。(日間09時至16時)(展延)","start_date":"2026-04-06","end_date":"2026-05-03","status_label":"已核發許可證"}},{"type":"Feature","geometry":{"type":"Point","coordinates":[121.50441646413188,24.983755163946668]},"properties":{"permit_id":"346757","city":"new_taipei","city_label":"新北市","district":"中和區","district_display":"中和區","addr":"新北市中和區壽南里興南路二段124號","npurp":"自來水漏水緊急搶修工程","app_name":"中和區公所","tc_na":"嘉昇昌實業有限公司","co_ti":"連續性施工，115年04月08日09時起115年04月10日18時止，共3日。；時段性施工，115年04月25日起115年05月03日止，共9日。自訂日間09時至16時","start_date":"2026-04-08","end_date":"2026-05-03","status_label":"已核發許可證"}},{"type":"Feature","geometry":{"type":"Point","coordinates":[121.51711648111774,24.993262508289167]},"properties":{"permit_id":"347151","city":"new_taipei","city_label":"新北市","district":"中和區","district_display":"中和區","addr":"新北市中和區秀明里大勇街25巷2號","npurp":"自來水漏水緊急搶修","app_name":"中和區公所","tc_na":"嘉昇昌實業有限公司","co_ti":"連續性施工，115年04月16日09時起115年04月18日06時止，共3日。；時段性施工，115年04月25日起115年05月03日止，共9日。自訂日間09時至16時","start_date":"2026-04-16","end_date":"2026-05-03","status_label":"已核發許可證"}},{"type":"Feature","geometry":{"type":"Point","coordinates":[121.51076381278212,24.9916171234805]},"properties":{"permit_id":"347171","city":"new_taipei","city_label":"新北市","district":"中和區","district_display":"中和區","addr":"新北市中和區景新里景新街298巷8號","npurp":"自來水漏水緊急搶修","app_name":"中和區公所","tc_na":"嘉昇昌實業有限公司","co_ti":"連續性施工，115年04月16日08時起115年04月18日16時止，共3日。；時段性施工，115年04月25日起115年05月03日止，共9日。自訂日間09時至16時","start_date":"2026-04-16","end_date":"2026-05-03","status_label":"已核發許可證"}},{"type":"Feature","geometry":{"type":"Point","coordinates":[121.48193217982006,25.007235686702963]},"properties":{"permit_id":"346487","city":"new_taipei","city_label":"新北市","district":"中和區","district_display":"中和區","addr":"新北市中和區員山里新民街33號","npurp":"立華營造股份有限公司用戶新設給水工程","app_name":"中和區公所","tc_na":"昱丞工程有限公司","co_ti":"時段性施工，115年04月27日起115年05月05日止，共9日。日間09時至16時","start_date":"2026-04-27","end_date":"2026-05-05","status_label":"已核發許可證"}},{"type":"Feature","geometry":{"type":"Point","coordinates":[121.49249405478017,25.000541127457904]},"properties":{"permit_id":"346981","city":"new_taipei","city_label":"新北市","district":"中和區","district_display":"中和區","addr":"新北市中和區碧河里板南路","npurp":"28695旭電馳科研股份有限公司-新設用電","app_name":"中和區公所","tc_na":"昌鋐工程股份有限公司","co_ti":"時段性施工，115年04月27日起115年05月05日止，共9日。自訂日間10時至16時","start_date":"2026-04-27","end_date":"2026-05-05","status_label":"已核發許可證"}},{"type":"Feature","geometry":{"type":"Point","coordinates":[121.48557763875424,24.996541720489404]},"properties":{"permit_id":"347187","city":"new_taipei","city_label":"新北市","district":"中和區","district_display":"中和區","addr":"新北市中和區平河里中正路712號","npurp":"台固管道工程","app_name":"中和區公所","tc_na":"智敦通訊科技股份有限公司","co_ti":"時段性施工，115年04月27日起115年05月05日止，共9日。自訂夜間22時至隔日06時","start_date":"2026-04-27","end_date":"2026-05-05","status_label":"已核發許可證"}},{"type":"Feature","geometry":{"type":"Point","coordinates":[121.51048867180624,24.98986065911443]},"properties":{"permit_id":"347245","city":"new_taipei","city_label":"新北市","district":"中和區","district_display":"中和區","addr":"新北市中和區興南里興南路一段","npurp":"28705-新北市政府工務局養護工程處-人行道拓寬改善工程","app_name":"中和區公所","tc_na":"昌鋐工程股份有限公司","co_ti":"時段性施工，115年04月28日起115年05月06日止，共9日。日間09時至16時","start_date":"2026-04-28","end_date":"2026-05-06","status_label":"已核發許可證"}},{"type":"Feature","geometry":{"type":"Point","coordinates":[121.43763604790368,25.08510575078985]},"properties":{"permit_id":"313034","city":"new_taipei","city_label":"新北市","district":"五股區","district_display":"五股區","addr":"新北市五股區五股里工商路18巷2號","npurp":"新北市五股地區污水下水道系統第二期第三標工程","app_name":"五股區公所","tc_na":"鉅登營造工程有限公司","co_ti":"時段性施工，112年11月03日起113年11月01日止，共365日。日間09時至16時夜間22時至隔日06時；第1次變更：時段性施工，113年11月05日起114年10月31日止，共361日。(日間09時至16時)(展延)；第2次變更：時段性施工，114年11月01日起115年06月22日止，共234日。(日間09時至16時)(夜間22時至隔日06時)(展延)","start_date":"2023-11-03","end_date":"2026-06-22","status_label":"已核發許可證"}},{"type":"Feature","geometry":{"type":"Point","coordinates":[121.43628257724338,25.084951388173003]},"properties":{"permit_id":"313845","city":"new_taipei","city_label":"新北市","district":"五股區","district_display":"五股區","addr":"新北市五股區五股里民義路一段131號","npurp":"新北市五股地區污水下水道系統第二期第三標工程","app_name":"新北市政府工務局","tc_na":"鉅登營造工程有限公司","co_ti":"第1次變更：時段性施工，113年12月11日起114年07月08日止，共210日。(日間09時至16時)(展延)；第2次變更：時段性施工，114年11月01日起114年12月21日止，共51日。(日間09時至16時)(展延)；第3次變更：時段性施工，114年12月22日起114年12月31日止，共10日。(日間09時至16時)(自訂夜間23時至隔日06時)(展延)；第4次變更：時段性施工，115年01月01日起115年06月22日止，共173日。(日間09時至16時)(展延)","start_date":"2023-12-01","end_date":"2026-06-22","status_label":"已核發許可證"}},{"type":"Feature","geometry":{"type":"Point","coordinates":[121.43897935270488,25.085287167873112]},"properties":{"permit_id":"324710","city":"new_taipei","city_label":"新北市","district":"五股區","district_display":"五股區","addr":"新北市五股區五股里成泰路二段51號","npurp":"新北市五股地區污水下水道系統第二期第三標工程","app_name":"新北市政府工務局","tc_na":"鉅登營造工程有限公司","co_ti":"時段性施工，113年08月10日起114年04月30日止，共264日。日間09時至16時；第1次變更：時段性施工，114年05月27日起114年12月21日止，共209日。(日間09時至16時)(展延)；第2次變更：時段性施工，114年12月22日起114年12月31日止，共10日。(日間09時至16時)(自訂夜間23時至隔日06時)(展延)；第3次變更：時段性施工，115年01月01日起115年06月23日止，共174日。(日間09時至16時)(展延)","start_date":"2024-08-10","end_date":"2026-06-23","status_label":"已核發許可證"}},{"type":"Feature","geometry":{"type":"Point","coordinates":[121.435041976251,25.06883035761613]},"properties":{"permit_id":"340239","city":"new_taipei","city_label":"新北市","district":"五股區","district_display":"五股區","addr":"新北市五股區德泰里成泰路一段","npurp":"五股區成泰路一段800mm汰換管線工程","app_name":"新北市政府工務局","tc_na":"銓陽工程有限公司","co_ti":"時段性施工，114年11月01日起115年02月28日止，共120日。日間09時至16時夜間22時至隔日06時；第1次變更：時段性施工，115年03月25日起115年06月01日止，共69日。(日間09時至16時)(夜間22時至隔日06時)(展延)","start_date":"2025-11-01","end_date":"2026-06-01","status_label":"已核發許可證"}},{"type":"Feature","geometry":{"type":"Point","coordinates":[121.4584268827272,25.078121661184085]},"properties":{"permit_id":"345898","city":"new_taipei","city_label":"新北市","district":"五股區","district_display":"五股區","addr":"新北市五股區更寮里中興路二段164巷160號","npurp":"蘆洲服務所114-115年度管線設備維修工程","app_name":"五股區公所","tc_na":"芝銘有限公司","co_ti":"連續性施工，115年03月14日09時起115年03月16日23時止，共3日。；時段性施工，115年03月30日起115年03月31日止，共2日。日間09時至16時；第1次變更：時段性施工，115年05月04日起115年05月09日止，共6日。(日間09時至16時)(展延)","start_date":"2026-03-14","end_date":"2026-05-09","status_label":"已核發許可證"}},{"type":"Feature","geometry":{"type":"Point","coordinates":[121.44240314321732,25.084839335165736]},"properties":{"permit_id":"343915","city":"new_taipei","city_label":"新北市","district":"五股區","district_display":"五股區","addr":"新北市五股區成泰里新五路二段","npurp":"B14A5222B1美富建設股份有限公司申請用電","app_name":"新北市政府工務局","tc_na":"金樹水電工程有限公司","co_ti":"時段性施工，115年03月16日起115年03月24日止，共9日。夜間22時至隔日06時；第1次變更：時段性施工，115年04月07日起115年04月15日止，共9日。(夜間22時至隔日06時)(展延)；第2次變更：時段性施工，115年05月04日起115年05月10日止，共7日。(夜間22時至隔日06時)(展延)","start_date":"2026-03-16","end_date":"2026-05-10","status_label":"已核發許可證"}},{"type":"Feature","geometry":{"type":"Point","coordinates":[121.45849282277794,25.07863182477541]},"properties":{"permit_id":"346428","city":"new_taipei","city_label":"新北市","district":"五股區","district_display":"五股區","addr":"新北市五股區更寮里更州路6號","npurp":"蘆洲服務所114-115年度管線設備維修工程","app_name":"五股區公所","tc_na":"芝銘有限公司","co_ti":"連續性施工，115年03月27日09時起115年03月29日23時止，共3日。；第1次變更：時段性施工，115年05月04日起115年05月09日止，共6日。(日間09時至16時)(展延)","start_date":"2026-03-27","end_date":"2026-05-09","status_label":"已核發許可證"}},{"type":"Feature","geometry":{"type":"Point","coordinates":[121.43730601393676,25.084797629653043]},"properties":{"permit_id":"346495","city":"new_taipei","city_label":"新北市","district":"五股區","district_display":"五股區","addr":"新北市五股區五股里工商路85巷18弄8號","npurp":"蘆洲服務所114-115年度管線設備維修工程(支援泰山所修漏)","app_name":"五股區公所","tc_na":"芝銘有限公司","co_ti":"連續性施工，115年03月30日09時起115年04月01日23時止，共3日。；第1次變更：時段性施工，115年05月04日起115年05月09日止，共6日。(日間09時至16時)(展延)","start_date":"2026-03-30","end_date":"2026-05-09","status_label":"已核發許可證"}},{"type":"Feature","geometry":{"type":"Point","coordinates":[121.41357903156626,25.085054899289904]},"properties":{"permit_id":"346497","city":"new_taipei","city_label":"新北市","district":"五股區","district_display":"五股區","addr":"新北市五股區五龍里壟鈎路20-1號","npurp":"蘆洲服務所114-115年度管線設備維修工程(支援泰山所修漏)","app_name":"五股區公所","tc_na":"芝銘有限公司","co_ti":"連續性施工，115年03月30日09時起115年04月01日23時止，共3日。；第1次變更：時段性施工，115年05月04日起115年05月09日止，共6日。(日間09時至16時)(展延)","start_date":"2026-03-30","end_date":"2026-05-09","status_label":"已核發許可證"}},{"type":"Feature","geometry":{"type":"Point","coordinates":[121.43943078155814,25.0858995131697]},"properties":{"permit_id":"344722","city":"new_taipei","city_label":"新北市","district":"五股區","district_display":"五股區","addr":"新北市五股區五股里成泰路二段224號","npurp":"中華電信埋管工程","app_name":"新北市政府工務局","tc_na":"士緯營造有限公司","co_ti":"時段性施工，115年04月07日起115年04月12日止，共6日。夜間22時至隔日06時；第1次變更：時段性施工，115年05月01日起115年05月06日止，共6日。(夜間22時至隔日06時)(展延)","start_date":"2026-04-07","end_date":"2026-05-06","status_label":"已核發許可證"}},{"type":"Feature","geometry":{"type":"Point","coordinates":[121.46167013465616,25.07321887907753]},"properties":{"permit_id":"346222","city":"new_taipei","city_label":"新北市","district":"五股區","district_display":"五股區","addr":"新北市五股區更寮里水漾路三段","npurp":"B14A5349B新北市政府交通局交通管制工程科申請用電","app_name":"五股區公所","tc_na":"金樹水電工程有限公司","co_ti":"時段性施工，115年04月13日起115年04月22日止，共10日。夜間22時至隔日06時；第1次變更：時段性施工，115年05月04日起115年05月09日止，共6日。(夜間22時至隔日06時)(展延)","start_date":"2026-04-13","end_date":"2026-05-09","status_label":"已核發許可證"}},{"type":"Feature","geometry":{"type":"Point","coordinates":[121.44561830911388,25.093605354971714]},"properties":{"permit_id":"346994","city":"new_taipei","city_label":"新北市","district":"五股區","district_display":"五股區","addr":"新北市五股區成功里成泰路三段221巷20號","npurp":"泰山營運所115年度管線設備維修工程(成泰路三段221巷20號)","app_name":"五股區公所","tc_na":"靖原工程行","co_ti":"連續性施工，115年04月15日09時起115年04月17日23時止，共3日。；時段性施工，115年04月27日起115年05月03日止，共7日。日間09時至16時","start_date":"2026-04-15","end_date":"2026-05-03","status_label":"已核發許可證"}},{"type":"Feature","geometry":{"type":"Point","coordinates":[121.43691583656408,25.08557454306576]},"properties":{"permit_id":"347227","city":"new_taipei","city_label":"新北市","district":"五股區","district_display":"五股區","addr":"新北市五股區五股里工商路109號","npurp":"泰山營運所115年度管線設備維修工程(工商路109號)","app_name":"五股區公所","tc_na":"靖原工程行","co_ti":"連續性施工，115年04月18日08時起115年04月20日23時止，共3日。；時段性施工，115年04月27日起115年05月03日止，共7日。夜間22時至隔日06時","start_date":"2026-04-18","end_date":"2026-05-03","status_label":"已核發許可證"}},{"type":"Feature","geometry":{"type":"Point","coordinates":[121.44933975730758,25.10398773949044]},"properties":{"permit_id":"346862","city":"new_taipei","city_label":"新北市","district":"五股區","district_display":"五股區","addr":"新北市五股區集賢里天乙路50巷3弄1號","npurp":"B14A5371B新北市五股區公所申請用電","app_name":"五股區公所","tc_na":"金樹水電工程有限公司","co_ti":"時段性施工，115年04月20日起115年05月04日止，共15日。日間09時至16時","start_date":"2026-04-20","end_date":"2026-05-04","status_label":"已核發許可證"}},{"type":"Feature","geometry":{"type":"Point","coordinates":[121.45596130021455,25.11048490287407]},"properties":{"permit_id":"347104","city":"new_taipei","city_label":"新北市","district":"五股區","district_display":"五股區","addr":"新北市五股區集福里成泰路四段88號","npurp":"蘆洲服務所用戶用水設備新(改)裝工作勞務採購114年度(開口契約)","app_name":"新北市政府工務局","tc_na":"承展工程有限公司","co_ti":"時段性施工，115年04月27日起115年05月02日止，共6日。自訂夜間20時至隔日06時","start_date":"2026-04-27","end_date":"2026-05-02","status_label":"已核發許可證"}},{"type":"Feature","geometry":{"type":"Point","coordinates":[121.43785553156556,25.083350105957862]},"properties":{"permit_id":"346603","city":"new_taipei","city_label":"新北市","district":"五股區","district_display":"五股區","addr":"新北市五股區五股里成泰路二段51-1號","npurp":"B14A5369B台電台北西區申請用電","app_name":"新北市政府工務局","tc_na":"金樹水電工程有限公司","co_ti":"時段性施工，115年04月30日起115年05月08日止，共9日。夜間22時至隔日06時","start_date":"2026-04-30","end_date":"2026-05-08","status_label":"已核發許可證"}},{"type":"Feature","geometry":{"type":"Point","coordinates":[121.41223955763978,25.161977054519323]},"properties":{"permit_id":"341974","city":"new_taipei","city_label":"新北市","district":"八里區","district_display":"八里區","addr":"新北市八里區頂罟里博物館路90號","npurp":"113-114年度新北市揚水站改善工程","app_name":"八里區公所","tc_na":"育暘機械股份有限公司","co_ti":"時段性施工，114年10月22日起114年12月31日止，共71日。自訂日間08時至17時；第1次變更：時段性施工，115年01月01日起115年01月31日止，共31日。(自訂日間09時至17時)(展延)；第2次變更：時段性施工，115年02月01日起115年03月31日止，共59日。(自訂日間08時至17時)(展延)；第3次變更：時段性施工，115年04月07日起115年05月07日止，共31日。(自訂日間08時至17時)(展延)","start_date":"2025-10-22","end_date":"2026-05-07","status_label":"已核發許可證"}},{"type":"Feature","geometry":{"type":"Point","coordinates":[121.42956921131731,25.15995420542865]},"properties":{"permit_id":"344373","city":"new_taipei","city_label":"新北市","district":"八里區","district_display":"八里區","addr":"新北市八里區大崁里觀海大道","npurp":"B14A5036B八里區公所申請用電","app_name":"八里區公所","tc_na":"金樹水電工程有限公司","co_ti":"時段性施工，115年01月19日起115年01月27日止，共9日。自訂日間09時至21時自訂夜間22時至隔日06時；第1次變更：時段性施工，115年04月24日起115年05月02日止，共9日。(日間09時至21時)(夜間22時至隔日06時)(展延)","start_date":"2026-01-19","end_date":"2026-05-02","status_label":"已核發許可證"}},{"type":"Feature","geometry":{"type":"Point","coordinates":[121.40627745623856,25.15305875029511]},"properties":{"permit_id":"345375","city":"new_taipei","city_label":"新北市","district":"八里區","district_display":"八里區","addr":"新北市八里區舊城里中山路二段75號","npurp":"蘆洲服務所114-115年度管線設備維修工程","app_name":"新北市政府工務局","tc_na":"芝銘有限公司","co_ti":"連續性施工，115年03月04日09時起115年03月06日23時止，共3日。；時段性施工，115年05月04日起115年05月09日止，共6日。日間09時至16時","start_date":"2026-03-04","end_date":"2026-05-09","status_label":"已核發許可證"}},{"type":"Feature","geometry":{"type":"Point","coordinates":[121.44983780818654,25.13169185972481]},"properties":{"permit_id":"345348","city":"new_taipei","city_label":"新北市","district":"八里區","district_display":"八里區","addr":"新北市八里區龍源里龍形三街17號","npurp":"B14A5304B2勤樸開發有限公司申請用電","app_name":"八里區公所","tc_na":"金樹水電工程有限公司","co_ti":"時段性施工，115年03月16日起115年03月20日止，共5日。日間09時至16時；第1次變更：時段性施工，115年05月05日起115年05月09日止，共5日。(日間09時至16時)(展延)","start_date":"2026-03-16","end_date":"2026-05-09","status_label":"已核發許可證"}},{"type":"Feature","geometry":{"type":"Point","coordinates":[121.41042990370828,25.15646637173198]},"properties":{"permit_id":"345453","city":"new_taipei","city_label":"新北市","district":"八里區","district_display":"八里區","addr":"新北市八里區埤頭里文昌一街7號","npurp":"B14A5306B用戶申請用電","app_name":"八里區公所","tc_na":"金樹水電工程有限公司","co_ti":"時段性施工，115年03月26日起115年04月03日止，共9日。日間09時至16時；第1次變更：時段性施工，115年05月05日起115年05月13日止，共9日。(日間09時至16時)(展延)","start_date":"2026-03-26","end_date":"2026-05-13","status_label":"已核發許可證"}},{"type":"Feature","geometry":{"type":"Point","coordinates":[121.39284129185108,25.137516456968257]},"properties":{"permit_id":"345768","city":"new_taipei","city_label":"新北市","district":"八里區","district_display":"八里區","addr":"新北市八里區下罟里中華路三段62號","npurp":"八里區中華路二、三段等汰換管線工程","app_name":"新北市政府工務局","tc_na":"嘉昇昌實業有限公司","co_ti":"時段性施工，115年03月30日起115年06月27日止，共90日。自訂日間09時至16時","start_date":"2026-03-30","end_date":"2026-06-27","status_label":"已核發許可證"}},{"type":"Feature","geometry":{"type":"Point","coordinates":[121.40163214353326,25.151141967827037]},"properties":{"permit_id":"345950","city":"new_taipei","city_label":"新北市","district":"八里區","district_display":"八里區","addr":"新北市八里區頂罟里商港一路66號","npurp":"B14A5309B東丕營造股份有限公司申請用電","app_name":"八里區公所","tc_na":"金樹水電工程有限公司","co_ti":"時段性施工，115年04月07日起115年04月15日止，共9日。日間09時至16時；第1次變更：時段性施工，115年04月20日起115年05月04日止，共15日。(日間09時至16時)(展延)","start_date":"2026-04-07","end_date":"2026-05-04","status_label":"已核發許可證"}},{"type":"Feature","geometry":{"type":"Point","coordinates":[121.40479187242508,25.15118760725136]},"properties":{"permit_id":"346117","city":"new_taipei","city_label":"新北市","district":"八里區","district_display":"八里區","addr":"新北市八里區頂罟里中山路二段236號","npurp":"114~117年度新北市污水下水道系統未納戶接管工程(開口契約)第一標","app_name":"八里區公所","tc_na":"鴻祥營造股份有限公司","co_ti":"時段性施工，115年04月13日起115年05月12日止，共30日。日間09時至16時","start_date":"2026-04-13","end_date":"2026-05-12","status_label":"已核發許可證"}},{"type":"Feature","geometry":{"type":"Point","coordinates":[121.41040032426136,25.155727025517145]},"properties":{"permit_id":"346302","city":"new_taipei","city_label":"新北市","district":"八里區","district_display":"八里區","addr":"新北市八里區埤頭里文昌二街37號","npurp":"B14A5358B君鋐建設有限公司申請用電","app_name":"八里區公所","tc_na":"金樹水電工程有限公司","co_ti":"時段性施工，115年04月13日起115年04月22日止，共10日。日間09時至16時；第1次變更：時段性施工，115年04月23日起115年05月07日止，共15日。(日間09時至16時)(展延)","start_date":"2026-04-13","end_date":"2026-05-07","status_label":"已核發許可證"}},{"type":"Feature","geometry":{"type":"Point","coordinates":[121.40914018349424,25.152077763573686]},"properties":{"permit_id":"346400","city":"new_taipei","city_label":"新北市","district":"八里區","district_display":"八里區","addr":"新北市八里區舊城里中華路二段","npurp":"B14A5340B新北市政府養護工程處申請用電","app_name":"八里區公所","tc_na":"金樹水電工程有限公司","co_ti":"時段性施工，115年04月13日起115年04月21日止，共9日。夜間22時至隔日06時；第1次變更：時段性施工，115年04月28日起115年05月06日止，共9日。(夜間22時至隔日06時)(展延)","start_date":"2026-04-13","end_date":"2026-05-06","status_label":"已核發許可證"}},{"type":"Feature","geometry":{"type":"Point","coordinates":[121.40918343903408,25.1582792983578]},"properties":{"permit_id":"346597","city":"new_taipei","city_label":"新北市","district":"八里區","district_display":"八里區","addr":"新北市八里區頂罟里文昌路91號","npurp":"B14A5366B台電台北西區申請用電","app_name":"八里區公所","tc_na":"金樹水電工程有限公司","co_ti":"時段性施工，115年04月20日起115年05月04日止，共15日。日間09時至16時","start_date":"2026-04-20","end_date":"2026-05-04","status_label":"已核發許可證"}},{"type":"Feature","geometry":{"type":"Point","coordinates":[121.38144658786575,25.13889320284009]},"properties":{"permit_id":"347043","city":"new_taipei","city_label":"新北市","district":"八里區","district_display":"八里區","addr":"新北市八里區下罟里中山路三段221號","npurp":"八里區中山路三段下罟子等汰換管線工程","app_name":"八里區公所","tc_na":"祥昌水管工程股份有限公司","co_ti":"時段性施工，115年04月27日起115年05月24日止，共28日。自訂日間09時至20時","start_date":"2026-04-27","end_date":"2026-05-24","status_label":"已核發許可證"}},{"type":"Feature","geometry":{"type":"Point","coordinates":[121.44414068064124,24.982830609527586]},"properties":{"permit_id":"296348","city":"new_taipei","city_label":"新北市","district":"土城區","district_display":"土城區","addr":"新北市土城區員福里中央路二段252號","npurp":"新北市板橋地區污水下水道系統第三期工程第三標(支(分)管及用戶接管)","app_name":"土城區公所","tc_na":"馨澤工程有限公司","co_ti":"連續性施工，111年12月12日09時起114年04月12日16時止，共853日。；第1次變更：時段性施工，114年04月13日起116年01月13日止，共641日。(日間09時至16時)(展延)","start_date":"2022-12-12","end_date":"2027-01-13","status_label":"已核發許可證"}},{"type":"Feature","geometry":{"type":"Point","coordinates":[121.45718801346756,24.984297908119736]},"properties":{"permit_id":"304987","city":"new_taipei","city_label":"新北市","district":"土城區","district_display":"土城區","addr":"新北市土城區瑞興里四川路27號","npurp":"新北市土城地區污水下水道系統新建工程第十一標(分支管及用戶接管)","app_name":"土城區公所","tc_na":"鴻祥營造股份有限公司","co_ti":"時段性施工，112年06月19日起115年05月15日止，共1062日。自訂日間09時至16時","start_date":"2023-06-19","end_date":"2026-05-15","status_label":"已核發許可證"}},{"type":"Feature","geometry":{"type":"Point","coordinates":[121.44787481250872,24.98016021514348]},"properties":{"permit_id":"328287","city":"new_taipei","city_label":"新北市","district":"土城區","district_display":"土城區","addr":"新北市土城區日和里學府路二段60號","npurp":"土城區暫緩發展區及附近地區市地重劃區公共污水下水道後續建設及障礙管段銜接工程","app_name":"土城區公所","tc_na":"宏錩工程有限公司","co_ti":"時段性施工，113年11月15日起114年12月19日止，共400日。日間09時至16時；第1次變更：時段性施工，114年12月20日起115年06月30日止，共193日。(日間09時至16時)(展延)","start_date":"2024-11-15","end_date":"2026-06-30","status_label":"已核發許可證"}},{"type":"Feature","geometry":{"type":"Point","coordinates":[121.45889075949265,24.97694340657586]},"properties":{"permit_id":"328503","city":"new_taipei","city_label":"新北市","district":"土城區","district_display":"土城區","addr":"新北市土城區清和里青雲路401號","npurp":"土城區暫緩發展區及附近地區市地重劃區公共污水下水道後續建設及障礙管段銜接工程","app_name":"土城區公所","tc_na":"宏錩工程有限公司","co_ti":"時段性施工，113年11月15日起114年12月19日止，共400日。日間09時至16時；第1次變更：時段性施工，114年12月20日起115年06月30日止，共193日。(日間09時至16時)(展延)","start_date":"2024-11-15","end_date":"2026-06-30","status_label":"已核發許可證"}},{"type":"Feature","geometry":{"type":"Point","coordinates":[121.45361824853016,24.9814916010333]},"properties":{"permit_id":"328530","city":"new_taipei","city_label":"新北市","district":"土城區","district_display":"土城區","addr":"新北市土城區學士里學士路33巷10號","npurp":"土城區暫緩發展區及附近地區市地重劃區公共污水下水道後續建設及障礙管段銜接工程","app_name":"土城區公所","tc_na":"宏錩工程有限公司","co_ti":"時段性施工，113年11月15日起114年12月19日止，共400日。日間09時至16時；第1次變更：時段性施工，114年12月20日起115年06月30日止，共193日。(日間09時至16時)(展延)","start_date":"2024-11-15","end_date":"2026-06-30","status_label":"已核發許可證"}},{"type":"Feature","geometry":{"type":"Point","coordinates":[121.44649529243814,24.97785326921491]},"properties":{"permit_id":"331748","city":"new_taipei","city_label":"新北市","district":"土城區","district_display":"土城區","addr":"新北市土城區員林里學府路二段171號","npurp":"土城區暫緩發展區及附近地區市地重劃區公共污水下水道後續建設及障礙管段銜接工程","app_name":"土城區公所","tc_na":"宏錩工程有限公司","co_ti":"時段性施工，114年03月03日起115年03月17日止，共380日。日間09時至16時；第1次變更：時段性施工，115年03月18日起115年06月30日止，共105日。(日間09時至16時)(展延)","start_date":"2025-03-03","end_date":"2026-06-30","status_label":"已核發許可證"}},{"type":"Feature","geometry":{"type":"Point","coordinates":[121.45386449364752,24.97890349633223]},"properties":{"permit_id":"333131","city":"new_taipei","city_label":"新北市","district":"土城區","district_display":"土城區","addr":"新北市土城區柑林里金城路二段5號","npurp":"土城區暫緩發展區及附近地區市地重劃區公共污水下水道後續建設及障礙管段銜接工程","app_name":"土城區公所","tc_na":"宏錩工程有限公司","co_ti":"時段性施工，114年03月20日起115年03月17日止，共363日。日間09時至16時夜間22時至隔日06時；第1次變更：時段性施工，115年03月18日起115年06月30日止，共105日。(日間09時至16時)(展延)","start_date":"2025-03-20","end_date":"2026-06-30","status_label":"已核發許可證"}},{"type":"Feature","geometry":{"type":"Point","coordinates":[121.4405350519258,24.979156340092658]},"properties":{"permit_id":"332459","city":"new_taipei","city_label":"新北市","district":"土城區","district_display":"土城區","addr":"新北市土城區員福里員福路52號","npurp":"新北市板橋地區污水下道道系統第三期工程第一標(支(分)管及用戶接管)","app_name":"土城區公所","tc_na":"神緯營造有限公司","co_ti":"時段性施工，114年04月01日起114年06月30日止，共91日。日間09時至16時；第1次變更：時段性施工，114年07月01日起114年09月30日止，共92日。(日間09時至16時)(夜間22時至隔日06時)(展延)；第2次變更：時段性施工，114年10月01日起114年12月31日止，共92日。(日間09時至16時)(展延)；第3次變更：時段性施工，115年01月01日起115年03月31日止，共90日。(日間09時至16時)(展延)；第4次變更：時段性施工，115年04月01日起115年06月30日止，共91日。(日間09時至16時)(展延)","start_date":"2025-04-01","end_date":"2026-06-30","status_label":"已核發許可證"}},{"type":"Feature","geometry":{"type":"Point","coordinates":[121.43962696920671,24.979461139420483]},"properties":{"permit_id":"333589","city":"new_taipei","city_label":"新北市","district":"土城區","district_display":"土城區","addr":"新北市土城區員福里中華路一段","npurp":"新北市板橋地區污水下道道系統第三期工程第一標(支(分)管及用戶接管)","app_name":"新北市政府工務局","tc_na":"神緯營造有限公司","co_ti":"時段性施工，114年04月10日起114年04月30日止，共21日。日間09時至16時夜間22時至隔日06時；第1次變更：時段性施工，114年05月01日起114年05月21日止，共21日。(日間09時至16時)(夜間22時至隔日06時)(展延)；第2次變更：時段性施工，114年06月09日起114年06月29日止，共21日。(日間09時至16時)(夜間22時至隔日06時)(展延)；第3次變更：時段性施工，114年09月08日起114年12月06日止，共90日。(日間09時至16時)(夜間22時至隔日06時)(展延)；第4次變更：時段性施工，114年12月07日起115年03月06日止，共90日。(日間09時至16時)(夜間22時至隔日06時)(展延)；第5次變更：時段性施工，115年03月07日起115年06月04日止，共90日。(日間09時至16時)(展延)","start_date":"2025-04-10","end_date":"2026-06-04","status_label":"已核發許可證"}},{"type":"Feature","geometry":{"type":"Point","coordinates":[121.44362321576244,24.97708133155586]},"properties":{"permit_id":"337832","city":"new_taipei","city_label":"新北市","district":"土城區","district_display":"土城區","addr":"新北市土城區員林里員林街","npurp":"土城區員林街等汰換管線工程","app_name":"土城區公所","tc_na":"翔禾管線工程有限公司","co_ti":"時段性施工，114年07月21日起115年03月28日止，共251日。日間09時至16時；第1次變更：時段性施工，115年03月29日起115年07月31日止，共125日。(日間09時至16時)(展延)","start_date":"2025-07-21","end_date":"2026-07-31","status_label":"已核發許可證"}},{"type":"Feature","geometry":{"type":"Point","coordinates":[121.47066694541982,24.98998238037229]},"properties":{"permit_id":"340579","city":"new_taipei","city_label":"新北市","district":"土城區","district_display":"土城區","addr":"新北市土城區延祿里延壽路13巷1號","npurp":"臺北都會區大眾捷運系統萬大-中和-樹林線(第二期工程)CQ880A區段標工程","app_name":"土城區公所","tc_na":"遠揚營造工程股份有限公司","co_ti":"時段性施工，114年09月11日起115年02月28日止，共171日。自訂日間09時至16時；第1次變更：時段性施工，115年03月01日起115年04月30日止，共61日。(日間09時至16時)(展延)；第2次變更：時段性施工，115年05月01日起115年06月30日止，共61日。(日間09時至16時)(展延)","start_date":"2025-09-11","end_date":"2026-06-30","status_label":"已核發許可證"}},{"type":"Feature","geometry":{"type":"Point","coordinates":[121.44087314823848,24.96618731617104]},"properties":{"permit_id":"341048","city":"new_taipei","city_label":"新北市","district":"土城區","district_display":"土城區","addr":"新北市土城區埤塘里千歲路15號","npurp":"土城區千歲路及忠義路等汰換管線工程","app_name":"土城區公所","tc_na":"威聖企業有限公司","co_ti":"時段性施工，114年10月13日起115年06月19日止，共250日。自訂日間09時至16時自訂夜間22時至隔日06時","start_date":"2025-10-13","end_date":"2026-06-19","status_label":"已核發許可證"}},{"type":"Feature","geometry":{"type":"Point","coordinates":[121.47261885196,24.98769221127942]},"properties":{"permit_id":"343264","city":"new_taipei","city_label":"新北市","district":"土城區","district_display":"土城區","addr":"新北市土城區延吉里延吉街47巷6號","npurp":"土城服務所113-114年度管線設備維修工程","app_name":"土城區公所","tc_na":"上睿工程有限公司","co_ti":"連續性施工，114年12月02日09時起114年12月04日23時止，共3日。；時段性施工，114年12月29日起115年01月05日止，共8日。日間09時至16時","start_date":"2025-12-02","end_date":"2026-12-05","status_label":"已核發許可證"}},{"type":"Feature","geometry":{"type":"Point","coordinates":[121.44002744228024,24.971853693351797]},"properties":{"permit_id":"342985","city":"new_taipei","city_label":"新北市","district":"土城區","district_display":"土城區","addr":"新北市土城區員信里中央路二段270巷","npurp":"54133-4-新北市土城區公所-人行道淨寬不足改善工程","app_name":"土城區公所","tc_na":"昌鋐工程股份有限公司","co_ti":"時段性施工，114年12月22日起115年01月05日止，共15日。日間09時至16時；第1次變更：時段性施工，115年01月07日起115年01月15日止，共9日。(自訂日間09時至16時)(展延)；第2次變更：時段性施工，115年01月17日起115年01月25日止，共9日。(自訂日間09時至16時)(展延)；第3次變更：時段性施工，115年02月06日起115年02月13日止，共8日。(日間09時至16時)(展延)；第4次變更：時段性施工，115年03月18日起115年03月30日止，共13日。(日間09時至16時)(展延)；第5次變更：時段性施工，115年04月01日起115年04月09日止，共9日。(夜間22時至隔日06時)(展延)；第6次變更：時段性施工，115年04月29日起115年05月07日止，共9日。(日間09時至16時)(展延)","start_date":"2025-12-22","end_date":"2026-05-07","status_label":"已核發許可證"}},{"type":"Feature","geometry":{"type":"Point","coordinates":[121.47017634016149,24.98039274395352]},"properties":{"permit_id":"344953","city":"new_taipei","city_label":"新北市","district":"土城區","district_display":"土城區","addr":"新北市土城區廷寮里永豐路","npurp":"/中華電信管挖及孔蓋提升新增工程G506071","app_name":"土城區公所","tc_na":"良銓營造有限公司","co_ti":"時段性施工，115年03月28日起115年03月29日止，共2日。日間09時至16時；時段性施工，115年04月03日起115年04月06日止，共4日。日間09時至16時；第1次變更：時段性施工，115年05月09日起115年05月10日止，共2日。(日間09時至16時)(展延)；第2次變更：時段性施工，115年05月16日起115年05月17日止，共2日。(日間09時至16時)(展延)；第3次變更：時段性施工，115年05月23日起115年05月24日止，共2日。(日間09時至16時)(展延)","start_date":"2026-03-28","end_date":"2026-05-24","status_label":"已核發許可證"}},{"type":"Feature","geometry":{"type":"Point","coordinates":[121.43843601426342,24.9639550941536]},"properties":{"permit_id":"343938","city":"new_taipei","city_label":"新北市","district":"土城區","district_display":"土城區","addr":"新北市土城區大安里承天路","npurp":"54265旭峯建設有限公司-預管先行","app_name":"土城區公所","tc_na":"昌鋐工程股份有限公司","co_ti":"時段性施工，115年04月06日起115年04月14日止，共9日。日間09時至16時；第1次變更：時段性施工，115年04月25日起115年05月02日止，共8日。(自訂夜間22時至隔日06時)(展延)","start_date":"2026-04-06","end_date":"2026-05-02","status_label":"已核發許可證"}},{"type":"Feature","geometry":{"type":"Point","coordinates":[121.43904605532208,24.97665191152208]},"properties":{"permit_id":"345957","city":"new_taipei","city_label":"新北市","district":"土城區","district_display":"土城區","addr":"新北市土城區員信里中華路二段123號","npurp":"54313台電-淺埋改善","app_name":"新北市政府工務局","tc_na":"昌鋐工程股份有限公司","co_ti":"時段性施工，115年04月06日起115年04月14日止，共9日。自訂日間10時至16時；第1次變更：時段性施工，115年04月26日起115年05月04日止，共9日。(自訂夜間22時至隔日06時)(展延)","start_date":"2026-04-06","end_date":"2026-05-04","status_label":"已核發許可證"}},{"type":"Feature","geometry":{"type":"Point","coordinates":[121.45952018907514,24.987207895512167]},"properties":{"permit_id":"347231","city":"new_taipei","city_label":"新北市","district":"土城區","district_display":"土城區","addr":"新北市土城區青雲里青雲路70-2號","npurp":"(南R)115-024社區中壓B管線遭鑽損漏氣道路開挖夾氣緊急搶修汰換作業","app_name":"土城區公所","tc_na":"欣泰石油氣股份有限公司","co_ti":"連續性施工，115年04月18日09時起115年04月20日16時止，共3日。；時段性施工，115年05月04日起115年05月09日止，共6日。夜間22時至隔日06時","start_date":"2026-04-18","end_date":"2026-05-09","status_label":"已核發許可證"}},{"type":"Feature","geometry":{"type":"Point","coordinates":[121.41972939834724,24.9579530993649]},"properties":{"permit_id":"347057","city":"new_taipei","city_label":"新北市","district":"土城區","district_display":"土城區","addr":"新北市土城區頂埔里科技路","npurp":"土城服務所用戶用水設備新(改)裝工作勞務採購114年度(開口契約)","app_name":"土城區公所","tc_na":"上睿工程有限公司","co_ti":"時段性施工，115年04月21日起115年04月29日止，共9日。日間09時至16時；第1次變更：時段性施工，115年05月11日起115年05月19日止，共9日。(日間09時至16時)(展延)","start_date":"2026-04-21","end_date":"2026-05-19","status_label":"已核發許可證"}},{"type":"Feature","geometry":{"type":"Point","coordinates":[121.44823696566624,24.988288681105107]},"properties":{"permit_id":"346897","city":"new_taipei","city_label":"新北市","district":"土城區","district_display":"土城區","addr":"新北市土城區貨饒里裕民路31號","npurp":"53682-新北市政府交通局-申請新設智慧型站牌用電工程","app_name":"土城區公所","tc_na":"昌鋐工程股份有限公司","co_ti":"時段性施工，115年04月22日起115年04月30日止，共9日。日間09時至16時；第1次變更：時段性施工，115年05月04日起115年05月12日止，共9日。(日間09時至16時)(展延)","start_date":"2026-04-22","end_date":"2026-05-12","status_label":"已核發許可證"}},{"type":"Feature","geometry":{"type":"Point","coordinates":[121.42232139711454,24.9601420307674]},"properties":{"permit_id":"344939","city":"new_taipei","city_label":"新北市","district":"土城區","district_display":"土城區","addr":"新北市土城區頂埔里科技路","npurp":"54287-福美國際建設股份有限公司-臨時電新設工程","app_name":"土城區公所","tc_na":"昌鋐工程股份有限公司","co_ti":"時段性施工，115年04月24日起115年05月02日止，共9日。日間09時至16時","start_date":"2026-04-24","end_date":"2026-05-02","status_label":"已核發許可證"}},{"type":"Feature","geometry":{"type":"Point","coordinates":[121.42252203830223,24.96017328603696]},"properties":{"permit_id":"347058","city":"new_taipei","city_label":"新北市","district":"土城區","district_display":"土城區","addr":"新北市土城區頂埔里科技路33號","npurp":"土城服務所用戶用水設備新(改)裝工作勞務採購114年度(開口契約)","app_name":"土城區公所","tc_na":"上睿工程有限公司","co_ti":"時段性施工，115年04月24日起115年05月02日止，共9日。日間09時至16時；第1次變更：時段性施工，115年05月11日起115年05月19日止，共9日。(日間09時至16時)(展延)","start_date":"2026-04-24","end_date":"2026-05-19","status_label":"已核發許可證"}},{"type":"Feature","geometry":{"type":"Point","coordinates":[121.44011870498734,24.971964547871572]},"properties":{"permit_id":"347122","city":"new_taipei","city_label":"新北市","district":"土城區","district_display":"土城區","addr":"新北市土城區員仁里中央路二段348號","npurp":"54332新北市土城區公所-孔蓋提升及周邊加固","app_name":"土城區公所","tc_na":"昌鋐工程股份有限公司","co_ti":"時段性施工，115年04月24日起115年04月25日止，共2日。日間09時至16時；第1次變更：時段性施工，115年05月07日起115年05月08日止，共2日。(日間09時至16時)(展延)","start_date":"2026-04-24","end_date":"2026-05-08","status_label":"已核發許可證"}},{"type":"Feature","geometry":{"type":"Point","coordinates":[121.44025545278537,24.97239978976594]},"properties":{"permit_id":"347123","city":"new_taipei","city_label":"新北市","district":"土城區","district_display":"土城區","addr":"新北市土城區員仁里中央路二段328號","npurp":"54333新北市土城區公所-孔蓋提升及周邊加固","app_name":"土城區公所","tc_na":"昌鋐工程股份有限公司","co_ti":"時段性施工，115年04月24日起115年04月25日止，共2日。日間09時至16時；第1次變更：時段性施工，115年05月07日起115年05月08日止，共2日。(日間09時至16時)(展延)","start_date":"2026-04-24","end_date":"2026-05-08","status_label":"已核發許可證"}},{"type":"Feature","geometry":{"type":"Point","coordinates":[121.4389861165051,24.96548772978118]},"properties":{"permit_id":"346102","city":"new_taipei","city_label":"新北市","district":"土城區","district_display":"土城區","addr":"新北市土城區大安里忠承路30號","npurp":"0200010992(聲寶股份有限公司)瓦斯供氣管線埋設","app_name":"土城區公所","tc_na":"錦福工程有限公司","co_ti":"時段性施工，115年04月27日起115年05月05日止，共9日。日間09時至16時","start_date":"2026-04-27","end_date":"2026-05-05","status_label":"已核發許可證"}},{"type":"Feature","geometry":{"type":"Point","coordinates":[121.459026556956,24.979776393166333]},"properties":{"permit_id":"347008","city":"new_taipei","city_label":"新北市","district":"土城區","district_display":"土城區","addr":"新北市土城區青雲里青雲路256號","npurp":"54311台電-淺埋改善","app_name":"土城區公所","tc_na":"昌鋐工程股份有限公司","co_ti":"時段性施工，115年04月27日起115年05月05日止，共9日。日間09時至16時","start_date":"2026-04-27","end_date":"2026-05-05","status_label":"已核發許可證"}},{"type":"Feature","geometry":{"type":"Point","coordinates":[121.4168015278142,24.95379982423558]},"properties":{"permit_id":"347030","city":"new_taipei","city_label":"新北市","district":"土城區","district_display":"土城區","addr":"新北市土城區祖田里福田路","npurp":"54321-1-TPC-捷運三鶯線新建工程","app_name":"土城區公所","tc_na":"昌鋐工程股份有限公司","co_ti":"時段性施工，115年04月27日起115年05月05日止，共9日。日間09時至16時","start_date":"2026-04-27","end_date":"2026-05-05","status_label":"已核發許可證"}},{"type":"Feature","geometry":{"type":"Point","coordinates":[121.43955078880762,24.96585004450316]},"properties":{"permit_id":"346314","city":"new_taipei","city_label":"新北市","district":"土城區","district_display":"土城區","addr":"新北市土城區大安里忠承路51號","npurp":"0200011021(國美建設股份有限公司)瓦斯供氣管線埋設","app_name":"土城區公所","tc_na":"錦福工程有限公司","co_ti":"時段性施工，115年04月28日起115年05月06日止，共9日。日間09時至16時","start_date":"2026-04-28","end_date":"2026-05-06","status_label":"已核發許可證"}},{"type":"Feature","geometry":{"type":"Point","coordinates":[121.45899426144696,24.97916506051661]},"properties":{"permit_id":"347268","city":"new_taipei","city_label":"新北市","district":"土城區","district_display":"土城區","addr":"新北市土城區清水里青雲路309號","npurp":"54312台電-淺埋改善","app_name":"土城區公所","tc_na":"昌鋐工程股份有限公司","co_ti":"時段性施工，115年04月29日起115年05月07日止，共9日。日間09時至16時","start_date":"2026-04-29","end_date":"2026-05-07","status_label":"已核發許可證"}},{"type":"Feature","geometry":{"type":"Point","coordinates":[121.45871145279855,24.97418391017252]},"properties":{"permit_id":"345868","city":"new_taipei","city_label":"新北市","district":"土城區","district_display":"土城區","addr":"新北市土城區清和里青雲路467號","npurp":"0200011382(寶佳建設股份有限公司)瓦斯供氣管線埋設","app_name":"土城區公所","tc_na":"錦福工程有限公司","co_ti":"時段性施工，115年05月01日起115年05月09日止，共9日。日間09時至16時","start_date":"2026-05-01","end_date":"2026-05-09","status_label":"已核發許可證"}},{"type":"Feature","geometry":{"type":"Point","coordinates":[121.75707633851223,25.029615567637137]},"properties":{"permit_id":"346276","city":"new_taipei","city_label":"新北市","district":"平溪區","district_display":"平溪區","addr":"新北市平溪區望古里靜安路三段","npurp":"自來水漏水緊急搶修","app_name":"新北市政府工務局","tc_na":"上弘泰股份有限公司","co_ti":"連續性施工，115年03月24日07時起115年03月25日19時止，共2日。；時段性施工，115年05月04日起115年05月08日止，共5日。日間09時至16時；時段性施工，115年05月11日起115年05月12日止，共2日。日間09時至16時","start_date":"2026-03-24","end_date":"2026-05-12","status_label":"已核發許可證"}},{"type":"Feature","geometry":{"type":"Point","coordinates":[121.5516997029392,24.951313445916654]},"properties":{"permit_id":"341519","city":"new_taipei","city_label":"新北市","district":"新店區","district_display":"新店區","addr":"新北市新店區青潭里竹林路2巷","npurp":"新北市新店地區污水下水道系統(第二期)新建工程第七標分支管網及用戶接管","app_name":"新店區公所","tc_na":"宏錩工程有限公司","co_ti":"時段性施工，114年11月03日起114年11月30日止，共28日。日間09時至16時；第1次變更：時段性施工，114年12月05日起115年01月03日止，共30日。(日間09時至16時)(展延)；第2次變更：時段性施工，115年01月12日起115年02月10日止，共30日。(日間09時至16時)(展延)；第3次變更：時段性施工，115年03月04日起115年03月31日止，共28日。(日間09時至16時)(展延)；第4次變更：時段性施工，115年04月01日起115年05月31日止，共61日。(日間09時至16時)(展延)","start_date":"2025-11-03","end_date":"2026-05-31","status_label":"已核發許可證"}},{"type":"Feature","geometry":{"type":"Point","coordinates":[121.5399324399551,24.966141111367463]},"properties":{"permit_id":"342091","city":"new_taipei","city_label":"新北市","district":"新店區","district_display":"新店區","addr":"新北市新店區新德里新生街","npurp":"114南區C管網改善工程","app_name":"新店區公所","tc_na":"碧城興業股份有限公司","co_ti":"時段性施工，114年11月19日起114年12月03日止，共15日。日間09時至16時；第1次變更：時段性施工，114年12月04日起114年12月31日止，共28日。(日間09時至16時)(展延)；第2次變更：時段性施工，115年01月01日起115年01月31日止，共31日。(日間09時至16時)(展延)；第3次變更：時段性施工，115年02月05日起115年02月13日止，共9日。(日間09時至16時)(展延)；第4次變更：時段性施工，115年04月06日起115年04月30日止，共25日。(日間09時至16時)(展延)；第5次變更：時段性施工，115年05月01日起115年05月31日止，共31日。(日間09時至16時)(展延)","start_date":"2025-11-19","end_date":"2026-05-31","status_label":"已核發許可證"}},{"type":"Feature","geometry":{"type":"Point","coordinates":[121.53966466855135,24.967342054901792]},"properties":{"permit_id":"342331","city":"new_taipei","city_label":"新北市","district":"新店區","district_display":"新店區","addr":"新北市新店區新德里中華路47巷","npurp":"114南區C管網改善工程","app_name":"新店區公所","tc_na":"碧城興業股份有限公司","co_ti":"時段性施工，114年11月19日起114年12月03日止，共15日。日間09時至16時；第1次變更：時段性施工，114年12月04日起114年12月31日止，共28日。(自訂日間09時至16時)(展延)；第2次變更：時段性施工，115年01月01日起115年01月17日止，共17日。(日間09時至16時)(展延)；第3次變更：時段性施工，115年04月06日起115年04月30日止，共25日。(日間09時至16時)(展延)；第4次變更：時段性施工，115年05月01日起115年05月31日止，共31日。(日間09時至16時)(展延)","start_date":"2025-11-19","end_date":"2026-05-31","status_label":"已核發許可證"}},{"type":"Feature","geometry":{"type":"Point","coordinates":[121.53951328384018,24.96552242831091]},"properties":{"permit_id":"342448","city":"new_taipei","city_label":"新北市","district":"新店區","district_display":"新店區","addr":"新北市新店區新德里新生街","npurp":"114南區C管網改善工程","app_name":"新店區公所","tc_na":"碧城興業股份有限公司","co_ti":"時段性施工，114年12月01日起114年12月15日止，共15日。日間09時至16時；第1次變更：時段性施工，114年12月16日起114年12月31日止，共16日。(日間09時至16時)(展延)；第2次變更：時段性施工，115年01月01日起115年01月31日止，共31日。(日間09時至16時)(展延)；第3次變更：時段性施工，115年04月06日起115年04月30日止，共25日。(日間09時至16時)(展延)；第4次變更：時段性施工，115年05月01日起115年05月31日止，共31日。(日間09時至16時)(展延)","start_date":"2025-12-01","end_date":"2026-05-31","status_label":"已核發許可證"}},{"type":"Feature","geometry":{"type":"Point","coordinates":[121.54900589958714,24.954489498395017]},"properties":{"permit_id":"343015","city":"new_taipei","city_label":"新北市","district":"新店區","district_display":"新店區","addr":"新北市新店區美潭里長春路","npurp":"新北市新店地區污水下水道系統(第二期)新建工程第七標分支管網及用戶接管","app_name":"新店區公所","tc_na":"宏錩工程有限公司","co_ti":"時段性施工，114年12月08日起115年01月06日止，共30日。日間09時至16時；第1次變更：時段性施工，115年01月12日起115年02月10日止，共30日。(日間09時至16時)(展延)；第2次變更：時段性施工，115年03月04日起115年03月31日止，共28日。(日間09時至16時)(展延)；第3次變更：時段性施工，115年04月01日起115年05月30日止，共60日。(日間09時至16時)(展延)","start_date":"2025-12-08","end_date":"2026-05-30","status_label":"已核發許可證"}},{"type":"Feature","geometry":{"type":"Point","coordinates":[121.5439427164503,24.96978549549168]},"properties":{"permit_id":"343581","city":"new_taipei","city_label":"新北市","district":"新店區","district_display":"新店區","addr":"新北市新店區五峯里中正路65巷1號","npurp":"新北市新店地區污水下水道系統(第二期)新建工程第七標分支管網及用戶接管","app_name":"新店區公所","tc_na":"宏錩工程有限公司","co_ti":"時段性施工，114年12月19日起115年01月04日止，共17日。日間09時至16時；第1次變更：時段性施工，115年01月13日起115年01月31日止，共19日。(日間09時至16時)(展延)；第2次變更：時段性施工，115年03月04日起115年03月31日止，共28日。(日間09時至16時)(展延)；第3次變更：時段性施工，115年04月01日起115年05月31日止，共61日。(日間09時至16時)(展延)","start_date":"2025-12-19","end_date":"2026-05-31","status_label":"已核發許可證"}},{"type":"Feature","geometry":{"type":"Point","coordinates":[121.538349519635,24.954293991466468]},"properties":{"permit_id":"343962","city":"new_taipei","city_label":"新北市","district":"新店區","district_display":"新店區","addr":"新北市新店區國校里國校路45號","npurp":"新北市新店地區污水下水道系統(第二期)新建工程第七標分支管網及用戶接管","app_name":"新店區公所","tc_na":"宏錩工程有限公司","co_ti":"時段性施工，115年01月01日起115年01月30日止，共30日。日間09時至16時；第1次變更：時段性施工，115年03月04日起115年03月31日止，共28日。(日間09時至16時)(展延)；第2次變更：時段性施工，115年04月01日起115年05月31日止，共61日。(日間09時至16時)(展延)","start_date":"2026-01-01","end_date":"2026-05-31","status_label":"已核發許可證"}},{"type":"Feature","geometry":{"type":"Point","coordinates":[121.5079498975018,24.96036568013824]},"properties":{"permit_id":"344021","city":"new_taipei","city_label":"新北市","district":"新店區","district_display":"新店區","addr":"新北市新店區德安里安德街148巷1號","npurp":"114西區A管網改善工程","app_name":"新店區公所","tc_na":"祥皓工程有限公司","co_ti":"時段性施工，115年03月09日起115年04月04日止，共27日。日間09時至16時；第1次變更：時段性施工，115年04月08日起115年05月02日止，共25日。(日間09時至16時)(展延)","start_date":"2026-03-09","end_date":"2026-05-02","status_label":"已核發許可證"}},{"type":"Feature","geometry":{"type":"Point","coordinates":[121.54423873659648,24.981096627884387]},"properties":{"permit_id":"345097","city":"new_taipei","city_label":"新北市","district":"新店區","district_display":"新店區","addr":"新北市新店區寶安里中興路三段174號","npurp":"雙月天行健生生不息股份有限公司(35980)-表燈新設用電工程","app_name":"新店區公所","tc_na":"昌鋐工程股份有限公司","co_ti":"時段性施工，115年03月09日起115年03月17日止，共9日。日間09時至16時；第1次變更：時段性施工，115年04月02日起115年04月10日止，共9日。(日間09時至16時)(展延)；第2次變更：時段性施工，115年04月23日起115年05月02日止，共10日。(日間09時至16時)(展延)","start_date":"2026-03-09","end_date":"2026-05-02","status_label":"已核發許可證"}},{"type":"Feature","geometry":{"type":"Point","coordinates":[121.54353375606048,24.97308352212003]},"properties":{"permit_id":"345406","city":"new_taipei","city_label":"新北市","district":"新店區","district_display":"新店區","addr":"新北市新店區張北里德正街11號","npurp":"新北市新店地區污水下水道系統(第二期)新建工程第七標分支管網及用戶接管","app_name":"新店區公所","tc_na":"宏錩工程有限公司","co_ti":"時段性施工，115年03月13日起115年03月31日止，共19日。日間09時至16時；第1次變更：時段性施工，115年04月01日起115年05月30日止，共60日。(日間09時至16時)(展延)","start_date":"2026-03-13","end_date":"2026-05-30","status_label":"已核發許可證"}},{"type":"Feature","geometry":{"type":"Point","coordinates":[121.54232395502213,24.98100242517548]},"properties":{"permit_id":"345417","city":"new_taipei","city_label":"新北市","district":"新店區","district_display":"新店區","addr":"新北市新店區寶安里寶安街4巷1號","npurp":"新北市新店地區污水下水道系統(第二期)新建工程第七標分支管網及用戶接管","app_name":"新店區公所","tc_na":"宏錩工程有限公司","co_ti":"時段性施工，115年03月13日起115年03月31日止，共19日。日間09時至16時；第1次變更：時段性施工，115年04月01日起115年05月31日止，共61日。(日間09時至16時)(展延)","start_date":"2026-03-13","end_date":"2026-05-31","status_label":"已核發許可證"}},{"type":"Feature","geometry":{"type":"Point","coordinates":[121.53751007389536,24.97452033695995]},"properties":{"permit_id":"345761","city":"new_taipei","city_label":"新北市","district":"新店區","district_display":"新店區","addr":"新北市新店區建國里中正路294號","npurp":"新北市養護工程處(35248-1)-淺埋改善工程","app_name":"新店區公所","tc_na":"昌鋐工程股份有限公司","co_ti":"時段性施工，115年03月21日起115年03月29日止，共9日。日間09時至16時；第1次變更：時段性施工，115年04月14日起115年04月20日止，共7日。(日間09時至16時)(展延)；第2次變更：時段性施工，115年05月19日起115年05月23日止，共5日。(日間09時至16時)(展延)","start_date":"2026-03-21","end_date":"2026-05-23","status_label":"已核發許可證"}},{"type":"Feature","geometry":{"type":"Point","coordinates":[121.53488415064156,24.97657528542331]},"properties":{"permit_id":"345767","city":"new_taipei","city_label":"新北市","district":"新店區","district_display":"新店區","addr":"新北市新店區百和里中正路362號","npurp":"新北市養護工程處(35248-2)-淺埋改善工程","app_name":"新店區公所","tc_na":"昌鋐工程股份有限公司","co_ti":"時段性施工，115年03月21日起115年03月29日止，共9日。日間09時至16時；第1次變更：時段性施工，115年04月08日起115年04月16日止，共9日。(日間09時至16時)(展延)；第2次變更：時段性施工，115年04月27日起115年05月05日止，共9日。(日間09時至16時)(展延)","start_date":"2026-03-21","end_date":"2026-05-05","status_label":"已核發許可證"}},{"type":"Feature","geometry":{"type":"Point","coordinates":[121.5348901279777,24.97673830905317]},"properties":{"permit_id":"345774","city":"new_taipei","city_label":"新北市","district":"新店區","district_display":"新店區","addr":"新北市新店區百和里中正路362-1號","npurp":"天主教耕莘醫療財團法人耕莘醫院(35963)-配電箱遷移工程","app_name":"新店區公所","tc_na":"昌鋐工程股份有限公司","co_ti":"時段性施工，115年03月21日起115年03月29日止，共9日。日間09時至16時；第1次變更：時段性施工，115年04月27日起115年05月05日止，共9日。(日間09時至16時)(展延)","start_date":"2026-03-21","end_date":"2026-05-05","status_label":"已核發許可證"}},{"type":"Feature","geometry":{"type":"Point","coordinates":[121.53102077673746,24.97117852416606]},"properties":{"permit_id":"345875","city":"new_taipei","city_label":"新北市","district":"新店區","district_display":"新店區","addr":"新北市新店區福民里環河路113-2號","npurp":"115年南區給水裝置工程採購(開口契約含後續擴充)","app_name":"新店區公所","tc_na":"壯為工程股份有限公司","co_ti":"時段性施工，115年03月23日起115年03月27日止，共5日。日間09時至16時；第1次變更：時段性施工，115年04月27日起115年05月08日止，共12日。(日間09時至16時)(展延)","start_date":"2026-03-23","end_date":"2026-05-08","status_label":"已核發許可證"}},{"type":"Feature","geometry":{"type":"Point","coordinates":[121.54143746516364,24.96484744217555]},"properties":{"permit_id":"346324","city":"new_taipei","city_label":"新北市","district":"新店區","district_display":"新店區","addr":"新北市新店區中興里檳榔路1號","npurp":"新北市新店地區污水下水道系統(第二期)新建工程第七標分支管網及用戶接管","app_name":"新店區公所","tc_na":"宏錩工程有限公司","co_ti":"時段性施工，115年03月30日起115年05月30日止，共62日。日間09時至16時","start_date":"2026-03-30","end_date":"2026-05-30","status_label":"已核發許可證"}},{"type":"Feature","geometry":{"type":"Point","coordinates":[121.53957827903444,24.956508540772077]},"properties":{"permit_id":"346357","city":"new_taipei","city_label":"新北市","district":"新店區","district_display":"新店區","addr":"新北市新店區文中里北宜路一段39巷17號","npurp":"新北市新店地區污水下水道系統(第二期)新建工程第七標分支管網及用戶接管","app_name":"新店區公所","tc_na":"宏錩工程有限公司","co_ti":"時段性施工，115年03月30日起115年05月30日止，共62日。日間09時至16時","start_date":"2026-03-30","end_date":"2026-05-30","status_label":"已核發許可證"}},{"type":"Feature","geometry":{"type":"Point","coordinates":[121.55505507254902,24.95514389280366]},"properties":{"permit_id":"346336","city":"new_taipei","city_label":"新北市","district":"新店區","district_display":"新店區","addr":"新北市新店區美潭里秀水路1號","npurp":"新北市新店地區污水下水道系統(第二期)新建工程第七標分支管網及用戶接管","app_name":"新店區公所","tc_na":"宏錩工程有限公司","co_ti":"時段性施工，115年04月01日起115年05月31日止，共61日。日間09時至16時","start_date":"2026-04-01","end_date":"2026-05-31","status_label":"已核發許可證"}},{"type":"Feature","geometry":{"type":"Point","coordinates":[121.5254775380354,24.98332519358265]},"properties":{"permit_id":"346077","city":"new_taipei","city_label":"新北市","district":"新店區","district_display":"新店區","addr":"新北市新店區中山里溪園路","npurp":"新北市政府交通局(35942)-侯車亭新設用電工程","app_name":"新店區公所","tc_na":"昌鋐工程股份有限公司","co_ti":"時段性施工，115年04月07日起115年04月15日止，共9日。日間09時至16時；第1次變更：時段性施工，115年04月23日起115年05月05日止，共13日。(日間09時至16時)(展延)","start_date":"2026-04-07","end_date":"2026-05-05","status_label":"已核發許可證"}},{"type":"Feature","geometry":{"type":"Point","coordinates":[121.51250268521696,24.96260752538606]},"properties":{"permit_id":"346403","city":"new_taipei","city_label":"新北市","district":"新店區","district_display":"新店區","addr":"新北市新店區德安里安德街3號","npurp":"台電北南區處營業處(36003-2)-新設管路工程","app_name":"新店區公所","tc_na":"昌鋐工程股份有限公司","co_ti":"時段性施工，115年04月09日起115年04月17日止，共9日。日間09時至16時；第1次變更：時段性施工，115年04月29日起115年05月08日止，共10日。(夜間22時至隔日06時)(展延)","start_date":"2026-04-09","end_date":"2026-05-08","status_label":"已核發許可證"}},{"type":"Feature","geometry":{"type":"Point","coordinates":[121.54790847763223,24.97616329420796]},"properties":{"permit_id":"346416","city":"new_taipei","city_label":"新北市","district":"新店區","district_display":"新店區","addr":"新北市新店區寶福里寶橋路140巷","npurp":"台電北南區處營業處(35983)-試挖工程","app_name":"新店區公所","tc_na":"昌鋐工程股份有限公司","co_ti":"時段性施工，115年04月09日起115年04月17日止，共9日。日間09時至16時；第1次變更：時段性施工，115年04月27日起115年05月02日止，共6日。(日間09時至16時)(展延)","start_date":"2026-04-09","end_date":"2026-05-02","status_label":"已核發許可證"}},{"type":"Feature","geometry":{"type":"Point","coordinates":[121.51974853843276,24.986163635963365]},"properties":{"permit_id":"346456","city":"new_taipei","city_label":"新北市","district":"新店區","district_display":"新店區","addr":"新北市新店區新和里永安街71號","npurp":"台電北南區處營業處(35962)-管障修復工程","app_name":"新店區公所","tc_na":"昌鋐工程股份有限公司","co_ti":"時段性施工，115年04月10日起115年04月18日止，共9日。日間09時至16時；第1次變更：時段性施工，115年04月23日起115年05月04日止，共12日。(日間09時至16時)(展延)","start_date":"2026-04-10","end_date":"2026-05-04","status_label":"已核發許可證"}},{"type":"Feature","geometry":{"type":"Point","coordinates":[121.5303999500994,24.97439429567546]},"properties":{"permit_id":"346482","city":"new_taipei","city_label":"新北市","district":"新店區","district_display":"新店區","addr":"新北市新店區中央里中央六街1號","npurp":"台電北南區處營業處(35939)-線路故障改善工程","app_name":"新店區公所","tc_na":"昌鋐工程股份有限公司","co_ti":"時段性施工，115年04月10日起115年04月18日止，共9日。日間09時至16時；第1次變更：時段性施工，115年04月23日起115年05月02日止，共10日。(日間09時至16時)(展延)","start_date":"2026-04-10","end_date":"2026-05-02","status_label":"已核發許可證"}},{"type":"Feature","geometry":{"type":"Point","coordinates":[121.51888956075676,24.984668410707485]},"properties":{"permit_id":"346513","city":"new_taipei","city_label":"新北市","district":"新店區","district_display":"新店區","addr":"新北市新店區永安里新和街","npurp":"新北市政府交通局(35918)-申請包燈新設用電工程","app_name":"新店區公所","tc_na":"昌鋐工程股份有限公司","co_ti":"時段性施工，115年04月10日起115年04月18日止，共9日。日間09時至16時；第1次變更：時段性施工，115年04月29日起115年05月08日止，共10日。(日間09時至16時)(展延)","start_date":"2026-04-10","end_date":"2026-05-08","status_label":"已核發許可證"}},{"type":"Feature","geometry":{"type":"Point","coordinates":[121.5339243024184,24.97946097560547]},"properties":{"permit_id":"346226","city":"new_taipei","city_label":"新北市","district":"新店區","district_display":"新店區","addr":"新北市新店區江陵里中正路450號","npurp":"新北都鈴木汽車股份有限公司(35833-1)-孔蓋提升及周邊加固工程","app_name":"新店區公所","tc_na":"昌鋐工程股份有限公司","co_ti":"時段性施工，115年04月13日起115年04月17日止，共5日。日間09時至16時；第1次變更：時段性施工，115年05月06日起115年05月13日止，共8日。(日間09時至16時)(展延)","start_date":"2026-04-13","end_date":"2026-05-13","status_label":"已核發許可證"}},{"type":"Feature","geometry":{"type":"Point","coordinates":[121.548045432975,24.975797806192123]},"properties":{"permit_id":"347044","city":"new_taipei","city_label":"新北市","district":"新店區","district_display":"新店區","addr":"新北市新店區張北里中興路二段236巷2-1號","npurp":"115年南區A管線設備維修工程採購(開口契約含後續擴充)","app_name":"新店區公所","tc_na":"壯為工程股份有限公司","co_ti":"連續性施工，115年04月14日09時起115年04月16日16時止，共3日。；連續性施工，115年04月24日09時起115年05月03日16時止，共10日。","start_date":"2026-04-14","end_date":"2026-05-03","status_label":"已核發許可證"}},{"type":"Feature","geometry":{"type":"Point","coordinates":[121.53381079926449,24.98065347230045]},"properties":{"permit_id":"346230","city":"new_taipei","city_label":"新北市","district":"新店區","district_display":"新店區","addr":"新北市新店區復興里中正路457號","npurp":"新北都鈴木汽車股份有限公司(35833-2)-孔蓋提升及周邊加固工程","app_name":"新店區公所","tc_na":"昌鋐工程股份有限公司","co_ti":"時段性施工，115年04月15日起115年04月19日止，共5日。日間09時至16時；第1次變更：時段性施工，115年05月04日起115年05月08日止，共5日。(日間09時至16時)(展延)","start_date":"2026-04-15","end_date":"2026-05-08","status_label":"已核發許可證"}},{"type":"Feature","geometry":{"type":"Point","coordinates":[121.53115674055462,24.97510112845104]},"properties":{"permit_id":"346421","city":"new_taipei","city_label":"新北市","district":"新店區","district_display":"新店區","addr":"新北市新店區中山里中央路188號","npurp":"台電北南區處營業處(35976)-管路改善工程","app_name":"新店區公所","tc_na":"昌鋐工程股份有限公司","co_ti":"時段性施工，115年04月15日起115年04月24日止，共10日。日間09時至16時；第1次變更：時段性施工，115年05月04日起115年05月20日止，共17日。(日間09時至16時)(展延)","start_date":"2026-04-15","end_date":"2026-05-20","status_label":"已核發許可證"}},{"type":"Feature","geometry":{"type":"Point","coordinates":[121.52717458948,24.97939107738996]},"properties":{"permit_id":"346567","city":"new_taipei","city_label":"新北市","district":"新店區","district_display":"新店區","addr":"新北市新店區中山里央北二路","npurp":"114年度新北市增購公車候車亭設備案(第2期)","app_name":"新店區公所","tc_na":"加南營造有限公司","co_ti":"時段性施工，115年04月15日起115年04月23日止，共9日。日間09時至16時；第1次變更：時段性施工，115年04月28日起115年05月06日止，共9日。(日間09時至16時)(展延)","start_date":"2026-04-15","end_date":"2026-05-06","status_label":"已核發許可證"}},{"type":"Feature","geometry":{"type":"Point","coordinates":[121.53368904716676,24.983460337685035]},"properties":{"permit_id":"347148","city":"new_taipei","city_label":"新北市","district":"新店區","district_display":"新店區","addr":"新北市新店區復興里中正路499號","npurp":"115年南區A管線設備維修工程採購(開口契約含後續擴充)","app_name":"新店區公所","tc_na":"壯為工程股份有限公司","co_ti":"連續性施工，115年04月15日19時起115年04月17日23時止，共3日。；時段性施工，115年05月01日起115年05月10日止，共10日。日間09時至16時","start_date":"2026-04-15","end_date":"2026-05-10","status_label":"已核發許可證"}},{"type":"Feature","geometry":{"type":"Point","coordinates":[121.52919988715058,24.961542354333904]},"properties":{"permit_id":"346604","city":"new_taipei","city_label":"新北市","district":"新店區","district_display":"新店區","addr":"新北市新店區頂城里安康路一段35號","npurp":"TPC(35749-1)-孔蓋提升及周邊加固工程","app_name":"新北市政府工務局","tc_na":"昌鋐工程股份有限公司","co_ti":"時段性施工，115年04月16日起115年04月20日止，共5日。日間09時至16時；第1次變更：時段性施工，115年05月05日起115年05月07日止，共3日。(日間09時至16時)(展延)","start_date":"2026-04-16","end_date":"2026-05-07","status_label":"已核發許可證"}},{"type":"Feature","geometry":{"type":"Point","coordinates":[121.47630437453928,24.944475234857737]},"properties":{"permit_id":"346763","city":"new_taipei","city_label":"新北市","district":"新店區","district_display":"新店區","addr":"新北市新店區日興里安康路三段660巷1號","npurp":"台電北南區處營業處(35988-2)-電纜直埋改善工程","app_name":"新店區公所","tc_na":"昌鋐工程股份有限公司","co_ti":"時段性施工，115年04月16日起115年04月24日止，共9日。日間09時至16時；第1次變更：時段性施工，115年05月11日起115年05月20日止，共10日。(夜間22時至隔日06時)(展延)","start_date":"2026-04-16","end_date":"2026-05-20","status_label":"已核發許可證"}},{"type":"Feature","geometry":{"type":"Point","coordinates":[121.53943359523802,24.978236738878397]},"properties":{"permit_id":"346784","city":"new_taipei","city_label":"新北市","district":"新店區","district_display":"新店區","addr":"新北市新店區明德里建國路","npurp":"TPC(35949)-路基改善工程","app_name":"新店區公所","tc_na":"昌鋐工程股份有限公司","co_ti":"時段性施工，115年04月16日起115年04月24日止，共9日。日間09時至16時；第1次變更：時段性施工，115年05月04日起115年05月12日止，共9日。(夜間22時至隔日06時)(展延)","start_date":"2026-04-16","end_date":"2026-05-12","status_label":"已核發許可證"}},{"type":"Feature","geometry":{"type":"Point","coordinates":[121.5109060619921,24.96147318700564]},"properties":{"permit_id":"346868","city":"new_taipei","city_label":"新北市","district":"新店區","district_display":"新店區","addr":"新北市新店區安昌里安德街71巷","npurp":"114西區A管網改善工程","app_name":"新店區公所","tc_na":"祥皓工程有限公司","co_ti":"時段性施工，115年04月20日起115年04月30日止，共11日。日間09時至16時；第1次變更：時段性施工，115年05月04日起115年05月22日止，共19日。(日間09時至16時)(展延)","start_date":"2026-04-20","end_date":"2026-05-22","status_label":"已核發許可證"}},{"type":"Feature","geometry":{"type":"Point","coordinates":[121.53819461491491,24.954250783501063]},"properties":{"permit_id":"347417","city":"new_taipei","city_label":"新北市","district":"新店區","district_display":"新店區","addr":"新北市新店區國校里國校路44號","npurp":"115年南區A管線設備維修工程採購(開口契約含後續擴充)","app_name":"新店區公所","tc_na":"壯為工程股份有限公司","co_ti":"連續性施工，115年04月24日09時起115年04月26日16時止，共3日。；時段性施工，115年05月06日起115年05月15日止，共10日。日間09時至16時","start_date":"2026-04-24","end_date":"2026-05-15","status_label":"已核發許可證"}},{"type":"Feature","geometry":{"type":"Point","coordinates":[121.54518518349344,24.969528110808167]},"properties":{"permit_id":"347423","city":"new_taipei","city_label":"新北市","district":"新店區","district_display":"新店區","addr":"新北市新店區五峯里中正路27號","npurp":"115年南區A管線配合工程採購(開口契約含後續擴充)","app_name":"新店區公所","tc_na":"壯為工程股份有限公司","co_ti":"連續性施工，115年04月24日09時起115年04月26日16時止，共3日。；時段性施工，115年05月06日起115年05月15日止，共10日。日間09時至16時","start_date":"2026-04-24","end_date":"2026-05-15","status_label":"已核發許可證"}},{"type":"Feature","geometry":{"type":"Point","coordinates":[121.52944330698092,24.950216255775253]},"properties":{"permit_id":"347381","city":"new_taipei","city_label":"新北市","district":"新店區","district_display":"新店區","addr":"新北市新店區美城里華潭街","npurp":"自來水用戶新設給水接管","app_name":"新店區公所","tc_na":"加晟工程有限公司","co_ti":"時段性施工，115年04月29日起115年05月09日止，共11日。日間09時至16時","start_date":"2026-04-29","end_date":"2026-05-09","status_label":"已核發許可證"}},{"type":"Feature","geometry":{"type":"Point","coordinates":[121.46458611321384,25.06594039269823]},"properties":{"permit_id":"343309","city":"new_taipei","city_label":"新北市","district":"新莊區","district_display":"新莊區","addr":"新北市新莊區福基里化成路565號","npurp":"B14D5449B登山營造股份有限公司","app_name":"新莊區公所","tc_na":"合銘水電企業有限公司","co_ti":"時段性施工，114年12月23日起114年12月31日止，共9日。夜間22時至隔日06時；第1次變更：時段性施工，115年02月08日起115年02月13日止，共6日。(夜間22時至隔日06時)(展延)；第2次變更：時段性施工，115年03月10日起115年03月18日止，共9日。(夜間22時至隔日06時)(展延)；第3次變更：時段性施工，115年05月01日起115年05月02日止，共2日。(自訂日間09時至18時)(展延)；第4次變更：時段性施工，115年05月03日起115年05月07日止，共5日。(自訂日間00時至23時)(展延)","start_date":"2025-12-23","end_date":"2026-05-07","status_label":"已核發許可證"}},{"type":"Feature","geometry":{"type":"Point","coordinates":[121.44030907755835,25.054111351330643]},"properties":{"permit_id":"343733","city":"new_taipei","city_label":"新北市","district":"新莊區","district_display":"新莊區","addr":"新北市新莊區中原里新北大道四段","npurp":"B14D5463B新泰塭仔圳1-2區計畫道路與新北大道銜接孔蓋提升","app_name":"新北市政府工務局","tc_na":"合銘水電企業有限公司","co_ti":"時段性施工，115年01月12日起115年01月14日止，共3日。自訂夜間22時至隔日06時；第1次變更：時段性施工，115年04月26日起115年04月30日止，共5日。(自訂夜間22時至隔日06時)(展延)；第2次變更：時段性施工，115年05月03日起115年05月06日止，共4日。(自訂夜間22時至隔日06時)(展延)","start_date":"2026-01-12","end_date":"2026-05-06","status_label":"已核發許可證"}},{"type":"Feature","geometry":{"type":"Point","coordinates":[121.43424020412276,25.030913437904765]},"properties":{"permit_id":"344549","city":"new_taipei","city_label":"新北市","district":"新莊區","district_display":"新莊區","addr":"新北市新莊區福營里建國一路31巷","npurp":"B14D5498B新莊區公所電桿地下化工程","app_name":"新莊區公所","tc_na":"合銘水電企業有限公司","co_ti":"時段性施工，115年03月12日起115年03月20日止，共9日。夜間22時至隔日06時；第1次變更：時段性施工，115年03月30日起115年04月03日止，共5日。(夜間22時至隔日06時)(展延)；第2次變更：時段性施工，115年04月06日起115年04月10日止，共5日。(夜間22時至隔日06時)(展延)；第3次變更：時段性施工，115年05月03日起115年05月08日止，共6日。(夜間22時至隔日06時)(展延)；第4次變更：時段性施工，115年04月22日起115年04月30日止，共9日。(日間09時至16時)(展延)","start_date":"2026-03-12","end_date":"2026-05-08","status_label":"已核發許可證"}},{"type":"Feature","geometry":{"type":"Point","coordinates":[121.45569109934688,25.038805684856808]},"properties":{"permit_id":"345798","city":"new_taipei","city_label":"新北市","district":"新莊區","district_display":"新莊區","addr":"新北市新莊區恆安里中港路70號","npurp":"護新支115-003瓦斯管線埋設工程","app_name":"新莊區公所","tc_na":"金華泰瓦斯工程有限公司","co_ti":"時段性施工，115年03月19日起115年03月27日止，共9日。日間09時至16時；第1次變更：時段性施工，115年05月13日起115年05月15日止，共3日。(日間09時至16時)(展延)","start_date":"2026-03-19","end_date":"2026-05-15","status_label":"已核發許可證"}},{"type":"Feature","geometry":{"type":"Point","coordinates":[121.45461868016658,25.05621697545932]},"properties":{"permit_id":"345449","city":"new_taipei","city_label":"新北市","district":"新莊區","district_display":"新莊區","addr":"新北市新莊區昌平里昌平街200號","npurp":"B14D5525B國泰建設股份有限公司孔蓋提升","app_name":"新莊區公所","tc_na":"合銘水電企業有限公司","co_ti":"時段性施工，115年03月27日起115年03月28日止，共2日。日間09時至16時；時段性施工，115年07月01日起115年07月02日止，共2日。日間09時至16時","start_date":"2026-03-27","end_date":"2026-07-02","status_label":"已核發許可證"}},{"type":"Feature","geometry":{"type":"Point","coordinates":[121.42315144649048,25.02320452051444]},"properties":{"permit_id":"346149","city":"new_taipei","city_label":"新北市","district":"新莊區","district_display":"新莊區","addr":"新北市新莊區四維里四維路115號","npurp":"中華電信人手孔提升工程","app_name":"新莊區公所","tc_na":"士緯營造有限公司","co_ti":"時段性施工，115年04月01日起115年04月02日止，共2日。自訂日間09時至16時；時段性施工，115年07月01日起115年07月02日止，共2日。自訂日間09時至16時","start_date":"2026-04-01","end_date":"2026-07-02","status_label":"已核發許可證"}},{"type":"Feature","geometry":{"type":"Point","coordinates":[121.41455077293293,25.025670044618085]},"properties":{"permit_id":"346675","city":"new_taipei","city_label":"新北市","district":"新莊區","district_display":"新莊區","addr":"新北市新莊區雙鳳里天泉二街26巷2號","npurp":"新莊服務所115年度管線設備維修工程","app_name":"新莊區公所","tc_na":"千暉工程有限公司","co_ti":"連續性施工，115年04月03日08時起115年04月05日23時止，共3日。；時段性施工，115年05月11日起115年05月15日止，共5日。日間09時至16時","start_date":"2026-04-03","end_date":"2026-05-15","status_label":"已核發許可證"}},{"type":"Feature","geometry":{"type":"Point","coordinates":[121.46597952482796,25.04509901797383]},"properties":{"permit_id":"346325","city":"new_taipei","city_label":"新北市","district":"新莊區","district_display":"新莊區","addr":"新北市新莊區化成里化成路156巷6號","npurp":"B14D5396A-台灣電力公司北西營業處","app_name":"新莊區公所","tc_na":"國盛電氣工程有限公司","co_ti":"時段性施工，115年04月06日起115年04月11日止，共6日。夜間22時至隔日06時；第1次變更：時段性施工，115年05月14日起115年05月19日止，共6日。(夜間22時至隔日06時)(展延)","start_date":"2026-04-06","end_date":"2026-05-19","status_label":"已核發許可證"}},{"type":"Feature","geometry":{"type":"Point","coordinates":[121.41758920454708,25.024571137237068]},"properties":{"permit_id":"346820","city":"new_taipei","city_label":"新北市","district":"新莊區","district_display":"新莊區","addr":"新北市新莊區裕民里裕民街54巷27號","npurp":"新莊服務所115年度管線設備維修工程","app_name":"新莊區公所","tc_na":"千暉工程有限公司","co_ti":"連續性施工，115年04月10日09時起115年04月12日23時止，共3日。；時段性施工，115年05月11日起115年05月15日止，共5日。日間09時至16時","start_date":"2026-04-10","end_date":"2026-05-15","status_label":"已核發許可證"}},{"type":"Feature","geometry":{"type":"Point","coordinates":[121.45580431934096,25.04118730973576]},"properties":{"permit_id":"346875","city":"new_taipei","city_label":"新北市","district":"新莊區","district_display":"新莊區","addr":"新北市新莊區中美里長青街37巷22弄2號","npurp":"114年乙工區人手孔蓋升降及周邊加固工作","app_name":"新莊區公所","tc_na":"統鑫開發實業股份有限公司","co_ti":"連續性施工，115年04月11日09時起115年04月11日23時止，共1日。；時段性施工，115年06月11日起115年06月13日止，共3日。日間09時至16時；時段性施工，115年06月22日起115年06月27日止，共6日。日間09時至16時","start_date":"2026-04-11","end_date":"2026-06-27","status_label":"已核發許可證"}},{"type":"Feature","geometry":{"type":"Point","coordinates":[121.44810794943652,25.04793327245404]},"properties":{"permit_id":"346517","city":"new_taipei","city_label":"新北市","district":"新莊區","district_display":"新莊區","addr":"新北市新莊區中港里中誠街142巷13弄","npurp":"B15D5045B豐源水產有限公司用電新設孔蓋提升","app_name":"新莊區公所","tc_na":"合銘水電企業有限公司","co_ti":"時段性施工，115年04月13日起115年04月14日止，共2日。日間09時至16時；時段性施工，115年06月12日起115年06月13日止，共2日。日間09時至16時","start_date":"2026-04-13","end_date":"2026-06-13","status_label":"已核發許可證"}},{"type":"Feature","geometry":{"type":"Point","coordinates":[121.40973874519756,25.032708432385625]},"properties":{"permit_id":"346715","city":"new_taipei","city_label":"新北市","district":"新莊區","district_display":"新莊區","addr":"新北市新莊區丹鳳里壽山路61號","npurp":"新莊區壽山路及青山路等汰換管線工程","app_name":"新莊區公所","tc_na":"銓陽工程有限公司","co_ti":"時段性施工，115年04月14日起115年05月11日止，共28日。日間09時至16時","start_date":"2026-04-14","end_date":"2026-05-11","status_label":"已核發許可證"}},{"type":"Feature","geometry":{"type":"Point","coordinates":[121.43092464836776,25.004978732321817]},"properties":{"permit_id":"346415","city":"new_taipei","city_label":"新北市","district":"新莊區","district_display":"新莊區","addr":"新北市新莊區西盛里大安路36號","npurp":"B14B5321B(3260324)台電","app_name":"新莊區公所","tc_na":"統鑫開發實業股份有限公司","co_ti":"時段性施工，115年04月15日起115年04月21日止，共7日。日間09時至16時；第1次變更：時段性施工，115年05月04日起115年05月09日止，共6日。(夜間22時至隔日06時)(展延)","start_date":"2026-04-15","end_date":"2026-05-09","status_label":"已核發許可證"}},{"type":"Feature","geometry":{"type":"Point","coordinates":[121.42540673303746,25.015996510865843]},"properties":{"permit_id":"347034","city":"new_taipei","city_label":"新北市","district":"新莊區","district_display":"新莊區","addr":"新北市新莊區光明里民安西路172巷9號","npurp":"新莊服務所115年度管線設備維修工程","app_name":"新莊區公所","tc_na":"千暉工程有限公司","co_ti":"連續性施工，115年04月15日09時起115年04月17日23時止，共3日。；時段性施工，115年05月11日起115年05月15日止，共5日。日間09時至16時","start_date":"2026-04-15","end_date":"2026-05-15","status_label":"已核發許可證"}},{"type":"Feature","geometry":{"type":"Point","coordinates":[121.4462671504686,25.028798534454964]},"properties":{"permit_id":"345992","city":"new_taipei","city_label":"新北市","district":"新莊區","district_display":"新莊區","addr":"新北市新莊區瓊林里瓊林路50號","npurp":"B14D5519B王O慧用電廢止孔蓋提升","app_name":"新莊區公所","tc_na":"合銘水電企業有限公司","co_ti":"時段性施工，115年04月17日起115年04月18日止，共2日。日間09時至16時；時段性施工，115年07月17日起115年07月18日止，共2日。日間09時至16時","start_date":"2026-04-17","end_date":"2026-07-18","status_label":"已核發許可證"}},{"type":"Feature","geometry":{"type":"Point","coordinates":[121.42635452358584,25.02854637751081]},"properties":{"permit_id":"346690","city":"new_taipei","city_label":"新北市","district":"新莊區","district_display":"新莊區","addr":"新北市新莊區福營里建福路32號","npurp":"B14D5469B新北市政府交通局(智慧型站牌)用電新設","app_name":"新莊區公所","tc_na":"合銘水電企業有限公司","co_ti":"時段性施工，115年04月17日起115年04月25日止，共9日。日間09時至16時；時段性施工，115年07月14日起115年07月17日止，共4日。日間09時至16時","start_date":"2026-04-17","end_date":"2026-07-17","status_label":"已核發許可證"}},{"type":"Feature","geometry":{"type":"Point","coordinates":[121.42723960773476,25.02932938980201]},"properties":{"permit_id":"346671","city":"new_taipei","city_label":"新北市","district":"新莊區","district_display":"新莊區","addr":"新北市新莊區福營里福營路224巷","npurp":"B15D5046B台電線路改善工程","app_name":"新莊區公所","tc_na":"合銘水電企業有限公司","co_ti":"時段性施工，115年04月22日起115年04月30日止，共9日。夜間22時至隔日06時；時段性施工，115年07月29日起115年07月31日止，共3日。日間09時至16時","start_date":"2026-04-22","end_date":"2026-07-31","status_label":"已核發許可證"}},{"type":"Feature","geometry":{"type":"Point","coordinates":[121.42704898519906,25.02452283733053]},"properties":{"permit_id":"346783","city":"new_taipei","city_label":"新北市","district":"新莊區","district_display":"新莊區","addr":"新北市新莊區建安里建安街62巷","npurp":"B15D5053B宏柏建設有限公司孔蓋提升","app_name":"新莊區公所","tc_na":"合銘水電企業有限公司","co_ti":"時段性施工，115年04月22日起115年04月24日止，共3日。日間09時至16時；時段性施工，115年06月11日起115年06月13日止，共3日。日間09時至16時","start_date":"2026-04-22","end_date":"2026-06-13","status_label":"已核發許可證"}},{"type":"Feature","geometry":{"type":"Point","coordinates":[121.40705069572928,25.03858739589212]},"properties":{"permit_id":"347195","city":"new_taipei","city_label":"新北市","district":"新莊區","district_display":"新莊區","addr":"新北市新莊區丹鳳里壽山路103號","npurp":"新莊區壽山路及青山路等汰換管線工程","app_name":"新莊區公所","tc_na":"銓陽工程有限公司","co_ti":"時段性施工，115年04月24日起115年05月15日止，共22日。日間09時至16時","start_date":"2026-04-24","end_date":"2026-05-15","status_label":"已核發許可證"}},{"type":"Feature","geometry":{"type":"Point","coordinates":[121.45492537351215,25.05037635294181]},"properties":{"permit_id":"346962","city":"new_taipei","city_label":"新北市","district":"新莊區","district_display":"新莊區","addr":"新北市新莊區信義里幸福路64巷","npurp":"B15D5057B-6台電變電所新增饋線孔蓋提升","app_name":"新莊區公所","tc_na":"合銘水電企業有限公司","co_ti":"時段性施工，115年04月25日起115年04月25日止，共1日。日間09時至16時；時段性施工，115年04月27日起115年04月28日止，共2日。日間09時至16時；時段性施工，115年07月29日起115年07月31日止，共3日。日間09時至16時","start_date":"2026-04-25","end_date":"2026-07-31","status_label":"已核發許可證"}},{"type":"Feature","geometry":{"type":"Point","coordinates":[121.43400778098294,25.032519518022426]},"properties":{"permit_id":"346118","city":"new_taipei","city_label":"新北市","district":"新莊區","district_display":"新莊區","addr":"新北市新莊區營盤里中正路510號","npurp":"B14D5394B新北市政府警察局交通大隊包燈用電新設","app_name":"新北市政府工務局","tc_na":"合銘水電企業有限公司","co_ti":"時段性施工，115年04月26日起115年04月30日止，共5日。自訂夜間22時至隔日06時；時段性施工，115年05月03日起115年05月06日止，共4日。自訂夜間22時至隔日06時","start_date":"2026-04-26","end_date":"2026-05-06","status_label":"已核發許可證"}},{"type":"Feature","geometry":{"type":"Point","coordinates":[121.4451600395168,25.04639474408625]},"properties":{"permit_id":"346880","city":"new_taipei","city_label":"新北市","district":"新莊區","district_display":"新莊區","addr":"新北市新莊區立基里中平路89號","npurp":"B15D5012B台電孔蓋提升","app_name":"新莊區公所","tc_na":"合銘水電企業有限公司","co_ti":"時段性施工，115年04月27日起115年04月30日止，共4日。日間09時至16時；時段性施工，115年07月01日起115年07月04日止，共4日。日間09時至16時","start_date":"2026-04-27","end_date":"2026-07-04","status_label":"已核發許可證"}},{"type":"Feature","geometry":{"type":"Point","coordinates":[121.41143943211527,25.02752045195908]},"properties":{"permit_id":"347176","city":"new_taipei","city_label":"新北市","district":"新莊區","district_display":"新莊區","addr":"新北市新莊區雙鳳里青山路一段12號","npurp":"B15C5044B-3饋線改善工程孔蓋提升","app_name":"新莊區公所","tc_na":"合銘水電企業有限公司","co_ti":"時段性施工，115年04月29日起115年04月30日止，共2日。夜間22時至隔日06時；時段性施工，115年07月29日起115年07月30日止，共2日。夜間22時至隔日06時","start_date":"2026-04-29","end_date":"2026-07-30","status_label":"已核發許可證"}},{"type":"Feature","geometry":{"type":"Point","coordinates":[121.45338960695612,24.99267038194668]},"properties":{"permit_id":"304998","city":"new_taipei","city_label":"新北市","district":"板橋區","district_display":"板橋區","addr":"新北市板橋區華德里廣興街75號","npurp":"新北市土城地區污水下水道系統新建工程第十一標(分支管及用戶接管)","app_name":"板橋區公所","tc_na":"鴻祥營造股份有限公司","co_ti":"時段性施工，112年06月01日起112年08月31日止，共92日。日間09時至16時；第1次變更：時段性施工，112年09月01日起112年11月30日止，共91日。(日間09時至16時)(展延)；第2次變更：時段性施工，112年12月01日起113年02月28日止，共90日。(日間09時至16時)(展延)；第3次變更：時段性施工，113年02月29日起113年05月31日止，共93日。(自訂日間09時至16時)(展延)；第4次變更：時段性施工，113年06月01日起113年08月31日止，共92日。(日間09時至16時)(展延)；第5次變更：時段性施工，113年09月01日起113年11月30日止，共91日。(日間09時至16時)(展延)；第6次變更：時段性施工，113年12月01日起113年12月31日止，共31日。(自訂日間09時至16時)(展延)；第7次變更：時段性施工，114年01月01日起114年03月31日止，共90日。(日間09時至16時)(展延)；第8次變更：時段性施工，114年04月01日起114年06月30日止，共91日。(日間09時至16時)(展延)；第9次變更：時段性施工，114年07月01日起114年09月30日止，共92日。(日間09時至16時)(展延)；第10次變更：時段性施工，114年10月01日起114年12月31日止，共92日。(日間09時至16時)(展延)；第11次變更：時段性施工，115年01月01日起115年03月31日止，共90日。(日間09時至16時)(展延)；第12次變更：時段性施工，115年04月01日起115年06月30日止，共91日。(日間09時至16時)(展延)","start_date":"2023-06-01","end_date":"2026-06-30","status_label":"已核發許可證"}},{"type":"Feature","geometry":{"type":"Point","coordinates":[121.45619707823938,25.00638960737525]},"properties":{"permit_id":"318762","city":"new_taipei","city_label":"新北市","district":"板橋區","district_display":"板橋區","addr":"新北市板橋區流芳里文化路一段50號","npurp":"新北市板橋區南雅南路PSCP管線更生工程","app_name":"板橋區公所","tc_na":"展慶營造股份有限公司","co_ti":"第1次變更：連續性施工，115年01月01日00時起115年03月31日23時止，共90日。(展延)；第2次變更：連續性施工，115年04月01日00時起115年06月30日23時止，共91日。(展延)；第3次變更：連續性施工，113年07月01日00時起113年09月30日23時止，共92日。(展延)；第4次變更：連續性施工，113年10月01日00時起113年12月31日23時止，共92日。(展延)；第5次變更：連續性施工，114年01月01日00時起114年03月31日23時止，共90日。(展延)；第6次變更：連續性施工，114年04月01日00時起114年06月30日23時止，共91日。(展延)；第7次變更：時段性施工，114年07月01日起114年07月02日止，共2日。(日間09時至16時)(展延)；第8次變更：連續性施工，114年07月03日00時起114年09月30日23時止，共90日。(展延)；第9次變更：連續性施工，114年10月01日00時起114年12月31日23時止，共92日。(展延)","start_date":"2024-04-22","end_date":"2026-06-30","status_label":"已核發許可證"}},{"type":"Feature","geometry":{"type":"Point","coordinates":[121.44839183015476,25.00225461707386]},"properties":{"permit_id":"321371","city":"new_taipei","city_label":"新北市","district":"板橋區","district_display":"板橋區","addr":"新北市板橋區聚安里環河西路五段","npurp":"新北市板橋地區污水下水道系統第三期工程第六標(支(分)管及用戶接管)","app_name":"板橋區公所","tc_na":"勇泉股份有限公司","co_ti":"時段性施工，113年05月29日起113年08月31日止，共95日。日間09時至16時；第1次變更：時段性施工，113年09月01日起113年11月30日止，共91日。(日間09時至16時)(展延)；第2次變更：時段性施工，113年12月01日起114年02月28日止，共90日。(日間09時至16時)(展延)；第3次變更：時段性施工，114年03月01日起114年05月31日止，共92日。(日間09時至16時)(展延)；第4次變更：時段性施工，114年06月01日起114年08月31日止，共92日。(日間09時至16時)(展延)；第5次變更：時段性施工，114年09月01日起114年11月30日止，共91日。(日間09時至16時)(展延)；第6次變更：時段性施工，114年12月01日起115年02月28日止，共90日。(日間09時至16時)(展延)；第7次變更：時段性施工，115年03月01日起115年05月31日止，共92日。(日間09時至16時)(展延)","start_date":"2024-05-29","end_date":"2026-05-31","status_label":"已核發許可證"}},{"type":"Feature","geometry":{"type":"Point","coordinates":[121.47466225765852,25.01376359013307]},"properties":{"permit_id":"331755","city":"new_taipei","city_label":"新北市","district":"板橋區","district_display":"板橋區","addr":"新北市板橋區民生里中山路二段40巷30號","npurp":"新北市板橋地區污水下水道系統第三期工程第三標(支(分)管及用戶接管)","app_name":"板橋區公所","tc_na":"馨澤工程有限公司","co_ti":"時段性施工，114年03月03日起114年06月03日止，共93日。日間09時至16時；第1次變更：時段性施工，114年06月04日起114年09月04日止，共93日。(日間09時至16時)(展延)；第2次變更：時段性施工，114年09月18日起114年12月31日止，共105日。(自訂日間09時至16時)(展延)；第3次變更：時段性施工，115年04月09日起115年07月09日止，共92日。(日間09時至16時)(展延)","start_date":"2025-03-03","end_date":"2026-07-09","status_label":"已核發許可證"}},{"type":"Feature","geometry":{"type":"Point","coordinates":[121.4460233839281,25.0099456705044]},"properties":{"permit_id":"332152","city":"new_taipei","city_label":"新北市","district":"板橋區","district_display":"板橋區","addr":"新北市板橋區華中里僑中一街124巷20號","npurp":"新北市板橋地區污水下水道系統第三期工程第一標(支(分)管及用戶接管)","app_name":"板橋區公所","tc_na":"神緯營造有限公司","co_ti":"時段性施工，114年04月01日起114年06月30日止，共91日。日間09時至16時；第1次變更：時段性施工，114年07月01日起114年09月30日止，共92日。(日間09時至16時)(展延)；第2次變更：時段性施工，114年10月01日起114年12月31日止，共92日。(日間09時至16時)(展延)；第3次變更：時段性施工，115年01月01日起115年03月31日止，共90日。(日間09時至16時)(展延)；第4次變更：時段性施工，115年04月01日起115年06月30日止，共91日。(日間09時至16時)(展延)","start_date":"2025-04-01","end_date":"2026-06-30","status_label":"已核發許可證"}},{"type":"Feature","geometry":{"type":"Point","coordinates":[121.4544397860849,24.99673488707717]},"properties":{"permit_id":"337156","city":"new_taipei","city_label":"新北市","district":"板橋區","district_display":"板橋區","addr":"新北市板橋區華東里高爾富路303號","npurp":"161kV板城~遠信線等3案地下管路統包工程-161kV板城~遠信線管路工程","app_name":"板橋區公所","tc_na":"瑞通營造有限公司","co_ti":"時段性施工，114年10月27日起114年12月31日止，共66日。日間09時至16時；第1次變更：時段性施工，115年01月02日起115年02月28日止，共58日。(日間09時至16時)(展延)；第2次變更：時段性施工，115年03月04日起115年05月24日止，共82日。(日間09時至16時)(展延)","start_date":"2025-10-27","end_date":"2026-05-24","status_label":"已核發許可證"}},{"type":"Feature","geometry":{"type":"Point","coordinates":[121.4800573660454,25.03072188028371]},"properties":{"permit_id":"342305","city":"new_taipei","city_label":"新北市","district":"板橋區","district_display":"板橋區","addr":"新北市板橋區懷翠里懷德街127巷23弄","npurp":"板橋區懷德街139巷及重慶路93巷等汰換管線工程","app_name":"板橋區公所","tc_na":"順盛工程有限公司","co_ti":"時段性施工，114年11月10日起114年11月18日止，共9日。自訂日間09時至17時；第1次變更：時段性施工，114年12月04日起114年12月12日止，共9日。(自訂日間09時至16時)(展延)；第2次變更：時段性施工，114年12月13日起114年12月21日止，共9日。(自訂日間09時至16時)(展延)；第3次變更：時段性施工，114年12月23日起114年12月31日止，共9日。(自訂日間09時至16時)(展延)；第4次變更：時段性施工，115年01月29日起115年02月06日止，共9日。(自訂日間09時至16時)(展延)；第5次變更：時段性施工，115年04月22日起115年04月30日止，共9日。(日間09時至16時)(展延)；第6次變更：時段性施工，115年05月01日起115年05月09日止，共9日。(日間09時至16時)(展延)","start_date":"2025-11-10","end_date":"2026-05-09","status_label":"已核發許可證"}},{"type":"Feature","geometry":{"type":"Point","coordinates":[121.46279926816702,25.032615621410574]},"properties":{"permit_id":"344696","city":"new_taipei","city_label":"新北市","district":"板橋區","district_display":"板橋區","addr":"新北市板橋區宏翠里民生路三段","npurp":"19252-TPC-臨時電新設工程","app_name":"板橋區公所","tc_na":"昌鋐工程股份有限公司","co_ti":"時段性施工，115年03月04日起115年03月12日止，共9日。夜間22時至隔日06時；第1次變更：時段性施工，115年03月13日起115年03月21日止，共9日。(夜間22時至隔日06時)(展延)；第2次變更：時段性施工，115年03月24日起115年03月30日止，共7日。(自訂夜間20時至隔日06時)(展延)；第3次變更：時段性施工，115年03月31日起115年04月08日止，共9日。(夜間22時至隔日06時)(展延)；第4次變更：時段性施工，115年05月11日起115年05月15日止，共5日。(日間09時至16時)(展延)","start_date":"2026-03-04","end_date":"2026-05-15","status_label":"已核發許可證"}},{"type":"Feature","geometry":{"type":"Point","coordinates":[121.45288321710348,25.006388339293096]},"properties":{"permit_id":"345714","city":"new_taipei","city_label":"新北市","district":"板橋區","district_display":"板橋區","addr":"新北市板橋區湳興里南雅西路一段110號","npurp":"板橋服務所用戶用水設備新(改)裝工作勞務採購114年度(開口契約)","app_name":"板橋區公所","tc_na":"承展工程有限公司","co_ti":"時段性施工，115年03月23日起115年03月31日止，共9日。日間09時至16時；第1次變更：時段性施工，115年04月13日起115年04月17日止，共5日。(日間09時至16時)(展延)；第2次變更：時段性施工，115年04月27日起115年05月02日止，共6日。(日間09時至16時)(展延)","start_date":"2026-03-23","end_date":"2026-05-02","status_label":"已核發許可證"}},{"type":"Feature","geometry":{"type":"Point","coordinates":[121.46983351606843,25.03119241207936]},"properties":{"permit_id":"345716","city":"new_taipei","city_label":"新北市","district":"板橋區","district_display":"板橋區","addr":"新北市板橋區江翠里松江街","npurp":"板橋服務所用戶用水設備新(改)裝工作勞務採購114年度(開口契約)","app_name":"板橋區公所","tc_na":"承展工程有限公司","co_ti":"時段性施工，115年03月23日起115年03月31日止，共9日。日間09時至16時；第1次變更：時段性施工，115年04月09日起115年04月13日止，共5日。(日間09時至16時)(展延)；第2次變更：時段性施工，115年04月28日起115年05月06日止，共9日。(日間09時至16時)(展延)","start_date":"2026-03-23","end_date":"2026-05-06","status_label":"已核發許可證"}},{"type":"Feature","geometry":{"type":"Point","coordinates":[121.42695503917884,24.986373028066243]},"properties":{"permit_id":"345531","city":"new_taipei","city_label":"新北市","district":"板橋區","district_display":"板橋區","addr":"新北市板橋區溪福里滿平街84巷116號","npurp":"-中華電信管挖工程G528021","app_name":"板橋區公所","tc_na":"良銓營造有限公司","co_ti":"時段性施工，115年03月24日起115年03月28日止，共5日。日間09時至16時；第1次變更：時段性施工，115年04月26日起115年05月04日止，共9日。(日間09時至16時)(展延)","start_date":"2026-03-24","end_date":"2026-05-04","status_label":"已核發許可證"}},{"type":"Feature","geometry":{"type":"Point","coordinates":[121.47629664302356,25.02017322219313]},"properties":{"permit_id":"345871","city":"new_taipei","city_label":"新北市","district":"板橋區","district_display":"板橋區","addr":"新北市板橋區光仁里永豐街120巷2弄","npurp":"19279英屬開曼群島商睿能新動力股份有限公司台灣分公司-電池充電站用電","app_name":"板橋區公所","tc_na":"昌鋐工程股份有限公司","co_ti":"時段性施工，115年03月26日起115年04月03日止，共9日。日間09時至16時；第1次變更：時段性施工，115年04月27日起115年05月05日止，共9日。(日間09時至16時)(展延)","start_date":"2026-03-26","end_date":"2026-05-05","status_label":"已核發許可證"}},{"type":"Feature","geometry":{"type":"Point","coordinates":[121.47632479094736,25.0202716668508]},"properties":{"permit_id":"345976","city":"new_taipei","city_label":"新北市","district":"板橋區","district_display":"板橋區","addr":"新北市板橋區光仁里懷仁街8號","npurp":"19262-光捷股份有限公司-申請新設電池充電站用電工程","app_name":"板橋區公所","tc_na":"昌鋐工程股份有限公司","co_ti":"時段性施工，115年03月26日起115年04月03日止，共9日。日間09時至16時；第1次變更：時段性施工，115年04月27日起115年05月05日止，共9日。(日間09時至16時)(展延)","start_date":"2026-03-26","end_date":"2026-05-05","status_label":"已核發許可證"}},{"type":"Feature","geometry":{"type":"Point","coordinates":[121.46282869996163,25.018191859568443]},"properties":{"permit_id":"346194","city":"new_taipei","city_label":"新北市","district":"板橋區","district_display":"板橋區","addr":"新北市板橋區漢生里漢生西路","npurp":"19289皇翔建設股份有限公司-線路遷移","app_name":"板橋區公所","tc_na":"昌鋐工程股份有限公司","co_ti":"時段性施工，115年04月06日起115年04月14日止，共9日。日間09時至16時；第1次變更：時段性施工，115年04月21日起115年04月25日止，共5日。(日間09時至16時)(展延)；第2次變更：時段性施工，115年05月06日起115年05月07日止，共2日。(日間09時至16時)(展延)","start_date":"2026-04-06","end_date":"2026-05-07","status_label":"已核發許可證"}},{"type":"Feature","geometry":{"type":"Point","coordinates":[121.4269049501501,24.98641767051725]},"properties":{"permit_id":"345266","city":"new_taipei","city_label":"新北市","district":"板橋區","district_display":"板橋區","addr":"新北市板橋區溪福里滿平街84巷116號","npurp":"B-210571瓦斯管線埋設工程","app_name":"板橋區公所","tc_na":"益承瓦斯工程有限公司","co_ti":"時段性施工，115年04月07日起115年04月15日止，共9日。日間09時至16時；第1次變更：時段性施工，115年05月05日起115年05月07日止，共3日。(日間09時至16時)(展延)","start_date":"2026-04-07","end_date":"2026-05-07","status_label":"已核發許可證"}},{"type":"Feature","geometry":{"type":"Point","coordinates":[121.45467073303632,25.025909549050517]},"properties":{"permit_id":"346273","city":"new_taipei","city_label":"新北市","district":"板橋區","district_display":"板橋區","addr":"新北市板橋區德翠里中正路453號","npurp":"114年度新北市增購公車候車亭設備案(第2期)","app_name":"板橋區公所","tc_na":"加南營造有限公司","co_ti":"時段性施工，115年04月07日起115年04月15日止，共9日。日間09時至16時；第1次變更：時段性施工，115年04月16日起115年04月24日止，共9日。(日間09時至16時)(展延)；第2次變更：時段性施工，115年04月27日起115年05月05日止，共9日。(日間09時至16時)(展延)","start_date":"2026-04-07","end_date":"2026-05-05","status_label":"已核發許可證"}},{"type":"Feature","geometry":{"type":"Point","coordinates":[121.46398666547572,24.99430623503684]},"properties":{"permit_id":"346858","city":"new_taipei","city_label":"新北市","district":"板橋區","district_display":"板橋區","addr":"新北市板橋區五權里五權街2號","npurp":"板橋服務所114年度管線設備維修工程(檢測漏案件)","app_name":"板橋區公所","tc_na":"承展工程有限公司","co_ti":"連續性施工，115年04月09日17時起115年04月11日23時止，共3日。；時段性施工，115年04月27日起115年05月02日止，共6日。日間09時至16時","start_date":"2026-04-09","end_date":"2026-05-02","status_label":"已核發許可證"}},{"type":"Feature","geometry":{"type":"Point","coordinates":[121.4620555156437,25.025217547329003]},"properties":{"permit_id":"346663","city":"new_taipei","city_label":"新北市","district":"板橋區","district_display":"板橋區","addr":"新北市板橋區新翠里英士路5、17號","npurp":"護板支114-017瓦斯管線埋設工程","app_name":"板橋區公所","tc_na":"益承瓦斯工程有限公司","co_ti":"時段性施工，115年04月10日起115年04月18日止，共9日。日間09時至16時；第1次變更：時段性施工，115年05月13日起115年05月15日止，共3日。(日間09時至16時)(展延)","start_date":"2026-04-10","end_date":"2026-05-15","status_label":"已核發許可證"}},{"type":"Feature","geometry":{"type":"Point","coordinates":[121.46068362323864,25.014604690745493]},"properties":{"permit_id":"346414","city":"new_taipei","city_label":"新北市","district":"板橋區","district_display":"板橋區","addr":"新北市板橋區漢生里公館街","npurp":"19122-新北市政府交通局-交指燈用電工程","app_name":"板橋區公所","tc_na":"昌鋐工程股份有限公司","co_ti":"時段性施工，115年04月16日起115年04月24日止，共9日。日間09時至16時；第1次變更：時段性施工，115年04月30日起115年05月04日止，共5日。(日間09時至16時)(展延)","start_date":"2026-04-16","end_date":"2026-05-04","status_label":"已核發許可證"}},{"type":"Feature","geometry":{"type":"Point","coordinates":[121.46549673017564,25.005179196874124]},"properties":{"permit_id":"347186","city":"new_taipei","city_label":"新北市","district":"板橋區","district_display":"板橋區","addr":"新北市板橋區福德里實踐路93巷38號","npurp":"板橋服務所114年度管線設備維修工程(檢測漏案件)","app_name":"板橋區公所","tc_na":"承展工程有限公司","co_ti":"連續性施工，115年04月17日09時起115年04月19日23時止，共3日。；時段性施工，115年04月27日起115年05月02日止，共6日。日間09時至16時","start_date":"2026-04-17","end_date":"2026-05-02","status_label":"已核發許可證"}},{"type":"Feature","geometry":{"type":"Point","coordinates":[121.46471413777816,25.00424873742259]},"properties":{"permit_id":"347237","city":"new_taipei","city_label":"新北市","district":"板橋區","district_display":"板橋區","addr":"新北市板橋區福德里忠孝路201巷73號","npurp":"板橋服務所114年度管線設備維修工程(檢測漏案件)","app_name":"板橋區公所","tc_na":"承展工程有限公司","co_ti":"連續性施工，115年04月20日09時起115年04月22日23時止，共3日。；時段性施工，115年04月27日起115年05月02日止，共6日。日間09時至16時","start_date":"2026-04-20","end_date":"2026-05-02","status_label":"已核發許可證"}},{"type":"Feature","geometry":{"type":"Point","coordinates":[121.46468160952551,25.004899705550734]},"properties":{"permit_id":"347238","city":"new_taipei","city_label":"新北市","district":"板橋區","district_display":"板橋區","addr":"新北市板橋區福德里忠孝路201巷100號","npurp":"板橋服務所114年度管線設備維修工程(檢測漏案件)","app_name":"板橋區公所","tc_na":"承展工程有限公司","co_ti":"連續性施工，115年04月20日09時起115年04月22日23時止，共3日。；時段性施工，115年04月27日起115年05月02日止，共6日。日間09時至16時","start_date":"2026-04-20","end_date":"2026-05-02","status_label":"已核發許可證"}},{"type":"Feature","geometry":{"type":"Point","coordinates":[121.46503043951586,25.005245571632585]},"properties":{"permit_id":"347260","city":"new_taipei","city_label":"新北市","district":"板橋區","district_display":"板橋區","addr":"新北市板橋區福德里實踐路93巷26號","npurp":"板橋服務所114年度管線設備維修工程(檢測漏案件)","app_name":"板橋區公所","tc_na":"承展工程有限公司","co_ti":"連續性施工，115年04月20日15時起115年04月22日23時止，共3日。；時段性施工，115年04月27日起115年05月02日止，共6日。日間09時至16時","start_date":"2026-04-20","end_date":"2026-05-02","status_label":"已核發許可證"}},{"type":"Feature","geometry":{"type":"Point","coordinates":[121.4637533870484,24.99591526295036]},"properties":{"permit_id":"346747","city":"new_taipei","city_label":"新北市","district":"板橋區","district_display":"板橋區","addr":"新北市板橋區廣福里和平路222號","npurp":"19303良將建設有限公司-孔蓋提升及周邊加固","app_name":"板橋區公所","tc_na":"昌鋐工程股份有限公司","co_ti":"時段性施工，115年04月21日起115年04月25日止，共5日。日間09時至16時；第1次變更：時段性施工，115年05月11日起115年05月15日止，共5日。(日間09時至16時)(展延)","start_date":"2026-04-21","end_date":"2026-05-15","status_label":"已核發許可證"}},{"type":"Feature","geometry":{"type":"Point","coordinates":[121.4275967713782,24.98581498425138]},"properties":{"permit_id":"347371","city":"new_taipei","city_label":"新北市","district":"板橋區","district_display":"板橋區","addr":"新北市板橋區溪福里篤行路三段","npurp":"板新給水廠113-114年度管線設備維修工程","app_name":"板橋區公所","tc_na":"雄鼎營造有限公司","co_ti":"連續性施工，115年04月22日20時起115年04月24日23時止，共3日。；時段性施工，115年04月25日起115年05月03日止，共9日。夜間22時至隔日06時","start_date":"2026-04-22","end_date":"2026-05-03","status_label":"已核發許可證"}},{"type":"Feature","geometry":{"type":"Point","coordinates":[121.45243738036277,25.0212601850572]},"properties":{"permit_id":"346929","city":"new_taipei","city_label":"新北市","district":"板橋區","district_display":"板橋區","addr":"新北市板橋區中正里永翠路","npurp":"19292-簡O銘-申請新設用電工程","app_name":"板橋區公所","tc_na":"昌鋐工程股份有限公司","co_ti":"時段性施工，115年04月27日起115年05月05日止，共9日。日間09時至16時","start_date":"2026-04-27","end_date":"2026-05-05","status_label":"已核發許可證"}},{"type":"Feature","geometry":{"type":"Point","coordinates":[121.48250609060668,25.02724653449365]},"properties":{"permit_id":"347291","city":"new_taipei","city_label":"新北市","district":"板橋區","district_display":"板橋區","addr":"新北市板橋區港嘴里萬板路812號","npurp":"19300-林O生-電桿拆除工程","app_name":"板橋區公所","tc_na":"造隆電氣工程股份有限公司","co_ti":"時段性施工，115年04月27日起115年05月04日止，共8日。日間09時至16時","start_date":"2026-04-27","end_date":"2026-05-04","status_label":"已核發許可證"}},{"type":"Feature","geometry":{"type":"Point","coordinates":[121.30462158848398,25.116969942826778]},"properties":{"permit_id":"325020","city":"new_taipei","city_label":"新北市","district":"林口區","district_display":"林口區","addr":"新北市林口區下福里一段","npurp":"161kV林口~東林雙分歧西濱管路暨附屬機電工程五工區","app_name":"林口區公所","tc_na":"豐順營造股份有限公司","co_ti":"時段性施工，113年11月20日起114年04月30日止，共162日。日間09時至16時；第1次變更：時段性施工，114年05月01日起114年12月30日止，共244日。(自訂日間08時至17時)(展延)；第2次變更：時段性施工，114年12月31日起115年06月30日止，共182日。(日間09時至16時)(展延)","start_date":"2024-11-20","end_date":"2026-06-30","status_label":"已核發許可證"}},{"type":"Feature","geometry":{"type":"Point","coordinates":[121.30830334413926,25.11130425577763]},"properties":{"permit_id":"343166","city":"new_taipei","city_label":"新北市","district":"林口區","district_display":"林口區","addr":"新北市林口區下福里水防道路","npurp":"林口東林雙分歧西濱管路暨附屬機電工程","app_name":"林口區公所","tc_na":"豐順營造股份有限公司","co_ti":"時段性施工，114年12月20日起115年12月31日止，共377日。自訂日間09時至16時","start_date":"2025-12-20","end_date":"2026-12-31","status_label":"已核發許可證"}},{"type":"Feature","geometry":{"type":"Point","coordinates":[121.36295479534992,25.134859892668278]},"properties":{"permit_id":"345299","city":"new_taipei","city_label":"新北市","district":"林口區","district_display":"林口區","addr":"新北市林口區太平里21號","npurp":"蘆洲服務所114-115年管線設備維修工程","app_name":"林口區公所","tc_na":"芝銘有限公司","co_ti":"連續性施工，115年03月02日09時起115年03月04日23時止，共3日。；時段性施工，115年05月04日起115年05月09日止，共6日。日間09時至16時","start_date":"2026-03-02","end_date":"2026-05-09","status_label":"已核發許可證"}},{"type":"Feature","geometry":{"type":"Point","coordinates":[121.37907241703428,25.06747029864381]},"properties":{"permit_id":"344034","city":"new_taipei","city_label":"新北市","district":"林口區","district_display":"林口區","addr":"新北市林口區東勢里忠孝路646巷9號","npurp":"B14C5628B黃O銘堆積場新設","app_name":"林口區公所","tc_na":"合銘水電企業有限公司","co_ti":"時段性施工，115年03月11日起115年03月19日止，共9日。日間09時至16時；第1次變更：時段性施工，115年04月29日起115年05月02日止，共4日。(日間09時至16時)(展延)","start_date":"2026-03-11","end_date":"2026-05-02","status_label":"已核發許可證"}},{"type":"Feature","geometry":{"type":"Point","coordinates":[121.38295668021252,25.088874386907484]},"properties":{"permit_id":"344407","city":"new_taipei","city_label":"新北市","district":"林口區","district_display":"林口區","addr":"新北市林口區中湖里文化二路二段518號","npurp":"B14C5494B台灣自來水(股)公司管路埋設","app_name":"林口區公所","tc_na":"合銘水電企業有限公司","co_ti":"時段性施工，115年03月25日起115年04月02日止，共9日。日間09時至16時；第1次變更：時段性施工，115年04月29日起115年05月02日止，共4日。(日間09時至16時)(展延)","start_date":"2026-03-25","end_date":"2026-05-02","status_label":"已核發許可證"}},{"type":"Feature","geometry":{"type":"Point","coordinates":[121.38207533855504,25.075750363950345]},"properties":{"permit_id":"344400","city":"new_taipei","city_label":"新北市","district":"林口區","district_display":"林口區","addr":"新北市林口區西林里佳林路200號","npurp":"B14C5507B合軒建設(股)公司管路埋設","app_name":"林口區公所","tc_na":"合銘水電企業有限公司","co_ti":"時段性施工，115年04月11日起115年04月11日止，共1日。日間09時至16時；時段性施工，115年04月18日起115年04月21日止，共4日。自訂日間09時至16時；第1次變更：時段性施工，115年05月01日起115年05月01日止，共1日。(日間09時至16時)(展延)；第2次變更：時段性施工，115年05月09日起115年05月09日止，共1日。(日間09時至16時)(展延)","start_date":"2026-04-11","end_date":"2026-05-09","status_label":"已核發許可證"}},{"type":"Feature","geometry":{"type":"Point","coordinates":[121.38714643701348,25.09022488001836]},"properties":{"permit_id":"346626","city":"new_taipei","city_label":"新北市","district":"林口區","district_display":"林口區","addr":"新北市林口區湖北里湖子路17號","npurp":"林口區湖北里2~7鄰汰換管線工程(M04-M06)","app_name":"林口區公所","tc_na":"翔禾管線工程有限公司","co_ti":"時段性施工，115年04月13日起115年05月18日止，共36日。日間09時至16時","start_date":"2026-04-13","end_date":"2026-05-18","status_label":"已核發許可證"}},{"type":"Feature","geometry":{"type":"Point","coordinates":[121.3812167488457,25.0754012575603]},"properties":{"permit_id":"346461","city":"new_taipei","city_label":"新北市","district":"林口區","district_display":"林口區","addr":"新北市林口區西林里四維路156之1號","npurp":"B14C5602B光捷(股)公司表燈新設","app_name":"林口區公所","tc_na":"合銘水電企業有限公司","co_ti":"時段性施工，115年04月20日起115年04月28日止，共9日。日間09時至16時；第1次變更：時段性施工，115年05月01日起115年05月01日止，共1日。(日間09時至16時)(展延)；第2次變更：時段性施工，115年05月09日起115年05月09日止，共1日。(日間09時至16時)(展延)","start_date":"2026-04-20","end_date":"2026-05-09","status_label":"已核發許可證"}},{"type":"Feature","geometry":{"type":"Point","coordinates":[121.3874355550956,25.079213615623093]},"properties":{"permit_id":"345644","city":"new_taipei","city_label":"新北市","district":"林口區","district_display":"林口區","addr":"新北市林口區菁湖里中山路143之1號","npurp":"B14C5711B艾斯摩爾(股)公司管路埋設(路證2)","app_name":"新北市政府工務局","tc_na":"合銘水電企業有限公司","co_ti":"時段性施工，115年04月23日起115年04月25日止，共3日。日間09時至16時；時段性施工，115年04月27日起115年05月02日止，共6日。日間09時至16時","start_date":"2026-04-23","end_date":"2026-05-02","status_label":"已核發許可證"}},{"type":"Feature","geometry":{"type":"Point","coordinates":[121.36627213076756,25.07640988367373]},"properties":{"permit_id":"344219","city":"new_taipei","city_label":"新北市","district":"林口區","district_display":"林口區","addr":"新北市林口區南勢里文化北路一段458巷29號","npurp":"B14C5245B聿翔建設(股)公司管路埋設","app_name":"林口區公所","tc_na":"合銘水電企業有限公司","co_ti":"時段性施工，115年04月24日起115年04月30日止，共7日。日間09時至16時；第1次變更：時段性施工，115年05月04日起115年05月09日止，共6日。(日間09時至16時)(展延)","start_date":"2026-04-24","end_date":"2026-05-09","status_label":"已核發許可證"}},{"type":"Feature","geometry":{"type":"Point","coordinates":[121.36998571594934,25.072766025280146]},"properties":{"permit_id":"345972","city":"new_taipei","city_label":"新北市","district":"林口區","district_display":"林口區","addr":"新北市林口區仁愛里文化二路一段232號","npurp":"B14C5711B-5艾斯摩爾(股)公司管路埋設","app_name":"林口區公所","tc_na":"合銘水電企業有限公司","co_ti":"時段性施工，115年04月24日起115年05月02日止，共9日。日間09時至16時","start_date":"2026-04-24","end_date":"2026-05-02","status_label":"已核發許可證"}},{"type":"Feature","geometry":{"type":"Point","coordinates":[121.37533679237198,25.087657605607344]},"properties":{"permit_id":"345156","city":"new_taipei","city_label":"新北市","district":"林口區","district_display":"林口區","addr":"新北市林口區湖南里文林三街141號","npurp":"0900012481(聿德企業)瓦斯供氣管線埋設","app_name":"林口區公所","tc_na":"寬佳工程有限公司","co_ti":"時段性施工，115年04月27日起115年05月15日止，共19日。日間09時至16時","start_date":"2026-04-27","end_date":"2026-05-15","status_label":"已核發許可證"}},{"type":"Feature","geometry":{"type":"Point","coordinates":[121.3791482289821,25.08702159699295]},"properties":{"permit_id":"346491","city":"new_taipei","city_label":"新北市","district":"林口區","district_display":"林口區","addr":"新北市林口區湖南里文林一街123號","npurp":"B15C5052B綠洲一號(股)公司新設用電","app_name":"林口區公所","tc_na":"合銘水電企業有限公司","co_ti":"時段性施工，115年04月27日起115年05月05日止，共9日。日間09時至16時","start_date":"2026-04-27","end_date":"2026-05-05","status_label":"已核發許可證"}},{"type":"Feature","geometry":{"type":"Point","coordinates":[121.37413896154884,25.08675555475976]},"properties":{"permit_id":"347310","city":"new_taipei","city_label":"新北市","district":"林口區","district_display":"林口區","addr":"新北市林口區湖南里中山路837號","npurp":"機房設施管道工程","app_name":"新北市政府工務局","tc_na":"富鴻網股份有限公司","co_ti":"時段性施工，115年04月27日起115年05月02日止，共6日。日間09時至16時；時段性施工，115年05月04日起115年05月06日止，共3日。日間09時至16時","start_date":"2026-04-27","end_date":"2026-05-06","status_label":"已核發許可證"}},{"type":"Feature","geometry":{"type":"Point","coordinates":[121.37402758884456,25.07624522871997]},"properties":{"permit_id":"345973","city":"new_taipei","city_label":"新北市","district":"林口區","district_display":"林口區","addr":"新北市林口區仁愛里文化二路一段368之1號","npurp":"B14C5711B-6艾斯摩爾(股)公司管路埋設","app_name":"林口區公所","tc_na":"合銘水電企業有限公司","co_ti":"時段性施工，115年04月29日起115年05月07日止，共9日。日間09時至16時","start_date":"2026-04-29","end_date":"2026-05-07","status_label":"已核發許可證"}},{"type":"Feature","geometry":{"type":"Point","coordinates":[121.37456885585,25.07671810941204]},"properties":{"permit_id":"346255","city":"new_taipei","city_label":"新北市","district":"林口區","district_display":"林口區","addr":"新北市林口區仁愛里文化二路一段384之3號","npurp":"B14C5711B-7艾斯摩爾(股)公司管路埋設","app_name":"新北市政府工務局","tc_na":"合銘水電企業有限公司","co_ti":"時段性施工，115年04月29日起115年05月02日止，共4日。日間09時至16時；時段性施工，115年05月04日起115年05月08日止，共5日。日間09時至16時","start_date":"2026-04-29","end_date":"2026-05-08","status_label":"已核發許可證"}},{"type":"Feature","geometry":{"type":"Point","coordinates":[121.373534731939,25.086662212434412]},"properties":{"permit_id":"346990","city":"new_taipei","city_label":"新北市","district":"林口區","district_display":"林口區","addr":"新北市林口區湖南里文化北路二段","npurp":"機房設施管道工程","app_name":"林口區公所","tc_na":"富鴻網股份有限公司","co_ti":"時段性施工，115年04月29日起115年05月07日止，共9日。日間09時至16時","start_date":"2026-04-29","end_date":"2026-05-07","status_label":"已核發許可證"}},{"type":"Feature","geometry":{"type":"Point","coordinates":[121.41397079579929,24.981836721560484]},"properties":{"permit_id":"321249","city":"new_taipei","city_label":"新北市","district":"樹林區","district_display":"樹林區","addr":"新北市樹林區東陽里鎮前街467號","npurp":"新北市樹林地區污水下水道系統第二期第十七標工程","app_name":"樹林區公所","tc_na":"宏錩工程有限公司","co_ti":"時段性施工，113年05月27日起113年08月31日止，共97日。自訂日間09時至16時；第1次變更：時段性施工，113年10月07日起113年11月20日止，共45日。(自訂日間09時至16時)(展延)；第2次變更：時段性施工，113年11月22日起114年01月15日止，共55日。(自訂日間09時至16時)(展延)；第3次變更：時段性施工，114年02月14日起114年06月30日止，共137日。(自訂日間09時至16時)(展延)；第4次變更：時段性施工，114年07月01日起115年01月30日止，共214日。(自訂日間09時至16時)(展延)；第5次變更：時段性施工，115年01月31日起115年02月14日止，共15日。(自訂日間09時至16時)(展延)；第6次變更：時段性施工，115年03月04日起115年04月15日止，共43日。(自訂日間09時至16時)(展延)；第7次變更：時段性施工，115年04月16日起115年04月30日止，共15日。(自訂夜間22時至隔日06時)(展延)；第8次變更：時段性施工，115年04月16日起115年07月31日止，共107日。(自訂日間09時至16時)(展延)","start_date":"2024-05-27","end_date":"2026-07-31","status_label":"已核發許可證"}},{"type":"Feature","geometry":{"type":"Point","coordinates":[121.41710399471248,24.982662310865955]},"properties":{"permit_id":"321378","city":"new_taipei","city_label":"新北市","district":"樹林區","district_display":"樹林區","addr":"新北市樹林區東陽里東榮街118號","npurp":"新北市樹林地區污水下水道系統第二期第十七標工程","app_name":"樹林區公所","tc_na":"宏錩工程有限公司","co_ti":"時段性施工，113年06月03日起113年09月30日止，共120日。自訂日間09時至16時；第1次變更：時段性施工，113年10月01日起114年01月10日止，共102日。(自訂日間09時至16時)(展延)；第2次變更：時段性施工，114年01月11日起114年01月20日止，共10日。(自訂日間09時至16時)(展延)；第3次變更：時段性施工，114年02月13日起114年06月30日止，共138日。(自訂日間09時至16時)(展延)；第4次變更：時段性施工，114年07月01日起115年01月30日止，共214日。(自訂日間09時至16時)(展延)；第5次變更：時段性施工，115年01月31日起115年02月14日止，共15日。(自訂日間09時至16時)(展延)；第6次變更：時段性施工，115年03月04日起115年04月15日止，共43日。(自訂日間09時至16時)(展延)；第7次變更：時段性施工，115年04月16日起115年04月30日止，共15日。(自訂夜間22時至隔日06時)(展延)；第8次變更：時段性施工，115年04月16日起115年07月31日止，共107日。(自訂日間09時至16時)(展延)","start_date":"2024-06-03","end_date":"2026-07-31","status_label":"已核發許可證"}},{"type":"Feature","geometry":{"type":"Point","coordinates":[121.41987303183798,24.98225118364596]},"properties":{"permit_id":"323356","city":"new_taipei","city_label":"新北市","district":"樹林區","district_display":"樹林區","addr":"新北市樹林區和平里八德街73號","npurp":"新北市樹林地區污水下水道系統第二期第十七標工程","app_name":"樹林區公所","tc_na":"宏錩工程有限公司","co_ti":"時段性施工，113年07月08日起113年12月31日止，共177日。自訂日間09時至16時；第1次變更：時段性施工，114年02月15日起114年06月30日止，共136日。(自訂日間09時至16時)(展延)；第2次變更：時段性施工，114年07月01日起115年01月30日止，共214日。(自訂日間09時至16時)(展延)；第3次變更：時段性施工，115年03月04日起115年07月31日止，共150日。(自訂日間09時至16時)(展延)","start_date":"2024-07-08","end_date":"2026-07-31","status_label":"已核發許可證"}},{"type":"Feature","geometry":{"type":"Point","coordinates":[121.41822130889744,24.979166221760277]},"properties":{"permit_id":"323359","city":"new_taipei","city_label":"新北市","district":"樹林區","district_display":"樹林區","addr":"新北市樹林區中華里中華路341-7號","npurp":"新北市樹林地區污水下水道系統第二期第十七標工程","app_name":"樹林區公所","tc_na":"宏錩工程有限公司","co_ti":"第1次變更：時段性施工，114年01月11日起114年01月20日止，共10日。(自訂日間09時至16時)(展延)；第2次變更：時段性施工，114年02月13日起114年06月30日止，共138日。(自訂日間09時至16時)(展延)；第3次變更：時段性施工，114年07月01日起115年01月30日止，共214日。(自訂日間09時至16時)(展延)；第4次變更：時段性施工，115年03月04日起115年07月31日止，共150日。(自訂日間09時至16時)(展延)；第5次變更：時段性施工，115年02月03日起115年02月13日止，共11日。(自訂日間09時至16時)(展延)","start_date":"2024-07-10","end_date":"2026-07-31","status_label":"已核發許可證"}},{"type":"Feature","geometry":{"type":"Point","coordinates":[121.42426549395896,24.9837311870296]},"properties":{"permit_id":"330349","city":"new_taipei","city_label":"新北市","district":"樹林區","district_display":"樹林區","addr":"新北市樹林區和平里中華路3號","npurp":"樹林區中華路1500mm電動蝶閥新設工程","app_name":"新北市政府捷運工程局","tc_na":"勝泉工程有限公司","co_ti":"時段性施工，113年12月26日起114年01月23日止，共29日。自訂日間09時至16時；第1次變更：時段性施工，114年01月25日起114年02月02日止，共9日。(自訂日間09時至16時)(展延)；第2次變更：時段性施工，114年02月25日起114年03月05日止，共9日。(自訂日間09時至16時)(展延)；第3次變更：時段性施工，114年03月10日起114年03月18日止，共9日。(自訂日間09時至16時)(自訂夜間20時至隔日06時)(展延)；第4次變更：時段性施工，114年12月08日起114年12月31日止，共24日。(自訂日間09時至23時)(展延)；第5次變更：時段性施工，115年01月01日起115年02月13日止，共44日。(自訂日間09時至23時)(展延)；第6次變更：時段性施工，115年03月17日起115年03月25日止，共9日。(自訂日間09時至22時)(展延)；第7次變更：時段性施工，115年03月26日起115年04月03日止，共9日。(自訂日間09時至22時)(展延)；第8次變更：時段性施工，115年04月07日起115年04月15日止，共9日。(自訂日間09時至22時)(展延)；第9次變更：時段性施工，115年04月16日起115年04月24日止，共9日。(自訂日間09時至22時)(展延)；第10次變更：時段性施工，115年04月25日起115年05月03日止，共9日。(自訂日間09時至22時)(展延)；第11次變更：時段性施工，115年05月04日起115年05月12日止，共9日。(自訂日間09時至22時)(展延)","start_date":"2024-12-26","end_date":"2026-05-12","status_label":"已核發許可證"}},{"type":"Feature","geometry":{"type":"Point","coordinates":[121.41940622584195,24.97730157788002]},"properties":{"permit_id":"335408","city":"new_taipei","city_label":"新北市","district":"樹林區","district_display":"樹林區","addr":"新北市樹林區彭厝里太平路150巷41號","npurp":"新北市樹林地區污水下水道系統第二期第十七標工程","app_name":"樹林區公所","tc_na":"宏錩工程有限公司","co_ti":"時段性施工，114年05月21日起114年12月31日止，共225日。自訂日間09時至16時；第1次變更：時段性施工，115年01月02日起115年02月02日止，共32日。(自訂日間09時至16時)(展延)；第2次變更：時段性施工，115年03月04日起115年07月31日止，共150日。(自訂日間09時至16時)(展延)；第3次變更：時段性施工，115年02月03日起115年02月13日止，共11日。(自訂日間09時至16時)(展延)","start_date":"2025-05-21","end_date":"2026-07-31","status_label":"已核發許可證"}},{"type":"Feature","geometry":{"type":"Point","coordinates":[121.41317971486036,24.98492431331991]},"properties":{"permit_id":"336448","city":"new_taipei","city_label":"新北市","district":"樹林區","district_display":"樹林區","addr":"新北市樹林區樹人里啟智街","npurp":"161kV樹林~南樹線等2案地下管路統包工程","app_name":"樹林區公所","tc_na":"建智營造有限公司","co_ti":"時段性施工，114年06月27日起114年09月24日止，共90日。日間09時至16時；時段性施工，115年03月26日起115年06月11日止，共78日。日間09時至16時；時段性施工，114年09月25日起115年03月25日止，共182日。自訂日間09時至16時","start_date":"2025-06-27","end_date":"2026-06-11","status_label":"已核發許可證"}},{"type":"Feature","geometry":{"type":"Point","coordinates":[121.40425097409984,24.97496246646468]},"properties":{"permit_id":"336451","city":"new_taipei","city_label":"新北市","district":"樹林區","district_display":"樹林區","addr":"新北市樹林區東山里味王街","npurp":"161kV樹林~南樹線等2案地下管路統包工程","app_name":"樹林區公所","tc_na":"建智營造有限公司","co_ti":"時段性施工，114年06月27日起115年02月21日止，共240日。自訂日間09時至16時；時段性施工，115年02月22日起115年06月11日止，共110日。自訂日間09時至16時","start_date":"2025-06-27","end_date":"2026-06-11","status_label":"已核發許可證"}},{"type":"Feature","geometry":{"type":"Point","coordinates":[121.40706494278996,24.9792311654566]},"properties":{"permit_id":"335960","city":"new_taipei","city_label":"新北市","district":"樹林區","district_display":"樹林區","addr":"新北市樹林區東昇里中山路二段","npurp":"161kV樹林~南樹線等2案地下管路統包工程","app_name":"新北市政府工務局","tc_na":"建智營造有限公司","co_ti":null,"start_date":"2025-07-07","end_date":"2026-06-11","status_label":"已核發許可證"}},{"type":"Feature","geometry":{"type":"Point","coordinates":[121.41237469043922,24.980695491742782]},"properties":{"permit_id":"336450","city":"new_taipei","city_label":"新北市","district":"樹林區","district_display":"樹林區","addr":"新北市樹林區東陽里東陽街15號","npurp":"161kV樹林~南樹線等2案地下管路統包工程","app_name":"樹林區公所","tc_na":"建智營造有限公司","co_ti":"時段性施工，114年09月01日起115年04月28日止，共240日。自訂日間09時至16時自訂夜間22時至隔日06時；第1次變更：時段性施工，115年04月29日起115年06月11日止，共44日。(自訂日間09時至16時)(自訂夜間22時至隔日06時)(展延)","start_date":"2025-09-01","end_date":"2026-06-11","status_label":"已核發許可證"}},{"type":"Feature","geometry":{"type":"Point","coordinates":[121.42178048611176,24.993884374003407]},"properties":{"permit_id":"339887","city":"new_taipei","city_label":"新北市","district":"樹林區","district_display":"樹林區","addr":"新北市樹林區樹德里長壽街19巷14號","npurp":"新北市樹林地區污水下水道系統第二期第十七標工程","app_name":"樹林區公所","tc_na":"宏錩工程有限公司","co_ti":"時段性施工，114年09月01日起114年09月26日止，共26日。自訂日間09時至16時；第1次變更：時段性施工，115年04月20日起115年05月31日止，共42日。(自訂日間09時至16時)(展延)","start_date":"2025-09-01","end_date":"2026-05-31","status_label":"已核發許可證"}},{"type":"Feature","geometry":{"type":"Point","coordinates":[121.41743622536995,24.98507318198569]},"properties":{"permit_id":"342556","city":"new_taipei","city_label":"新北市","district":"樹林區","district_display":"樹林區","addr":"新北市樹林區東昇里中山路二段","npurp":"B14B5217B(6250014)新北市政府捷運工程局-2","app_name":"新北市政府捷運工程局","tc_na":"統鑫開發實業股份有限公司","co_ti":"時段性施工，114年12月01日起114年12月10日止，共10日。夜間22時至隔日06時；第1次變更：時段性施工，115年03月05日起115年03月23日止，共19日。(夜間22時至隔日06時)(展延)；第2次變更：時段性施工，115年03月24日起115年04月01日止，共9日。(自訂夜間20時至隔日06時)(展延)；第3次變更：時段性施工，115年05月01日起115年05月09日止，共9日。(自訂夜間20時至隔日06時)(展延)","start_date":"2025-12-01","end_date":"2026-05-09","status_label":"已核發許可證"}},{"type":"Feature","geometry":{"type":"Point","coordinates":[121.41856720601236,24.980874689165503]},"properties":{"permit_id":"343585","city":"new_taipei","city_label":"新北市","district":"樹林區","district_display":"樹林區","addr":"新北市樹林區大同里中華路94號","npurp":"B14B5239B(B250729)台電北西區處-2","app_name":"新北市政府捷運工程局","tc_na":"統鑫開發實業股份有限公司","co_ti":"時段性施工，114年12月30日起115年01月24日止，共26日。日間09時至16時；第1次變更：時段性施工，115年03月30日起115年04月07日止，共9日。(日間09時至16時)(展延)；第2次變更：時段性施工，115年05月01日起115年05月02日止，共2日。(日間09時至16時)(展延)；第3次變更：時段性施工，115年05月09日起115年05月09日止，共1日。(日間09時至16時)(展延)；第4次變更：時段性施工，115年05月23日起115年05月23日止，共1日。(日間09時至16時)(展延)","start_date":"2025-12-30","end_date":"2026-05-23","status_label":"已核發許可證"}},{"type":"Feature","geometry":{"type":"Point","coordinates":[121.4206706383025,24.98709040682094]},"properties":{"permit_id":"345215","city":"new_taipei","city_label":"新北市","district":"樹林區","district_display":"樹林區","addr":"新北市樹林區育英里文化街2號","npurp":"新北市樹林地區污水下水道系統第二期第十七標工程","app_name":"樹林區公所","tc_na":"宏錩工程有限公司","co_ti":"時段性施工，115年03月09日起115年03月31日止，共23日。自訂日間09時至16時；第1次變更：時段性施工，115年04月17日起115年05月03日止，共17日。(自訂夜間22時至隔日06時)(展延)","start_date":"2026-03-09","end_date":"2026-05-03","status_label":"已核發許可證"}},{"type":"Feature","geometry":{"type":"Point","coordinates":[121.41605587561249,25.009668971853262]},"properties":{"permit_id":"344951","city":"new_taipei","city_label":"新北市","district":"樹林區","district_display":"樹林區","addr":"新北市樹林區獇寮里俊興街","npurp":"B14B5247B(4240782)台北西區-1","app_name":"樹林區公所","tc_na":"統鑫開發實業股份有限公司","co_ti":"時段性施工，115年03月10日起115年03月19日止，共10日。自訂夜間22時至隔日06時；第1次變更：時段性施工，115年04月27日起115年04月30日止，共4日。(自訂夜間22時至隔日06時)(展延)；第2次變更：時段性施工，115年05月04日起115年05月08日止，共5日。(自訂夜間22時至隔日06時)(展延)","start_date":"2026-03-10","end_date":"2026-05-08","status_label":"已核發許可證"}},{"type":"Feature","geometry":{"type":"Point","coordinates":[121.42324957659606,25.01042054533974]},"properties":{"permit_id":"346481","city":"new_taipei","city_label":"新北市","district":"樹林區","district_display":"樹林區","addr":"新北市樹林區圳民里俊英街123巷46號","npurp":"樹林服務所115年度管線設備維修工程","app_name":"樹林區公所","tc_na":"芝銘有限公司","co_ti":"連續性施工，115年03月28日09時起115年03月30日23時止，共3日。；時段性施工，115年05月04日起115年05月09日止，共6日。自訂日間09時至16時","start_date":"2026-03-28","end_date":"2026-05-09","status_label":"已核發許可證"}},{"type":"Feature","geometry":{"type":"Point","coordinates":[121.41469976037487,24.98123177306128]},"properties":{"permit_id":"346585","city":"new_taipei","city_label":"新北市","district":"樹林區","district_display":"樹林區","addr":"新北市樹林區東陽里東榮街147巷19號","npurp":"樹林服務所115年度管線設備維修工程","app_name":"樹林區公所","tc_na":"芝銘有限公司","co_ti":"連續性施工，115年04月01日09時起115年04月03日23時止，共3日。；時段性施工，115年05月04日起115年05月09日止，共6日。自訂日間09時至16時","start_date":"2026-04-01","end_date":"2026-05-09","status_label":"已核發許可證"}},{"type":"Feature","geometry":{"type":"Point","coordinates":[121.41399260229883,24.981515142170583]},"properties":{"permit_id":"346726","city":"new_taipei","city_label":"新北市","district":"樹林區","district_display":"樹林區","addr":"新北市樹林區東陽里東榮街202號","npurp":"樹林服務所115年度管線設備維修工程","app_name":"樹林區公所","tc_na":"芝銘有限公司","co_ti":"連續性施工，115年04月07日09時起115年04月09日23時止，共3日。；時段性施工，115年05月04日起115年05月09日止，共6日。自訂日間09時至16時","start_date":"2026-04-07","end_date":"2026-05-09","status_label":"已核發許可證"}},{"type":"Feature","geometry":{"type":"Point","coordinates":[121.41518514217772,24.98112709340915]},"properties":{"permit_id":"346755","city":"new_taipei","city_label":"新北市","district":"樹林區","district_display":"樹林區","addr":"新北市樹林區東陽里東華街70巷2號","npurp":"樹林服務所115年度管線設備維修工程","app_name":"樹林區公所","tc_na":"芝銘有限公司","co_ti":"連續性施工，115年04月08日09時起115年04月10日23時止，共3日。；時段性施工，115年05月04日起115年05月09日止，共6日。自訂日間09時至16時","start_date":"2026-04-08","end_date":"2026-05-09","status_label":"已核發許可證"}},{"type":"Feature","geometry":{"type":"Point","coordinates":[121.42319610689005,24.98291680537718]},"properties":{"permit_id":"346522","city":"new_taipei","city_label":"新北市","district":"樹林區","district_display":"樹林區","addr":"新北市樹林區和平里中華路","npurp":"新北市大眾捷運系統萬大-中和-樹林線","app_name":"樹林區公所","tc_na":"遠揚營造工程股份有限公司","co_ti":"時段性施工，115年04月13日起115年04月21日止，共9日。自訂日間09時至16時；第1次變更：時段性施工，115年04月27日起115年05月05日止，共9日。(自訂日間09時至16時)(展延)","start_date":"2026-04-13","end_date":"2026-05-05","status_label":"已核發許可證"}},{"type":"Feature","geometry":{"type":"Point","coordinates":[121.41625752104424,25.00821842919589]},"properties":{"permit_id":"346762","city":"new_taipei","city_label":"新北市","district":"樹林區","district_display":"樹林區","addr":"新北市樹林區獇寮里中正路421-2號","npurp":"樹林服務所用戶用水設備新(改)裝工作勞務採購114年度(開口契約)","app_name":"新北市政府捷運工程局","tc_na":"千暉工程有限公司","co_ti":"時段性施工，115年04月13日起115年04月21日止，共9日。日間09時至16時；第1次變更：時段性施工，115年05月11日起115年05月16日止，共6日。(日間09時至16時)(展延)","start_date":"2026-04-13","end_date":"2026-05-16","status_label":"已核發許可證"}},{"type":"Feature","geometry":{"type":"Point","coordinates":[121.40064947008372,24.9712786904824]},"properties":{"permit_id":"346966","city":"new_taipei","city_label":"新北市","district":"樹林區","district_display":"樹林區","addr":"新北市樹林區山佳里新興街37巷12弄22號","npurp":"樹林服務所115年度管線設備維修工程","app_name":"樹林區公所","tc_na":"芝銘有限公司","co_ti":"連續性施工，115年04月13日09時起115年04月15日23時止，共3日。；時段性施工，115年05月04日起115年05月09日止，共6日。自訂日間09時至16時","start_date":"2026-04-13","end_date":"2026-05-09","status_label":"已核發許可證"}},{"type":"Feature","geometry":{"type":"Point","coordinates":[121.424348174679,24.98361642452093]},"properties":{"permit_id":"347142","city":"new_taipei","city_label":"新北市","district":"樹林區","district_display":"樹林區","addr":"新北市樹林區和平里忠孝街26號","npurp":"家和管道工程","app_name":"樹林區公所","tc_na":"強鋼營造股份有限公司","co_ti":"時段性施工，115年04月24日起115年05月02日止，共9日。自訂日間09時至16時","start_date":"2026-04-24","end_date":"2026-05-02","status_label":"已核發許可證"}},{"type":"Feature","geometry":{"type":"Point","coordinates":[121.42408326921095,24.99895260134461]},"properties":{"permit_id":"347263","city":"new_taipei","city_label":"新北市","district":"樹林區","district_display":"樹林區","addr":"新北市樹林區文林里潭興街107巷21弄14號","npurp":"樹林服務所用戶用水設備新(改)裝工作勞務採購114年度(開口契約)","app_name":"樹林區公所","tc_na":"千暉工程有限公司","co_ti":"時段性施工，115年04月27日起115年04月30日止，共4日。自訂日間09時至16時；時段性施工，115年05月04日起115年05月07日止，共4日。自訂日間09時至16時","start_date":"2026-04-27","end_date":"2026-05-07","status_label":"已核發許可證"}},{"type":"Feature","geometry":{"type":"Point","coordinates":[121.42632432738915,24.979151823938]},"properties":{"permit_id":"347418","city":"new_taipei","city_label":"新北市","district":"樹林區","district_display":"樹林區","addr":"新北市樹林區彭福里水源路220號","npurp":"樹林服務所用戶用水設備新(改)裝工作勞務採購114年度(開口契約)","app_name":"樹林區公所","tc_na":"千暉工程有限公司","co_ti":"時段性施工，115年04月27日起115年04月30日止，共4日。自訂日間09時至16時；時段性施工，115年05月04日起115年05月08日止，共5日。自訂日間09時至16時","start_date":"2026-04-27","end_date":"2026-05-08","status_label":"已核發許可證"}},{"type":"Feature","geometry":{"type":"Point","coordinates":[121.38991881123732,24.9801081699082]},"properties":{"permit_id":"347448","city":"new_taipei","city_label":"新北市","district":"樹林區","district_display":"樹林區","addr":"新北市樹林區中山里德和街60號","npurp":"樹林服務所用戶用水設備新(改)裝工作勞務採購114年度(開口契約)","app_name":"樹林區公所","tc_na":"千暉工程有限公司","co_ti":"時段性施工，115年04月29日起115年04月30日止，共2日。自訂日間09時至16時；時段性施工，115年05月04日起115年05月07日止，共4日。自訂日間09時至16時","start_date":"2026-04-29","end_date":"2026-05-07","status_label":"已核發許可證"}},{"type":"Feature","geometry":{"type":"Point","coordinates":[121.39671046055096,24.969374096192404]},"properties":{"permit_id":"347449","city":"new_taipei","city_label":"新北市","district":"樹林區","district_display":"樹林區","addr":"新北市樹林區山佳里八德街642之1號","npurp":"樹林服務所用戶用水設備新(改)裝工作勞務採購114年度(開口契約)","app_name":"樹林區公所","tc_na":"千暉工程有限公司","co_ti":"時段性施工，115年04月29日起115年04月30日止，共2日。自訂日間09時至16時；時段性施工，115年05月04日起115年05月07日止，共4日。自訂日間09時至16時","start_date":"2026-04-29","end_date":"2026-05-07","status_label":"已核發許可證"}},{"type":"Feature","geometry":{"type":"Point","coordinates":[121.5128064031796,25.01662704726502]},"properties":{"permit_id":"338532","city":"new_taipei","city_label":"新北市","district":"永和區","district_display":"永和區","addr":"新北市永和區河堤里文化路90巷","npurp":"新北市永和地區污水下水道系統第二期第五-2標暨第六-1標後續工程","app_name":"永和區公所","tc_na":"萬碁工程有限公司","co_ti":"時段性施工，114年09月01日起115年03月31日止，共212日。日間09時至16時；連續性施工，115年04月01日09時起115年04月30日16時止，共30日。；第1次變更：連續性施工，115年05月01日09時起115年07月31日16時止，共92日。(展延)","start_date":"2025-09-01","end_date":"2026-07-31","status_label":"已核發許可證"}},{"type":"Feature","geometry":{"type":"Point","coordinates":[121.51437492411502,25.016700701666878]},"properties":{"permit_id":"340828","city":"new_taipei","city_label":"新北市","district":"永和區","district_display":"永和區","addr":"新北市永和區文化里文化路90巷32弄","npurp":"新北市永和地區污水下水道系統第二期第五-2標暨第六-1標後續工程","app_name":"永和區公所","tc_na":"萬碁工程有限公司","co_ti":"時段性施工，114年09月25日起115年04月25日止，共213日。日間09時至16時；第1次變更：連續性施工，115年04月26日09時起115年07月31日16時止，共97日。(展延)","start_date":"2025-09-25","end_date":"2026-07-31","status_label":"已核發許可證"}},{"type":"Feature","geometry":{"type":"Point","coordinates":[121.5203921030445,25.008275709730352]},"properties":{"permit_id":"340843","city":"new_taipei","city_label":"新北市","district":"永和區","district_display":"永和區","addr":"新北市永和區光明里國光路49巷","npurp":"新北市永和地區污水下水道系統第二期第五-2標暨第六-1標後續工程","app_name":"永和區公所","tc_na":"萬碁工程有限公司","co_ti":"連續性施工，114年09月25日09時起115年02月28日16時止，共157日。；第1次變更：連續性施工，115年03月04日09時起115年05月31日16時止，共89日。(展延)","start_date":"2025-09-25","end_date":"2026-05-31","status_label":"已核發許可證"}},{"type":"Feature","geometry":{"type":"Point","coordinates":[121.51944436765476,25.0122146711616]},"properties":{"permit_id":"340846","city":"new_taipei","city_label":"新北市","district":"永和區","district_display":"永和區","addr":"新北市永和區永興里中興街135號","npurp":"新北市永和地區污水下水道系統第二期第五-2標暨第六-1標後續工程","app_name":"永和區公所","tc_na":"萬碁工程有限公司","co_ti":"連續性施工，114年09月25日09時起115年01月31日16時止，共129日。；第1次變更：連續性施工，115年03月04日09時起115年05月31日16時止，共89日。(展延)","start_date":"2025-09-25","end_date":"2026-05-31","status_label":"已核發許可證"}},{"type":"Feature","geometry":{"type":"Point","coordinates":[121.51945127321112,25.00925697876677]},"properties":{"permit_id":"345178","city":"new_taipei","city_label":"新北市","district":"永和區","district_display":"永和區","addr":"新北市永和區光明里警光街2號","npurp":"新北市永和地區污水下水道系統第二期第五-1標工程","app_name":"永和區公所","tc_na":"鉅登營造工程有限公司","co_ti":"時段性施工，115年03月04日起115年03月31日止，共28日。日間09時至16時；第1次變更：時段性施工，115年04月01日起115年04月26日止，共26日。(日間09時至16時)(展延)；第2次變更：時段性施工，115年04月27日起115年06月30日止，共65日。(日間09時至16時)(展延)","start_date":"2026-03-04","end_date":"2026-06-30","status_label":"已核發許可證"}},{"type":"Feature","geometry":{"type":"Point","coordinates":[121.51589556112378,25.015437208714676]},"properties":{"permit_id":"344848","city":"new_taipei","city_label":"新北市","district":"永和區","district_display":"永和區","addr":"新北市永和區頂溪里永和路二段263號","npurp":"市111線-開晟建設股份有限公司用戶新設給水工程","app_name":"新北市政府工務局","tc_na":"昱丞工程有限公司","co_ti":"時段性施工，115年03月05日起115年03月06日止，共2日。日間09時至16時；時段性施工，115年03月09日起115年03月13日止，共5日。日間09時至16時；第1次變更：時段性施工，115年05月04日起115年05月12日止，共9日。(日間09時至16時)(展延)","start_date":"2026-03-05","end_date":"2026-05-12","status_label":"已核發許可證"}},{"type":"Feature","geometry":{"type":"Point","coordinates":[121.51593604282414,25.00773683345564]},"properties":{"permit_id":"345273","city":"new_taipei","city_label":"新北市","district":"永和區","district_display":"永和區","addr":"新北市永和區大新里中正路513號","npurp":"新北市永和地區污水下水道系統第二期第五-1標工程","app_name":"永和區公所","tc_na":"鉅登營造工程有限公司","co_ti":"時段性施工，115年03月10日起115年04月08日止，共30日。日間09時至16時；第1次變更：時段性施工，115年04月09日起115年06月30日止，共83日。(日間09時至16時)(展延)","start_date":"2026-03-10","end_date":"2026-06-30","status_label":"已核發許可證"}},{"type":"Feature","geometry":{"type":"Point","coordinates":[121.51598564826789,25.00937747033245]},"properties":{"permit_id":"345274","city":"new_taipei","city_label":"新北市","district":"永和區","district_display":"永和區","addr":"新北市永和區豫溪里中正路609巷","npurp":"新北市永和地區污水下水道系統第二期第五-1標工程","app_name":"永和區公所","tc_na":"鉅登營造工程有限公司","co_ti":"時段性施工，115年03月10日起115年04月08日止，共30日。日間09時至16時；第1次變更：時段性施工，115年04月09日起115年06月30日止，共83日。(日間09時至16時)(展延)","start_date":"2026-03-10","end_date":"2026-06-30","status_label":"已核發許可證"}},{"type":"Feature","geometry":{"type":"Point","coordinates":[121.51584090580474,25.01533253241316]},"properties":{"permit_id":"345557","city":"new_taipei","city_label":"新北市","district":"永和區","district_display":"永和區","addr":"新北市永和區頂溪里永和路二段263號","npurp":"開晟建設股份有限公司用戶新設給水工程","app_name":"永和區公所","tc_na":"昱丞工程有限公司","co_ti":"時段性施工，115年03月16日起115年03月24日止，共9日。日間09時至16時；第1次變更：時段性施工，115年05月04日起115年05月12日止，共9日。(日間09時至16時)(展延)","start_date":"2026-03-16","end_date":"2026-05-12","status_label":"已核發許可證"}},{"type":"Feature","geometry":{"type":"Point","coordinates":[121.52594902329174,25.00353217000177]},"properties":{"permit_id":"346045","city":"new_taipei","city_label":"新北市","district":"永和區","district_display":"永和區","addr":"新北市永和區秀朗里永亨路169號","npurp":"逢源建設股份有限公司用戶新設給水工程","app_name":"永和區公所","tc_na":"昱丞工程有限公司","co_ti":"時段性施工，115年04月01日起115年04月09日止，共9日。日間09時至16時；第1次變更：時段性施工，115年04月16日起115年04月24日止，共9日。(日間09時至16時)(展延)；第2次變更：時段性施工，115年04月27日起115年05月05日止，共9日。(日間09時至16時)(展延)","start_date":"2026-04-01","end_date":"2026-05-05","status_label":"已核發許可證"}},{"type":"Feature","geometry":{"type":"Point","coordinates":[121.51624851325114,25.016920709881692]},"properties":{"permit_id":"346197","city":"new_taipei","city_label":"新北市","district":"永和區","district_display":"永和區","addr":"新北市永和區網溪里光復街4號","npurp":"新北市光復街和平鴿人行步道工程","app_name":"永和區公所","tc_na":"春原營造股份有限公司","co_ti":"時段性施工，115年04月01日起115年04月02日止，共2日。日間09時至16時；時段性施工，115年04月03日起115年04月06日止，共4日。自訂日間08時至17時；時段性施工，115年04月07日起115年04月10日止，共4日。日間09時至16時；時段性施工，115年04月11日起115年04月12日止，共2日。自訂日間08時至17時；時段性施工，115年04月13日起115年04月17日止，共5日。日間09時至16時；時段性施工，115年04月18日起115年04月19日止，共2日。自訂日間08時至17時；第1次變更：時段性施工，115年04月20日起115年04月24日止，共5日。(日間09時至16時)(展延)；第2次變更：時段性施工，115年04月25日起115年04月26日止，共2日。(自訂日間09時至17時)(展延)；第3次變更：時段性施工，115年04月27日起115年04月30日止，共4日。(日間09時至16時)(展延)；第4次變更：時段性施工，115年05月01日起115年05月25日止，共25日。(自訂日間09時至16時)(展延)","start_date":"2026-04-01","end_date":"2026-05-25","status_label":"已核發許可證"}},{"type":"Feature","geometry":{"type":"Point","coordinates":[121.51713037172236,25.001341600201343]},"properties":{"permit_id":"345345","city":"new_taipei","city_label":"新北市","district":"永和區","district_display":"永和區","addr":"新北市永和區潭墘里中正路403號","npurp":"114北區B管網改善工程","app_name":"永和區公所","tc_na":"和日盛有限公司","co_ti":"時段性施工，115年04月06日起115年05月05日止，共30日。日間09時至16時","start_date":"2026-04-06","end_date":"2026-05-05","status_label":"已核發許可證"}},{"type":"Feature","geometry":{"type":"Point","coordinates":[121.51907711131577,25.00981127679867]},"properties":{"permit_id":"346665","city":"new_taipei","city_label":"新北市","district":"永和區","district_display":"永和區","addr":"新北市永和區豫溪里豫溪街","npurp":"新北市永和地區污水下水道系統第二期第五-1標工程","app_name":"永和區公所","tc_na":"鉅登營造工程有限公司","co_ti":"時段性施工，115年04月07日起115年05月31日止，共55日。日間09時至16時","start_date":"2026-04-07","end_date":"2026-05-31","status_label":"已核發許可證"}},{"type":"Feature","geometry":{"type":"Point","coordinates":[121.51749124229192,25.009615708390715]},"properties":{"permit_id":"346778","city":"new_taipei","city_label":"新北市","district":"永和區","district_display":"永和區","addr":"新北市永和區豫溪里中正路680巷","npurp":"新北市永和地區污水下水道系統第二期第五-1標工程","app_name":"永和區公所","tc_na":"鉅登營造工程有限公司","co_ti":"連續性施工，115年04月09日09時起115年05月31日16時止，共53日。","start_date":"2026-04-09","end_date":"2026-05-31","status_label":"已核發許可證"}},{"type":"Feature","geometry":{"type":"Point","coordinates":[121.5153193992667,25.00968320665175]},"properties":{"permit_id":"346674","city":"new_taipei","city_label":"新北市","district":"永和區","district_display":"永和區","addr":"新北市永和區豫溪里豫溪街26號","npurp":"新北市永和地區污水下水道系統第二期第五-1標工程","app_name":"永和區公所","tc_na":"鉅登營造工程有限公司","co_ti":"時段性施工，115年04月11日起115年06月30日止，共81日。日間09時至16時","start_date":"2026-04-11","end_date":"2026-06-30","status_label":"已核發許可證"}},{"type":"Feature","geometry":{"type":"Point","coordinates":[121.50712706738426,25.013388429269312]},"properties":{"permit_id":"346003","city":"new_taipei","city_label":"新北市","district":"永和區","district_display":"永和區","addr":"新北市永和區下溪里保安路137號","npurp":"35965北昌營造股份有限公司-臨時電新設工程","app_name":"永和區公所","tc_na":"昌鋐工程股份有限公司","co_ti":"時段性施工，115年04月13日起115年04月21日止，共9日。日間09時至16時；第1次變更：時段性施工，115年05月04日起115年05月12日止，共9日。(日間09時至16時)(展延)","start_date":"2026-04-13","end_date":"2026-05-12","status_label":"已核發許可證"}},{"type":"Feature","geometry":{"type":"Point","coordinates":[121.51480480857931,25.006509569954584]},"properties":{"permit_id":"345408","city":"new_taipei","city_label":"新北市","district":"永和區","district_display":"永和區","addr":"新北市永和區永安里秀朗路一段48號","npurp":"林顏素碧用戶新設給水工程","app_name":"永和區公所","tc_na":"昱丞工程有限公司","co_ti":"時段性施工，115年04月16日起115年04月24日止，共9日。日間09時至16時；第1次變更：時段性施工，115年04月27日起115年05月05日止，共9日。(日間09時至16時)(展延)","start_date":"2026-04-16","end_date":"2026-05-05","status_label":"已核發許可證"}},{"type":"Feature","geometry":{"type":"Point","coordinates":[121.5177767431661,25.008802463888568]},"properties":{"permit_id":"345416","city":"new_taipei","city_label":"新北市","district":"永和區","district_display":"永和區","addr":"新北市永和區光明里中正路662巷27號","npurp":"王芸軒用戶新設給水工程","app_name":"永和區公所","tc_na":"昱丞工程有限公司","co_ti":"時段性施工，115年04月16日起115年04月24日止，共9日。日間09時至16時；第1次變更：時段性施工，115年04月27日起115年05月05日止，共9日。(日間09時至16時)(展延)","start_date":"2026-04-16","end_date":"2026-05-05","status_label":"已核發許可證"}},{"type":"Feature","geometry":{"type":"Point","coordinates":[121.51803100458032,25.01587494688189]},"properties":{"permit_id":"347136","city":"new_taipei","city_label":"新北市","district":"永和區","district_display":"永和區","addr":"新北市永和區光復里博愛街1號","npurp":"天然氣管線汰換工程(永和區博愛街1號-53號)","app_name":"永和區公所","tc_na":"景峯企業工程有限公司","co_ti":"時段性施工，115年04月20日起115年05月18日止，共29日。自訂日間09時至16時","start_date":"2026-04-20","end_date":"2026-05-18","status_label":"已核發許可證"}},{"type":"Feature","geometry":{"type":"Point","coordinates":[121.5095179641463,25.015908188800363]},"properties":{"permit_id":"346632","city":"new_taipei","city_label":"新北市","district":"永和區","district_display":"永和區","addr":"新北市永和區文化里保安路80號","npurp":"36000-漢皇開發股份有限公司-線路遷移工程","app_name":"永和區公所","tc_na":"昌鋐工程股份有限公司","co_ti":"時段性施工，115年04月27日起115年05月05日止，共9日。日間09時至16時","start_date":"2026-04-27","end_date":"2026-05-05","status_label":"已核發許可證"}},{"type":"Feature","geometry":{"type":"Point","coordinates":[121.51901267124244,25.01592010408877]},"properties":{"permit_id":"347328","city":"new_taipei","city_label":"新北市","district":"永和區","district_display":"永和區","addr":"新北市永和區光復里博愛街26號","npurp":"114西區A管網改善工程","app_name":"永和區公所","tc_na":"祥皓工程有限公司","co_ti":"時段性施工，115年04月28日起115年05月26日止，共29日。日間09時至16時","start_date":"2026-04-28","end_date":"2026-05-26","status_label":"已核發許可證"}},{"type":"Feature","geometry":{"type":"Point","coordinates":[121.625083031049,25.068443702051137]},"properties":{"permit_id":"345070","city":"new_taipei","city_label":"新北市","district":"汐止區","district_display":"汐止區","addr":"新北市汐止區北山里明峰街296號","npurp":"(5250188)4D0061B-設計課申請用電","app_name":"汐止區公所","tc_na":"墨格工程有限公司","co_ti":"時段性施工，115年03月19日起115年03月31日止，共13日。自訂日間09時至17時；第1次變更：時段性施工，115年04月23日起115年05月07日止，共15日。(日間09時至16時)(展延)","start_date":"2026-03-19","end_date":"2026-05-07","status_label":"已核發許可證"}},{"type":"Feature","geometry":{"type":"Point","coordinates":[121.6353421229942,25.06567015109836]},"properties":{"permit_id":"346588","city":"new_taipei","city_label":"新北市","district":"汐止區","district_display":"汐止區","addr":"新北市汐止區福德里福德一路186號","npurp":"(1260433)4C2576B-台灣普克二四股份有限公司申請用電","app_name":"汐止區公所","tc_na":"墨格工程有限公司","co_ti":"時段性施工，115年04月03日起115年04月17日止，共15日。自訂日間09時至17時；第1次變更：時段性施工，115年04月23日起115年05月07日止，共15日。(夜間22時至隔日06時)(展延)","start_date":"2026-04-03","end_date":"2026-05-07","status_label":"已核發許可證"}},{"type":"Feature","geometry":{"type":"Point","coordinates":[121.63151757195564,25.06274977085762]},"properties":{"permit_id":"346589","city":"new_taipei","city_label":"新北市","district":"汐止區","district_display":"汐止區","addr":"新北市汐止區中興里環河街1-1號","npurp":"(1260340)4C2514B-新北市政府水利局申請用電","app_name":"汐止區公所","tc_na":"墨格工程有限公司","co_ti":"時段性施工，115年04月03日起115年04月17日止，共15日。自訂日間09時至17時；第1次變更：時段性施工，115年04月23日起115年05月07日止，共15日。(夜間22時至隔日06時)(展延)","start_date":"2026-04-03","end_date":"2026-05-07","status_label":"已核發許可證"}},{"type":"Feature","geometry":{"type":"Point","coordinates":[121.65065160201,25.07435948780387]},"properties":{"permit_id":"346572","city":"new_taipei","city_label":"新北市","district":"汐止區","district_display":"汐止區","addr":"新北市汐止區江北里汐萬路一段284號","npurp":"(1260263)4C2395B-新北市政府交通局申請用電","app_name":"汐止區公所","tc_na":"墨格工程有限公司","co_ti":"時段性施工，115年04月10日起115年04月23日止，共14日。日間09時至16時；第1次變更：時段性施工，115年04月24日起115年05月07日止，共14日。(夜間22時至隔日06時)(展延)","start_date":"2026-04-10","end_date":"2026-05-07","status_label":"已核發許可證"}},{"type":"Feature","geometry":{"type":"Point","coordinates":[121.63897160078726,25.09279066542599]},"properties":{"permit_id":"346968","city":"new_taipei","city_label":"新北市","district":"汐止區","district_display":"汐止區","addr":"新北市汐止區八連里八連路一段528號","npurp":"114-115年度汐止水量水壓監測暨需小區管理設備建置-八連路一段528號","app_name":"汐止區公所","tc_na":"鴻越水資源有限公司","co_ti":"時段性施工，115年04月29日起115年05月02日止，共4日。日間09時至16時","start_date":"2026-04-29","end_date":"2026-05-02","status_label":"已核發許可證"}},{"type":"Feature","geometry":{"type":"Point","coordinates":[121.6342544035615,25.09519078101909]},"properties":{"permit_id":"346970","city":"new_taipei","city_label":"新北市","district":"汐止區","district_display":"汐止區","addr":"新北市汐止區八連里八連路二段161號","npurp":"114-115年度汐止水量水壓監測暨需小區管理設備建置-八連路二段161號對面","app_name":"汐止區公所","tc_na":"鴻越水資源有限公司","co_ti":"時段性施工，115年04月29日起115年05月02日止，共4日。日間09時至16時","start_date":"2026-04-29","end_date":"2026-05-02","status_label":"已核發許可證"}},{"type":"Feature","geometry":{"type":"Point","coordinates":[121.4295973231525,25.04434074995762]},"properties":{"permit_id":"314374","city":"new_taipei","city_label":"新北市","district":"泰山區","district_display":"泰山區","addr":"新北市泰山區泰友里新生路4號","npurp":"新北市新、泰塭仔圳地區地1-1區市地重劃開發工程","app_name":"泰山區公所","tc_na":"榮工工程股份有限公司","co_ti":"時段性施工，112年12月26日起113年06月30日止，共188日。日間09時至16時；第1次變更：時段性施工，113年07月01日起113年12月31日止，共184日。(日間09時至16時)(展延)；第2次變更：時段性施工，114年01月01日起114年06月30日止，共181日。(日間09時至16時)(展延)；第3次變更：時段性施工，114年07月01日起114年12月31日止，共184日。(自訂日間09時至16時)(自訂夜間22時至隔日06時)(展延)；第4次變更：時段性施工，115年01月01日起115年06月30日止，共181日。(日間09時至16時)(展延)","start_date":"2023-12-26","end_date":"2026-06-30","status_label":"已核發許可證"}},{"type":"Feature","geometry":{"type":"Point","coordinates":[121.4321111153527,25.052834404494146]},"properties":{"permit_id":"335453","city":"new_taipei","city_label":"新北市","district":"泰山區","district_display":"泰山區","addr":"新北市泰山區義仁里仁義路220巷53號","npurp":"0700006792(田宅工程-楊宅)瓦斯供氣管線埋設工程","app_name":"泰山區公所","tc_na":"東松工程有限公司","co_ti":"時段性施工，114年05月23日起114年05月23日止，共1日。日間09時至16時；時段性施工，114年05月26日起114年05月28日止，共3日。自訂日間09時至16時；第1次變更：時段性施工，114年06月11日起114年06月13日止，共3日。(日間09時至16時)(展延)；第2次變更：時段性施工，114年08月11日起114年08月16日止，共6日。(日間09時至16時)(展延)；第3次變更：時段性施工，114年08月26日起114年08月29日止，共4日。(日間09時至16時)(展延)；第4次變更：時段性施工，114年09月09日起114年09月12日止，共4日。(日間09時至16時)(展延)；第5次變更：時段性施工，114年12月02日起114年12月10日止，共9日。(日間09時至16時)(展延)；第6次變更：時段性施工，114年12月11日起114年12月11日止，共1日。(日間09時至16時)(展延)；第7次變更：時段性施工，115年05月05日起115年05月05日止，共1日。(日間09時至16時)(展延)","start_date":"2025-05-23","end_date":"2026-05-05","status_label":"已核發許可證"}},{"type":"Feature","geometry":{"type":"Point","coordinates":[121.42632753356868,25.04201351800051]},"properties":{"permit_id":"345524","city":"new_taipei","city_label":"新北市","district":"泰山區","district_display":"泰山區","addr":"新北市泰山區貴賢里貴子路15巷1弄2號","npurp":"蘆洲服務所114-115年度管線設備維修工程(支援泰山所修漏)","app_name":"泰山區公所","tc_na":"芝銘有限公司","co_ti":"連續性施工，115年03月06日09時起115年03月08日23時止，共3日。；時段性施工，115年03月18日起115年03月21日止，共4日。日間09時至16時；第1次變更：時段性施工，115年05月04日起115年05月09日止，共6日。(日間09時至16時)(展延)","start_date":"2026-03-06","end_date":"2026-05-09","status_label":"已核發許可證"}},{"type":"Feature","geometry":{"type":"Point","coordinates":[121.4232485422911,25.041095644708165]},"properties":{"permit_id":"345525","city":"new_taipei","city_label":"新北市","district":"泰山區","district_display":"泰山區","addr":"新北市泰山區貴子里工專路82巷3號","npurp":"蘆洲服務所114-115年度管線設備維修工程(支援泰山所修漏)","app_name":"泰山區公所","tc_na":"芝銘有限公司","co_ti":"連續性施工，115年03月06日09時起115年03月08日23時止，共3日。；時段性施工，115年03月18日起115年03月21日止，共4日。日間09時至16時；第1次變更：時段性施工，115年05月04日起115年05月09日止，共6日。(日間09時至16時)(展延)","start_date":"2026-03-06","end_date":"2026-05-09","status_label":"已核發許可證"}},{"type":"Feature","geometry":{"type":"Point","coordinates":[121.44069309076778,25.042904458540427]},"properties":{"permit_id":"345288","city":"new_taipei","city_label":"新北市","district":"泰山區","district_display":"泰山區","addr":"新北市泰山區義仁里莊田路","npurp":"塭仔圳地區第1-2區市地重劃開發工程","app_name":"泰山區公所","tc_na":"榮工工程股份有限公司","co_ti":"時段性施工，115年03月10日起115年03月31日止，共22日。日間09時至16時；第1次變更：時段性施工，115年04月24日起115年05月16日止，共23日。(日間09時至16時)(展延)","start_date":"2026-03-10","end_date":"2026-05-16","status_label":"已核發許可證"}},{"type":"Feature","geometry":{"type":"Point","coordinates":[121.42490212584352,25.04177635080938]},"properties":{"permit_id":"345641","city":"new_taipei","city_label":"新北市","district":"泰山區","district_display":"泰山區","addr":"新北市泰山區貴子里明志路三段74巷28弄","npurp":"蘆洲服務所114-115年度管線設備維修工程(支援泰山所修漏)","app_name":"泰山區公所","tc_na":"芝銘有限公司","co_ti":"連續性施工，115年03月10日09時起115年03月12日23時止，共3日。；第1次變更：時段性施工，115年05月04日起115年05月09日止，共6日。(日間09時至16時)(展延)","start_date":"2026-03-10","end_date":"2026-05-09","status_label":"已核發許可證"}},{"type":"Feature","geometry":{"type":"Point","coordinates":[121.42095102614569,25.06220662416691]},"properties":{"permit_id":"345833","city":"new_taipei","city_label":"新北市","district":"泰山區","district_display":"泰山區","addr":"新北市泰山區黎明里黎明路6號","npurp":"蘆洲服務所114-115年度管線設備維修工程(支援泰山所修漏)","app_name":"泰山區公所","tc_na":"芝銘有限公司","co_ti":"連續性施工，115年03月12日09時起115年03月14日23時止，共3日。；第1次變更：時段性施工，115年05月04日起115年05月09日止，共6日。(日間09時至16時)(展延)","start_date":"2026-03-12","end_date":"2026-05-09","status_label":"已核發許可證"}},{"type":"Feature","geometry":{"type":"Point","coordinates":[121.4188957616472,25.03221502507978]},"properties":{"permit_id":"344452","city":"new_taipei","city_label":"新北市","district":"泰山區","district_display":"泰山區","addr":"新北市泰山區貴和里新北大道六段458號","npurp":"貴子坑溪河川環境營造計畫(第二標)-十八份坑溪HDPE引水管埋設","app_name":"新北市政府工務局","tc_na":"逢國營造有限公司","co_ti":"時段性施工，115年03月14日起115年06月30日止，共109日。日間09時至16時夜間22時至隔日06時","start_date":"2026-03-14","end_date":"2026-06-30","status_label":"已核發許可證"}},{"type":"Feature","geometry":{"type":"Point","coordinates":[121.42454138513844,25.038225877006784]},"properties":{"permit_id":"344461","city":"new_taipei","city_label":"新北市","district":"泰山區","district_display":"泰山區","addr":"新北市泰山區貴和里明志路三段","npurp":"貴子坑溪河川環境營造計畫(第二標)-十八份坑溪HDPE引水管埋設","app_name":"泰山區公所","tc_na":"逢國營造有限公司","co_ti":"連續性施工，115年03月16日09時起115年06月30日16時止，共107日。","start_date":"2026-03-16","end_date":"2026-06-30","status_label":"已核發許可證"}},{"type":"Feature","geometry":{"type":"Point","coordinates":[121.4403478720946,25.04295981269406]},"properties":{"permit_id":"345791","city":"new_taipei","city_label":"新北市","district":"泰山區","district_display":"泰山區","addr":"新北市泰山區義仁里莊田路","npurp":"新北市新、泰塭仔圳地區第1-2區市地重劃開發工程","app_name":"泰山區公所","tc_na":"榮工工程股份有限公司","co_ti":"時段性施工，115年03月18日起115年04月17日止，共31日。日間09時至16時；第1次變更：時段性施工，115年04月24日起115年05月16日止，共23日。(日間09時至16時)(展延)","start_date":"2026-03-18","end_date":"2026-05-16","status_label":"已核發許可證"}},{"type":"Feature","geometry":{"type":"Point","coordinates":[121.43413832813248,25.063265776726517]},"properties":{"permit_id":"346023","city":"new_taipei","city_label":"新北市","district":"泰山區","district_display":"泰山區","addr":"新北市泰山區楓樹里明志路一段117巷20號","npurp":"蘆洲服務所114-115年度管線設備維修工程(支援泰山所修漏)","app_name":"泰山區公所","tc_na":"芝銘有限公司","co_ti":"連續性施工，115年03月18日09時起115年03月20日23時止，共3日。；第1次變更：時段性施工，115年05月04日起115年05月09日止，共6日。(日間09時至16時)(展延)","start_date":"2026-03-18","end_date":"2026-05-09","status_label":"已核發許可證"}},{"type":"Feature","geometry":{"type":"Point","coordinates":[121.41533984261028,25.068508526851456]},"properties":{"permit_id":"346145","city":"new_taipei","city_label":"新北市","district":"泰山區","district_display":"泰山區","addr":"新北市泰山區黎明里泰林路三段168巷28號","npurp":"蘆洲服務所114-115年度管線設備維修工程(支援泰山所修漏)","app_name":"泰山區公所","tc_na":"芝銘有限公司","co_ti":"連續性施工，115年03月20日09時起115年03月22日23時止，共3日。；第1次變更：時段性施工，115年05月04日起115年05月09日止，共6日。(日間09時至16時)(展延)","start_date":"2026-03-20","end_date":"2026-05-09","status_label":"已核發許可證"}},{"type":"Feature","geometry":{"type":"Point","coordinates":[121.41763239712616,25.031975519634425]},"properties":{"permit_id":"346434","city":"new_taipei","city_label":"新北市","district":"泰山區","district_display":"泰山區","addr":"新北市泰山區貴和里新北大道七段103號","npurp":"蘆洲服務所114-115年度管線設備維修工程(支援泰山所修漏)","app_name":"新北市政府工務局","tc_na":"芝銘有限公司","co_ti":"連續性施工，115年03月27日09時起115年03月29日23時止，共3日。；時段性施工，115年05月04日起115年05月09日止，共6日。日間09時至16時","start_date":"2026-03-27","end_date":"2026-05-09","status_label":"已核發許可證"}},{"type":"Feature","geometry":{"type":"Point","coordinates":[121.423992977576,25.03841184680678]},"properties":{"permit_id":"344454","city":"new_taipei","city_label":"新北市","district":"泰山區","district_display":"泰山區","addr":"新北市泰山區貴和里明志路三段203號","npurp":"貴子坑溪河川環境營造計畫(第二標)-十八份坑溪HDPE引水管埋設","app_name":"新北市政府工務局","tc_na":"逢國營造有限公司","co_ti":"時段性施工，115年04月01日起115年04月30日止，共30日。日間09時至16時夜間22時至隔日06時；第1次變更：時段性施工，115年05月01日起115年06月30日止，共61日。(日間09時至16時)(夜間22時至隔日06時)(展延)","start_date":"2026-04-01","end_date":"2026-06-30","status_label":"已核發許可證"}},{"type":"Feature","geometry":{"type":"Point","coordinates":[121.441283862125,25.047923855669698]},"properties":{"permit_id":"346807","city":"new_taipei","city_label":"新北市","district":"泰山區","district_display":"泰山區","addr":"新北市泰山區義仁里泰林路一段","npurp":"泰山營運所115年度管線設備維修工程(泰林路一段路燈編號355180對面)","app_name":"新北市政府工務局","tc_na":"靖原工程行","co_ti":"連續性施工，115年04月10日10時起115年04月12日23時止，共3日。；時段性施工，115年04月27日起115年05月03日止，共7日。夜間22時至隔日06時","start_date":"2026-04-10","end_date":"2026-05-03","status_label":"已核發許可證"}},{"type":"Feature","geometry":{"type":"Point","coordinates":[121.42887309953316,25.04033707746687]},"properties":{"permit_id":"346360","city":"new_taipei","city_label":"新北市","district":"泰山區","district_display":"泰山區","addr":"新北市泰山區貴賢里貴子路21號","npurp":"中華電信埋管工程","app_name":"泰山區公所","tc_na":"士緯營造有限公司","co_ti":"時段性施工，115年04月20日起115年04月25日止，共6日。日間09時至16時；第1次變更：時段性施工，115年05月04日起115年05月09日止，共6日。(日間09時至16時)(展延)","start_date":"2026-04-20","end_date":"2026-05-09","status_label":"已核發許可證"}},{"type":"Feature","geometry":{"type":"Point","coordinates":[121.4337642088288,25.059682788178755]},"properties":{"permit_id":"347274","city":"new_taipei","city_label":"新北市","district":"泰山區","district_display":"泰山區","addr":"新北市泰山區福泰里福泰街34號","npurp":"泰山營運所115年度管線設備維修工程(福泰街34號)","app_name":"泰山區公所","tc_na":"靖原工程行","co_ti":"連續性施工，115年04月23日14時起115年04月25日23時止，共3日。；時段性施工，115年04月29日起115年05月05日止，共7日。自訂夜間20時至隔日04時","start_date":"2026-04-23","end_date":"2026-05-05","status_label":"已核發許可證"}},{"type":"Feature","geometry":{"type":"Point","coordinates":[121.4392554729234,25.192860094132843]},"properties":{"permit_id":"345703","city":"new_taipei","city_label":"新北市","district":"淡水區","district_display":"淡水區","addr":"新北市淡水區崁頂里新市二路四段","npurp":"114年度新北市增購公車候車亭設備案(第2期)","app_name":"淡水區公所","tc_na":"加南營造有限公司","co_ti":"時段性施工，115年03月23日起115年04月15日止，共24日。自訂日間09時至18時；第1次變更：時段性施工，115年04月16日起115年05月08日止，共23日。(日間09時至16時)(展延)","start_date":"2026-03-23","end_date":"2026-05-08","status_label":"已核發許可證"}},{"type":"Feature","geometry":{"type":"Point","coordinates":[121.4351535293579,25.186370927497844]},"properties":{"permit_id":"345704","city":"new_taipei","city_label":"新北市","district":"淡水區","district_display":"淡水區","addr":"新北市淡水區崁頂里新市一路一段303號","npurp":"114年度新北市增購公車候車亭設備案(第2期)","app_name":"淡水區公所","tc_na":"加南營造有限公司","co_ti":"時段性施工，115年03月23日起115年04月15日止，共24日。自訂日間09時至18時；第1次變更：時段性施工，115年04月16日起115年05月08日止，共23日。(日間09時至16時)(展延)","start_date":"2026-03-23","end_date":"2026-05-08","status_label":"已核發許可證"}},{"type":"Feature","geometry":{"type":"Point","coordinates":[121.44757664322702,25.178445776621054]},"properties":{"permit_id":"345705","city":"new_taipei","city_label":"新北市","district":"淡水區","district_display":"淡水區","addr":"新北市淡水區正德里北新路106號","npurp":"114年度新北市增購公車候車亭設備案(第2期)","app_name":"淡水區公所","tc_na":"加南營造有限公司","co_ti":"時段性施工，115年03月23日起115年04月15日止，共24日。自訂日間09時至17時；第1次變更：時段性施工，115年04月16日起115年05月08日止，共23日。(日間09時至16時)(展延)","start_date":"2026-03-23","end_date":"2026-05-08","status_label":"已核發許可證"}},{"type":"Feature","geometry":{"type":"Point","coordinates":[121.45890597899836,25.1331077238377]},"properties":{"permit_id":"345708","city":"new_taipei","city_label":"新北市","district":"淡水區","district_display":"淡水區","addr":"新北市淡水區民權里民權路88號","npurp":"114年度新北市增購公車候車亭設備案(第2期)","app_name":"淡水區公所","tc_na":"加南營造有限公司","co_ti":"時段性施工，115年03月23日起115年04月15日止，共24日。日間09時至16時；第1次變更：時段性施工，115年04月16日起115年05月08日止，共23日。(日間09時至16時)(展延)","start_date":"2026-03-23","end_date":"2026-05-08","status_label":"已核發許可證"}},{"type":"Feature","geometry":{"type":"Point","coordinates":[121.43428603358356,25.19028998599366]},"properties":{"permit_id":"345792","city":"new_taipei","city_label":"新北市","district":"淡水區","district_display":"淡水區","addr":"新北市淡水區崁頂里濱海路二段208號","npurp":"114年度新北市增購公車候車亭設備案(第2期)","app_name":"淡水區公所","tc_na":"加南營造有限公司","co_ti":"時段性施工，115年03月23日起115年04月15日止，共24日。自訂日間09時至18時；第1次變更：時段性施工，115年04月16日起115年05月08日止，共23日。(日間09時至16時)(展延)","start_date":"2026-03-23","end_date":"2026-05-08","status_label":"已核發許可證"}},{"type":"Feature","geometry":{"type":"Point","coordinates":[121.4315589132758,25.19064681378793]},"properties":{"permit_id":"345793","city":"new_taipei","city_label":"新北市","district":"淡水區","district_display":"淡水區","addr":"新北市淡水區崁頂里濱海路二段","npurp":"114年度新北市增購公車候車亭設備案(第2期)","app_name":"淡水區公所","tc_na":"加南營造有限公司","co_ti":"時段性施工，115年03月23日起115年04月15日止，共24日。日間09時至16時；第1次變更：時段性施工，115年04月16日起115年05月08日止，共23日。(日間09時至16時)(展延)","start_date":"2026-03-23","end_date":"2026-05-08","status_label":"已核發許可證"}},{"type":"Feature","geometry":{"type":"Point","coordinates":[121.46278180390632,25.13595850658618]},"properties":{"permit_id":"347094","city":"new_taipei","city_label":"新北市","district":"淡水區","district_display":"淡水區","addr":"新北市淡水區民生里民生路45號","npurp":"A250421台電","app_name":"淡水區公所","tc_na":"得豐電氣工程股份有限公司","co_ti":"時段性施工，115年04月23日起115年04月24日止，共2日。日間09時至16時；時段性施工，115年04月27日起115年04月30日止，共4日。日間09時至16時；時段性施工，115年05月04日起115年05月08日止，共5日。日間09時至16時；時段性施工，115年05月11日起115年05月13日止，共3日。日間09時至16時","start_date":"2026-04-23","end_date":"2026-05-13","status_label":"已核發許可證"}},{"type":"Feature","geometry":{"type":"Point","coordinates":[121.4608308994682,25.128632629092]},"properties":{"permit_id":"347099","city":"new_taipei","city_label":"新北市","district":"淡水區","district_display":"淡水區","addr":"新北市淡水區民權里民權路217號","npurp":"A250421台電","app_name":"新北市政府新建工程處","tc_na":"得豐電氣工程股份有限公司","co_ti":"時段性施工，115年04月23日起115年05月06日止，共14日。夜間22時至隔日06時","start_date":"2026-04-23","end_date":"2026-05-06","status_label":"已核發許可證"}},{"type":"Feature","geometry":{"type":"Point","coordinates":[121.46695510490844,25.1616987767111]},"properties":{"permit_id":"347130","city":"new_taipei","city_label":"新北市","district":"淡水區","district_display":"淡水區","addr":"新北市淡水區竿蓁里坪頂路147-1號","npurp":"C250004雲水綠境管理委員會","app_name":"淡水區公所","tc_na":"得豐電氣工程股份有限公司","co_ti":"時段性施工，115年04月23日起115年04月24日止，共2日。日間09時至16時；時段性施工，115年04月27日起115年04月30日止，共4日。日間09時至16時；時段性施工，115年05月04日起115年05月08日止，共5日。日間09時至16時；時段性施工，115年05月11日起115年05月13日止，共3日。日間09時至16時","start_date":"2026-04-23","end_date":"2026-05-13","status_label":"已核發許可證"}},{"type":"Feature","geometry":{"type":"Point","coordinates":[121.42182968992914,25.18281702528994]},"properties":{"permit_id":"347344","city":"new_taipei","city_label":"新北市","district":"淡水區","district_display":"淡水區","addr":"新北市淡水區大庄里淡海路111號","npurp":"3260304交通部公路局北區公路新建工程分局","app_name":"淡水區公所","tc_na":"得豐電氣工程股份有限公司","co_ti":"時段性施工，115年04月30日起115年05月13日止，共14日。日間09時至16時","start_date":"2026-04-30","end_date":"2026-05-13","status_label":"已核發許可證"}},{"type":"Feature","geometry":{"type":"Point","coordinates":[121.59978142445104,25.00505714186447]},"properties":{"permit_id":"340460","city":"new_taipei","city_label":"新北市","district":"深坑區","district_display":"深坑區","addr":"新北市深坑區萬福里北深路三段189巷1弄1號","npurp":"新北市深坑區北深路三段189巷、192巷206巷、243巷、286巷汰換管線工程","app_name":"深坑區公所","tc_na":"華盛工程有限公司","co_ti":"時段性施工，114年10月14日起115年06月30日止，共260日。自訂日間09時至17時","start_date":"2025-10-14","end_date":"2026-06-30","status_label":"已核發許可證"}},{"type":"Feature","geometry":{"type":"Point","coordinates":[121.80491597403754,25.110746940506928]},"properties":{"permit_id":"346036","city":"new_taipei","city_label":"新北市","district":"瑞芳區","district_display":"瑞芳區","addr":"新北市瑞芳區龍山里逢甲路一段187號","npurp":"瑞芳區逢甲路270巷新設排水管涵工程","app_name":"新北市政府工務局","tc_na":"明秀營造有限公司","co_ti":"時段性施工，115年03月25日起115年04月02日止，共9日。日間09時至16時；第1次變更：時段性施工，115年04月13日起115年04月21日止，共9日。(日間09時至16時)(展延)；第2次變更：時段性施工，115年04月25日起115年05月03日止，共9日。(日間09時至16時)(展延)","start_date":"2026-03-25","end_date":"2026-05-03","status_label":"已核發許可證"}},{"type":"Feature","geometry":{"type":"Point","coordinates":[121.6482806493963,25.009816658239192]},"properties":{"permit_id":"347372","city":"new_taipei","city_label":"新北市","district":"石碇區","district_display":"石碇區","addr":"新北市石碇區隆盛里靜安路一段","npurp":"自來水漏水緊急搶修","app_name":"新北市政府工務局","tc_na":"上弘泰股份有限公司","co_ti":"連續性施工，115年04月23日07時起115年04月24日23時止，共2日。；時段性施工，115年05月11日起115年05月15日止，共5日。日間09時至16時；時段性施工，115年05月18日起115年05月19日止，共2日。日間09時至16時","start_date":"2026-04-23","end_date":"2026-05-19","status_label":"已核發許可證"}},{"type":"Feature","geometry":{"type":"Point","coordinates":[121.53838758803607,25.290936704373927]},"properties":{"permit_id":"340718","city":"new_taipei","city_label":"新北市","district":"石門區","district_display":"石門區","addr":"新北市石門區富基里楓林路23-10號","npurp":"新北市石門區楓林路汰換管線工程","app_name":"石門區公所","tc_na":"麗寶工程顧問有限公司","co_ti":"時段性施工，114年10月13日起114年10月27日止，共15日。自訂日間08時至17時；時段性施工，114年10月28日起114年11月11日止，共15日。自訂日間08時至17時；第1次變更：連續性施工，115年04月22日00時起115年05月06日23時止，共15日。(展延)","start_date":"2025-10-13","end_date":"2026-05-06","status_label":"已核發許可證"}},{"type":"Feature","geometry":{"type":"Point","coordinates":[121.53763314944676,25.291133875971614]},"properties":{"permit_id":"342230","city":"new_taipei","city_label":"新北市","district":"石門區","district_display":"石門區","addr":"新北市石門區富基里楓林路23-10號","npurp":"新北市石門區楓林路汰換管線工程","app_name":"石門區公所","tc_na":"麗寶工程顧問有限公司","co_ti":"時段性施工，114年11月04日起114年11月18日止，共15日。自訂日間08時至17時；第1次變更：時段性施工，114年12月09日起114年12月16日止，共8日。(自訂日間08時至17時)(展延)；第2次變更：時段性施工，115年01月05日起115年01月16日止，共12日。(自訂日間08時至17時)(展延)；第3次變更：連續性施工，115年04月22日00時起115年05月06日23時止，共15日。(展延)","start_date":"2025-11-04","end_date":"2026-05-06","status_label":"已核發許可證"}},{"type":"Feature","geometry":{"type":"Point","coordinates":[121.53606861967016,25.29089264380115]},"properties":{"permit_id":"344191","city":"new_taipei","city_label":"新北市","district":"石門區","district_display":"石門區","addr":"新北市石門區富基里楓林路18號","npurp":"新北市石門區楓林路汰換管線工程","app_name":"石門區公所","tc_na":"麗寶工程顧問有限公司","co_ti":"時段性施工，115年01月05日起115年01月23日止，共19日。自訂日間08時至17時；第1次變更：連續性施工，115年04月22日00時起115年05月06日23時止，共15日。(展延)","start_date":"2026-01-05","end_date":"2026-05-06","status_label":"已核發許可證"}},{"type":"Feature","geometry":{"type":"Point","coordinates":[121.5355763472742,25.290876825217516]},"properties":{"permit_id":"344192","city":"new_taipei","city_label":"新北市","district":"石門區","district_display":"石門區","addr":"新北市石門區富基里崁子路19-2號","npurp":"新北市石門區楓林路汰換管線工程","app_name":"石門區公所","tc_na":"麗寶工程顧問有限公司","co_ti":"時段性施工，115年01月12日起115年01月30日止，共19日。自訂日間08時至17時；第1次變更：連續性施工，115年04月22日00時起115年05月06日23時止，共15日。(展延)","start_date":"2026-01-12","end_date":"2026-05-06","status_label":"已核發許可證"}},{"type":"Feature","geometry":{"type":"Point","coordinates":[121.6871357695618,25.19530887522333]},"properties":{"permit_id":"343293","city":"new_taipei","city_label":"新北市","district":"萬里區","district_display":"萬里區","addr":"新北市萬里區龜吼里漁澳路41號","npurp":"(7250201)4D0099B-設計課申請用電","app_name":"萬里區公所","tc_na":"墨格工程有限公司","co_ti":"時段性施工，114年12月22日起114年12月26日止，共5日。自訂日間09時至17時；時段性施工，114年12月29日起114年12月31日止，共3日。自訂日間09時至17時；時段性施工，115年01月02日起115年01月02日止，共1日。自訂日間09時至17時；時段性施工，115年01月05日起115年01月05日止，共1日。自訂日間09時至17時；第1次變更：時段性施工，115年03月07日起115年03月22日止，共16日。(自訂日間09時至17時)(展延)；第2次變更：時段性施工，115年04月23日起115年04月24日止，共2日。(自訂夜間20時至隔日06時)(展延)；第3次變更：時段性施工，115年04月27日起115年04月30日止，共4日。(自訂夜間20時至隔日06時)(展延)；第4次變更：時段性施工，115年05月04日起115年05月08日止，共5日。(自訂夜間20時至隔日06時)(展延)","start_date":"2025-12-22","end_date":"2026-05-08","status_label":"已核發許可證"}},{"type":"Feature","geometry":{"type":"Point","coordinates":[121.47412571287605,25.07976404286616]},"properties":{"permit_id":"342562","city":"new_taipei","city_label":"新北市","district":"蘆洲區","district_display":"蘆洲區","addr":"新北市蘆洲區樹德里中山一路197巷8弄","npurp":"蘆洲區民生街、中山一路、鷺江街及信義路巷弄等汰換管線工程","app_name":"蘆洲區公所","tc_na":"祥昌水管工程股份有限公司","co_ti":"時段性施工，114年12月15日起115年01月11日止，共28日。自訂日間09時至16時；第1次變更：時段性施工，115年01月17日起115年01月25日止，共9日。(日間09時至16時)(展延)；第2次變更：時段性施工，115年03月04日起115年03月31日止，共28日。(自訂日間09時至16時)(展延)；第3次變更：時段性施工，115年05月01日起115年05月28日止，共28日。(自訂日間09時至16時)(展延)","start_date":"2025-12-15","end_date":"2026-05-28","status_label":"已核發許可證"}},{"type":"Feature","geometry":{"type":"Point","coordinates":[121.47636838687038,25.08058999466364]},"properties":{"permit_id":"345275","city":"new_taipei","city_label":"新北市","district":"蘆洲區","district_display":"蘆洲區","addr":"新北市蘆洲區溪墘里中山一路95巷20弄104號","npurp":"蘆洲服務所114-115年度管線設備維修工程","app_name":"蘆洲區公所","tc_na":"芝銘有限公司","co_ti":"連續性施工，115年03月02日09時起115年03月04日23時止，共3日。；時段性施工，115年05月04日起115年05月09日止，共6日。日間09時至16時","start_date":"2026-03-02","end_date":"2026-05-09","status_label":"已核發許可證"}},{"type":"Feature","geometry":{"type":"Point","coordinates":[121.46244884301652,25.080881857664323]},"properties":{"permit_id":"345604","city":"new_taipei","city_label":"新北市","district":"蘆洲區","district_display":"蘆洲區","addr":"新北市蘆洲區九芎里中華街57號","npurp":"蘆洲服務所114-115年度管線設備維修工程","app_name":"蘆洲區公所","tc_na":"芝銘有限公司","co_ti":"連續性施工，115年03月09日09時起115年03月11日23時止，共3日。；時段性施工，115年05月04日起115年05月09日止，共6日。日間09時至16時","start_date":"2026-03-09","end_date":"2026-05-09","status_label":"已核發許可證"}},{"type":"Feature","geometry":{"type":"Point","coordinates":[121.47411710336767,25.09322853139895]},"properties":{"permit_id":"345784","city":"new_taipei","city_label":"新北市","district":"蘆洲區","district_display":"蘆洲區","addr":"新北市蘆洲區水河里民族路422巷48弄5號","npurp":"蘆洲服務所114-115年度管線設備維修工程","app_name":"蘆洲區公所","tc_na":"芝銘有限公司","co_ti":"連續性施工，115年03月12日09時起115年03月14日23時止，共3日。；時段性施工，115年05月04日起115年05月09日止，共6日。日間09時至16時","start_date":"2026-03-12","end_date":"2026-05-09","status_label":"已核發許可證"}},{"type":"Feature","geometry":{"type":"Point","coordinates":[121.46732983089348,25.08866982578519]},"properties":{"permit_id":"345881","city":"new_taipei","city_label":"新北市","district":"蘆洲區","district_display":"蘆洲區","addr":"新北市蘆洲區保佑里民族路451號","npurp":"蘆洲服務所114-115年度管線設備維修工程","app_name":"蘆洲區公所","tc_na":"芝銘有限公司","co_ti":"連續性施工，115年03月14日09時起115年03月16日23時止，共3日。；時段性施工，115年05月04日起115年05月09日止，共6日。日間09時至16時","start_date":"2026-03-14","end_date":"2026-05-09","status_label":"已核發許可證"}},{"type":"Feature","geometry":{"type":"Point","coordinates":[121.47388414986268,25.09354138256811]},"properties":{"permit_id":"345899","city":"new_taipei","city_label":"新北市","district":"蘆洲區","district_display":"蘆洲區","addr":"新北市蘆洲區水河里民族路422巷70弄10號","npurp":"蘆洲服務所114-115年度管線設備維修工程","app_name":"蘆洲區公所","tc_na":"芝銘有限公司","co_ti":"連續性施工，115年03月16日09時起115年03月18日23時止，共3日。；時段性施工，115年05月04日起115年05月09日止，共6日。日間09時至16時","start_date":"2026-03-16","end_date":"2026-05-09","status_label":"已核發許可證"}},{"type":"Feature","geometry":{"type":"Point","coordinates":[121.45560444161184,25.08450851851337]},"properties":{"permit_id":"345949","city":"new_taipei","city_label":"新北市","district":"蘆洲區","district_display":"蘆洲區","addr":"新北市蘆洲區永康里環堤大道78號","npurp":"蘆洲服務所114-115年度管線設備維修工程","app_name":"蘆洲區公所","tc_na":"芝銘有限公司","co_ti":"連續性施工，115年03月17日09時起115年03月19日23時止，共3日。；時段性施工，115年05月04日起115年05月09日止，共6日。日間09時至16時","start_date":"2026-03-17","end_date":"2026-05-09","status_label":"已核發許可證"}},{"type":"Feature","geometry":{"type":"Point","coordinates":[121.47434849034062,25.079090786446173]},"properties":{"permit_id":"343907","city":"new_taipei","city_label":"新北市","district":"蘆洲區","district_display":"蘆洲區","addr":"新北市蘆洲區得仁里中山一路218巷2號","npurp":"蘆洲區民生街、中山一路、鷺江街及信義路巷弄等汰換管線工程","app_name":"蘆洲區公所","tc_na":"祥昌水管工程股份有限公司","co_ti":"時段性施工，115年03月20日起115年04月16日止，共28日。自訂日間09時至16時；第1次變更：時段性施工，115年04月17日起115年05月14日止，共28日。(自訂日間09時至16時)(展延)","start_date":"2026-03-20","end_date":"2026-05-14","status_label":"已核發許可證"}},{"type":"Feature","geometry":{"type":"Point","coordinates":[121.46602489888303,25.078716614836]},"properties":{"permit_id":"346066","city":"new_taipei","city_label":"新北市","district":"蘆洲區","district_display":"蘆洲區","addr":"新北市蘆洲區永安里九芎街153巷5號","npurp":"蘆洲九芎街153巷5號~29號前中低壓汰換工程","app_name":"蘆洲區公所","tc_na":"東松工程有限公司","co_ti":"時段性施工，115年03月23日起115年03月31日止，共9日。日間09時至16時；第1次變更：時段性施工，115年04月27日起115年05月08日止，共12日。(日間09時至16時)(展延)","start_date":"2026-03-23","end_date":"2026-05-08","status_label":"已核發許可證"}},{"type":"Feature","geometry":{"type":"Point","coordinates":[121.46243220806532,25.0818585052588]},"properties":{"permit_id":"346549","city":"new_taipei","city_label":"新北市","district":"蘆洲區","district_display":"蘆洲區","addr":"新北市蘆洲區忠義里長安街102巷51號","npurp":"蘆洲服務所114-115年度管線設備維修工程","app_name":"蘆洲區公所","tc_na":"芝銘有限公司","co_ti":"連續性施工，115年03月31日09時起115年04月02日23時止，共3日。；時段性施工，115年05月04日起115年05月09日止，共6日。日間09時至16時","start_date":"2026-03-31","end_date":"2026-05-09","status_label":"已核發許可證"}},{"type":"Feature","geometry":{"type":"Point","coordinates":[121.46764150119874,25.08256559704268]},"properties":{"permit_id":"346647","city":"new_taipei","city_label":"新北市","district":"蘆洲區","district_display":"蘆洲區","addr":"新北市蘆洲區中華里光華路87巷","npurp":"蘆洲服務所114-115年度管線設備維修工程","app_name":"蘆洲區公所","tc_na":"芝銘有限公司","co_ti":"連續性施工，115年04月02日09時起115年04月04日23時止，共3日。；時段性施工，115年05月04日起115年05月09日止，共6日。日間09時至16時","start_date":"2026-04-02","end_date":"2026-05-09","status_label":"已核發許可證"}},{"type":"Feature","geometry":{"type":"Point","coordinates":[121.46759582137555,25.088459461868894]},"properties":{"permit_id":"347248","city":"new_taipei","city_label":"新北市","district":"蘆洲區","district_display":"蘆洲區","addr":"新北市蘆洲區保佑里中正路192巷2弄2號","npurp":"B14A5390B蘆洲區公所申請用電","app_name":"蘆洲區公所","tc_na":"金樹水電工程有限公司","co_ti":"時段性施工，115年04月28日起115年05月12日止，共15日。日間09時至16時","start_date":"2026-04-28","end_date":"2026-05-12","status_label":"已核發許可證"}},{"type":"Feature","geometry":{"type":"Point","coordinates":[121.63298172531356,25.2252568301364]},"properties":{"permit_id":"347088","city":"new_taipei","city_label":"新北市","district":"金山區","district_display":"金山區","addr":"新北市金山區美田里中山路401巷5號","npurp":"紅樹林管道工程","app_name":"金山區公所","tc_na":"杰昇工程有限公司","co_ti":"時段性施工，115年04月27日起115年05月05日止，共9日。自訂日間09時至16時","start_date":"2026-04-27","end_date":"2026-05-05","status_label":"已核發許可證"}},{"type":"Feature","geometry":{"type":"Point","coordinates":[121.33737284171734,24.957197590470003]},"properties":{"permit_id":"321994","city":"new_taipei","city_label":"新北市","district":"鶯歌區","district_display":"鶯歌區","addr":"新北市鶯歌區永吉里鶯桃路173號","npurp":"新北市三峽區、鶯歌區污水下水道系統第二期工程污水管線第十標","app_name":"新北市政府工務局","tc_na":"宏錩工程有限公司","co_ti":"時段性施工，113年07月03日起113年12月17日止，共168日。日間09時至16時；第1次變更：時段性施工，113年12月18日起114年01月14日止，共28日。(日間09時至16時)(展延)；第2次變更：時段性施工，114年02月15日起114年06月11日止，共117日。(日間09時至16時)(展延)；第3次變更：時段性施工，114年06月13日起114年10月31日止，共141日。(日間09時至16時)(展延)；第4次變更：時段性施工，114年11月07日起115年02月01日止，共87日。(日間09時至16時)(展延)；第5次變更：時段性施工，115年03月04日起115年03月31日止，共28日。(日間09時至16時)(展延)；第6次變更：時段性施工，115年04月01日起116年04月01日止，共366日。(日間09時至16時)(展延)","start_date":"2024-07-03","end_date":"2027-04-01","status_label":"已核發許可證"}},{"type":"Feature","geometry":{"type":"Point","coordinates":[121.33528434439611,24.95829404936614]},"properties":{"permit_id":"328088","city":"new_taipei","city_label":"新北市","district":"鶯歌區","district_display":"鶯歌區","addr":"新北市鶯歌區永吉里永吉街1號","npurp":"新北市三峽區、鶯歌區污水下水道系統第二期工程第十標","app_name":"鶯歌區公所","tc_na":"宏錩工程有限公司","co_ti":"時段性施工，113年10月28日起114年05月15日止，共200日。日間09時至16時；第1次變更：時段性施工，114年08月01日起114年12月31日止，共153日。(日間09時至16時)(展延)；第2次變更：時段性施工，115年03月24日起115年10月31日止，共222日。(日間09時至16時)(展延)","start_date":"2024-10-28","end_date":"2026-10-31","status_label":"已核發許可證"}},{"type":"Feature","geometry":{"type":"Point","coordinates":[121.33437958406957,24.967031156471176]},"properties":{"permit_id":"329570","city":"new_taipei","city_label":"新北市","district":"鶯歌區","district_display":"鶯歌區","addr":"新北市鶯歌區鳳鳴里鶯桃路411號","npurp":"新北市三峽區、鶯歌區污水下水道系統第二期工程污水管線第十標","app_name":"鶯歌區公所","tc_na":"宏錩工程有限公司","co_ti":"時段性施工，113年12月09日起114年10月27日止，共323日。日間09時至16時；第1次變更：時段性施工，114年10月28日起115年10月31日止，共369日。(自訂日間09時至16時)(展延)","start_date":"2024-12-09","end_date":"2026-10-31","status_label":"已核發許可證"}},{"type":"Feature","geometry":{"type":"Point","coordinates":[121.33243293667472,24.96026960155657]},"properties":{"permit_id":"332954","city":"new_taipei","city_label":"新北市","district":"鶯歌區","district_display":"鶯歌區","addr":"新北市鶯歌區永吉里鶯桃路301號","npurp":"新北市三峽區、鶯歌區污水下水道系統第二期工程污水管線第十標","app_name":"鶯歌區公所","tc_na":"宏錩工程有限公司","co_ti":"時段性施工，114年03月17日起115年01月20日止，共310日。日間09時至16時；第1次變更：時段性施工，115年01月21日起115年12月31日止，共345日。(日間09時至16時)(展延)","start_date":"2025-03-17","end_date":"2026-12-31","status_label":"已核發許可證"}},{"type":"Feature","geometry":{"type":"Point","coordinates":[121.33314241022282,24.957754479708772]},"properties":{"permit_id":"333965","city":"new_taipei","city_label":"新北市","district":"鶯歌區","district_display":"鶯歌區","addr":"新北市鶯歌區永吉里德昌二街13號","npurp":"新北市三峽區、鶯歌區污水下水道系統第二期工程污水管線第十標","app_name":"鶯歌區公所","tc_na":"宏錩工程有限公司","co_ti":"時段性施工，114年04月01日起114年10月15日止，共198日。日間09時至16時；第1次變更：時段性施工，114年10月16日起115年02月13日止，共121日。(日間09時至16時)(展延)；第2次變更：時段性施工，115年03月04日起115年06月30日止，共119日。(日間09時至16時)(展延)","start_date":"2025-04-01","end_date":"2026-06-30","status_label":"已核發許可證"}},{"type":"Feature","geometry":{"type":"Point","coordinates":[121.33634413072303,24.95938670605064]},"properties":{"permit_id":"340811","city":"new_taipei","city_label":"新北市","district":"鶯歌區","district_display":"鶯歌區","addr":"新北市鶯歌區永吉里鶯桃路117號","npurp":"新北市三峽區、鶯歌區污水下水道系統第二期工程污水管線第十標","app_name":"新北市政府捷運工程局","tc_na":"宏錩工程有限公司","co_ti":"時段性施工，114年10月07日起114年12月25日止，共80日。日間09時至16時；第1次變更：時段性施工，114年12月26日起115年06月30日止，共187日。(日間09時至16時)(展延)","start_date":"2025-10-07","end_date":"2026-06-30","status_label":"已核發許可證"}},{"type":"Feature","geometry":{"type":"Point","coordinates":[121.34029897226075,24.947992788077272]},"properties":{"permit_id":"341284","city":"new_taipei","city_label":"新北市","district":"鶯歌區","district_display":"鶯歌區","addr":"新北市鶯歌區尖山里八德路2巷","npurp":"鶯歌區八德路1200mm汰換管線工程","app_name":"新北市政府工務局","tc_na":"全江工程有限公司","co_ti":"第23次變更：時段性施工，115年03月17日起115年03月19日止，共3日。(日間09時至16時)(展延)；第24次變更：連續性施工，115年03月20日22時起115年03月22日23時止，共3日。(展延)；第25次變更：時段性施工，115年03月23日起115年03月26日止，共4日。(日間09時至16時)(展延)；第26次變更：連續性施工，115年03月27日22時起115年03月29日23時止，共3日。(展延)；第27次變更：時段性施工，115年03月30日起115年04月02日止，共4日。(日間09時至16時)(展延)；第28次變更：連續性施工，115年04月03日22時起115年04月05日23時止，共3日。(展延)；第29次變更：時段性施工，115年04月06日起115年04月09日止，共4日。(日間09時至16時)(展延)；第30次變更：連續性施工，115年04月10日22時起115年04月12日23時止，共3日。(展延)；第31次變更：時段性施工，115年04月13日起115年04月16日止，共4日。(日間09時至16時)(展延)；第32次變更：連續性施工，115年04月17日22時起115年04月19日23時止，共3日。(展延)；第33次變更：時段性施工，115年04月20日起115年04月23日止，共4日。(日間09時至16時)(展延)；第34次變更：連續性施工，115年04月24日22時起115年04月26日23時止，共3日。(展延)；第35次變更：時段性施工，115年04月27日起115年04月30日止，共4日。(日間09時至16時)(展延)；第36次變更：連續性施工，115年05月01日22時起115年05月03日23時止，共3日。(展延)；第37次變更：時段性施工，115年05月04日起115年05月07日止，共4日。(日間09時至16時)(展延)；第38次變更：連續性施工，115年05月08日21時起115年05月10日23時止，共3日。(展延)；第39次變更：時段性施工，115年05月11日起115年05月14日止，共4日。(日間09時至16時)(展延)；第40次變更：連續性施工，115年05月15日22時起115年05月17日23時止，共3日。(展延)；第41次變更：時段性施工，115年05月18日起115年05月21日止，共4日。(日間09時至16時)(展延)；第42次變更：連續性施工，115年05月22日22時起115年05月24日23時止，共3日。(展延)；第43次變更：時段性施工，115年05月25日起115年05月28日止，共4日。(日間09時至16時)(展延)；第44次變更：連續性施工，115年05月29日22時起115年05月31日23時止，共3日。(展延)；第45次變更：時段性施工，115年06月01日起115年06月04日止，共4日。(日間09時至16時)(展延)；第46次變更：連續性施工，115年06月05日22時起115年06月07日23時止，共3日。(展延)；第47次變更：時段性施工，115年06月08日起115年06月11日止，共4日。(日間09時至16時)(展延)；第48次變更：連續性施工，115年06月12日22時起115年06月14日23時止，共3日。(展延)；第49次變更：時段性施工，115年06月15日起115年06月18日止，共4日。(日間09時至16時)(展延)；第50次變更：連續性施工，115年06月19日22時起115年06月21日23時止，共3日。(展延)；第51次變更：時段性施工，115年06月22日起115年06月25日止，共4日。(日間09時至16時)(展延)；第52次變更：連續性施工，115年06月26日22時起115年06月28日23時止，共3日。(展延)；第53次變更：時段性施工，115年06月29日起115年07月02日止，共4日。(日間09時至16時)(展延)；第54次變更：連續性施工，115年07月03日22時起115年07月05日23時止，共3日。(展延)；第55次變更：時段性施工，115年07月06日起115年07月09日止，共4日。(日間09時至16時)(展延)；第56次變更：連續性施工，115年07月10日22時起115年07月12日23時止，共3日。(展延)；第57次變更：時段性施工，115年07月13日起115年07月16日止，共4日。(日間09時至16時)(展延)；第58次變更：連續性施工，115年07月17日22時起115年07月19日23時止，共3日。(展延)；第59次變更：時段性施工，115年07月20日起115年07月23日止，共4日。(日間09時至16時)(展延)；第60次變更：連續性施工，115年0","start_date":"2025-10-27","end_date":"2026-08-30","status_label":"已核發許可證"}},{"type":"Feature","geometry":{"type":"Point","coordinates":[121.35058663159914,24.943967582418026]},"properties":{"permit_id":"345332","city":"new_taipei","city_label":"新北市","district":"鶯歌區","district_display":"鶯歌區","addr":"新北市鶯歌區南靖里文化路324巷38號","npurp":"自來水漏水緊急搶修工程(文化路324巷38號)","app_name":"鶯歌區公所","tc_na":"易原工程有限公司","co_ti":"連續性施工，115年03月03日09時起115年03月05日17時止，共3日。；連續性施工，115年04月06日09時起115年04月08日17時止，共3日。；連續性施工，115年04月11日09時起115年04月12日17時止，共2日。；時段性施工，115年04月18日起115年04月24日止，共7日。日間09時至16時；第1次變更：時段性施工，115年05月04日起115年05月10日止，共7日。(日間09時至16時)(展延)","start_date":"2026-03-03","end_date":"2026-05-10","status_label":"已核發許可證"}},{"type":"Feature","geometry":{"type":"Point","coordinates":[121.33114976586036,24.975704671116823]},"properties":{"permit_id":"344859","city":"new_taipei","city_label":"新北市","district":"鶯歌區","district_display":"鶯歌區","addr":"新北市鶯歌區鳳福里鳳三路372號","npurp":"1261160號配合新北市政府水利局","app_name":"鶯歌區公所","tc_na":"玖泰工程股份有限公司","co_ti":"時段性施工，115年03月04日起115年03月13日止，共10日。日間09時至16時；第1次變更：時段性施工，115年04月17日起115年04月26日止，共10日。(日間09時至16時)(展延)；第2次變更：時段性施工，115年04月28日起115年05月07日止，共10日。(日間09時至16時)(展延)","start_date":"2026-03-04","end_date":"2026-05-07","status_label":"已核發許可證"}},{"type":"Feature","geometry":{"type":"Point","coordinates":[121.3397620004554,24.95745272796825]},"properties":{"permit_id":"344592","city":"new_taipei","city_label":"新北市","district":"鶯歌區","district_display":"鶯歌區","addr":"新北市鶯歌區永昌里鶯桃路182巷96弄16號","npurp":"用戶用水設備新裝工程(鶯歌區鶯桃路182巷96巷16號)","app_name":"鶯歌區公所","tc_na":"易原工程有限公司","co_ti":"時段性施工，115年03月09日起115年03月14日止，共6日。日間09時至16時；時段性施工，115年03月16日起115年03月18日止，共3日。日間09時至16時；第1次變更：時段性施工，115年03月19日起115年03月25日止，共7日。(日間09時至16時)(展延)；第2次變更：時段性施工，115年03月26日起115年03月28日止，共3日。(日間09時至16時)(展延)；第3次變更：時段性施工，115年03月30日起115年03月31日止，共2日。(日間09時至16時)(展延)；第4次變更：時段性施工，115年05月08日起115年05月09日止，共2日。(日間09時至16時)(展延)；第5次變更：時段性施工，115年05月11日起115年05月15日止，共5日。(日間09時至16時)(展延)","start_date":"2026-03-09","end_date":"2026-05-15","status_label":"已核發許可證"}},{"type":"Feature","geometry":{"type":"Point","coordinates":[121.32946075942164,24.9335192272951]},"properties":{"permit_id":"346568","city":"new_taipei","city_label":"新北市","district":"鶯歌區","district_display":"鶯歌區","addr":"新北市鶯歌區二橋里中正三路335巷36之2號","npurp":"自來水漏水緊急搶修工程(中正三路335巷36之2號)","app_name":"鶯歌區公所","tc_na":"易原工程有限公司","co_ti":"連續性施工，115年03月31日09時起115年04月02日17時止，共3日。；時段性施工，115年05月04日起115年05月10日止，共7日。日間09時至16時","start_date":"2026-03-31","end_date":"2026-05-10","status_label":"已核發許可證"}},{"type":"Feature","geometry":{"type":"Point","coordinates":[121.34987604207652,24.954377225180234]},"properties":{"permit_id":"346587","city":"new_taipei","city_label":"新北市","district":"鶯歌區","district_display":"鶯歌區","addr":"新北市鶯歌區南鶯里南雅路9號","npurp":"自來水漏水緊急搶修工程(南雅路9號)","app_name":"鶯歌區公所","tc_na":"易原工程有限公司","co_ti":"連續性施工，115年04月01日09時起115年04月03日17時止，共3日。；時段性施工，115年05月04日起115年05月10日止，共7日。日間09時至16時","start_date":"2026-04-01","end_date":"2026-05-10","status_label":"已核發許可證"}},{"type":"Feature","geometry":{"type":"Point","coordinates":[121.33761185091984,24.950944328483843]},"properties":{"permit_id":"345673","city":"new_taipei","city_label":"新北市","district":"鶯歌區","district_display":"鶯歌區","addr":"新北市鶯歌區永昌里建國路405巷","npurp":"114年度北區處工業用戶天然氣設置單價發包工程-奇鈺精密鑄造公司天然氣新設工程","app_name":"鶯歌區公所","tc_na":"凱基工程股份有限公司","co_ti":"時段性施工，115年04月06日起115年04月14日止，共9日。日間09時至16時；第1次變更：時段性施工，115年04月15日起115年04月28日止，共14日。(日間09時至16時)(展延)；第2次變更：時段性施工，115年04月29日起115年05月12日止，共14日。(日間09時至16時)(展延)","start_date":"2026-04-06","end_date":"2026-05-12","status_label":"已核發許可證"}},{"type":"Feature","geometry":{"type":"Point","coordinates":[121.33692935818716,24.940238602988263]},"properties":{"permit_id":"346746","city":"new_taipei","city_label":"新北市","district":"鶯歌區","district_display":"鶯歌區","addr":"新北市鶯歌區二橋里中正三路151號","npurp":"/孔蓋提升工程G515331","app_name":"鶯歌區公所","tc_na":"良銓營造有限公司","co_ti":"時段性施工，115年04月14日起115年04月18日止，共5日。日間09時至16時；第1次變更：時段性施工，115年05月04日起115年05月08日止，共5日。(日間09時至16時)(展延)","start_date":"2026-04-14","end_date":"2026-05-08","status_label":"已核發許可證"}},{"type":"Feature","geometry":{"type":"Point","coordinates":[121.33289851130452,24.959971452813598]},"properties":{"permit_id":"346712","city":"new_taipei","city_label":"新北市","district":"鶯歌區","district_display":"鶯歌區","addr":"新北市鶯歌區鳳祥里德昌街74號","npurp":"/孔蓋提升工程G515341","app_name":"鶯歌區公所","tc_na":"良銓營造有限公司","co_ti":"時段性施工，115年04月16日起115年04月17日止，共2日。日間09時至16時；第1次變更：時段性施工，115年05月04日起115年05月08日止，共5日。(日間09時至16時)(展延)","start_date":"2026-04-16","end_date":"2026-05-08","status_label":"已核發許可證"}},{"type":"Feature","geometry":{"type":"Point","coordinates":[121.37846901593817,24.963384690167945]},"properties":{"permit_id":"346736","city":"new_taipei","city_label":"新北市","district":"鶯歌區","district_display":"鶯歌區","addr":"新北市鶯歌區建德里中正一路","npurp":"/孔蓋提升工程G515211","app_name":"鶯歌區公所","tc_na":"良銓營造有限公司","co_ti":"時段性施工，115年04月16日起115年04月17日止，共2日。日間09時至16時；第1次變更：時段性施工，115年05月04日起115年05月08日止，共5日。(日間09時至16時)(展延)","start_date":"2026-04-16","end_date":"2026-05-08","status_label":"已核發許可證"}},{"type":"Feature","geometry":{"type":"Point","coordinates":[121.33455792901384,24.938985714060056]},"properties":{"permit_id":"347230","city":"new_taipei","city_label":"新北市","district":"鶯歌區","district_display":"鶯歌區","addr":"新北市鶯歌區二橋里中正三路235號","npurp":"地下消防栓盒周邊破損改善工程(中正三路235號)","app_name":"鶯歌區公所","tc_na":"易原工程有限公司","co_ti":"連續性施工，115年04月18日11時起115年04月19日20時止，共2日。；時段性施工，115年04月27日起115年05月03日止，共7日。夜間22時至隔日06時；第1次變更：時段性施工，115年05月04日起115年05月10日止，共7日。(夜間22時至隔日06時)(展延)","start_date":"2026-04-18","end_date":"2026-05-10","status_label":"已核發許可證"}},{"type":"Feature","geometry":{"type":"Point","coordinates":[121.532496122035,25.04590943854185]},"properties":{"permit_id":"112001840","city":"taipei","city_label":"臺北市","district":"中山","district_display":"中山區","addr":"新生北路1段36號及松江路交會路口，沿新生北路1段，至新生北路2段(橋旁平面道路)與林森北路383巷交叉口旁中山DS變電所","npurp":"其他(行政院核定國家重大公共建設工程)","app_name":"台電輸變電","tc_na":"日商鹿島營造股份有限公司","co_ti":"日間施工9時至17時(專案交通維持計劃核定)","start_date":"2023-05-22","end_date":"2026-12-31","status_label":"施工中"}},{"type":"Feature","geometry":{"type":"Point","coordinates":[121.53240493496736,25.045888197287837]},"properties":{"permit_id":"112001840","city":"taipei","city_label":"臺北市","district":"中山","district_display":"中山區","addr":"新生北路1段36號及松江路交會路口，沿新生北路1段，至新生北路2段(橋旁平面道路)與林森北路383巷交叉口旁中山DS變電所","npurp":"其他(行政院核定國家重大公共建設工程)","app_name":"台電輸變電","tc_na":"日商鹿島營造股份有限公司","co_ti":"潛盾洞道日夜間24小時施工(經專案交通維持計劃核定)","start_date":"2026-01-01","end_date":"2026-12-31","status_label":"施工中"}},{"type":"Feature","geometry":{"type":"Point","coordinates":[121.55621657881152,25.084551972121805]},"properties":{"permit_id":"114003091","city":"taipei","city_label":"臺北市","district":"中山","district_display":"中山區","addr":"敬業二路(植福路至北安路口間)，北安路(敬業二路至敬業三路口間，東西向車道)，敬業三路(植福路口至121號前)","npurp":"市政建設(捷運局-捷運工程)","app_name":"捷運一工處(東區)","tc_na":"大陸工程股份有限公司","co_ti":"24小時全日施工(經專案交維核定，另交通尖峰時段(日間7時至9時、17時至19時)工程車輛不得進出工區)","start_date":"2026-01-01","end_date":"2034-09-18","status_label":"施工中"}},{"type":"Feature","geometry":{"type":"Point","coordinates":[121.52207123371682,25.06481609657905]},"properties":{"permit_id":"11500704","city":"taipei","city_label":"臺北市","district":"中山","district_display":"中山區","addr":"中山北路3段與中山北路3段36巷交叉口西北角隅斜坡道改善工程及中山北路3段與民權西路1段交叉口西北角隅斜坡道工程等2項工程、中山區民權西路35號至47號人行道更新工程、中山區新生北路1段31號前斜坡道","npurp":"道路維護","app_name":"新工處","tc_na":"安宏營造有限公司","co_ti":"自8時30分至17時00分；工區24小時圍設; 依交維計畫訂定時間施工","start_date":"2026-04-13","end_date":"2026-06-15","status_label":"施工中"}},{"type":"Feature","geometry":{"type":"Point","coordinates":[121.52230694473816,25.06291975356872]},"properties":{"permit_id":"11500704","city":"taipei","city_label":"臺北市","district":"中山","district_display":"中山區","addr":"中山北路3段與中山北路3段36巷交叉口西北角隅斜坡道改善工程及中山北路3段與民權西路1段交叉口西北角隅斜坡道工程等2項工程、中山區民權西路35號至47號人行道更新工程、中山區新生北路1段31號前斜坡道","npurp":"道路維護","app_name":"新工處","tc_na":"安宏營造有限公司","co_ti":"自8時30分至17時00分；工區24小時圍設; 依交維計畫訂定時間施工","start_date":"2026-04-13","end_date":"2026-06-15","status_label":"施工中"}},{"type":"Feature","geometry":{"type":"Point","coordinates":[121.52236863651298,25.062929476454137]},"properties":{"permit_id":"11500704","city":"taipei","city_label":"臺北市","district":"中山","district_display":"中山區","addr":"中山北路3段與中山北路3段36巷交叉口西北角隅斜坡道改善工程及中山北路3段與民權西路1段交叉口西北角隅斜坡道工程等2項工程、中山區民權西路35號至47號人行道更新工程、中山區新生北路1段31號前斜坡道","npurp":"道路維護","app_name":"新工處","tc_na":"安宏營造有限公司","co_ti":"自8時30分至17時00分；工區24小時圍設; 依交維計畫訂定時間施工","start_date":"2026-04-13","end_date":"2026-06-15","status_label":"施工中"}},{"type":"Feature","geometry":{"type":"Point","coordinates":[121.53097048106842,25.04721828241277]},"properties":{"permit_id":"11500704","city":"taipei","city_label":"臺北市","district":"中山","district_display":"中山區","addr":"中山北路3段與中山北路3段36巷交叉口西北角隅斜坡道改善工程及中山北路3段與民權西路1段交叉口西北角隅斜坡道工程等2項工程、中山區民權西路35號至47號人行道更新工程、中山區新生北路1段31號前斜坡道","npurp":"道路維護","app_name":"新工處","tc_na":"安宏營造有限公司","co_ti":"自8時30分至17時00分；工區24小時圍設; 依交維計畫訂定時間施工","start_date":"2026-04-13","end_date":"2026-06-15","status_label":"施工中"}},{"type":"Feature","geometry":{"type":"Point","coordinates":[121.52230694473816,25.06291975356872]},"properties":{"permit_id":"11500704","city":"taipei","city_label":"臺北市","district":"中山","district_display":"中山區","addr":"中山北路3段與中山北路3段36巷交叉口西北角隅斜坡道改善工程及中山北路3段與民權西路1段交叉口西北角隅斜坡道工程等2項工程、中山區民權西路35號至47號人行道更新工程、中山區新生北路1段31號前斜坡道","npurp":"道路維護","app_name":"新工處","tc_na":"安宏營造有限公司","co_ti":"自8時30分至17時00分；工區24小時圍設; 依交維計畫訂定時間施工","start_date":"2026-04-13","end_date":"2026-06-15","status_label":"施工中"}},{"type":"Feature","geometry":{"type":"Point","coordinates":[121.52236863651298,25.062929476454137]},"properties":{"permit_id":"11500704","city":"taipei","city_label":"臺北市","district":"中山","district_display":"中山區","addr":"中山北路3段與中山北路3段36巷交叉口西北角隅斜坡道改善工程及中山北路3段與民權西路1段交叉口西北角隅斜坡道工程等2項工程、中山區民權西路35號至47號人行道更新工程、中山區新生北路1段31號前斜坡道","npurp":"道路維護","app_name":"新工處","tc_na":"安宏營造有限公司","co_ti":"自8時30分至17時00分；工區24小時圍設; 依交維計畫訂定時間施工","start_date":"2026-04-13","end_date":"2026-06-15","status_label":"施工中"}},{"type":"Feature","geometry":{"type":"Point","coordinates":[121.53097048106842,25.04721828241277]},"properties":{"permit_id":"11500704","city":"taipei","city_label":"臺北市","district":"中山","district_display":"中山區","addr":"中山北路3段與中山北路3段36巷交叉口西北角隅斜坡道改善工程及中山北路3段與民權西路1段交叉口西北角隅斜坡道工程等2項工程、中山區民權西路35號至47號人行道更新工程、中山區新生北路1段31號前斜坡道","npurp":"道路維護","app_name":"新工處","tc_na":"安宏營造有限公司","co_ti":"自8時30分至17時00分；工區24小時圍設; 依交維計畫訂定時間施工","start_date":"2026-04-13","end_date":"2026-06-15","status_label":"施工中"}},{"type":"Feature","geometry":{"type":"Point","coordinates":[121.522062192798,25.06493271675968]},"properties":{"permit_id":"11500704","city":"taipei","city_label":"臺北市","district":"中山","district_display":"中山區","addr":"中山北路3段與中山北路3段36巷交叉口西北角隅斜坡道改善工程及中山北路3段與民權西路1段交叉口西北角隅斜坡道工程等2項工程、中山區民權西路35號至47號人行道更新工程、中山區新生北路1段31號前斜坡道","npurp":"道路維護","app_name":"新工處","tc_na":"安宏營造有限公司","co_ti":"自8時30分至17時00分；工區24小時圍設; 依交維計畫訂定時間施工","start_date":"2026-04-13","end_date":"2026-06-15","status_label":"施工中"}},{"type":"Feature","geometry":{"type":"Point","coordinates":[121.52086525038855,25.062998721460048]},"properties":{"permit_id":"11500704","city":"taipei","city_label":"臺北市","district":"中山","district_display":"中山區","addr":"中山北路3段與中山北路3段36巷交叉口西北角隅斜坡道改善工程及中山北路3段與民權西路1段交叉口西北角隅斜坡道工程等2項工程、中山區民權西路35號至47號人行道更新工程、中山區新生北路1段31號前斜坡道","npurp":"道路維護","app_name":"新工處","tc_na":"安宏營造有限公司","co_ti":"自8時30分至17時00分；工區24小時圍設; 依交維計畫訂定時間施工","start_date":"2026-04-13","end_date":"2026-06-15","status_label":"施工中"}},{"type":"Feature","geometry":{"type":"Point","coordinates":[121.52124076798422,25.06295984699813]},"properties":{"permit_id":"11500704","city":"taipei","city_label":"臺北市","district":"中山","district_display":"中山區","addr":"中山北路3段與中山北路3段36巷交叉口西北角隅斜坡道改善工程及中山北路3段與民權西路1段交叉口西北角隅斜坡道工程等2項工程、中山區民權西路35號至47號人行道更新工程、中山區新生北路1段31號前斜坡道","npurp":"道路維護","app_name":"新工處","tc_na":"安宏營造有限公司","co_ti":"自8時30分至17時00分；工區24小時圍設; 依交維計畫訂定時間施工","start_date":"2026-04-13","end_date":"2026-06-15","status_label":"施工中"}},{"type":"Feature","geometry":{"type":"Point","coordinates":[121.52124076798422,25.06295984699813]},"properties":{"permit_id":"11500704","city":"taipei","city_label":"臺北市","district":"中山","district_display":"中山區","addr":"中山北路3段與中山北路3段36巷交叉口西北角隅斜坡道改善工程及中山北路3段與民權西路1段交叉口西北角隅斜坡道工程等2項工程、中山區民權西路35號至47號人行道更新工程、中山區新生北路1段31號前斜坡道","npurp":"道路維護","app_name":"新工處","tc_na":"安宏營造有限公司","co_ti":"自8時30分至17時00分；工區24小時圍設; 依交維計畫訂定時間施工","start_date":"2026-04-13","end_date":"2026-06-15","status_label":"施工中"}},{"type":"Feature","geometry":{"type":"Point","coordinates":[121.52124076798422,25.06295984699813]},"properties":{"permit_id":"11500704","city":"taipei","city_label":"臺北市","district":"中山","district_display":"中山區","addr":"中山北路3段與中山北路3段36巷交叉口西北角隅斜坡道改善工程及中山北路3段與民權西路1段交叉口西北角隅斜坡道工程等2項工程、中山區民權西路35號至47號人行道更新工程、中山區新生北路1段31號前斜坡道","npurp":"道路維護","app_name":"新工處","tc_na":"安宏營造有限公司","co_ti":"自8時30分至17時00分；工區24小時圍設; 依交維計畫訂定時間施工","start_date":"2026-04-13","end_date":"2026-06-15","status_label":"施工中"}},{"type":"Feature","geometry":{"type":"Point","coordinates":[121.53106016881569,25.053242646518505]},"properties":{"permit_id":"11500828","city":"taipei","city_label":"臺北市","district":"中山","district_display":"中山區","addr":"松江路132巷17號","npurp":"道路維護","app_name":"水利處","tc_na":"安宏營造有限公司","co_ti":"自09時00分至18時00分; 依交維計畫訂定時間施工","start_date":"2026-04-18","end_date":"2026-05-08","status_label":"施工中"}},{"type":"Feature","geometry":{"type":"Point","coordinates":[121.53111341567936,25.05353373769285]},"properties":{"permit_id":"11500828","city":"taipei","city_label":"臺北市","district":"中山","district_display":"中山區","addr":"松江路132巷17號","npurp":"道路維護","app_name":"水利處","tc_na":"安宏營造有限公司","co_ti":"自09時00分至18時00分; 依交維計畫訂定時間施工","start_date":"2026-04-18","end_date":"2026-05-08","status_label":"施工中"}},{"type":"Feature","geometry":{"type":"Point","coordinates":[121.53106016881569,25.053242646518505]},"properties":{"permit_id":"11500828","city":"taipei","city_label":"臺北市","district":"中山","district_display":"中山區","addr":"松江路132巷17號","npurp":"道路維護","app_name":"水利處","tc_na":"安宏營造有限公司","co_ti":"自09時00分至18時00分; 依交維計畫訂定時間施工","start_date":"2026-04-18","end_date":"2026-05-08","status_label":"施工中"}},{"type":"Feature","geometry":{"type":"Point","coordinates":[121.53111341567936,25.05353373769285]},"properties":{"permit_id":"11500828","city":"taipei","city_label":"臺北市","district":"中山","district_display":"中山區","addr":"松江路132巷17號","npurp":"道路維護","app_name":"水利處","tc_na":"安宏營造有限公司","co_ti":"自09時00分至18時00分; 依交維計畫訂定時間施工","start_date":"2026-04-18","end_date":"2026-05-08","status_label":"施工中"}},{"type":"Feature","geometry":{"type":"Point","coordinates":[121.53105500398468,25.05324695331704]},"properties":{"permit_id":"11500828","city":"taipei","city_label":"臺北市","district":"中山","district_display":"中山區","addr":"松江路132巷17號","npurp":"道路維護","app_name":"水利處","tc_na":"安宏營造有限公司","co_ti":"自09時00分至18時00分; 依交維計畫訂定時間施工","start_date":"2026-04-18","end_date":"2026-05-08","status_label":"施工中"}},{"type":"Feature","geometry":{"type":"Point","coordinates":[121.56308359595164,25.076206290134607]},"properties":{"permit_id":"11500852","city":"taipei","city_label":"臺北市","district":"中山","district_display":"中山區","addr":"(中山、大同區)民生東路2段76號等16處零星修繕工程(設施修復)","npurp":"道路維護","app_name":"新工處","tc_na":"聖東營造股份有限公司","co_ti":"自08時00分至18時00分; 依交維計畫訂定時間施工","start_date":"2026-04-23","end_date":"2026-05-15","status_label":"施工中"}},{"type":"Feature","geometry":{"type":"Point","coordinates":[121.51319499174387,25.0768214483628]},"properties":{"permit_id":"11500852","city":"taipei","city_label":"臺北市","district":"中山","district_display":"中山區","addr":"(中山、大同區)民生東路2段76號等16處零星修繕工程(設施修復)","npurp":"道路維護","app_name":"新工處","tc_na":"聖東營造股份有限公司","co_ti":"自08時00分至18時00分; 依交維計畫訂定時間施工","start_date":"2026-04-23","end_date":"2026-05-15","status_label":"施工中"}},{"type":"Feature","geometry":{"type":"Point","coordinates":[121.51318694511976,25.07685060069159]},"properties":{"permit_id":"11500852","city":"taipei","city_label":"臺北市","district":"中山","district_display":"中山區","addr":"(中山、大同區)民生東路2段76號等16處零星修繕工程(設施修復)","npurp":"道路維護","app_name":"新工處","tc_na":"聖東營造股份有限公司","co_ti":"自08時00分至18時00分; 依交維計畫訂定時間施工","start_date":"2026-04-23","end_date":"2026-05-15","status_label":"施工中"}},{"type":"Feature","geometry":{"type":"Point","coordinates":[121.51315744461772,25.07685059434903]},"properties":{"permit_id":"11500852","city":"taipei","city_label":"臺北市","district":"中山","district_display":"中山區","addr":"(中山、大同區)民生東路2段76號等16處零星修繕工程(設施修復)","npurp":"道路維護","app_name":"新工處","tc_na":"聖東營造股份有限公司","co_ti":"自08時00分至18時00分; 依交維計畫訂定時間施工","start_date":"2026-04-23","end_date":"2026-05-15","status_label":"施工中"}},{"type":"Feature","geometry":{"type":"Point","coordinates":[121.5350064645983,25.06223984990036]},"properties":{"permit_id":"11500852","city":"taipei","city_label":"臺北市","district":"中山","district_display":"中山區","addr":"(中山、大同區)民生東路2段76號等16處零星修繕工程(設施修復)","npurp":"道路維護","app_name":"新工處","tc_na":"聖東營造股份有限公司","co_ti":"自08時00分至18時00分; 依交維計畫訂定時間施工","start_date":"2026-04-23","end_date":"2026-05-15","status_label":"施工中"}},{"type":"Feature","geometry":{"type":"Point","coordinates":[121.53036345651682,25.057869816622382]},"properties":{"permit_id":"11500852","city":"taipei","city_label":"臺北市","district":"中山","district_display":"中山區","addr":"(中山、大同區)民生東路2段76號等16處零星修繕工程(設施修復)","npurp":"道路維護","app_name":"新工處","tc_na":"聖東營造股份有限公司","co_ti":"自08時00分至18時00分; 依交維計畫訂定時間施工","start_date":"2026-04-23","end_date":"2026-05-15","status_label":"施工中"}},{"type":"Feature","geometry":{"type":"Point","coordinates":[121.53298950209444,25.06063332017533]},"properties":{"permit_id":"11500852","city":"taipei","city_label":"臺北市","district":"中山","district_display":"中山區","addr":"(中山、大同區)民生東路2段76號等16處零星修繕工程(設施修復)","npurp":"道路維護","app_name":"新工處","tc_na":"聖東營造股份有限公司","co_ti":"自08時00分至18時00分; 依交維計畫訂定時間施工","start_date":"2026-04-23","end_date":"2026-05-15","status_label":"施工中"}},{"type":"Feature","geometry":{"type":"Point","coordinates":[121.53792274396136,25.059549968829767]},"properties":{"permit_id":"11500852","city":"taipei","city_label":"臺北市","district":"中山","district_display":"中山區","addr":"(中山、大同區)民生東路2段76號等16處零星修繕工程(設施修復)","npurp":"道路維護","app_name":"新工處","tc_na":"聖東營造股份有限公司","co_ti":"自08時00分至18時00分; 依交維計畫訂定時間施工","start_date":"2026-04-23","end_date":"2026-05-15","status_label":"施工中"}},{"type":"Feature","geometry":{"type":"Point","coordinates":[121.53957252581095,25.06562702836858]},"properties":{"permit_id":"11500852","city":"taipei","city_label":"臺北市","district":"中山","district_display":"中山區","addr":"(中山、大同區)民生東路2段76號等16處零星修繕工程(設施修復)","npurp":"道路維護","app_name":"新工處","tc_na":"聖東營造股份有限公司","co_ti":"自08時00分至18時00分; 依交維計畫訂定時間施工","start_date":"2026-04-23","end_date":"2026-05-15","status_label":"施工中"}},{"type":"Feature","geometry":{"type":"Point","coordinates":[121.53792274396136,25.059549968829767]},"properties":{"permit_id":"11500852","city":"taipei","city_label":"臺北市","district":"中山","district_display":"中山區","addr":"(中山、大同區)民生東路2段76號等16處零星修繕工程(設施修復)","npurp":"道路維護","app_name":"新工處","tc_na":"聖東營造股份有限公司","co_ti":"自08時00分至18時00分; 依交維計畫訂定時間施工","start_date":"2026-04-23","end_date":"2026-05-15","status_label":"施工中"}},{"type":"Feature","geometry":{"type":"Point","coordinates":[121.53792475220344,25.05956272722285]},"properties":{"permit_id":"11500852","city":"taipei","city_label":"臺北市","district":"中山","district_display":"中山區","addr":"(中山、大同區)民生東路2段76號等16處零星修繕工程(設施修復)","npurp":"道路維護","app_name":"新工處","tc_na":"聖東營造股份有限公司","co_ti":"自08時00分至18時00分; 依交維計畫訂定時間施工","start_date":"2026-04-23","end_date":"2026-05-15","status_label":"施工中"}},{"type":"Feature","geometry":{"type":"Point","coordinates":[121.5421989125974,25.047692352063653]},"properties":{"permit_id":"11500852","city":"taipei","city_label":"臺北市","district":"中山","district_display":"中山區","addr":"(中山、大同區)民生東路2段76號等16處零星修繕工程(設施修復)","npurp":"道路維護","app_name":"新工處","tc_na":"聖東營造股份有限公司","co_ti":"自08時00分至18時00分; 依交維計畫訂定時間施工","start_date":"2026-04-23","end_date":"2026-05-15","status_label":"施工中"}},{"type":"Feature","geometry":{"type":"Point","coordinates":[121.53829496312112,25.05000570908429]},"properties":{"permit_id":"11500852","city":"taipei","city_label":"臺北市","district":"中山","district_display":"中山區","addr":"(中山、大同區)民生東路2段76號等16處零星修繕工程(設施修復)","npurp":"道路維護","app_name":"新工處","tc_na":"聖東營造股份有限公司","co_ti":"自08時00分至18時00分; 依交維計畫訂定時間施工","start_date":"2026-04-23","end_date":"2026-05-15","status_label":"施工中"}},{"type":"Feature","geometry":{"type":"Point","coordinates":[121.53298591105812,25.0580847121845]},"properties":{"permit_id":"11500852","city":"taipei","city_label":"臺北市","district":"中山","district_display":"中山區","addr":"(中山、大同區)民生東路2段76號等16處零星修繕工程(設施修復)","npurp":"道路維護","app_name":"新工處","tc_na":"聖東營造股份有限公司","co_ti":"自08時00分至18時00分; 依交維計畫訂定時間施工","start_date":"2026-04-23","end_date":"2026-05-15","status_label":"施工中"}},{"type":"Feature","geometry":{"type":"Point","coordinates":[121.53314869478363,25.05010991832066]},"properties":{"permit_id":"11500892","city":"taipei","city_label":"臺北市","district":"中山","district_display":"中山區","addr":"中山區松江路（松江路77巷至南京東路2段）、南京東路2段（南京東路2段214巷至復興北路）、復興北路（南京東路3段至朱崙街）斜坡道改善工程","npurp":"道路維護","app_name":"新工處","tc_na":"安宏營造有限公司","co_ti":"自8時30分至17時00分；工區24小時圍設; 依交維計畫訂定時間施工","start_date":"2026-04-23","end_date":"2026-05-22","status_label":"施工中"}},{"type":"Feature","geometry":{"type":"Point","coordinates":[121.53314869478363,25.05010991832066]},"properties":{"permit_id":"11500892","city":"taipei","city_label":"臺北市","district":"中山","district_display":"中山區","addr":"中山區松江路（松江路77巷至南京東路2段）、南京東路2段（南京東路2段214巷至復興北路）、復興北路（南京東路3段至朱崙街）斜坡道改善工程","npurp":"道路維護","app_name":"新工處","tc_na":"安宏營造有限公司","co_ti":"自8時30分至17時00分；工區24小時圍設; 依交維計畫訂定時間施工","start_date":"2026-04-23","end_date":"2026-05-22","status_label":"施工中"}},{"type":"Feature","geometry":{"type":"Point","coordinates":[121.53314869478363,25.05010991832066]},"properties":{"permit_id":"11500892","city":"taipei","city_label":"臺北市","district":"中山","district_display":"中山區","addr":"中山區松江路（松江路77巷至南京東路2段）、南京東路2段（南京東路2段214巷至復興北路）、復興北路（南京東路3段至朱崙街）斜坡道改善工程","npurp":"道路維護","app_name":"新工處","tc_na":"安宏營造有限公司","co_ti":"自8時30分至17時00分；工區24小時圍設; 依交維計畫訂定時間施工","start_date":"2026-04-23","end_date":"2026-05-22","status_label":"施工中"}},{"type":"Feature","geometry":{"type":"Point","coordinates":[121.53631425781556,25.07266737279933]},"properties":{"permit_id":"115000882","city":"taipei","city_label":"臺北市","district":"中山","district_display":"中山區","addr":"濱江街142號對面一帶","npurp":"市政建設(衛工處-污水管線)","app_name":"衛工處","tc_na":"翔益營造有限公司","co_ti":"日間施工9時30分至16時(人行道側臨時工作井採24小時圍設工程圍籬，施工車輛、機具及材料不得於交通尖峰時段進出工區)","start_date":"2026-04-27","end_date":"2026-07-15","status_label":"施工中"}},{"type":"Feature","geometry":{"type":"Point","coordinates":[121.53631475132468,25.07265550817286]},"properties":{"permit_id":"115000882","city":"taipei","city_label":"臺北市","district":"中山","district_display":"中山區","addr":"濱江街142號對面一帶","npurp":"市政建設(衛工處-污水管線)","app_name":"衛工處","tc_na":"翔益營造有限公司","co_ti":"日間施工9時30分至16時(人行道側臨時工作井採24小時圍設工程圍籬，施工車輛、機具及材料不得於交通尖峰時段進出工區)","start_date":"2026-04-27","end_date":"2026-07-15","status_label":"施工中"}},{"type":"Feature","geometry":{"type":"Point","coordinates":[121.5363147537575,25.07268337772101]},"properties":{"permit_id":"115000882","city":"taipei","city_label":"臺北市","district":"中山","district_display":"中山區","addr":"濱江街142號對面一帶","npurp":"市政建設(衛工處-污水管線)","app_name":"衛工處","tc_na":"翔益營造有限公司","co_ti":"日間施工9時30分至16時(人行道側臨時工作井採24小時圍設工程圍籬，施工車輛、機具及材料不得於交通尖峰時段進出工區)","start_date":"2026-04-27","end_date":"2026-07-15","status_label":"施工中"}},{"type":"Feature","geometry":{"type":"Point","coordinates":[121.52424818857908,25.065783321231603]},"properties":{"permit_id":"11500893","city":"taipei","city_label":"臺北市","district":"中山","district_display":"中山區","addr":"中山區雙城街(德惠街至農安街)雙號側人行道鋪面更新工程","npurp":"道路維護","app_name":"新工處","tc_na":"安宏營造有限公司","co_ti":"自8時30分至17時00分；工區24小時圍設; 依交維計畫訂定時間施工","start_date":"2026-04-27","end_date":"2026-06-05","status_label":"施工中"}},{"type":"Feature","geometry":{"type":"Point","coordinates":[121.52426763853772,25.066620018139886]},"properties":{"permit_id":"11500893","city":"taipei","city_label":"臺北市","district":"中山","district_display":"中山區","addr":"中山區雙城街(德惠街至農安街)雙號側人行道鋪面更新工程","npurp":"道路維護","app_name":"新工處","tc_na":"安宏營造有限公司","co_ti":"自8時30分至17時00分；工區24小時圍設; 依交維計畫訂定時間施工","start_date":"2026-04-27","end_date":"2026-06-05","status_label":"施工中"}},{"type":"Feature","geometry":{"type":"Point","coordinates":[121.52424014779837,25.06546140000898]},"properties":{"permit_id":"11500893","city":"taipei","city_label":"臺北市","district":"中山","district_display":"中山區","addr":"中山區雙城街(德惠街至農安街)雙號側人行道鋪面更新工程","npurp":"道路維護","app_name":"新工處","tc_na":"安宏營造有限公司","co_ti":"自8時30分至17時00分；工區24小時圍設; 依交維計畫訂定時間施工","start_date":"2026-04-27","end_date":"2026-06-05","status_label":"施工中"}},{"type":"Feature","geometry":{"type":"Point","coordinates":[121.52424818857908,25.065783321231603]},"properties":{"permit_id":"11500893","city":"taipei","city_label":"臺北市","district":"中山","district_display":"中山區","addr":"中山區雙城街(德惠街至農安街)雙號側人行道鋪面更新工程","npurp":"道路維護","app_name":"新工處","tc_na":"安宏營造有限公司","co_ti":"自8時30分至17時00分；工區24小時圍設; 依交維計畫訂定時間施工","start_date":"2026-04-27","end_date":"2026-06-05","status_label":"施工中"}},{"type":"Feature","geometry":{"type":"Point","coordinates":[121.53785742886824,25.059572874849085]},"properties":{"permit_id":"11500969","city":"taipei","city_label":"臺北市","district":"中山","district_display":"中山區","addr":"合江街130巷27號前","npurp":"道路維護","app_name":"水利處","tc_na":"安宏營造有限公司","co_ti":"自9時00分至18時00分; 依交維計畫訂定時間施工","start_date":"2026-04-29","end_date":"2026-05-05","status_label":"施工中"}},{"type":"Feature","geometry":{"type":"Point","coordinates":[121.51974293108722,25.02663180872807]},"properties":{"permit_id":"99015156","city":"taipei","city_label":"臺北市","district":"中正","district_display":"中正區","addr":"全市APP測試","npurp":"16","app_name":"新工處","tc_na":"鉅騰營造股份有限公司","co_ti":"日間施工9時至17時","start_date":"2010-08-17","end_date":"2110-12-31","status_label":"施工中"}},{"type":"Feature","geometry":{"type":"Point","coordinates":[121.54107708649128,25.02225831013524]},"properties":{"permit_id":"99015156","city":"taipei","city_label":"臺北市","district":"中正","district_display":"中正區","addr":"全市APP測試","npurp":"16","app_name":"新工處","tc_na":"鉅騰營造股份有限公司","co_ti":"日間施工9時至17時","start_date":"2010-08-17","end_date":"2110-12-31","status_label":"施工中"}},{"type":"Feature","geometry":{"type":"Point","coordinates":[121.5745340583874,25.03213586187073]},"properties":{"permit_id":"99015156","city":"taipei","city_label":"臺北市","district":"中正","district_display":"中正區","addr":"全市APP測試","npurp":"16","app_name":"新工處","tc_na":"鉅騰營造股份有限公司","co_ti":"日間施工9時至17時","start_date":"2010-08-17","end_date":"2110-12-31","status_label":"施工中"}},{"type":"Feature","geometry":{"type":"Point","coordinates":[121.5745340583874,25.03213586187073]},"properties":{"permit_id":"99015156","city":"taipei","city_label":"臺北市","district":"中正","district_display":"中正區","addr":"全市APP測試","npurp":"16","app_name":"新工處","tc_na":"鉅騰營造股份有限公司","co_ti":"日間施工9時至17時","start_date":"2010-08-17","end_date":"2110-12-31","status_label":"施工中"}},{"type":"Feature","geometry":{"type":"Point","coordinates":[121.51972318992816,25.02664993397267]},"properties":{"permit_id":"99015156","city":"taipei","city_label":"臺北市","district":"中正","district_display":"中正區","addr":"全市APP測試","npurp":"16","app_name":"新工處","tc_na":"鉅騰營造股份有限公司","co_ti":"日間施工9時至17時","start_date":"2010-08-17","end_date":"2110-12-31","status_label":"施工中"}},{"type":"Feature","geometry":{"type":"Point","coordinates":[121.51974293108722,25.02663180872807]},"properties":{"permit_id":"99015156","city":"taipei","city_label":"臺北市","district":"中正","district_display":"中正區","addr":"全市APP測試","npurp":"16","app_name":"新工處","tc_na":"鉅騰營造股份有限公司","co_ti":"日間施工9時至17時","start_date":"2010-08-17","end_date":"2110-12-31","status_label":"施工中"}},{"type":"Feature","geometry":{"type":"Point","coordinates":[121.57452440169418,25.032190067502484]},"properties":{"permit_id":"10100034","city":"taipei","city_label":"臺北市","district":"中正","district_display":"中正區","addr":"全區道路APP測試","npurp":"道路維護","app_name":"新工處","tc_na":"測試營造股份有限公司","co_ti":"; 依交維計畫訂定時間施工","start_date":"2012-07-25","end_date":"2034-12-31","status_label":"施工中"}},{"type":"Feature","geometry":{"type":"Point","coordinates":[121.50975252710975,25.030598501742396]},"properties":{"permit_id":"104003395","city":"taipei","city_label":"臺北市","district":"中正","district_display":"中正區","addr":"南海路南海路牯嶺街口至和平西路(含路口)穿越平房至西藏路惠安街","npurp":"市政建設(捷運局-捷運工程)","app_name":"捷運二工處(南區)","tc_na":"大陸工程股份有限公司","co_ti":"依交維計畫訂定時間施工","start_date":"2015-05-12","end_date":"2026-07-15","status_label":"施工中"}},{"type":"Feature","geometry":{"type":"Point","coordinates":[121.5097461061183,25.0305985237644]},"properties":{"permit_id":"104003395","city":"taipei","city_label":"臺北市","district":"中正","district_display":"中正區","addr":"南海路南海路牯嶺街口至和平西路(含路口)穿越平房至西藏路惠安街","npurp":"市政建設(捷運局-捷運工程)","app_name":"捷運二工處(南區)","tc_na":"大陸工程股份有限公司","co_ti":"依交維計畫訂定時間施工","start_date":"2015-05-12","end_date":"2026-07-15","status_label":"施工中"}},{"type":"Feature","geometry":{"type":"Point","coordinates":[121.5097461061183,25.0305985237644]},"properties":{"permit_id":"104003395","city":"taipei","city_label":"臺北市","district":"中正","district_display":"中正區","addr":"南海路南海路牯嶺街口至和平西路(含路口)穿越平房至西藏路惠安街","npurp":"市政建設(捷運局-捷運工程)","app_name":"捷運二工處(南區)","tc_na":"大陸工程股份有限公司","co_ti":"依交維計畫訂定時間施工","start_date":"2015-05-12","end_date":"2026-07-15","status_label":"施工中"}},{"type":"Feature","geometry":{"type":"Point","coordinates":[121.510488581695,25.03010477382868]},"properties":{"permit_id":"104003395","city":"taipei","city_label":"臺北市","district":"中正","district_display":"中正區","addr":"南海路南海路牯嶺街口至和平西路(含路口)穿越平房至西藏路惠安街","npurp":"市政建設(捷運局-捷運工程)","app_name":"捷運二工處(南區)","tc_na":"大陸工程股份有限公司","co_ti":"依交維計畫訂定時間施工","start_date":"2015-05-12","end_date":"2026-07-15","status_label":"施工中"}},{"type":"Feature","geometry":{"type":"Point","coordinates":[121.51483587520542,25.032106911387565]},"properties":{"permit_id":"106001039","city":"taipei","city_label":"臺北市","district":"中正","district_display":"中正區","addr":"南海路南海路:從羅斯福路至重慶南路口；南昌路:從南昌路一段51巷至南海路口；南海路至南昌路一段10巷邊10-2菸酒公司大門；牿嶺街:南海路至牿嶺街5巷口；重慶南路二段19巷:南海路至重慶南路二段19巷6號前。","npurp":"市政建設(捷運局-捷運工程)","app_name":"捷運二工處(南區)","tc_na":"大陸工程股份有限公司","co_ti":"依交維計畫訂定時段施工，避開日間7時至9時及夜間17時至19時","start_date":"2017-03-10","end_date":"2026-09-19","status_label":"施工中"}},{"type":"Feature","geometry":{"type":"Point","coordinates":[121.51494418972182,25.032163196545078]},"properties":{"permit_id":"106001039","city":"taipei","city_label":"臺北市","district":"中正","district_display":"中正區","addr":"南海路南海路:從羅斯福路至重慶南路口；南昌路:從南昌路一段51巷至南海路口；南海路至南昌路一段10巷邊10-2菸酒公司大門；牿嶺街:南海路至牿嶺街5巷口；重慶南路二段19巷:南海路至重慶南路二段19巷6號前。","npurp":"市政建設(捷運局-捷運工程)","app_name":"捷運二工處(南區)","tc_na":"大陸工程股份有限公司","co_ti":"依交維計畫訂定時段施工，避開日間7時至9時及夜間17時至19時","start_date":"2017-03-10","end_date":"2026-09-19","status_label":"施工中"}},{"type":"Feature","geometry":{"type":"Point","coordinates":[121.51494418972182,25.032163196545078]},"properties":{"permit_id":"106001039","city":"taipei","city_label":"臺北市","district":"中正","district_display":"中正區","addr":"南海路南海路:從羅斯福路至重慶南路口；南昌路:從南昌路一段51巷至南海路口；南海路至南昌路一段10巷邊10-2菸酒公司大門；牿嶺街:南海路至牿嶺街5巷口；重慶南路二段19巷:南海路至重慶南路二段19巷6號前。","npurp":"市政建設(捷運局-捷運工程)","app_name":"捷運二工處(南區)","tc_na":"大陸工程股份有限公司","co_ti":"依交維計畫訂定時段施工，避開日間7時至9時及夜間17時至19時","start_date":"2017-03-10","end_date":"2026-09-19","status_label":"施工中"}},{"type":"Feature","geometry":{"type":"Point","coordinates":[121.5003338409416,25.02637974015953]},"properties":{"permit_id":"106001240-1","city":"taipei","city_label":"臺北市","district":"中正","district_display":"中正區","addr":"西藏路西藏路段:從汀洲路一段路口至西藏路182旁(莒光路153巷口)。中華路二段315巷段:從西藏路口至中華路二段303巷口。萬大路段:從萬大路與西藏路口至萬大路322巷口。","npurp":"市政建設(捷運局-捷運工程)","app_name":"捷運二工處(南區)","tc_na":"大陸工程股份有限公司","co_ti":"依交維計畫訂定時間施工(避開上下午尖峰時段7-9、17-19)","start_date":"2017-04-05","end_date":"2026-09-19","status_label":"施工中"}},{"type":"Feature","geometry":{"type":"Point","coordinates":[121.50424768706004,25.030024141361466]},"properties":{"permit_id":"106001240-1","city":"taipei","city_label":"臺北市","district":"中正","district_display":"中正區","addr":"西藏路西藏路段:從汀洲路一段路口至西藏路182旁(莒光路153巷口)。中華路二段315巷段:從西藏路口至中華路二段303巷口。萬大路段:從萬大路與西藏路口至萬大路322巷口。","npurp":"市政建設(捷運局-捷運工程)","app_name":"捷運二工處(南區)","tc_na":"大陸工程股份有限公司","co_ti":"依交維計畫訂定時間施工(避開上下午尖峰時段7-9、17-19)","start_date":"2017-04-05","end_date":"2026-09-19","status_label":"施工中"}},{"type":"Feature","geometry":{"type":"Point","coordinates":[121.51622457864056,25.032461972724946]},"properties":{"permit_id":"106001039","city":"taipei","city_label":"臺北市","district":"中正","district_display":"中正區","addr":"南海路南海路:從羅斯福路至重慶南路口；南昌路:從南昌路一段51巷至南海路口；南海路至南昌路一段10巷邊10-2菸酒公司大門；牿嶺街:南海路至牿嶺街5巷口；重慶南路二段19巷:南海路至重慶南路二段19巷6號前。","npurp":"市政建設(捷運局-捷運工程)","app_name":"捷運二工處(南區)","tc_na":"大陸工程股份有限公司","co_ti":"依交維計畫訂定時段施工，避開日間7時至9時及夜間17時至19時","start_date":"2025-02-01","end_date":"2026-09-19","status_label":"施工中"}},{"type":"Feature","geometry":{"type":"Point","coordinates":[121.50429348486236,25.029917038867808]},"properties":{"permit_id":"106001240-1","city":"taipei","city_label":"臺北市","district":"中正","district_display":"中正區","addr":"西藏路西藏路段:從汀洲路一段路口至西藏路182旁(莒光路153巷口)。中華路二段315巷段:從西藏路口至中華路二段303巷口。萬大路段:從萬大路與西藏路口至萬大路322巷口。","npurp":"市政建設(捷運局-捷運工程)","app_name":"捷運二工處(南區)","tc_na":"大陸工程股份有限公司","co_ti":"依交維計畫訂定時間施工(避開上下午尖峰時段7-9、17-19)","start_date":"2025-02-20","end_date":"2026-09-19","status_label":"施工中"}},{"type":"Feature","geometry":{"type":"Point","coordinates":[121.5167710025086,25.02299798983873]},"properties":{"permit_id":"11302033-1","city":"taipei","city_label":"臺北市","district":"中正","district_display":"中正區","addr":"重慶南路3段道路、水源路及中正橋","npurp":"道路維護","app_name":"新工處","tc_na":"春原營造股份有限公司","co_ti":"自00時00分至23時59分","start_date":"2025-12-01","end_date":"2026-05-15","status_label":"施工中"}},{"type":"Feature","geometry":{"type":"Point","coordinates":[121.50418917912069,25.030010797664414]},"properties":{"permit_id":"115000657","city":"taipei","city_label":"臺北市","district":"中正","district_display":"中正區","addr":"西藏路與中華路2段口","npurp":"市政建設(自來水-計畫性汰管)","app_name":"自來水工總","tc_na":"桓展企業有限公司","co_ti":"(推進、斷管、連絡)夜間施工0時至24時，日間施工9時30分至16時","start_date":"2026-04-02","end_date":"2026-06-06","status_label":"施工中"}},{"type":"Feature","geometry":{"type":"Point","coordinates":[121.50418917912069,25.030010797664414]},"properties":{"permit_id":"115000657","city":"taipei","city_label":"臺北市","district":"中正","district_display":"中正區","addr":"西藏路與中華路2段口","npurp":"市政建設(自來水-計畫性汰管)","app_name":"自來水工總","tc_na":"桓展企業有限公司","co_ti":"(推進、斷管、連絡)夜間施工0時至24時，日間施工9時30分至16時","start_date":"2026-04-02","end_date":"2026-06-06","status_label":"施工中"}},{"type":"Feature","geometry":{"type":"Point","coordinates":[121.50418917912069,25.030010797664414]},"properties":{"permit_id":"115000657","city":"taipei","city_label":"臺北市","district":"中正","district_display":"中正區","addr":"西藏路與中華路2段口","npurp":"市政建設(自來水-計畫性汰管)","app_name":"自來水工總","tc_na":"桓展企業有限公司","co_ti":"(推進、斷管、連絡)夜間施工0時至24時，日間施工9時30分至16時","start_date":"2026-04-02","end_date":"2026-06-06","status_label":"施工中"}},{"type":"Feature","geometry":{"type":"Point","coordinates":[121.50418917912069,25.030010797664414]},"properties":{"permit_id":"115000657","city":"taipei","city_label":"臺北市","district":"中正","district_display":"中正區","addr":"西藏路與中華路2段口","npurp":"市政建設(自來水-計畫性汰管)","app_name":"自來水工總","tc_na":"桓展企業有限公司","co_ti":"(推進、斷管、連絡)夜間施工0時至24時，日間施工9時30分至16時","start_date":"2026-04-02","end_date":"2026-06-06","status_label":"施工中"}},{"type":"Feature","geometry":{"type":"Point","coordinates":[121.50418917912069,25.030010797664414]},"properties":{"permit_id":"115000657","city":"taipei","city_label":"臺北市","district":"中正","district_display":"中正區","addr":"西藏路與中華路2段口","npurp":"市政建設(自來水-計畫性汰管)","app_name":"自來水工總","tc_na":"桓展企業有限公司","co_ti":"(推進、斷管、連絡)夜間施工0時至24時，日間施工9時30分至16時","start_date":"2026-04-02","end_date":"2026-06-06","status_label":"施工中"}},{"type":"Feature","geometry":{"type":"Point","coordinates":[121.50448223320278,25.01982914653281]},"properties":{"permit_id":"11403924-1","city":"taipei","city_label":"臺北市","district":"中正","district_display":"中正區","addr":"水源快速道路(華中橋至師大路)南側人行道","npurp":"道路維護","app_name":"新工處","tc_na":"晉德營造有限公司","co_ti":"每日夜間0時至6時及日間10時至16時; 依交維計畫訂定時間施工","start_date":"2026-04-19","end_date":"2026-05-31","status_label":"施工中"}},{"type":"Feature","geometry":{"type":"Point","coordinates":[121.50448223320278,25.01982914653281]},"properties":{"permit_id":"11403924-1","city":"taipei","city_label":"臺北市","district":"中正","district_display":"中正區","addr":"水源快速道路(華中橋至師大路)南側人行道","npurp":"道路維護","app_name":"新工處","tc_na":"晉德營造有限公司","co_ti":"每日夜間0時至6時及日間10時至16時; 依交維計畫訂定時間施工","start_date":"2026-04-19","end_date":"2026-05-31","status_label":"施工中"}},{"type":"Feature","geometry":{"type":"Point","coordinates":[121.50461500056376,25.01992299480936]},"properties":{"permit_id":"11403924-1","city":"taipei","city_label":"臺北市","district":"中正","district_display":"中正區","addr":"水源快速道路(華中橋至師大路)南側人行道","npurp":"道路維護","app_name":"新工處","tc_na":"晉德營造有限公司","co_ti":"每日夜間0時至6時及日間10時至16時; 依交維計畫訂定時間施工","start_date":"2026-04-19","end_date":"2026-05-31","status_label":"施工中"}},{"type":"Feature","geometry":{"type":"Point","coordinates":[121.50448223320278,25.01982914653281]},"properties":{"permit_id":"11403924-1","city":"taipei","city_label":"臺北市","district":"中正","district_display":"中正區","addr":"水源快速道路(華中橋至師大路)南側人行道","npurp":"道路維護","app_name":"新工處","tc_na":"晉德營造有限公司","co_ti":"每日夜間0時至6時及日間10時至16時; 依交維計畫訂定時間施工","start_date":"2026-04-19","end_date":"2026-05-31","status_label":"施工中"}},{"type":"Feature","geometry":{"type":"Point","coordinates":[121.50448223320278,25.01982914653281]},"properties":{"permit_id":"11403924-1","city":"taipei","city_label":"臺北市","district":"中正","district_display":"中正區","addr":"水源快速道路(華中橋至師大路)南側人行道","npurp":"道路維護","app_name":"新工處","tc_na":"晉德營造有限公司","co_ti":"每日夜間0時至6時及日間10時至16時; 依交維計畫訂定時間施工","start_date":"2026-04-19","end_date":"2026-05-31","status_label":"施工中"}},{"type":"Feature","geometry":{"type":"Point","coordinates":[121.5046010021032,25.01993799290737]},"properties":{"permit_id":"11403924-1","city":"taipei","city_label":"臺北市","district":"中正","district_display":"中正區","addr":"水源快速道路(華中橋至師大路)南側人行道","npurp":"道路維護","app_name":"新工處","tc_na":"晉德營造有限公司","co_ti":"每日夜間0時至6時及日間10時至16時; 依交維計畫訂定時間施工","start_date":"2026-04-19","end_date":"2026-05-31","status_label":"施工中"}},{"type":"Feature","geometry":{"type":"Point","coordinates":[121.51312776342384,25.03510748710256]},"properties":{"permit_id":"11500743","city":"taipei","city_label":"臺北市","district":"中正","district_display":"中正區","addr":"愛國西路(博愛路至公園路)南側快車道積水改善工程","npurp":"道路維護","app_name":"新工處","tc_na":"鋐城營造有限公司","co_ti":"每日施工時間9時至16時；工區24小時圍設; 依交維計畫訂定時間施工","start_date":"2026-04-20","end_date":"2026-05-26","status_label":"施工中"}},{"type":"Feature","geometry":{"type":"Point","coordinates":[121.514565425945,25.03491307032752]},"properties":{"permit_id":"11500743","city":"taipei","city_label":"臺北市","district":"中正","district_display":"中正區","addr":"愛國西路(博愛路至公園路)南側快車道積水改善工程","npurp":"道路維護","app_name":"新工處","tc_na":"鋐城營造有限公司","co_ti":"每日施工時間9時至16時；工區24小時圍設; 依交維計畫訂定時間施工","start_date":"2026-04-20","end_date":"2026-05-26","status_label":"施工中"}},{"type":"Feature","geometry":{"type":"Point","coordinates":[121.514565425945,25.03491307032752]},"properties":{"permit_id":"11500743","city":"taipei","city_label":"臺北市","district":"中正","district_display":"中正區","addr":"愛國西路(博愛路至公園路)南側快車道積水改善工程","npurp":"道路維護","app_name":"新工處","tc_na":"鋐城營造有限公司","co_ti":"每日施工時間9時至16時；工區24小時圍設; 依交維計畫訂定時間施工","start_date":"2026-04-20","end_date":"2026-05-26","status_label":"施工中"}},{"type":"Feature","geometry":{"type":"Point","coordinates":[121.514565425945,25.03491307032752]},"properties":{"permit_id":"11500743","city":"taipei","city_label":"臺北市","district":"中正","district_display":"中正區","addr":"愛國西路(博愛路至公園路)南側快車道積水改善工程","npurp":"道路維護","app_name":"新工處","tc_na":"鋐城營造有限公司","co_ti":"每日施工時間9時至16時；工區24小時圍設; 依交維計畫訂定時間施工","start_date":"2026-04-20","end_date":"2026-05-26","status_label":"施工中"}},{"type":"Feature","geometry":{"type":"Point","coordinates":[121.514565425945,25.03491307032752]},"properties":{"permit_id":"11500743","city":"taipei","city_label":"臺北市","district":"中正","district_display":"中正區","addr":"愛國西路(博愛路至公園路)南側快車道積水改善工程","npurp":"道路維護","app_name":"新工處","tc_na":"鋐城營造有限公司","co_ti":"每日施工時間9時至16時；工區24小時圍設; 依交維計畫訂定時間施工","start_date":"2026-04-20","end_date":"2026-05-26","status_label":"施工中"}},{"type":"Feature","geometry":{"type":"Point","coordinates":[121.5138921872582,25.0349956958822]},"properties":{"permit_id":"11500743","city":"taipei","city_label":"臺北市","district":"中正","district_display":"中正區","addr":"愛國西路(博愛路至公園路)南側快車道積水改善工程","npurp":"道路維護","app_name":"新工處","tc_na":"鋐城營造有限公司","co_ti":"每日施工時間9時至16時；工區24小時圍設; 依交維計畫訂定時間施工","start_date":"2026-04-20","end_date":"2026-05-26","status_label":"施工中"}},{"type":"Feature","geometry":{"type":"Point","coordinates":[121.51217423326632,25.03518039219572]},"properties":{"permit_id":"11500743","city":"taipei","city_label":"臺北市","district":"中正","district_display":"中正區","addr":"愛國西路(博愛路至公園路)南側快車道積水改善工程","npurp":"道路維護","app_name":"新工處","tc_na":"鋐城營造有限公司","co_ti":"每日施工時間9時至16時；工區24小時圍設; 依交維計畫訂定時間施工","start_date":"2026-04-20","end_date":"2026-05-26","status_label":"施工中"}},{"type":"Feature","geometry":{"type":"Point","coordinates":[121.512682516636,25.03515852492447]},"properties":{"permit_id":"11500743","city":"taipei","city_label":"臺北市","district":"中正","district_display":"中正區","addr":"愛國西路(博愛路至公園路)南側快車道積水改善工程","npurp":"道路維護","app_name":"新工處","tc_na":"鋐城營造有限公司","co_ti":"每日施工時間9時至16時；工區24小時圍設; 依交維計畫訂定時間施工","start_date":"2026-04-20","end_date":"2026-05-26","status_label":"施工中"}},{"type":"Feature","geometry":{"type":"Point","coordinates":[121.512682516636,25.03515852492447]},"properties":{"permit_id":"11500743","city":"taipei","city_label":"臺北市","district":"中正","district_display":"中正區","addr":"愛國西路(博愛路至公園路)南側快車道積水改善工程","npurp":"道路維護","app_name":"新工處","tc_na":"鋐城營造有限公司","co_ti":"每日施工時間9時至16時；工區24小時圍設; 依交維計畫訂定時間施工","start_date":"2026-04-20","end_date":"2026-05-26","status_label":"施工中"}},{"type":"Feature","geometry":{"type":"Point","coordinates":[121.512682516636,25.03515852492447]},"properties":{"permit_id":"11500743","city":"taipei","city_label":"臺北市","district":"中正","district_display":"中正區","addr":"愛國西路(博愛路至公園路)南側快車道積水改善工程","npurp":"道路維護","app_name":"新工處","tc_na":"鋐城營造有限公司","co_ti":"每日施工時間9時至16時；工區24小時圍設; 依交維計畫訂定時間施工","start_date":"2026-04-20","end_date":"2026-05-26","status_label":"施工中"}},{"type":"Feature","geometry":{"type":"Point","coordinates":[121.51357199931536,25.03504698998948]},"properties":{"permit_id":"11500743","city":"taipei","city_label":"臺北市","district":"中正","district_display":"中正區","addr":"愛國西路(博愛路至公園路)南側快車道積水改善工程","npurp":"道路維護","app_name":"新工處","tc_na":"鋐城營造有限公司","co_ti":"每日施工時間9時至16時；工區24小時圍設; 依交維計畫訂定時間施工","start_date":"2026-04-20","end_date":"2026-05-26","status_label":"施工中"}},{"type":"Feature","geometry":{"type":"Point","coordinates":[121.512682516636,25.03515852492447]},"properties":{"permit_id":"11500743","city":"taipei","city_label":"臺北市","district":"中正","district_display":"中正區","addr":"愛國西路(博愛路至公園路)南側快車道積水改善工程","npurp":"道路維護","app_name":"新工處","tc_na":"鋐城營造有限公司","co_ti":"每日施工時間9時至16時；工區24小時圍設; 依交維計畫訂定時間施工","start_date":"2026-04-20","end_date":"2026-05-26","status_label":"施工中"}},{"type":"Feature","geometry":{"type":"Point","coordinates":[121.510488581695,25.03010477382868]},"properties":{"permit_id":"104003395","city":"taipei","city_label":"臺北市","district":"中正","district_display":"中正區","addr":"南海路南海路牯嶺街口至和平西路(含路口)穿越平房至西藏路惠安街","npurp":"市政建設(捷運局-捷運工程)","app_name":"捷運二工處(南區)","tc_na":"大陸工程股份有限公司","co_ti":"依交維計畫訂定時間施工","start_date":"2026-04-22","end_date":"2026-07-15","status_label":"施工中"}},{"type":"Feature","geometry":{"type":"Point","coordinates":[121.51603764394612,25.044086760554727]},"properties":{"permit_id":"11500853","city":"taipei","city_label":"臺北市","district":"中正","district_display":"中正區","addr":"秀明路二段(新光路一段至秀明路二段112巷)","npurp":"道路維護","app_name":"新工處","tc_na":"金煌營造有限公司","co_ti":"0800至1700; 依交維計畫訂定時間施工","start_date":"2026-04-23","end_date":"2026-07-01","status_label":"施工中"}},{"type":"Feature","geometry":{"type":"Point","coordinates":[121.51603563592488,25.04405213576611]},"properties":{"permit_id":"11500853","city":"taipei","city_label":"臺北市","district":"中正","district_display":"中正區","addr":"秀明路二段(新光路一段至秀明路二段112巷)","npurp":"道路維護","app_name":"新工處","tc_na":"金煌營造有限公司","co_ti":"0800至1700; 依交維計畫訂定時間施工","start_date":"2026-04-23","end_date":"2026-07-01","status_label":"施工中"}},{"type":"Feature","geometry":{"type":"Point","coordinates":[121.51603563592488,25.04405213576611]},"properties":{"permit_id":"11500853","city":"taipei","city_label":"臺北市","district":"中正","district_display":"中正區","addr":"秀明路二段(新光路一段至秀明路二段112巷)","npurp":"道路維護","app_name":"新工處","tc_na":"金煌營造有限公司","co_ti":"0800至1700; 依交維計畫訂定時間施工","start_date":"2026-04-23","end_date":"2026-07-01","status_label":"施工中"}},{"type":"Feature","geometry":{"type":"Point","coordinates":[121.51603563592488,25.04405213576611]},"properties":{"permit_id":"11500853","city":"taipei","city_label":"臺北市","district":"中正","district_display":"中正區","addr":"秀明路二段(新光路一段至秀明路二段112巷)","npurp":"道路維護","app_name":"新工處","tc_na":"金煌營造有限公司","co_ti":"0800至1700; 依交維計畫訂定時間施工","start_date":"2026-04-23","end_date":"2026-07-01","status_label":"施工中"}},{"type":"Feature","geometry":{"type":"Point","coordinates":[121.51603563592488,25.04405213576611]},"properties":{"permit_id":"11500853","city":"taipei","city_label":"臺北市","district":"中正","district_display":"中正區","addr":"秀明路二段(新光路一段至秀明路二段112巷)","npurp":"道路維護","app_name":"新工處","tc_na":"金煌營造有限公司","co_ti":"0800至1700; 依交維計畫訂定時間施工","start_date":"2026-04-23","end_date":"2026-07-01","status_label":"施工中"}},{"type":"Feature","geometry":{"type":"Point","coordinates":[121.51603563592488,25.04405213576611]},"properties":{"permit_id":"11500853","city":"taipei","city_label":"臺北市","district":"中正","district_display":"中正區","addr":"秀明路二段(新光路一段至秀明路二段112巷)","npurp":"道路維護","app_name":"新工處","tc_na":"金煌營造有限公司","co_ti":"0800至1700; 依交維計畫訂定時間施工","start_date":"2026-04-23","end_date":"2026-07-01","status_label":"施工中"}},{"type":"Feature","geometry":{"type":"Point","coordinates":[121.51575131693131,25.04406002952378]},"properties":{"permit_id":"11500853","city":"taipei","city_label":"臺北市","district":"中正","district_display":"中正區","addr":"秀明路二段(新光路一段至秀明路二段112巷)","npurp":"道路維護","app_name":"新工處","tc_na":"金煌營造有限公司","co_ti":"0800至1700; 依交維計畫訂定時間施工","start_date":"2026-04-23","end_date":"2026-07-01","status_label":"施工中"}},{"type":"Feature","geometry":{"type":"Point","coordinates":[121.51603563592488,25.04405213576611]},"properties":{"permit_id":"11500853","city":"taipei","city_label":"臺北市","district":"中正","district_display":"中正區","addr":"秀明路二段(新光路一段至秀明路二段112巷)","npurp":"道路維護","app_name":"新工處","tc_na":"金煌營造有限公司","co_ti":"0800至1700; 依交維計畫訂定時間施工","start_date":"2026-04-23","end_date":"2026-07-01","status_label":"施工中"}},{"type":"Feature","geometry":{"type":"Point","coordinates":[121.51575131693131,25.04406002952378]},"properties":{"permit_id":"11500853","city":"taipei","city_label":"臺北市","district":"中正","district_display":"中正區","addr":"秀明路二段(新光路一段至秀明路二段112巷)","npurp":"道路維護","app_name":"新工處","tc_na":"金煌營造有限公司","co_ti":"0800至1700; 依交維計畫訂定時間施工","start_date":"2026-04-23","end_date":"2026-07-01","status_label":"施工中"}},{"type":"Feature","geometry":{"type":"Point","coordinates":[121.51603563592488,25.04405213576611]},"properties":{"permit_id":"11500853","city":"taipei","city_label":"臺北市","district":"中正","district_display":"中正區","addr":"秀明路二段(新光路一段至秀明路二段112巷)","npurp":"道路維護","app_name":"新工處","tc_na":"金煌營造有限公司","co_ti":"0800至1700; 依交維計畫訂定時間施工","start_date":"2026-04-23","end_date":"2026-07-01","status_label":"施工中"}},{"type":"Feature","geometry":{"type":"Point","coordinates":[121.51506224108736,25.03294478407748]},"properties":{"permit_id":"11500861","city":"taipei","city_label":"臺北市","district":"中正","district_display":"中正區","addr":"湖口街(重慶南路2段7巷至南海路)雙側溝蓋更新工程","npurp":"道路維護","app_name":"新工處","tc_na":"鋐城營造有限公司","co_ti":"每日施工時間9時至17時；工區24小時圍設; 依交維計畫訂定時間施工","start_date":"2026-04-27","end_date":"2026-07-05","status_label":"施工中"}},{"type":"Feature","geometry":{"type":"Point","coordinates":[121.51462327159656,25.033412940521657]},"properties":{"permit_id":"11500861","city":"taipei","city_label":"臺北市","district":"中正","district_display":"中正區","addr":"湖口街(重慶南路2段7巷至南海路)雙側溝蓋更新工程","npurp":"道路維護","app_name":"新工處","tc_na":"鋐城營造有限公司","co_ti":"每日施工時間9時至17時；工區24小時圍設; 依交維計畫訂定時間施工","start_date":"2026-04-27","end_date":"2026-07-05","status_label":"施工中"}},{"type":"Feature","geometry":{"type":"Point","coordinates":[121.51474899806291,25.033241305119184]},"properties":{"permit_id":"11500861","city":"taipei","city_label":"臺北市","district":"中正","district_display":"中正區","addr":"湖口街(重慶南路2段7巷至南海路)雙側溝蓋更新工程","npurp":"道路維護","app_name":"新工處","tc_na":"鋐城營造有限公司","co_ti":"每日施工時間9時至17時；工區24小時圍設; 依交維計畫訂定時間施工","start_date":"2026-04-27","end_date":"2026-07-05","status_label":"施工中"}},{"type":"Feature","geometry":{"type":"Point","coordinates":[121.5144939431658,25.03374980263768]},"properties":{"permit_id":"11500861","city":"taipei","city_label":"臺北市","district":"中正","district_display":"中正區","addr":"湖口街(重慶南路2段7巷至南海路)雙側溝蓋更新工程","npurp":"道路維護","app_name":"新工處","tc_na":"鋐城營造有限公司","co_ti":"每日施工時間9時至17時；工區24小時圍設; 依交維計畫訂定時間施工","start_date":"2026-04-27","end_date":"2026-07-05","status_label":"施工中"}},{"type":"Feature","geometry":{"type":"Point","coordinates":[121.58519873631842,25.04180802782073]},"properties":{"permit_id":"105006940","city":"taipei","city_label":"臺北市","district":"信義","district_display":"信義區","addr":"福德街福德街/松山路口(向南至松山路639號前)至中坡南路/福德街西側(含巷道、林口街、大道路)，及中坡南路口往北60.2公尺/中坡南路201巷口36.2公尺","npurp":"市政建設(捷運局-捷運工程)","app_name":"捷運二工處(南區)","tc_na":"中華工程股份有限公司","co_ti":"日夜間施工(請依交維計畫施作)。","start_date":"2024-01-24","end_date":"2026-12-31","status_label":"施工中"}},{"type":"Feature","geometry":{"type":"Point","coordinates":[121.5785338521838,25.03634317705226]},"properties":{"permit_id":"105006940","city":"taipei","city_label":"臺北市","district":"信義","district_display":"信義區","addr":"福德街福德街/松山路口(向南至松山路639號前)至中坡南路/福德街西側(含巷道、林口街、大道路)，及中坡南路口往北60.2公尺/中坡南路201巷口36.2公尺","npurp":"市政建設(捷運局-捷運工程)","app_name":"捷運二工處(南區)","tc_na":"中華工程股份有限公司","co_ti":"日夜間施工(請依交維計畫施作)。","start_date":"2024-01-24","end_date":"2026-12-31","status_label":"施工中"}},{"type":"Feature","geometry":{"type":"Point","coordinates":[121.57596340813636,25.034622630251487]},"properties":{"permit_id":"11300943-5","city":"taipei","city_label":"臺北市","district":"信義","district_display":"信義區","addr":"信義路6段(26巷~76巷)","npurp":"道路維護","app_name":"捷運二工處(南區)","tc_na":"中華工程股份有限公司","co_ti":"日夜間施工24小時（施工車輛避開上下午尖峰時段7~9；17~19進出); 依交維計畫訂定時間施工","start_date":"2026-01-01","end_date":"2026-05-31","status_label":"施工中"}},{"type":"Feature","geometry":{"type":"Point","coordinates":[121.57605939856975,25.03472209032184]},"properties":{"permit_id":"11300943-5","city":"taipei","city_label":"臺北市","district":"信義","district_display":"信義區","addr":"信義路6段(26巷~76巷)","npurp":"道路維護","app_name":"捷運二工處(南區)","tc_na":"中華工程股份有限公司","co_ti":"日夜間施工24小時（施工車輛避開上下午尖峰時段7~9；17~19進出)","start_date":"2026-01-01","end_date":"2026-05-31","status_label":"施工中"}},{"type":"Feature","geometry":{"type":"Point","coordinates":[121.57617496982697,25.03477271393765]},"properties":{"permit_id":"11300943-5","city":"taipei","city_label":"臺北市","district":"信義","district_display":"信義區","addr":"信義路6段(26巷~76巷)","npurp":"道路維護","app_name":"捷運二工處(南區)","tc_na":"中華工程股份有限公司","co_ti":"日夜間施工24小時（施工車輛避開上下午尖峰時段7~9；17~19進出); 依交維計畫訂定時間施工","start_date":"2026-01-01","end_date":"2026-05-31","status_label":"施工中"}},{"type":"Feature","geometry":{"type":"Point","coordinates":[121.56343289191425,25.039440585153272]},"properties":{"permit_id":"11500798","city":"taipei","city_label":"臺北市","district":"信義","district_display":"信義區","addr":"松高路3號及基隆路1段210號前(基隆路1段及松高路交叉口)人行道等2處試挖工程","npurp":"道路維護","app_name":"新工處","tc_na":"神緯營造有限公司","co_ti":"自09時30分至16時30分; 依交維計畫訂定時間施工","start_date":"2026-04-21","end_date":"2026-05-08","status_label":"施工中"}},{"type":"Feature","geometry":{"type":"Point","coordinates":[121.56844338297503,25.02253953889139]},"properties":{"permit_id":"11405308-1","city":"taipei","city_label":"臺北市","district":"信義","district_display":"信義區","addr":"信義區吳興街（自吳興街467巷2弄至吳興街524巷）等多處","npurp":"道路維護","app_name":"新工處","tc_na":"福呈營造股份有限公司","co_ti":"0800至1730(工區24小時，尖峰時段不得占用道路); 依交維計畫訂定時間施工","start_date":"2026-04-27","end_date":"2026-07-31","status_label":"施工中"}},{"type":"Feature","geometry":{"type":"Point","coordinates":[121.56840059238786,25.02231873150793]},"properties":{"permit_id":"11405308-1","city":"taipei","city_label":"臺北市","district":"信義","district_display":"信義區","addr":"信義區吳興街（自吳興街467巷2弄至吳興街524巷）等多處","npurp":"道路維護","app_name":"新工處","tc_na":"福呈營造股份有限公司","co_ti":"0800至1730(工區24小時，尖峰時段不得占用道路); 依交維計畫訂定時間施工","start_date":"2026-04-27","end_date":"2026-07-31","status_label":"施工中"}},{"type":"Feature","geometry":{"type":"Point","coordinates":[121.56843903494008,25.022415139710866]},"properties":{"permit_id":"11405308-1","city":"taipei","city_label":"臺北市","district":"信義","district_display":"信義區","addr":"信義區吳興街（自吳興街467巷2弄至吳興街524巷）等多處","npurp":"道路維護","app_name":"新工處","tc_na":"福呈營造股份有限公司","co_ti":"0800至1730(工區24小時，尖峰時段不得占用道路); 依交維計畫訂定時間施工","start_date":"2026-04-27","end_date":"2026-07-31","status_label":"施工中"}},{"type":"Feature","geometry":{"type":"Point","coordinates":[121.5684518786418,25.02246945762626]},"properties":{"permit_id":"11405308-1","city":"taipei","city_label":"臺北市","district":"信義","district_display":"信義區","addr":"信義區吳興街（自吳興街467巷2弄至吳興街524巷）等多處","npurp":"道路維護","app_name":"新工處","tc_na":"福呈營造股份有限公司","co_ti":"0800至1730(工區24小時，尖峰時段不得占用道路); 依交維計畫訂定時間施工","start_date":"2026-04-27","end_date":"2026-07-31","status_label":"施工中"}},{"type":"Feature","geometry":{"type":"Point","coordinates":[121.58179751276776,25.042833580807372]},"properties":{"permit_id":"11500788","city":"taipei","city_label":"臺北市","district":"信義","district_display":"信義區","addr":"大道路7巷1弄雙側側溝","npurp":"道路維護","app_name":"水利處","tc_na":"泇溢營造有限公司","co_ti":"自09時00分至18時00分; 依交維計畫訂定時間施工","start_date":"2026-04-27","end_date":"2026-05-26","status_label":"施工中"}},{"type":"Feature","geometry":{"type":"Point","coordinates":[121.58175392899167,25.042814747466227]},"properties":{"permit_id":"11500788","city":"taipei","city_label":"臺北市","district":"信義","district_display":"信義區","addr":"大道路7巷1弄雙側側溝","npurp":"道路維護","app_name":"水利處","tc_na":"泇溢營造有限公司","co_ti":"自09時00分至18時00分; 依交維計畫訂定時間施工","start_date":"2026-04-27","end_date":"2026-05-26","status_label":"施工中"}},{"type":"Feature","geometry":{"type":"Point","coordinates":[121.58179751276776,25.042833580807372]},"properties":{"permit_id":"11500788","city":"taipei","city_label":"臺北市","district":"信義","district_display":"信義區","addr":"大道路7巷1弄雙側側溝","npurp":"道路維護","app_name":"水利處","tc_na":"泇溢營造有限公司","co_ti":"自09時00分至18時00分; 依交維計畫訂定時間施工","start_date":"2026-04-27","end_date":"2026-05-26","status_label":"施工中"}},{"type":"Feature","geometry":{"type":"Point","coordinates":[121.58174990398012,25.04281231663027]},"properties":{"permit_id":"11500788","city":"taipei","city_label":"臺北市","district":"信義","district_display":"信義區","addr":"大道路7巷1弄雙側側溝","npurp":"道路維護","app_name":"水利處","tc_na":"泇溢營造有限公司","co_ti":"自09時00分至18時00分; 依交維計畫訂定時間施工","start_date":"2026-04-27","end_date":"2026-05-26","status_label":"施工中"}},{"type":"Feature","geometry":{"type":"Point","coordinates":[121.57085309477227,25.04582745415232]},"properties":{"permit_id":"11500896","city":"taipei","city_label":"臺北市","district":"信義","district_display":"信義區","addr":"人行陸橋-【C090】永吉松隆","npurp":"道路維護","app_name":"新工處","tc_na":"稻田營造有限公司","co_ti":"24小時施工(尖峰時段不得占用道路，非深夜不得全封道路); 依交維計畫訂定時間施工","start_date":"2026-04-27","end_date":"2026-05-26","status_label":"施工中"}},{"type":"Feature","geometry":{"type":"Point","coordinates":[121.5704507641475,25.045897116123708]},"properties":{"permit_id":"11500896","city":"taipei","city_label":"臺北市","district":"信義","district_display":"信義區","addr":"人行陸橋-【C090】永吉松隆","npurp":"道路維護","app_name":"新工處","tc_na":"稻田營造有限公司","co_ti":"24小時施工(尖峰時段不得占用道路，非深夜不得全封道路); 依交維計畫訂定時間施工","start_date":"2026-04-27","end_date":"2026-05-26","status_label":"施工中"}},{"type":"Feature","geometry":{"type":"Point","coordinates":[121.5704811556857,25.045879295439857]},"properties":{"permit_id":"11500896","city":"taipei","city_label":"臺北市","district":"信義","district_display":"信義區","addr":"人行陸橋-【C090】永吉松隆","npurp":"道路維護","app_name":"新工處","tc_na":"稻田營造有限公司","co_ti":"24小時施工(尖峰時段不得占用道路，非深夜不得全封道路); 依交維計畫訂定時間施工","start_date":"2026-04-27","end_date":"2026-05-26","status_label":"施工中"}},{"type":"Feature","geometry":{"type":"Point","coordinates":[121.5704811556857,25.045879295439857]},"properties":{"permit_id":"11500896","city":"taipei","city_label":"臺北市","district":"信義","district_display":"信義區","addr":"人行陸橋-【C090】永吉松隆","npurp":"道路維護","app_name":"新工處","tc_na":"稻田營造有限公司","co_ti":"24小時施工(尖峰時段不得占用道路，非深夜不得全封道路); 依交維計畫訂定時間施工","start_date":"2026-04-27","end_date":"2026-05-26","status_label":"施工中"}},{"type":"Feature","geometry":{"type":"Point","coordinates":[121.57056162423632,25.04600079270045]},"properties":{"permit_id":"11500896","city":"taipei","city_label":"臺北市","district":"信義","district_display":"信義區","addr":"人行陸橋-【C090】永吉松隆","npurp":"道路維護","app_name":"新工處","tc_na":"稻田營造有限公司","co_ti":"24小時施工(尖峰時段不得占用道路，非深夜不得全封道路); 依交維計畫訂定時間施工","start_date":"2026-04-27","end_date":"2026-05-26","status_label":"施工中"}},{"type":"Feature","geometry":{"type":"Point","coordinates":[121.5654090002616,25.03896699668314]},"properties":{"permit_id":"11500946","city":"taipei","city_label":"臺北市","district":"信義","district_display":"信義區","addr":"松智路(松高路至松壽路)人行道退縮及新設側溝路面更新工程","npurp":"道路維護","app_name":"新工處","tc_na":"神緯營造有限公司","co_ti":"自09時00分至16時00分; 依交維計畫訂定時間施工","start_date":"2026-04-29","end_date":"2026-09-06","status_label":"施工中"}},{"type":"Feature","geometry":{"type":"Point","coordinates":[121.56543089389912,25.039000100489822]},"properties":{"permit_id":"11500946","city":"taipei","city_label":"臺北市","district":"信義","district_display":"信義區","addr":"松智路(松高路至松壽路)人行道退縮及新設側溝路面更新工程","npurp":"道路維護","app_name":"新工處","tc_na":"神緯營造有限公司","co_ti":"自09時00分至16時00分; 依交維計畫訂定時間施工","start_date":"2026-04-29","end_date":"2026-09-06","status_label":"施工中"}},{"type":"Feature","geometry":{"type":"Point","coordinates":[121.56537700431817,25.03883999443656]},"properties":{"permit_id":"11500946","city":"taipei","city_label":"臺北市","district":"信義","district_display":"信義區","addr":"松智路(松高路至松壽路)人行道退縮及新設側溝路面更新工程","npurp":"道路維護","app_name":"新工處","tc_na":"神緯營造有限公司","co_ti":"自09時00分至16時00分; 依交維計畫訂定時間施工","start_date":"2026-04-29","end_date":"2026-09-06","status_label":"施工中"}},{"type":"Feature","geometry":{"type":"Point","coordinates":[121.5653906597212,25.03903883044968]},"properties":{"permit_id":"11500946","city":"taipei","city_label":"臺北市","district":"信義","district_display":"信義區","addr":"松智路(松高路至松壽路)人行道退縮及新設側溝路面更新工程","npurp":"道路維護","app_name":"新工處","tc_na":"神緯營造有限公司","co_ti":"自09時00分至16時00分; 依交維計畫訂定時間施工","start_date":"2026-04-29","end_date":"2026-09-06","status_label":"施工中"}},{"type":"Feature","geometry":{"type":"Point","coordinates":[121.5653800011425,25.03886899016325]},"properties":{"permit_id":"11500946","city":"taipei","city_label":"臺北市","district":"信義","district_display":"信義區","addr":"松智路(松高路至松壽路)人行道退縮及新設側溝路面更新工程","npurp":"道路維護","app_name":"新工處","tc_na":"神緯營造有限公司","co_ti":"自09時00分至16時00分; 依交維計畫訂定時間施工","start_date":"2026-04-29","end_date":"2026-09-06","status_label":"施工中"}},{"type":"Feature","geometry":{"type":"Point","coordinates":[121.56491632949496,25.04221611561886]},"properties":{"permit_id":"11500970","city":"taipei","city_label":"臺北市","district":"信義","district_display":"信義區","addr":"基隆路一段(市府轉運站出入口)等四處設施零星修繕工程","npurp":"道路維護","app_name":"新工處","tc_na":"聖東營造股份有限公司","co_ti":"自21時00分至12時00分; 依交維計畫訂定時間施工","start_date":"2026-05-01","end_date":"2026-05-22","status_label":"施工中"}},{"type":"Feature","geometry":{"type":"Point","coordinates":[121.61067712099448,25.071850080271204]},"properties":{"permit_id":"11500217","city":"taipei","city_label":"臺北市","district":"內湖","district_display":"內湖區","addr":"五分街(6號至14巷西側)人行道更新工程","npurp":"道路維護","app_name":"新工處","tc_na":"金煌營造有限公司","co_ti":"0800至1700(工區視需求24小時圍設); 依交維計畫訂定時間施工","start_date":"2026-01-28","end_date":"2026-05-30","status_label":"施工中"}},{"type":"Feature","geometry":{"type":"Point","coordinates":[121.61115891482696,25.070373550993917]},"properties":{"permit_id":"11500217","city":"taipei","city_label":"臺北市","district":"內湖","district_display":"內湖區","addr":"五分街(6號至14巷西側)人行道更新工程","npurp":"道路維護","app_name":"新工處","tc_na":"金煌營造有限公司","co_ti":"0800至1700(工區視需求24小時圍設); 依交維計畫訂定時間施工","start_date":"2026-01-28","end_date":"2026-05-30","status_label":"施工中"}},{"type":"Feature","geometry":{"type":"Point","coordinates":[121.61067712099448,25.071850080271204]},"properties":{"permit_id":"11500217","city":"taipei","city_label":"臺北市","district":"內湖","district_display":"內湖區","addr":"五分街(6號至14巷西側)人行道更新工程","npurp":"道路維護","app_name":"新工處","tc_na":"金煌營造有限公司","co_ti":"0800至1700(工區視需求24小時圍設); 依交維計畫訂定時間施工","start_date":"2026-01-28","end_date":"2026-05-30","status_label":"施工中"}},{"type":"Feature","geometry":{"type":"Point","coordinates":[121.61067712099448,25.071850080271204]},"properties":{"permit_id":"11500217","city":"taipei","city_label":"臺北市","district":"內湖","district_display":"內湖區","addr":"五分街(6號至14巷西側)人行道更新工程","npurp":"道路維護","app_name":"新工處","tc_na":"金煌營造有限公司","co_ti":"0800至1700(工區視需求24小時圍設); 依交維計畫訂定時間施工","start_date":"2026-01-28","end_date":"2026-05-30","status_label":"施工中"}},{"type":"Feature","geometry":{"type":"Point","coordinates":[121.61112102726972,25.070428822695416]},"properties":{"permit_id":"11500217","city":"taipei","city_label":"臺北市","district":"內湖","district_display":"內湖區","addr":"五分街(6號至14巷西側)人行道更新工程","npurp":"道路維護","app_name":"新工處","tc_na":"金煌營造有限公司","co_ti":"0800至1700(工區視需求24小時圍設); 依交維計畫訂定時間施工","start_date":"2026-01-28","end_date":"2026-05-30","status_label":"施工中"}},{"type":"Feature","geometry":{"type":"Point","coordinates":[121.611167961969,25.07039298707037]},"properties":{"permit_id":"11500217","city":"taipei","city_label":"臺北市","district":"內湖","district_display":"內湖區","addr":"五分街(6號至14巷西側)人行道更新工程","npurp":"道路維護","app_name":"新工處","tc_na":"金煌營造有限公司","co_ti":"0800至1700(工區視需求24小時圍設); 依交維計畫訂定時間施工","start_date":"2026-01-28","end_date":"2026-05-30","status_label":"施工中"}},{"type":"Feature","geometry":{"type":"Point","coordinates":[121.61112102726972,25.070428822695416]},"properties":{"permit_id":"11500217","city":"taipei","city_label":"臺北市","district":"內湖","district_display":"內湖區","addr":"五分街(6號至14巷西側)人行道更新工程","npurp":"道路維護","app_name":"新工處","tc_na":"金煌營造有限公司","co_ti":"0800至1700(工區視需求24小時圍設); 依交維計畫訂定時間施工","start_date":"2026-01-28","end_date":"2026-05-30","status_label":"施工中"}},{"type":"Feature","geometry":{"type":"Point","coordinates":[121.61112102726972,25.070428822695416]},"properties":{"permit_id":"11500217","city":"taipei","city_label":"臺北市","district":"內湖","district_display":"內湖區","addr":"五分街(6號至14巷西側)人行道更新工程","npurp":"道路維護","app_name":"新工處","tc_na":"金煌營造有限公司","co_ti":"0800至1700(工區視需求24小時圍設); 依交維計畫訂定時間施工","start_date":"2026-01-28","end_date":"2026-05-30","status_label":"施工中"}},{"type":"Feature","geometry":{"type":"Point","coordinates":[121.56002480271373,25.08496889875453]},"properties":{"permit_id":"11500323","city":"taipei","city_label":"臺北市","district":"內湖","district_display":"內湖區","addr":"內湖區內湖路1段27號至內湖路1段91巷13號前人行道更新工程","npurp":"道路維護","app_name":"新工處","tc_na":"金煌營造有限公司","co_ti":"0800至1700(工區視需求24小時圍設); 依交維計畫訂定時間施工","start_date":"2026-02-23","end_date":"2026-06-02","status_label":"施工中"}},{"type":"Feature","geometry":{"type":"Point","coordinates":[121.56106666239724,25.084601658390973]},"properties":{"permit_id":"11500323","city":"taipei","city_label":"臺北市","district":"內湖","district_display":"內湖區","addr":"內湖區內湖路1段27號至內湖路1段91巷13號前人行道更新工程","npurp":"道路維護","app_name":"新工處","tc_na":"金煌營造有限公司","co_ti":"0800至1700(工區視需求24小時圍設); 依交維計畫訂定時間施工","start_date":"2026-02-23","end_date":"2026-06-02","status_label":"施工中"}},{"type":"Feature","geometry":{"type":"Point","coordinates":[121.56018674416596,25.084946277242835]},"properties":{"permit_id":"11500323","city":"taipei","city_label":"臺北市","district":"內湖","district_display":"內湖區","addr":"內湖區內湖路1段27號至內湖路1段91巷13號前人行道更新工程","npurp":"道路維護","app_name":"新工處","tc_na":"金煌營造有限公司","co_ti":"0800至1700(工區視需求24小時圍設); 依交維計畫訂定時間施工","start_date":"2026-02-23","end_date":"2026-06-02","status_label":"施工中"}},{"type":"Feature","geometry":{"type":"Point","coordinates":[121.56129582934386,25.084727644186493]},"properties":{"permit_id":"11500323","city":"taipei","city_label":"臺北市","district":"內湖","district_display":"內湖區","addr":"內湖區內湖路1段27號至內湖路1段91巷13號前人行道更新工程","npurp":"道路維護","app_name":"新工處","tc_na":"金煌營造有限公司","co_ti":"0800至1700(工區視需求24小時圍設); 依交維計畫訂定時間施工","start_date":"2026-02-23","end_date":"2026-06-02","status_label":"施工中"}},{"type":"Feature","geometry":{"type":"Point","coordinates":[121.56108393898376,25.084609826605256]},"properties":{"permit_id":"11500323","city":"taipei","city_label":"臺北市","district":"內湖","district_display":"內湖區","addr":"內湖區內湖路1段27號至內湖路1段91巷13號前人行道更新工程","npurp":"道路維護","app_name":"新工處","tc_na":"金煌營造有限公司","co_ti":"0800至1700(工區視需求24小時圍設); 依交維計畫訂定時間施工","start_date":"2026-02-23","end_date":"2026-06-02","status_label":"施工中"}},{"type":"Feature","geometry":{"type":"Point","coordinates":[121.56002480271373,25.08496889875453]},"properties":{"permit_id":"11500323","city":"taipei","city_label":"臺北市","district":"內湖","district_display":"內湖區","addr":"內湖區內湖路1段27號至內湖路1段91巷13號前人行道更新工程","npurp":"道路維護","app_name":"新工處","tc_na":"金煌營造有限公司","co_ti":"0800至1700(工區視需求24小時圍設); 依交維計畫訂定時間施工","start_date":"2026-02-23","end_date":"2026-06-02","status_label":"施工中"}},{"type":"Feature","geometry":{"type":"Point","coordinates":[121.56108393898376,25.084609826605256]},"properties":{"permit_id":"11500323","city":"taipei","city_label":"臺北市","district":"內湖","district_display":"內湖區","addr":"內湖區內湖路1段27號至內湖路1段91巷13號前人行道更新工程","npurp":"道路維護","app_name":"新工處","tc_na":"金煌營造有限公司","co_ti":"0800至1700(工區視需求24小時圍設); 依交維計畫訂定時間施工","start_date":"2026-02-23","end_date":"2026-06-02","status_label":"施工中"}},{"type":"Feature","geometry":{"type":"Point","coordinates":[121.56113356328002,25.08461590439825]},"properties":{"permit_id":"11500323","city":"taipei","city_label":"臺北市","district":"內湖","district_display":"內湖區","addr":"內湖區內湖路1段27號至內湖路1段91巷13號前人行道更新工程","npurp":"道路維護","app_name":"新工處","tc_na":"金煌營造有限公司","co_ti":"0800至1700(工區視需求24小時圍設); 依交維計畫訂定時間施工","start_date":"2026-02-23","end_date":"2026-06-02","status_label":"施工中"}},{"type":"Feature","geometry":{"type":"Point","coordinates":[121.5601773521651,25.084906192260284]},"properties":{"permit_id":"11500323","city":"taipei","city_label":"臺北市","district":"內湖","district_display":"內湖區","addr":"內湖區內湖路1段27號至內湖路1段91巷13號前人行道更新工程","npurp":"道路維護","app_name":"新工處","tc_na":"金煌營造有限公司","co_ti":"0800至1700(工區視需求24小時圍設); 依交維計畫訂定時間施工","start_date":"2026-02-23","end_date":"2026-06-02","status_label":"施工中"}},{"type":"Feature","geometry":{"type":"Point","coordinates":[121.5601773521651,25.084906192260284]},"properties":{"permit_id":"11500323","city":"taipei","city_label":"臺北市","district":"內湖","district_display":"內湖區","addr":"內湖區內湖路1段27號至內湖路1段91巷13號前人行道更新工程","npurp":"道路維護","app_name":"新工處","tc_na":"金煌營造有限公司","co_ti":"0800至1700(工區視需求24小時圍設); 依交維計畫訂定時間施工","start_date":"2026-02-23","end_date":"2026-06-02","status_label":"施工中"}},{"type":"Feature","geometry":{"type":"Point","coordinates":[121.56042240478509,25.084826398378095]},"properties":{"permit_id":"11500323","city":"taipei","city_label":"臺北市","district":"內湖","district_display":"內湖區","addr":"內湖區內湖路1段27號至內湖路1段91巷13號前人行道更新工程","npurp":"道路維護","app_name":"新工處","tc_na":"金煌營造有限公司","co_ti":"0800至1700(工區視需求24小時圍設); 依交維計畫訂定時間施工","start_date":"2026-02-23","end_date":"2026-06-02","status_label":"施工中"}},{"type":"Feature","geometry":{"type":"Point","coordinates":[121.56018674416596,25.084946277242835]},"properties":{"permit_id":"11500323","city":"taipei","city_label":"臺北市","district":"內湖","district_display":"內湖區","addr":"內湖區內湖路1段27號至內湖路1段91巷13號前人行道更新工程","npurp":"道路維護","app_name":"新工處","tc_na":"金煌營造有限公司","co_ti":"0800至1700(工區視需求24小時圍設); 依交維計畫訂定時間施工","start_date":"2026-02-23","end_date":"2026-06-02","status_label":"施工中"}},{"type":"Feature","geometry":{"type":"Point","coordinates":[121.5601773521651,25.084906192260284]},"properties":{"permit_id":"11500323","city":"taipei","city_label":"臺北市","district":"內湖","district_display":"內湖區","addr":"內湖區內湖路1段27號至內湖路1段91巷13號前人行道更新工程","npurp":"道路維護","app_name":"新工處","tc_na":"金煌營造有限公司","co_ti":"0800至1700(工區視需求24小時圍設); 依交維計畫訂定時間施工","start_date":"2026-02-23","end_date":"2026-06-02","status_label":"施工中"}},{"type":"Feature","geometry":{"type":"Point","coordinates":[121.56113356328002,25.08461590439825]},"properties":{"permit_id":"11500323","city":"taipei","city_label":"臺北市","district":"內湖","district_display":"內湖區","addr":"內湖區內湖路1段27號至內湖路1段91巷13號前人行道更新工程","npurp":"道路維護","app_name":"新工處","tc_na":"金煌營造有限公司","co_ti":"0800至1700(工區視需求24小時圍設); 依交維計畫訂定時間施工","start_date":"2026-02-23","end_date":"2026-06-02","status_label":"施工中"}},{"type":"Feature","geometry":{"type":"Point","coordinates":[121.56002480271373,25.08496889875453]},"properties":{"permit_id":"11500323","city":"taipei","city_label":"臺北市","district":"內湖","district_display":"內湖區","addr":"內湖區內湖路1段27號至內湖路1段91巷13號前人行道更新工程","npurp":"道路維護","app_name":"新工處","tc_na":"金煌營造有限公司","co_ti":"0800至1700(工區視需求24小時圍設); 依交維計畫訂定時間施工","start_date":"2026-02-23","end_date":"2026-06-02","status_label":"施工中"}},{"type":"Feature","geometry":{"type":"Point","coordinates":[121.5601773521651,25.084906192260284]},"properties":{"permit_id":"11500323","city":"taipei","city_label":"臺北市","district":"內湖","district_display":"內湖區","addr":"內湖區內湖路1段27號至內湖路1段91巷13號前人行道更新工程","npurp":"道路維護","app_name":"新工處","tc_na":"金煌營造有限公司","co_ti":"0800至1700(工區視需求24小時圍設); 依交維計畫訂定時間施工","start_date":"2026-02-23","end_date":"2026-06-02","status_label":"施工中"}},{"type":"Feature","geometry":{"type":"Point","coordinates":[121.55900623610228,25.0851337897944]},"properties":{"permit_id":"11500323","city":"taipei","city_label":"臺北市","district":"內湖","district_display":"內湖區","addr":"內湖區內湖路1段27號至內湖路1段91巷13號前人行道更新工程","npurp":"道路維護","app_name":"新工處","tc_na":"金煌營造有限公司","co_ti":"0800至1700(工區視需求24小時圍設); 依交維計畫訂定時間施工","start_date":"2026-02-23","end_date":"2026-06-02","status_label":"施工中"}},{"type":"Feature","geometry":{"type":"Point","coordinates":[121.55909474468896,25.08513196672797]},"properties":{"permit_id":"11500323","city":"taipei","city_label":"臺北市","district":"內湖","district_display":"內湖區","addr":"內湖區內湖路1段27號至內湖路1段91巷13號前人行道更新工程","npurp":"道路維護","app_name":"新工處","tc_na":"金煌營造有限公司","co_ti":"0800至1700(工區視需求24小時圍設); 依交維計畫訂定時間施工","start_date":"2026-02-23","end_date":"2026-06-02","status_label":"施工中"}},{"type":"Feature","geometry":{"type":"Point","coordinates":[121.55914800418896,25.08515699029083]},"properties":{"permit_id":"11500323","city":"taipei","city_label":"臺北市","district":"內湖","district_display":"內湖區","addr":"內湖區內湖路1段27號至內湖路1段91巷13號前人行道更新工程","npurp":"道路維護","app_name":"新工處","tc_na":"金煌營造有限公司","co_ti":"0800至1700(工區視需求24小時圍設); 依交維計畫訂定時間施工","start_date":"2026-02-23","end_date":"2026-06-02","status_label":"施工中"}},{"type":"Feature","geometry":{"type":"Point","coordinates":[121.56108393898376,25.084609826605256]},"properties":{"permit_id":"11500323","city":"taipei","city_label":"臺北市","district":"內湖","district_display":"內湖區","addr":"內湖區內湖路1段27號至內湖路1段91巷13號前人行道更新工程","npurp":"道路維護","app_name":"新工處","tc_na":"金煌營造有限公司","co_ti":"0800至1700(工區視需求24小時圍設); 依交維計畫訂定時間施工","start_date":"2026-02-23","end_date":"2026-06-02","status_label":"施工中"}},{"type":"Feature","geometry":{"type":"Point","coordinates":[121.56108393898376,25.084609826605256]},"properties":{"permit_id":"11500323","city":"taipei","city_label":"臺北市","district":"內湖","district_display":"內湖區","addr":"內湖區內湖路1段27號至內湖路1段91巷13號前人行道更新工程","npurp":"道路維護","app_name":"新工處","tc_na":"金煌營造有限公司","co_ti":"0800至1700(工區視需求24小時圍設); 依交維計畫訂定時間施工","start_date":"2026-02-23","end_date":"2026-06-02","status_label":"施工中"}},{"type":"Feature","geometry":{"type":"Point","coordinates":[121.5605259970568,25.084790996527627]},"properties":{"permit_id":"11500323","city":"taipei","city_label":"臺北市","district":"內湖","district_display":"內湖區","addr":"內湖區內湖路1段27號至內湖路1段91巷13號前人行道更新工程","npurp":"道路維護","app_name":"新工處","tc_na":"金煌營造有限公司","co_ti":"0800至1700(工區視需求24小時圍設); 依交維計畫訂定時間施工","start_date":"2026-02-23","end_date":"2026-06-02","status_label":"施工中"}},{"type":"Feature","geometry":{"type":"Point","coordinates":[121.56029249538716,25.0848776985275]},"properties":{"permit_id":"11500323","city":"taipei","city_label":"臺北市","district":"內湖","district_display":"內湖區","addr":"內湖區內湖路1段27號至內湖路1段91巷13號前人行道更新工程","npurp":"道路維護","app_name":"新工處","tc_na":"金煌營造有限公司","co_ti":"0800至1700(工區視需求24小時圍設); 依交維計畫訂定時間施工","start_date":"2026-02-23","end_date":"2026-06-02","status_label":"施工中"}},{"type":"Feature","geometry":{"type":"Point","coordinates":[121.5601773521651,25.084906192260284]},"properties":{"permit_id":"11500323","city":"taipei","city_label":"臺北市","district":"內湖","district_display":"內湖區","addr":"內湖區內湖路1段27號至內湖路1段91巷13號前人行道更新工程","npurp":"道路維護","app_name":"新工處","tc_na":"金煌營造有限公司","co_ti":"0800至1700(工區視需求24小時圍設); 依交維計畫訂定時間施工","start_date":"2026-02-23","end_date":"2026-06-02","status_label":"施工中"}},{"type":"Feature","geometry":{"type":"Point","coordinates":[121.56018674416596,25.084946277242835]},"properties":{"permit_id":"11500323","city":"taipei","city_label":"臺北市","district":"內湖","district_display":"內湖區","addr":"內湖區內湖路1段27號至內湖路1段91巷13號前人行道更新工程","npurp":"道路維護","app_name":"新工處","tc_na":"金煌營造有限公司","co_ti":"0800至1700(工區視需求24小時圍設); 依交維計畫訂定時間施工","start_date":"2026-02-23","end_date":"2026-06-02","status_label":"施工中"}},{"type":"Feature","geometry":{"type":"Point","coordinates":[121.5601773521651,25.084906192260284]},"properties":{"permit_id":"11500323","city":"taipei","city_label":"臺北市","district":"內湖","district_display":"內湖區","addr":"內湖區內湖路1段27號至內湖路1段91巷13號前人行道更新工程","npurp":"道路維護","app_name":"新工處","tc_na":"金煌營造有限公司","co_ti":"0800至1700(工區視需求24小時圍設); 依交維計畫訂定時間施工","start_date":"2026-02-23","end_date":"2026-06-02","status_label":"施工中"}},{"type":"Feature","geometry":{"type":"Point","coordinates":[121.56018674416596,25.084946277242835]},"properties":{"permit_id":"11500323","city":"taipei","city_label":"臺北市","district":"內湖","district_display":"內湖區","addr":"內湖區內湖路1段27號至內湖路1段91巷13號前人行道更新工程","npurp":"道路維護","app_name":"新工處","tc_na":"金煌營造有限公司","co_ti":"0800至1700(工區視需求24小時圍設); 依交維計畫訂定時間施工","start_date":"2026-02-23","end_date":"2026-06-02","status_label":"施工中"}},{"type":"Feature","geometry":{"type":"Point","coordinates":[121.56018674416596,25.084946277242835]},"properties":{"permit_id":"11500323","city":"taipei","city_label":"臺北市","district":"內湖","district_display":"內湖區","addr":"內湖區內湖路1段27號至內湖路1段91巷13號前人行道更新工程","npurp":"道路維護","app_name":"新工處","tc_na":"金煌營造有限公司","co_ti":"0800至1700(工區視需求24小時圍設); 依交維計畫訂定時間施工","start_date":"2026-02-23","end_date":"2026-06-02","status_label":"施工中"}},{"type":"Feature","geometry":{"type":"Point","coordinates":[121.56018674416596,25.084946277242835]},"properties":{"permit_id":"11500323","city":"taipei","city_label":"臺北市","district":"內湖","district_display":"內湖區","addr":"內湖區內湖路1段27號至內湖路1段91巷13號前人行道更新工程","npurp":"道路維護","app_name":"新工處","tc_na":"金煌營造有限公司","co_ti":"0800至1700(工區視需求24小時圍設); 依交維計畫訂定時間施工","start_date":"2026-02-23","end_date":"2026-06-02","status_label":"施工中"}},{"type":"Feature","geometry":{"type":"Point","coordinates":[121.56108393898376,25.084609826605256]},"properties":{"permit_id":"11500323","city":"taipei","city_label":"臺北市","district":"內湖","district_display":"內湖區","addr":"內湖區內湖路1段27號至內湖路1段91巷13號前人行道更新工程","npurp":"道路維護","app_name":"新工處","tc_na":"金煌營造有限公司","co_ti":"0800至1700(工區視需求24小時圍設); 依交維計畫訂定時間施工","start_date":"2026-02-23","end_date":"2026-06-02","status_label":"施工中"}},{"type":"Feature","geometry":{"type":"Point","coordinates":[121.5601773521651,25.084906192260284]},"properties":{"permit_id":"11500323","city":"taipei","city_label":"臺北市","district":"內湖","district_display":"內湖區","addr":"內湖區內湖路1段27號至內湖路1段91巷13號前人行道更新工程","npurp":"道路維護","app_name":"新工處","tc_na":"金煌營造有限公司","co_ti":"0800至1700(工區視需求24小時圍設); 依交維計畫訂定時間施工","start_date":"2026-02-23","end_date":"2026-06-02","status_label":"施工中"}},{"type":"Feature","geometry":{"type":"Point","coordinates":[121.5601773521651,25.084906192260284]},"properties":{"permit_id":"11500323","city":"taipei","city_label":"臺北市","district":"內湖","district_display":"內湖區","addr":"內湖區內湖路1段27號至內湖路1段91巷13號前人行道更新工程","npurp":"道路維護","app_name":"新工處","tc_na":"金煌營造有限公司","co_ti":"0800至1700(工區視需求24小時圍設); 依交維計畫訂定時間施工","start_date":"2026-02-23","end_date":"2026-06-02","status_label":"施工中"}},{"type":"Feature","geometry":{"type":"Point","coordinates":[121.56058666938702,25.084784998445432]},"properties":{"permit_id":"11500323","city":"taipei","city_label":"臺北市","district":"內湖","district_display":"內湖區","addr":"內湖區內湖路1段27號至內湖路1段91巷13號前人行道更新工程","npurp":"道路維護","app_name":"新工處","tc_na":"金煌營造有限公司","co_ti":"0800至1700(工區視需求24小時圍設); 依交維計畫訂定時間施工","start_date":"2026-02-23","end_date":"2026-06-02","status_label":"施工中"}},{"type":"Feature","geometry":{"type":"Point","coordinates":[121.5601773521651,25.084906192260284]},"properties":{"permit_id":"11500323","city":"taipei","city_label":"臺北市","district":"內湖","district_display":"內湖區","addr":"內湖區內湖路1段27號至內湖路1段91巷13號前人行道更新工程","npurp":"道路維護","app_name":"新工處","tc_na":"金煌營造有限公司","co_ti":"0800至1700(工區視需求24小時圍設); 依交維計畫訂定時間施工","start_date":"2026-02-23","end_date":"2026-06-02","status_label":"施工中"}},{"type":"Feature","geometry":{"type":"Point","coordinates":[121.56108393898376,25.084609826605256]},"properties":{"permit_id":"11500323","city":"taipei","city_label":"臺北市","district":"內湖","district_display":"內湖區","addr":"內湖區內湖路1段27號至內湖路1段91巷13號前人行道更新工程","npurp":"道路維護","app_name":"新工處","tc_na":"金煌營造有限公司","co_ti":"0800至1700(工區視需求24小時圍設); 依交維計畫訂定時間施工","start_date":"2026-02-23","end_date":"2026-06-02","status_label":"施工中"}},{"type":"Feature","geometry":{"type":"Point","coordinates":[121.55965554631072,25.085031655171832]},"properties":{"permit_id":"115000518-1","city":"taipei","city_label":"臺北市","district":"內湖","district_display":"內湖區","addr":"文湖街1號前","npurp":"搶修-管(溝)渠損壞","app_name":"水利處","tc_na":"安宏營造有限公司","co_ti":"依現場搶修狀況而定；復舊作業非屬緊急搶修連續施工，限於日間10時至16時進場。","start_date":"2026-03-17","end_date":"2026-05-15","status_label":"施工中"}},{"type":"Feature","geometry":{"type":"Point","coordinates":[121.55966090922324,25.08505776198228]},"properties":{"permit_id":"115000518-1","city":"taipei","city_label":"臺北市","district":"內湖","district_display":"內湖區","addr":"文湖街1號前","npurp":"搶修-管(溝)渠損壞","app_name":"水利處","tc_na":"安宏營造有限公司","co_ti":"依現場搶修狀況而定；復舊作業非屬緊急搶修連續施工，限於日間10時至16時進場。","start_date":"2026-03-17","end_date":"2026-05-15","status_label":"施工中"}},{"type":"Feature","geometry":{"type":"Point","coordinates":[121.55966090922324,25.08505776198228]},"properties":{"permit_id":"115000518-1","city":"taipei","city_label":"臺北市","district":"內湖","district_display":"內湖區","addr":"文湖街1號前","npurp":"搶修-管(溝)渠損壞","app_name":"水利處","tc_na":"安宏營造有限公司","co_ti":"依現場搶修狀況而定；復舊作業非屬緊急搶修連續施工，限於日間10時至16時進場。","start_date":"2026-03-17","end_date":"2026-05-15","status_label":"施工中"}},{"type":"Feature","geometry":{"type":"Point","coordinates":[121.55966090922324,25.08505776198228]},"properties":{"permit_id":"115000518-1","city":"taipei","city_label":"臺北市","district":"內湖","district_display":"內湖區","addr":"文湖街1號前","npurp":"搶修-管(溝)渠損壞","app_name":"水利處","tc_na":"安宏營造有限公司","co_ti":"依現場搶修狀況而定；復舊作業非屬緊急搶修連續施工，限於日間10時至16時進場。","start_date":"2026-03-17","end_date":"2026-05-15","status_label":"施工中"}},{"type":"Feature","geometry":{"type":"Point","coordinates":[121.55965554631072,25.085031655171832]},"properties":{"permit_id":"115000518-1","city":"taipei","city_label":"臺北市","district":"內湖","district_display":"內湖區","addr":"文湖街1號前","npurp":"搶修-管(溝)渠損壞","app_name":"水利處","tc_na":"安宏營造有限公司","co_ti":"依現場搶修狀況而定；復舊作業非屬緊急搶修連續施工，限於日間10時至16時進場。","start_date":"2026-03-17","end_date":"2026-05-15","status_label":"施工中"}},{"type":"Feature","geometry":{"type":"Point","coordinates":[121.55966090922324,25.08505776198228]},"properties":{"permit_id":"115000518-1","city":"taipei","city_label":"臺北市","district":"內湖","district_display":"內湖區","addr":"文湖街1號前","npurp":"搶修-管(溝)渠損壞","app_name":"水利處","tc_na":"安宏營造有限公司","co_ti":"依現場搶修狀況而定；復舊作業非屬緊急搶修連續施工，限於日間10時至16時進場。","start_date":"2026-03-17","end_date":"2026-05-15","status_label":"施工中"}},{"type":"Feature","geometry":{"type":"Point","coordinates":[121.55966090922324,25.08505776198228]},"properties":{"permit_id":"115000518-1","city":"taipei","city_label":"臺北市","district":"內湖","district_display":"內湖區","addr":"文湖街1號前","npurp":"搶修-管(溝)渠損壞","app_name":"水利處","tc_na":"安宏營造有限公司","co_ti":"依現場搶修狀況而定；復舊作業非屬緊急搶修連續施工，限於日間10時至16時進場。","start_date":"2026-03-17","end_date":"2026-05-15","status_label":"施工中"}},{"type":"Feature","geometry":{"type":"Point","coordinates":[121.55966090922324,25.08505776198228]},"properties":{"permit_id":"115000518-1","city":"taipei","city_label":"臺北市","district":"內湖","district_display":"內湖區","addr":"文湖街1號前","npurp":"搶修-管(溝)渠損壞","app_name":"水利處","tc_na":"安宏營造有限公司","co_ti":"依現場搶修狀況而定；復舊作業非屬緊急搶修連續施工，限於日間10時至16時進場。","start_date":"2026-03-17","end_date":"2026-05-15","status_label":"施工中"}},{"type":"Feature","geometry":{"type":"Point","coordinates":[121.55966090922324,25.08505776198228]},"properties":{"permit_id":"115000518-1","city":"taipei","city_label":"臺北市","district":"內湖","district_display":"內湖區","addr":"文湖街1號前","npurp":"搶修-管(溝)渠損壞","app_name":"水利處","tc_na":"安宏營造有限公司","co_ti":"依現場搶修狀況而定；復舊作業非屬緊急搶修連續施工，限於日間10時至16時進場。","start_date":"2026-03-17","end_date":"2026-05-15","status_label":"施工中"}},{"type":"Feature","geometry":{"type":"Point","coordinates":[121.55966090922324,25.08505776198228]},"properties":{"permit_id":"115000518-1","city":"taipei","city_label":"臺北市","district":"內湖","district_display":"內湖區","addr":"文湖街1號前","npurp":"搶修-管(溝)渠損壞","app_name":"水利處","tc_na":"安宏營造有限公司","co_ti":"依現場搶修狀況而定；復舊作業非屬緊急搶修連續施工，限於日間10時至16時進場。","start_date":"2026-03-17","end_date":"2026-05-15","status_label":"施工中"}},{"type":"Feature","geometry":{"type":"Point","coordinates":[121.55965554631072,25.085031655171832]},"properties":{"permit_id":"115000518-1","city":"taipei","city_label":"臺北市","district":"內湖","district_display":"內湖區","addr":"文湖街1號前","npurp":"搶修-管(溝)渠損壞","app_name":"水利處","tc_na":"安宏營造有限公司","co_ti":"依現場搶修狀況而定；復舊作業非屬緊急搶修連續施工，限於日間10時至16時進場。","start_date":"2026-03-17","end_date":"2026-05-15","status_label":"施工中"}},{"type":"Feature","geometry":{"type":"Point","coordinates":[121.55965554631072,25.085031655171832]},"properties":{"permit_id":"115000518-1","city":"taipei","city_label":"臺北市","district":"內湖","district_display":"內湖區","addr":"文湖街1號前","npurp":"搶修-管(溝)渠損壞","app_name":"水利處","tc_na":"安宏營造有限公司","co_ti":"依現場搶修狀況而定；復舊作業非屬緊急搶修連續施工，限於日間10時至16時進場。","start_date":"2026-03-17","end_date":"2026-05-15","status_label":"施工中"}},{"type":"Feature","geometry":{"type":"Point","coordinates":[121.6136661253612,25.066999307111708]},"properties":{"permit_id":"11404720-2","city":"taipei","city_label":"臺北市","district":"內湖","district_display":"內湖區","addr":"五分街(6號至14巷西側)人行道更新工程","npurp":"道路維護","app_name":"新工處","tc_na":"金煌營造有限公司","co_ti":"0800至1700(工區視需求24小時圍設); 依交維計畫訂定時間施工","start_date":"2026-04-08","end_date":"2026-05-08","status_label":"施工中"}},{"type":"Feature","geometry":{"type":"Point","coordinates":[121.57608487993232,25.055758680510426]},"properties":{"permit_id":"11500309-1","city":"taipei","city_label":"臺北市","district":"內湖","district_display":"內湖區","addr":"內湖區行善路25巷部分人行道更新工程","npurp":"道路維護","app_name":"新工處","tc_na":"金煌營造有限公司","co_ti":"0800至1700(工區視需求24小時圍設); 依交維計畫訂定時間施工","start_date":"2026-04-14","end_date":"2026-05-13","status_label":"施工中"}},{"type":"Feature","geometry":{"type":"Point","coordinates":[121.57610231871544,25.055730129462592]},"properties":{"permit_id":"11500309-1","city":"taipei","city_label":"臺北市","district":"內湖","district_display":"內湖區","addr":"內湖區行善路25巷部分人行道更新工程","npurp":"道路維護","app_name":"新工處","tc_na":"金煌營造有限公司","co_ti":"0800至1700(工區視需求24小時圍設); 依交維計畫訂定時間施工","start_date":"2026-04-14","end_date":"2026-05-13","status_label":"施工中"}},{"type":"Feature","geometry":{"type":"Point","coordinates":[121.575533689937,25.056482761192047]},"properties":{"permit_id":"11500309-1","city":"taipei","city_label":"臺北市","district":"內湖","district_display":"內湖區","addr":"內湖區行善路25巷部分人行道更新工程","npurp":"道路維護","app_name":"新工處","tc_na":"金煌營造有限公司","co_ti":"0800至1700(工區視需求24小時圍設); 依交維計畫訂定時間施工","start_date":"2026-04-14","end_date":"2026-05-13","status_label":"施工中"}},{"type":"Feature","geometry":{"type":"Point","coordinates":[121.5765743878633,25.055968858172577]},"properties":{"permit_id":"11500309-1","city":"taipei","city_label":"臺北市","district":"內湖","district_display":"內湖區","addr":"內湖區行善路25巷部分人行道更新工程","npurp":"道路維護","app_name":"新工處","tc_na":"金煌營造有限公司","co_ti":"0800至1700(工區視需求24小時圍設); 依交維計畫訂定時間施工","start_date":"2026-04-14","end_date":"2026-05-13","status_label":"施工中"}},{"type":"Feature","geometry":{"type":"Point","coordinates":[121.5765743878633,25.055968858172577]},"properties":{"permit_id":"11500309-1","city":"taipei","city_label":"臺北市","district":"內湖","district_display":"內湖區","addr":"內湖區行善路25巷部分人行道更新工程","npurp":"道路維護","app_name":"新工處","tc_na":"金煌營造有限公司","co_ti":"0800至1700(工區視需求24小時圍設); 依交維計畫訂定時間施工","start_date":"2026-04-14","end_date":"2026-05-13","status_label":"施工中"}},{"type":"Feature","geometry":{"type":"Point","coordinates":[121.57610231871544,25.055730129462592]},"properties":{"permit_id":"11500309-1","city":"taipei","city_label":"臺北市","district":"內湖","district_display":"內湖區","addr":"內湖區行善路25巷部分人行道更新工程","npurp":"道路維護","app_name":"新工處","tc_na":"金煌營造有限公司","co_ti":"0800至1700(工區視需求24小時圍設); 依交維計畫訂定時間施工","start_date":"2026-04-14","end_date":"2026-05-13","status_label":"施工中"}},{"type":"Feature","geometry":{"type":"Point","coordinates":[121.57733354054884,25.056427132460115]},"properties":{"permit_id":"11500309-1","city":"taipei","city_label":"臺北市","district":"內湖","district_display":"內湖區","addr":"內湖區行善路25巷部分人行道更新工程","npurp":"道路維護","app_name":"新工處","tc_na":"金煌營造有限公司","co_ti":"0800至1700(工區視需求24小時圍設); 依交維計畫訂定時間施工","start_date":"2026-04-14","end_date":"2026-05-13","status_label":"施工中"}},{"type":"Feature","geometry":{"type":"Point","coordinates":[121.57694251614691,25.05615352312643]},"properties":{"permit_id":"11500309-1","city":"taipei","city_label":"臺北市","district":"內湖","district_display":"內湖區","addr":"內湖區行善路25巷部分人行道更新工程","npurp":"道路維護","app_name":"新工處","tc_na":"金煌營造有限公司","co_ti":"0800至1700(工區視需求24小時圍設); 依交維計畫訂定時間施工","start_date":"2026-04-14","end_date":"2026-05-13","status_label":"施工中"}},{"type":"Feature","geometry":{"type":"Point","coordinates":[121.5765743878633,25.055968858172577]},"properties":{"permit_id":"11500309-1","city":"taipei","city_label":"臺北市","district":"內湖","district_display":"內湖區","addr":"內湖區行善路25巷部分人行道更新工程","npurp":"道路維護","app_name":"新工處","tc_na":"金煌營造有限公司","co_ti":"0800至1700(工區視需求24小時圍設); 依交維計畫訂定時間施工","start_date":"2026-04-14","end_date":"2026-05-13","status_label":"施工中"}},{"type":"Feature","geometry":{"type":"Point","coordinates":[121.5765743878633,25.055968858172577]},"properties":{"permit_id":"11500309-1","city":"taipei","city_label":"臺北市","district":"內湖","district_display":"內湖區","addr":"內湖區行善路25巷部分人行道更新工程","npurp":"道路維護","app_name":"新工處","tc_na":"金煌營造有限公司","co_ti":"0800至1700(工區視需求24小時圍設); 依交維計畫訂定時間施工","start_date":"2026-04-14","end_date":"2026-05-13","status_label":"施工中"}},{"type":"Feature","geometry":{"type":"Point","coordinates":[121.57554307151378,25.05648822289998]},"properties":{"permit_id":"11500309-1","city":"taipei","city_label":"臺北市","district":"內湖","district_display":"內湖區","addr":"內湖區行善路25巷部分人行道更新工程","npurp":"道路維護","app_name":"新工處","tc_na":"金煌營造有限公司","co_ti":"0800至1700(工區視需求24小時圍設); 依交維計畫訂定時間施工","start_date":"2026-04-14","end_date":"2026-05-13","status_label":"施工中"}},{"type":"Feature","geometry":{"type":"Point","coordinates":[121.57601312997828,25.055776906506672]},"properties":{"permit_id":"11500309-1","city":"taipei","city_label":"臺北市","district":"內湖","district_display":"內湖區","addr":"內湖區行善路25巷部分人行道更新工程","npurp":"道路維護","app_name":"新工處","tc_na":"金煌營造有限公司","co_ti":"0800至1700(工區視需求24小時圍設); 依交維計畫訂定時間施工","start_date":"2026-04-14","end_date":"2026-05-13","status_label":"施工中"}},{"type":"Feature","geometry":{"type":"Point","coordinates":[121.57610231871544,25.055730129462592]},"properties":{"permit_id":"11500309-1","city":"taipei","city_label":"臺北市","district":"內湖","district_display":"內湖區","addr":"內湖區行善路25巷部分人行道更新工程","npurp":"道路維護","app_name":"新工處","tc_na":"金煌營造有限公司","co_ti":"0800至1700(工區視需求24小時圍設); 依交維計畫訂定時間施工","start_date":"2026-04-14","end_date":"2026-05-13","status_label":"施工中"}},{"type":"Feature","geometry":{"type":"Point","coordinates":[121.60640231591994,25.06891666740876]},"properties":{"permit_id":"11500871","city":"taipei","city_label":"臺北市","district":"內湖","district_display":"內湖區","addr":"民權東路六段280巷69弄70號前","npurp":"道路維護","app_name":"水利處","tc_na":"泇溢營造有限公司","co_ti":"自09時00分至18時00分; 依交維計畫訂定時間施工","start_date":"2026-04-22","end_date":"2026-05-05","status_label":"施工中"}},{"type":"Feature","geometry":{"type":"Point","coordinates":[121.60644456195196,25.06894703647636]},"properties":{"permit_id":"11500871","city":"taipei","city_label":"臺北市","district":"內湖","district_display":"內湖區","addr":"民權東路六段280巷69弄70號前","npurp":"道路維護","app_name":"水利處","tc_na":"泇溢營造有限公司","co_ti":"自09時00分至18時00分; 依交維計畫訂定時間施工","start_date":"2026-04-22","end_date":"2026-05-05","status_label":"施工中"}},{"type":"Feature","geometry":{"type":"Point","coordinates":[121.60644456195196,25.06894703647636]},"properties":{"permit_id":"11500871","city":"taipei","city_label":"臺北市","district":"內湖","district_display":"內湖區","addr":"民權東路六段280巷69弄70號前","npurp":"道路維護","app_name":"水利處","tc_na":"泇溢營造有限公司","co_ti":"自09時00分至18時00分; 依交維計畫訂定時間施工","start_date":"2026-04-22","end_date":"2026-05-05","status_label":"施工中"}},{"type":"Feature","geometry":{"type":"Point","coordinates":[121.60644456195196,25.06894703647636]},"properties":{"permit_id":"11500871","city":"taipei","city_label":"臺北市","district":"內湖","district_display":"內湖區","addr":"民權東路六段280巷69弄70號前","npurp":"道路維護","app_name":"水利處","tc_na":"泇溢營造有限公司","co_ti":"自09時00分至18時00分; 依交維計畫訂定時間施工","start_date":"2026-04-22","end_date":"2026-05-05","status_label":"施工中"}},{"type":"Feature","geometry":{"type":"Point","coordinates":[121.60644154679406,25.068950678037822]},"properties":{"permit_id":"11500871","city":"taipei","city_label":"臺北市","district":"內湖","district_display":"內湖區","addr":"民權東路六段280巷69弄70號前","npurp":"道路維護","app_name":"水利處","tc_na":"泇溢營造有限公司","co_ti":"自09時00分至18時00分; 依交維計畫訂定時間施工","start_date":"2026-04-22","end_date":"2026-05-05","status_label":"施工中"}},{"type":"Feature","geometry":{"type":"Point","coordinates":[121.61860747068926,25.07339311074961]},"properties":{"permit_id":"11500883","city":"taipei","city_label":"臺北市","district":"內湖","district_display":"內湖區","addr":"康樂街136巷15弄(54號至安泰街)及康樂街136巷3弄(康樂合署大樓地下停車場至康樂街162巷）側溝蓋更新工程","npurp":"道路維護","app_name":"新工處","tc_na":"晉德營造有限公司","co_ti":"自09時00分至18時00分; 依交維計畫訂定時間施工","start_date":"2026-04-24","end_date":"2026-05-22","status_label":"施工中"}},{"type":"Feature","geometry":{"type":"Point","coordinates":[121.59051015986272,25.08668405436631]},"properties":{"permit_id":"11500895","city":"taipei","city_label":"臺北市","district":"內湖","district_display":"內湖區","addr":"內湖路3段90-128號雙側溝蓋更新工程","npurp":"道路維護","app_name":"新工處","tc_na":"晉德營造有限公司","co_ti":"自09時00分至18時00分; 依交維計畫訂定時間施工","start_date":"2026-04-27","end_date":"2026-05-26","status_label":"施工中"}},{"type":"Feature","geometry":{"type":"Point","coordinates":[121.59051015986272,25.08668405436631]},"properties":{"permit_id":"11500895","city":"taipei","city_label":"臺北市","district":"內湖","district_display":"內湖區","addr":"內湖路3段90-128號雙側溝蓋更新工程","npurp":"道路維護","app_name":"新工處","tc_na":"晉德營造有限公司","co_ti":"自09時00分至18時00分; 依交維計畫訂定時間施工","start_date":"2026-04-27","end_date":"2026-05-26","status_label":"施工中"}},{"type":"Feature","geometry":{"type":"Point","coordinates":[121.58996486214792,25.08691864847288]},"properties":{"permit_id":"11500895","city":"taipei","city_label":"臺北市","district":"內湖","district_display":"內湖區","addr":"內湖路3段90-128號雙側溝蓋更新工程","npurp":"道路維護","app_name":"新工處","tc_na":"晉德營造有限公司","co_ti":"自09時00分至18時00分; 依交維計畫訂定時間施工","start_date":"2026-04-27","end_date":"2026-05-26","status_label":"施工中"}},{"type":"Feature","geometry":{"type":"Point","coordinates":[121.46496399925492,25.123454362576496]},"properties":{"permit_id":"11405325-1","city":"taipei","city_label":"臺北市","district":"北投","district_display":"北投區","addr":"北投區往台北方向台2乙10K+888至10K+799M東南側人行道側道路施工。","npurp":"道路維護","app_name":"新北市新工處","tc_na":"榮工工程股份有限公司","co_ti":"自09時00分至17時00分(含例假日); 依交維計畫訂定時間施工","start_date":"2026-02-06","end_date":"2026-07-29","status_label":"施工中"}},{"type":"Feature","geometry":{"type":"Point","coordinates":[121.4642505342573,25.12376520440031]},"properties":{"permit_id":"11405325-1","city":"taipei","city_label":"臺北市","district":"北投","district_display":"北投區","addr":"北投區往台北方向台2乙10K+888至10K+799M東南側人行道側道路施工。","npurp":"道路維護","app_name":"新北市新工處","tc_na":"榮工工程股份有限公司","co_ti":"自09時00分至17時00分(含例假日); 依交維計畫訂定時間施工","start_date":"2026-02-06","end_date":"2026-07-29","status_label":"施工中"}},{"type":"Feature","geometry":{"type":"Point","coordinates":[121.46480840258285,25.123492289857392]},"properties":{"permit_id":"11405325-1","city":"taipei","city_label":"臺北市","district":"北投","district_display":"北投區","addr":"北投區往台北方向台2乙10K+888至10K+799M東南側人行道側道路施工。","npurp":"道路維護","app_name":"新北市新工處","tc_na":"榮工工程股份有限公司","co_ti":"自09時00分至17時00分(含例假日); 依交維計畫訂定時間施工","start_date":"2026-02-06","end_date":"2026-07-29","status_label":"施工中"}},{"type":"Feature","geometry":{"type":"Point","coordinates":[121.4649073008121,25.1233402905547]},"properties":{"permit_id":"11405325-1","city":"taipei","city_label":"臺北市","district":"北投","district_display":"北投區","addr":"北投區往台北方向台2乙10K+888至10K+799M東南側人行道側道路施工。","npurp":"道路維護","app_name":"新北市新工處","tc_na":"榮工工程股份有限公司","co_ti":"自09時00分至17時00分(含例假日); 依交維計畫訂定時間施工","start_date":"2026-02-06","end_date":"2026-07-29","status_label":"施工中"}},{"type":"Feature","geometry":{"type":"Point","coordinates":[121.4653741007548,25.123297450233892]},"properties":{"permit_id":"11405325-1","city":"taipei","city_label":"臺北市","district":"北投","district_display":"北投區","addr":"北投區往台北方向台2乙10K+888至10K+799M東南側人行道側道路施工。","npurp":"道路維護","app_name":"新北市新工處","tc_na":"榮工工程股份有限公司","co_ti":"自09時00分至17時00分(含例假日); 依交維計畫訂定時間施工","start_date":"2026-02-06","end_date":"2026-07-29","status_label":"施工中"}},{"type":"Feature","geometry":{"type":"Point","coordinates":[121.46496399925492,25.123454362576496]},"properties":{"permit_id":"11405325-1","city":"taipei","city_label":"臺北市","district":"北投","district_display":"北投區","addr":"北投區往台北方向台2乙10K+888至10K+799M東南側人行道側道路施工。","npurp":"道路維護","app_name":"新北市新工處","tc_na":"榮工工程股份有限公司","co_ti":"自09時00分至17時00分(含例假日); 依交維計畫訂定時間施工","start_date":"2026-02-06","end_date":"2026-07-29","status_label":"施工中"}},{"type":"Feature","geometry":{"type":"Point","coordinates":[121.4652772385485,25.12331133247988]},"properties":{"permit_id":"11405325-1","city":"taipei","city_label":"臺北市","district":"北投","district_display":"北投區","addr":"北投區往台北方向台2乙10K+888至10K+799M東南側人行道側道路施工。","npurp":"道路維護","app_name":"新北市新工處","tc_na":"榮工工程股份有限公司","co_ti":"自09時00分至17時00分(含例假日); 依交維計畫訂定時間施工","start_date":"2026-02-06","end_date":"2026-07-29","status_label":"施工中"}},{"type":"Feature","geometry":{"type":"Point","coordinates":[121.50115416969015,25.133775739180056]},"properties":{"permit_id":"115000648","city":"taipei","city_label":"臺北市","district":"北投","district_display":"北投區","addr":"中央北路1段2號至12號附近地區","npurp":"市政建設(衛工處-污水管線)","app_name":"衛工處","tc_na":"廣信工程股份有限公司","co_ti":"日間施工9時30分至16時","start_date":"2026-03-30","end_date":"2026-05-08","status_label":"施工中"}},{"type":"Feature","geometry":{"type":"Point","coordinates":[121.501157830074,25.133749220599302]},"properties":{"permit_id":"115000648","city":"taipei","city_label":"臺北市","district":"北投","district_display":"北投區","addr":"中央北路1段2號至12號附近地區","npurp":"市政建設(衛工處-污水管線)","app_name":"衛工處","tc_na":"廣信工程股份有限公司","co_ti":"日間施工9時30分至16時","start_date":"2026-03-30","end_date":"2026-05-08","status_label":"施工中"}},{"type":"Feature","geometry":{"type":"Point","coordinates":[121.501157830074,25.133749220599302]},"properties":{"permit_id":"115000648","city":"taipei","city_label":"臺北市","district":"北投","district_display":"北投區","addr":"中央北路1段2號至12號附近地區","npurp":"市政建設(衛工處-污水管線)","app_name":"衛工處","tc_na":"廣信工程股份有限公司","co_ti":"日間施工9時30分至16時","start_date":"2026-03-30","end_date":"2026-05-08","status_label":"施工中"}},{"type":"Feature","geometry":{"type":"Point","coordinates":[121.50155832507602,25.13350661943604]},"properties":{"permit_id":"115000648","city":"taipei","city_label":"臺北市","district":"北投","district_display":"北投區","addr":"中央北路1段2號至12號附近地區","npurp":"市政建設(衛工處-污水管線)","app_name":"衛工處","tc_na":"廣信工程股份有限公司","co_ti":"日間施工9時30分至16時","start_date":"2026-03-30","end_date":"2026-05-08","status_label":"施工中"}},{"type":"Feature","geometry":{"type":"Point","coordinates":[121.501157830074,25.133749220599302]},"properties":{"permit_id":"115000648","city":"taipei","city_label":"臺北市","district":"北投","district_display":"北投區","addr":"中央北路1段2號至12號附近地區","npurp":"市政建設(衛工處-污水管線)","app_name":"衛工處","tc_na":"廣信工程股份有限公司","co_ti":"日間施工9時30分至16時","start_date":"2026-03-30","end_date":"2026-05-08","status_label":"施工中"}},{"type":"Feature","geometry":{"type":"Point","coordinates":[121.50115416969015,25.133775739180056]},"properties":{"permit_id":"115000648","city":"taipei","city_label":"臺北市","district":"北投","district_display":"北投區","addr":"中央北路1段2號至12號附近地區","npurp":"市政建設(衛工處-污水管線)","app_name":"衛工處","tc_na":"廣信工程股份有限公司","co_ti":"日間施工9時30分至16時","start_date":"2026-03-30","end_date":"2026-05-08","status_label":"施工中"}},{"type":"Feature","geometry":{"type":"Point","coordinates":[121.50160976863458,25.119283345078635]},"properties":{"permit_id":"115000806","city":"taipei","city_label":"臺北市","district":"北投","district_display":"北投區","addr":"承德路7段與公館路附近一帶","npurp":"管線單位需求-建設需求","app_name":"台電北區","tc_na":"奕揚營造有限公司","co_ti":"依據易壅塞路段核准日間10時至16時及夜間施工22時至6時","start_date":"2026-04-13","end_date":"2026-05-29","status_label":"施工中"}},{"type":"Feature","geometry":{"type":"Point","coordinates":[121.50017738802715,25.12052294646129]},"properties":{"permit_id":"115000806","city":"taipei","city_label":"臺北市","district":"北投","district_display":"北投區","addr":"承德路7段與公館路附近一帶","npurp":"管線單位需求-建設需求","app_name":"台電北區","tc_na":"奕揚營造有限公司","co_ti":"依據易壅塞路段核准日間10時至16時及夜間施工22時至6時","start_date":"2026-04-13","end_date":"2026-05-29","status_label":"施工中"}},{"type":"Feature","geometry":{"type":"Point","coordinates":[121.50017738802715,25.12052294646129]},"properties":{"permit_id":"115000806","city":"taipei","city_label":"臺北市","district":"北投","district_display":"北投區","addr":"承德路7段與公館路附近一帶","npurp":"管線單位需求-建設需求","app_name":"台電北區","tc_na":"奕揚營造有限公司","co_ti":"依據易壅塞路段核准日間10時至16時及夜間施工22時至6時","start_date":"2026-04-13","end_date":"2026-05-29","status_label":"施工中"}},{"type":"Feature","geometry":{"type":"Point","coordinates":[121.50017738802715,25.12052294646129]},"properties":{"permit_id":"115000806","city":"taipei","city_label":"臺北市","district":"北投","district_display":"北投區","addr":"承德路7段與公館路附近一帶","npurp":"管線單位需求-建設需求","app_name":"台電北區","tc_na":"奕揚營造有限公司","co_ti":"依據易壅塞路段核准日間10時至16時及夜間施工22時至6時","start_date":"2026-04-13","end_date":"2026-05-29","status_label":"施工中"}},{"type":"Feature","geometry":{"type":"Point","coordinates":[121.50160976863458,25.119283345078635]},"properties":{"permit_id":"115000806","city":"taipei","city_label":"臺北市","district":"北投","district_display":"北投區","addr":"承德路7段與公館路附近一帶","npurp":"管線單位需求-建設需求","app_name":"台電北區","tc_na":"奕揚營造有限公司","co_ti":"依據易壅塞路段核准日間10時至16時及夜間施工22時至6時","start_date":"2026-04-13","end_date":"2026-05-29","status_label":"施工中"}},{"type":"Feature","geometry":{"type":"Point","coordinates":[121.50017738802715,25.12052294646129]},"properties":{"permit_id":"115000806","city":"taipei","city_label":"臺北市","district":"北投","district_display":"北投區","addr":"承德路7段與公館路附近一帶","npurp":"管線單位需求-建設需求","app_name":"台電北區","tc_na":"奕揚營造有限公司","co_ti":"依據易壅塞路段核准日間10時至16時及夜間施工22時至6時","start_date":"2026-04-13","end_date":"2026-05-29","status_label":"施工中"}},{"type":"Feature","geometry":{"type":"Point","coordinates":[121.4778922405505,25.13500049689138]},"properties":{"permit_id":"11500651","city":"taipei","city_label":"臺北市","district":"北投","district_display":"北投區","addr":"中央北路4段(一心路至中央北路3段)","npurp":"道路維護","app_name":"新工處","tc_na":"金煌營造有限公司","co_ti":"自09時00分至17時00分；工區24小時圍設; 依交維計畫訂定時間施工","start_date":"2026-04-13","end_date":"2026-06-10","status_label":"施工中"}},{"type":"Feature","geometry":{"type":"Point","coordinates":[121.47564946198048,25.13311325544224]},"properties":{"permit_id":"11500651","city":"taipei","city_label":"臺北市","district":"北投","district_display":"北投區","addr":"中央北路4段(一心路至中央北路3段)雙側溝蓋","npurp":"道路維護","app_name":"新工處","tc_na":"金煌營造有限公司","co_ti":"自09時00分至17時00分；工區24小時圍設; 依交維計畫訂定時間施工","start_date":"2026-04-13","end_date":"2026-06-10","status_label":"施工中"}},{"type":"Feature","geometry":{"type":"Point","coordinates":[121.47807973648374,25.135113924952517]},"properties":{"permit_id":"11500651","city":"taipei","city_label":"臺北市","district":"北投","district_display":"北投區","addr":"中央北路4段(一心路至中央北路3段)","npurp":"道路維護","app_name":"新工處","tc_na":"金煌營造有限公司","co_ti":"自09時00分至17時00分；工區24小時圍設; 依交維計畫訂定時間施工","start_date":"2026-04-13","end_date":"2026-06-10","status_label":"施工中"}},{"type":"Feature","geometry":{"type":"Point","coordinates":[121.4780840179691,25.134929784747857]},"properties":{"permit_id":"11500651","city":"taipei","city_label":"臺北市","district":"北投","district_display":"北投區","addr":"中央北路4段(一心路至中央北路3段)","npurp":"道路維護","app_name":"新工處","tc_na":"金煌營造有限公司","co_ti":"自09時00分至17時00分；工區24小時圍設; 依交維計畫訂定時間施工","start_date":"2026-04-13","end_date":"2026-06-10","status_label":"施工中"}},{"type":"Feature","geometry":{"type":"Point","coordinates":[121.476639731518,25.13390292326114]},"properties":{"permit_id":"11500651","city":"taipei","city_label":"臺北市","district":"北投","district_display":"北投區","addr":"中央北路4段(一心路至中央北路3段)","npurp":"道路維護","app_name":"新工處","tc_na":"金煌營造有限公司","co_ti":"自09時00分至17時00分；工區24小時圍設; 依交維計畫訂定時間施工","start_date":"2026-04-13","end_date":"2026-06-10","status_label":"施工中"}},{"type":"Feature","geometry":{"type":"Point","coordinates":[121.47813211073984,25.13498397823215]},"properties":{"permit_id":"11500651","city":"taipei","city_label":"臺北市","district":"北投","district_display":"北投區","addr":"中央北路4段(一心路至中央北路3段)","npurp":"道路維護","app_name":"新工處","tc_na":"金煌營造有限公司","co_ti":"自09時00分至17時00分；工區24小時圍設; 依交維計畫訂定時間施工","start_date":"2026-04-13","end_date":"2026-06-10","status_label":"施工中"}},{"type":"Feature","geometry":{"type":"Point","coordinates":[121.47730491433497,25.134431313652428]},"properties":{"permit_id":"11500651","city":"taipei","city_label":"臺北市","district":"北投","district_display":"北投區","addr":"中央北路4段(一心路至中央北路3段)","npurp":"道路維護","app_name":"新工處","tc_na":"金煌營造有限公司","co_ti":"自09時00分至17時00分；工區24小時圍設; 依交維計畫訂定時間施工","start_date":"2026-04-13","end_date":"2026-06-10","status_label":"施工中"}},{"type":"Feature","geometry":{"type":"Point","coordinates":[121.47497948299632,25.13257190849585]},"properties":{"permit_id":"11500651","city":"taipei","city_label":"臺北市","district":"北投","district_display":"北投區","addr":"中央北路4段(一心路至中央北路3段)雙側溝蓋","npurp":"道路維護","app_name":"新工處","tc_na":"金煌營造有限公司","co_ti":"自09時00分至17時00分；工區24小時圍設; 依交維計畫訂定時間施工","start_date":"2026-04-13","end_date":"2026-06-10","status_label":"施工中"}},{"type":"Feature","geometry":{"type":"Point","coordinates":[121.47497948299632,25.13257190849585]},"properties":{"permit_id":"11500651","city":"taipei","city_label":"臺北市","district":"北投","district_display":"北投區","addr":"中央北路4段(一心路至中央北路3段)雙側溝蓋","npurp":"道路維護","app_name":"新工處","tc_na":"金煌營造有限公司","co_ti":"自09時00分至17時00分；工區24小時圍設; 依交維計畫訂定時間施工","start_date":"2026-04-13","end_date":"2026-06-10","status_label":"施工中"}},{"type":"Feature","geometry":{"type":"Point","coordinates":[121.47543132057316,25.13310839420815]},"properties":{"permit_id":"11500651","city":"taipei","city_label":"臺北市","district":"北投","district_display":"北投區","addr":"中央北路4段(一心路至中央北路3段)雙側溝蓋","npurp":"道路維護","app_name":"新工處","tc_na":"金煌營造有限公司","co_ti":"自09時00分至17時00分；工區24小時圍設; 依交維計畫訂定時間施工","start_date":"2026-04-13","end_date":"2026-06-10","status_label":"施工中"}},{"type":"Feature","geometry":{"type":"Point","coordinates":[121.47564946198048,25.13311325544224]},"properties":{"permit_id":"11500651","city":"taipei","city_label":"臺北市","district":"北投","district_display":"北投區","addr":"中央北路4段(一心路至中央北路3段)雙側溝蓋","npurp":"道路維護","app_name":"新工處","tc_na":"金煌營造有限公司","co_ti":"自09時00分至17時00分；工區24小時圍設; 依交維計畫訂定時間施工","start_date":"2026-04-13","end_date":"2026-06-10","status_label":"施工中"}},{"type":"Feature","geometry":{"type":"Point","coordinates":[121.47695856081008,25.134136237663533]},"properties":{"permit_id":"11500651","city":"taipei","city_label":"臺北市","district":"北投","district_display":"北投區","addr":"中央北路4段(一心路至中央北路3段)雙側溝蓋","npurp":"道路維護","app_name":"新工處","tc_na":"金煌營造有限公司","co_ti":"自09時00分至17時00分；工區24小時圍設; 依交維計畫訂定時間施工","start_date":"2026-04-13","end_date":"2026-06-10","status_label":"施工中"}},{"type":"Feature","geometry":{"type":"Point","coordinates":[121.47731678525206,25.134609831544516]},"properties":{"permit_id":"11500651","city":"taipei","city_label":"臺北市","district":"北投","district_display":"北投區","addr":"中央北路4段(一心路至中央北路3段)雙側溝蓋","npurp":"道路維護","app_name":"新工處","tc_na":"金煌營造有限公司","co_ti":"自09時00分至17時00分；工區24小時圍設; 依交維計畫訂定時間施工","start_date":"2026-04-13","end_date":"2026-06-10","status_label":"施工中"}},{"type":"Feature","geometry":{"type":"Point","coordinates":[121.47730491433497,25.134431313652428]},"properties":{"permit_id":"11500651","city":"taipei","city_label":"臺北市","district":"北投","district_display":"北投區","addr":"中央北路4段(一心路至中央北路3段)雙側溝蓋","npurp":"道路維護","app_name":"新工處","tc_na":"金煌營造有限公司","co_ti":"自09時00分至17時00分；工區24小時圍設; 依交維計畫訂定時間施工","start_date":"2026-04-13","end_date":"2026-06-10","status_label":"施工中"}},{"type":"Feature","geometry":{"type":"Point","coordinates":[121.47564946198048,25.13311325544224]},"properties":{"permit_id":"11500651","city":"taipei","city_label":"臺北市","district":"北投","district_display":"北投區","addr":"中央北路4段(一心路至中央北路3段)雙側溝蓋","npurp":"道路維護","app_name":"新工處","tc_na":"金煌營造有限公司","co_ti":"自09時00分至17時00分；工區24小時圍設; 依交維計畫訂定時間施工","start_date":"2026-04-13","end_date":"2026-06-10","status_label":"施工中"}},{"type":"Feature","geometry":{"type":"Point","coordinates":[121.47497948299632,25.13257190849585]},"properties":{"permit_id":"11500651","city":"taipei","city_label":"臺北市","district":"北投","district_display":"北投區","addr":"中央北路4段(一心路至中央北路3段)雙側溝蓋","npurp":"道路維護","app_name":"新工處","tc_na":"金煌營造有限公司","co_ti":"自09時00分至17時00分；工區24小時圍設; 依交維計畫訂定時間施工","start_date":"2026-04-13","end_date":"2026-06-10","status_label":"施工中"}},{"type":"Feature","geometry":{"type":"Point","coordinates":[121.47498689425514,25.132562432402157]},"properties":{"permit_id":"11500651","city":"taipei","city_label":"臺北市","district":"北投","district_display":"北投區","addr":"中央北路4段(一心路至中央北路3段)雙側溝蓋","npurp":"道路維護","app_name":"新工處","tc_na":"金煌營造有限公司","co_ti":"自09時00分至17時00分；工區24小時圍設; 依交維計畫訂定時間施工","start_date":"2026-04-13","end_date":"2026-06-10","status_label":"施工中"}},{"type":"Feature","geometry":{"type":"Point","coordinates":[121.47498689425514,25.132562432402157]},"properties":{"permit_id":"11500651","city":"taipei","city_label":"臺北市","district":"北投","district_display":"北投區","addr":"中央北路4段(一心路至中央北路3段)雙側溝蓋","npurp":"道路維護","app_name":"新工處","tc_na":"金煌營造有限公司","co_ti":"自09時00分至17時00分；工區24小時圍設; 依交維計畫訂定時間施工","start_date":"2026-04-13","end_date":"2026-06-10","status_label":"施工中"}},{"type":"Feature","geometry":{"type":"Point","coordinates":[121.52005604828618,25.115253889781997]},"properties":{"permit_id":"11500739","city":"taipei","city_label":"臺北市","district":"北投","district_display":"北投區","addr":"北投區明德路(振華街至明德路337巷間)雙側人行道拓寬工程","npurp":"道路維護","app_name":"新工處","tc_na":"達客利科技有限公司","co_ti":"自09時00分至17時00分; 依交維計畫訂定時間施工","start_date":"2026-04-13","end_date":"2026-08-15","status_label":"施工中"}},{"type":"Feature","geometry":{"type":"Point","coordinates":[121.52007800077504,25.11526999096]},"properties":{"permit_id":"11500739","city":"taipei","city_label":"臺北市","district":"北投","district_display":"北投區","addr":"北投區明德路(振華街至明德路337巷間)雙側人行道拓寬工程","npurp":"道路維護","app_name":"新工處","tc_na":"達客利科技有限公司","co_ti":"自09時00分至17時00分; 依交維計畫訂定時間施工","start_date":"2026-04-13","end_date":"2026-08-15","status_label":"施工中"}},{"type":"Feature","geometry":{"type":"Point","coordinates":[121.52005604828618,25.115253889781997]},"properties":{"permit_id":"11500739","city":"taipei","city_label":"臺北市","district":"北投","district_display":"北投區","addr":"北投區明德路(振華街至明德路337巷間)雙側人行道拓寬工程","npurp":"道路維護","app_name":"新工處","tc_na":"達客利科技有限公司","co_ti":"自09時00分至17時00分; 依交維計畫訂定時間施工","start_date":"2026-04-13","end_date":"2026-08-15","status_label":"施工中"}},{"type":"Feature","geometry":{"type":"Point","coordinates":[121.52010004099402,25.115241213624124]},"properties":{"permit_id":"11500739","city":"taipei","city_label":"臺北市","district":"北投","district_display":"北投區","addr":"北投區明德路(振華街至明德路337巷間)雙側人行道拓寬工程","npurp":"道路維護","app_name":"新工處","tc_na":"達客利科技有限公司","co_ti":"自09時00分至17時00分; 依交維計畫訂定時間施工","start_date":"2026-04-13","end_date":"2026-08-15","status_label":"施工中"}},{"type":"Feature","geometry":{"type":"Point","coordinates":[121.52005604828618,25.115253889781997]},"properties":{"permit_id":"11500739","city":"taipei","city_label":"臺北市","district":"北投","district_display":"北投區","addr":"北投區明德路(振華街至明德路337巷間)雙側人行道拓寬工程","npurp":"道路維護","app_name":"新工處","tc_na":"達客利科技有限公司","co_ti":"自09時00分至17時00分; 依交維計畫訂定時間施工","start_date":"2026-04-13","end_date":"2026-08-15","status_label":"施工中"}},{"type":"Feature","geometry":{"type":"Point","coordinates":[121.52005604828618,25.115253889781997]},"properties":{"permit_id":"11500739","city":"taipei","city_label":"臺北市","district":"北投","district_display":"北投區","addr":"北投區明德路(振華街至明德路337巷間)雙側人行道拓寬工程","npurp":"道路維護","app_name":"新工處","tc_na":"達客利科技有限公司","co_ti":"自09時00分至17時00分; 依交維計畫訂定時間施工","start_date":"2026-04-13","end_date":"2026-08-15","status_label":"施工中"}},{"type":"Feature","geometry":{"type":"Point","coordinates":[121.5200780047242,25.11536699683758]},"properties":{"permit_id":"11500739","city":"taipei","city_label":"臺北市","district":"北投","district_display":"北投區","addr":"北投區明德路(振華街至明德路337巷間)雙側人行道拓寬工程","npurp":"道路維護","app_name":"新工處","tc_na":"達客利科技有限公司","co_ti":"自09時00分至17時00分; 依交維計畫訂定時間施工","start_date":"2026-04-13","end_date":"2026-08-15","status_label":"施工中"}},{"type":"Feature","geometry":{"type":"Point","coordinates":[121.52009499966128,25.115258998418668]},"properties":{"permit_id":"11500739","city":"taipei","city_label":"臺北市","district":"北投","district_display":"北投區","addr":"北投區明德路(振華街至明德路337巷間)雙側人行道拓寬工程","npurp":"道路維護","app_name":"新工處","tc_na":"達客利科技有限公司","co_ti":"自09時00分至17時00分; 依交維計畫訂定時間施工","start_date":"2026-04-13","end_date":"2026-08-15","status_label":"施工中"}},{"type":"Feature","geometry":{"type":"Point","coordinates":[121.52010399564038,25.1152899961074]},"properties":{"permit_id":"11500739","city":"taipei","city_label":"臺北市","district":"北投","district_display":"北投區","addr":"北投區明德路(振華街至明德路337巷間)雙側人行道拓寬工程","npurp":"道路維護","app_name":"新工處","tc_na":"達客利科技有限公司","co_ti":"自09時00分至17時00分; 依交維計畫訂定時間施工","start_date":"2026-04-13","end_date":"2026-08-15","status_label":"施工中"}},{"type":"Feature","geometry":{"type":"Point","coordinates":[121.52005604828618,25.115253889781997]},"properties":{"permit_id":"11500739","city":"taipei","city_label":"臺北市","district":"北投","district_display":"北投區","addr":"北投區明德路(振華街至明德路337巷間)雙側人行道拓寬工程","npurp":"道路維護","app_name":"新工處","tc_na":"達客利科技有限公司","co_ti":"自09時00分至17時00分; 依交維計畫訂定時間施工","start_date":"2026-04-13","end_date":"2026-08-15","status_label":"施工中"}},{"type":"Feature","geometry":{"type":"Point","coordinates":[121.52010004099402,25.115241213624124]},"properties":{"permit_id":"11500739","city":"taipei","city_label":"臺北市","district":"北投","district_display":"北投區","addr":"北投區明德路(振華街至明德路337巷間)雙側人行道拓寬工程","npurp":"道路維護","app_name":"新工處","tc_na":"達客利科技有限公司","co_ti":"自09時00分至17時00分; 依交維計畫訂定時間施工","start_date":"2026-04-13","end_date":"2026-08-15","status_label":"施工中"}},{"type":"Feature","geometry":{"type":"Point","coordinates":[121.52014617619297,25.11544424503678]},"properties":{"permit_id":"11500739","city":"taipei","city_label":"臺北市","district":"北投","district_display":"北投區","addr":"北投區明德路(振華街至明德路337巷間)雙側人行道拓寬工程","npurp":"道路維護","app_name":"新工處","tc_na":"達客利科技有限公司","co_ti":"自09時00分至17時00分; 依交維計畫訂定時間施工","start_date":"2026-04-13","end_date":"2026-08-15","status_label":"施工中"}},{"type":"Feature","geometry":{"type":"Point","coordinates":[121.52008609597002,25.115444293298868]},"properties":{"permit_id":"11500739","city":"taipei","city_label":"臺北市","district":"北投","district_display":"北投區","addr":"北投區明德路(振華街至明德路337巷間)雙側人行道拓寬工程","npurp":"道路維護","app_name":"新工處","tc_na":"達客利科技有限公司","co_ti":"自09時00分至17時00分; 依交維計畫訂定時間施工","start_date":"2026-04-13","end_date":"2026-08-15","status_label":"施工中"}},{"type":"Feature","geometry":{"type":"Point","coordinates":[121.52005604828618,25.115253889781997]},"properties":{"permit_id":"11500739","city":"taipei","city_label":"臺北市","district":"北投","district_display":"北投區","addr":"北投區明德路(振華街至明德路337巷間)雙側人行道拓寬工程","npurp":"道路維護","app_name":"新工處","tc_na":"達客利科技有限公司","co_ti":"自09時00分至17時00分; 依交維計畫訂定時間施工","start_date":"2026-04-13","end_date":"2026-08-15","status_label":"施工中"}},{"type":"Feature","geometry":{"type":"Point","coordinates":[121.52008499591938,25.11533899453269]},"properties":{"permit_id":"11500739","city":"taipei","city_label":"臺北市","district":"北投","district_display":"北投區","addr":"北投區明德路(振華街至明德路337巷間)雙側人行道拓寬工程","npurp":"道路維護","app_name":"新工處","tc_na":"達客利科技有限公司","co_ti":"自09時00分至17時00分; 依交維計畫訂定時間施工","start_date":"2026-04-13","end_date":"2026-08-15","status_label":"施工中"}},{"type":"Feature","geometry":{"type":"Point","coordinates":[121.51954822509734,25.11096782772156]},"properties":{"permit_id":"11500740","city":"taipei","city_label":"臺北市","district":"北投","district_display":"北投區","addr":"建民路161-5號至161-15號","npurp":"道路維護","app_name":"新工處","tc_na":"達客利科技有限公司","co_ti":"自09時00分至17時00分; 依交維計畫訂定時間施工","start_date":"2026-04-16","end_date":"2026-06-29","status_label":"施工中"}},{"type":"Feature","geometry":{"type":"Point","coordinates":[121.51960429917573,25.110963541551055]},"properties":{"permit_id":"11500740","city":"taipei","city_label":"臺北市","district":"北投","district_display":"北投區","addr":"建民路161-5號至161-15號","npurp":"道路維護","app_name":"新工處","tc_na":"達客利科技有限公司","co_ti":"自09時00分至17時00分; 依交維計畫訂定時間施工","start_date":"2026-04-16","end_date":"2026-06-29","status_label":"施工中"}},{"type":"Feature","geometry":{"type":"Point","coordinates":[121.5195519977481,25.11095018280197]},"properties":{"permit_id":"11500740","city":"taipei","city_label":"臺北市","district":"北投","district_display":"北投區","addr":"建民路161-5號至161-15號","npurp":"道路維護","app_name":"新工處","tc_na":"達客利科技有限公司","co_ti":"自09時00分至17時00分; 依交維計畫訂定時間施工","start_date":"2026-04-16","end_date":"2026-06-29","status_label":"施工中"}},{"type":"Feature","geometry":{"type":"Point","coordinates":[121.5195519977481,25.11095018280197]},"properties":{"permit_id":"11500740","city":"taipei","city_label":"臺北市","district":"北投","district_display":"北投區","addr":"建民路161-5號至161-15號","npurp":"道路維護","app_name":"新工處","tc_na":"達客利科技有限公司","co_ti":"自09時00分至17時00分; 依交維計畫訂定時間施工","start_date":"2026-04-16","end_date":"2026-06-29","status_label":"施工中"}},{"type":"Feature","geometry":{"type":"Point","coordinates":[121.5195519977481,25.11095018280197]},"properties":{"permit_id":"11500740","city":"taipei","city_label":"臺北市","district":"北投","district_display":"北投區","addr":"建民路161-5號至161-15號","npurp":"道路維護","app_name":"新工處","tc_na":"達客利科技有限公司","co_ti":"自09時00分至17時00分; 依交維計畫訂定時間施工","start_date":"2026-04-16","end_date":"2026-06-29","status_label":"施工中"}},{"type":"Feature","geometry":{"type":"Point","coordinates":[121.51964854829764,25.111004834075228]},"properties":{"permit_id":"11500740","city":"taipei","city_label":"臺北市","district":"北投","district_display":"北投區","addr":"建民路161-5號至161-15號","npurp":"道路維護","app_name":"新工處","tc_na":"達客利科技有限公司","co_ti":"自09時00分至17時00分; 依交維計畫訂定時間施工","start_date":"2026-04-16","end_date":"2026-06-29","status_label":"施工中"}},{"type":"Feature","geometry":{"type":"Point","coordinates":[121.51959687742634,25.110976450526252]},"properties":{"permit_id":"11500740","city":"taipei","city_label":"臺北市","district":"北投","district_display":"北投區","addr":"建民路161-5號至161-15號","npurp":"道路維護","app_name":"新工處","tc_na":"達客利科技有限公司","co_ti":"自09時00分至17時00分; 依交維計畫訂定時間施工","start_date":"2026-04-16","end_date":"2026-06-29","status_label":"施工中"}},{"type":"Feature","geometry":{"type":"Point","coordinates":[121.5195519977481,25.11095018280197]},"properties":{"permit_id":"11500740","city":"taipei","city_label":"臺北市","district":"北投","district_display":"北投區","addr":"建民路161-5號至161-15號","npurp":"道路維護","app_name":"新工處","tc_na":"達客利科技有限公司","co_ti":"自09時00分至17時00分; 依交維計畫訂定時間施工","start_date":"2026-04-16","end_date":"2026-06-29","status_label":"施工中"}},{"type":"Feature","geometry":{"type":"Point","coordinates":[121.51964854829764,25.111004834075228]},"properties":{"permit_id":"11500740","city":"taipei","city_label":"臺北市","district":"北投","district_display":"北投區","addr":"建民路161-5號至161-15號","npurp":"道路維護","app_name":"新工處","tc_na":"達客利科技有限公司","co_ti":"自09時00分至17時00分; 依交維計畫訂定時間施工","start_date":"2026-04-16","end_date":"2026-06-29","status_label":"施工中"}},{"type":"Feature","geometry":{"type":"Point","coordinates":[121.5195519977481,25.11095018280197]},"properties":{"permit_id":"11500740","city":"taipei","city_label":"臺北市","district":"北投","district_display":"北投區","addr":"建民路161-5號至161-15號","npurp":"道路維護","app_name":"新工處","tc_na":"達客利科技有限公司","co_ti":"自09時00分至17時00分; 依交維計畫訂定時間施工","start_date":"2026-04-16","end_date":"2026-06-29","status_label":"施工中"}},{"type":"Feature","geometry":{"type":"Point","coordinates":[121.51953030048936,25.11101069231364]},"properties":{"permit_id":"11500740","city":"taipei","city_label":"臺北市","district":"北投","district_display":"北投區","addr":"建民路161-5號至161-15號","npurp":"道路維護","app_name":"新工處","tc_na":"達客利科技有限公司","co_ti":"自09時00分至17時00分; 依交維計畫訂定時間施工","start_date":"2026-04-16","end_date":"2026-06-29","status_label":"施工中"}},{"type":"Feature","geometry":{"type":"Point","coordinates":[121.51960429917573,25.110963541551055]},"properties":{"permit_id":"11500740","city":"taipei","city_label":"臺北市","district":"北投","district_display":"北投區","addr":"建民路161-5號至161-15號","npurp":"道路維護","app_name":"新工處","tc_na":"達客利科技有限公司","co_ti":"自09時00分至17時00分; 依交維計畫訂定時間施工","start_date":"2026-04-16","end_date":"2026-06-29","status_label":"施工中"}},{"type":"Feature","geometry":{"type":"Point","coordinates":[121.4855709219694,25.13968897466389]},"properties":{"permit_id":"11500726","city":"taipei","city_label":"臺北市","district":"北投","district_display":"北投區","addr":"中央北路3段40巷34弄及岡山路5巷","npurp":"道路維護","app_name":"新工處","tc_na":"磐碩營造股份有限公司","co_ti":"自08時30分至17時30分; 依交維計畫訂定時間施工","start_date":"2026-04-20","end_date":"2026-05-07","status_label":"施工中"}},{"type":"Feature","geometry":{"type":"Point","coordinates":[121.48676451343478,25.14024259136451]},"properties":{"permit_id":"11500726","city":"taipei","city_label":"臺北市","district":"北投","district_display":"北投區","addr":"中央北路3段40巷34弄及岡山路5巷","npurp":"道路維護","app_name":"新工處","tc_na":"磐碩營造股份有限公司","co_ti":"自08時30分至17時30分; 依交維計畫訂定時間施工","start_date":"2026-04-20","end_date":"2026-05-07","status_label":"施工中"}},{"type":"Feature","geometry":{"type":"Point","coordinates":[121.48676451343478,25.14024259136451]},"properties":{"permit_id":"11500726","city":"taipei","city_label":"臺北市","district":"北投","district_display":"北投區","addr":"中央北路3段40巷34弄及岡山路5巷","npurp":"道路維護","app_name":"新工處","tc_na":"磐碩營造股份有限公司","co_ti":"自08時30分至17時30分; 依交維計畫訂定時間施工","start_date":"2026-04-20","end_date":"2026-05-07","status_label":"施工中"}},{"type":"Feature","geometry":{"type":"Point","coordinates":[121.48676451343478,25.14024259136451]},"properties":{"permit_id":"11500726","city":"taipei","city_label":"臺北市","district":"北投","district_display":"北投區","addr":"中央北路3段40巷34弄及岡山路5巷","npurp":"道路維護","app_name":"新工處","tc_na":"磐碩營造股份有限公司","co_ti":"自08時30分至17時30分; 依交維計畫訂定時間施工","start_date":"2026-04-20","end_date":"2026-05-07","status_label":"施工中"}},{"type":"Feature","geometry":{"type":"Point","coordinates":[121.50299689704345,25.134469580625336]},"properties":{"permit_id":"11500805","city":"taipei","city_label":"臺北市","district":"北投","district_display":"北投區","addr":"北投區溫泉路37巷","npurp":"道路維護","app_name":"新工處","tc_na":"達客利科技有限公司","co_ti":"自09時00分至17時00分; 依交維計畫訂定時間施工","start_date":"2026-04-20","end_date":"2026-05-29","status_label":"施工中"}},{"type":"Feature","geometry":{"type":"Point","coordinates":[121.50299689704345,25.134469580625336]},"properties":{"permit_id":"11500805","city":"taipei","city_label":"臺北市","district":"北投","district_display":"北投區","addr":"北投區溫泉路37巷","npurp":"道路維護","app_name":"新工處","tc_na":"達客利科技有限公司","co_ti":"自09時00分至17時00分; 依交維計畫訂定時間施工","start_date":"2026-04-20","end_date":"2026-05-29","status_label":"施工中"}},{"type":"Feature","geometry":{"type":"Point","coordinates":[121.50299689704345,25.134469580625336]},"properties":{"permit_id":"11500805","city":"taipei","city_label":"臺北市","district":"北投","district_display":"北投區","addr":"北投區溫泉路37巷","npurp":"道路維護","app_name":"新工處","tc_na":"達客利科技有限公司","co_ti":"自09時00分至17時00分; 依交維計畫訂定時間施工","start_date":"2026-04-20","end_date":"2026-05-29","status_label":"施工中"}},{"type":"Feature","geometry":{"type":"Point","coordinates":[121.50299689704345,25.134469580625336]},"properties":{"permit_id":"11500805","city":"taipei","city_label":"臺北市","district":"北投","district_display":"北投區","addr":"北投區溫泉路37巷","npurp":"道路維護","app_name":"新工處","tc_na":"達客利科技有限公司","co_ti":"自09時00分至17時00分; 依交維計畫訂定時間施工","start_date":"2026-04-20","end_date":"2026-05-29","status_label":"施工中"}},{"type":"Feature","geometry":{"type":"Point","coordinates":[121.50299689704345,25.134469580625336]},"properties":{"permit_id":"11500805","city":"taipei","city_label":"臺北市","district":"北投","district_display":"北投區","addr":"北投區溫泉路37巷","npurp":"道路維護","app_name":"新工處","tc_na":"達客利科技有限公司","co_ti":"自09時00分至17時00分; 依交維計畫訂定時間施工","start_date":"2026-04-20","end_date":"2026-05-29","status_label":"施工中"}},{"type":"Feature","geometry":{"type":"Point","coordinates":[121.50671707731716,25.117923998136057]},"properties":{"permit_id":"11500816","city":"taipei","city_label":"臺北市","district":"北投","district_display":"北投區","addr":"尊賢街251巷","npurp":"道路維護","app_name":"新工處","tc_na":"磐碩營造股份有限公司","co_ti":"自08時30分至17時30分; 依交維計畫訂定時間施工","start_date":"2026-04-23","end_date":"2026-05-24","status_label":"施工中"}},{"type":"Feature","geometry":{"type":"Point","coordinates":[121.5055459973911,25.117567995143588]},"properties":{"permit_id":"11500816","city":"taipei","city_label":"臺北市","district":"北投","district_display":"北投區","addr":"尊賢街251巷","npurp":"道路維護","app_name":"新工處","tc_na":"磐碩營造股份有限公司","co_ti":"自08時30分至17時30分; 依交維計畫訂定時間施工","start_date":"2026-04-23","end_date":"2026-05-24","status_label":"施工中"}},{"type":"Feature","geometry":{"type":"Point","coordinates":[121.50563100062196,25.11761199669061]},"properties":{"permit_id":"11500816","city":"taipei","city_label":"臺北市","district":"北投","district_display":"北投區","addr":"尊賢街251巷","npurp":"道路維護","app_name":"新工處","tc_na":"磐碩營造股份有限公司","co_ti":"自08時30分至17時30分; 依交維計畫訂定時間施工","start_date":"2026-04-23","end_date":"2026-05-24","status_label":"施工中"}},{"type":"Feature","geometry":{"type":"Point","coordinates":[121.50668800050865,25.11795699559164]},"properties":{"permit_id":"11500816","city":"taipei","city_label":"臺北市","district":"北投","district_display":"北投區","addr":"尊賢街251巷","npurp":"道路維護","app_name":"新工處","tc_na":"磐碩營造股份有限公司","co_ti":"自08時30分至17時30分; 依交維計畫訂定時間施工","start_date":"2026-04-23","end_date":"2026-05-24","status_label":"施工中"}},{"type":"Feature","geometry":{"type":"Point","coordinates":[121.50555567358646,25.11763743271015]},"properties":{"permit_id":"11500816","city":"taipei","city_label":"臺北市","district":"北投","district_display":"北投區","addr":"尊賢街251巷","npurp":"道路維護","app_name":"新工處","tc_na":"磐碩營造股份有限公司","co_ti":"自08時30分至17時30分; 依交維計畫訂定時間施工","start_date":"2026-04-23","end_date":"2026-05-24","status_label":"施工中"}},{"type":"Feature","geometry":{"type":"Point","coordinates":[121.4792976381928,25.135533070400665]},"properties":{"permit_id":"11500887","city":"taipei","city_label":"臺北市","district":"北投","district_display":"北投區","addr":"中央北路3段(全線)雙側溝蓋更新工程","npurp":"道路維護","app_name":"新工處","tc_na":"金煌營造有限公司","co_ti":"自09時00分至17時00分；工區24小時圍設; 依交維計畫訂定時間施工","start_date":"2026-04-29","end_date":"2026-07-01","status_label":"施工中"}},{"type":"Feature","geometry":{"type":"Point","coordinates":[121.4792976381928,25.135533070400665]},"properties":{"permit_id":"11500887","city":"taipei","city_label":"臺北市","district":"北投","district_display":"北投區","addr":"中央北路3段(全線)雙側溝蓋更新工程","npurp":"道路維護","app_name":"新工處","tc_na":"金煌營造有限公司","co_ti":"自09時00分至17時00分；工區24小時圍設; 依交維計畫訂定時間施工","start_date":"2026-04-29","end_date":"2026-07-01","status_label":"施工中"}},{"type":"Feature","geometry":{"type":"Point","coordinates":[121.61663185263932,25.05898777865408]},"properties":{"permit_id":"11500360","city":"taipei","city_label":"臺北市","district":"南港","district_display":"南港區","addr":"南港區經貿二路西側人行道(經貿二路105巷-157巷間)","npurp":"道路維護","app_name":"榮工工程股份有限公司","tc_na":"榮工工程股份有限公司","co_ti":"施工圍籬內08時00分至17時00分(機具材料日間 09:30~16:00 進出); 依交維計畫訂定時間施工","start_date":"2026-02-25","end_date":"2027-04-30","status_label":"施工中"}},{"type":"Feature","geometry":{"type":"Point","coordinates":[121.62001359175,25.03600865671136]},"properties":{"permit_id":"11405367-1","city":"taipei","city_label":"臺北市","district":"南港","district_display":"南港區","addr":"南深路(21巷至舊莊街)標線型人行道、南深路舊庄段一小段至南深路33號","npurp":"道路維護","app_name":"新工處","tc_na":"金煌營造有限公司","co_ti":"0800至1700; 依交維計畫訂定時間施工","start_date":"2026-04-11","end_date":"2026-06-29","status_label":"施工中"}},{"type":"Feature","geometry":{"type":"Point","coordinates":[121.61978507029436,25.035679122076377]},"properties":{"permit_id":"11405367-1","city":"taipei","city_label":"臺北市","district":"南港","district_display":"南港區","addr":"南深路(21巷至舊莊街)標線型人行道、南深路舊庄段一小段至南深路33號","npurp":"道路維護","app_name":"新工處","tc_na":"金煌營造有限公司","co_ti":"0800至1700; 依交維計畫訂定時間施工","start_date":"2026-04-11","end_date":"2026-06-29","status_label":"施工中"}},{"type":"Feature","geometry":{"type":"Point","coordinates":[121.6198784076493,25.03580355386239]},"properties":{"permit_id":"11405367-1","city":"taipei","city_label":"臺北市","district":"南港","district_display":"南港區","addr":"南深路(21巷至舊莊街)標線型人行道、南深路舊庄段一小段至南深路33號","npurp":"道路維護","app_name":"新工處","tc_na":"金煌營造有限公司","co_ti":"0800至1700; 依交維計畫訂定時間施工","start_date":"2026-04-11","end_date":"2026-06-29","status_label":"施工中"}},{"type":"Feature","geometry":{"type":"Point","coordinates":[121.62016057923128,25.036345970320134]},"properties":{"permit_id":"11405367-1","city":"taipei","city_label":"臺北市","district":"南港","district_display":"南港區","addr":"南深路(21巷至舊莊街)標線型人行道、南深路舊庄段一小段至南深路33號","npurp":"道路維護","app_name":"新工處","tc_na":"金煌營造有限公司","co_ti":"0800至1700; 依交維計畫訂定時間施工","start_date":"2026-04-11","end_date":"2026-06-29","status_label":"施工中"}},{"type":"Feature","geometry":{"type":"Point","coordinates":[121.61987799839758,25.03580099161816]},"properties":{"permit_id":"11405367-1","city":"taipei","city_label":"臺北市","district":"南港","district_display":"南港區","addr":"南深路(21巷至舊莊街)標線型人行道、南深路舊庄段一小段至南深路33號","npurp":"道路維護","app_name":"新工處","tc_na":"金煌營造有限公司","co_ti":"0800至1700; 依交維計畫訂定時間施工","start_date":"2026-04-11","end_date":"2026-06-29","status_label":"施工中"}},{"type":"Feature","geometry":{"type":"Point","coordinates":[121.6198784076493,25.03580355386239]},"properties":{"permit_id":"11405367-1","city":"taipei","city_label":"臺北市","district":"南港","district_display":"南港區","addr":"南深路(21巷至舊莊街)標線型人行道、南深路舊庄段一小段至南深路33號","npurp":"道路維護","app_name":"新工處","tc_na":"金煌營造有限公司","co_ti":"0800至1700; 依交維計畫訂定時間施工","start_date":"2026-04-11","end_date":"2026-06-29","status_label":"施工中"}},{"type":"Feature","geometry":{"type":"Point","coordinates":[121.58792786045817,25.04287180525037]},"properties":{"permit_id":"11500707","city":"taipei","city_label":"臺北市","district":"南港","district_display":"南港區","addr":"115年度南港區成福路121巷56弄旁擋土牆美化工程","npurp":"道路維護","app_name":"新工處","tc_na":"興成營造有限公司","co_ti":"0900-1700(工區24小時圍設); 依交維計畫訂定時間施工","start_date":"2026-04-15","end_date":"2026-07-01","status_label":"施工中"}},{"type":"Feature","geometry":{"type":"Point","coordinates":[121.58796863342684,25.042936925537987]},"properties":{"permit_id":"11500707","city":"taipei","city_label":"臺北市","district":"南港","district_display":"南港區","addr":"115年度南港區成福路121巷56弄旁擋土牆美化工程","npurp":"道路維護","app_name":"新工處","tc_na":"興成營造有限公司","co_ti":"0900-1700(工區24小時圍設); 依交維計畫訂定時間施工","start_date":"2026-04-15","end_date":"2026-07-01","status_label":"施工中"}},{"type":"Feature","geometry":{"type":"Point","coordinates":[121.5877401102112,25.042529645680787]},"properties":{"permit_id":"11500707","city":"taipei","city_label":"臺北市","district":"南港","district_display":"南港區","addr":"115年度南港區成福路121巷56弄旁擋土牆美化工程","npurp":"道路維護","app_name":"新工處","tc_na":"興成營造有限公司","co_ti":"0900-1700(工區24小時圍設); 依交維計畫訂定時間施工","start_date":"2026-04-15","end_date":"2026-07-01","status_label":"施工中"}},{"type":"Feature","geometry":{"type":"Point","coordinates":[121.58776049099777,25.042526730256785]},"properties":{"permit_id":"11500707","city":"taipei","city_label":"臺北市","district":"南港","district_display":"南港區","addr":"115年度南港區成福路121巷56弄旁擋土牆美化工程","npurp":"道路維護","app_name":"新工處","tc_na":"興成營造有限公司","co_ti":"0900-1700(工區24小時圍設); 依交維計畫訂定時間施工","start_date":"2026-04-15","end_date":"2026-07-01","status_label":"施工中"}},{"type":"Feature","geometry":{"type":"Point","coordinates":[121.58792786045817,25.04287180525037]},"properties":{"permit_id":"11500707","city":"taipei","city_label":"臺北市","district":"南港","district_display":"南港區","addr":"115年度南港區成福路121巷56弄旁擋土牆美化工程","npurp":"道路維護","app_name":"新工處","tc_na":"興成營造有限公司","co_ti":"0900-1700(工區24小時圍設); 依交維計畫訂定時間施工","start_date":"2026-04-15","end_date":"2026-07-01","status_label":"施工中"}},{"type":"Feature","geometry":{"type":"Point","coordinates":[121.58792786045817,25.04287180525037]},"properties":{"permit_id":"11500707","city":"taipei","city_label":"臺北市","district":"南港","district_display":"南港區","addr":"115年度南港區成福路121巷56弄旁擋土牆美化工程","npurp":"道路維護","app_name":"新工處","tc_na":"興成營造有限公司","co_ti":"0900-1700(工區24小時圍設); 依交維計畫訂定時間施工","start_date":"2026-04-15","end_date":"2026-07-01","status_label":"施工中"}},{"type":"Feature","geometry":{"type":"Point","coordinates":[121.60380395228442,25.05185595996862]},"properties":{"permit_id":"11500734","city":"taipei","city_label":"臺北市","district":"南港","district_display":"南港區","addr":"114年度南港區忠孝東路7段與忠孝東路7段265巷口路面高程改善工程","npurp":"道路維護","app_name":"新工處","tc_na":"磐碩營造股份有限公司","co_ti":"降孔蓋及溝蓋副署0900-1600、路改及銑鋪2300-翌日0600; 依交維計畫訂定時間施工","start_date":"2026-04-15","end_date":"2026-05-09","status_label":"施工中"}},{"type":"Feature","geometry":{"type":"Point","coordinates":[121.6036423486266,25.051837739270283]},"properties":{"permit_id":"11500734","city":"taipei","city_label":"臺北市","district":"南港","district_display":"南港區","addr":"114年度南港區忠孝東路7段與忠孝東路7段265巷口路面高程改善工程","npurp":"道路維護","app_name":"新工處","tc_na":"磐碩營造股份有限公司","co_ti":"降孔蓋及溝蓋副署0900-1600、路改及銑鋪2300-翌日0600; 依交維計畫訂定時間施工","start_date":"2026-04-15","end_date":"2026-05-09","status_label":"施工中"}},{"type":"Feature","geometry":{"type":"Point","coordinates":[121.60382104576506,25.0517502629288]},"properties":{"permit_id":"11500734","city":"taipei","city_label":"臺北市","district":"南港","district_display":"南港區","addr":"114年度南港區忠孝東路7段與忠孝東路7段265巷口路面高程改善工程","npurp":"道路維護","app_name":"新工處","tc_na":"磐碩營造股份有限公司","co_ti":"降孔蓋及溝蓋副署0900-1600、路改及銑鋪2300-翌日0600; 依交維計畫訂定時間施工","start_date":"2026-04-15","end_date":"2026-05-09","status_label":"施工中"}},{"type":"Feature","geometry":{"type":"Point","coordinates":[121.60380395228442,25.05185595996862]},"properties":{"permit_id":"11500734","city":"taipei","city_label":"臺北市","district":"南港","district_display":"南港區","addr":"114年度南港區忠孝東路7段與忠孝東路7段265巷口路面高程改善工程","npurp":"道路維護","app_name":"新工處","tc_na":"磐碩營造股份有限公司","co_ti":"降孔蓋及溝蓋副署0900-1600、路改及銑鋪2300-翌日0600; 依交維計畫訂定時間施工","start_date":"2026-04-15","end_date":"2026-05-09","status_label":"施工中"}},{"type":"Feature","geometry":{"type":"Point","coordinates":[121.58991235105728,25.046487722834524]},"properties":{"permit_id":"11500705","city":"taipei","city_label":"臺北市","district":"南港","district_display":"南港區","addr":"115年度南港區東新街(168巷至170巷)南側及東新街170巷(全線)西側溝蓋更新工程","npurp":"道路維護","app_name":"新工處","tc_na":"興成營造有限公司","co_ti":"0800-1800(工區24小時圍設); 依交維計畫訂定時間施工","start_date":"2026-04-17","end_date":"2026-06-23","status_label":"施工中"}},{"type":"Feature","geometry":{"type":"Point","coordinates":[121.59267422183972,25.04566893936721]},"properties":{"permit_id":"11500705","city":"taipei","city_label":"臺北市","district":"南港","district_display":"南港區","addr":"115年度南港區東新街(168巷至170巷)南側及東新街170巷(全線)西側溝蓋更新工程","npurp":"道路維護","app_name":"新工處","tc_na":"興成營造有限公司","co_ti":"0800-1800(工區24小時圍設); 依交維計畫訂定時間施工","start_date":"2026-04-17","end_date":"2026-06-23","status_label":"施工中"}},{"type":"Feature","geometry":{"type":"Point","coordinates":[121.59176000302888,25.046039996912945]},"properties":{"permit_id":"11500705","city":"taipei","city_label":"臺北市","district":"南港","district_display":"南港區","addr":"115年度南港區東新街(168巷至170巷)南側及東新街170巷(全線)西側溝蓋更新工程","npurp":"道路維護","app_name":"新工處","tc_na":"興成營造有限公司","co_ti":"0800-1800(工區24小時圍設); 依交維計畫訂定時間施工","start_date":"2026-04-17","end_date":"2026-06-23","status_label":"施工中"}},{"type":"Feature","geometry":{"type":"Point","coordinates":[121.58991235105728,25.046487722834524]},"properties":{"permit_id":"11500705","city":"taipei","city_label":"臺北市","district":"南港","district_display":"南港區","addr":"115年度南港區東新街(168巷至170巷)南側及東新街170巷(全線)西側溝蓋更新工程","npurp":"道路維護","app_name":"新工處","tc_na":"興成營造有限公司","co_ti":"0800-1800(工區24小時圍設); 依交維計畫訂定時間施工","start_date":"2026-04-17","end_date":"2026-06-23","status_label":"施工中"}},{"type":"Feature","geometry":{"type":"Point","coordinates":[121.58991235105728,25.046487722834524]},"properties":{"permit_id":"11500705","city":"taipei","city_label":"臺北市","district":"南港","district_display":"南港區","addr":"115年度南港區東新街(168巷至170巷)南側及東新街170巷(全線)西側溝蓋更新工程","npurp":"道路維護","app_name":"新工處","tc_na":"興成營造有限公司","co_ti":"0800-1800(工區24小時圍設); 依交維計畫訂定時間施工","start_date":"2026-04-17","end_date":"2026-06-23","status_label":"施工中"}},{"type":"Feature","geometry":{"type":"Point","coordinates":[121.59202137462351,25.045979975536515]},"properties":{"permit_id":"11500705","city":"taipei","city_label":"臺北市","district":"南港","district_display":"南港區","addr":"115年度南港區東新街(168巷至170巷)南側及東新街170巷(全線)西側溝蓋更新工程","npurp":"道路維護","app_name":"新工處","tc_na":"興成營造有限公司","co_ti":"0800-1800(工區24小時圍設); 依交維計畫訂定時間施工","start_date":"2026-04-17","end_date":"2026-06-23","status_label":"施工中"}},{"type":"Feature","geometry":{"type":"Point","coordinates":[121.59125345534416,25.046152390306386]},"properties":{"permit_id":"11500705","city":"taipei","city_label":"臺北市","district":"南港","district_display":"南港區","addr":"115年度南港區東新街(168巷至170巷)南側及東新街170巷(全線)西側溝蓋更新工程","npurp":"道路維護","app_name":"新工處","tc_na":"興成營造有限公司","co_ti":"0800-1800(工區24小時圍設); 依交維計畫訂定時間施工","start_date":"2026-04-17","end_date":"2026-06-23","status_label":"施工中"}},{"type":"Feature","geometry":{"type":"Point","coordinates":[121.59102700372917,25.04621799518207]},"properties":{"permit_id":"11500705","city":"taipei","city_label":"臺北市","district":"南港","district_display":"南港區","addr":"115年度南港區東新街(168巷至170巷)南側及東新街170巷(全線)西側溝蓋更新工程","npurp":"道路維護","app_name":"新工處","tc_na":"興成營造有限公司","co_ti":"0800-1800(工區24小時圍設); 依交維計畫訂定時間施工","start_date":"2026-04-17","end_date":"2026-06-23","status_label":"施工中"}},{"type":"Feature","geometry":{"type":"Point","coordinates":[121.59125345534416,25.046152390306386]},"properties":{"permit_id":"11500705","city":"taipei","city_label":"臺北市","district":"南港","district_display":"南港區","addr":"115年度南港區東新街(168巷至170巷)南側及東新街170巷(全線)西側溝蓋更新工程","npurp":"道路維護","app_name":"新工處","tc_na":"興成營造有限公司","co_ti":"0800-1800(工區24小時圍設); 依交維計畫訂定時間施工","start_date":"2026-04-17","end_date":"2026-06-23","status_label":"施工中"}},{"type":"Feature","geometry":{"type":"Point","coordinates":[121.58991235105728,25.046487722834524]},"properties":{"permit_id":"11500705","city":"taipei","city_label":"臺北市","district":"南港","district_display":"南港區","addr":"115年度南港區東新街(168巷至170巷)南側及東新街170巷(全線)西側溝蓋更新工程","npurp":"道路維護","app_name":"新工處","tc_na":"興成營造有限公司","co_ti":"0800-1800(工區24小時圍設); 依交維計畫訂定時間施工","start_date":"2026-04-17","end_date":"2026-06-23","status_label":"施工中"}},{"type":"Feature","geometry":{"type":"Point","coordinates":[121.5920160090894,25.04596880217913]},"properties":{"permit_id":"11500705","city":"taipei","city_label":"臺北市","district":"南港","district_display":"南港區","addr":"115年度南港區東新街(168巷至170巷)南側及東新街170巷(全線)西側溝蓋更新工程","npurp":"道路維護","app_name":"新工處","tc_na":"興成營造有限公司","co_ti":"0800-1800(工區24小時圍設); 依交維計畫訂定時間施工","start_date":"2026-04-17","end_date":"2026-06-23","status_label":"施工中"}},{"type":"Feature","geometry":{"type":"Point","coordinates":[121.58991235105728,25.046487722834524]},"properties":{"permit_id":"11500705","city":"taipei","city_label":"臺北市","district":"南港","district_display":"南港區","addr":"115年度南港區東新街(168巷至170巷)南側及東新街170巷(全線)西側溝蓋更新工程","npurp":"道路維護","app_name":"新工處","tc_na":"興成營造有限公司","co_ti":"0800-1800(工區24小時圍設); 依交維計畫訂定時間施工","start_date":"2026-04-17","end_date":"2026-06-23","status_label":"施工中"}},{"type":"Feature","geometry":{"type":"Point","coordinates":[121.58991235105728,25.046487722834524]},"properties":{"permit_id":"11500705","city":"taipei","city_label":"臺北市","district":"南港","district_display":"南港區","addr":"115年度南港區東新街(168巷至170巷)南側及東新街170巷(全線)西側溝蓋更新工程","npurp":"道路維護","app_name":"新工處","tc_na":"興成營造有限公司","co_ti":"0800-1800(工區24小時圍設); 依交維計畫訂定時間施工","start_date":"2026-04-17","end_date":"2026-06-23","status_label":"施工中"}},{"type":"Feature","geometry":{"type":"Point","coordinates":[121.58991235105728,25.046487722834524]},"properties":{"permit_id":"11500705","city":"taipei","city_label":"臺北市","district":"南港","district_display":"南港區","addr":"115年度南港區東新街(168巷至170巷)南側及東新街170巷(全線)西側溝蓋更新工程","npurp":"道路維護","app_name":"新工處","tc_na":"興成營造有限公司","co_ti":"0800-1800(工區24小時圍設); 依交維計畫訂定時間施工","start_date":"2026-04-17","end_date":"2026-06-23","status_label":"施工中"}},{"type":"Feature","geometry":{"type":"Point","coordinates":[121.61291812738402,25.062019787577302]},"properties":{"permit_id":"115000878","city":"taipei","city_label":"臺北市","district":"南港","district_display":"南港區","addr":"重陽路501號至551號附近地區(南港抽水站)","npurp":"市政建設(衛工處-污水管線)","app_name":"衛工處","tc_na":"廣信工程股份有限公司","co_ti":"日間施工9時至17時","start_date":"2026-04-20","end_date":"2026-06-20","status_label":"施工中"}},{"type":"Feature","geometry":{"type":"Point","coordinates":[121.61291812738402,25.062019787577302]},"properties":{"permit_id":"115000878","city":"taipei","city_label":"臺北市","district":"南港","district_display":"南港區","addr":"重陽路501號至551號附近地區(南港抽水站)","npurp":"市政建設(衛工處-污水管線)","app_name":"衛工處","tc_na":"廣信工程股份有限公司","co_ti":"日間施工9時至17時","start_date":"2026-04-20","end_date":"2026-06-20","status_label":"施工中"}},{"type":"Feature","geometry":{"type":"Point","coordinates":[121.61326050909985,25.06233819893228]},"properties":{"permit_id":"115000878","city":"taipei","city_label":"臺北市","district":"南港","district_display":"南港區","addr":"重陽路501號至551號附近地區(南港抽水站)","npurp":"市政建設(衛工處-污水管線)","app_name":"衛工處","tc_na":"廣信工程股份有限公司","co_ti":"日間施工9時至17時","start_date":"2026-04-20","end_date":"2026-06-20","status_label":"施工中"}},{"type":"Feature","geometry":{"type":"Point","coordinates":[121.6131893854278,25.06301352320743]},"properties":{"permit_id":"115000878","city":"taipei","city_label":"臺北市","district":"南港","district_display":"南港區","addr":"重陽路501號至551號附近地區(南港抽水站)","npurp":"市政建設(衛工處-污水管線)","app_name":"衛工處","tc_na":"廣信工程股份有限公司","co_ti":"日間施工9時至17時","start_date":"2026-04-20","end_date":"2026-06-20","status_label":"施工中"}},{"type":"Feature","geometry":{"type":"Point","coordinates":[121.6131893854278,25.06301352320743]},"properties":{"permit_id":"115000878","city":"taipei","city_label":"臺北市","district":"南港","district_display":"南港區","addr":"重陽路501號至551號附近地區(南港抽水站)","npurp":"市政建設(衛工處-污水管線)","app_name":"衛工處","tc_na":"廣信工程股份有限公司","co_ti":"日間施工9時至17時","start_date":"2026-04-20","end_date":"2026-06-20","status_label":"施工中"}},{"type":"Feature","geometry":{"type":"Point","coordinates":[121.61326050909985,25.06233819893228]},"properties":{"permit_id":"115000878","city":"taipei","city_label":"臺北市","district":"南港","district_display":"南港區","addr":"重陽路501號至551號附近地區(南港抽水站)","npurp":"市政建設(衛工處-污水管線)","app_name":"衛工處","tc_na":"廣信工程股份有限公司","co_ti":"日間施工9時至17時","start_date":"2026-04-20","end_date":"2026-06-20","status_label":"施工中"}},{"type":"Feature","geometry":{"type":"Point","coordinates":[121.61326050909985,25.06233819893228]},"properties":{"permit_id":"115000878","city":"taipei","city_label":"臺北市","district":"南港","district_display":"南港區","addr":"重陽路501號至551號附近地區(南港抽水站)","npurp":"市政建設(衛工處-污水管線)","app_name":"衛工處","tc_na":"廣信工程股份有限公司","co_ti":"日間施工9時至17時","start_date":"2026-04-20","end_date":"2026-06-20","status_label":"施工中"}},{"type":"Feature","geometry":{"type":"Point","coordinates":[121.61326050909985,25.06233819893228]},"properties":{"permit_id":"115000878","city":"taipei","city_label":"臺北市","district":"南港","district_display":"南港區","addr":"重陽路501號至551號附近地區(南港抽水站)","npurp":"市政建設(衛工處-污水管線)","app_name":"衛工處","tc_na":"廣信工程股份有限公司","co_ti":"日間施工9時至17時","start_date":"2026-04-20","end_date":"2026-06-20","status_label":"施工中"}},{"type":"Feature","geometry":{"type":"Point","coordinates":[121.58708637728836,25.046346055217523]},"properties":{"permit_id":"11500763","city":"taipei","city_label":"臺北市","district":"南港","district_display":"南港區","addr":"115年度南港區同德路(同德路85巷至東新街108巷)側溝蓋更新工程","npurp":"道路維護","app_name":"新工處","tc_na":"興成營造有限公司","co_ti":"0800-1800(工區24小時圍設); 依交維計畫訂定時間施工","start_date":"2026-04-22","end_date":"2026-05-11","status_label":"施工中"}},{"type":"Feature","geometry":{"type":"Point","coordinates":[121.5870814961598,25.04644900296495]},"properties":{"permit_id":"11500763","city":"taipei","city_label":"臺北市","district":"南港","district_display":"南港區","addr":"115年度南港區同德路(同德路85巷至東新街108巷)側溝蓋更新工程","npurp":"道路維護","app_name":"新工處","tc_na":"興成營造有限公司","co_ti":"0800-1800(工區24小時圍設); 依交維計畫訂定時間施工","start_date":"2026-04-22","end_date":"2026-05-11","status_label":"施工中"}},{"type":"Feature","geometry":{"type":"Point","coordinates":[121.58713161557354,25.046457995416365]},"properties":{"permit_id":"11500763","city":"taipei","city_label":"臺北市","district":"南港","district_display":"南港區","addr":"115年度南港區同德路(同德路85巷至東新街108巷)側溝蓋更新工程","npurp":"道路維護","app_name":"新工處","tc_na":"興成營造有限公司","co_ti":"0800-1800(工區24小時圍設); 依交維計畫訂定時間施工","start_date":"2026-04-22","end_date":"2026-05-11","status_label":"施工中"}},{"type":"Feature","geometry":{"type":"Point","coordinates":[121.58721500397616,25.046362998008227]},"properties":{"permit_id":"11500763","city":"taipei","city_label":"臺北市","district":"南港","district_display":"南港區","addr":"115年度南港區同德路(同德路85巷至東新街108巷)側溝蓋更新工程","npurp":"道路維護","app_name":"新工處","tc_na":"興成營造有限公司","co_ti":"0800-1800(工區24小時圍設); 依交維計畫訂定時間施工","start_date":"2026-04-22","end_date":"2026-05-11","status_label":"施工中"}},{"type":"Feature","geometry":{"type":"Point","coordinates":[121.59828791249888,25.056170001837398]},"properties":{"permit_id":"11500978","city":"taipei","city_label":"臺北市","district":"南港","district_display":"南港區","addr":"忠孝東路6段269號等5處零星修繕工程(設施修復)","npurp":"道路維護","app_name":"新工處","tc_na":"聖東營造股份有限公司","co_ti":"自09時00分至18時00分; 依交維計畫訂定時間施工","start_date":"2026-04-30","end_date":"2026-05-13","status_label":"施工中"}},{"type":"Feature","geometry":{"type":"Point","coordinates":[121.58972586193694,25.049755223512047]},"properties":{"permit_id":"11500978","city":"taipei","city_label":"臺北市","district":"南港","district_display":"南港區","addr":"忠孝東路6段269號等5處零星修繕工程(設施修復)","npurp":"道路維護","app_name":"新工處","tc_na":"聖東營造股份有限公司","co_ti":"自09時00分至18時00分; 依交維計畫訂定時間施工","start_date":"2026-04-30","end_date":"2026-05-13","status_label":"施工中"}},{"type":"Feature","geometry":{"type":"Point","coordinates":[121.51175218930764,25.088150286113933]},"properties":{"permit_id":"113003842","city":"taipei","city_label":"臺北市","district":"士林","district_display":"士林區","addr":"中正路(中正路493號至521號)、通河西街二段10旁","npurp":"市政建設(捷運局-捷運工程)","app_name":"捷運一工處(東區)","tc_na":"皇昌營造股份有限公司","co_ti":"交通易壅塞路段 日夜間施工0時至24時","start_date":"2024-09-30","end_date":"2032-09-07","status_label":"施工中"}},{"type":"Feature","geometry":{"type":"Point","coordinates":[121.51662549562953,25.091136538812105]},"properties":{"permit_id":"113003842","city":"taipei","city_label":"臺北市","district":"士林","district_display":"士林區","addr":"中正路(中正路493號至521號)、通河西街二段10旁","npurp":"市政建設(捷運局-捷運工程)","app_name":"捷運一工處(東區)","tc_na":"皇昌營造股份有限公司","co_ti":"交通易壅塞路段 日夜間施工0時至24時","start_date":"2024-09-30","end_date":"2032-09-07","status_label":"施工中"}},{"type":"Feature","geometry":{"type":"Point","coordinates":[121.51662549562953,25.091136538812105]},"properties":{"permit_id":"113003842","city":"taipei","city_label":"臺北市","district":"士林","district_display":"士林區","addr":"中正路(中正路493號至521號)、通河西街二段10旁","npurp":"市政建設(捷運局-捷運工程)","app_name":"捷運一工處(東區)","tc_na":"皇昌營造股份有限公司","co_ti":"交通易壅塞路段 日夜間施工0時至24時","start_date":"2024-09-30","end_date":"2032-09-07","status_label":"施工中"}},{"type":"Feature","geometry":{"type":"Point","coordinates":[121.54968190466344,25.099874497983013]},"properties":{"permit_id":"114002532-1","city":"taipei","city_label":"臺北市","district":"士林","district_display":"士林區","addr":"至善路2段113巷交叉口(故宮路)至2段221號(故宮博物院前)","npurp":"市政建設(捷運局-捷運工程)","app_name":"捷運一工處(東區)","tc_na":"大陸工程股份有限公司","co_ti":"易壅塞路段 日夜間施工0時至24時","start_date":"2025-09-08","end_date":"2034-09-18","status_label":"施工中"}},{"type":"Feature","geometry":{"type":"Point","coordinates":[121.54896468143674,25.099401333709626]},"properties":{"permit_id":"114002532-1","city":"taipei","city_label":"臺北市","district":"士林","district_display":"士林區","addr":"至善路2段113巷交叉口(故宮路)至2段221號(故宮博物院前)","npurp":"市政建設(捷運局-捷運工程)","app_name":"捷運一工處(東區)","tc_na":"大陸工程股份有限公司","co_ti":"易壅塞路段 日夜間施工0時至24時","start_date":"2025-09-08","end_date":"2034-09-18","status_label":"施工中"}},{"type":"Feature","geometry":{"type":"Point","coordinates":[121.54896468143674,25.099401333709626]},"properties":{"permit_id":"114002532-1","city":"taipei","city_label":"臺北市","district":"士林","district_display":"士林區","addr":"至善路2段113巷交叉口(故宮路)至2段221號(故宮博物院前)","npurp":"市政建設(捷運局-捷運工程)","app_name":"捷運一工處(東區)","tc_na":"大陸工程股份有限公司","co_ti":"易壅塞路段 日夜間施工0時至24時","start_date":"2025-09-08","end_date":"2034-09-18","status_label":"施工中"}},{"type":"Feature","geometry":{"type":"Point","coordinates":[121.54968190466344,25.099874497983013]},"properties":{"permit_id":"114002532-1","city":"taipei","city_label":"臺北市","district":"士林","district_display":"士林區","addr":"至善路2段113巷交叉口(故宮路)至2段221號(故宮博物院前)","npurp":"市政建設(捷運局-捷運工程)","app_name":"捷運一工處(東區)","tc_na":"大陸工程股份有限公司","co_ti":"易壅塞路段 日夜間施工0時至24時","start_date":"2025-09-08","end_date":"2034-09-18","status_label":"施工中"}},{"type":"Feature","geometry":{"type":"Point","coordinates":[121.53083758304054,25.11094243163121]},"properties":{"permit_id":"114003917","city":"taipei","city_label":"臺北市","district":"士林","district_display":"士林區","addr":"忠誠路2段54號至46之1、德行東路109巷與忠誠路2段40巷交叉口及忠誠路2段40巷與德行東路109巷交叉口附近地區","npurp":"市政建設(衛工處-污水管線)","app_name":"衛工處","tc_na":"廣信工程股份有限公司","co_ti":"明挖日間施工9時30分至16時及推管日夜施工8時至19時","start_date":"2025-10-21","end_date":"2026-05-11","status_label":"施工中"}},{"type":"Feature","geometry":{"type":"Point","coordinates":[121.53083758304054,25.11094243163121]},"properties":{"permit_id":"114003917","city":"taipei","city_label":"臺北市","district":"士林","district_display":"士林區","addr":"忠誠路2段54號至46之1、德行東路109巷與忠誠路2段40巷交叉口及忠誠路2段40巷與德行東路109巷交叉口附近地區","npurp":"市政建設(衛工處-污水管線)","app_name":"衛工處","tc_na":"廣信工程股份有限公司","co_ti":"明挖日間施工9時30分至16時及推管日夜施工8時至19時","start_date":"2025-10-21","end_date":"2026-05-11","status_label":"施工中"}},{"type":"Feature","geometry":{"type":"Point","coordinates":[121.53202595394936,25.09651346870412]},"properties":{"permit_id":"114004083-1","city":"taipei","city_label":"臺北市","district":"士林","district_display":"士林區","addr":"中正路(中正路229號至雨農路)、志成街(中正路至志成街22巷)、雨農路2號對面(志成公園旁)及福林路(四號廣場前)","npurp":"市政建設(捷運局-捷運工程)","app_name":"捷運一工處(東區)","tc_na":"皇昌營造股份有限公司","co_ti":"易壅塞路段 日夜間施工0時至24時","start_date":"2025-11-07","end_date":"2034-08-31","status_label":"施工中"}},{"type":"Feature","geometry":{"type":"Point","coordinates":[121.53199516842987,25.096648385422963]},"properties":{"permit_id":"114004083-1","city":"taipei","city_label":"臺北市","district":"士林","district_display":"士林區","addr":"中正路(中正路229號至雨農路)、志成街(中正路至志成街22巷)、雨農路2號對面(志成公園旁)及福林路(四號廣場前)","npurp":"市政建設(捷運局-捷運工程)","app_name":"捷運一工處(東區)","tc_na":"皇昌營造股份有限公司","co_ti":"易壅塞路段 日夜間施工0時至24時","start_date":"2025-11-07","end_date":"2034-08-31","status_label":"施工中"}},{"type":"Feature","geometry":{"type":"Point","coordinates":[121.53202595394936,25.09651346870412]},"properties":{"permit_id":"114004083-1","city":"taipei","city_label":"臺北市","district":"士林","district_display":"士林區","addr":"中正路(中正路229號至雨農路)、志成街(中正路至志成街22巷)、雨農路2號對面(志成公園旁)及福林路(四號廣場前)","npurp":"市政建設(捷運局-捷運工程)","app_name":"捷運一工處(東區)","tc_na":"皇昌營造股份有限公司","co_ti":"易壅塞路段 日夜間施工0時至24時","start_date":"2025-11-07","end_date":"2034-08-31","status_label":"施工中"}},{"type":"Feature","geometry":{"type":"Point","coordinates":[121.53199516842987,25.096648385422963]},"properties":{"permit_id":"114004083-1","city":"taipei","city_label":"臺北市","district":"士林","district_display":"士林區","addr":"中正路(中正路229號至雨農路)、志成街(中正路至志成街22巷)、雨農路2號對面(志成公園旁)及福林路(四號廣場前)","npurp":"市政建設(捷運局-捷運工程)","app_name":"捷運一工處(東區)","tc_na":"皇昌營造股份有限公司","co_ti":"易壅塞路段 日夜間施工0時至24時","start_date":"2025-11-07","end_date":"2034-08-31","status_label":"施工中"}},{"type":"Feature","geometry":{"type":"Point","coordinates":[121.53199516842987,25.096648385422963]},"properties":{"permit_id":"114004083-1","city":"taipei","city_label":"臺北市","district":"士林","district_display":"士林區","addr":"中正路(中正路229號至雨農路)、志成街(中正路至志成街22巷)、雨農路2號對面(志成公園旁)及福林路(四號廣場前)","npurp":"市政建設(捷運局-捷運工程)","app_name":"捷運一工處(東區)","tc_na":"皇昌營造股份有限公司","co_ti":"易壅塞路段 日夜間施工0時至24時","start_date":"2025-11-07","end_date":"2034-08-31","status_label":"施工中"}},{"type":"Feature","geometry":{"type":"Point","coordinates":[121.53199516842987,25.096648385422963]},"properties":{"permit_id":"114004083-1","city":"taipei","city_label":"臺北市","district":"士林","district_display":"士林區","addr":"中正路(中正路229號至雨農路)、志成街(中正路至志成街22巷)、雨農路2號對面(志成公園旁)及福林路(四號廣場前)","npurp":"市政建設(捷運局-捷運工程)","app_name":"捷運一工處(東區)","tc_na":"皇昌營造股份有限公司","co_ti":"易壅塞路段 日夜間施工0時至24時","start_date":"2025-11-07","end_date":"2034-08-31","status_label":"施工中"}},{"type":"Feature","geometry":{"type":"Point","coordinates":[121.53199516842987,25.096648385422963]},"properties":{"permit_id":"114004083-1","city":"taipei","city_label":"臺北市","district":"士林","district_display":"士林區","addr":"中正路(中正路229號至雨農路)、志成街(中正路至志成街22巷)、雨農路2號對面(志成公園旁)及福林路(四號廣場前)","npurp":"市政建設(捷運局-捷運工程)","app_name":"捷運一工處(東區)","tc_na":"皇昌營造股份有限公司","co_ti":"易壅塞路段 日夜間施工0時至24時","start_date":"2025-11-07","end_date":"2034-08-31","status_label":"施工中"}},{"type":"Feature","geometry":{"type":"Point","coordinates":[121.53199516842987,25.096648385422963]},"properties":{"permit_id":"114004083-1","city":"taipei","city_label":"臺北市","district":"士林","district_display":"士林區","addr":"中正路(中正路229號至雨農路)、志成街(中正路至志成街22巷)、雨農路2號對面(志成公園旁)及福林路(四號廣場前)","npurp":"市政建設(捷運局-捷運工程)","app_name":"捷運一工處(東區)","tc_na":"皇昌營造股份有限公司","co_ti":"易壅塞路段 日夜間施工0時至24時","start_date":"2025-11-07","end_date":"2034-08-31","status_label":"施工中"}},{"type":"Feature","geometry":{"type":"Point","coordinates":[121.52004246565106,25.09317982351612]},"properties":{"permit_id":"114004157-3","city":"taipei","city_label":"臺北市","district":"士林","district_display":"士林區","addr":"中正路中正路281號至493號旁及中正路435巷5號","npurp":"市政建設(捷運局-捷運工程)","app_name":"捷運一工處(東區)","tc_na":"皇昌營造股份有限公司","co_ti":"易壅塞路段 日夜間施工0時至24時","start_date":"2025-11-14","end_date":"2034-08-31","status_label":"施工中"}},{"type":"Feature","geometry":{"type":"Point","coordinates":[121.5198252068082,25.09344702013172]},"properties":{"permit_id":"114004157-3","city":"taipei","city_label":"臺北市","district":"士林","district_display":"士林區","addr":"中正路中正路281號至493號旁及中正路435巷5號","npurp":"市政建設(捷運局-捷運工程)","app_name":"捷運一工處(東區)","tc_na":"皇昌營造股份有限公司","co_ti":"易壅塞路段 日夜間施工0時至24時","start_date":"2025-11-14","end_date":"2034-08-31","status_label":"施工中"}},{"type":"Feature","geometry":{"type":"Point","coordinates":[121.5261274896051,25.09537678868841]},"properties":{"permit_id":"114004157-6","city":"taipei","city_label":"臺北市","district":"士林","district_display":"士林區","addr":"中正路220至281號、文林路424至464號","npurp":"市政建設(捷運局-捷運工程)","app_name":"捷運一工處(東區)","tc_na":"皇昌營造股份有限公司","co_ti":"易壅塞路段 日夜間施工0時至24時","start_date":"2025-12-11","end_date":"2034-08-31","status_label":"施工中"}},{"type":"Feature","geometry":{"type":"Point","coordinates":[121.51857546289118,25.09241472304054]},"properties":{"permit_id":"113003842","city":"taipei","city_label":"臺北市","district":"士林","district_display":"士林區","addr":"中正路(中正路493號至521號)、通河西街二段10旁","npurp":"市政建設(捷運局-捷運工程)","app_name":"捷運一工處(東區)","tc_na":"皇昌營造股份有限公司","co_ti":"交通易壅塞路段 日夜間施工0時至24時","start_date":"2026-01-01","end_date":"2032-09-07","status_label":"施工中"}},{"type":"Feature","geometry":{"type":"Point","coordinates":[121.54658555126896,25.098254869986285]},"properties":{"permit_id":"114002532-1","city":"taipei","city_label":"臺北市","district":"士林","district_display":"士林區","addr":"至善路2段113巷交叉口(故宮路)至2段221號(故宮博物院前)","npurp":"市政建設(捷運局-捷運工程)","app_name":"捷運一工處(東區)","tc_na":"大陸工程股份有限公司","co_ti":"易壅塞路段 日夜間施工0時至24時","start_date":"2026-01-01","end_date":"2034-09-18","status_label":"施工中"}},{"type":"Feature","geometry":{"type":"Point","coordinates":[121.5250503736798,25.08623524868189]},"properties":{"permit_id":"11500524","city":"taipei","city_label":"臺北市","district":"士林","district_display":"士林區","addr":"士林夜市商圈意象改造工程","npurp":"道路維護","app_name":"新工處","tc_na":"永溢營造股份有限公司","co_ti":"08:00-17:00; 依交維計畫訂定時間施工","start_date":"2026-04-07","end_date":"2026-06-05","status_label":"施工中"}},{"type":"Feature","geometry":{"type":"Point","coordinates":[121.52294238344837,25.105522813650087]},"properties":{"permit_id":"11500694","city":"taipei","city_label":"臺北市","district":"士林","district_display":"士林區","addr":"德行西路49號至63號人行道","npurp":"道路維護","app_name":"新工處","tc_na":"達客利科技有限公司","co_ti":"自09時00分至17時00分; 依交維計畫訂定時間施工","start_date":"2026-04-16","end_date":"2026-05-31","status_label":"施工中"}},{"type":"Feature","geometry":{"type":"Point","coordinates":[121.52294238344837,25.105522813650087]},"properties":{"permit_id":"11500694","city":"taipei","city_label":"臺北市","district":"士林","district_display":"士林區","addr":"德行西路49號至63號人行道","npurp":"道路維護","app_name":"新工處","tc_na":"達客利科技有限公司","co_ti":"自09時00分至17時00分; 依交維計畫訂定時間施工","start_date":"2026-04-16","end_date":"2026-05-31","status_label":"施工中"}},{"type":"Feature","geometry":{"type":"Point","coordinates":[121.52294238344837,25.105522813650087]},"properties":{"permit_id":"11500694","city":"taipei","city_label":"臺北市","district":"士林","district_display":"士林區","addr":"德行西路49號至63號人行道","npurp":"道路維護","app_name":"新工處","tc_na":"達客利科技有限公司","co_ti":"自09時00分至17時00分; 依交維計畫訂定時間施工","start_date":"2026-04-16","end_date":"2026-05-31","status_label":"施工中"}},{"type":"Feature","geometry":{"type":"Point","coordinates":[121.52294238344837,25.105522813650087]},"properties":{"permit_id":"11500694","city":"taipei","city_label":"臺北市","district":"士林","district_display":"士林區","addr":"德行西路49號至63號人行道","npurp":"道路維護","app_name":"新工處","tc_na":"達客利科技有限公司","co_ti":"自09時00分至17時00分; 依交維計畫訂定時間施工","start_date":"2026-04-16","end_date":"2026-05-31","status_label":"施工中"}},{"type":"Feature","geometry":{"type":"Point","coordinates":[121.52294238344837,25.105522813650087]},"properties":{"permit_id":"11500694","city":"taipei","city_label":"臺北市","district":"士林","district_display":"士林區","addr":"德行西路49號至63號人行道","npurp":"道路維護","app_name":"新工處","tc_na":"達客利科技有限公司","co_ti":"自09時00分至17時00分; 依交維計畫訂定時間施工","start_date":"2026-04-16","end_date":"2026-05-31","status_label":"施工中"}},{"type":"Feature","geometry":{"type":"Point","coordinates":[121.5229394969272,25.105461911830364]},"properties":{"permit_id":"11500694","city":"taipei","city_label":"臺北市","district":"士林","district_display":"士林區","addr":"德行西路49號至63號人行道","npurp":"道路維護","app_name":"新工處","tc_na":"達客利科技有限公司","co_ti":"自09時00分至17時00分; 依交維計畫訂定時間施工","start_date":"2026-04-16","end_date":"2026-05-31","status_label":"施工中"}},{"type":"Feature","geometry":{"type":"Point","coordinates":[121.52294238344837,25.105522813650087]},"properties":{"permit_id":"11500694","city":"taipei","city_label":"臺北市","district":"士林","district_display":"士林區","addr":"德行西路49號至63號人行道","npurp":"道路維護","app_name":"新工處","tc_na":"達客利科技有限公司","co_ti":"自09時00分至17時00分; 依交維計畫訂定時間施工","start_date":"2026-04-16","end_date":"2026-05-31","status_label":"施工中"}},{"type":"Feature","geometry":{"type":"Point","coordinates":[121.52294238344837,25.105522813650087]},"properties":{"permit_id":"11500694","city":"taipei","city_label":"臺北市","district":"士林","district_display":"士林區","addr":"德行西路49號至63號人行道","npurp":"道路維護","app_name":"新工處","tc_na":"達客利科技有限公司","co_ti":"自09時00分至17時00分; 依交維計畫訂定時間施工","start_date":"2026-04-16","end_date":"2026-05-31","status_label":"施工中"}},{"type":"Feature","geometry":{"type":"Point","coordinates":[121.52294238344837,25.105522813650087]},"properties":{"permit_id":"11500694","city":"taipei","city_label":"臺北市","district":"士林","district_display":"士林區","addr":"德行西路49號至63號人行道","npurp":"道路維護","app_name":"新工處","tc_na":"達客利科技有限公司","co_ti":"自09時00分至17時00分; 依交維計畫訂定時間施工","start_date":"2026-04-16","end_date":"2026-05-31","status_label":"施工中"}},{"type":"Feature","geometry":{"type":"Point","coordinates":[121.52294238344837,25.105522813650087]},"properties":{"permit_id":"11500694","city":"taipei","city_label":"臺北市","district":"士林","district_display":"士林區","addr":"德行西路49號至63號人行道","npurp":"道路維護","app_name":"新工處","tc_na":"達客利科技有限公司","co_ti":"自09時00分至17時00分; 依交維計畫訂定時間施工","start_date":"2026-04-16","end_date":"2026-05-31","status_label":"施工中"}},{"type":"Feature","geometry":{"type":"Point","coordinates":[121.52294238344837,25.105522813650087]},"properties":{"permit_id":"11500694","city":"taipei","city_label":"臺北市","district":"士林","district_display":"士林區","addr":"德行西路49號至63號人行道","npurp":"道路維護","app_name":"新工處","tc_na":"達客利科技有限公司","co_ti":"自09時00分至17時00分; 依交維計畫訂定時間施工","start_date":"2026-04-16","end_date":"2026-05-31","status_label":"施工中"}},{"type":"Feature","geometry":{"type":"Point","coordinates":[121.51743832589902,25.09011488344993]},"properties":{"permit_id":"11500807","city":"taipei","city_label":"臺北市","district":"士林","district_display":"士林區","addr":"承德路四段342號前斜坡道","npurp":"道路維護","app_name":"新工處","tc_na":"達客利科技有限公司","co_ti":"自09時00分至17時00分; 依交維計畫訂定時間施工","start_date":"2026-04-20","end_date":"2026-05-29","status_label":"施工中"}},{"type":"Feature","geometry":{"type":"Point","coordinates":[121.51735249728198,25.090179868625157]},"properties":{"permit_id":"11500807","city":"taipei","city_label":"臺北市","district":"士林","district_display":"士林區","addr":"承德路四段342號前斜坡道","npurp":"道路維護","app_name":"新工處","tc_na":"達客利科技有限公司","co_ti":"自09時00分至17時00分; 依交維計畫訂定時間施工","start_date":"2026-04-20","end_date":"2026-05-29","status_label":"施工中"}},{"type":"Feature","geometry":{"type":"Point","coordinates":[121.51735249728198,25.090179868625157]},"properties":{"permit_id":"11500807","city":"taipei","city_label":"臺北市","district":"士林","district_display":"士林區","addr":"承德路四段342號前斜坡道","npurp":"道路維護","app_name":"新工處","tc_na":"達客利科技有限公司","co_ti":"自09時00分至17時00分; 依交維計畫訂定時間施工","start_date":"2026-04-20","end_date":"2026-05-29","status_label":"施工中"}},{"type":"Feature","geometry":{"type":"Point","coordinates":[121.51735249728198,25.090179868625157]},"properties":{"permit_id":"11500807","city":"taipei","city_label":"臺北市","district":"士林","district_display":"士林區","addr":"承德路四段342號前斜坡道","npurp":"道路維護","app_name":"新工處","tc_na":"達客利科技有限公司","co_ti":"自09時00分至17時00分; 依交維計畫訂定時間施工","start_date":"2026-04-20","end_date":"2026-05-29","status_label":"施工中"}},{"type":"Feature","geometry":{"type":"Point","coordinates":[121.51735249728198,25.090179868625157]},"properties":{"permit_id":"11500807","city":"taipei","city_label":"臺北市","district":"士林","district_display":"士林區","addr":"承德路四段342號前斜坡道","npurp":"道路維護","app_name":"新工處","tc_na":"達客利科技有限公司","co_ti":"自09時00分至17時00分; 依交維計畫訂定時間施工","start_date":"2026-04-20","end_date":"2026-05-29","status_label":"施工中"}},{"type":"Feature","geometry":{"type":"Point","coordinates":[121.5326861064331,25.09957303116254]},"properties":{"permit_id":"11500869","city":"taipei","city_label":"臺北市","district":"士林","district_display":"士林區","addr":"雨農路72號前人行道","npurp":"道路維護","app_name":"新工處","tc_na":"達客利科技有限公司","co_ti":"自09時00分至17時00分; 依交維計畫訂定時間施工","start_date":"2026-04-27","end_date":"2026-05-31","status_label":"施工中"}},{"type":"Feature","geometry":{"type":"Point","coordinates":[121.5326861064331,25.09957303116254]},"properties":{"permit_id":"11500869","city":"taipei","city_label":"臺北市","district":"士林","district_display":"士林區","addr":"雨農路72號前人行道","npurp":"道路維護","app_name":"新工處","tc_na":"達客利科技有限公司","co_ti":"自09時00分至17時00分; 依交維計畫訂定時間施工","start_date":"2026-04-27","end_date":"2026-05-31","status_label":"施工中"}},{"type":"Feature","geometry":{"type":"Point","coordinates":[121.5326861064331,25.09957303116254]},"properties":{"permit_id":"11500869","city":"taipei","city_label":"臺北市","district":"士林","district_display":"士林區","addr":"雨農路72號前人行道","npurp":"道路維護","app_name":"新工處","tc_na":"達客利科技有限公司","co_ti":"自09時00分至17時00分; 依交維計畫訂定時間施工","start_date":"2026-04-27","end_date":"2026-05-31","status_label":"施工中"}},{"type":"Feature","geometry":{"type":"Point","coordinates":[121.50872699927874,25.05682599077244]},"properties":{"permit_id":"11500580","city":"taipei","city_label":"臺北市","district":"大同","district_display":"大同區","addr":"大同區民生西路(西寧北路至貴德街)人行道鋪面更新工程","npurp":"道路維護","app_name":"新工處","tc_na":"安宏營造有限公司","co_ti":"自8時30分至17時00分；工區24小時圍設; 依交維計畫訂定時間施工","start_date":"2026-03-27","end_date":"2026-05-27","status_label":"施工中"}},{"type":"Feature","geometry":{"type":"Point","coordinates":[121.5088720040902,25.05681499433721]},"properties":{"permit_id":"11500580","city":"taipei","city_label":"臺北市","district":"大同","district_display":"大同區","addr":"大同區民生西路(西寧北路至貴德街)人行道鋪面更新工程","npurp":"道路維護","app_name":"新工處","tc_na":"安宏營造有限公司","co_ti":"自8時30分至17時00分；工區24小時圍設; 依交維計畫訂定時間施工","start_date":"2026-03-27","end_date":"2026-05-27","status_label":"施工中"}},{"type":"Feature","geometry":{"type":"Point","coordinates":[121.50891400140596,25.056830270398635]},"properties":{"permit_id":"11500580","city":"taipei","city_label":"臺北市","district":"大同","district_display":"大同區","addr":"大同區民生西路(西寧北路至貴德街)人行道鋪面更新工程","npurp":"道路維護","app_name":"新工處","tc_na":"安宏營造有限公司","co_ti":"自8時30分至17時00分；工區24小時圍設; 依交維計畫訂定時間施工","start_date":"2026-03-27","end_date":"2026-05-27","status_label":"施工中"}},{"type":"Feature","geometry":{"type":"Point","coordinates":[121.50887511633344,25.05681022587325]},"properties":{"permit_id":"11500580","city":"taipei","city_label":"臺北市","district":"大同","district_display":"大同區","addr":"大同區民生西路(西寧北路至貴德街)人行道鋪面更新工程","npurp":"道路維護","app_name":"新工處","tc_na":"安宏營造有限公司","co_ti":"自8時30分至17時00分；工區24小時圍設; 依交維計畫訂定時間施工","start_date":"2026-03-27","end_date":"2026-05-27","status_label":"施工中"}},{"type":"Feature","geometry":{"type":"Point","coordinates":[121.50887511633344,25.05681022587325]},"properties":{"permit_id":"11500580","city":"taipei","city_label":"臺北市","district":"大同","district_display":"大同區","addr":"大同區民生西路(西寧北路至貴德街)人行道鋪面更新工程","npurp":"道路維護","app_name":"新工處","tc_na":"安宏營造有限公司","co_ti":"自8時30分至17時00分；工區24小時圍設; 依交維計畫訂定時間施工","start_date":"2026-03-27","end_date":"2026-05-27","status_label":"施工中"}},{"type":"Feature","geometry":{"type":"Point","coordinates":[121.50887511633344,25.05681022587325]},"properties":{"permit_id":"11500580","city":"taipei","city_label":"臺北市","district":"大同","district_display":"大同區","addr":"大同區民生西路(西寧北路至貴德街)人行道鋪面更新工程","npurp":"道路維護","app_name":"新工處","tc_na":"安宏營造有限公司","co_ti":"自8時30分至17時00分；工區24小時圍設; 依交維計畫訂定時間施工","start_date":"2026-03-27","end_date":"2026-05-27","status_label":"施工中"}},{"type":"Feature","geometry":{"type":"Point","coordinates":[121.50844864096884,25.05682055212342]},"properties":{"permit_id":"11500580","city":"taipei","city_label":"臺北市","district":"大同","district_display":"大同區","addr":"大同區民生西路(西寧北路至貴德街)人行道鋪面更新工程","npurp":"道路維護","app_name":"新工處","tc_na":"安宏營造有限公司","co_ti":"自8時30分至17時00分；工區24小時圍設; 依交維計畫訂定時間施工","start_date":"2026-03-27","end_date":"2026-05-27","status_label":"施工中"}},{"type":"Feature","geometry":{"type":"Point","coordinates":[121.5087190026265,25.05682399587337]},"properties":{"permit_id":"11500580","city":"taipei","city_label":"臺北市","district":"大同","district_display":"大同區","addr":"大同區民生西路(西寧北路至貴德街)人行道鋪面更新工程","npurp":"道路維護","app_name":"新工處","tc_na":"安宏營造有限公司","co_ti":"自8時30分至17時00分；工區24小時圍設; 依交維計畫訂定時間施工","start_date":"2026-03-27","end_date":"2026-05-27","status_label":"施工中"}},{"type":"Feature","geometry":{"type":"Point","coordinates":[121.5159810760904,25.065829172596683]},"properties":{"permit_id":"11500941","city":"taipei","city_label":"臺北市","district":"大同","district_display":"大同區","addr":"115年度大同區昌吉街(大龍街至重慶北路3段)側溝蓋更新工程","npurp":"道路維護","app_name":"新工處","tc_na":"輝德營造有限公司","co_ti":"自9時00分至17時00分；工區24小時圍設; 依交維計畫訂定時間施工","start_date":"2026-04-27","end_date":"2026-05-21","status_label":"施工中"}},{"type":"Feature","geometry":{"type":"Point","coordinates":[121.51597244075506,25.065970654349115]},"properties":{"permit_id":"11500941","city":"taipei","city_label":"臺北市","district":"大同","district_display":"大同區","addr":"115年度大同區昌吉街(大龍街至重慶北路3段)側溝蓋更新工程","npurp":"道路維護","app_name":"新工處","tc_na":"輝德營造有限公司","co_ti":"自9時00分至17時00分；工區24小時圍設; 依交維計畫訂定時間施工","start_date":"2026-04-27","end_date":"2026-05-21","status_label":"施工中"}},{"type":"Feature","geometry":{"type":"Point","coordinates":[121.5160036068192,25.065819939837287]},"properties":{"permit_id":"11500941","city":"taipei","city_label":"臺北市","district":"大同","district_display":"大同區","addr":"115年度大同區昌吉街(大龍街至重慶北路3段)側溝蓋更新工程","npurp":"道路維護","app_name":"新工處","tc_na":"輝德營造有限公司","co_ti":"自9時00分至17時00分；工區24小時圍設; 依交維計畫訂定時間施工","start_date":"2026-04-27","end_date":"2026-05-21","status_label":"施工中"}},{"type":"Feature","geometry":{"type":"Point","coordinates":[121.51506961058276,25.065976975970383]},"properties":{"permit_id":"11500941","city":"taipei","city_label":"臺北市","district":"大同","district_display":"大同區","addr":"115年度大同區昌吉街(大龍街至重慶北路3段)側溝蓋更新工程","npurp":"道路維護","app_name":"新工處","tc_na":"輝德營造有限公司","co_ti":"自9時00分至17時00分；工區24小時圍設; 依交維計畫訂定時間施工","start_date":"2026-04-27","end_date":"2026-05-21","status_label":"施工中"}},{"type":"Feature","geometry":{"type":"Point","coordinates":[121.54613697747509,25.038931103712887]},"properties":{"permit_id":"11404744","city":"taipei","city_label":"臺北市","district":"大安","district_display":"大安區","addr":"大安路一段(信義路至市民大道)","npurp":"道路維護","app_name":"新工處","tc_na":"稻田營造有限公司","co_ti":"每日施工時間自09時00分至17時00分；工區24小時留設; 依交維計畫訂定時間施工","start_date":"2025-11-17","end_date":"2026-08-18","status_label":"施工中"}},{"type":"Feature","geometry":{"type":"Point","coordinates":[121.54594415736932,25.03433779591724]},"properties":{"permit_id":"11404744","city":"taipei","city_label":"臺北市","district":"大安","district_display":"大安區","addr":"大安路一段(信義路至市民大道)","npurp":"道路維護","app_name":"新工處","tc_na":"稻田營造有限公司","co_ti":"每日施工時間自09時00分至17時00分；工區24小時留設; 依交維計畫訂定時間施工","start_date":"2025-11-17","end_date":"2026-08-18","status_label":"施工中"}},{"type":"Feature","geometry":{"type":"Point","coordinates":[121.54611112560713,25.038573614906124]},"properties":{"permit_id":"11404744","city":"taipei","city_label":"臺北市","district":"大安","district_display":"大安區","addr":"大安路一段(信義路至市民大道)","npurp":"道路維護","app_name":"新工處","tc_na":"稻田營造有限公司","co_ti":"每日施工時間自09時00分至17時00分；工區24小時留設; 依交維計畫訂定時間施工","start_date":"2025-11-17","end_date":"2026-08-18","status_label":"施工中"}},{"type":"Feature","geometry":{"type":"Point","coordinates":[121.54602593726467,25.03935146150548]},"properties":{"permit_id":"11404744","city":"taipei","city_label":"臺北市","district":"大安","district_display":"大安區","addr":"大安路一段(信義路至市民大道)","npurp":"道路維護","app_name":"新工處","tc_na":"稻田營造有限公司","co_ti":"每日施工時間自09時00分至17時00分；工區24小時留設; 依交維計畫訂定時間施工","start_date":"2025-11-17","end_date":"2026-08-18","status_label":"施工中"}},{"type":"Feature","geometry":{"type":"Point","coordinates":[121.54611112560713,25.038573614906124]},"properties":{"permit_id":"11404744","city":"taipei","city_label":"臺北市","district":"大安","district_display":"大安區","addr":"大安路一段(信義路至市民大道)","npurp":"道路維護","app_name":"新工處","tc_na":"稻田營造有限公司","co_ti":"每日施工時間自09時00分至17時00分；工區24小時留設; 依交維計畫訂定時間施工","start_date":"2025-11-17","end_date":"2026-08-18","status_label":"施工中"}},{"type":"Feature","geometry":{"type":"Point","coordinates":[121.54615202422224,25.03908636732992]},"properties":{"permit_id":"11404744","city":"taipei","city_label":"臺北市","district":"大安","district_display":"大安區","addr":"大安路一段(信義路至市民大道)","npurp":"道路維護","app_name":"新工處","tc_na":"稻田營造有限公司","co_ti":"每日施工時間自09時00分至17時00分；工區24小時留設; 依交維計畫訂定時間施工","start_date":"2025-11-17","end_date":"2026-08-18","status_label":"施工中"}},{"type":"Feature","geometry":{"type":"Point","coordinates":[121.54600450016405,25.038175796575043]},"properties":{"permit_id":"11404744","city":"taipei","city_label":"臺北市","district":"大安","district_display":"大安區","addr":"大安路一段(信義路至市民大道)","npurp":"道路維護","app_name":"新工處","tc_na":"稻田營造有限公司","co_ti":"每日施工時間自09時00分至17時00分；工區24小時留設; 依交維計畫訂定時間施工","start_date":"2025-11-17","end_date":"2026-08-18","status_label":"施工中"}},{"type":"Feature","geometry":{"type":"Point","coordinates":[121.546133923931,25.03840714376898]},"properties":{"permit_id":"11404744","city":"taipei","city_label":"臺北市","district":"大安","district_display":"大安區","addr":"大安路一段(信義路至市民大道)","npurp":"道路維護","app_name":"新工處","tc_na":"稻田營造有限公司","co_ti":"每日施工時間自09時00分至17時00分；工區24小時留設; 依交維計畫訂定時間施工","start_date":"2025-11-17","end_date":"2026-08-18","status_label":"施工中"}},{"type":"Feature","geometry":{"type":"Point","coordinates":[121.54600195043132,25.038470599554028]},"properties":{"permit_id":"11404744","city":"taipei","city_label":"臺北市","district":"大安","district_display":"大安區","addr":"大安路一段(信義路至市民大道)","npurp":"道路維護","app_name":"新工處","tc_na":"稻田營造有限公司","co_ti":"每日施工時間自09時00分至17時00分；工區24小時留設; 依交維計畫訂定時間施工","start_date":"2025-11-17","end_date":"2026-08-18","status_label":"施工中"}},{"type":"Feature","geometry":{"type":"Point","coordinates":[121.5461260851343,25.039170198018347]},"properties":{"permit_id":"11404744","city":"taipei","city_label":"臺北市","district":"大安","district_display":"大安區","addr":"大安路一段(信義路至市民大道)","npurp":"道路維護","app_name":"新工處","tc_na":"稻田營造有限公司","co_ti":"每日施工時間自09時00分至17時00分；工區24小時留設; 依交維計畫訂定時間施工","start_date":"2025-11-17","end_date":"2026-08-18","status_label":"施工中"}},{"type":"Feature","geometry":{"type":"Point","coordinates":[121.54615202422224,25.03908636732992]},"properties":{"permit_id":"11404744","city":"taipei","city_label":"臺北市","district":"大安","district_display":"大安區","addr":"大安路一段(信義路至市民大道)","npurp":"道路維護","app_name":"新工處","tc_na":"稻田營造有限公司","co_ti":"每日施工時間自09時00分至17時00分；工區24小時留設; 依交維計畫訂定時間施工","start_date":"2025-11-17","end_date":"2026-08-18","status_label":"施工中"}},{"type":"Feature","geometry":{"type":"Point","coordinates":[121.54597899551156,25.038189856714823]},"properties":{"permit_id":"11404744","city":"taipei","city_label":"臺北市","district":"大安","district_display":"大安區","addr":"大安路一段(信義路至市民大道)","npurp":"道路維護","app_name":"新工處","tc_na":"稻田營造有限公司","co_ti":"每日施工時間自09時00分至17時00分；工區24小時留設; 依交維計畫訂定時間施工","start_date":"2025-11-17","end_date":"2026-08-18","status_label":"施工中"}},{"type":"Feature","geometry":{"type":"Point","coordinates":[121.54598905860637,25.03863639327897]},"properties":{"permit_id":"11404744","city":"taipei","city_label":"臺北市","district":"大安","district_display":"大安區","addr":"大安路一段(信義路至市民大道)","npurp":"道路維護","app_name":"新工處","tc_na":"稻田營造有限公司","co_ti":"每日施工時間自09時00分至17時00分；工區24小時留設; 依交維計畫訂定時間施工","start_date":"2025-11-17","end_date":"2026-08-18","status_label":"施工中"}},{"type":"Feature","geometry":{"type":"Point","coordinates":[121.55027600297994,25.044506994081047]},"properties":{"permit_id":"11500406","city":"taipei","city_label":"臺北市","district":"大安","district_display":"大安區","addr":"市民大道4段南側(忠孝東路4段147巷至忠孝東路4段223巷)人行道","npurp":"道路維護","app_name":"新工處","tc_na":"金煌營造有限公司","co_ti":"0800至1700; 依交維計畫訂定時間施工","start_date":"2026-03-10","end_date":"2026-06-07","status_label":"施工中"}},{"type":"Feature","geometry":{"type":"Point","coordinates":[121.55138000392012,25.044424997778247]},"properties":{"permit_id":"11500406","city":"taipei","city_label":"臺北市","district":"大安","district_display":"大安區","addr":"市民大道4段南側（忠孝東路4段147巷至忠孝東路4段223巷）人行道鋪面更新工程","npurp":"道路維護","app_name":"新工處","tc_na":"金煌營造有限公司","co_ti":"0800至1700; 依交維計畫訂定時間施工","start_date":"2026-03-10","end_date":"2026-06-07","status_label":"施工中"}},{"type":"Feature","geometry":{"type":"Point","coordinates":[121.5506005447371,25.044516778812124]},"properties":{"permit_id":"11500406","city":"taipei","city_label":"臺北市","district":"大安","district_display":"大安區","addr":"市民大道4段南側（忠孝東路4段147巷至忠孝東路4段223巷）人行道鋪面更新工程","npurp":"道路維護","app_name":"新工處","tc_na":"金煌營造有限公司","co_ti":"0800至1700; 依交維計畫訂定時間施工","start_date":"2026-03-10","end_date":"2026-06-07","status_label":"施工中"}},{"type":"Feature","geometry":{"type":"Point","coordinates":[121.54976999892986,25.04456666503656]},"properties":{"permit_id":"11500406","city":"taipei","city_label":"臺北市","district":"大安","district_display":"大安區","addr":"市民大道4段南側（忠孝東路4段147巷至忠孝東路4段223巷）人行道鋪面更新工程","npurp":"道路維護","app_name":"新工處","tc_na":"金煌營造有限公司","co_ti":"0800至1700; 依交維計畫訂定時間施工","start_date":"2026-03-10","end_date":"2026-06-07","status_label":"施工中"}},{"type":"Feature","geometry":{"type":"Point","coordinates":[121.55075328335944,25.044450966891]},"properties":{"permit_id":"11500406","city":"taipei","city_label":"臺北市","district":"大安","district_display":"大安區","addr":"市民大道4段南側（忠孝東路4段147巷至忠孝東路4段223巷）人行道鋪面更新工程","npurp":"道路維護","app_name":"新工處","tc_na":"金煌營造有限公司","co_ti":"0800至1700; 依交維計畫訂定時間施工","start_date":"2026-03-10","end_date":"2026-06-07","status_label":"施工中"}},{"type":"Feature","geometry":{"type":"Point","coordinates":[121.55289532446535,25.04426365031097]},"properties":{"permit_id":"11500406","city":"taipei","city_label":"臺北市","district":"大安","district_display":"大安區","addr":"市民大道4段南側（忠孝東路4段147巷至忠孝東路4段223巷）人行道鋪面更新工程","npurp":"道路維護","app_name":"新工處","tc_na":"金煌營造有限公司","co_ti":"0800至1700; 依交維計畫訂定時間施工","start_date":"2026-03-10","end_date":"2026-06-07","status_label":"施工中"}},{"type":"Feature","geometry":{"type":"Point","coordinates":[121.5506005447371,25.044516778812124]},"properties":{"permit_id":"11500406","city":"taipei","city_label":"臺北市","district":"大安","district_display":"大安區","addr":"市民大道4段南側（忠孝東路4段147巷至忠孝東路4段223巷）人行道鋪面更新工程","npurp":"道路維護","app_name":"新工處","tc_na":"金煌營造有限公司","co_ti":"0800至1700; 依交維計畫訂定時間施工","start_date":"2026-03-10","end_date":"2026-06-07","status_label":"施工中"}},{"type":"Feature","geometry":{"type":"Point","coordinates":[121.55240917508893,25.04429064699294]},"properties":{"permit_id":"11500406","city":"taipei","city_label":"臺北市","district":"大安","district_display":"大安區","addr":"市民大道4段南側（忠孝東路4段147巷至忠孝東路4段223巷）人行道鋪面更新工程","npurp":"道路維護","app_name":"新工處","tc_na":"金煌營造有限公司","co_ti":"0800至1700; 依交維計畫訂定時間施工","start_date":"2026-03-10","end_date":"2026-06-07","status_label":"施工中"}},{"type":"Feature","geometry":{"type":"Point","coordinates":[121.54973255118352,25.04460284362216]},"properties":{"permit_id":"11500406","city":"taipei","city_label":"臺北市","district":"大安","district_display":"大安區","addr":"市民大道4段南側（忠孝東路4段147巷至忠孝東路4段223巷）人行道鋪面更新工程","npurp":"道路維護","app_name":"新工處","tc_na":"金煌營造有限公司","co_ti":"0800至1700; 依交維計畫訂定時間施工","start_date":"2026-03-10","end_date":"2026-06-07","status_label":"施工中"}},{"type":"Feature","geometry":{"type":"Point","coordinates":[121.54971765164552,25.044564032954447]},"properties":{"permit_id":"11500406","city":"taipei","city_label":"臺北市","district":"大安","district_display":"大安區","addr":"市民大道4段南側(忠孝東路4段147巷至忠孝東路4段223巷)人行道","npurp":"道路維護","app_name":"新工處","tc_na":"金煌營造有限公司","co_ti":"0800至1700; 依交維計畫訂定時間施工","start_date":"2026-03-10","end_date":"2026-06-07","status_label":"施工中"}},{"type":"Feature","geometry":{"type":"Point","coordinates":[121.5506005447371,25.044516778812124]},"properties":{"permit_id":"11500406","city":"taipei","city_label":"臺北市","district":"大安","district_display":"大安區","addr":"市民大道4段南側(忠孝東路4段147巷至忠孝東路4段223巷)人行道","npurp":"道路維護","app_name":"新工處","tc_na":"金煌營造有限公司","co_ti":"0800至1700; 依交維計畫訂定時間施工","start_date":"2026-03-10","end_date":"2026-06-07","status_label":"施工中"}},{"type":"Feature","geometry":{"type":"Point","coordinates":[121.5506005447371,25.044516778812124]},"properties":{"permit_id":"11500406","city":"taipei","city_label":"臺北市","district":"大安","district_display":"大安區","addr":"市民大道4段南側(忠孝東路4段147巷至忠孝東路4段223巷)人行道","npurp":"道路維護","app_name":"新工處","tc_na":"金煌營造有限公司","co_ti":"0800至1700; 依交維計畫訂定時間施工","start_date":"2026-03-10","end_date":"2026-06-07","status_label":"施工中"}},{"type":"Feature","geometry":{"type":"Point","coordinates":[121.54971765164552,25.044564032954447]},"properties":{"permit_id":"11500406","city":"taipei","city_label":"臺北市","district":"大安","district_display":"大安區","addr":"市民大道4段南側(忠孝東路4段147巷至忠孝東路4段223巷)人行道","npurp":"道路維護","app_name":"新工處","tc_na":"金煌營造有限公司","co_ti":"0800至1700; 依交維計畫訂定時間施工","start_date":"2026-03-10","end_date":"2026-06-07","status_label":"施工中"}},{"type":"Feature","geometry":{"type":"Point","coordinates":[121.54971765164552,25.044564032954447]},"properties":{"permit_id":"11500406","city":"taipei","city_label":"臺北市","district":"大安","district_display":"大安區","addr":"市民大道4段南側(忠孝東路4段147巷至忠孝東路4段223巷)人行道","npurp":"道路維護","app_name":"新工處","tc_na":"金煌營造有限公司","co_ti":"0800至1700; 依交維計畫訂定時間施工","start_date":"2026-03-10","end_date":"2026-06-07","status_label":"施工中"}},{"type":"Feature","geometry":{"type":"Point","coordinates":[121.54973255118352,25.04460284362216]},"properties":{"permit_id":"11500406","city":"taipei","city_label":"臺北市","district":"大安","district_display":"大安區","addr":"市民大道4段南側(忠孝東路4段147巷至忠孝東路4段223巷)人行道","npurp":"道路維護","app_name":"新工處","tc_na":"金煌營造有限公司","co_ti":"0800至1700; 依交維計畫訂定時間施工","start_date":"2026-03-10","end_date":"2026-06-07","status_label":"施工中"}},{"type":"Feature","geometry":{"type":"Point","coordinates":[121.55253396688536,25.04430246109657]},"properties":{"permit_id":"11500406","city":"taipei","city_label":"臺北市","district":"大安","district_display":"大安區","addr":"市民大道4段南側(忠孝東路4段147巷至忠孝東路4段223巷)人行道","npurp":"道路維護","app_name":"新工處","tc_na":"金煌營造有限公司","co_ti":"0800至1700; 依交維計畫訂定時間施工","start_date":"2026-03-10","end_date":"2026-06-07","status_label":"施工中"}},{"type":"Feature","geometry":{"type":"Point","coordinates":[121.55253396688536,25.04430246109657]},"properties":{"permit_id":"11500406","city":"taipei","city_label":"臺北市","district":"大安","district_display":"大安區","addr":"市民大道4段南側(忠孝東路4段147巷至忠孝東路4段223巷)人行道","npurp":"道路維護","app_name":"新工處","tc_na":"金煌營造有限公司","co_ti":"0800至1700; 依交維計畫訂定時間施工","start_date":"2026-03-10","end_date":"2026-06-07","status_label":"施工中"}},{"type":"Feature","geometry":{"type":"Point","coordinates":[121.54971765164552,25.044564032954447]},"properties":{"permit_id":"11500406","city":"taipei","city_label":"臺北市","district":"大安","district_display":"大安區","addr":"市民大道4段南側(忠孝東路4段147巷至忠孝東路4段223巷)人行道","npurp":"道路維護","app_name":"新工處","tc_na":"金煌營造有限公司","co_ti":"0800至1700; 依交維計畫訂定時間施工","start_date":"2026-03-10","end_date":"2026-06-07","status_label":"施工中"}},{"type":"Feature","geometry":{"type":"Point","coordinates":[121.5506005447371,25.044516778812124]},"properties":{"permit_id":"11500406","city":"taipei","city_label":"臺北市","district":"大安","district_display":"大安區","addr":"市民大道4段南側(忠孝東路4段147巷至忠孝東路4段223巷)人行道","npurp":"道路維護","app_name":"新工處","tc_na":"金煌營造有限公司","co_ti":"0800至1700; 依交維計畫訂定時間施工","start_date":"2026-03-10","end_date":"2026-06-07","status_label":"施工中"}},{"type":"Feature","geometry":{"type":"Point","coordinates":[121.5506005447371,25.044516778812124]},"properties":{"permit_id":"11500406","city":"taipei","city_label":"臺北市","district":"大安","district_display":"大安區","addr":"市民大道4段南側(忠孝東路4段147巷至忠孝東路4段223巷)人行道","npurp":"道路維護","app_name":"新工處","tc_na":"金煌營造有限公司","co_ti":"0800至1700; 依交維計畫訂定時間施工","start_date":"2026-03-10","end_date":"2026-06-07","status_label":"施工中"}},{"type":"Feature","geometry":{"type":"Point","coordinates":[121.55240917508893,25.04429064699294]},"properties":{"permit_id":"11500406","city":"taipei","city_label":"臺北市","district":"大安","district_display":"大安區","addr":"市民大道4段南側(忠孝東路4段147巷至忠孝東路4段223巷)人行道","npurp":"道路維護","app_name":"新工處","tc_na":"金煌營造有限公司","co_ti":"0800至1700; 依交維計畫訂定時間施工","start_date":"2026-03-10","end_date":"2026-06-07","status_label":"施工中"}},{"type":"Feature","geometry":{"type":"Point","coordinates":[121.55019200212368,25.044541990991423]},"properties":{"permit_id":"11500406","city":"taipei","city_label":"臺北市","district":"大安","district_display":"大安區","addr":"市民大道4段南側(忠孝東路4段147巷至忠孝東路4段223巷)人行道","npurp":"道路維護","app_name":"新工處","tc_na":"金煌營造有限公司","co_ti":"0800至1700; 依交維計畫訂定時間施工","start_date":"2026-03-10","end_date":"2026-06-07","status_label":"施工中"}},{"type":"Feature","geometry":{"type":"Point","coordinates":[121.5506005447371,25.044516778812124]},"properties":{"permit_id":"11500406","city":"taipei","city_label":"臺北市","district":"大安","district_display":"大安區","addr":"市民大道4段南側(忠孝東路4段147巷至忠孝東路4段223巷)人行道","npurp":"道路維護","app_name":"新工處","tc_na":"金煌營造有限公司","co_ti":"0800至1700; 依交維計畫訂定時間施工","start_date":"2026-03-10","end_date":"2026-06-07","status_label":"施工中"}},{"type":"Feature","geometry":{"type":"Point","coordinates":[121.54971765164552,25.044564032954447]},"properties":{"permit_id":"11500406","city":"taipei","city_label":"臺北市","district":"大安","district_display":"大安區","addr":"市民大道4段南側(忠孝東路4段147巷至忠孝東路4段223巷)人行道","npurp":"道路維護","app_name":"新工處","tc_na":"金煌營造有限公司","co_ti":"0800至1700; 依交維計畫訂定時間施工","start_date":"2026-03-10","end_date":"2026-06-07","status_label":"施工中"}},{"type":"Feature","geometry":{"type":"Point","coordinates":[121.5506005447371,25.044516778812124]},"properties":{"permit_id":"11500406","city":"taipei","city_label":"臺北市","district":"大安","district_display":"大安區","addr":"市民大道4段南側(忠孝東路4段147巷至忠孝東路4段223巷)人行道","npurp":"道路維護","app_name":"新工處","tc_na":"金煌營造有限公司","co_ti":"0800至1700; 依交維計畫訂定時間施工","start_date":"2026-03-10","end_date":"2026-06-07","status_label":"施工中"}},{"type":"Feature","geometry":{"type":"Point","coordinates":[121.54973255118352,25.04460284362216]},"properties":{"permit_id":"11500406","city":"taipei","city_label":"臺北市","district":"大安","district_display":"大安區","addr":"市民大道4段南側(忠孝東路4段147巷至忠孝東路4段223巷)人行道","npurp":"道路維護","app_name":"新工處","tc_na":"金煌營造有限公司","co_ti":"0800至1700; 依交維計畫訂定時間施工","start_date":"2026-03-10","end_date":"2026-06-07","status_label":"施工中"}},{"type":"Feature","geometry":{"type":"Point","coordinates":[121.54971765164552,25.044564032954447]},"properties":{"permit_id":"11500406","city":"taipei","city_label":"臺北市","district":"大安","district_display":"大安區","addr":"市民大道4段南側(忠孝東路4段147巷至忠孝東路4段223巷)人行道","npurp":"道路維護","app_name":"新工處","tc_na":"金煌營造有限公司","co_ti":"0800至1700; 依交維計畫訂定時間施工","start_date":"2026-03-10","end_date":"2026-06-07","status_label":"施工中"}},{"type":"Feature","geometry":{"type":"Point","coordinates":[121.55000700193084,25.044544797584276]},"properties":{"permit_id":"11500406","city":"taipei","city_label":"臺北市","district":"大安","district_display":"大安區","addr":"市民大道4段南側(忠孝東路4段147巷至忠孝東路4段223巷)人行道","npurp":"道路維護","app_name":"新工處","tc_na":"金煌營造有限公司","co_ti":"0800至1700; 依交維計畫訂定時間施工","start_date":"2026-03-10","end_date":"2026-06-07","status_label":"施工中"}},{"type":"Feature","geometry":{"type":"Point","coordinates":[121.5506005447371,25.044516778812124]},"properties":{"permit_id":"11500406","city":"taipei","city_label":"臺北市","district":"大安","district_display":"大安區","addr":"市民大道4段南側(忠孝東路4段147巷至忠孝東路4段223巷)人行道","npurp":"道路維護","app_name":"新工處","tc_na":"金煌營造有限公司","co_ti":"0800至1700; 依交維計畫訂定時間施工","start_date":"2026-03-10","end_date":"2026-06-07","status_label":"施工中"}},{"type":"Feature","geometry":{"type":"Point","coordinates":[121.5506005447371,25.044516778812124]},"properties":{"permit_id":"11500406","city":"taipei","city_label":"臺北市","district":"大安","district_display":"大安區","addr":"市民大道4段南側(忠孝東路4段147巷至忠孝東路4段223巷)人行道","npurp":"道路維護","app_name":"新工處","tc_na":"金煌營造有限公司","co_ti":"0800至1700; 依交維計畫訂定時間施工","start_date":"2026-03-10","end_date":"2026-06-07","status_label":"施工中"}},{"type":"Feature","geometry":{"type":"Point","coordinates":[121.5506005447371,25.044516778812124]},"properties":{"permit_id":"11500406","city":"taipei","city_label":"臺北市","district":"大安","district_display":"大安區","addr":"市民大道4段南側(忠孝東路4段147巷至忠孝東路4段223巷)人行道","npurp":"道路維護","app_name":"新工處","tc_na":"金煌營造有限公司","co_ti":"0800至1700; 依交維計畫訂定時間施工","start_date":"2026-03-10","end_date":"2026-06-07","status_label":"施工中"}},{"type":"Feature","geometry":{"type":"Point","coordinates":[121.5506005447371,25.044516778812124]},"properties":{"permit_id":"11500406","city":"taipei","city_label":"臺北市","district":"大安","district_display":"大安區","addr":"市民大道4段南側(忠孝東路4段147巷至忠孝東路4段223巷)人行道","npurp":"道路維護","app_name":"新工處","tc_na":"金煌營造有限公司","co_ti":"0800至1700; 依交維計畫訂定時間施工","start_date":"2026-03-10","end_date":"2026-06-07","status_label":"施工中"}},{"type":"Feature","geometry":{"type":"Point","coordinates":[121.55027800436368,25.04451799187283]},"properties":{"permit_id":"11500406","city":"taipei","city_label":"臺北市","district":"大安","district_display":"大安區","addr":"市民大道4段南側(忠孝東路4段147巷至忠孝東路4段223巷)人行道","npurp":"道路維護","app_name":"新工處","tc_na":"金煌營造有限公司","co_ti":"0800至1700; 依交維計畫訂定時間施工","start_date":"2026-03-10","end_date":"2026-06-07","status_label":"施工中"}},{"type":"Feature","geometry":{"type":"Point","coordinates":[121.5505699964999,25.04448899531928]},"properties":{"permit_id":"11500406","city":"taipei","city_label":"臺北市","district":"大安","district_display":"大安區","addr":"市民大道4段南側(忠孝東路4段147巷至忠孝東路4段223巷)人行道","npurp":"道路維護","app_name":"新工處","tc_na":"金煌營造有限公司","co_ti":"0800至1700; 依交維計畫訂定時間施工","start_date":"2026-03-10","end_date":"2026-06-07","status_label":"施工中"}},{"type":"Feature","geometry":{"type":"Point","coordinates":[121.55127166396196,25.044446660899077]},"properties":{"permit_id":"11500406","city":"taipei","city_label":"臺北市","district":"大安","district_display":"大安區","addr":"市民大道4段南側(忠孝東路4段147巷至忠孝東路4段223巷)人行道","npurp":"道路維護","app_name":"新工處","tc_na":"金煌營造有限公司","co_ti":"0800至1700; 依交維計畫訂定時間施工","start_date":"2026-03-10","end_date":"2026-06-07","status_label":"施工中"}},{"type":"Feature","geometry":{"type":"Point","coordinates":[121.55286667024508,25.044258331081878]},"properties":{"permit_id":"11500406","city":"taipei","city_label":"臺北市","district":"大安","district_display":"大安區","addr":"市民大道4段南側(忠孝東路4段147巷至忠孝東路4段223巷)人行道","npurp":"道路維護","app_name":"新工處","tc_na":"金煌營造有限公司","co_ti":"0800至1700; 依交維計畫訂定時間施工","start_date":"2026-03-10","end_date":"2026-06-07","status_label":"施工中"}},{"type":"Feature","geometry":{"type":"Point","coordinates":[121.5506005447371,25.044516778812124]},"properties":{"permit_id":"11500406","city":"taipei","city_label":"臺北市","district":"大安","district_display":"大安區","addr":"市民大道4段南側(忠孝東路4段147巷至忠孝東路4段223巷)人行道","npurp":"道路維護","app_name":"新工處","tc_na":"金煌營造有限公司","co_ti":"0800至1700; 依交維計畫訂定時間施工","start_date":"2026-03-10","end_date":"2026-06-07","status_label":"施工中"}},{"type":"Feature","geometry":{"type":"Point","coordinates":[121.54973255118352,25.04460284362216]},"properties":{"permit_id":"11500406","city":"taipei","city_label":"臺北市","district":"大安","district_display":"大安區","addr":"市民大道4段南側(忠孝東路4段147巷至忠孝東路4段223巷)人行道","npurp":"道路維護","app_name":"新工處","tc_na":"金煌營造有限公司","co_ti":"0800至1700; 依交維計畫訂定時間施工","start_date":"2026-03-10","end_date":"2026-06-07","status_label":"施工中"}},{"type":"Feature","geometry":{"type":"Point","coordinates":[121.54971765164552,25.044564032954447]},"properties":{"permit_id":"11500406","city":"taipei","city_label":"臺北市","district":"大安","district_display":"大安區","addr":"市民大道4段南側(忠孝東路4段147巷至忠孝東路4段223巷)人行道","npurp":"道路維護","app_name":"新工處","tc_na":"金煌營造有限公司","co_ti":"0800至1700; 依交維計畫訂定時間施工","start_date":"2026-03-10","end_date":"2026-06-07","status_label":"施工中"}},{"type":"Feature","geometry":{"type":"Point","coordinates":[121.54971765164552,25.044564032954447]},"properties":{"permit_id":"11500406","city":"taipei","city_label":"臺北市","district":"大安","district_display":"大安區","addr":"市民大道4段南側(忠孝東路4段147巷至忠孝東路4段223巷)人行道","npurp":"道路維護","app_name":"新工處","tc_na":"金煌營造有限公司","co_ti":"0800至1700; 依交維計畫訂定時間施工","start_date":"2026-03-10","end_date":"2026-06-07","status_label":"施工中"}},{"type":"Feature","geometry":{"type":"Point","coordinates":[121.54971765164552,25.044564032954447]},"properties":{"permit_id":"11500406","city":"taipei","city_label":"臺北市","district":"大安","district_display":"大安區","addr":"市民大道4段南側(忠孝東路4段147巷至忠孝東路4段223巷)人行道","npurp":"道路維護","app_name":"新工處","tc_na":"金煌營造有限公司","co_ti":"0800至1700; 依交維計畫訂定時間施工","start_date":"2026-03-10","end_date":"2026-06-07","status_label":"施工中"}},{"type":"Feature","geometry":{"type":"Point","coordinates":[121.5506005447371,25.044516778812124]},"properties":{"permit_id":"11500406","city":"taipei","city_label":"臺北市","district":"大安","district_display":"大安區","addr":"市民大道4段南側(忠孝東路4段147巷至忠孝東路4段223巷)人行道","npurp":"道路維護","app_name":"新工處","tc_na":"金煌營造有限公司","co_ti":"0800至1700; 依交維計畫訂定時間施工","start_date":"2026-03-10","end_date":"2026-06-07","status_label":"施工中"}},{"type":"Feature","geometry":{"type":"Point","coordinates":[121.54971765164552,25.044564032954447]},"properties":{"permit_id":"11500406","city":"taipei","city_label":"臺北市","district":"大安","district_display":"大安區","addr":"市民大道4段南側(忠孝東路4段147巷至忠孝東路4段223巷)人行道","npurp":"道路維護","app_name":"新工處","tc_na":"金煌營造有限公司","co_ti":"0800至1700; 依交維計畫訂定時間施工","start_date":"2026-03-10","end_date":"2026-06-07","status_label":"施工中"}},{"type":"Feature","geometry":{"type":"Point","coordinates":[121.54971765164552,25.044564032954447]},"properties":{"permit_id":"11500406","city":"taipei","city_label":"臺北市","district":"大安","district_display":"大安區","addr":"市民大道4段南側(忠孝東路4段147巷至忠孝東路4段223巷)人行道","npurp":"道路維護","app_name":"新工處","tc_na":"金煌營造有限公司","co_ti":"0800至1700; 依交維計畫訂定時間施工","start_date":"2026-03-10","end_date":"2026-06-07","status_label":"施工中"}},{"type":"Feature","geometry":{"type":"Point","coordinates":[121.54971765164552,25.044564032954447]},"properties":{"permit_id":"11500406","city":"taipei","city_label":"臺北市","district":"大安","district_display":"大安區","addr":"市民大道4段南側(忠孝東路4段147巷至忠孝東路4段223巷)人行道","npurp":"道路維護","app_name":"新工處","tc_na":"金煌營造有限公司","co_ti":"0800至1700; 依交維計畫訂定時間施工","start_date":"2026-03-10","end_date":"2026-06-07","status_label":"施工中"}},{"type":"Feature","geometry":{"type":"Point","coordinates":[121.54971765164552,25.044564032954447]},"properties":{"permit_id":"11500406","city":"taipei","city_label":"臺北市","district":"大安","district_display":"大安區","addr":"市民大道4段南側(忠孝東路4段147巷至忠孝東路4段223巷)人行道","npurp":"道路維護","app_name":"新工處","tc_na":"金煌營造有限公司","co_ti":"0800至1700; 依交維計畫訂定時間施工","start_date":"2026-03-10","end_date":"2026-06-07","status_label":"施工中"}},{"type":"Feature","geometry":{"type":"Point","coordinates":[121.55253396688536,25.04430246109657]},"properties":{"permit_id":"11500406","city":"taipei","city_label":"臺北市","district":"大安","district_display":"大安區","addr":"市民大道4段南側(忠孝東路4段147巷至忠孝東路4段223巷)人行道","npurp":"道路維護","app_name":"新工處","tc_na":"金煌營造有限公司","co_ti":"0800至1700; 依交維計畫訂定時間施工","start_date":"2026-03-10","end_date":"2026-06-07","status_label":"施工中"}},{"type":"Feature","geometry":{"type":"Point","coordinates":[121.55289199617825,25.04422199821226]},"properties":{"permit_id":"11500406","city":"taipei","city_label":"臺北市","district":"大安","district_display":"大安區","addr":"市民大道4段南側(忠孝東路4段147巷至忠孝東路4段223巷)人行道","npurp":"道路維護","app_name":"新工處","tc_na":"金煌營造有限公司","co_ti":"0800至1700; 依交維計畫訂定時間施工","start_date":"2026-03-10","end_date":"2026-06-07","status_label":"施工中"}},{"type":"Feature","geometry":{"type":"Point","coordinates":[121.55292698770718,25.044206276533647]},"properties":{"permit_id":"11500406","city":"taipei","city_label":"臺北市","district":"大安","district_display":"大安區","addr":"市民大道4段南側(忠孝東路4段147巷至忠孝東路4段223巷)人行道","npurp":"道路維護","app_name":"新工處","tc_na":"金煌營造有限公司","co_ti":"0800至1700; 依交維計畫訂定時間施工","start_date":"2026-03-10","end_date":"2026-06-07","status_label":"施工中"}},{"type":"Feature","geometry":{"type":"Point","coordinates":[121.5528760040251,25.044215990870885]},"properties":{"permit_id":"11500406","city":"taipei","city_label":"臺北市","district":"大安","district_display":"大安區","addr":"市民大道4段南側(忠孝東路4段147巷至忠孝東路4段223巷)人行道","npurp":"道路維護","app_name":"新工處","tc_na":"金煌營造有限公司","co_ti":"0800至1700; 依交維計畫訂定時間施工","start_date":"2026-03-10","end_date":"2026-06-07","status_label":"施工中"}},{"type":"Feature","geometry":{"type":"Point","coordinates":[121.54973255118352,25.04460284362216]},"properties":{"permit_id":"11500406","city":"taipei","city_label":"臺北市","district":"大安","district_display":"大安區","addr":"市民大道4段南側(忠孝東路4段147巷至忠孝東路4段223巷)人行道","npurp":"道路維護","app_name":"新工處","tc_na":"金煌營造有限公司","co_ti":"0800至1700; 依交維計畫訂定時間施工","start_date":"2026-03-10","end_date":"2026-06-07","status_label":"施工中"}},{"type":"Feature","geometry":{"type":"Point","coordinates":[121.54973255118352,25.04460284362216]},"properties":{"permit_id":"11500406","city":"taipei","city_label":"臺北市","district":"大安","district_display":"大安區","addr":"市民大道4段南側(忠孝東路4段147巷至忠孝東路4段223巷)人行道","npurp":"道路維護","app_name":"新工處","tc_na":"金煌營造有限公司","co_ti":"0800至1700; 依交維計畫訂定時間施工","start_date":"2026-03-10","end_date":"2026-06-07","status_label":"施工中"}},{"type":"Feature","geometry":{"type":"Point","coordinates":[121.55253396688536,25.04430246109657]},"properties":{"permit_id":"11500406","city":"taipei","city_label":"臺北市","district":"大安","district_display":"大安區","addr":"市民大道4段南側(忠孝東路4段147巷至忠孝東路4段223巷)人行道","npurp":"道路維護","app_name":"新工處","tc_na":"金煌營造有限公司","co_ti":"0800至1700; 依交維計畫訂定時間施工","start_date":"2026-03-10","end_date":"2026-06-07","status_label":"施工中"}},{"type":"Feature","geometry":{"type":"Point","coordinates":[121.53808097809964,25.02943387987437]},"properties":{"permit_id":"11500490","city":"taipei","city_label":"臺北市","district":"大安","district_display":"大安區","addr":"建國南路2段79巷至建國南路2段151巷間人行道鋪面更新工程","npurp":"道路維護","app_name":"新工處","tc_na":"福呈營造股份有限公司","co_ti":"0900-1700; 依交維計畫訂定時間施工","start_date":"2026-03-23","end_date":"2026-06-30","status_label":"施工中"}},{"type":"Feature","geometry":{"type":"Point","coordinates":[121.53808191129256,25.029245694994632]},"properties":{"permit_id":"11500490","city":"taipei","city_label":"臺北市","district":"大安","district_display":"大安區","addr":"建國南路2段79巷至建國南路2段151巷間人行道鋪面更新工程","npurp":"道路維護","app_name":"新工處","tc_na":"福呈營造股份有限公司","co_ti":"0900-1700; 依交維計畫訂定時間施工","start_date":"2026-03-23","end_date":"2026-06-30","status_label":"施工中"}},{"type":"Feature","geometry":{"type":"Point","coordinates":[121.53806981152326,25.028888741033697]},"properties":{"permit_id":"11500490","city":"taipei","city_label":"臺北市","district":"大安","district_display":"大安區","addr":"建國南路2段79巷至建國南路2段151巷間人行道鋪面更新工程","npurp":"道路維護","app_name":"新工處","tc_na":"福呈營造股份有限公司","co_ti":"0900-1700; 依交維計畫訂定時間施工","start_date":"2026-03-23","end_date":"2026-06-30","status_label":"施工中"}},{"type":"Feature","geometry":{"type":"Point","coordinates":[121.53808191129256,25.029245694994632]},"properties":{"permit_id":"11500490","city":"taipei","city_label":"臺北市","district":"大安","district_display":"大安區","addr":"建國南路2段79巷至建國南路2段151巷間人行道鋪面更新工程","npurp":"道路維護","app_name":"新工處","tc_na":"福呈營造股份有限公司","co_ti":"0900-1700; 依交維計畫訂定時間施工","start_date":"2026-03-23","end_date":"2026-06-30","status_label":"施工中"}},{"type":"Feature","geometry":{"type":"Point","coordinates":[121.53809223288808,25.030662634242795]},"properties":{"permit_id":"11500490","city":"taipei","city_label":"臺北市","district":"大安","district_display":"大安區","addr":"建國南路2段79巷至建國南路2段151巷間人行道鋪面更新工程","npurp":"道路維護","app_name":"新工處","tc_na":"福呈營造股份有限公司","co_ti":"0900-1700; 依交維計畫訂定時間施工","start_date":"2026-03-23","end_date":"2026-06-30","status_label":"施工中"}},{"type":"Feature","geometry":{"type":"Point","coordinates":[121.53808097809964,25.02943387987437]},"properties":{"permit_id":"11500490","city":"taipei","city_label":"臺北市","district":"大安","district_display":"大安區","addr":"建國南路2段79巷至建國南路2段151巷間人行道鋪面更新工程","npurp":"道路維護","app_name":"新工處","tc_na":"福呈營造股份有限公司","co_ti":"0900-1700; 依交維計畫訂定時間施工","start_date":"2026-03-23","end_date":"2026-06-30","status_label":"施工中"}},{"type":"Feature","geometry":{"type":"Point","coordinates":[121.53806981152326,25.028888741033697]},"properties":{"permit_id":"11500490","city":"taipei","city_label":"臺北市","district":"大安","district_display":"大安區","addr":"建國南路2段79巷至建國南路2段151巷間人行道鋪面更新工程","npurp":"道路維護","app_name":"新工處","tc_na":"福呈營造股份有限公司","co_ti":"0900-1700; 依交維計畫訂定時間施工","start_date":"2026-03-23","end_date":"2026-06-30","status_label":"施工中"}},{"type":"Feature","geometry":{"type":"Point","coordinates":[121.53754960066776,25.00979435440541]},"properties":{"permit_id":"115000845","city":"taipei","city_label":"臺北市","district":"大安","district_display":"大安區","addr":"羅斯福路4段與羅斯福路4段123巷21弄口(東側道路)","npurp":"市政建設(交通局-交通號誌)","app_name":"交工處","tc_na":"誌亨工程有限公司","co_ti":"易壅塞路段日間施工10時至15時","start_date":"2026-04-20","end_date":"2026-05-05","status_label":"施工中"}},{"type":"Feature","geometry":{"type":"Point","coordinates":[121.54682333510016,25.02458332410829]},"properties":{"permit_id":"11500780","city":"taipei","city_label":"臺北市","district":"大安","district_display":"大安區","addr":"和平東路3段(雙號側)(基隆路2段至臥龍街)","npurp":"道路維護","app_name":"新工處","tc_na":"鋐城營造有限公司","co_ti":"每日施工時間9時至17時;工區24小時留設; 依交維計畫訂定時間施工","start_date":"2026-04-23","end_date":"2026-05-18","status_label":"施工中"}},{"type":"Feature","geometry":{"type":"Point","coordinates":[121.5468313960078,25.02459569001942]},"properties":{"permit_id":"11500780","city":"taipei","city_label":"臺北市","district":"大安","district_display":"大安區","addr":"和平東路3段(雙號側)(基隆路2段至臥龍街)","npurp":"道路維護","app_name":"新工處","tc_na":"鋐城營造有限公司","co_ti":"每日施工時間9時至17時;工區24小時留設; 依交維計畫訂定時間施工","start_date":"2026-04-23","end_date":"2026-05-18","status_label":"施工中"}},{"type":"Feature","geometry":{"type":"Point","coordinates":[121.55208822932924,25.024260854443543]},"properties":{"permit_id":"11500780","city":"taipei","city_label":"臺北市","district":"大安","district_display":"大安區","addr":"和平東路3段(雙號側)(基隆路2段至臥龍街)","npurp":"道路維護","app_name":"新工處","tc_na":"鋐城營造有限公司","co_ti":"每日施工時間9時至17時;工區24小時留設; 依交維計畫訂定時間施工","start_date":"2026-04-23","end_date":"2026-05-18","status_label":"施工中"}},{"type":"Feature","geometry":{"type":"Point","coordinates":[121.54676404451354,25.02460171573607]},"properties":{"permit_id":"11500780","city":"taipei","city_label":"臺北市","district":"大安","district_display":"大安區","addr":"和平東路3段(雙號側)(基隆路2段至臥龍街)","npurp":"道路維護","app_name":"新工處","tc_na":"鋐城營造有限公司","co_ti":"每日施工時間9時至17時;工區24小時留設; 依交維計畫訂定時間施工","start_date":"2026-04-23","end_date":"2026-05-18","status_label":"施工中"}},{"type":"Feature","geometry":{"type":"Point","coordinates":[121.55208822932924,25.024260854443543]},"properties":{"permit_id":"11500780","city":"taipei","city_label":"臺北市","district":"大安","district_display":"大安區","addr":"和平東路3段(雙號側)(基隆路2段至臥龍街)","npurp":"道路維護","app_name":"新工處","tc_na":"鋐城營造有限公司","co_ti":"每日施工時間9時至17時;工區24小時留設; 依交維計畫訂定時間施工","start_date":"2026-04-23","end_date":"2026-05-18","status_label":"施工中"}},{"type":"Feature","geometry":{"type":"Point","coordinates":[121.5369090145529,25.034588325979453]},"properties":{"permit_id":"115000933","city":"taipei","city_label":"臺北市","district":"大安","district_display":"大安區","addr":"新生南路1段161巷31號","npurp":"市政建設(水利處-側溝更新)","app_name":"水利處","tc_na":"安宏營造有限公司","co_ti":"新生南路1段本線日間施工9時至17時；其餘路段日間施工9時至18時。","start_date":"2026-04-28","end_date":"2026-07-21","status_label":"施工中"}},{"type":"Feature","geometry":{"type":"Point","coordinates":[121.5367269169353,25.03459446380758]},"properties":{"permit_id":"115000933","city":"taipei","city_label":"臺北市","district":"大安","district_display":"大安區","addr":"新生南路1段161巷31號","npurp":"市政建設(水利處-側溝更新)","app_name":"水利處","tc_na":"安宏營造有限公司","co_ti":"新生南路1段本線日間施工9時至17時；其餘路段日間施工9時至18時。","start_date":"2026-04-28","end_date":"2026-07-21","status_label":"施工中"}},{"type":"Feature","geometry":{"type":"Point","coordinates":[121.5369090145529,25.034588325979453]},"properties":{"permit_id":"115000933","city":"taipei","city_label":"臺北市","district":"大安","district_display":"大安區","addr":"新生南路1段161巷31號","npurp":"市政建設(水利處-側溝更新)","app_name":"水利處","tc_na":"安宏營造有限公司","co_ti":"新生南路1段本線日間施工9時至17時；其餘路段日間施工9時至18時。","start_date":"2026-04-28","end_date":"2026-07-21","status_label":"施工中"}},{"type":"Feature","geometry":{"type":"Point","coordinates":[121.53132141506904,25.02330132204423]},"properties":{"permit_id":"11404311-1","city":"taipei","city_label":"臺北市","district":"大安","district_display":"大安區","addr":"龍坡里泰順街46-1號對向溝蓋更新","npurp":"道路維護","app_name":"新工處","tc_na":"立向營造有限公司","co_ti":"08:00-18:00; 依交維計畫訂定時間施工","start_date":"2026-04-29","end_date":"2026-05-29","status_label":"施工中"}},{"type":"Feature","geometry":{"type":"Point","coordinates":[121.53132141506904,25.02330132204423]},"properties":{"permit_id":"11404311-1","city":"taipei","city_label":"臺北市","district":"大安","district_display":"大安區","addr":"龍坡里泰順街46-1號對向溝蓋更新","npurp":"道路維護","app_name":"新工處","tc_na":"立向營造有限公司","co_ti":"08:00-18:00; 依交維計畫訂定時間施工","start_date":"2026-04-29","end_date":"2026-05-29","status_label":"施工中"}},{"type":"Feature","geometry":{"type":"Point","coordinates":[121.561762375422,24.98904880110687]},"properties":{"permit_id":"114003534","city":"taipei","city_label":"臺北市","district":"文山","district_display":"文山區","addr":"木柵路2段138巷","npurp":"市政建設(捷運局-捷運工程)","app_name":"捷運二工處(南區)","tc_na":"東鑫龍營造有限公司","co_ti":"24小時施工，施工車輛請避開上、下午尖峰時段。","start_date":"2025-09-20","end_date":"2026-07-31","status_label":"施工中"}},{"type":"Feature","geometry":{"type":"Point","coordinates":[121.56067714207634,24.98873746967225]},"properties":{"permit_id":"114003796","city":"taipei","city_label":"臺北市","district":"文山","district_display":"文山區","addr":"木柵路2段木柵路二段67巷至木柵路二段125號","npurp":"市政建設(捷運局-捷運工程)","app_name":"捷運二工處(南區)","tc_na":"大陸工程股份有限公司","co_ti":"24小時施工，施工車輛請避開上、下午尖峰時段。","start_date":"2025-11-01","end_date":"2035-01-13","status_label":"施工中"}},{"type":"Feature","geometry":{"type":"Point","coordinates":[121.55158752196152,24.987690059634904]},"properties":{"permit_id":"114004032","city":"taipei","city_label":"臺北市","district":"文山","district_display":"文山區","addr":"木柵路1段木柵路一段(試院路雙號-辛亥路6段)","npurp":"市政建設(捷運局-捷運工程)","app_name":"捷運二工處(南區)","tc_na":"大陸工程股份有限公司","co_ti":"24小時施工，施工車輛請避開上、下午尖峰時段。","start_date":"2025-11-15","end_date":"2035-01-13","status_label":"施工中"}},{"type":"Feature","geometry":{"type":"Point","coordinates":[121.57918954557292,24.998035840648704]},"properties":{"permit_id":"114004238","city":"taipei","city_label":"臺北市","district":"文山","district_display":"文山區","addr":"新光路2段台北市立動物園前","npurp":"市政建設(捷運局-捷運工程)","app_name":"捷運二工處(南區)","tc_na":"日商華大林組營造股份有限公司","co_ti":"24小時施工，施工車輛請避開上、下午尖峰時段。","start_date":"2025-11-17","end_date":"2026-11-16","status_label":"施工中"}},{"type":"Feature","geometry":{"type":"Point","coordinates":[121.58159168313922,24.999497784922816]},"properties":{"permit_id":"114004238","city":"taipei","city_label":"臺北市","district":"文山","district_display":"文山區","addr":"新光路2段台北市立動物園前","npurp":"市政建設(捷運局-捷運工程)","app_name":"捷運二工處(南區)","tc_na":"日商華大林組營造股份有限公司","co_ti":"24小時施工，施工車輛請避開上、下午尖峰時段。","start_date":"2025-11-17","end_date":"2026-11-16","status_label":"施工中"}},{"type":"Feature","geometry":{"type":"Point","coordinates":[121.58121617039475,24.99923524430684]},"properties":{"permit_id":"114004238","city":"taipei","city_label":"臺北市","district":"文山","district_display":"文山區","addr":"新光路2段台北市立動物園前","npurp":"市政建設(捷運局-捷運工程)","app_name":"捷運二工處(南區)","tc_na":"日商華大林組營造股份有限公司","co_ti":"24小時施工，施工車輛請避開上、下午尖峰時段。","start_date":"2025-11-17","end_date":"2026-11-16","status_label":"施工中"}},{"type":"Feature","geometry":{"type":"Point","coordinates":[121.58083599320692,24.99901904402005]},"properties":{"permit_id":"114004238","city":"taipei","city_label":"臺北市","district":"文山","district_display":"文山區","addr":"新光路2段台北市立動物園前","npurp":"市政建設(捷運局-捷運工程)","app_name":"捷運二工處(南區)","tc_na":"日商華大林組營造股份有限公司","co_ti":"24小時施工，施工車輛請避開上、下午尖峰時段。","start_date":"2025-11-17","end_date":"2026-11-16","status_label":"施工中"}},{"type":"Feature","geometry":{"type":"Point","coordinates":[121.57917359809736,24.99796648577768]},"properties":{"permit_id":"113000851","city":"taipei","city_label":"臺北市","district":"文山","district_display":"文山區","addr":"新光路2段8號至32號、秀明路二段與萬壽路交叉路口","npurp":"市政建設(捷運局-捷運工程)","app_name":"捷運二工處(南區)","tc_na":"大陸工程股份有限公司","co_ti":"24小時施工，施工車輛請避開上、下午尖峰時段。","start_date":"2026-01-01","end_date":"2032-04-10","status_label":"施工中"}},{"type":"Feature","geometry":{"type":"Point","coordinates":[121.57086347924292,24.99034824843688]},"properties":{"permit_id":"114003599","city":"taipei","city_label":"臺北市","district":"文山","district_display":"文山區","addr":"木新路1段木新路一段開元街口至木柵路三段246號","npurp":"市政建設(捷運局-捷運工程)","app_name":"捷運二工處(南區)","tc_na":"大陸工程股份有限公司","co_ti":"24小時施工，施工車輛請避開上、下午尖峰時段。","start_date":"2026-01-01","end_date":"2035-01-13","status_label":"施工中"}},{"type":"Feature","geometry":{"type":"Point","coordinates":[121.5606874958159,24.9869799360614]},"properties":{"permit_id":"115000194","city":"taipei","city_label":"臺北市","district":"文山","district_display":"文山區","addr":"興隆路4段西側木柵公園候車亭","npurp":"市政建設(交通局-候車亭)","app_name":"都發局","tc_na":"宏燁營造有限公司","co_ti":"日間施工9時30分至16時","start_date":"2026-01-28","end_date":"2026-05-29","status_label":"施工中"}},{"type":"Feature","geometry":{"type":"Point","coordinates":[121.5607045896765,24.986935579707485]},"properties":{"permit_id":"115000194","city":"taipei","city_label":"臺北市","district":"文山","district_display":"文山區","addr":"興隆路4段西側木柵公園候車亭","npurp":"市政建設(交通局-候車亭)","app_name":"都發局","tc_na":"宏燁營造有限公司","co_ti":"日間施工9時30分至16時","start_date":"2026-01-28","end_date":"2026-05-29","status_label":"施工中"}},{"type":"Feature","geometry":{"type":"Point","coordinates":[121.5606874958159,24.9869799360614]},"properties":{"permit_id":"115000194","city":"taipei","city_label":"臺北市","district":"文山","district_display":"文山區","addr":"興隆路4段西側木柵公園候車亭","npurp":"市政建設(交通局-候車亭)","app_name":"都發局","tc_na":"宏燁營造有限公司","co_ti":"日間施工9時30分至16時","start_date":"2026-01-28","end_date":"2026-05-29","status_label":"施工中"}},{"type":"Feature","geometry":{"type":"Point","coordinates":[121.5606874958159,24.9869799360614]},"properties":{"permit_id":"115000194","city":"taipei","city_label":"臺北市","district":"文山","district_display":"文山區","addr":"興隆路4段西側木柵公園候車亭","npurp":"市政建設(交通局-候車亭)","app_name":"都發局","tc_na":"宏燁營造有限公司","co_ti":"日間施工9時30分至16時","start_date":"2026-01-28","end_date":"2026-05-29","status_label":"施工中"}},{"type":"Feature","geometry":{"type":"Point","coordinates":[121.5606874958159,24.9869799360614]},"properties":{"permit_id":"115000194","city":"taipei","city_label":"臺北市","district":"文山","district_display":"文山區","addr":"興隆路4段西側木柵公園候車亭","npurp":"市政建設(交通局-候車亭)","app_name":"都發局","tc_na":"宏燁營造有限公司","co_ti":"日間施工9時30分至16時","start_date":"2026-01-28","end_date":"2026-05-29","status_label":"施工中"}},{"type":"Feature","geometry":{"type":"Point","coordinates":[121.5606874958159,24.9869799360614]},"properties":{"permit_id":"115000194","city":"taipei","city_label":"臺北市","district":"文山","district_display":"文山區","addr":"興隆路4段西側木柵公園候車亭","npurp":"市政建設(交通局-候車亭)","app_name":"都發局","tc_na":"宏燁營造有限公司","co_ti":"日間施工9時30分至16時","start_date":"2026-01-28","end_date":"2026-05-29","status_label":"施工中"}},{"type":"Feature","geometry":{"type":"Point","coordinates":[121.55119181392394,24.999068744890565]},"properties":{"permit_id":"11500444","city":"taipei","city_label":"臺北市","district":"文山","district_display":"文山區","addr":"興隆路2段96巷23之1號至興隆路2段220巷65弄29號","npurp":"道路維護","app_name":"新工處","tc_na":"鋐城營造有限公司","co_ti":"每日施工時間9時至17時;工區24小時留設; 依交維計畫訂定時間施工","start_date":"2026-03-16","end_date":"2026-05-18","status_label":"施工中"}},{"type":"Feature","geometry":{"type":"Point","coordinates":[121.5508236795132,24.99966674935102]},"properties":{"permit_id":"11500444","city":"taipei","city_label":"臺北市","district":"文山","district_display":"文山區","addr":"興隆路2段96巷23之1號至興隆路2段220巷65弄29號","npurp":"道路維護","app_name":"新工處","tc_na":"鋐城營造有限公司","co_ti":"每日施工時間9時至17時;工區24小時留設; 依交維計畫訂定時間施工","start_date":"2026-03-16","end_date":"2026-05-18","status_label":"施工中"}},{"type":"Feature","geometry":{"type":"Point","coordinates":[121.5508236795132,24.99966674935102]},"properties":{"permit_id":"11500444","city":"taipei","city_label":"臺北市","district":"文山","district_display":"文山區","addr":"興隆路2段96巷23之1號至興隆路2段220巷65弄29號","npurp":"道路維護","app_name":"新工處","tc_na":"鋐城營造有限公司","co_ti":"每日施工時間9時至17時;工區24小時留設; 依交維計畫訂定時間施工","start_date":"2026-03-16","end_date":"2026-05-18","status_label":"施工中"}},{"type":"Feature","geometry":{"type":"Point","coordinates":[121.55111506896024,24.99949753958652]},"properties":{"permit_id":"11500444","city":"taipei","city_label":"臺北市","district":"文山","district_display":"文山區","addr":"興隆路2段96巷23之1號至興隆路2段220巷65弄29號","npurp":"道路維護","app_name":"新工處","tc_na":"鋐城營造有限公司","co_ti":"每日施工時間9時至17時;工區24小時留設; 依交維計畫訂定時間施工","start_date":"2026-03-16","end_date":"2026-05-18","status_label":"施工中"}},{"type":"Feature","geometry":{"type":"Point","coordinates":[121.55111239025076,24.99947444656909]},"properties":{"permit_id":"11500444","city":"taipei","city_label":"臺北市","district":"文山","district_display":"文山區","addr":"興隆路2段96巷23之1號至興隆路2段220巷65弄29號","npurp":"道路維護","app_name":"新工處","tc_na":"鋐城營造有限公司","co_ti":"每日施工時間9時至17時;工區24小時留設; 依交維計畫訂定時間施工","start_date":"2026-03-16","end_date":"2026-05-18","status_label":"施工中"}},{"type":"Feature","geometry":{"type":"Point","coordinates":[121.55111506896024,24.99949753958652]},"properties":{"permit_id":"11500444","city":"taipei","city_label":"臺北市","district":"文山","district_display":"文山區","addr":"興隆路2段96巷23之1號至興隆路2段220巷65弄29號","npurp":"道路維護","app_name":"新工處","tc_na":"鋐城營造有限公司","co_ti":"每日施工時間9時至17時;工區24小時留設; 依交維計畫訂定時間施工","start_date":"2026-03-16","end_date":"2026-05-18","status_label":"施工中"}},{"type":"Feature","geometry":{"type":"Point","coordinates":[121.55111506896024,24.99949753958652]},"properties":{"permit_id":"11500444","city":"taipei","city_label":"臺北市","district":"文山","district_display":"文山區","addr":"興隆路2段96巷23之1號至興隆路2段220巷65弄29號","npurp":"道路維護","app_name":"新工處","tc_na":"鋐城營造有限公司","co_ti":"每日施工時間9時至17時;工區24小時留設; 依交維計畫訂定時間施工","start_date":"2026-03-16","end_date":"2026-05-18","status_label":"施工中"}},{"type":"Feature","geometry":{"type":"Point","coordinates":[121.55111239025076,24.99947444656909]},"properties":{"permit_id":"11500444","city":"taipei","city_label":"臺北市","district":"文山","district_display":"文山區","addr":"興隆路2段96巷23之1號至興隆路2段220巷65弄29號","npurp":"道路維護","app_name":"新工處","tc_na":"鋐城營造有限公司","co_ti":"每日施工時間9時至17時;工區24小時留設; 依交維計畫訂定時間施工","start_date":"2026-03-16","end_date":"2026-05-18","status_label":"施工中"}},{"type":"Feature","geometry":{"type":"Point","coordinates":[121.5511053109792,24.999475321437693]},"properties":{"permit_id":"11500444","city":"taipei","city_label":"臺北市","district":"文山","district_display":"文山區","addr":"興隆路2段96巷23之1號至興隆路2段220巷65弄29號","npurp":"道路維護","app_name":"新工處","tc_na":"鋐城營造有限公司","co_ti":"每日施工時間9時至17時;工區24小時留設; 依交維計畫訂定時間施工","start_date":"2026-03-16","end_date":"2026-05-18","status_label":"施工中"}},{"type":"Feature","geometry":{"type":"Point","coordinates":[121.55110311985824,24.99950157427933]},"properties":{"permit_id":"11500444","city":"taipei","city_label":"臺北市","district":"文山","district_display":"文山區","addr":"興隆路2段96巷23之1號至興隆路2段220巷65弄29號","npurp":"道路維護","app_name":"新工處","tc_na":"鋐城營造有限公司","co_ti":"每日施工時間9時至17時;工區24小時留設; 依交維計畫訂定時間施工","start_date":"2026-03-16","end_date":"2026-05-18","status_label":"施工中"}},{"type":"Feature","geometry":{"type":"Point","coordinates":[121.55109860883408,24.9994807902184]},"properties":{"permit_id":"11500444","city":"taipei","city_label":"臺北市","district":"文山","district_display":"文山區","addr":"興隆路2段96巷23之1號至興隆路2段220巷65弄29號","npurp":"道路維護","app_name":"新工處","tc_na":"鋐城營造有限公司","co_ti":"每日施工時間9時至17時;工區24小時留設; 依交維計畫訂定時間施工","start_date":"2026-03-16","end_date":"2026-05-18","status_label":"施工中"}},{"type":"Feature","geometry":{"type":"Point","coordinates":[121.55111239025076,24.99947444656909]},"properties":{"permit_id":"11500444","city":"taipei","city_label":"臺北市","district":"文山","district_display":"文山區","addr":"興隆路2段96巷23之1號至興隆路2段220巷65弄29號","npurp":"道路維護","app_name":"新工處","tc_na":"鋐城營造有限公司","co_ti":"每日施工時間9時至17時;工區24小時留設; 依交維計畫訂定時間施工","start_date":"2026-03-16","end_date":"2026-05-18","status_label":"施工中"}},{"type":"Feature","geometry":{"type":"Point","coordinates":[121.57111406149038,24.995339817704608]},"properties":{"permit_id":"11500489","city":"taipei","city_label":"臺北市","district":"文山","district_display":"文山區","addr":"萬芳路東側(自木柵路四段至原野運動公園前)人行道鋪面更新工程","npurp":"道路維護","app_name":"新工處","tc_na":"福呈營造股份有限公司","co_ti":"0900-1700; 依交維計畫訂定時間施工","start_date":"2026-03-23","end_date":"2026-06-20","status_label":"施工中"}},{"type":"Feature","geometry":{"type":"Point","coordinates":[121.5708229961524,24.99571899534813]},"properties":{"permit_id":"11500489","city":"taipei","city_label":"臺北市","district":"文山","district_display":"文山區","addr":"萬芳路東側(自木柵路四段至原野運動公園前)人行道鋪面更新工程","npurp":"道路維護","app_name":"新工處","tc_na":"福呈營造股份有限公司","co_ti":"0900-1700; 依交維計畫訂定時間施工","start_date":"2026-03-23","end_date":"2026-06-20","status_label":"施工中"}},{"type":"Feature","geometry":{"type":"Point","coordinates":[121.57091021171009,24.99553915503124]},"properties":{"permit_id":"11500489","city":"taipei","city_label":"臺北市","district":"文山","district_display":"文山區","addr":"萬芳路東側(自木柵路四段至原野運動公園前)人行道鋪面更新工程","npurp":"道路維護","app_name":"新工處","tc_na":"福呈營造股份有限公司","co_ti":"0900-1700; 依交維計畫訂定時間施工","start_date":"2026-03-23","end_date":"2026-06-20","status_label":"施工中"}},{"type":"Feature","geometry":{"type":"Point","coordinates":[121.57118380113798,24.99762007425224]},"properties":{"permit_id":"11500489","city":"taipei","city_label":"臺北市","district":"文山","district_display":"文山區","addr":"萬芳路東側(自木柵路四段至原野運動公園前)人行道鋪面更新工程","npurp":"道路維護","app_name":"新工處","tc_na":"福呈營造股份有限公司","co_ti":"0900-1700; 依交維計畫訂定時間施工","start_date":"2026-03-23","end_date":"2026-06-20","status_label":"施工中"}},{"type":"Feature","geometry":{"type":"Point","coordinates":[121.57130718107187,24.99517451209489]},"properties":{"permit_id":"11500489","city":"taipei","city_label":"臺北市","district":"文山","district_display":"文山區","addr":"萬芳路東側(自木柵路四段至原野運動公園前)人行道鋪面更新工程","npurp":"道路維護","app_name":"新工處","tc_na":"福呈營造股份有限公司","co_ti":"0900-1700; 依交維計畫訂定時間施工","start_date":"2026-03-23","end_date":"2026-06-20","status_label":"施工中"}},{"type":"Feature","geometry":{"type":"Point","coordinates":[121.5709740012633,24.99689699785173]},"properties":{"permit_id":"11500489","city":"taipei","city_label":"臺北市","district":"文山","district_display":"文山區","addr":"萬芳路東側(自木柵路四段至原野運動公園前)人行道鋪面更新工程","npurp":"道路維護","app_name":"新工處","tc_na":"福呈營造股份有限公司","co_ti":"0900-1700; 依交維計畫訂定時間施工","start_date":"2026-03-23","end_date":"2026-06-20","status_label":"施工中"}},{"type":"Feature","geometry":{"type":"Point","coordinates":[121.57164514072248,24.995014066666933]},"properties":{"permit_id":"11500489","city":"taipei","city_label":"臺北市","district":"文山","district_display":"文山區","addr":"萬芳路東側(自木柵路四段至原野運動公園前)人行道鋪面更新工程","npurp":"道路維護","app_name":"新工處","tc_na":"福呈營造股份有限公司","co_ti":"0900-1700; 依交維計畫訂定時間施工","start_date":"2026-03-23","end_date":"2026-06-20","status_label":"施工中"}},{"type":"Feature","geometry":{"type":"Point","coordinates":[121.5481609090725,25.000044625164573]},"properties":{"permit_id":"11500325-1","city":"taipei","city_label":"臺北市","district":"文山","district_display":"文山區","addr":"興隆路2段78巷至88號","npurp":"道路維護","app_name":"新工處","tc_na":"文昌營造工程有限公司","co_ti":"自9時0分至17時0分; 依交維計畫訂定時間施工","start_date":"2026-04-01","end_date":"2026-05-07","status_label":"施工中"}},{"type":"Feature","geometry":{"type":"Point","coordinates":[121.54852499674205,25.000470990035403]},"properties":{"permit_id":"11500325-1","city":"taipei","city_label":"臺北市","district":"文山","district_display":"文山區","addr":"興隆路2段78巷至88號","npurp":"道路維護","app_name":"新工處","tc_na":"文昌營造工程有限公司","co_ti":"自9時0分至17時0分; 依交維計畫訂定時間施工","start_date":"2026-04-01","end_date":"2026-05-07","status_label":"施工中"}},{"type":"Feature","geometry":{"type":"Point","coordinates":[121.55463904790336,24.979533404656717]},"properties":{"permit_id":"11500696","city":"taipei","city_label":"臺北市","district":"文山","district_display":"文山區","addr":"文山區樟新里樟新街8巷5弄、樟新街15巷(樟新街至一壽街20巷)路面及溝蓋更新","npurp":"道路維護","app_name":"新工處","tc_na":"立向營造有限公司","co_ti":"08:00-18:00; 依交維計畫訂定時間施工","start_date":"2026-04-10","end_date":"2026-05-31","status_label":"施工中"}},{"type":"Feature","geometry":{"type":"Point","coordinates":[121.55463904790336,24.979533404656717]},"properties":{"permit_id":"11500696","city":"taipei","city_label":"臺北市","district":"文山","district_display":"文山區","addr":"文山區樟新里樟新街8巷5弄、樟新街15巷(樟新街至一壽街20巷)路面及溝蓋更新","npurp":"道路維護","app_name":"新工處","tc_na":"立向營造有限公司","co_ti":"08:00-18:00; 依交維計畫訂定時間施工","start_date":"2026-04-10","end_date":"2026-05-31","status_label":"施工中"}},{"type":"Feature","geometry":{"type":"Point","coordinates":[121.5548294900396,24.978681224530288]},"properties":{"permit_id":"11500696","city":"taipei","city_label":"臺北市","district":"文山","district_display":"文山區","addr":"文山區樟新里樟新街8巷5弄、樟新街15巷(樟新街至一壽街20巷)路面及溝蓋更新","npurp":"道路維護","app_name":"新工處","tc_na":"立向營造有限公司","co_ti":"08:00-18:00; 依交維計畫訂定時間施工","start_date":"2026-04-10","end_date":"2026-05-31","status_label":"施工中"}},{"type":"Feature","geometry":{"type":"Point","coordinates":[121.55455724394685,24.979511518297816]},"properties":{"permit_id":"11500696","city":"taipei","city_label":"臺北市","district":"文山","district_display":"文山區","addr":"文山區樟新里樟新街8巷5弄、樟新街15巷(樟新街至一壽街20巷)路面及溝蓋更新","npurp":"道路維護","app_name":"新工處","tc_na":"立向營造有限公司","co_ti":"08:00-18:00; 依交維計畫訂定時間施工","start_date":"2026-04-10","end_date":"2026-05-31","status_label":"施工中"}},{"type":"Feature","geometry":{"type":"Point","coordinates":[121.55451834981211,24.979529755577403]},"properties":{"permit_id":"11500696","city":"taipei","city_label":"臺北市","district":"文山","district_display":"文山區","addr":"文山區樟新里樟新街8巷5弄、樟新街15巷(樟新街至一壽街20巷)路面及溝蓋更新","npurp":"道路維護","app_name":"新工處","tc_na":"立向營造有限公司","co_ti":"08:00-18:00; 依交維計畫訂定時間施工","start_date":"2026-04-10","end_date":"2026-05-31","status_label":"施工中"}},{"type":"Feature","geometry":{"type":"Point","coordinates":[121.5643195677857,24.988566964251177]},"properties":{"permit_id":"11500711","city":"taipei","city_label":"臺北市","district":"文山","district_display":"文山區","addr":"木柵路2段(169號至久康街口)及木柵路3段(77號至125號及104號至144號)","npurp":"道路維護","app_name":"新工處","tc_na":"鋐城營造有限公司","co_ti":"每日施工時間9時至17時;工區24小時留設; 依交維計畫訂定時間施工","start_date":"2026-04-16","end_date":"2026-06-30","status_label":"施工中"}},{"type":"Feature","geometry":{"type":"Point","coordinates":[121.56792298285396,24.988827520620926]},"properties":{"permit_id":"11500711","city":"taipei","city_label":"臺北市","district":"文山","district_display":"文山區","addr":"木柵路2段(169號至久康街口)及木柵路3段(77號至125號及104號至144號)","npurp":"道路維護","app_name":"新工處","tc_na":"鋐城營造有限公司","co_ti":"每日施工時間9時至17時;工區24小時留設; 依交維計畫訂定時間施工","start_date":"2026-04-16","end_date":"2026-06-30","status_label":"施工中"}},{"type":"Feature","geometry":{"type":"Point","coordinates":[121.56465219091588,24.988521726563544]},"properties":{"permit_id":"11500711","city":"taipei","city_label":"臺北市","district":"文山","district_display":"文山區","addr":"木柵路2段(169號至久康街口)及木柵路3段(77號至125號及104號至144號)","npurp":"道路維護","app_name":"新工處","tc_na":"鋐城營造有限公司","co_ti":"每日施工時間9時至17時;工區24小時留設; 依交維計畫訂定時間施工","start_date":"2026-04-16","end_date":"2026-06-30","status_label":"施工中"}},{"type":"Feature","geometry":{"type":"Point","coordinates":[121.56695563137453,24.98862152245128]},"properties":{"permit_id":"11500711","city":"taipei","city_label":"臺北市","district":"文山","district_display":"文山區","addr":"木柵路2段(169號至久康街口)及木柵路3段(77號至125號及104號至144號)","npurp":"道路維護","app_name":"新工處","tc_na":"鋐城營造有限公司","co_ti":"每日施工時間9時至17時;工區24小時留設; 依交維計畫訂定時間施工","start_date":"2026-04-16","end_date":"2026-06-30","status_label":"施工中"}},{"type":"Feature","geometry":{"type":"Point","coordinates":[121.56566090935692,24.988404186548223]},"properties":{"permit_id":"11500711","city":"taipei","city_label":"臺北市","district":"文山","district_display":"文山區","addr":"木柵路2段(169號至久康街口)及木柵路3段(77號至125號及104號至144號)","npurp":"道路維護","app_name":"新工處","tc_na":"鋐城營造有限公司","co_ti":"每日施工時間9時至17時;工區24小時留設; 依交維計畫訂定時間施工","start_date":"2026-04-16","end_date":"2026-06-30","status_label":"施工中"}},{"type":"Feature","geometry":{"type":"Point","coordinates":[121.56425597252286,24.988590615301707]},"properties":{"permit_id":"11500711","city":"taipei","city_label":"臺北市","district":"文山","district_display":"文山區","addr":"木柵路2段(169號至久康街口)及木柵路3段(77號至125號及104號至144號)","npurp":"道路維護","app_name":"新工處","tc_na":"鋐城營造有限公司","co_ti":"每日施工時間9時至17時;工區24小時留設; 依交維計畫訂定時間施工","start_date":"2026-04-16","end_date":"2026-06-30","status_label":"施工中"}},{"type":"Feature","geometry":{"type":"Point","coordinates":[121.56085111710271,24.988152767155576]},"properties":{"permit_id":"11500712","city":"taipei","city_label":"臺北市","district":"文山","district_display":"文山區","addr":"文山區興隆路4段101巷(興隆路至木柵路2段138巷)及木柵路2段138巷(26號至27號)","npurp":"道路維護","app_name":"新工處","tc_na":"鋐城營造有限公司","co_ti":"每日施工時間9時至17時;工區24小時留設; 依交維計畫訂定時間施工","start_date":"2026-04-18","end_date":"2026-05-05","status_label":"施工中"}},{"type":"Feature","geometry":{"type":"Point","coordinates":[121.56055707457358,24.98811690493051]},"properties":{"permit_id":"11500712","city":"taipei","city_label":"臺北市","district":"文山","district_display":"文山區","addr":"文山區興隆路4段101巷(興隆路至木柵路2段138巷)及木柵路2段138巷(26號至27號)","npurp":"道路維護","app_name":"新工處","tc_na":"鋐城營造有限公司","co_ti":"每日施工時間9時至17時;工區24小時留設; 依交維計畫訂定時間施工","start_date":"2026-04-18","end_date":"2026-05-05","status_label":"施工中"}},{"type":"Feature","geometry":{"type":"Point","coordinates":[121.56585252794645,24.984873303057167]},"properties":{"permit_id":"11500713","city":"taipei","city_label":"臺北市","district":"文山","district_display":"文山區","addr":"忠順街2段90巷","npurp":"道路維護","app_name":"新工處","tc_na":"鋐城營造有限公司","co_ti":"每日施工時間9時至17時;工區24小時留設; 依交維計畫訂定時間施工","start_date":"2026-04-20","end_date":"2026-05-16","status_label":"施工中"}},{"type":"Feature","geometry":{"type":"Point","coordinates":[121.56571252931823,24.984540715849143]},"properties":{"permit_id":"11500713","city":"taipei","city_label":"臺北市","district":"文山","district_display":"文山區","addr":"忠順街2段90巷","npurp":"道路維護","app_name":"新工處","tc_na":"鋐城營造有限公司","co_ti":"每日施工時間9時至17時;工區24小時留設; 依交維計畫訂定時間施工","start_date":"2026-04-20","end_date":"2026-05-16","status_label":"施工中"}},{"type":"Feature","geometry":{"type":"Point","coordinates":[121.56521297019326,24.98458536203378]},"properties":{"permit_id":"11500713","city":"taipei","city_label":"臺北市","district":"文山","district_display":"文山區","addr":"忠順街2段90巷","npurp":"道路維護","app_name":"新工處","tc_na":"鋐城營造有限公司","co_ti":"每日施工時間9時至17時;工區24小時留設; 依交維計畫訂定時間施工","start_date":"2026-04-20","end_date":"2026-05-16","status_label":"施工中"}},{"type":"Feature","geometry":{"type":"Point","coordinates":[121.53642536343892,25.002159992804597]},"properties":{"permit_id":"11500781","city":"taipei","city_label":"臺北市","district":"文山","district_display":"文山區","addr":"汀州路4段","npurp":"道路維護","app_name":"新工處","tc_na":"鋐城營造有限公司","co_ti":"每日施工時間9時至17時;工區24小時留設; 依交維計畫訂定時間施工","start_date":"2026-04-22","end_date":"2026-05-11","status_label":"施工中"}},{"type":"Feature","geometry":{"type":"Point","coordinates":[121.53670498798655,25.002136296488025]},"properties":{"permit_id":"11500781","city":"taipei","city_label":"臺北市","district":"文山","district_display":"文山區","addr":"汀州路4段","npurp":"道路維護","app_name":"新工處","tc_na":"鋐城營造有限公司","co_ti":"每日施工時間9時至17時;工區24小時留設; 依交維計畫訂定時間施工","start_date":"2026-04-22","end_date":"2026-05-11","status_label":"施工中"}},{"type":"Feature","geometry":{"type":"Point","coordinates":[121.53644881412836,25.010732314680435]},"properties":{"permit_id":"11500779","city":"taipei","city_label":"臺北市","district":"文山","district_display":"文山區","addr":"溪洲街82巷(汀州路4段10-1號前)","npurp":"道路維護","app_name":"新工處","tc_na":"鋐城營造有限公司","co_ti":"每日施工時間9時至17時;工區24小時留設; 依交維計畫訂定時間施工","start_date":"2026-04-25","end_date":"2026-06-14","status_label":"施工中"}},{"type":"Feature","geometry":{"type":"Point","coordinates":[121.53581245614876,25.01048066601856]},"properties":{"permit_id":"11500779","city":"taipei","city_label":"臺北市","district":"文山","district_display":"文山區","addr":"溪洲街82巷(汀州路4段10-1號前)","npurp":"道路維護","app_name":"新工處","tc_na":"鋐城營造有限公司","co_ti":"每日施工時間9時至17時;工區24小時留設; 依交維計畫訂定時間施工","start_date":"2026-04-25","end_date":"2026-06-14","status_label":"施工中"}},{"type":"Feature","geometry":{"type":"Point","coordinates":[121.53575999757167,25.010448994798068]},"properties":{"permit_id":"11500779","city":"taipei","city_label":"臺北市","district":"文山","district_display":"文山區","addr":"溪洲街82巷(汀州路4段10-1號前)","npurp":"道路維護","app_name":"新工處","tc_na":"鋐城營造有限公司","co_ti":"每日施工時間9時至17時;工區24小時留設; 依交維計畫訂定時間施工","start_date":"2026-04-25","end_date":"2026-06-14","status_label":"施工中"}},{"type":"Feature","geometry":{"type":"Point","coordinates":[121.53595931185626,25.01055548547583]},"properties":{"permit_id":"11500779","city":"taipei","city_label":"臺北市","district":"文山","district_display":"文山區","addr":"溪洲街82巷(汀州路4段10-1號前)","npurp":"道路維護","app_name":"新工處","tc_na":"鋐城營造有限公司","co_ti":"每日施工時間9時至17時;工區24小時留設; 依交維計畫訂定時間施工","start_date":"2026-04-25","end_date":"2026-06-14","status_label":"施工中"}},{"type":"Feature","geometry":{"type":"Point","coordinates":[121.53639500264634,25.010776990298123]},"properties":{"permit_id":"11500779","city":"taipei","city_label":"臺北市","district":"文山","district_display":"文山區","addr":"溪洲街82巷(汀州路4段10-1號前)","npurp":"道路維護","app_name":"新工處","tc_na":"鋐城營造有限公司","co_ti":"每日施工時間9時至17時;工區24小時留設; 依交維計畫訂定時間施工","start_date":"2026-04-25","end_date":"2026-06-14","status_label":"施工中"}},{"type":"Feature","geometry":{"type":"Point","coordinates":[121.57690160599596,24.990301325731444]},"properties":{"permit_id":"11500902","city":"taipei","city_label":"臺北市","district":"文山","district_display":"文山區","addr":"秀明路二段167號、秀明路一段107號、秀明路一段7號，共3處設施修復工程","npurp":"道路維護","app_name":"新工處","tc_na":"磐碩營造股份有限公司","co_ti":"自9時00分至18時00分; 依交維計畫訂定時間施工","start_date":"2026-04-28","end_date":"2026-05-17","status_label":"施工中"}},{"type":"Feature","geometry":{"type":"Point","coordinates":[121.56659594968627,24.99077869655173]},"properties":{"permit_id":"11500902","city":"taipei","city_label":"臺北市","district":"文山","district_display":"文山區","addr":"秀明路二段167號、秀明路一段107號、秀明路一段7號，共3處設施修復工程","npurp":"道路維護","app_name":"新工處","tc_na":"磐碩營造股份有限公司","co_ti":"自9時00分至18時00分; 依交維計畫訂定時間施工","start_date":"2026-04-28","end_date":"2026-05-17","status_label":"施工中"}},{"type":"Feature","geometry":{"type":"Point","coordinates":[121.54697059977514,24.98686083994958]},"properties":{"permit_id":"11500905","city":"taipei","city_label":"臺北市","district":"文山","district_display":"文山區","addr":"興隆路四段105號、木柵路二段169號、木柵路一段366號、木柵路一段54號，共4處設施修復工程","npurp":"道路維護","app_name":"新工處","tc_na":"磐碩營造股份有限公司","co_ti":"自9時00分至18時00分; 依交維計畫訂定時間施工","start_date":"2026-04-28","end_date":"2026-05-17","status_label":"施工中"}},{"type":"Feature","geometry":{"type":"Point","coordinates":[121.56298451643912,25.028617072355228]},"properties":{"permit_id":"11500754","city":"taipei","city_label":"臺北市","district":"松山","district_display":"松山區","addr":"光復南路56號及信義區莊敬路290號等二十一處設施零星修繕工程","npurp":"道路維護","app_name":"新工處","tc_na":"聖東營造股份有限公司","co_ti":"自08時00分至17時00分; 依交維計畫訂定時間施工","start_date":"2026-04-20","end_date":"2026-05-04","status_label":"施工中"}},{"type":"Feature","geometry":{"type":"Point","coordinates":[121.55503118755344,25.050187703168035]},"properties":{"permit_id":"11500761","city":"taipei","city_label":"臺北市","district":"松山","district_display":"松山區","addr":"寧安公園(南京東路4段120巷側)人行道更新工程","npurp":"道路維護","app_name":"新工處","tc_na":"福呈營造股份有限公司","co_ti":"0800至1800(24小時工區，尖峰時段不占用道路); 依交維計畫訂定時間施工","start_date":"2026-04-20","end_date":"2026-06-28","status_label":"施工中"}},{"type":"Feature","geometry":{"type":"Point","coordinates":[121.55497926654932,25.05015923310896]},"properties":{"permit_id":"11500761","city":"taipei","city_label":"臺北市","district":"松山","district_display":"松山區","addr":"寧安公園(南京東路4段120巷側)人行道更新工程","npurp":"道路維護","app_name":"新工處","tc_na":"福呈營造股份有限公司","co_ti":"0800至1800(24小時工區，尖峰時段不占用道路); 依交維計畫訂定時間施工","start_date":"2026-04-20","end_date":"2026-06-28","status_label":"施工中"}},{"type":"Feature","geometry":{"type":"Point","coordinates":[121.55365713059832,25.05220191478462]},"properties":{"permit_id":"11500981","city":"taipei","city_label":"臺北市","district":"松山","district_display":"松山區","addr":"南京東路四段75巷14弄1號轉角處","npurp":"道路維護","app_name":"水利處","tc_na":"泇溢營造有限公司","co_ti":"自09時00分至18時00分; 依交維計畫訂定時間施工","start_date":"2026-04-30","end_date":"2026-05-09","status_label":"施工中"}},{"type":"Feature","geometry":{"type":"Point","coordinates":[121.55364505639773,25.052218923490777]},"properties":{"permit_id":"11500981","city":"taipei","city_label":"臺北市","district":"松山","district_display":"松山區","addr":"南京東路四段75巷14弄1號轉角處","npurp":"道路維護","app_name":"水利處","tc_na":"泇溢營造有限公司","co_ti":"自09時00分至18時00分; 依交維計畫訂定時間施工","start_date":"2026-04-30","end_date":"2026-05-09","status_label":"施工中"}},{"type":"Feature","geometry":{"type":"Point","coordinates":[121.49950552958698,25.022656381456024]},"properties":{"permit_id":"106000338","city":"taipei","city_label":"臺北市","district":"萬華","district_display":"萬華區","addr":"萬大萬大路上344巷至493巷間；萬大路至長泰街73巷口；萬大路至萬大路423巷20弄巷口；萬大路至萬大路322巷5弄巷口；萬大路至東園街215號；萬大路至長泰街100號；萬大路387巷11號","npurp":"市政建設(捷運局-捷運工程)","app_name":"捷運二工處(南區)","tc_na":"大陸工程股份有限公司","co_ti":"依交維計畫全日施工","start_date":"2024-06-03","end_date":"2027-02-01","status_label":"施工中"}},{"type":"Feature","geometry":{"type":"Point","coordinates":[121.5001050013353,25.01787799474118]},"properties":{"permit_id":"11400992","city":"taipei","city_label":"臺北市","district":"萬華","district_display":"萬華區","addr":"富民路(151號至富民路155巷口)、富民路155巷(155巷口至水源路口)","npurp":"道路維護","app_name":"新工處","tc_na":"中華工程股份有限公司","co_ti":"自00時00分至24時00分; 依交維計畫訂定時間施工","start_date":"2025-04-01","end_date":"2026-06-30","status_label":"施工中"}},{"type":"Feature","geometry":{"type":"Point","coordinates":[121.50014700342732,25.0178759936626]},"properties":{"permit_id":"11400992","city":"taipei","city_label":"臺北市","district":"萬華","district_display":"萬華區","addr":"富民路(151號至富民路155巷口)、富民路155巷(155巷口至水源路口)","npurp":"道路維護","app_name":"新工處","tc_na":"中華工程股份有限公司","co_ti":"自00時00分至24時00分","start_date":"2025-04-01","end_date":"2026-06-30","status_label":"施工中"}},{"type":"Feature","geometry":{"type":"Point","coordinates":[121.50393250183288,25.030080290892137]},"properties":{"permit_id":"11200189-19","city":"taipei","city_label":"臺北市","district":"萬華","district_display":"萬華區","addr":"南海路/羅斯福路至南海路/和平西路口西藏路/汀洲路口至萬大路/長泰街口","npurp":"道路維護","app_name":"捷運二工處(南區)","tc_na":"大陸工程股份有限公司","co_ti":"自00時00分至23時59分","start_date":"2026-01-01","end_date":"2026-06-30","status_label":"施工中"}},{"type":"Feature","geometry":{"type":"Point","coordinates":[121.4939259957433,25.035058992131283]},"properties":{"permit_id":"11404794-1","city":"taipei","city_label":"臺北市","district":"萬華","district_display":"萬華區","addr":"環河南路2段162號至276-5號間","npurp":"道路維護","app_name":"新工處","tc_na":"安宏營造有限公司","co_ti":"自9時0分至17時0分；工區24小時圍設; 依交維計畫訂定時間施工","start_date":"2026-03-26","end_date":"2026-05-31","status_label":"施工中"}},{"type":"Feature","geometry":{"type":"Point","coordinates":[121.49384197655591,25.035005301236453]},"properties":{"permit_id":"11404794-1","city":"taipei","city_label":"臺北市","district":"萬華","district_display":"萬華區","addr":"環河南路2段162號至276-5號間","npurp":"道路維護","app_name":"新工處","tc_na":"安宏營造有限公司","co_ti":"自9時0分至17時0分；工區24小時圍設; 依交維計畫訂定時間施工","start_date":"2026-03-26","end_date":"2026-05-31","status_label":"施工中"}},{"type":"Feature","geometry":{"type":"Point","coordinates":[121.4939884483724,25.035143937805262]},"properties":{"permit_id":"11404794-1","city":"taipei","city_label":"臺北市","district":"萬華","district_display":"萬華區","addr":"環河南路2段162號至276-5號間","npurp":"道路維護","app_name":"新工處","tc_na":"安宏營造有限公司","co_ti":"自9時0分至17時0分；工區24小時圍設; 依交維計畫訂定時間施工","start_date":"2026-03-26","end_date":"2026-05-31","status_label":"施工中"}},{"type":"Feature","geometry":{"type":"Point","coordinates":[121.4940402754174,25.035240574082263]},"properties":{"permit_id":"11404794-1","city":"taipei","city_label":"臺北市","district":"萬華","district_display":"萬華區","addr":"環河南路2段162號至276-5號間","npurp":"道路維護","app_name":"新工處","tc_na":"安宏營造有限公司","co_ti":"自9時0分至17時0分；工區24小時圍設; 依交維計畫訂定時間施工","start_date":"2026-03-26","end_date":"2026-05-31","status_label":"施工中"}},{"type":"Feature","geometry":{"type":"Point","coordinates":[121.49384197655591,25.035005301236453]},"properties":{"permit_id":"11404794-1","city":"taipei","city_label":"臺北市","district":"萬華","district_display":"萬華區","addr":"環河南路2段162號至276-5號間","npurp":"道路維護","app_name":"新工處","tc_na":"安宏營造有限公司","co_ti":"自9時0分至17時0分；工區24小時圍設; 依交維計畫訂定時間施工","start_date":"2026-03-26","end_date":"2026-05-31","status_label":"施工中"}},{"type":"Feature","geometry":{"type":"Point","coordinates":[121.49384197655591,25.035005301236453]},"properties":{"permit_id":"11404794-1","city":"taipei","city_label":"臺北市","district":"萬華","district_display":"萬華區","addr":"環河南路2段162號至276-5號間","npurp":"道路維護","app_name":"新工處","tc_na":"安宏營造有限公司","co_ti":"自9時0分至17時0分；工區24小時圍設; 依交維計畫訂定時間施工","start_date":"2026-03-26","end_date":"2026-05-31","status_label":"施工中"}},{"type":"Feature","geometry":{"type":"Point","coordinates":[121.49384197655591,25.035005301236453]},"properties":{"permit_id":"11404794-1","city":"taipei","city_label":"臺北市","district":"萬華","district_display":"萬華區","addr":"環河南路2段162號至276-5號間","npurp":"道路維護","app_name":"新工處","tc_na":"安宏營造有限公司","co_ti":"自9時0分至17時0分；工區24小時圍設; 依交維計畫訂定時間施工","start_date":"2026-03-26","end_date":"2026-05-31","status_label":"施工中"}},{"type":"Feature","geometry":{"type":"Point","coordinates":[121.493607364235,25.034696695911784]},"properties":{"permit_id":"11404794-1","city":"taipei","city_label":"臺北市","district":"萬華","district_display":"萬華區","addr":"環河南路2段162號至276-5號間","npurp":"道路維護","app_name":"新工處","tc_na":"安宏營造有限公司","co_ti":"自9時0分至17時0分；工區24小時圍設; 依交維計畫訂定時間施工","start_date":"2026-03-26","end_date":"2026-05-31","status_label":"施工中"}},{"type":"Feature","geometry":{"type":"Point","coordinates":[121.50352660622144,25.01968120096068]},"properties":{"permit_id":"11500729","city":"taipei","city_label":"臺北市","district":"萬華","district_display":"萬華區","addr":"水源路(青年路至水源路213巷)","npurp":"道路維護","app_name":"新工處","tc_na":"稻田營造有限公司","co_ti":"自08時00分至18時00分; 依交維計畫訂定時間施工","start_date":"2026-04-15","end_date":"2026-06-27","status_label":"施工中"}},{"type":"Feature","geometry":{"type":"Point","coordinates":[121.50333000194304,25.01955832569873]},"properties":{"permit_id":"11500729","city":"taipei","city_label":"臺北市","district":"萬華","district_display":"萬華區","addr":"水源路(青年路至水源路213巷)","npurp":"道路維護","app_name":"新工處","tc_na":"稻田營造有限公司","co_ti":"自08時00分至18時00分; 依交維計畫訂定時間施工","start_date":"2026-04-15","end_date":"2026-06-27","status_label":"施工中"}},{"type":"Feature","geometry":{"type":"Point","coordinates":[121.5031232088732,25.019468608872728]},"properties":{"permit_id":"11500729","city":"taipei","city_label":"臺北市","district":"萬華","district_display":"萬華區","addr":"水源路(青年路至水源路213巷)","npurp":"道路維護","app_name":"新工處","tc_na":"稻田營造有限公司","co_ti":"自08時00分至18時00分; 依交維計畫訂定時間施工","start_date":"2026-04-15","end_date":"2026-06-27","status_label":"施工中"}},{"type":"Feature","geometry":{"type":"Point","coordinates":[121.50283710148712,25.01939601554907]},"properties":{"permit_id":"11500729","city":"taipei","city_label":"臺北市","district":"萬華","district_display":"萬華區","addr":"水源路(青年路至水源路213巷)","npurp":"道路維護","app_name":"新工處","tc_na":"稻田營造有限公司","co_ti":"自08時00分至18時00分; 依交維計畫訂定時間施工","start_date":"2026-04-15","end_date":"2026-06-27","status_label":"施工中"}},{"type":"Feature","geometry":{"type":"Point","coordinates":[121.5033120300127,25.01958786339629]},"properties":{"permit_id":"11500729","city":"taipei","city_label":"臺北市","district":"萬華","district_display":"萬華區","addr":"水源路(青年路至水源路213巷)","npurp":"道路維護","app_name":"新工處","tc_na":"稻田營造有限公司","co_ti":"自08時00分至18時00分; 依交維計畫訂定時間施工","start_date":"2026-04-15","end_date":"2026-06-27","status_label":"施工中"}},{"type":"Feature","geometry":{"type":"Point","coordinates":[121.5022237043169,25.019118090260385]},"properties":{"permit_id":"11500729","city":"taipei","city_label":"臺北市","district":"萬華","district_display":"萬華區","addr":"水源路(青年路至水源路213巷)","npurp":"道路維護","app_name":"新工處","tc_na":"稻田營造有限公司","co_ti":"自08時00分至18時00分; 依交維計畫訂定時間施工","start_date":"2026-04-15","end_date":"2026-06-27","status_label":"施工中"}},{"type":"Feature","geometry":{"type":"Point","coordinates":[121.50288332947063,25.019399994080835]},"properties":{"permit_id":"11500729","city":"taipei","city_label":"臺北市","district":"萬華","district_display":"萬華區","addr":"水源路(青年路至水源路213巷)","npurp":"道路維護","app_name":"新工處","tc_na":"稻田營造有限公司","co_ti":"自08時00分至18時00分; 依交維計畫訂定時間施工","start_date":"2026-04-15","end_date":"2026-06-27","status_label":"施工中"}},{"type":"Feature","geometry":{"type":"Point","coordinates":[121.50221339554328,25.01909268379729]},"properties":{"permit_id":"11500729","city":"taipei","city_label":"臺北市","district":"萬華","district_display":"萬華區","addr":"水源路(青年路至水源路213巷)","npurp":"道路維護","app_name":"新工處","tc_na":"稻田營造有限公司","co_ti":"自08時00分至18時00分; 依交維計畫訂定時間施工","start_date":"2026-04-15","end_date":"2026-06-27","status_label":"施工中"}},{"type":"Feature","geometry":{"type":"Point","coordinates":[121.49617004692162,25.02953677707269]},"properties":{"permit_id":"115000819","city":"taipei","city_label":"臺北市","district":"萬華","district_display":"萬華區","addr":"西園路2段133號(華江高中(西園)往北)","npurp":"市政建設(交通局-候車亭)","app_name":"公運處","tc_na":"日昌晟股份有限公司","co_ti":"臺北市易壅塞路段日間施工10時至15時30分","start_date":"2026-04-20","end_date":"2026-05-06","status_label":"施工中"}},{"type":"Feature","geometry":{"type":"Point","coordinates":[121.49617004692162,25.02953677707269]},"properties":{"permit_id":"115000819","city":"taipei","city_label":"臺北市","district":"萬華","district_display":"萬華區","addr":"西園路2段133號(華江高中(西園)往北)","npurp":"市政建設(交通局-候車亭)","app_name":"公運處","tc_na":"日昌晟股份有限公司","co_ti":"臺北市易壅塞路段日間施工10時至15時30分","start_date":"2026-04-20","end_date":"2026-05-06","status_label":"施工中"}},{"type":"Feature","geometry":{"type":"Point","coordinates":[121.4913544853248,25.03339281727229]},"properties":{"permit_id":"11500775","city":"taipei","city_label":"臺北市","district":"萬華","district_display":"萬華區","addr":"環河南路2段250巷5號至15號","npurp":"道路維護","app_name":"新工處","tc_na":"安宏營造有限公司","co_ti":"自9時0分至17時0分；工區24小時圍設; 依交維計畫訂定時間施工","start_date":"2026-04-22","end_date":"2026-05-28","status_label":"施工中"}},{"type":"Feature","geometry":{"type":"Point","coordinates":[121.4913544853248,25.03339281727229]},"properties":{"permit_id":"11500775","city":"taipei","city_label":"臺北市","district":"萬華","district_display":"萬華區","addr":"環河南路2段250巷5號至15號","npurp":"道路維護","app_name":"新工處","tc_na":"安宏營造有限公司","co_ti":"自9時0分至17時0分；工區24小時圍設; 依交維計畫訂定時間施工","start_date":"2026-04-22","end_date":"2026-05-28","status_label":"施工中"}},{"type":"Feature","geometry":{"type":"Point","coordinates":[121.4913544853248,25.03339281727229]},"properties":{"permit_id":"11500775","city":"taipei","city_label":"臺北市","district":"萬華","district_display":"萬華區","addr":"環河南路2段250巷5號至15號","npurp":"道路維護","app_name":"新工處","tc_na":"安宏營造有限公司","co_ti":"自9時0分至17時0分；工區24小時圍設; 依交維計畫訂定時間施工","start_date":"2026-04-22","end_date":"2026-05-28","status_label":"施工中"}},{"type":"Feature","geometry":{"type":"Point","coordinates":[121.4913544853248,25.03339281727229]},"properties":{"permit_id":"11500775","city":"taipei","city_label":"臺北市","district":"萬華","district_display":"萬華區","addr":"環河南路2段250巷5號至15號","npurp":"道路維護","app_name":"新工處","tc_na":"安宏營造有限公司","co_ti":"自9時0分至17時0分；工區24小時圍設; 依交維計畫訂定時間施工","start_date":"2026-04-22","end_date":"2026-05-28","status_label":"施工中"}},{"type":"Feature","geometry":{"type":"Point","coordinates":[121.4913544853248,25.03339281727229]},"properties":{"permit_id":"11500775","city":"taipei","city_label":"臺北市","district":"萬華","district_display":"萬華區","addr":"環河南路2段250巷5號至15號","npurp":"道路維護","app_name":"新工處","tc_na":"安宏營造有限公司","co_ti":"自9時0分至17時0分；工區24小時圍設; 依交維計畫訂定時間施工","start_date":"2026-04-22","end_date":"2026-05-28","status_label":"施工中"}},{"type":"Feature","geometry":{"type":"Point","coordinates":[121.4913544853248,25.03339281727229]},"properties":{"permit_id":"11500775","city":"taipei","city_label":"臺北市","district":"萬華","district_display":"萬華區","addr":"環河南路2段250巷5號至15號","npurp":"道路維護","app_name":"新工處","tc_na":"安宏營造有限公司","co_ti":"自9時0分至17時0分；工區24小時圍設; 依交維計畫訂定時間施工","start_date":"2026-04-22","end_date":"2026-05-28","status_label":"施工中"}},{"type":"Feature","geometry":{"type":"Point","coordinates":[121.49371284111903,25.029908233339796]},"properties":{"permit_id":"11500462-1","city":"taipei","city_label":"臺北市","district":"萬華","district_display":"萬華區","addr":"雙園街60巷 (西藏路至雙園街)","npurp":"道路維護","app_name":"新工處","tc_na":"華三營造股份有限公司","co_ti":"09:00-18:00; 依交維計畫訂定時間施工","start_date":"2026-05-01","end_date":"2026-05-31","status_label":"施工中"}},{"type":"Feature","geometry":{"type":"Point","coordinates":[121.49390478178309,25.030082154525108]},"properties":{"permit_id":"11500462-1","city":"taipei","city_label":"臺北市","district":"萬華","district_display":"萬華區","addr":"雙園街60巷 (西藏路至雙園街)","npurp":"道路維護","app_name":"新工處","tc_na":"華三營造股份有限公司","co_ti":"09:00-18:00; 依交維計畫訂定時間施工","start_date":"2026-05-01","end_date":"2026-05-31","status_label":"施工中"}}]}