{"type":"FeatureCollection","features":[{"type":"Feature","geometry":{"type":"Point","coordinates":[121.532496122035,25.04590943854185]},"properties":{"permit_id":"112001840","city":"taipei","city_label":"臺北市","district":"中山","district_display":"中山區","addr":"新生北路1段36號及松江路交會路口，沿新生北路1段，至新生北路2段(橋旁平面道路)與林森北路383巷交叉口旁中山DS變電所","npurp":"其他(行政院核定國家重大公共建設工程)","app_name":"台電輸變電","tc_na":"日商鹿島營造股份有限公司","co_ti":"日間施工9時至17時(專案交通維持計劃核定)","start_date":"2023-05-22","end_date":"2026-12-31","status_label":"施工中"}},{"type":"Feature","geometry":{"type":"Point","coordinates":[121.53240493496736,25.045888197287837]},"properties":{"permit_id":"112001840","city":"taipei","city_label":"臺北市","district":"中山","district_display":"中山區","addr":"新生北路1段36號及松江路交會路口，沿新生北路1段，至新生北路2段(橋旁平面道路)與林森北路383巷交叉口旁中山DS變電所","npurp":"其他(行政院核定國家重大公共建設工程)","app_name":"台電輸變電","tc_na":"日商鹿島營造股份有限公司","co_ti":"潛盾洞道日夜間24小時施工(經專案交通維持計劃核定)","start_date":"2026-01-01","end_date":"2026-12-31","status_label":"施工中"}},{"type":"Feature","geometry":{"type":"Point","coordinates":[121.55621657881152,25.084551972121805]},"properties":{"permit_id":"114003091","city":"taipei","city_label":"臺北市","district":"中山","district_display":"中山區","addr":"敬業二路(植福路至北安路口間)，北安路(敬業二路至敬業三路口間，東西向車道)，敬業三路(植福路口至121號前)","npurp":"市政建設(捷運局-捷運工程)","app_name":"捷運一工處(東區)","tc_na":"大陸工程股份有限公司","co_ti":"24小時全日施工(經專案交維核定，另交通尖峰時段(日間7時至9時、17時至19時)工程車輛不得進出工區)","start_date":"2026-01-01","end_date":"2034-09-18","status_label":"施工中"}},{"type":"Feature","geometry":{"type":"Point","coordinates":[121.52207123371682,25.06481609657905]},"properties":{"permit_id":"11500704","city":"taipei","city_label":"臺北市","district":"中山","district_display":"中山區","addr":"中山北路3段與中山北路3段36巷交叉口西北角隅斜坡道改善工程及中山北路3段與民權西路1段交叉口西北角隅斜坡道工程等2項工程、中山區民權西路35號至47號人行道更新工程、中山區新生北路1段31號前斜坡道","npurp":"道路維護","app_name":"新工處","tc_na":"安宏營造有限公司","co_ti":"自8時30分至17時00分；工區24小時圍設; 依交維計畫訂定時間施工","start_date":"2026-04-13","end_date":"2026-06-15","status_label":"施工中"}},{"type":"Feature","geometry":{"type":"Point","coordinates":[121.52230694473816,25.06291975356872]},"properties":{"permit_id":"11500704","city":"taipei","city_label":"臺北市","district":"中山","district_display":"中山區","addr":"中山北路3段與中山北路3段36巷交叉口西北角隅斜坡道改善工程及中山北路3段與民權西路1段交叉口西北角隅斜坡道工程等2項工程、中山區民權西路35號至47號人行道更新工程、中山區新生北路1段31號前斜坡道","npurp":"道路維護","app_name":"新工處","tc_na":"安宏營造有限公司","co_ti":"自8時30分至17時00分；工區24小時圍設; 依交維計畫訂定時間施工","start_date":"2026-04-13","end_date":"2026-06-15","status_label":"施工中"}},{"type":"Feature","geometry":{"type":"Point","coordinates":[121.52236863651298,25.062929476454137]},"properties":{"permit_id":"11500704","city":"taipei","city_label":"臺北市","district":"中山","district_display":"中山區","addr":"中山北路3段與中山北路3段36巷交叉口西北角隅斜坡道改善工程及中山北路3段與民權西路1段交叉口西北角隅斜坡道工程等2項工程、中山區民權西路35號至47號人行道更新工程、中山區新生北路1段31號前斜坡道","npurp":"道路維護","app_name":"新工處","tc_na":"安宏營造有限公司","co_ti":"自8時30分至17時00分；工區24小時圍設; 依交維計畫訂定時間施工","start_date":"2026-04-13","end_date":"2026-06-15","status_label":"施工中"}},{"type":"Feature","geometry":{"type":"Point","coordinates":[121.53097048106842,25.04721828241277]},"properties":{"permit_id":"11500704","city":"taipei","city_label":"臺北市","district":"中山","district_display":"中山區","addr":"中山北路3段與中山北路3段36巷交叉口西北角隅斜坡道改善工程及中山北路3段與民權西路1段交叉口西北角隅斜坡道工程等2項工程、中山區民權西路35號至47號人行道更新工程、中山區新生北路1段31號前斜坡道","npurp":"道路維護","app_name":"新工處","tc_na":"安宏營造有限公司","co_ti":"自8時30分至17時00分；工區24小時圍設; 依交維計畫訂定時間施工","start_date":"2026-04-13","end_date":"2026-06-15","status_label":"施工中"}},{"type":"Feature","geometry":{"type":"Point","coordinates":[121.52230694473816,25.06291975356872]},"properties":{"permit_id":"11500704","city":"taipei","city_label":"臺北市","district":"中山","district_display":"中山區","addr":"中山北路3段與中山北路3段36巷交叉口西北角隅斜坡道改善工程及中山北路3段與民權西路1段交叉口西北角隅斜坡道工程等2項工程、中山區民權西路35號至47號人行道更新工程、中山區新生北路1段31號前斜坡道","npurp":"道路維護","app_name":"新工處","tc_na":"安宏營造有限公司","co_ti":"自8時30分至17時00分；工區24小時圍設; 依交維計畫訂定時間施工","start_date":"2026-04-13","end_date":"2026-06-15","status_label":"施工中"}},{"type":"Feature","geometry":{"type":"Point","coordinates":[121.52236863651298,25.062929476454137]},"properties":{"permit_id":"11500704","city":"taipei","city_label":"臺北市","district":"中山","district_display":"中山區","addr":"中山北路3段與中山北路3段36巷交叉口西北角隅斜坡道改善工程及中山北路3段與民權西路1段交叉口西北角隅斜坡道工程等2項工程、中山區民權西路35號至47號人行道更新工程、中山區新生北路1段31號前斜坡道","npurp":"道路維護","app_name":"新工處","tc_na":"安宏營造有限公司","co_ti":"自8時30分至17時00分；工區24小時圍設; 依交維計畫訂定時間施工","start_date":"2026-04-13","end_date":"2026-06-15","status_label":"施工中"}},{"type":"Feature","geometry":{"type":"Point","coordinates":[121.53097048106842,25.04721828241277]},"properties":{"permit_id":"11500704","city":"taipei","city_label":"臺北市","district":"中山","district_display":"中山區","addr":"中山北路3段與中山北路3段36巷交叉口西北角隅斜坡道改善工程及中山北路3段與民權西路1段交叉口西北角隅斜坡道工程等2項工程、中山區民權西路35號至47號人行道更新工程、中山區新生北路1段31號前斜坡道","npurp":"道路維護","app_name":"新工處","tc_na":"安宏營造有限公司","co_ti":"自8時30分至17時00分；工區24小時圍設; 依交維計畫訂定時間施工","start_date":"2026-04-13","end_date":"2026-06-15","status_label":"施工中"}},{"type":"Feature","geometry":{"type":"Point","coordinates":[121.522062192798,25.06493271675968]},"properties":{"permit_id":"11500704","city":"taipei","city_label":"臺北市","district":"中山","district_display":"中山區","addr":"中山北路3段與中山北路3段36巷交叉口西北角隅斜坡道改善工程及中山北路3段與民權西路1段交叉口西北角隅斜坡道工程等2項工程、中山區民權西路35號至47號人行道更新工程、中山區新生北路1段31號前斜坡道","npurp":"道路維護","app_name":"新工處","tc_na":"安宏營造有限公司","co_ti":"自8時30分至17時00分；工區24小時圍設; 依交維計畫訂定時間施工","start_date":"2026-04-13","end_date":"2026-06-15","status_label":"施工中"}},{"type":"Feature","geometry":{"type":"Point","coordinates":[121.52086525038855,25.062998721460048]},"properties":{"permit_id":"11500704","city":"taipei","city_label":"臺北市","district":"中山","district_display":"中山區","addr":"中山北路3段與中山北路3段36巷交叉口西北角隅斜坡道改善工程及中山北路3段與民權西路1段交叉口西北角隅斜坡道工程等2項工程、中山區民權西路35號至47號人行道更新工程、中山區新生北路1段31號前斜坡道","npurp":"道路維護","app_name":"新工處","tc_na":"安宏營造有限公司","co_ti":"自8時30分至17時00分；工區24小時圍設; 依交維計畫訂定時間施工","start_date":"2026-04-13","end_date":"2026-06-15","status_label":"施工中"}},{"type":"Feature","geometry":{"type":"Point","coordinates":[121.52124076798422,25.06295984699813]},"properties":{"permit_id":"11500704","city":"taipei","city_label":"臺北市","district":"中山","district_display":"中山區","addr":"中山北路3段與中山北路3段36巷交叉口西北角隅斜坡道改善工程及中山北路3段與民權西路1段交叉口西北角隅斜坡道工程等2項工程、中山區民權西路35號至47號人行道更新工程、中山區新生北路1段31號前斜坡道","npurp":"道路維護","app_name":"新工處","tc_na":"安宏營造有限公司","co_ti":"自8時30分至17時00分；工區24小時圍設; 依交維計畫訂定時間施工","start_date":"2026-04-13","end_date":"2026-06-15","status_label":"施工中"}},{"type":"Feature","geometry":{"type":"Point","coordinates":[121.52124076798422,25.06295984699813]},"properties":{"permit_id":"11500704","city":"taipei","city_label":"臺北市","district":"中山","district_display":"中山區","addr":"中山北路3段與中山北路3段36巷交叉口西北角隅斜坡道改善工程及中山北路3段與民權西路1段交叉口西北角隅斜坡道工程等2項工程、中山區民權西路35號至47號人行道更新工程、中山區新生北路1段31號前斜坡道","npurp":"道路維護","app_name":"新工處","tc_na":"安宏營造有限公司","co_ti":"自8時30分至17時00分；工區24小時圍設; 依交維計畫訂定時間施工","start_date":"2026-04-13","end_date":"2026-06-15","status_label":"施工中"}},{"type":"Feature","geometry":{"type":"Point","coordinates":[121.52124076798422,25.06295984699813]},"properties":{"permit_id":"11500704","city":"taipei","city_label":"臺北市","district":"中山","district_display":"中山區","addr":"中山北路3段與中山北路3段36巷交叉口西北角隅斜坡道改善工程及中山北路3段與民權西路1段交叉口西北角隅斜坡道工程等2項工程、中山區民權西路35號至47號人行道更新工程、中山區新生北路1段31號前斜坡道","npurp":"道路維護","app_name":"新工處","tc_na":"安宏營造有限公司","co_ti":"自8時30分至17時00分；工區24小時圍設; 依交維計畫訂定時間施工","start_date":"2026-04-13","end_date":"2026-06-15","status_label":"施工中"}},{"type":"Feature","geometry":{"type":"Point","coordinates":[121.53106016881569,25.053242646518505]},"properties":{"permit_id":"11500828","city":"taipei","city_label":"臺北市","district":"中山","district_display":"中山區","addr":"松江路132巷17號","npurp":"道路維護","app_name":"水利處","tc_na":"安宏營造有限公司","co_ti":"自09時00分至18時00分; 依交維計畫訂定時間施工","start_date":"2026-04-18","end_date":"2026-05-08","status_label":"施工中"}},{"type":"Feature","geometry":{"type":"Point","coordinates":[121.53111341567936,25.05353373769285]},"properties":{"permit_id":"11500828","city":"taipei","city_label":"臺北市","district":"中山","district_display":"中山區","addr":"松江路132巷17號","npurp":"道路維護","app_name":"水利處","tc_na":"安宏營造有限公司","co_ti":"自09時00分至18時00分; 依交維計畫訂定時間施工","start_date":"2026-04-18","end_date":"2026-05-08","status_label":"施工中"}},{"type":"Feature","geometry":{"type":"Point","coordinates":[121.53106016881569,25.053242646518505]},"properties":{"permit_id":"11500828","city":"taipei","city_label":"臺北市","district":"中山","district_display":"中山區","addr":"松江路132巷17號","npurp":"道路維護","app_name":"水利處","tc_na":"安宏營造有限公司","co_ti":"自09時00分至18時00分; 依交維計畫訂定時間施工","start_date":"2026-04-18","end_date":"2026-05-08","status_label":"施工中"}},{"type":"Feature","geometry":{"type":"Point","coordinates":[121.53111341567936,25.05353373769285]},"properties":{"permit_id":"11500828","city":"taipei","city_label":"臺北市","district":"中山","district_display":"中山區","addr":"松江路132巷17號","npurp":"道路維護","app_name":"水利處","tc_na":"安宏營造有限公司","co_ti":"自09時00分至18時00分; 依交維計畫訂定時間施工","start_date":"2026-04-18","end_date":"2026-05-08","status_label":"施工中"}},{"type":"Feature","geometry":{"type":"Point","coordinates":[121.53105500398468,25.05324695331704]},"properties":{"permit_id":"11500828","city":"taipei","city_label":"臺北市","district":"中山","district_display":"中山區","addr":"松江路132巷17號","npurp":"道路維護","app_name":"水利處","tc_na":"安宏營造有限公司","co_ti":"自09時00分至18時00分; 依交維計畫訂定時間施工","start_date":"2026-04-18","end_date":"2026-05-08","status_label":"施工中"}},{"type":"Feature","geometry":{"type":"Point","coordinates":[121.56308359595164,25.076206290134607]},"properties":{"permit_id":"11500852","city":"taipei","city_label":"臺北市","district":"中山","district_display":"中山區","addr":"(中山、大同區)民生東路2段76號等16處零星修繕工程(設施修復)","npurp":"道路維護","app_name":"新工處","tc_na":"聖東營造股份有限公司","co_ti":"自08時00分至18時00分; 依交維計畫訂定時間施工","start_date":"2026-04-23","end_date":"2026-05-15","status_label":"施工中"}},{"type":"Feature","geometry":{"type":"Point","coordinates":[121.51319499174387,25.0768214483628]},"properties":{"permit_id":"11500852","city":"taipei","city_label":"臺北市","district":"中山","district_display":"中山區","addr":"(中山、大同區)民生東路2段76號等16處零星修繕工程(設施修復)","npurp":"道路維護","app_name":"新工處","tc_na":"聖東營造股份有限公司","co_ti":"自08時00分至18時00分; 依交維計畫訂定時間施工","start_date":"2026-04-23","end_date":"2026-05-15","status_label":"施工中"}},{"type":"Feature","geometry":{"type":"Point","coordinates":[121.51318694511976,25.07685060069159]},"properties":{"permit_id":"11500852","city":"taipei","city_label":"臺北市","district":"中山","district_display":"中山區","addr":"(中山、大同區)民生東路2段76號等16處零星修繕工程(設施修復)","npurp":"道路維護","app_name":"新工處","tc_na":"聖東營造股份有限公司","co_ti":"自08時00分至18時00分; 依交維計畫訂定時間施工","start_date":"2026-04-23","end_date":"2026-05-15","status_label":"施工中"}},{"type":"Feature","geometry":{"type":"Point","coordinates":[121.51315744461772,25.07685059434903]},"properties":{"permit_id":"11500852","city":"taipei","city_label":"臺北市","district":"中山","district_display":"中山區","addr":"(中山、大同區)民生東路2段76號等16處零星修繕工程(設施修復)","npurp":"道路維護","app_name":"新工處","tc_na":"聖東營造股份有限公司","co_ti":"自08時00分至18時00分; 依交維計畫訂定時間施工","start_date":"2026-04-23","end_date":"2026-05-15","status_label":"施工中"}},{"type":"Feature","geometry":{"type":"Point","coordinates":[121.5350064645983,25.06223984990036]},"properties":{"permit_id":"11500852","city":"taipei","city_label":"臺北市","district":"中山","district_display":"中山區","addr":"(中山、大同區)民生東路2段76號等16處零星修繕工程(設施修復)","npurp":"道路維護","app_name":"新工處","tc_na":"聖東營造股份有限公司","co_ti":"自08時00分至18時00分; 依交維計畫訂定時間施工","start_date":"2026-04-23","end_date":"2026-05-15","status_label":"施工中"}},{"type":"Feature","geometry":{"type":"Point","coordinates":[121.53036345651682,25.057869816622382]},"properties":{"permit_id":"11500852","city":"taipei","city_label":"臺北市","district":"中山","district_display":"中山區","addr":"(中山、大同區)民生東路2段76號等16處零星修繕工程(設施修復)","npurp":"道路維護","app_name":"新工處","tc_na":"聖東營造股份有限公司","co_ti":"自08時00分至18時00分; 依交維計畫訂定時間施工","start_date":"2026-04-23","end_date":"2026-05-15","status_label":"施工中"}},{"type":"Feature","geometry":{"type":"Point","coordinates":[121.53298950209444,25.06063332017533]},"properties":{"permit_id":"11500852","city":"taipei","city_label":"臺北市","district":"中山","district_display":"中山區","addr":"(中山、大同區)民生東路2段76號等16處零星修繕工程(設施修復)","npurp":"道路維護","app_name":"新工處","tc_na":"聖東營造股份有限公司","co_ti":"自08時00分至18時00分; 依交維計畫訂定時間施工","start_date":"2026-04-23","end_date":"2026-05-15","status_label":"施工中"}},{"type":"Feature","geometry":{"type":"Point","coordinates":[121.53792274396136,25.059549968829767]},"properties":{"permit_id":"11500852","city":"taipei","city_label":"臺北市","district":"中山","district_display":"中山區","addr":"(中山、大同區)民生東路2段76號等16處零星修繕工程(設施修復)","npurp":"道路維護","app_name":"新工處","tc_na":"聖東營造股份有限公司","co_ti":"自08時00分至18時00分; 依交維計畫訂定時間施工","start_date":"2026-04-23","end_date":"2026-05-15","status_label":"施工中"}},{"type":"Feature","geometry":{"type":"Point","coordinates":[121.53957252581095,25.06562702836858]},"properties":{"permit_id":"11500852","city":"taipei","city_label":"臺北市","district":"中山","district_display":"中山區","addr":"(中山、大同區)民生東路2段76號等16處零星修繕工程(設施修復)","npurp":"道路維護","app_name":"新工處","tc_na":"聖東營造股份有限公司","co_ti":"自08時00分至18時00分; 依交維計畫訂定時間施工","start_date":"2026-04-23","end_date":"2026-05-15","status_label":"施工中"}},{"type":"Feature","geometry":{"type":"Point","coordinates":[121.53792274396136,25.059549968829767]},"properties":{"permit_id":"11500852","city":"taipei","city_label":"臺北市","district":"中山","district_display":"中山區","addr":"(中山、大同區)民生東路2段76號等16處零星修繕工程(設施修復)","npurp":"道路維護","app_name":"新工處","tc_na":"聖東營造股份有限公司","co_ti":"自08時00分至18時00分; 依交維計畫訂定時間施工","start_date":"2026-04-23","end_date":"2026-05-15","status_label":"施工中"}},{"type":"Feature","geometry":{"type":"Point","coordinates":[121.53792475220344,25.05956272722285]},"properties":{"permit_id":"11500852","city":"taipei","city_label":"臺北市","district":"中山","district_display":"中山區","addr":"(中山、大同區)民生東路2段76號等16處零星修繕工程(設施修復)","npurp":"道路維護","app_name":"新工處","tc_na":"聖東營造股份有限公司","co_ti":"自08時00分至18時00分; 依交維計畫訂定時間施工","start_date":"2026-04-23","end_date":"2026-05-15","status_label":"施工中"}},{"type":"Feature","geometry":{"type":"Point","coordinates":[121.5421989125974,25.047692352063653]},"properties":{"permit_id":"11500852","city":"taipei","city_label":"臺北市","district":"中山","district_display":"中山區","addr":"(中山、大同區)民生東路2段76號等16處零星修繕工程(設施修復)","npurp":"道路維護","app_name":"新工處","tc_na":"聖東營造股份有限公司","co_ti":"自08時00分至18時00分; 依交維計畫訂定時間施工","start_date":"2026-04-23","end_date":"2026-05-15","status_label":"施工中"}},{"type":"Feature","geometry":{"type":"Point","coordinates":[121.53829496312112,25.05000570908429]},"properties":{"permit_id":"11500852","city":"taipei","city_label":"臺北市","district":"中山","district_display":"中山區","addr":"(中山、大同區)民生東路2段76號等16處零星修繕工程(設施修復)","npurp":"道路維護","app_name":"新工處","tc_na":"聖東營造股份有限公司","co_ti":"自08時00分至18時00分; 依交維計畫訂定時間施工","start_date":"2026-04-23","end_date":"2026-05-15","status_label":"施工中"}},{"type":"Feature","geometry":{"type":"Point","coordinates":[121.53298591105812,25.0580847121845]},"properties":{"permit_id":"11500852","city":"taipei","city_label":"臺北市","district":"中山","district_display":"中山區","addr":"(中山、大同區)民生東路2段76號等16處零星修繕工程(設施修復)","npurp":"道路維護","app_name":"新工處","tc_na":"聖東營造股份有限公司","co_ti":"自08時00分至18時00分; 依交維計畫訂定時間施工","start_date":"2026-04-23","end_date":"2026-05-15","status_label":"施工中"}},{"type":"Feature","geometry":{"type":"Point","coordinates":[121.53314869478363,25.05010991832066]},"properties":{"permit_id":"11500892","city":"taipei","city_label":"臺北市","district":"中山","district_display":"中山區","addr":"中山區松江路（松江路77巷至南京東路2段）、南京東路2段（南京東路2段214巷至復興北路）、復興北路（南京東路3段至朱崙街）斜坡道改善工程","npurp":"道路維護","app_name":"新工處","tc_na":"安宏營造有限公司","co_ti":"自8時30分至17時00分；工區24小時圍設; 依交維計畫訂定時間施工","start_date":"2026-04-23","end_date":"2026-05-22","status_label":"施工中"}},{"type":"Feature","geometry":{"type":"Point","coordinates":[121.53314869478363,25.05010991832066]},"properties":{"permit_id":"11500892","city":"taipei","city_label":"臺北市","district":"中山","district_display":"中山區","addr":"中山區松江路（松江路77巷至南京東路2段）、南京東路2段（南京東路2段214巷至復興北路）、復興北路（南京東路3段至朱崙街）斜坡道改善工程","npurp":"道路維護","app_name":"新工處","tc_na":"安宏營造有限公司","co_ti":"自8時30分至17時00分；工區24小時圍設; 依交維計畫訂定時間施工","start_date":"2026-04-23","end_date":"2026-05-22","status_label":"施工中"}},{"type":"Feature","geometry":{"type":"Point","coordinates":[121.53314869478363,25.05010991832066]},"properties":{"permit_id":"11500892","city":"taipei","city_label":"臺北市","district":"中山","district_display":"中山區","addr":"中山區松江路（松江路77巷至南京東路2段）、南京東路2段（南京東路2段214巷至復興北路）、復興北路（南京東路3段至朱崙街）斜坡道改善工程","npurp":"道路維護","app_name":"新工處","tc_na":"安宏營造有限公司","co_ti":"自8時30分至17時00分；工區24小時圍設; 依交維計畫訂定時間施工","start_date":"2026-04-23","end_date":"2026-05-22","status_label":"施工中"}},{"type":"Feature","geometry":{"type":"Point","coordinates":[121.53631425781556,25.07266737279933]},"properties":{"permit_id":"115000882","city":"taipei","city_label":"臺北市","district":"中山","district_display":"中山區","addr":"濱江街142號對面一帶","npurp":"市政建設(衛工處-污水管線)","app_name":"衛工處","tc_na":"翔益營造有限公司","co_ti":"日間施工9時30分至16時(人行道側臨時工作井採24小時圍設工程圍籬，施工車輛、機具及材料不得於交通尖峰時段進出工區)","start_date":"2026-04-27","end_date":"2026-07-15","status_label":"施工中"}},{"type":"Feature","geometry":{"type":"Point","coordinates":[121.53631475132468,25.07265550817286]},"properties":{"permit_id":"115000882","city":"taipei","city_label":"臺北市","district":"中山","district_display":"中山區","addr":"濱江街142號對面一帶","npurp":"市政建設(衛工處-污水管線)","app_name":"衛工處","tc_na":"翔益營造有限公司","co_ti":"日間施工9時30分至16時(人行道側臨時工作井採24小時圍設工程圍籬，施工車輛、機具及材料不得於交通尖峰時段進出工區)","start_date":"2026-04-27","end_date":"2026-07-15","status_label":"施工中"}},{"type":"Feature","geometry":{"type":"Point","coordinates":[121.5363147537575,25.07268337772101]},"properties":{"permit_id":"115000882","city":"taipei","city_label":"臺北市","district":"中山","district_display":"中山區","addr":"濱江街142號對面一帶","npurp":"市政建設(衛工處-污水管線)","app_name":"衛工處","tc_na":"翔益營造有限公司","co_ti":"日間施工9時30分至16時(人行道側臨時工作井採24小時圍設工程圍籬，施工車輛、機具及材料不得於交通尖峰時段進出工區)","start_date":"2026-04-27","end_date":"2026-07-15","status_label":"施工中"}},{"type":"Feature","geometry":{"type":"Point","coordinates":[121.52424818857908,25.065783321231603]},"properties":{"permit_id":"11500893","city":"taipei","city_label":"臺北市","district":"中山","district_display":"中山區","addr":"中山區雙城街(德惠街至農安街)雙號側人行道鋪面更新工程","npurp":"道路維護","app_name":"新工處","tc_na":"安宏營造有限公司","co_ti":"自8時30分至17時00分；工區24小時圍設; 依交維計畫訂定時間施工","start_date":"2026-04-27","end_date":"2026-06-05","status_label":"施工中"}},{"type":"Feature","geometry":{"type":"Point","coordinates":[121.52426763853772,25.066620018139886]},"properties":{"permit_id":"11500893","city":"taipei","city_label":"臺北市","district":"中山","district_display":"中山區","addr":"中山區雙城街(德惠街至農安街)雙號側人行道鋪面更新工程","npurp":"道路維護","app_name":"新工處","tc_na":"安宏營造有限公司","co_ti":"自8時30分至17時00分；工區24小時圍設; 依交維計畫訂定時間施工","start_date":"2026-04-27","end_date":"2026-06-05","status_label":"施工中"}},{"type":"Feature","geometry":{"type":"Point","coordinates":[121.52424014779837,25.06546140000898]},"properties":{"permit_id":"11500893","city":"taipei","city_label":"臺北市","district":"中山","district_display":"中山區","addr":"中山區雙城街(德惠街至農安街)雙號側人行道鋪面更新工程","npurp":"道路維護","app_name":"新工處","tc_na":"安宏營造有限公司","co_ti":"自8時30分至17時00分；工區24小時圍設; 依交維計畫訂定時間施工","start_date":"2026-04-27","end_date":"2026-06-05","status_label":"施工中"}},{"type":"Feature","geometry":{"type":"Point","coordinates":[121.52424818857908,25.065783321231603]},"properties":{"permit_id":"11500893","city":"taipei","city_label":"臺北市","district":"中山","district_display":"中山區","addr":"中山區雙城街(德惠街至農安街)雙號側人行道鋪面更新工程","npurp":"道路維護","app_name":"新工處","tc_na":"安宏營造有限公司","co_ti":"自8時30分至17時00分；工區24小時圍設; 依交維計畫訂定時間施工","start_date":"2026-04-27","end_date":"2026-06-05","status_label":"施工中"}},{"type":"Feature","geometry":{"type":"Point","coordinates":[121.53785742886824,25.059572874849085]},"properties":{"permit_id":"11500969","city":"taipei","city_label":"臺北市","district":"中山","district_display":"中山區","addr":"合江街130巷27號前","npurp":"道路維護","app_name":"水利處","tc_na":"安宏營造有限公司","co_ti":"自9時00分至18時00分; 依交維計畫訂定時間施工","start_date":"2026-04-29","end_date":"2026-05-05","status_label":"施工中"}},{"type":"Feature","geometry":{"type":"Point","coordinates":[121.51974293108722,25.02663180872807]},"properties":{"permit_id":"99015156","city":"taipei","city_label":"臺北市","district":"中正","district_display":"中正區","addr":"全市APP測試","npurp":"16","app_name":"新工處","tc_na":"鉅騰營造股份有限公司","co_ti":"日間施工9時至17時","start_date":"2010-08-17","end_date":"2110-12-31","status_label":"施工中"}},{"type":"Feature","geometry":{"type":"Point","coordinates":[121.54107708649128,25.02225831013524]},"properties":{"permit_id":"99015156","city":"taipei","city_label":"臺北市","district":"中正","district_display":"中正區","addr":"全市APP測試","npurp":"16","app_name":"新工處","tc_na":"鉅騰營造股份有限公司","co_ti":"日間施工9時至17時","start_date":"2010-08-17","end_date":"2110-12-31","status_label":"施工中"}},{"type":"Feature","geometry":{"type":"Point","coordinates":[121.5745340583874,25.03213586187073]},"properties":{"permit_id":"99015156","city":"taipei","city_label":"臺北市","district":"中正","district_display":"中正區","addr":"全市APP測試","npurp":"16","app_name":"新工處","tc_na":"鉅騰營造股份有限公司","co_ti":"日間施工9時至17時","start_date":"2010-08-17","end_date":"2110-12-31","status_label":"施工中"}},{"type":"Feature","geometry":{"type":"Point","coordinates":[121.5745340583874,25.03213586187073]},"properties":{"permit_id":"99015156","city":"taipei","city_label":"臺北市","district":"中正","district_display":"中正區","addr":"全市APP測試","npurp":"16","app_name":"新工處","tc_na":"鉅騰營造股份有限公司","co_ti":"日間施工9時至17時","start_date":"2010-08-17","end_date":"2110-12-31","status_label":"施工中"}},{"type":"Feature","geometry":{"type":"Point","coordinates":[121.51972318992816,25.02664993397267]},"properties":{"permit_id":"99015156","city":"taipei","city_label":"臺北市","district":"中正","district_display":"中正區","addr":"全市APP測試","npurp":"16","app_name":"新工處","tc_na":"鉅騰營造股份有限公司","co_ti":"日間施工9時至17時","start_date":"2010-08-17","end_date":"2110-12-31","status_label":"施工中"}},{"type":"Feature","geometry":{"type":"Point","coordinates":[121.51974293108722,25.02663180872807]},"properties":{"permit_id":"99015156","city":"taipei","city_label":"臺北市","district":"中正","district_display":"中正區","addr":"全市APP測試","npurp":"16","app_name":"新工處","tc_na":"鉅騰營造股份有限公司","co_ti":"日間施工9時至17時","start_date":"2010-08-17","end_date":"2110-12-31","status_label":"施工中"}},{"type":"Feature","geometry":{"type":"Point","coordinates":[121.57452440169418,25.032190067502484]},"properties":{"permit_id":"10100034","city":"taipei","city_label":"臺北市","district":"中正","district_display":"中正區","addr":"全區道路APP測試","npurp":"道路維護","app_name":"新工處","tc_na":"測試營造股份有限公司","co_ti":"; 依交維計畫訂定時間施工","start_date":"2012-07-25","end_date":"2034-12-31","status_label":"施工中"}},{"type":"Feature","geometry":{"type":"Point","coordinates":[121.50975252710975,25.030598501742396]},"properties":{"permit_id":"104003395","city":"taipei","city_label":"臺北市","district":"中正","district_display":"中正區","addr":"南海路南海路牯嶺街口至和平西路(含路口)穿越平房至西藏路惠安街","npurp":"市政建設(捷運局-捷運工程)","app_name":"捷運二工處(南區)","tc_na":"大陸工程股份有限公司","co_ti":"依交維計畫訂定時間施工","start_date":"2015-05-12","end_date":"2026-07-15","status_label":"施工中"}},{"type":"Feature","geometry":{"type":"Point","coordinates":[121.5097461061183,25.0305985237644]},"properties":{"permit_id":"104003395","city":"taipei","city_label":"臺北市","district":"中正","district_display":"中正區","addr":"南海路南海路牯嶺街口至和平西路(含路口)穿越平房至西藏路惠安街","npurp":"市政建設(捷運局-捷運工程)","app_name":"捷運二工處(南區)","tc_na":"大陸工程股份有限公司","co_ti":"依交維計畫訂定時間施工","start_date":"2015-05-12","end_date":"2026-07-15","status_label":"施工中"}},{"type":"Feature","geometry":{"type":"Point","coordinates":[121.5097461061183,25.0305985237644]},"properties":{"permit_id":"104003395","city":"taipei","city_label":"臺北市","district":"中正","district_display":"中正區","addr":"南海路南海路牯嶺街口至和平西路(含路口)穿越平房至西藏路惠安街","npurp":"市政建設(捷運局-捷運工程)","app_name":"捷運二工處(南區)","tc_na":"大陸工程股份有限公司","co_ti":"依交維計畫訂定時間施工","start_date":"2015-05-12","end_date":"2026-07-15","status_label":"施工中"}},{"type":"Feature","geometry":{"type":"Point","coordinates":[121.510488581695,25.03010477382868]},"properties":{"permit_id":"104003395","city":"taipei","city_label":"臺北市","district":"中正","district_display":"中正區","addr":"南海路南海路牯嶺街口至和平西路(含路口)穿越平房至西藏路惠安街","npurp":"市政建設(捷運局-捷運工程)","app_name":"捷運二工處(南區)","tc_na":"大陸工程股份有限公司","co_ti":"依交維計畫訂定時間施工","start_date":"2015-05-12","end_date":"2026-07-15","status_label":"施工中"}},{"type":"Feature","geometry":{"type":"Point","coordinates":[121.51483587520542,25.032106911387565]},"properties":{"permit_id":"106001039","city":"taipei","city_label":"臺北市","district":"中正","district_display":"中正區","addr":"南海路南海路:從羅斯福路至重慶南路口；南昌路:從南昌路一段51巷至南海路口；南海路至南昌路一段10巷邊10-2菸酒公司大門；牿嶺街:南海路至牿嶺街5巷口；重慶南路二段19巷:南海路至重慶南路二段19巷6號前。","npurp":"市政建設(捷運局-捷運工程)","app_name":"捷運二工處(南區)","tc_na":"大陸工程股份有限公司","co_ti":"依交維計畫訂定時段施工，避開日間7時至9時及夜間17時至19時","start_date":"2017-03-10","end_date":"2026-09-19","status_label":"施工中"}},{"type":"Feature","geometry":{"type":"Point","coordinates":[121.51494418972182,25.032163196545078]},"properties":{"permit_id":"106001039","city":"taipei","city_label":"臺北市","district":"中正","district_display":"中正區","addr":"南海路南海路:從羅斯福路至重慶南路口；南昌路:從南昌路一段51巷至南海路口；南海路至南昌路一段10巷邊10-2菸酒公司大門；牿嶺街:南海路至牿嶺街5巷口；重慶南路二段19巷:南海路至重慶南路二段19巷6號前。","npurp":"市政建設(捷運局-捷運工程)","app_name":"捷運二工處(南區)","tc_na":"大陸工程股份有限公司","co_ti":"依交維計畫訂定時段施工，避開日間7時至9時及夜間17時至19時","start_date":"2017-03-10","end_date":"2026-09-19","status_label":"施工中"}},{"type":"Feature","geometry":{"type":"Point","coordinates":[121.51494418972182,25.032163196545078]},"properties":{"permit_id":"106001039","city":"taipei","city_label":"臺北市","district":"中正","district_display":"中正區","addr":"南海路南海路:從羅斯福路至重慶南路口；南昌路:從南昌路一段51巷至南海路口；南海路至南昌路一段10巷邊10-2菸酒公司大門；牿嶺街:南海路至牿嶺街5巷口；重慶南路二段19巷:南海路至重慶南路二段19巷6號前。","npurp":"市政建設(捷運局-捷運工程)","app_name":"捷運二工處(南區)","tc_na":"大陸工程股份有限公司","co_ti":"依交維計畫訂定時段施工，避開日間7時至9時及夜間17時至19時","start_date":"2017-03-10","end_date":"2026-09-19","status_label":"施工中"}},{"type":"Feature","geometry":{"type":"Point","coordinates":[121.5003338409416,25.02637974015953]},"properties":{"permit_id":"106001240-1","city":"taipei","city_label":"臺北市","district":"中正","district_display":"中正區","addr":"西藏路西藏路段:從汀洲路一段路口至西藏路182旁(莒光路153巷口)。中華路二段315巷段:從西藏路口至中華路二段303巷口。萬大路段:從萬大路與西藏路口至萬大路322巷口。","npurp":"市政建設(捷運局-捷運工程)","app_name":"捷運二工處(南區)","tc_na":"大陸工程股份有限公司","co_ti":"依交維計畫訂定時間施工(避開上下午尖峰時段7-9、17-19)","start_date":"2017-04-05","end_date":"2026-09-19","status_label":"施工中"}},{"type":"Feature","geometry":{"type":"Point","coordinates":[121.50424768706004,25.030024141361466]},"properties":{"permit_id":"106001240-1","city":"taipei","city_label":"臺北市","district":"中正","district_display":"中正區","addr":"西藏路西藏路段:從汀洲路一段路口至西藏路182旁(莒光路153巷口)。中華路二段315巷段:從西藏路口至中華路二段303巷口。萬大路段:從萬大路與西藏路口至萬大路322巷口。","npurp":"市政建設(捷運局-捷運工程)","app_name":"捷運二工處(南區)","tc_na":"大陸工程股份有限公司","co_ti":"依交維計畫訂定時間施工(避開上下午尖峰時段7-9、17-19)","start_date":"2017-04-05","end_date":"2026-09-19","status_label":"施工中"}},{"type":"Feature","geometry":{"type":"Point","coordinates":[121.51622457864056,25.032461972724946]},"properties":{"permit_id":"106001039","city":"taipei","city_label":"臺北市","district":"中正","district_display":"中正區","addr":"南海路南海路:從羅斯福路至重慶南路口；南昌路:從南昌路一段51巷至南海路口；南海路至南昌路一段10巷邊10-2菸酒公司大門；牿嶺街:南海路至牿嶺街5巷口；重慶南路二段19巷:南海路至重慶南路二段19巷6號前。","npurp":"市政建設(捷運局-捷運工程)","app_name":"捷運二工處(南區)","tc_na":"大陸工程股份有限公司","co_ti":"依交維計畫訂定時段施工，避開日間7時至9時及夜間17時至19時","start_date":"2025-02-01","end_date":"2026-09-19","status_label":"施工中"}},{"type":"Feature","geometry":{"type":"Point","coordinates":[121.50429348486236,25.029917038867808]},"properties":{"permit_id":"106001240-1","city":"taipei","city_label":"臺北市","district":"中正","district_display":"中正區","addr":"西藏路西藏路段:從汀洲路一段路口至西藏路182旁(莒光路153巷口)。中華路二段315巷段:從西藏路口至中華路二段303巷口。萬大路段:從萬大路與西藏路口至萬大路322巷口。","npurp":"市政建設(捷運局-捷運工程)","app_name":"捷運二工處(南區)","tc_na":"大陸工程股份有限公司","co_ti":"依交維計畫訂定時間施工(避開上下午尖峰時段7-9、17-19)","start_date":"2025-02-20","end_date":"2026-09-19","status_label":"施工中"}},{"type":"Feature","geometry":{"type":"Point","coordinates":[121.5167710025086,25.02299798983873]},"properties":{"permit_id":"11302033-1","city":"taipei","city_label":"臺北市","district":"中正","district_display":"中正區","addr":"重慶南路3段道路、水源路及中正橋","npurp":"道路維護","app_name":"新工處","tc_na":"春原營造股份有限公司","co_ti":"自00時00分至23時59分","start_date":"2025-12-01","end_date":"2026-05-15","status_label":"施工中"}},{"type":"Feature","geometry":{"type":"Point","coordinates":[121.50418917912069,25.030010797664414]},"properties":{"permit_id":"115000657","city":"taipei","city_label":"臺北市","district":"中正","district_display":"中正區","addr":"西藏路與中華路2段口","npurp":"市政建設(自來水-計畫性汰管)","app_name":"自來水工總","tc_na":"桓展企業有限公司","co_ti":"(推進、斷管、連絡)夜間施工0時至24時，日間施工9時30分至16時","start_date":"2026-04-02","end_date":"2026-06-06","status_label":"施工中"}},{"type":"Feature","geometry":{"type":"Point","coordinates":[121.50418917912069,25.030010797664414]},"properties":{"permit_id":"115000657","city":"taipei","city_label":"臺北市","district":"中正","district_display":"中正區","addr":"西藏路與中華路2段口","npurp":"市政建設(自來水-計畫性汰管)","app_name":"自來水工總","tc_na":"桓展企業有限公司","co_ti":"(推進、斷管、連絡)夜間施工0時至24時，日間施工9時30分至16時","start_date":"2026-04-02","end_date":"2026-06-06","status_label":"施工中"}},{"type":"Feature","geometry":{"type":"Point","coordinates":[121.50418917912069,25.030010797664414]},"properties":{"permit_id":"115000657","city":"taipei","city_label":"臺北市","district":"中正","district_display":"中正區","addr":"西藏路與中華路2段口","npurp":"市政建設(自來水-計畫性汰管)","app_name":"自來水工總","tc_na":"桓展企業有限公司","co_ti":"(推進、斷管、連絡)夜間施工0時至24時，日間施工9時30分至16時","start_date":"2026-04-02","end_date":"2026-06-06","status_label":"施工中"}},{"type":"Feature","geometry":{"type":"Point","coordinates":[121.50418917912069,25.030010797664414]},"properties":{"permit_id":"115000657","city":"taipei","city_label":"臺北市","district":"中正","district_display":"中正區","addr":"西藏路與中華路2段口","npurp":"市政建設(自來水-計畫性汰管)","app_name":"自來水工總","tc_na":"桓展企業有限公司","co_ti":"(推進、斷管、連絡)夜間施工0時至24時，日間施工9時30分至16時","start_date":"2026-04-02","end_date":"2026-06-06","status_label":"施工中"}},{"type":"Feature","geometry":{"type":"Point","coordinates":[121.50418917912069,25.030010797664414]},"properties":{"permit_id":"115000657","city":"taipei","city_label":"臺北市","district":"中正","district_display":"中正區","addr":"西藏路與中華路2段口","npurp":"市政建設(自來水-計畫性汰管)","app_name":"自來水工總","tc_na":"桓展企業有限公司","co_ti":"(推進、斷管、連絡)夜間施工0時至24時，日間施工9時30分至16時","start_date":"2026-04-02","end_date":"2026-06-06","status_label":"施工中"}},{"type":"Feature","geometry":{"type":"Point","coordinates":[121.50448223320278,25.01982914653281]},"properties":{"permit_id":"11403924-1","city":"taipei","city_label":"臺北市","district":"中正","district_display":"中正區","addr":"水源快速道路(華中橋至師大路)南側人行道","npurp":"道路維護","app_name":"新工處","tc_na":"晉德營造有限公司","co_ti":"每日夜間0時至6時及日間10時至16時; 依交維計畫訂定時間施工","start_date":"2026-04-19","end_date":"2026-05-31","status_label":"施工中"}},{"type":"Feature","geometry":{"type":"Point","coordinates":[121.50448223320278,25.01982914653281]},"properties":{"permit_id":"11403924-1","city":"taipei","city_label":"臺北市","district":"中正","district_display":"中正區","addr":"水源快速道路(華中橋至師大路)南側人行道","npurp":"道路維護","app_name":"新工處","tc_na":"晉德營造有限公司","co_ti":"每日夜間0時至6時及日間10時至16時; 依交維計畫訂定時間施工","start_date":"2026-04-19","end_date":"2026-05-31","status_label":"施工中"}},{"type":"Feature","geometry":{"type":"Point","coordinates":[121.50461500056376,25.01992299480936]},"properties":{"permit_id":"11403924-1","city":"taipei","city_label":"臺北市","district":"中正","district_display":"中正區","addr":"水源快速道路(華中橋至師大路)南側人行道","npurp":"道路維護","app_name":"新工處","tc_na":"晉德營造有限公司","co_ti":"每日夜間0時至6時及日間10時至16時; 依交維計畫訂定時間施工","start_date":"2026-04-19","end_date":"2026-05-31","status_label":"施工中"}},{"type":"Feature","geometry":{"type":"Point","coordinates":[121.50448223320278,25.01982914653281]},"properties":{"permit_id":"11403924-1","city":"taipei","city_label":"臺北市","district":"中正","district_display":"中正區","addr":"水源快速道路(華中橋至師大路)南側人行道","npurp":"道路維護","app_name":"新工處","tc_na":"晉德營造有限公司","co_ti":"每日夜間0時至6時及日間10時至16時; 依交維計畫訂定時間施工","start_date":"2026-04-19","end_date":"2026-05-31","status_label":"施工中"}},{"type":"Feature","geometry":{"type":"Point","coordinates":[121.50448223320278,25.01982914653281]},"properties":{"permit_id":"11403924-1","city":"taipei","city_label":"臺北市","district":"中正","district_display":"中正區","addr":"水源快速道路(華中橋至師大路)南側人行道","npurp":"道路維護","app_name":"新工處","tc_na":"晉德營造有限公司","co_ti":"每日夜間0時至6時及日間10時至16時; 依交維計畫訂定時間施工","start_date":"2026-04-19","end_date":"2026-05-31","status_label":"施工中"}},{"type":"Feature","geometry":{"type":"Point","coordinates":[121.5046010021032,25.01993799290737]},"properties":{"permit_id":"11403924-1","city":"taipei","city_label":"臺北市","district":"中正","district_display":"中正區","addr":"水源快速道路(華中橋至師大路)南側人行道","npurp":"道路維護","app_name":"新工處","tc_na":"晉德營造有限公司","co_ti":"每日夜間0時至6時及日間10時至16時; 依交維計畫訂定時間施工","start_date":"2026-04-19","end_date":"2026-05-31","status_label":"施工中"}},{"type":"Feature","geometry":{"type":"Point","coordinates":[121.51312776342384,25.03510748710256]},"properties":{"permit_id":"11500743","city":"taipei","city_label":"臺北市","district":"中正","district_display":"中正區","addr":"愛國西路(博愛路至公園路)南側快車道積水改善工程","npurp":"道路維護","app_name":"新工處","tc_na":"鋐城營造有限公司","co_ti":"每日施工時間9時至16時；工區24小時圍設; 依交維計畫訂定時間施工","start_date":"2026-04-20","end_date":"2026-05-26","status_label":"施工中"}},{"type":"Feature","geometry":{"type":"Point","coordinates":[121.514565425945,25.03491307032752]},"properties":{"permit_id":"11500743","city":"taipei","city_label":"臺北市","district":"中正","district_display":"中正區","addr":"愛國西路(博愛路至公園路)南側快車道積水改善工程","npurp":"道路維護","app_name":"新工處","tc_na":"鋐城營造有限公司","co_ti":"每日施工時間9時至16時；工區24小時圍設; 依交維計畫訂定時間施工","start_date":"2026-04-20","end_date":"2026-05-26","status_label":"施工中"}},{"type":"Feature","geometry":{"type":"Point","coordinates":[121.514565425945,25.03491307032752]},"properties":{"permit_id":"11500743","city":"taipei","city_label":"臺北市","district":"中正","district_display":"中正區","addr":"愛國西路(博愛路至公園路)南側快車道積水改善工程","npurp":"道路維護","app_name":"新工處","tc_na":"鋐城營造有限公司","co_ti":"每日施工時間9時至16時；工區24小時圍設; 依交維計畫訂定時間施工","start_date":"2026-04-20","end_date":"2026-05-26","status_label":"施工中"}},{"type":"Feature","geometry":{"type":"Point","coordinates":[121.514565425945,25.03491307032752]},"properties":{"permit_id":"11500743","city":"taipei","city_label":"臺北市","district":"中正","district_display":"中正區","addr":"愛國西路(博愛路至公園路)南側快車道積水改善工程","npurp":"道路維護","app_name":"新工處","tc_na":"鋐城營造有限公司","co_ti":"每日施工時間9時至16時；工區24小時圍設; 依交維計畫訂定時間施工","start_date":"2026-04-20","end_date":"2026-05-26","status_label":"施工中"}},{"type":"Feature","geometry":{"type":"Point","coordinates":[121.514565425945,25.03491307032752]},"properties":{"permit_id":"11500743","city":"taipei","city_label":"臺北市","district":"中正","district_display":"中正區","addr":"愛國西路(博愛路至公園路)南側快車道積水改善工程","npurp":"道路維護","app_name":"新工處","tc_na":"鋐城營造有限公司","co_ti":"每日施工時間9時至16時；工區24小時圍設; 依交維計畫訂定時間施工","start_date":"2026-04-20","end_date":"2026-05-26","status_label":"施工中"}},{"type":"Feature","geometry":{"type":"Point","coordinates":[121.5138921872582,25.0349956958822]},"properties":{"permit_id":"11500743","city":"taipei","city_label":"臺北市","district":"中正","district_display":"中正區","addr":"愛國西路(博愛路至公園路)南側快車道積水改善工程","npurp":"道路維護","app_name":"新工處","tc_na":"鋐城營造有限公司","co_ti":"每日施工時間9時至16時；工區24小時圍設; 依交維計畫訂定時間施工","start_date":"2026-04-20","end_date":"2026-05-26","status_label":"施工中"}},{"type":"Feature","geometry":{"type":"Point","coordinates":[121.51217423326632,25.03518039219572]},"properties":{"permit_id":"11500743","city":"taipei","city_label":"臺北市","district":"中正","district_display":"中正區","addr":"愛國西路(博愛路至公園路)南側快車道積水改善工程","npurp":"道路維護","app_name":"新工處","tc_na":"鋐城營造有限公司","co_ti":"每日施工時間9時至16時；工區24小時圍設; 依交維計畫訂定時間施工","start_date":"2026-04-20","end_date":"2026-05-26","status_label":"施工中"}},{"type":"Feature","geometry":{"type":"Point","coordinates":[121.512682516636,25.03515852492447]},"properties":{"permit_id":"11500743","city":"taipei","city_label":"臺北市","district":"中正","district_display":"中正區","addr":"愛國西路(博愛路至公園路)南側快車道積水改善工程","npurp":"道路維護","app_name":"新工處","tc_na":"鋐城營造有限公司","co_ti":"每日施工時間9時至16時；工區24小時圍設; 依交維計畫訂定時間施工","start_date":"2026-04-20","end_date":"2026-05-26","status_label":"施工中"}},{"type":"Feature","geometry":{"type":"Point","coordinates":[121.512682516636,25.03515852492447]},"properties":{"permit_id":"11500743","city":"taipei","city_label":"臺北市","district":"中正","district_display":"中正區","addr":"愛國西路(博愛路至公園路)南側快車道積水改善工程","npurp":"道路維護","app_name":"新工處","tc_na":"鋐城營造有限公司","co_ti":"每日施工時間9時至16時；工區24小時圍設; 依交維計畫訂定時間施工","start_date":"2026-04-20","end_date":"2026-05-26","status_label":"施工中"}},{"type":"Feature","geometry":{"type":"Point","coordinates":[121.512682516636,25.03515852492447]},"properties":{"permit_id":"11500743","city":"taipei","city_label":"臺北市","district":"中正","district_display":"中正區","addr":"愛國西路(博愛路至公園路)南側快車道積水改善工程","npurp":"道路維護","app_name":"新工處","tc_na":"鋐城營造有限公司","co_ti":"每日施工時間9時至16時；工區24小時圍設; 依交維計畫訂定時間施工","start_date":"2026-04-20","end_date":"2026-05-26","status_label":"施工中"}},{"type":"Feature","geometry":{"type":"Point","coordinates":[121.51357199931536,25.03504698998948]},"properties":{"permit_id":"11500743","city":"taipei","city_label":"臺北市","district":"中正","district_display":"中正區","addr":"愛國西路(博愛路至公園路)南側快車道積水改善工程","npurp":"道路維護","app_name":"新工處","tc_na":"鋐城營造有限公司","co_ti":"每日施工時間9時至16時；工區24小時圍設; 依交維計畫訂定時間施工","start_date":"2026-04-20","end_date":"2026-05-26","status_label":"施工中"}},{"type":"Feature","geometry":{"type":"Point","coordinates":[121.512682516636,25.03515852492447]},"properties":{"permit_id":"11500743","city":"taipei","city_label":"臺北市","district":"中正","district_display":"中正區","addr":"愛國西路(博愛路至公園路)南側快車道積水改善工程","npurp":"道路維護","app_name":"新工處","tc_na":"鋐城營造有限公司","co_ti":"每日施工時間9時至16時；工區24小時圍設; 依交維計畫訂定時間施工","start_date":"2026-04-20","end_date":"2026-05-26","status_label":"施工中"}},{"type":"Feature","geometry":{"type":"Point","coordinates":[121.510488581695,25.03010477382868]},"properties":{"permit_id":"104003395","city":"taipei","city_label":"臺北市","district":"中正","district_display":"中正區","addr":"南海路南海路牯嶺街口至和平西路(含路口)穿越平房至西藏路惠安街","npurp":"市政建設(捷運局-捷運工程)","app_name":"捷運二工處(南區)","tc_na":"大陸工程股份有限公司","co_ti":"依交維計畫訂定時間施工","start_date":"2026-04-22","end_date":"2026-07-15","status_label":"施工中"}},{"type":"Feature","geometry":{"type":"Point","coordinates":[121.51603764394612,25.044086760554727]},"properties":{"permit_id":"11500853","city":"taipei","city_label":"臺北市","district":"中正","district_display":"中正區","addr":"秀明路二段(新光路一段至秀明路二段112巷)","npurp":"道路維護","app_name":"新工處","tc_na":"金煌營造有限公司","co_ti":"0800至1700; 依交維計畫訂定時間施工","start_date":"2026-04-23","end_date":"2026-07-01","status_label":"施工中"}},{"type":"Feature","geometry":{"type":"Point","coordinates":[121.51603563592488,25.04405213576611]},"properties":{"permit_id":"11500853","city":"taipei","city_label":"臺北市","district":"中正","district_display":"中正區","addr":"秀明路二段(新光路一段至秀明路二段112巷)","npurp":"道路維護","app_name":"新工處","tc_na":"金煌營造有限公司","co_ti":"0800至1700; 依交維計畫訂定時間施工","start_date":"2026-04-23","end_date":"2026-07-01","status_label":"施工中"}},{"type":"Feature","geometry":{"type":"Point","coordinates":[121.51603563592488,25.04405213576611]},"properties":{"permit_id":"11500853","city":"taipei","city_label":"臺北市","district":"中正","district_display":"中正區","addr":"秀明路二段(新光路一段至秀明路二段112巷)","npurp":"道路維護","app_name":"新工處","tc_na":"金煌營造有限公司","co_ti":"0800至1700; 依交維計畫訂定時間施工","start_date":"2026-04-23","end_date":"2026-07-01","status_label":"施工中"}},{"type":"Feature","geometry":{"type":"Point","coordinates":[121.51603563592488,25.04405213576611]},"properties":{"permit_id":"11500853","city":"taipei","city_label":"臺北市","district":"中正","district_display":"中正區","addr":"秀明路二段(新光路一段至秀明路二段112巷)","npurp":"道路維護","app_name":"新工處","tc_na":"金煌營造有限公司","co_ti":"0800至1700; 依交維計畫訂定時間施工","start_date":"2026-04-23","end_date":"2026-07-01","status_label":"施工中"}},{"type":"Feature","geometry":{"type":"Point","coordinates":[121.51603563592488,25.04405213576611]},"properties":{"permit_id":"11500853","city":"taipei","city_label":"臺北市","district":"中正","district_display":"中正區","addr":"秀明路二段(新光路一段至秀明路二段112巷)","npurp":"道路維護","app_name":"新工處","tc_na":"金煌營造有限公司","co_ti":"0800至1700; 依交維計畫訂定時間施工","start_date":"2026-04-23","end_date":"2026-07-01","status_label":"施工中"}},{"type":"Feature","geometry":{"type":"Point","coordinates":[121.51603563592488,25.04405213576611]},"properties":{"permit_id":"11500853","city":"taipei","city_label":"臺北市","district":"中正","district_display":"中正區","addr":"秀明路二段(新光路一段至秀明路二段112巷)","npurp":"道路維護","app_name":"新工處","tc_na":"金煌營造有限公司","co_ti":"0800至1700; 依交維計畫訂定時間施工","start_date":"2026-04-23","end_date":"2026-07-01","status_label":"施工中"}},{"type":"Feature","geometry":{"type":"Point","coordinates":[121.51575131693131,25.04406002952378]},"properties":{"permit_id":"11500853","city":"taipei","city_label":"臺北市","district":"中正","district_display":"中正區","addr":"秀明路二段(新光路一段至秀明路二段112巷)","npurp":"道路維護","app_name":"新工處","tc_na":"金煌營造有限公司","co_ti":"0800至1700; 依交維計畫訂定時間施工","start_date":"2026-04-23","end_date":"2026-07-01","status_label":"施工中"}},{"type":"Feature","geometry":{"type":"Point","coordinates":[121.51603563592488,25.04405213576611]},"properties":{"permit_id":"11500853","city":"taipei","city_label":"臺北市","district":"中正","district_display":"中正區","addr":"秀明路二段(新光路一段至秀明路二段112巷)","npurp":"道路維護","app_name":"新工處","tc_na":"金煌營造有限公司","co_ti":"0800至1700; 依交維計畫訂定時間施工","start_date":"2026-04-23","end_date":"2026-07-01","status_label":"施工中"}},{"type":"Feature","geometry":{"type":"Point","coordinates":[121.51575131693131,25.04406002952378]},"properties":{"permit_id":"11500853","city":"taipei","city_label":"臺北市","district":"中正","district_display":"中正區","addr":"秀明路二段(新光路一段至秀明路二段112巷)","npurp":"道路維護","app_name":"新工處","tc_na":"金煌營造有限公司","co_ti":"0800至1700; 依交維計畫訂定時間施工","start_date":"2026-04-23","end_date":"2026-07-01","status_label":"施工中"}},{"type":"Feature","geometry":{"type":"Point","coordinates":[121.51603563592488,25.04405213576611]},"properties":{"permit_id":"11500853","city":"taipei","city_label":"臺北市","district":"中正","district_display":"中正區","addr":"秀明路二段(新光路一段至秀明路二段112巷)","npurp":"道路維護","app_name":"新工處","tc_na":"金煌營造有限公司","co_ti":"0800至1700; 依交維計畫訂定時間施工","start_date":"2026-04-23","end_date":"2026-07-01","status_label":"施工中"}},{"type":"Feature","geometry":{"type":"Point","coordinates":[121.51506224108736,25.03294478407748]},"properties":{"permit_id":"11500861","city":"taipei","city_label":"臺北市","district":"中正","district_display":"中正區","addr":"湖口街(重慶南路2段7巷至南海路)雙側溝蓋更新工程","npurp":"道路維護","app_name":"新工處","tc_na":"鋐城營造有限公司","co_ti":"每日施工時間9時至17時；工區24小時圍設; 依交維計畫訂定時間施工","start_date":"2026-04-27","end_date":"2026-07-05","status_label":"施工中"}},{"type":"Feature","geometry":{"type":"Point","coordinates":[121.51462327159656,25.033412940521657]},"properties":{"permit_id":"11500861","city":"taipei","city_label":"臺北市","district":"中正","district_display":"中正區","addr":"湖口街(重慶南路2段7巷至南海路)雙側溝蓋更新工程","npurp":"道路維護","app_name":"新工處","tc_na":"鋐城營造有限公司","co_ti":"每日施工時間9時至17時；工區24小時圍設; 依交維計畫訂定時間施工","start_date":"2026-04-27","end_date":"2026-07-05","status_label":"施工中"}},{"type":"Feature","geometry":{"type":"Point","coordinates":[121.51474899806291,25.033241305119184]},"properties":{"permit_id":"11500861","city":"taipei","city_label":"臺北市","district":"中正","district_display":"中正區","addr":"湖口街(重慶南路2段7巷至南海路)雙側溝蓋更新工程","npurp":"道路維護","app_name":"新工處","tc_na":"鋐城營造有限公司","co_ti":"每日施工時間9時至17時；工區24小時圍設; 依交維計畫訂定時間施工","start_date":"2026-04-27","end_date":"2026-07-05","status_label":"施工中"}},{"type":"Feature","geometry":{"type":"Point","coordinates":[121.5144939431658,25.03374980263768]},"properties":{"permit_id":"11500861","city":"taipei","city_label":"臺北市","district":"中正","district_display":"中正區","addr":"湖口街(重慶南路2段7巷至南海路)雙側溝蓋更新工程","npurp":"道路維護","app_name":"新工處","tc_na":"鋐城營造有限公司","co_ti":"每日施工時間9時至17時；工區24小時圍設; 依交維計畫訂定時間施工","start_date":"2026-04-27","end_date":"2026-07-05","status_label":"施工中"}},{"type":"Feature","geometry":{"type":"Point","coordinates":[121.58519873631842,25.04180802782073]},"properties":{"permit_id":"105006940","city":"taipei","city_label":"臺北市","district":"信義","district_display":"信義區","addr":"福德街福德街/松山路口(向南至松山路639號前)至中坡南路/福德街西側(含巷道、林口街、大道路)，及中坡南路口往北60.2公尺/中坡南路201巷口36.2公尺","npurp":"市政建設(捷運局-捷運工程)","app_name":"捷運二工處(南區)","tc_na":"中華工程股份有限公司","co_ti":"日夜間施工(請依交維計畫施作)。","start_date":"2024-01-24","end_date":"2026-12-31","status_label":"施工中"}},{"type":"Feature","geometry":{"type":"Point","coordinates":[121.5785338521838,25.03634317705226]},"properties":{"permit_id":"105006940","city":"taipei","city_label":"臺北市","district":"信義","district_display":"信義區","addr":"福德街福德街/松山路口(向南至松山路639號前)至中坡南路/福德街西側(含巷道、林口街、大道路)，及中坡南路口往北60.2公尺/中坡南路201巷口36.2公尺","npurp":"市政建設(捷運局-捷運工程)","app_name":"捷運二工處(南區)","tc_na":"中華工程股份有限公司","co_ti":"日夜間施工(請依交維計畫施作)。","start_date":"2024-01-24","end_date":"2026-12-31","status_label":"施工中"}},{"type":"Feature","geometry":{"type":"Point","coordinates":[121.57596340813636,25.034622630251487]},"properties":{"permit_id":"11300943-5","city":"taipei","city_label":"臺北市","district":"信義","district_display":"信義區","addr":"信義路6段(26巷~76巷)","npurp":"道路維護","app_name":"捷運二工處(南區)","tc_na":"中華工程股份有限公司","co_ti":"日夜間施工24小時（施工車輛避開上下午尖峰時段7~9；17~19進出); 依交維計畫訂定時間施工","start_date":"2026-01-01","end_date":"2026-05-31","status_label":"施工中"}},{"type":"Feature","geometry":{"type":"Point","coordinates":[121.57605939856975,25.03472209032184]},"properties":{"permit_id":"11300943-5","city":"taipei","city_label":"臺北市","district":"信義","district_display":"信義區","addr":"信義路6段(26巷~76巷)","npurp":"道路維護","app_name":"捷運二工處(南區)","tc_na":"中華工程股份有限公司","co_ti":"日夜間施工24小時（施工車輛避開上下午尖峰時段7~9；17~19進出)","start_date":"2026-01-01","end_date":"2026-05-31","status_label":"施工中"}},{"type":"Feature","geometry":{"type":"Point","coordinates":[121.57617496982697,25.03477271393765]},"properties":{"permit_id":"11300943-5","city":"taipei","city_label":"臺北市","district":"信義","district_display":"信義區","addr":"信義路6段(26巷~76巷)","npurp":"道路維護","app_name":"捷運二工處(南區)","tc_na":"中華工程股份有限公司","co_ti":"日夜間施工24小時（施工車輛避開上下午尖峰時段7~9；17~19進出); 依交維計畫訂定時間施工","start_date":"2026-01-01","end_date":"2026-05-31","status_label":"施工中"}},{"type":"Feature","geometry":{"type":"Point","coordinates":[121.56343289191425,25.039440585153272]},"properties":{"permit_id":"11500798","city":"taipei","city_label":"臺北市","district":"信義","district_display":"信義區","addr":"松高路3號及基隆路1段210號前(基隆路1段及松高路交叉口)人行道等2處試挖工程","npurp":"道路維護","app_name":"新工處","tc_na":"神緯營造有限公司","co_ti":"自09時30分至16時30分; 依交維計畫訂定時間施工","start_date":"2026-04-21","end_date":"2026-05-08","status_label":"施工中"}},{"type":"Feature","geometry":{"type":"Point","coordinates":[121.56844338297503,25.02253953889139]},"properties":{"permit_id":"11405308-1","city":"taipei","city_label":"臺北市","district":"信義","district_display":"信義區","addr":"信義區吳興街（自吳興街467巷2弄至吳興街524巷）等多處","npurp":"道路維護","app_name":"新工處","tc_na":"福呈營造股份有限公司","co_ti":"0800至1730(工區24小時，尖峰時段不得占用道路); 依交維計畫訂定時間施工","start_date":"2026-04-27","end_date":"2026-07-31","status_label":"施工中"}},{"type":"Feature","geometry":{"type":"Point","coordinates":[121.56840059238786,25.02231873150793]},"properties":{"permit_id":"11405308-1","city":"taipei","city_label":"臺北市","district":"信義","district_display":"信義區","addr":"信義區吳興街（自吳興街467巷2弄至吳興街524巷）等多處","npurp":"道路維護","app_name":"新工處","tc_na":"福呈營造股份有限公司","co_ti":"0800至1730(工區24小時，尖峰時段不得占用道路); 依交維計畫訂定時間施工","start_date":"2026-04-27","end_date":"2026-07-31","status_label":"施工中"}},{"type":"Feature","geometry":{"type":"Point","coordinates":[121.56843903494008,25.022415139710866]},"properties":{"permit_id":"11405308-1","city":"taipei","city_label":"臺北市","district":"信義","district_display":"信義區","addr":"信義區吳興街（自吳興街467巷2弄至吳興街524巷）等多處","npurp":"道路維護","app_name":"新工處","tc_na":"福呈營造股份有限公司","co_ti":"0800至1730(工區24小時，尖峰時段不得占用道路); 依交維計畫訂定時間施工","start_date":"2026-04-27","end_date":"2026-07-31","status_label":"施工中"}},{"type":"Feature","geometry":{"type":"Point","coordinates":[121.5684518786418,25.02246945762626]},"properties":{"permit_id":"11405308-1","city":"taipei","city_label":"臺北市","district":"信義","district_display":"信義區","addr":"信義區吳興街（自吳興街467巷2弄至吳興街524巷）等多處","npurp":"道路維護","app_name":"新工處","tc_na":"福呈營造股份有限公司","co_ti":"0800至1730(工區24小時，尖峰時段不得占用道路); 依交維計畫訂定時間施工","start_date":"2026-04-27","end_date":"2026-07-31","status_label":"施工中"}},{"type":"Feature","geometry":{"type":"Point","coordinates":[121.58179751276776,25.042833580807372]},"properties":{"permit_id":"11500788","city":"taipei","city_label":"臺北市","district":"信義","district_display":"信義區","addr":"大道路7巷1弄雙側側溝","npurp":"道路維護","app_name":"水利處","tc_na":"泇溢營造有限公司","co_ti":"自09時00分至18時00分; 依交維計畫訂定時間施工","start_date":"2026-04-27","end_date":"2026-05-26","status_label":"施工中"}},{"type":"Feature","geometry":{"type":"Point","coordinates":[121.58175392899167,25.042814747466227]},"properties":{"permit_id":"11500788","city":"taipei","city_label":"臺北市","district":"信義","district_display":"信義區","addr":"大道路7巷1弄雙側側溝","npurp":"道路維護","app_name":"水利處","tc_na":"泇溢營造有限公司","co_ti":"自09時00分至18時00分; 依交維計畫訂定時間施工","start_date":"2026-04-27","end_date":"2026-05-26","status_label":"施工中"}},{"type":"Feature","geometry":{"type":"Point","coordinates":[121.58179751276776,25.042833580807372]},"properties":{"permit_id":"11500788","city":"taipei","city_label":"臺北市","district":"信義","district_display":"信義區","addr":"大道路7巷1弄雙側側溝","npurp":"道路維護","app_name":"水利處","tc_na":"泇溢營造有限公司","co_ti":"自09時00分至18時00分; 依交維計畫訂定時間施工","start_date":"2026-04-27","end_date":"2026-05-26","status_label":"施工中"}},{"type":"Feature","geometry":{"type":"Point","coordinates":[121.58174990398012,25.04281231663027]},"properties":{"permit_id":"11500788","city":"taipei","city_label":"臺北市","district":"信義","district_display":"信義區","addr":"大道路7巷1弄雙側側溝","npurp":"道路維護","app_name":"水利處","tc_na":"泇溢營造有限公司","co_ti":"自09時00分至18時00分; 依交維計畫訂定時間施工","start_date":"2026-04-27","end_date":"2026-05-26","status_label":"施工中"}},{"type":"Feature","geometry":{"type":"Point","coordinates":[121.57085309477227,25.04582745415232]},"properties":{"permit_id":"11500896","city":"taipei","city_label":"臺北市","district":"信義","district_display":"信義區","addr":"人行陸橋-【C090】永吉松隆","npurp":"道路維護","app_name":"新工處","tc_na":"稻田營造有限公司","co_ti":"24小時施工(尖峰時段不得占用道路，非深夜不得全封道路); 依交維計畫訂定時間施工","start_date":"2026-04-27","end_date":"2026-05-26","status_label":"施工中"}},{"type":"Feature","geometry":{"type":"Point","coordinates":[121.5704507641475,25.045897116123708]},"properties":{"permit_id":"11500896","city":"taipei","city_label":"臺北市","district":"信義","district_display":"信義區","addr":"人行陸橋-【C090】永吉松隆","npurp":"道路維護","app_name":"新工處","tc_na":"稻田營造有限公司","co_ti":"24小時施工(尖峰時段不得占用道路，非深夜不得全封道路); 依交維計畫訂定時間施工","start_date":"2026-04-27","end_date":"2026-05-26","status_label":"施工中"}},{"type":"Feature","geometry":{"type":"Point","coordinates":[121.5704811556857,25.045879295439857]},"properties":{"permit_id":"11500896","city":"taipei","city_label":"臺北市","district":"信義","district_display":"信義區","addr":"人行陸橋-【C090】永吉松隆","npurp":"道路維護","app_name":"新工處","tc_na":"稻田營造有限公司","co_ti":"24小時施工(尖峰時段不得占用道路，非深夜不得全封道路); 依交維計畫訂定時間施工","start_date":"2026-04-27","end_date":"2026-05-26","status_label":"施工中"}},{"type":"Feature","geometry":{"type":"Point","coordinates":[121.5704811556857,25.045879295439857]},"properties":{"permit_id":"11500896","city":"taipei","city_label":"臺北市","district":"信義","district_display":"信義區","addr":"人行陸橋-【C090】永吉松隆","npurp":"道路維護","app_name":"新工處","tc_na":"稻田營造有限公司","co_ti":"24小時施工(尖峰時段不得占用道路，非深夜不得全封道路); 依交維計畫訂定時間施工","start_date":"2026-04-27","end_date":"2026-05-26","status_label":"施工中"}},{"type":"Feature","geometry":{"type":"Point","coordinates":[121.57056162423632,25.04600079270045]},"properties":{"permit_id":"11500896","city":"taipei","city_label":"臺北市","district":"信義","district_display":"信義區","addr":"人行陸橋-【C090】永吉松隆","npurp":"道路維護","app_name":"新工處","tc_na":"稻田營造有限公司","co_ti":"24小時施工(尖峰時段不得占用道路，非深夜不得全封道路); 依交維計畫訂定時間施工","start_date":"2026-04-27","end_date":"2026-05-26","status_label":"施工中"}},{"type":"Feature","geometry":{"type":"Point","coordinates":[121.5654090002616,25.03896699668314]},"properties":{"permit_id":"11500946","city":"taipei","city_label":"臺北市","district":"信義","district_display":"信義區","addr":"松智路(松高路至松壽路)人行道退縮及新設側溝路面更新工程","npurp":"道路維護","app_name":"新工處","tc_na":"神緯營造有限公司","co_ti":"自09時00分至16時00分; 依交維計畫訂定時間施工","start_date":"2026-04-29","end_date":"2026-09-06","status_label":"施工中"}},{"type":"Feature","geometry":{"type":"Point","coordinates":[121.56543089389912,25.039000100489822]},"properties":{"permit_id":"11500946","city":"taipei","city_label":"臺北市","district":"信義","district_display":"信義區","addr":"松智路(松高路至松壽路)人行道退縮及新設側溝路面更新工程","npurp":"道路維護","app_name":"新工處","tc_na":"神緯營造有限公司","co_ti":"自09時00分至16時00分; 依交維計畫訂定時間施工","start_date":"2026-04-29","end_date":"2026-09-06","status_label":"施工中"}},{"type":"Feature","geometry":{"type":"Point","coordinates":[121.56537700431817,25.03883999443656]},"properties":{"permit_id":"11500946","city":"taipei","city_label":"臺北市","district":"信義","district_display":"信義區","addr":"松智路(松高路至松壽路)人行道退縮及新設側溝路面更新工程","npurp":"道路維護","app_name":"新工處","tc_na":"神緯營造有限公司","co_ti":"自09時00分至16時00分; 依交維計畫訂定時間施工","start_date":"2026-04-29","end_date":"2026-09-06","status_label":"施工中"}},{"type":"Feature","geometry":{"type":"Point","coordinates":[121.5653906597212,25.03903883044968]},"properties":{"permit_id":"11500946","city":"taipei","city_label":"臺北市","district":"信義","district_display":"信義區","addr":"松智路(松高路至松壽路)人行道退縮及新設側溝路面更新工程","npurp":"道路維護","app_name":"新工處","tc_na":"神緯營造有限公司","co_ti":"自09時00分至16時00分; 依交維計畫訂定時間施工","start_date":"2026-04-29","end_date":"2026-09-06","status_label":"施工中"}},{"type":"Feature","geometry":{"type":"Point","coordinates":[121.5653800011425,25.03886899016325]},"properties":{"permit_id":"11500946","city":"taipei","city_label":"臺北市","district":"信義","district_display":"信義區","addr":"松智路(松高路至松壽路)人行道退縮及新設側溝路面更新工程","npurp":"道路維護","app_name":"新工處","tc_na":"神緯營造有限公司","co_ti":"自09時00分至16時00分; 依交維計畫訂定時間施工","start_date":"2026-04-29","end_date":"2026-09-06","status_label":"施工中"}},{"type":"Feature","geometry":{"type":"Point","coordinates":[121.56491632949496,25.04221611561886]},"properties":{"permit_id":"11500970","city":"taipei","city_label":"臺北市","district":"信義","district_display":"信義區","addr":"基隆路一段(市府轉運站出入口)等四處設施零星修繕工程","npurp":"道路維護","app_name":"新工處","tc_na":"聖東營造股份有限公司","co_ti":"自21時00分至12時00分; 依交維計畫訂定時間施工","start_date":"2026-05-01","end_date":"2026-05-22","status_label":"施工中"}},{"type":"Feature","geometry":{"type":"Point","coordinates":[121.61067712099448,25.071850080271204]},"properties":{"permit_id":"11500217","city":"taipei","city_label":"臺北市","district":"內湖","district_display":"內湖區","addr":"五分街(6號至14巷西側)人行道更新工程","npurp":"道路維護","app_name":"新工處","tc_na":"金煌營造有限公司","co_ti":"0800至1700(工區視需求24小時圍設); 依交維計畫訂定時間施工","start_date":"2026-01-28","end_date":"2026-05-30","status_label":"施工中"}},{"type":"Feature","geometry":{"type":"Point","coordinates":[121.61115891482696,25.070373550993917]},"properties":{"permit_id":"11500217","city":"taipei","city_label":"臺北市","district":"內湖","district_display":"內湖區","addr":"五分街(6號至14巷西側)人行道更新工程","npurp":"道路維護","app_name":"新工處","tc_na":"金煌營造有限公司","co_ti":"0800至1700(工區視需求24小時圍設); 依交維計畫訂定時間施工","start_date":"2026-01-28","end_date":"2026-05-30","status_label":"施工中"}},{"type":"Feature","geometry":{"type":"Point","coordinates":[121.61067712099448,25.071850080271204]},"properties":{"permit_id":"11500217","city":"taipei","city_label":"臺北市","district":"內湖","district_display":"內湖區","addr":"五分街(6號至14巷西側)人行道更新工程","npurp":"道路維護","app_name":"新工處","tc_na":"金煌營造有限公司","co_ti":"0800至1700(工區視需求24小時圍設); 依交維計畫訂定時間施工","start_date":"2026-01-28","end_date":"2026-05-30","status_label":"施工中"}},{"type":"Feature","geometry":{"type":"Point","coordinates":[121.61067712099448,25.071850080271204]},"properties":{"permit_id":"11500217","city":"taipei","city_label":"臺北市","district":"內湖","district_display":"內湖區","addr":"五分街(6號至14巷西側)人行道更新工程","npurp":"道路維護","app_name":"新工處","tc_na":"金煌營造有限公司","co_ti":"0800至1700(工區視需求24小時圍設); 依交維計畫訂定時間施工","start_date":"2026-01-28","end_date":"2026-05-30","status_label":"施工中"}},{"type":"Feature","geometry":{"type":"Point","coordinates":[121.61112102726972,25.070428822695416]},"properties":{"permit_id":"11500217","city":"taipei","city_label":"臺北市","district":"內湖","district_display":"內湖區","addr":"五分街(6號至14巷西側)人行道更新工程","npurp":"道路維護","app_name":"新工處","tc_na":"金煌營造有限公司","co_ti":"0800至1700(工區視需求24小時圍設); 依交維計畫訂定時間施工","start_date":"2026-01-28","end_date":"2026-05-30","status_label":"施工中"}},{"type":"Feature","geometry":{"type":"Point","coordinates":[121.611167961969,25.07039298707037]},"properties":{"permit_id":"11500217","city":"taipei","city_label":"臺北市","district":"內湖","district_display":"內湖區","addr":"五分街(6號至14巷西側)人行道更新工程","npurp":"道路維護","app_name":"新工處","tc_na":"金煌營造有限公司","co_ti":"0800至1700(工區視需求24小時圍設); 依交維計畫訂定時間施工","start_date":"2026-01-28","end_date":"2026-05-30","status_label":"施工中"}},{"type":"Feature","geometry":{"type":"Point","coordinates":[121.61112102726972,25.070428822695416]},"properties":{"permit_id":"11500217","city":"taipei","city_label":"臺北市","district":"內湖","district_display":"內湖區","addr":"五分街(6號至14巷西側)人行道更新工程","npurp":"道路維護","app_name":"新工處","tc_na":"金煌營造有限公司","co_ti":"0800至1700(工區視需求24小時圍設); 依交維計畫訂定時間施工","start_date":"2026-01-28","end_date":"2026-05-30","status_label":"施工中"}},{"type":"Feature","geometry":{"type":"Point","coordinates":[121.61112102726972,25.070428822695416]},"properties":{"permit_id":"11500217","city":"taipei","city_label":"臺北市","district":"內湖","district_display":"內湖區","addr":"五分街(6號至14巷西側)人行道更新工程","npurp":"道路維護","app_name":"新工處","tc_na":"金煌營造有限公司","co_ti":"0800至1700(工區視需求24小時圍設); 依交維計畫訂定時間施工","start_date":"2026-01-28","end_date":"2026-05-30","status_label":"施工中"}},{"type":"Feature","geometry":{"type":"Point","coordinates":[121.56002480271373,25.08496889875453]},"properties":{"permit_id":"11500323","city":"taipei","city_label":"臺北市","district":"內湖","district_display":"內湖區","addr":"內湖區內湖路1段27號至內湖路1段91巷13號前人行道更新工程","npurp":"道路維護","app_name":"新工處","tc_na":"金煌營造有限公司","co_ti":"0800至1700(工區視需求24小時圍設); 依交維計畫訂定時間施工","start_date":"2026-02-23","end_date":"2026-06-02","status_label":"施工中"}},{"type":"Feature","geometry":{"type":"Point","coordinates":[121.56106666239724,25.084601658390973]},"properties":{"permit_id":"11500323","city":"taipei","city_label":"臺北市","district":"內湖","district_display":"內湖區","addr":"內湖區內湖路1段27號至內湖路1段91巷13號前人行道更新工程","npurp":"道路維護","app_name":"新工處","tc_na":"金煌營造有限公司","co_ti":"0800至1700(工區視需求24小時圍設); 依交維計畫訂定時間施工","start_date":"2026-02-23","end_date":"2026-06-02","status_label":"施工中"}},{"type":"Feature","geometry":{"type":"Point","coordinates":[121.56018674416596,25.084946277242835]},"properties":{"permit_id":"11500323","city":"taipei","city_label":"臺北市","district":"內湖","district_display":"內湖區","addr":"內湖區內湖路1段27號至內湖路1段91巷13號前人行道更新工程","npurp":"道路維護","app_name":"新工處","tc_na":"金煌營造有限公司","co_ti":"0800至1700(工區視需求24小時圍設); 依交維計畫訂定時間施工","start_date":"2026-02-23","end_date":"2026-06-02","status_label":"施工中"}},{"type":"Feature","geometry":{"type":"Point","coordinates":[121.56129582934386,25.084727644186493]},"properties":{"permit_id":"11500323","city":"taipei","city_label":"臺北市","district":"內湖","district_display":"內湖區","addr":"內湖區內湖路1段27號至內湖路1段91巷13號前人行道更新工程","npurp":"道路維護","app_name":"新工處","tc_na":"金煌營造有限公司","co_ti":"0800至1700(工區視需求24小時圍設); 依交維計畫訂定時間施工","start_date":"2026-02-23","end_date":"2026-06-02","status_label":"施工中"}},{"type":"Feature","geometry":{"type":"Point","coordinates":[121.56108393898376,25.084609826605256]},"properties":{"permit_id":"11500323","city":"taipei","city_label":"臺北市","district":"內湖","district_display":"內湖區","addr":"內湖區內湖路1段27號至內湖路1段91巷13號前人行道更新工程","npurp":"道路維護","app_name":"新工處","tc_na":"金煌營造有限公司","co_ti":"0800至1700(工區視需求24小時圍設); 依交維計畫訂定時間施工","start_date":"2026-02-23","end_date":"2026-06-02","status_label":"施工中"}},{"type":"Feature","geometry":{"type":"Point","coordinates":[121.56002480271373,25.08496889875453]},"properties":{"permit_id":"11500323","city":"taipei","city_label":"臺北市","district":"內湖","district_display":"內湖區","addr":"內湖區內湖路1段27號至內湖路1段91巷13號前人行道更新工程","npurp":"道路維護","app_name":"新工處","tc_na":"金煌營造有限公司","co_ti":"0800至1700(工區視需求24小時圍設); 依交維計畫訂定時間施工","start_date":"2026-02-23","end_date":"2026-06-02","status_label":"施工中"}},{"type":"Feature","geometry":{"type":"Point","coordinates":[121.56108393898376,25.084609826605256]},"properties":{"permit_id":"11500323","city":"taipei","city_label":"臺北市","district":"內湖","district_display":"內湖區","addr":"內湖區內湖路1段27號至內湖路1段91巷13號前人行道更新工程","npurp":"道路維護","app_name":"新工處","tc_na":"金煌營造有限公司","co_ti":"0800至1700(工區視需求24小時圍設); 依交維計畫訂定時間施工","start_date":"2026-02-23","end_date":"2026-06-02","status_label":"施工中"}},{"type":"Feature","geometry":{"type":"Point","coordinates":[121.56113356328002,25.08461590439825]},"properties":{"permit_id":"11500323","city":"taipei","city_label":"臺北市","district":"內湖","district_display":"內湖區","addr":"內湖區內湖路1段27號至內湖路1段91巷13號前人行道更新工程","npurp":"道路維護","app_name":"新工處","tc_na":"金煌營造有限公司","co_ti":"0800至1700(工區視需求24小時圍設); 依交維計畫訂定時間施工","start_date":"2026-02-23","end_date":"2026-06-02","status_label":"施工中"}},{"type":"Feature","geometry":{"type":"Point","coordinates":[121.5601773521651,25.084906192260284]},"properties":{"permit_id":"11500323","city":"taipei","city_label":"臺北市","district":"內湖","district_display":"內湖區","addr":"內湖區內湖路1段27號至內湖路1段91巷13號前人行道更新工程","npurp":"道路維護","app_name":"新工處","tc_na":"金煌營造有限公司","co_ti":"0800至1700(工區視需求24小時圍設); 依交維計畫訂定時間施工","start_date":"2026-02-23","end_date":"2026-06-02","status_label":"施工中"}},{"type":"Feature","geometry":{"type":"Point","coordinates":[121.5601773521651,25.084906192260284]},"properties":{"permit_id":"11500323","city":"taipei","city_label":"臺北市","district":"內湖","district_display":"內湖區","addr":"內湖區內湖路1段27號至內湖路1段91巷13號前人行道更新工程","npurp":"道路維護","app_name":"新工處","tc_na":"金煌營造有限公司","co_ti":"0800至1700(工區視需求24小時圍設); 依交維計畫訂定時間施工","start_date":"2026-02-23","end_date":"2026-06-02","status_label":"施工中"}},{"type":"Feature","geometry":{"type":"Point","coordinates":[121.56042240478509,25.084826398378095]},"properties":{"permit_id":"11500323","city":"taipei","city_label":"臺北市","district":"內湖","district_display":"內湖區","addr":"內湖區內湖路1段27號至內湖路1段91巷13號前人行道更新工程","npurp":"道路維護","app_name":"新工處","tc_na":"金煌營造有限公司","co_ti":"0800至1700(工區視需求24小時圍設); 依交維計畫訂定時間施工","start_date":"2026-02-23","end_date":"2026-06-02","status_label":"施工中"}},{"type":"Feature","geometry":{"type":"Point","coordinates":[121.56018674416596,25.084946277242835]},"properties":{"permit_id":"11500323","city":"taipei","city_label":"臺北市","district":"內湖","district_display":"內湖區","addr":"內湖區內湖路1段27號至內湖路1段91巷13號前人行道更新工程","npurp":"道路維護","app_name":"新工處","tc_na":"金煌營造有限公司","co_ti":"0800至1700(工區視需求24小時圍設); 依交維計畫訂定時間施工","start_date":"2026-02-23","end_date":"2026-06-02","status_label":"施工中"}},{"type":"Feature","geometry":{"type":"Point","coordinates":[121.5601773521651,25.084906192260284]},"properties":{"permit_id":"11500323","city":"taipei","city_label":"臺北市","district":"內湖","district_display":"內湖區","addr":"內湖區內湖路1段27號至內湖路1段91巷13號前人行道更新工程","npurp":"道路維護","app_name":"新工處","tc_na":"金煌營造有限公司","co_ti":"0800至1700(工區視需求24小時圍設); 依交維計畫訂定時間施工","start_date":"2026-02-23","end_date":"2026-06-02","status_label":"施工中"}},{"type":"Feature","geometry":{"type":"Point","coordinates":[121.56113356328002,25.08461590439825]},"properties":{"permit_id":"11500323","city":"taipei","city_label":"臺北市","district":"內湖","district_display":"內湖區","addr":"內湖區內湖路1段27號至內湖路1段91巷13號前人行道更新工程","npurp":"道路維護","app_name":"新工處","tc_na":"金煌營造有限公司","co_ti":"0800至1700(工區視需求24小時圍設); 依交維計畫訂定時間施工","start_date":"2026-02-23","end_date":"2026-06-02","status_label":"施工中"}},{"type":"Feature","geometry":{"type":"Point","coordinates":[121.56002480271373,25.08496889875453]},"properties":{"permit_id":"11500323","city":"taipei","city_label":"臺北市","district":"內湖","district_display":"內湖區","addr":"內湖區內湖路1段27號至內湖路1段91巷13號前人行道更新工程","npurp":"道路維護","app_name":"新工處","tc_na":"金煌營造有限公司","co_ti":"0800至1700(工區視需求24小時圍設); 依交維計畫訂定時間施工","start_date":"2026-02-23","end_date":"2026-06-02","status_label":"施工中"}},{"type":"Feature","geometry":{"type":"Point","coordinates":[121.5601773521651,25.084906192260284]},"properties":{"permit_id":"11500323","city":"taipei","city_label":"臺北市","district":"內湖","district_display":"內湖區","addr":"內湖區內湖路1段27號至內湖路1段91巷13號前人行道更新工程","npurp":"道路維護","app_name":"新工處","tc_na":"金煌營造有限公司","co_ti":"0800至1700(工區視需求24小時圍設); 依交維計畫訂定時間施工","start_date":"2026-02-23","end_date":"2026-06-02","status_label":"施工中"}},{"type":"Feature","geometry":{"type":"Point","coordinates":[121.55900623610228,25.0851337897944]},"properties":{"permit_id":"11500323","city":"taipei","city_label":"臺北市","district":"內湖","district_display":"內湖區","addr":"內湖區內湖路1段27號至內湖路1段91巷13號前人行道更新工程","npurp":"道路維護","app_name":"新工處","tc_na":"金煌營造有限公司","co_ti":"0800至1700(工區視需求24小時圍設); 依交維計畫訂定時間施工","start_date":"2026-02-23","end_date":"2026-06-02","status_label":"施工中"}},{"type":"Feature","geometry":{"type":"Point","coordinates":[121.55909474468896,25.08513196672797]},"properties":{"permit_id":"11500323","city":"taipei","city_label":"臺北市","district":"內湖","district_display":"內湖區","addr":"內湖區內湖路1段27號至內湖路1段91巷13號前人行道更新工程","npurp":"道路維護","app_name":"新工處","tc_na":"金煌營造有限公司","co_ti":"0800至1700(工區視需求24小時圍設); 依交維計畫訂定時間施工","start_date":"2026-02-23","end_date":"2026-06-02","status_label":"施工中"}},{"type":"Feature","geometry":{"type":"Point","coordinates":[121.55914800418896,25.08515699029083]},"properties":{"permit_id":"11500323","city":"taipei","city_label":"臺北市","district":"內湖","district_display":"內湖區","addr":"內湖區內湖路1段27號至內湖路1段91巷13號前人行道更新工程","npurp":"道路維護","app_name":"新工處","tc_na":"金煌營造有限公司","co_ti":"0800至1700(工區視需求24小時圍設); 依交維計畫訂定時間施工","start_date":"2026-02-23","end_date":"2026-06-02","status_label":"施工中"}},{"type":"Feature","geometry":{"type":"Point","coordinates":[121.56108393898376,25.084609826605256]},"properties":{"permit_id":"11500323","city":"taipei","city_label":"臺北市","district":"內湖","district_display":"內湖區","addr":"內湖區內湖路1段27號至內湖路1段91巷13號前人行道更新工程","npurp":"道路維護","app_name":"新工處","tc_na":"金煌營造有限公司","co_ti":"0800至1700(工區視需求24小時圍設); 依交維計畫訂定時間施工","start_date":"2026-02-23","end_date":"2026-06-02","status_label":"施工中"}},{"type":"Feature","geometry":{"type":"Point","coordinates":[121.56108393898376,25.084609826605256]},"properties":{"permit_id":"11500323","city":"taipei","city_label":"臺北市","district":"內湖","district_display":"內湖區","addr":"內湖區內湖路1段27號至內湖路1段91巷13號前人行道更新工程","npurp":"道路維護","app_name":"新工處","tc_na":"金煌營造有限公司","co_ti":"0800至1700(工區視需求24小時圍設); 依交維計畫訂定時間施工","start_date":"2026-02-23","end_date":"2026-06-02","status_label":"施工中"}},{"type":"Feature","geometry":{"type":"Point","coordinates":[121.5605259970568,25.084790996527627]},"properties":{"permit_id":"11500323","city":"taipei","city_label":"臺北市","district":"內湖","district_display":"內湖區","addr":"內湖區內湖路1段27號至內湖路1段91巷13號前人行道更新工程","npurp":"道路維護","app_name":"新工處","tc_na":"金煌營造有限公司","co_ti":"0800至1700(工區視需求24小時圍設); 依交維計畫訂定時間施工","start_date":"2026-02-23","end_date":"2026-06-02","status_label":"施工中"}},{"type":"Feature","geometry":{"type":"Point","coordinates":[121.56029249538716,25.0848776985275]},"properties":{"permit_id":"11500323","city":"taipei","city_label":"臺北市","district":"內湖","district_display":"內湖區","addr":"內湖區內湖路1段27號至內湖路1段91巷13號前人行道更新工程","npurp":"道路維護","app_name":"新工處","tc_na":"金煌營造有限公司","co_ti":"0800至1700(工區視需求24小時圍設); 依交維計畫訂定時間施工","start_date":"2026-02-23","end_date":"2026-06-02","status_label":"施工中"}},{"type":"Feature","geometry":{"type":"Point","coordinates":[121.5601773521651,25.084906192260284]},"properties":{"permit_id":"11500323","city":"taipei","city_label":"臺北市","district":"內湖","district_display":"內湖區","addr":"內湖區內湖路1段27號至內湖路1段91巷13號前人行道更新工程","npurp":"道路維護","app_name":"新工處","tc_na":"金煌營造有限公司","co_ti":"0800至1700(工區視需求24小時圍設); 依交維計畫訂定時間施工","start_date":"2026-02-23","end_date":"2026-06-02","status_label":"施工中"}},{"type":"Feature","geometry":{"type":"Point","coordinates":[121.56018674416596,25.084946277242835]},"properties":{"permit_id":"11500323","city":"taipei","city_label":"臺北市","district":"內湖","district_display":"內湖區","addr":"內湖區內湖路1段27號至內湖路1段91巷13號前人行道更新工程","npurp":"道路維護","app_name":"新工處","tc_na":"金煌營造有限公司","co_ti":"0800至1700(工區視需求24小時圍設); 依交維計畫訂定時間施工","start_date":"2026-02-23","end_date":"2026-06-02","status_label":"施工中"}},{"type":"Feature","geometry":{"type":"Point","coordinates":[121.5601773521651,25.084906192260284]},"properties":{"permit_id":"11500323","city":"taipei","city_label":"臺北市","district":"內湖","district_display":"內湖區","addr":"內湖區內湖路1段27號至內湖路1段91巷13號前人行道更新工程","npurp":"道路維護","app_name":"新工處","tc_na":"金煌營造有限公司","co_ti":"0800至1700(工區視需求24小時圍設); 依交維計畫訂定時間施工","start_date":"2026-02-23","end_date":"2026-06-02","status_label":"施工中"}},{"type":"Feature","geometry":{"type":"Point","coordinates":[121.56018674416596,25.084946277242835]},"properties":{"permit_id":"11500323","city":"taipei","city_label":"臺北市","district":"內湖","district_display":"內湖區","addr":"內湖區內湖路1段27號至內湖路1段91巷13號前人行道更新工程","npurp":"道路維護","app_name":"新工處","tc_na":"金煌營造有限公司","co_ti":"0800至1700(工區視需求24小時圍設); 依交維計畫訂定時間施工","start_date":"2026-02-23","end_date":"2026-06-02","status_label":"施工中"}},{"type":"Feature","geometry":{"type":"Point","coordinates":[121.56018674416596,25.084946277242835]},"properties":{"permit_id":"11500323","city":"taipei","city_label":"臺北市","district":"內湖","district_display":"內湖區","addr":"內湖區內湖路1段27號至內湖路1段91巷13號前人行道更新工程","npurp":"道路維護","app_name":"新工處","tc_na":"金煌營造有限公司","co_ti":"0800至1700(工區視需求24小時圍設); 依交維計畫訂定時間施工","start_date":"2026-02-23","end_date":"2026-06-02","status_label":"施工中"}},{"type":"Feature","geometry":{"type":"Point","coordinates":[121.56018674416596,25.084946277242835]},"properties":{"permit_id":"11500323","city":"taipei","city_label":"臺北市","district":"內湖","district_display":"內湖區","addr":"內湖區內湖路1段27號至內湖路1段91巷13號前人行道更新工程","npurp":"道路維護","app_name":"新工處","tc_na":"金煌營造有限公司","co_ti":"0800至1700(工區視需求24小時圍設); 依交維計畫訂定時間施工","start_date":"2026-02-23","end_date":"2026-06-02","status_label":"施工中"}},{"type":"Feature","geometry":{"type":"Point","coordinates":[121.56108393898376,25.084609826605256]},"properties":{"permit_id":"11500323","city":"taipei","city_label":"臺北市","district":"內湖","district_display":"內湖區","addr":"內湖區內湖路1段27號至內湖路1段91巷13號前人行道更新工程","npurp":"道路維護","app_name":"新工處","tc_na":"金煌營造有限公司","co_ti":"0800至1700(工區視需求24小時圍設); 依交維計畫訂定時間施工","start_date":"2026-02-23","end_date":"2026-06-02","status_label":"施工中"}},{"type":"Feature","geometry":{"type":"Point","coordinates":[121.5601773521651,25.084906192260284]},"properties":{"permit_id":"11500323","city":"taipei","city_label":"臺北市","district":"內湖","district_display":"內湖區","addr":"內湖區內湖路1段27號至內湖路1段91巷13號前人行道更新工程","npurp":"道路維護","app_name":"新工處","tc_na":"金煌營造有限公司","co_ti":"0800至1700(工區視需求24小時圍設); 依交維計畫訂定時間施工","start_date":"2026-02-23","end_date":"2026-06-02","status_label":"施工中"}},{"type":"Feature","geometry":{"type":"Point","coordinates":[121.5601773521651,25.084906192260284]},"properties":{"permit_id":"11500323","city":"taipei","city_label":"臺北市","district":"內湖","district_display":"內湖區","addr":"內湖區內湖路1段27號至內湖路1段91巷13號前人行道更新工程","npurp":"道路維護","app_name":"新工處","tc_na":"金煌營造有限公司","co_ti":"0800至1700(工區視需求24小時圍設); 依交維計畫訂定時間施工","start_date":"2026-02-23","end_date":"2026-06-02","status_label":"施工中"}},{"type":"Feature","geometry":{"type":"Point","coordinates":[121.56058666938702,25.084784998445432]},"properties":{"permit_id":"11500323","city":"taipei","city_label":"臺北市","district":"內湖","district_display":"內湖區","addr":"內湖區內湖路1段27號至內湖路1段91巷13號前人行道更新工程","npurp":"道路維護","app_name":"新工處","tc_na":"金煌營造有限公司","co_ti":"0800至1700(工區視需求24小時圍設); 依交維計畫訂定時間施工","start_date":"2026-02-23","end_date":"2026-06-02","status_label":"施工中"}},{"type":"Feature","geometry":{"type":"Point","coordinates":[121.5601773521651,25.084906192260284]},"properties":{"permit_id":"11500323","city":"taipei","city_label":"臺北市","district":"內湖","district_display":"內湖區","addr":"內湖區內湖路1段27號至內湖路1段91巷13號前人行道更新工程","npurp":"道路維護","app_name":"新工處","tc_na":"金煌營造有限公司","co_ti":"0800至1700(工區視需求24小時圍設); 依交維計畫訂定時間施工","start_date":"2026-02-23","end_date":"2026-06-02","status_label":"施工中"}},{"type":"Feature","geometry":{"type":"Point","coordinates":[121.56108393898376,25.084609826605256]},"properties":{"permit_id":"11500323","city":"taipei","city_label":"臺北市","district":"內湖","district_display":"內湖區","addr":"內湖區內湖路1段27號至內湖路1段91巷13號前人行道更新工程","npurp":"道路維護","app_name":"新工處","tc_na":"金煌營造有限公司","co_ti":"0800至1700(工區視需求24小時圍設); 依交維計畫訂定時間施工","start_date":"2026-02-23","end_date":"2026-06-02","status_label":"施工中"}},{"type":"Feature","geometry":{"type":"Point","coordinates":[121.55965554631072,25.085031655171832]},"properties":{"permit_id":"115000518-1","city":"taipei","city_label":"臺北市","district":"內湖","district_display":"內湖區","addr":"文湖街1號前","npurp":"搶修-管(溝)渠損壞","app_name":"水利處","tc_na":"安宏營造有限公司","co_ti":"依現場搶修狀況而定；復舊作業非屬緊急搶修連續施工，限於日間10時至16時進場。","start_date":"2026-03-17","end_date":"2026-05-15","status_label":"施工中"}},{"type":"Feature","geometry":{"type":"Point","coordinates":[121.55966090922324,25.08505776198228]},"properties":{"permit_id":"115000518-1","city":"taipei","city_label":"臺北市","district":"內湖","district_display":"內湖區","addr":"文湖街1號前","npurp":"搶修-管(溝)渠損壞","app_name":"水利處","tc_na":"安宏營造有限公司","co_ti":"依現場搶修狀況而定；復舊作業非屬緊急搶修連續施工，限於日間10時至16時進場。","start_date":"2026-03-17","end_date":"2026-05-15","status_label":"施工中"}},{"type":"Feature","geometry":{"type":"Point","coordinates":[121.55966090922324,25.08505776198228]},"properties":{"permit_id":"115000518-1","city":"taipei","city_label":"臺北市","district":"內湖","district_display":"內湖區","addr":"文湖街1號前","npurp":"搶修-管(溝)渠損壞","app_name":"水利處","tc_na":"安宏營造有限公司","co_ti":"依現場搶修狀況而定；復舊作業非屬緊急搶修連續施工，限於日間10時至16時進場。","start_date":"2026-03-17","end_date":"2026-05-15","status_label":"施工中"}},{"type":"Feature","geometry":{"type":"Point","coordinates":[121.55966090922324,25.08505776198228]},"properties":{"permit_id":"115000518-1","city":"taipei","city_label":"臺北市","district":"內湖","district_display":"內湖區","addr":"文湖街1號前","npurp":"搶修-管(溝)渠損壞","app_name":"水利處","tc_na":"安宏營造有限公司","co_ti":"依現場搶修狀況而定；復舊作業非屬緊急搶修連續施工，限於日間10時至16時進場。","start_date":"2026-03-17","end_date":"2026-05-15","status_label":"施工中"}},{"type":"Feature","geometry":{"type":"Point","coordinates":[121.55965554631072,25.085031655171832]},"properties":{"permit_id":"115000518-1","city":"taipei","city_label":"臺北市","district":"內湖","district_display":"內湖區","addr":"文湖街1號前","npurp":"搶修-管(溝)渠損壞","app_name":"水利處","tc_na":"安宏營造有限公司","co_ti":"依現場搶修狀況而定；復舊作業非屬緊急搶修連續施工，限於日間10時至16時進場。","start_date":"2026-03-17","end_date":"2026-05-15","status_label":"施工中"}},{"type":"Feature","geometry":{"type":"Point","coordinates":[121.55966090922324,25.08505776198228]},"properties":{"permit_id":"115000518-1","city":"taipei","city_label":"臺北市","district":"內湖","district_display":"內湖區","addr":"文湖街1號前","npurp":"搶修-管(溝)渠損壞","app_name":"水利處","tc_na":"安宏營造有限公司","co_ti":"依現場搶修狀況而定；復舊作業非屬緊急搶修連續施工，限於日間10時至16時進場。","start_date":"2026-03-17","end_date":"2026-05-15","status_label":"施工中"}},{"type":"Feature","geometry":{"type":"Point","coordinates":[121.55966090922324,25.08505776198228]},"properties":{"permit_id":"115000518-1","city":"taipei","city_label":"臺北市","district":"內湖","district_display":"內湖區","addr":"文湖街1號前","npurp":"搶修-管(溝)渠損壞","app_name":"水利處","tc_na":"安宏營造有限公司","co_ti":"依現場搶修狀況而定；復舊作業非屬緊急搶修連續施工，限於日間10時至16時進場。","start_date":"2026-03-17","end_date":"2026-05-15","status_label":"施工中"}},{"type":"Feature","geometry":{"type":"Point","coordinates":[121.55966090922324,25.08505776198228]},"properties":{"permit_id":"115000518-1","city":"taipei","city_label":"臺北市","district":"內湖","district_display":"內湖區","addr":"文湖街1號前","npurp":"搶修-管(溝)渠損壞","app_name":"水利處","tc_na":"安宏營造有限公司","co_ti":"依現場搶修狀況而定；復舊作業非屬緊急搶修連續施工，限於日間10時至16時進場。","start_date":"2026-03-17","end_date":"2026-05-15","status_label":"施工中"}},{"type":"Feature","geometry":{"type":"Point","coordinates":[121.55966090922324,25.08505776198228]},"properties":{"permit_id":"115000518-1","city":"taipei","city_label":"臺北市","district":"內湖","district_display":"內湖區","addr":"文湖街1號前","npurp":"搶修-管(溝)渠損壞","app_name":"水利處","tc_na":"安宏營造有限公司","co_ti":"依現場搶修狀況而定；復舊作業非屬緊急搶修連續施工，限於日間10時至16時進場。","start_date":"2026-03-17","end_date":"2026-05-15","status_label":"施工中"}},{"type":"Feature","geometry":{"type":"Point","coordinates":[121.55966090922324,25.08505776198228]},"properties":{"permit_id":"115000518-1","city":"taipei","city_label":"臺北市","district":"內湖","district_display":"內湖區","addr":"文湖街1號前","npurp":"搶修-管(溝)渠損壞","app_name":"水利處","tc_na":"安宏營造有限公司","co_ti":"依現場搶修狀況而定；復舊作業非屬緊急搶修連續施工，限於日間10時至16時進場。","start_date":"2026-03-17","end_date":"2026-05-15","status_label":"施工中"}},{"type":"Feature","geometry":{"type":"Point","coordinates":[121.55965554631072,25.085031655171832]},"properties":{"permit_id":"115000518-1","city":"taipei","city_label":"臺北市","district":"內湖","district_display":"內湖區","addr":"文湖街1號前","npurp":"搶修-管(溝)渠損壞","app_name":"水利處","tc_na":"安宏營造有限公司","co_ti":"依現場搶修狀況而定；復舊作業非屬緊急搶修連續施工，限於日間10時至16時進場。","start_date":"2026-03-17","end_date":"2026-05-15","status_label":"施工中"}},{"type":"Feature","geometry":{"type":"Point","coordinates":[121.55965554631072,25.085031655171832]},"properties":{"permit_id":"115000518-1","city":"taipei","city_label":"臺北市","district":"內湖","district_display":"內湖區","addr":"文湖街1號前","npurp":"搶修-管(溝)渠損壞","app_name":"水利處","tc_na":"安宏營造有限公司","co_ti":"依現場搶修狀況而定；復舊作業非屬緊急搶修連續施工，限於日間10時至16時進場。","start_date":"2026-03-17","end_date":"2026-05-15","status_label":"施工中"}},{"type":"Feature","geometry":{"type":"Point","coordinates":[121.6136661253612,25.066999307111708]},"properties":{"permit_id":"11404720-2","city":"taipei","city_label":"臺北市","district":"內湖","district_display":"內湖區","addr":"五分街(6號至14巷西側)人行道更新工程","npurp":"道路維護","app_name":"新工處","tc_na":"金煌營造有限公司","co_ti":"0800至1700(工區視需求24小時圍設); 依交維計畫訂定時間施工","start_date":"2026-04-08","end_date":"2026-05-08","status_label":"施工中"}},{"type":"Feature","geometry":{"type":"Point","coordinates":[121.57608487993232,25.055758680510426]},"properties":{"permit_id":"11500309-1","city":"taipei","city_label":"臺北市","district":"內湖","district_display":"內湖區","addr":"內湖區行善路25巷部分人行道更新工程","npurp":"道路維護","app_name":"新工處","tc_na":"金煌營造有限公司","co_ti":"0800至1700(工區視需求24小時圍設); 依交維計畫訂定時間施工","start_date":"2026-04-14","end_date":"2026-05-13","status_label":"施工中"}},{"type":"Feature","geometry":{"type":"Point","coordinates":[121.57610231871544,25.055730129462592]},"properties":{"permit_id":"11500309-1","city":"taipei","city_label":"臺北市","district":"內湖","district_display":"內湖區","addr":"內湖區行善路25巷部分人行道更新工程","npurp":"道路維護","app_name":"新工處","tc_na":"金煌營造有限公司","co_ti":"0800至1700(工區視需求24小時圍設); 依交維計畫訂定時間施工","start_date":"2026-04-14","end_date":"2026-05-13","status_label":"施工中"}},{"type":"Feature","geometry":{"type":"Point","coordinates":[121.575533689937,25.056482761192047]},"properties":{"permit_id":"11500309-1","city":"taipei","city_label":"臺北市","district":"內湖","district_display":"內湖區","addr":"內湖區行善路25巷部分人行道更新工程","npurp":"道路維護","app_name":"新工處","tc_na":"金煌營造有限公司","co_ti":"0800至1700(工區視需求24小時圍設); 依交維計畫訂定時間施工","start_date":"2026-04-14","end_date":"2026-05-13","status_label":"施工中"}},{"type":"Feature","geometry":{"type":"Point","coordinates":[121.5765743878633,25.055968858172577]},"properties":{"permit_id":"11500309-1","city":"taipei","city_label":"臺北市","district":"內湖","district_display":"內湖區","addr":"內湖區行善路25巷部分人行道更新工程","npurp":"道路維護","app_name":"新工處","tc_na":"金煌營造有限公司","co_ti":"0800至1700(工區視需求24小時圍設); 依交維計畫訂定時間施工","start_date":"2026-04-14","end_date":"2026-05-13","status_label":"施工中"}},{"type":"Feature","geometry":{"type":"Point","coordinates":[121.5765743878633,25.055968858172577]},"properties":{"permit_id":"11500309-1","city":"taipei","city_label":"臺北市","district":"內湖","district_display":"內湖區","addr":"內湖區行善路25巷部分人行道更新工程","npurp":"道路維護","app_name":"新工處","tc_na":"金煌營造有限公司","co_ti":"0800至1700(工區視需求24小時圍設); 依交維計畫訂定時間施工","start_date":"2026-04-14","end_date":"2026-05-13","status_label":"施工中"}},{"type":"Feature","geometry":{"type":"Point","coordinates":[121.57610231871544,25.055730129462592]},"properties":{"permit_id":"11500309-1","city":"taipei","city_label":"臺北市","district":"內湖","district_display":"內湖區","addr":"內湖區行善路25巷部分人行道更新工程","npurp":"道路維護","app_name":"新工處","tc_na":"金煌營造有限公司","co_ti":"0800至1700(工區視需求24小時圍設); 依交維計畫訂定時間施工","start_date":"2026-04-14","end_date":"2026-05-13","status_label":"施工中"}},{"type":"Feature","geometry":{"type":"Point","coordinates":[121.57733354054884,25.056427132460115]},"properties":{"permit_id":"11500309-1","city":"taipei","city_label":"臺北市","district":"內湖","district_display":"內湖區","addr":"內湖區行善路25巷部分人行道更新工程","npurp":"道路維護","app_name":"新工處","tc_na":"金煌營造有限公司","co_ti":"0800至1700(工區視需求24小時圍設); 依交維計畫訂定時間施工","start_date":"2026-04-14","end_date":"2026-05-13","status_label":"施工中"}},{"type":"Feature","geometry":{"type":"Point","coordinates":[121.57694251614691,25.05615352312643]},"properties":{"permit_id":"11500309-1","city":"taipei","city_label":"臺北市","district":"內湖","district_display":"內湖區","addr":"內湖區行善路25巷部分人行道更新工程","npurp":"道路維護","app_name":"新工處","tc_na":"金煌營造有限公司","co_ti":"0800至1700(工區視需求24小時圍設); 依交維計畫訂定時間施工","start_date":"2026-04-14","end_date":"2026-05-13","status_label":"施工中"}},{"type":"Feature","geometry":{"type":"Point","coordinates":[121.5765743878633,25.055968858172577]},"properties":{"permit_id":"11500309-1","city":"taipei","city_label":"臺北市","district":"內湖","district_display":"內湖區","addr":"內湖區行善路25巷部分人行道更新工程","npurp":"道路維護","app_name":"新工處","tc_na":"金煌營造有限公司","co_ti":"0800至1700(工區視需求24小時圍設); 依交維計畫訂定時間施工","start_date":"2026-04-14","end_date":"2026-05-13","status_label":"施工中"}},{"type":"Feature","geometry":{"type":"Point","coordinates":[121.5765743878633,25.055968858172577]},"properties":{"permit_id":"11500309-1","city":"taipei","city_label":"臺北市","district":"內湖","district_display":"內湖區","addr":"內湖區行善路25巷部分人行道更新工程","npurp":"道路維護","app_name":"新工處","tc_na":"金煌營造有限公司","co_ti":"0800至1700(工區視需求24小時圍設); 依交維計畫訂定時間施工","start_date":"2026-04-14","end_date":"2026-05-13","status_label":"施工中"}},{"type":"Feature","geometry":{"type":"Point","coordinates":[121.57554307151378,25.05648822289998]},"properties":{"permit_id":"11500309-1","city":"taipei","city_label":"臺北市","district":"內湖","district_display":"內湖區","addr":"內湖區行善路25巷部分人行道更新工程","npurp":"道路維護","app_name":"新工處","tc_na":"金煌營造有限公司","co_ti":"0800至1700(工區視需求24小時圍設); 依交維計畫訂定時間施工","start_date":"2026-04-14","end_date":"2026-05-13","status_label":"施工中"}},{"type":"Feature","geometry":{"type":"Point","coordinates":[121.57601312997828,25.055776906506672]},"properties":{"permit_id":"11500309-1","city":"taipei","city_label":"臺北市","district":"內湖","district_display":"內湖區","addr":"內湖區行善路25巷部分人行道更新工程","npurp":"道路維護","app_name":"新工處","tc_na":"金煌營造有限公司","co_ti":"0800至1700(工區視需求24小時圍設); 依交維計畫訂定時間施工","start_date":"2026-04-14","end_date":"2026-05-13","status_label":"施工中"}},{"type":"Feature","geometry":{"type":"Point","coordinates":[121.57610231871544,25.055730129462592]},"properties":{"permit_id":"11500309-1","city":"taipei","city_label":"臺北市","district":"內湖","district_display":"內湖區","addr":"內湖區行善路25巷部分人行道更新工程","npurp":"道路維護","app_name":"新工處","tc_na":"金煌營造有限公司","co_ti":"0800至1700(工區視需求24小時圍設); 依交維計畫訂定時間施工","start_date":"2026-04-14","end_date":"2026-05-13","status_label":"施工中"}},{"type":"Feature","geometry":{"type":"Point","coordinates":[121.60640231591994,25.06891666740876]},"properties":{"permit_id":"11500871","city":"taipei","city_label":"臺北市","district":"內湖","district_display":"內湖區","addr":"民權東路六段280巷69弄70號前","npurp":"道路維護","app_name":"水利處","tc_na":"泇溢營造有限公司","co_ti":"自09時00分至18時00分; 依交維計畫訂定時間施工","start_date":"2026-04-22","end_date":"2026-05-05","status_label":"施工中"}},{"type":"Feature","geometry":{"type":"Point","coordinates":[121.60644456195196,25.06894703647636]},"properties":{"permit_id":"11500871","city":"taipei","city_label":"臺北市","district":"內湖","district_display":"內湖區","addr":"民權東路六段280巷69弄70號前","npurp":"道路維護","app_name":"水利處","tc_na":"泇溢營造有限公司","co_ti":"自09時00分至18時00分; 依交維計畫訂定時間施工","start_date":"2026-04-22","end_date":"2026-05-05","status_label":"施工中"}},{"type":"Feature","geometry":{"type":"Point","coordinates":[121.60644456195196,25.06894703647636]},"properties":{"permit_id":"11500871","city":"taipei","city_label":"臺北市","district":"內湖","district_display":"內湖區","addr":"民權東路六段280巷69弄70號前","npurp":"道路維護","app_name":"水利處","tc_na":"泇溢營造有限公司","co_ti":"自09時00分至18時00分; 依交維計畫訂定時間施工","start_date":"2026-04-22","end_date":"2026-05-05","status_label":"施工中"}},{"type":"Feature","geometry":{"type":"Point","coordinates":[121.60644456195196,25.06894703647636]},"properties":{"permit_id":"11500871","city":"taipei","city_label":"臺北市","district":"內湖","district_display":"內湖區","addr":"民權東路六段280巷69弄70號前","npurp":"道路維護","app_name":"水利處","tc_na":"泇溢營造有限公司","co_ti":"自09時00分至18時00分; 依交維計畫訂定時間施工","start_date":"2026-04-22","end_date":"2026-05-05","status_label":"施工中"}},{"type":"Feature","geometry":{"type":"Point","coordinates":[121.60644154679406,25.068950678037822]},"properties":{"permit_id":"11500871","city":"taipei","city_label":"臺北市","district":"內湖","district_display":"內湖區","addr":"民權東路六段280巷69弄70號前","npurp":"道路維護","app_name":"水利處","tc_na":"泇溢營造有限公司","co_ti":"自09時00分至18時00分; 依交維計畫訂定時間施工","start_date":"2026-04-22","end_date":"2026-05-05","status_label":"施工中"}},{"type":"Feature","geometry":{"type":"Point","coordinates":[121.61860747068926,25.07339311074961]},"properties":{"permit_id":"11500883","city":"taipei","city_label":"臺北市","district":"內湖","district_display":"內湖區","addr":"康樂街136巷15弄(54號至安泰街)及康樂街136巷3弄(康樂合署大樓地下停車場至康樂街162巷）側溝蓋更新工程","npurp":"道路維護","app_name":"新工處","tc_na":"晉德營造有限公司","co_ti":"自09時00分至18時00分; 依交維計畫訂定時間施工","start_date":"2026-04-24","end_date":"2026-05-22","status_label":"施工中"}},{"type":"Feature","geometry":{"type":"Point","coordinates":[121.59051015986272,25.08668405436631]},"properties":{"permit_id":"11500895","city":"taipei","city_label":"臺北市","district":"內湖","district_display":"內湖區","addr":"內湖路3段90-128號雙側溝蓋更新工程","npurp":"道路維護","app_name":"新工處","tc_na":"晉德營造有限公司","co_ti":"自09時00分至18時00分; 依交維計畫訂定時間施工","start_date":"2026-04-27","end_date":"2026-05-26","status_label":"施工中"}},{"type":"Feature","geometry":{"type":"Point","coordinates":[121.59051015986272,25.08668405436631]},"properties":{"permit_id":"11500895","city":"taipei","city_label":"臺北市","district":"內湖","district_display":"內湖區","addr":"內湖路3段90-128號雙側溝蓋更新工程","npurp":"道路維護","app_name":"新工處","tc_na":"晉德營造有限公司","co_ti":"自09時00分至18時00分; 依交維計畫訂定時間施工","start_date":"2026-04-27","end_date":"2026-05-26","status_label":"施工中"}},{"type":"Feature","geometry":{"type":"Point","coordinates":[121.58996486214792,25.08691864847288]},"properties":{"permit_id":"11500895","city":"taipei","city_label":"臺北市","district":"內湖","district_display":"內湖區","addr":"內湖路3段90-128號雙側溝蓋更新工程","npurp":"道路維護","app_name":"新工處","tc_na":"晉德營造有限公司","co_ti":"自09時00分至18時00分; 依交維計畫訂定時間施工","start_date":"2026-04-27","end_date":"2026-05-26","status_label":"施工中"}},{"type":"Feature","geometry":{"type":"Point","coordinates":[121.46496399925492,25.123454362576496]},"properties":{"permit_id":"11405325-1","city":"taipei","city_label":"臺北市","district":"北投","district_display":"北投區","addr":"北投區往台北方向台2乙10K+888至10K+799M東南側人行道側道路施工。","npurp":"道路維護","app_name":"新北市新工處","tc_na":"榮工工程股份有限公司","co_ti":"自09時00分至17時00分(含例假日); 依交維計畫訂定時間施工","start_date":"2026-02-06","end_date":"2026-07-29","status_label":"施工中"}},{"type":"Feature","geometry":{"type":"Point","coordinates":[121.4642505342573,25.12376520440031]},"properties":{"permit_id":"11405325-1","city":"taipei","city_label":"臺北市","district":"北投","district_display":"北投區","addr":"北投區往台北方向台2乙10K+888至10K+799M東南側人行道側道路施工。","npurp":"道路維護","app_name":"新北市新工處","tc_na":"榮工工程股份有限公司","co_ti":"自09時00分至17時00分(含例假日); 依交維計畫訂定時間施工","start_date":"2026-02-06","end_date":"2026-07-29","status_label":"施工中"}},{"type":"Feature","geometry":{"type":"Point","coordinates":[121.46480840258285,25.123492289857392]},"properties":{"permit_id":"11405325-1","city":"taipei","city_label":"臺北市","district":"北投","district_display":"北投區","addr":"北投區往台北方向台2乙10K+888至10K+799M東南側人行道側道路施工。","npurp":"道路維護","app_name":"新北市新工處","tc_na":"榮工工程股份有限公司","co_ti":"自09時00分至17時00分(含例假日); 依交維計畫訂定時間施工","start_date":"2026-02-06","end_date":"2026-07-29","status_label":"施工中"}},{"type":"Feature","geometry":{"type":"Point","coordinates":[121.4649073008121,25.1233402905547]},"properties":{"permit_id":"11405325-1","city":"taipei","city_label":"臺北市","district":"北投","district_display":"北投區","addr":"北投區往台北方向台2乙10K+888至10K+799M東南側人行道側道路施工。","npurp":"道路維護","app_name":"新北市新工處","tc_na":"榮工工程股份有限公司","co_ti":"自09時00分至17時00分(含例假日); 依交維計畫訂定時間施工","start_date":"2026-02-06","end_date":"2026-07-29","status_label":"施工中"}},{"type":"Feature","geometry":{"type":"Point","coordinates":[121.4653741007548,25.123297450233892]},"properties":{"permit_id":"11405325-1","city":"taipei","city_label":"臺北市","district":"北投","district_display":"北投區","addr":"北投區往台北方向台2乙10K+888至10K+799M東南側人行道側道路施工。","npurp":"道路維護","app_name":"新北市新工處","tc_na":"榮工工程股份有限公司","co_ti":"自09時00分至17時00分(含例假日); 依交維計畫訂定時間施工","start_date":"2026-02-06","end_date":"2026-07-29","status_label":"施工中"}},{"type":"Feature","geometry":{"type":"Point","coordinates":[121.46496399925492,25.123454362576496]},"properties":{"permit_id":"11405325-1","city":"taipei","city_label":"臺北市","district":"北投","district_display":"北投區","addr":"北投區往台北方向台2乙10K+888至10K+799M東南側人行道側道路施工。","npurp":"道路維護","app_name":"新北市新工處","tc_na":"榮工工程股份有限公司","co_ti":"自09時00分至17時00分(含例假日); 依交維計畫訂定時間施工","start_date":"2026-02-06","end_date":"2026-07-29","status_label":"施工中"}},{"type":"Feature","geometry":{"type":"Point","coordinates":[121.4652772385485,25.12331133247988]},"properties":{"permit_id":"11405325-1","city":"taipei","city_label":"臺北市","district":"北投","district_display":"北投區","addr":"北投區往台北方向台2乙10K+888至10K+799M東南側人行道側道路施工。","npurp":"道路維護","app_name":"新北市新工處","tc_na":"榮工工程股份有限公司","co_ti":"自09時00分至17時00分(含例假日); 依交維計畫訂定時間施工","start_date":"2026-02-06","end_date":"2026-07-29","status_label":"施工中"}},{"type":"Feature","geometry":{"type":"Point","coordinates":[121.50115416969015,25.133775739180056]},"properties":{"permit_id":"115000648","city":"taipei","city_label":"臺北市","district":"北投","district_display":"北投區","addr":"中央北路1段2號至12號附近地區","npurp":"市政建設(衛工處-污水管線)","app_name":"衛工處","tc_na":"廣信工程股份有限公司","co_ti":"日間施工9時30分至16時","start_date":"2026-03-30","end_date":"2026-05-08","status_label":"施工中"}},{"type":"Feature","geometry":{"type":"Point","coordinates":[121.501157830074,25.133749220599302]},"properties":{"permit_id":"115000648","city":"taipei","city_label":"臺北市","district":"北投","district_display":"北投區","addr":"中央北路1段2號至12號附近地區","npurp":"市政建設(衛工處-污水管線)","app_name":"衛工處","tc_na":"廣信工程股份有限公司","co_ti":"日間施工9時30分至16時","start_date":"2026-03-30","end_date":"2026-05-08","status_label":"施工中"}},{"type":"Feature","geometry":{"type":"Point","coordinates":[121.501157830074,25.133749220599302]},"properties":{"permit_id":"115000648","city":"taipei","city_label":"臺北市","district":"北投","district_display":"北投區","addr":"中央北路1段2號至12號附近地區","npurp":"市政建設(衛工處-污水管線)","app_name":"衛工處","tc_na":"廣信工程股份有限公司","co_ti":"日間施工9時30分至16時","start_date":"2026-03-30","end_date":"2026-05-08","status_label":"施工中"}},{"type":"Feature","geometry":{"type":"Point","coordinates":[121.50155832507602,25.13350661943604]},"properties":{"permit_id":"115000648","city":"taipei","city_label":"臺北市","district":"北投","district_display":"北投區","addr":"中央北路1段2號至12號附近地區","npurp":"市政建設(衛工處-污水管線)","app_name":"衛工處","tc_na":"廣信工程股份有限公司","co_ti":"日間施工9時30分至16時","start_date":"2026-03-30","end_date":"2026-05-08","status_label":"施工中"}},{"type":"Feature","geometry":{"type":"Point","coordinates":[121.501157830074,25.133749220599302]},"properties":{"permit_id":"115000648","city":"taipei","city_label":"臺北市","district":"北投","district_display":"北投區","addr":"中央北路1段2號至12號附近地區","npurp":"市政建設(衛工處-污水管線)","app_name":"衛工處","tc_na":"廣信工程股份有限公司","co_ti":"日間施工9時30分至16時","start_date":"2026-03-30","end_date":"2026-05-08","status_label":"施工中"}},{"type":"Feature","geometry":{"type":"Point","coordinates":[121.50115416969015,25.133775739180056]},"properties":{"permit_id":"115000648","city":"taipei","city_label":"臺北市","district":"北投","district_display":"北投區","addr":"中央北路1段2號至12號附近地區","npurp":"市政建設(衛工處-污水管線)","app_name":"衛工處","tc_na":"廣信工程股份有限公司","co_ti":"日間施工9時30分至16時","start_date":"2026-03-30","end_date":"2026-05-08","status_label":"施工中"}},{"type":"Feature","geometry":{"type":"Point","coordinates":[121.50160976863458,25.119283345078635]},"properties":{"permit_id":"115000806","city":"taipei","city_label":"臺北市","district":"北投","district_display":"北投區","addr":"承德路7段與公館路附近一帶","npurp":"管線單位需求-建設需求","app_name":"台電北區","tc_na":"奕揚營造有限公司","co_ti":"依據易壅塞路段核准日間10時至16時及夜間施工22時至6時","start_date":"2026-04-13","end_date":"2026-05-29","status_label":"施工中"}},{"type":"Feature","geometry":{"type":"Point","coordinates":[121.50017738802715,25.12052294646129]},"properties":{"permit_id":"115000806","city":"taipei","city_label":"臺北市","district":"北投","district_display":"北投區","addr":"承德路7段與公館路附近一帶","npurp":"管線單位需求-建設需求","app_name":"台電北區","tc_na":"奕揚營造有限公司","co_ti":"依據易壅塞路段核准日間10時至16時及夜間施工22時至6時","start_date":"2026-04-13","end_date":"2026-05-29","status_label":"施工中"}},{"type":"Feature","geometry":{"type":"Point","coordinates":[121.50017738802715,25.12052294646129]},"properties":{"permit_id":"115000806","city":"taipei","city_label":"臺北市","district":"北投","district_display":"北投區","addr":"承德路7段與公館路附近一帶","npurp":"管線單位需求-建設需求","app_name":"台電北區","tc_na":"奕揚營造有限公司","co_ti":"依據易壅塞路段核准日間10時至16時及夜間施工22時至6時","start_date":"2026-04-13","end_date":"2026-05-29","status_label":"施工中"}},{"type":"Feature","geometry":{"type":"Point","coordinates":[121.50017738802715,25.12052294646129]},"properties":{"permit_id":"115000806","city":"taipei","city_label":"臺北市","district":"北投","district_display":"北投區","addr":"承德路7段與公館路附近一帶","npurp":"管線單位需求-建設需求","app_name":"台電北區","tc_na":"奕揚營造有限公司","co_ti":"依據易壅塞路段核准日間10時至16時及夜間施工22時至6時","start_date":"2026-04-13","end_date":"2026-05-29","status_label":"施工中"}},{"type":"Feature","geometry":{"type":"Point","coordinates":[121.50160976863458,25.119283345078635]},"properties":{"permit_id":"115000806","city":"taipei","city_label":"臺北市","district":"北投","district_display":"北投區","addr":"承德路7段與公館路附近一帶","npurp":"管線單位需求-建設需求","app_name":"台電北區","tc_na":"奕揚營造有限公司","co_ti":"依據易壅塞路段核准日間10時至16時及夜間施工22時至6時","start_date":"2026-04-13","end_date":"2026-05-29","status_label":"施工中"}},{"type":"Feature","geometry":{"type":"Point","coordinates":[121.50017738802715,25.12052294646129]},"properties":{"permit_id":"115000806","city":"taipei","city_label":"臺北市","district":"北投","district_display":"北投區","addr":"承德路7段與公館路附近一帶","npurp":"管線單位需求-建設需求","app_name":"台電北區","tc_na":"奕揚營造有限公司","co_ti":"依據易壅塞路段核准日間10時至16時及夜間施工22時至6時","start_date":"2026-04-13","end_date":"2026-05-29","status_label":"施工中"}},{"type":"Feature","geometry":{"type":"Point","coordinates":[121.4778922405505,25.13500049689138]},"properties":{"permit_id":"11500651","city":"taipei","city_label":"臺北市","district":"北投","district_display":"北投區","addr":"中央北路4段(一心路至中央北路3段)","npurp":"道路維護","app_name":"新工處","tc_na":"金煌營造有限公司","co_ti":"自09時00分至17時00分；工區24小時圍設; 依交維計畫訂定時間施工","start_date":"2026-04-13","end_date":"2026-06-10","status_label":"施工中"}},{"type":"Feature","geometry":{"type":"Point","coordinates":[121.47564946198048,25.13311325544224]},"properties":{"permit_id":"11500651","city":"taipei","city_label":"臺北市","district":"北投","district_display":"北投區","addr":"中央北路4段(一心路至中央北路3段)雙側溝蓋","npurp":"道路維護","app_name":"新工處","tc_na":"金煌營造有限公司","co_ti":"自09時00分至17時00分；工區24小時圍設; 依交維計畫訂定時間施工","start_date":"2026-04-13","end_date":"2026-06-10","status_label":"施工中"}},{"type":"Feature","geometry":{"type":"Point","coordinates":[121.47807973648374,25.135113924952517]},"properties":{"permit_id":"11500651","city":"taipei","city_label":"臺北市","district":"北投","district_display":"北投區","addr":"中央北路4段(一心路至中央北路3段)","npurp":"道路維護","app_name":"新工處","tc_na":"金煌營造有限公司","co_ti":"自09時00分至17時00分；工區24小時圍設; 依交維計畫訂定時間施工","start_date":"2026-04-13","end_date":"2026-06-10","status_label":"施工中"}},{"type":"Feature","geometry":{"type":"Point","coordinates":[121.4780840179691,25.134929784747857]},"properties":{"permit_id":"11500651","city":"taipei","city_label":"臺北市","district":"北投","district_display":"北投區","addr":"中央北路4段(一心路至中央北路3段)","npurp":"道路維護","app_name":"新工處","tc_na":"金煌營造有限公司","co_ti":"自09時00分至17時00分；工區24小時圍設; 依交維計畫訂定時間施工","start_date":"2026-04-13","end_date":"2026-06-10","status_label":"施工中"}},{"type":"Feature","geometry":{"type":"Point","coordinates":[121.476639731518,25.13390292326114]},"properties":{"permit_id":"11500651","city":"taipei","city_label":"臺北市","district":"北投","district_display":"北投區","addr":"中央北路4段(一心路至中央北路3段)","npurp":"道路維護","app_name":"新工處","tc_na":"金煌營造有限公司","co_ti":"自09時00分至17時00分；工區24小時圍設; 依交維計畫訂定時間施工","start_date":"2026-04-13","end_date":"2026-06-10","status_label":"施工中"}},{"type":"Feature","geometry":{"type":"Point","coordinates":[121.47813211073984,25.13498397823215]},"properties":{"permit_id":"11500651","city":"taipei","city_label":"臺北市","district":"北投","district_display":"北投區","addr":"中央北路4段(一心路至中央北路3段)","npurp":"道路維護","app_name":"新工處","tc_na":"金煌營造有限公司","co_ti":"自09時00分至17時00分；工區24小時圍設; 依交維計畫訂定時間施工","start_date":"2026-04-13","end_date":"2026-06-10","status_label":"施工中"}},{"type":"Feature","geometry":{"type":"Point","coordinates":[121.47730491433497,25.134431313652428]},"properties":{"permit_id":"11500651","city":"taipei","city_label":"臺北市","district":"北投","district_display":"北投區","addr":"中央北路4段(一心路至中央北路3段)","npurp":"道路維護","app_name":"新工處","tc_na":"金煌營造有限公司","co_ti":"自09時00分至17時00分；工區24小時圍設; 依交維計畫訂定時間施工","start_date":"2026-04-13","end_date":"2026-06-10","status_label":"施工中"}},{"type":"Feature","geometry":{"type":"Point","coordinates":[121.47497948299632,25.13257190849585]},"properties":{"permit_id":"11500651","city":"taipei","city_label":"臺北市","district":"北投","district_display":"北投區","addr":"中央北路4段(一心路至中央北路3段)雙側溝蓋","npurp":"道路維護","app_name":"新工處","tc_na":"金煌營造有限公司","co_ti":"自09時00分至17時00分；工區24小時圍設; 依交維計畫訂定時間施工","start_date":"2026-04-13","end_date":"2026-06-10","status_label":"施工中"}},{"type":"Feature","geometry":{"type":"Point","coordinates":[121.47497948299632,25.13257190849585]},"properties":{"permit_id":"11500651","city":"taipei","city_label":"臺北市","district":"北投","district_display":"北投區","addr":"中央北路4段(一心路至中央北路3段)雙側溝蓋","npurp":"道路維護","app_name":"新工處","tc_na":"金煌營造有限公司","co_ti":"自09時00分至17時00分；工區24小時圍設; 依交維計畫訂定時間施工","start_date":"2026-04-13","end_date":"2026-06-10","status_label":"施工中"}},{"type":"Feature","geometry":{"type":"Point","coordinates":[121.47543132057316,25.13310839420815]},"properties":{"permit_id":"11500651","city":"taipei","city_label":"臺北市","district":"北投","district_display":"北投區","addr":"中央北路4段(一心路至中央北路3段)雙側溝蓋","npurp":"道路維護","app_name":"新工處","tc_na":"金煌營造有限公司","co_ti":"自09時00分至17時00分；工區24小時圍設; 依交維計畫訂定時間施工","start_date":"2026-04-13","end_date":"2026-06-10","status_label":"施工中"}},{"type":"Feature","geometry":{"type":"Point","coordinates":[121.47564946198048,25.13311325544224]},"properties":{"permit_id":"11500651","city":"taipei","city_label":"臺北市","district":"北投","district_display":"北投區","addr":"中央北路4段(一心路至中央北路3段)雙側溝蓋","npurp":"道路維護","app_name":"新工處","tc_na":"金煌營造有限公司","co_ti":"自09時00分至17時00分；工區24小時圍設; 依交維計畫訂定時間施工","start_date":"2026-04-13","end_date":"2026-06-10","status_label":"施工中"}},{"type":"Feature","geometry":{"type":"Point","coordinates":[121.47695856081008,25.134136237663533]},"properties":{"permit_id":"11500651","city":"taipei","city_label":"臺北市","district":"北投","district_display":"北投區","addr":"中央北路4段(一心路至中央北路3段)雙側溝蓋","npurp":"道路維護","app_name":"新工處","tc_na":"金煌營造有限公司","co_ti":"自09時00分至17時00分；工區24小時圍設; 依交維計畫訂定時間施工","start_date":"2026-04-13","end_date":"2026-06-10","status_label":"施工中"}},{"type":"Feature","geometry":{"type":"Point","coordinates":[121.47731678525206,25.134609831544516]},"properties":{"permit_id":"11500651","city":"taipei","city_label":"臺北市","district":"北投","district_display":"北投區","addr":"中央北路4段(一心路至中央北路3段)雙側溝蓋","npurp":"道路維護","app_name":"新工處","tc_na":"金煌營造有限公司","co_ti":"自09時00分至17時00分；工區24小時圍設; 依交維計畫訂定時間施工","start_date":"2026-04-13","end_date":"2026-06-10","status_label":"施工中"}},{"type":"Feature","geometry":{"type":"Point","coordinates":[121.47730491433497,25.134431313652428]},"properties":{"permit_id":"11500651","city":"taipei","city_label":"臺北市","district":"北投","district_display":"北投區","addr":"中央北路4段(一心路至中央北路3段)雙側溝蓋","npurp":"道路維護","app_name":"新工處","tc_na":"金煌營造有限公司","co_ti":"自09時00分至17時00分；工區24小時圍設; 依交維計畫訂定時間施工","start_date":"2026-04-13","end_date":"2026-06-10","status_label":"施工中"}},{"type":"Feature","geometry":{"type":"Point","coordinates":[121.47564946198048,25.13311325544224]},"properties":{"permit_id":"11500651","city":"taipei","city_label":"臺北市","district":"北投","district_display":"北投區","addr":"中央北路4段(一心路至中央北路3段)雙側溝蓋","npurp":"道路維護","app_name":"新工處","tc_na":"金煌營造有限公司","co_ti":"自09時00分至17時00分；工區24小時圍設; 依交維計畫訂定時間施工","start_date":"2026-04-13","end_date":"2026-06-10","status_label":"施工中"}},{"type":"Feature","geometry":{"type":"Point","coordinates":[121.47497948299632,25.13257190849585]},"properties":{"permit_id":"11500651","city":"taipei","city_label":"臺北市","district":"北投","district_display":"北投區","addr":"中央北路4段(一心路至中央北路3段)雙側溝蓋","npurp":"道路維護","app_name":"新工處","tc_na":"金煌營造有限公司","co_ti":"自09時00分至17時00分；工區24小時圍設; 依交維計畫訂定時間施工","start_date":"2026-04-13","end_date":"2026-06-10","status_label":"施工中"}},{"type":"Feature","geometry":{"type":"Point","coordinates":[121.47498689425514,25.132562432402157]},"properties":{"permit_id":"11500651","city":"taipei","city_label":"臺北市","district":"北投","district_display":"北投區","addr":"中央北路4段(一心路至中央北路3段)雙側溝蓋","npurp":"道路維護","app_name":"新工處","tc_na":"金煌營造有限公司","co_ti":"自09時00分至17時00分；工區24小時圍設; 依交維計畫訂定時間施工","start_date":"2026-04-13","end_date":"2026-06-10","status_label":"施工中"}},{"type":"Feature","geometry":{"type":"Point","coordinates":[121.47498689425514,25.132562432402157]},"properties":{"permit_id":"11500651","city":"taipei","city_label":"臺北市","district":"北投","district_display":"北投區","addr":"中央北路4段(一心路至中央北路3段)雙側溝蓋","npurp":"道路維護","app_name":"新工處","tc_na":"金煌營造有限公司","co_ti":"自09時00分至17時00分；工區24小時圍設; 依交維計畫訂定時間施工","start_date":"2026-04-13","end_date":"2026-06-10","status_label":"施工中"}},{"type":"Feature","geometry":{"type":"Point","coordinates":[121.52005604828618,25.115253889781997]},"properties":{"permit_id":"11500739","city":"taipei","city_label":"臺北市","district":"北投","district_display":"北投區","addr":"北投區明德路(振華街至明德路337巷間)雙側人行道拓寬工程","npurp":"道路維護","app_name":"新工處","tc_na":"達客利科技有限公司","co_ti":"自09時00分至17時00分; 依交維計畫訂定時間施工","start_date":"2026-04-13","end_date":"2026-08-15","status_label":"施工中"}},{"type":"Feature","geometry":{"type":"Point","coordinates":[121.52007800077504,25.11526999096]},"properties":{"permit_id":"11500739","city":"taipei","city_label":"臺北市","district":"北投","district_display":"北投區","addr":"北投區明德路(振華街至明德路337巷間)雙側人行道拓寬工程","npurp":"道路維護","app_name":"新工處","tc_na":"達客利科技有限公司","co_ti":"自09時00分至17時00分; 依交維計畫訂定時間施工","start_date":"2026-04-13","end_date":"2026-08-15","status_label":"施工中"}},{"type":"Feature","geometry":{"type":"Point","coordinates":[121.52005604828618,25.115253889781997]},"properties":{"permit_id":"11500739","city":"taipei","city_label":"臺北市","district":"北投","district_display":"北投區","addr":"北投區明德路(振華街至明德路337巷間)雙側人行道拓寬工程","npurp":"道路維護","app_name":"新工處","tc_na":"達客利科技有限公司","co_ti":"自09時00分至17時00分; 依交維計畫訂定時間施工","start_date":"2026-04-13","end_date":"2026-08-15","status_label":"施工中"}},{"type":"Feature","geometry":{"type":"Point","coordinates":[121.52010004099402,25.115241213624124]},"properties":{"permit_id":"11500739","city":"taipei","city_label":"臺北市","district":"北投","district_display":"北投區","addr":"北投區明德路(振華街至明德路337巷間)雙側人行道拓寬工程","npurp":"道路維護","app_name":"新工處","tc_na":"達客利科技有限公司","co_ti":"自09時00分至17時00分; 依交維計畫訂定時間施工","start_date":"2026-04-13","end_date":"2026-08-15","status_label":"施工中"}},{"type":"Feature","geometry":{"type":"Point","coordinates":[121.52005604828618,25.115253889781997]},"properties":{"permit_id":"11500739","city":"taipei","city_label":"臺北市","district":"北投","district_display":"北投區","addr":"北投區明德路(振華街至明德路337巷間)雙側人行道拓寬工程","npurp":"道路維護","app_name":"新工處","tc_na":"達客利科技有限公司","co_ti":"自09時00分至17時00分; 依交維計畫訂定時間施工","start_date":"2026-04-13","end_date":"2026-08-15","status_label":"施工中"}},{"type":"Feature","geometry":{"type":"Point","coordinates":[121.52005604828618,25.115253889781997]},"properties":{"permit_id":"11500739","city":"taipei","city_label":"臺北市","district":"北投","district_display":"北投區","addr":"北投區明德路(振華街至明德路337巷間)雙側人行道拓寬工程","npurp":"道路維護","app_name":"新工處","tc_na":"達客利科技有限公司","co_ti":"自09時00分至17時00分; 依交維計畫訂定時間施工","start_date":"2026-04-13","end_date":"2026-08-15","status_label":"施工中"}},{"type":"Feature","geometry":{"type":"Point","coordinates":[121.5200780047242,25.11536699683758]},"properties":{"permit_id":"11500739","city":"taipei","city_label":"臺北市","district":"北投","district_display":"北投區","addr":"北投區明德路(振華街至明德路337巷間)雙側人行道拓寬工程","npurp":"道路維護","app_name":"新工處","tc_na":"達客利科技有限公司","co_ti":"自09時00分至17時00分; 依交維計畫訂定時間施工","start_date":"2026-04-13","end_date":"2026-08-15","status_label":"施工中"}},{"type":"Feature","geometry":{"type":"Point","coordinates":[121.52009499966128,25.115258998418668]},"properties":{"permit_id":"11500739","city":"taipei","city_label":"臺北市","district":"北投","district_display":"北投區","addr":"北投區明德路(振華街至明德路337巷間)雙側人行道拓寬工程","npurp":"道路維護","app_name":"新工處","tc_na":"達客利科技有限公司","co_ti":"自09時00分至17時00分; 依交維計畫訂定時間施工","start_date":"2026-04-13","end_date":"2026-08-15","status_label":"施工中"}},{"type":"Feature","geometry":{"type":"Point","coordinates":[121.52010399564038,25.1152899961074]},"properties":{"permit_id":"11500739","city":"taipei","city_label":"臺北市","district":"北投","district_display":"北投區","addr":"北投區明德路(振華街至明德路337巷間)雙側人行道拓寬工程","npurp":"道路維護","app_name":"新工處","tc_na":"達客利科技有限公司","co_ti":"自09時00分至17時00分; 依交維計畫訂定時間施工","start_date":"2026-04-13","end_date":"2026-08-15","status_label":"施工中"}},{"type":"Feature","geometry":{"type":"Point","coordinates":[121.52005604828618,25.115253889781997]},"properties":{"permit_id":"11500739","city":"taipei","city_label":"臺北市","district":"北投","district_display":"北投區","addr":"北投區明德路(振華街至明德路337巷間)雙側人行道拓寬工程","npurp":"道路維護","app_name":"新工處","tc_na":"達客利科技有限公司","co_ti":"自09時00分至17時00分; 依交維計畫訂定時間施工","start_date":"2026-04-13","end_date":"2026-08-15","status_label":"施工中"}},{"type":"Feature","geometry":{"type":"Point","coordinates":[121.52010004099402,25.115241213624124]},"properties":{"permit_id":"11500739","city":"taipei","city_label":"臺北市","district":"北投","district_display":"北投區","addr":"北投區明德路(振華街至明德路337巷間)雙側人行道拓寬工程","npurp":"道路維護","app_name":"新工處","tc_na":"達客利科技有限公司","co_ti":"自09時00分至17時00分; 依交維計畫訂定時間施工","start_date":"2026-04-13","end_date":"2026-08-15","status_label":"施工中"}},{"type":"Feature","geometry":{"type":"Point","coordinates":[121.52014617619297,25.11544424503678]},"properties":{"permit_id":"11500739","city":"taipei","city_label":"臺北市","district":"北投","district_display":"北投區","addr":"北投區明德路(振華街至明德路337巷間)雙側人行道拓寬工程","npurp":"道路維護","app_name":"新工處","tc_na":"達客利科技有限公司","co_ti":"自09時00分至17時00分; 依交維計畫訂定時間施工","start_date":"2026-04-13","end_date":"2026-08-15","status_label":"施工中"}},{"type":"Feature","geometry":{"type":"Point","coordinates":[121.52008609597002,25.115444293298868]},"properties":{"permit_id":"11500739","city":"taipei","city_label":"臺北市","district":"北投","district_display":"北投區","addr":"北投區明德路(振華街至明德路337巷間)雙側人行道拓寬工程","npurp":"道路維護","app_name":"新工處","tc_na":"達客利科技有限公司","co_ti":"自09時00分至17時00分; 依交維計畫訂定時間施工","start_date":"2026-04-13","end_date":"2026-08-15","status_label":"施工中"}},{"type":"Feature","geometry":{"type":"Point","coordinates":[121.52005604828618,25.115253889781997]},"properties":{"permit_id":"11500739","city":"taipei","city_label":"臺北市","district":"北投","district_display":"北投區","addr":"北投區明德路(振華街至明德路337巷間)雙側人行道拓寬工程","npurp":"道路維護","app_name":"新工處","tc_na":"達客利科技有限公司","co_ti":"自09時00分至17時00分; 依交維計畫訂定時間施工","start_date":"2026-04-13","end_date":"2026-08-15","status_label":"施工中"}},{"type":"Feature","geometry":{"type":"Point","coordinates":[121.52008499591938,25.11533899453269]},"properties":{"permit_id":"11500739","city":"taipei","city_label":"臺北市","district":"北投","district_display":"北投區","addr":"北投區明德路(振華街至明德路337巷間)雙側人行道拓寬工程","npurp":"道路維護","app_name":"新工處","tc_na":"達客利科技有限公司","co_ti":"自09時00分至17時00分; 依交維計畫訂定時間施工","start_date":"2026-04-13","end_date":"2026-08-15","status_label":"施工中"}},{"type":"Feature","geometry":{"type":"Point","coordinates":[121.51954822509734,25.11096782772156]},"properties":{"permit_id":"11500740","city":"taipei","city_label":"臺北市","district":"北投","district_display":"北投區","addr":"建民路161-5號至161-15號","npurp":"道路維護","app_name":"新工處","tc_na":"達客利科技有限公司","co_ti":"自09時00分至17時00分; 依交維計畫訂定時間施工","start_date":"2026-04-16","end_date":"2026-06-29","status_label":"施工中"}},{"type":"Feature","geometry":{"type":"Point","coordinates":[121.51960429917573,25.110963541551055]},"properties":{"permit_id":"11500740","city":"taipei","city_label":"臺北市","district":"北投","district_display":"北投區","addr":"建民路161-5號至161-15號","npurp":"道路維護","app_name":"新工處","tc_na":"達客利科技有限公司","co_ti":"自09時00分至17時00分; 依交維計畫訂定時間施工","start_date":"2026-04-16","end_date":"2026-06-29","status_label":"施工中"}},{"type":"Feature","geometry":{"type":"Point","coordinates":[121.5195519977481,25.11095018280197]},"properties":{"permit_id":"11500740","city":"taipei","city_label":"臺北市","district":"北投","district_display":"北投區","addr":"建民路161-5號至161-15號","npurp":"道路維護","app_name":"新工處","tc_na":"達客利科技有限公司","co_ti":"自09時00分至17時00分; 依交維計畫訂定時間施工","start_date":"2026-04-16","end_date":"2026-06-29","status_label":"施工中"}},{"type":"Feature","geometry":{"type":"Point","coordinates":[121.5195519977481,25.11095018280197]},"properties":{"permit_id":"11500740","city":"taipei","city_label":"臺北市","district":"北投","district_display":"北投區","addr":"建民路161-5號至161-15號","npurp":"道路維護","app_name":"新工處","tc_na":"達客利科技有限公司","co_ti":"自09時00分至17時00分; 依交維計畫訂定時間施工","start_date":"2026-04-16","end_date":"2026-06-29","status_label":"施工中"}},{"type":"Feature","geometry":{"type":"Point","coordinates":[121.5195519977481,25.11095018280197]},"properties":{"permit_id":"11500740","city":"taipei","city_label":"臺北市","district":"北投","district_display":"北投區","addr":"建民路161-5號至161-15號","npurp":"道路維護","app_name":"新工處","tc_na":"達客利科技有限公司","co_ti":"自09時00分至17時00分; 依交維計畫訂定時間施工","start_date":"2026-04-16","end_date":"2026-06-29","status_label":"施工中"}},{"type":"Feature","geometry":{"type":"Point","coordinates":[121.51964854829764,25.111004834075228]},"properties":{"permit_id":"11500740","city":"taipei","city_label":"臺北市","district":"北投","district_display":"北投區","addr":"建民路161-5號至161-15號","npurp":"道路維護","app_name":"新工處","tc_na":"達客利科技有限公司","co_ti":"自09時00分至17時00分; 依交維計畫訂定時間施工","start_date":"2026-04-16","end_date":"2026-06-29","status_label":"施工中"}},{"type":"Feature","geometry":{"type":"Point","coordinates":[121.51959687742634,25.110976450526252]},"properties":{"permit_id":"11500740","city":"taipei","city_label":"臺北市","district":"北投","district_display":"北投區","addr":"建民路161-5號至161-15號","npurp":"道路維護","app_name":"新工處","tc_na":"達客利科技有限公司","co_ti":"自09時00分至17時00分; 依交維計畫訂定時間施工","start_date":"2026-04-16","end_date":"2026-06-29","status_label":"施工中"}},{"type":"Feature","geometry":{"type":"Point","coordinates":[121.5195519977481,25.11095018280197]},"properties":{"permit_id":"11500740","city":"taipei","city_label":"臺北市","district":"北投","district_display":"北投區","addr":"建民路161-5號至161-15號","npurp":"道路維護","app_name":"新工處","tc_na":"達客利科技有限公司","co_ti":"自09時00分至17時00分; 依交維計畫訂定時間施工","start_date":"2026-04-16","end_date":"2026-06-29","status_label":"施工中"}},{"type":"Feature","geometry":{"type":"Point","coordinates":[121.51964854829764,25.111004834075228]},"properties":{"permit_id":"11500740","city":"taipei","city_label":"臺北市","district":"北投","district_display":"北投區","addr":"建民路161-5號至161-15號","npurp":"道路維護","app_name":"新工處","tc_na":"達客利科技有限公司","co_ti":"自09時00分至17時00分; 依交維計畫訂定時間施工","start_date":"2026-04-16","end_date":"2026-06-29","status_label":"施工中"}},{"type":"Feature","geometry":{"type":"Point","coordinates":[121.5195519977481,25.11095018280197]},"properties":{"permit_id":"11500740","city":"taipei","city_label":"臺北市","district":"北投","district_display":"北投區","addr":"建民路161-5號至161-15號","npurp":"道路維護","app_name":"新工處","tc_na":"達客利科技有限公司","co_ti":"自09時00分至17時00分; 依交維計畫訂定時間施工","start_date":"2026-04-16","end_date":"2026-06-29","status_label":"施工中"}},{"type":"Feature","geometry":{"type":"Point","coordinates":[121.51953030048936,25.11101069231364]},"properties":{"permit_id":"11500740","city":"taipei","city_label":"臺北市","district":"北投","district_display":"北投區","addr":"建民路161-5號至161-15號","npurp":"道路維護","app_name":"新工處","tc_na":"達客利科技有限公司","co_ti":"自09時00分至17時00分; 依交維計畫訂定時間施工","start_date":"2026-04-16","end_date":"2026-06-29","status_label":"施工中"}},{"type":"Feature","geometry":{"type":"Point","coordinates":[121.51960429917573,25.110963541551055]},"properties":{"permit_id":"11500740","city":"taipei","city_label":"臺北市","district":"北投","district_display":"北投區","addr":"建民路161-5號至161-15號","npurp":"道路維護","app_name":"新工處","tc_na":"達客利科技有限公司","co_ti":"自09時00分至17時00分; 依交維計畫訂定時間施工","start_date":"2026-04-16","end_date":"2026-06-29","status_label":"施工中"}},{"type":"Feature","geometry":{"type":"Point","coordinates":[121.4855709219694,25.13968897466389]},"properties":{"permit_id":"11500726","city":"taipei","city_label":"臺北市","district":"北投","district_display":"北投區","addr":"中央北路3段40巷34弄及岡山路5巷","npurp":"道路維護","app_name":"新工處","tc_na":"磐碩營造股份有限公司","co_ti":"自08時30分至17時30分; 依交維計畫訂定時間施工","start_date":"2026-04-20","end_date":"2026-05-07","status_label":"施工中"}},{"type":"Feature","geometry":{"type":"Point","coordinates":[121.48676451343478,25.14024259136451]},"properties":{"permit_id":"11500726","city":"taipei","city_label":"臺北市","district":"北投","district_display":"北投區","addr":"中央北路3段40巷34弄及岡山路5巷","npurp":"道路維護","app_name":"新工處","tc_na":"磐碩營造股份有限公司","co_ti":"自08時30分至17時30分; 依交維計畫訂定時間施工","start_date":"2026-04-20","end_date":"2026-05-07","status_label":"施工中"}},{"type":"Feature","geometry":{"type":"Point","coordinates":[121.48676451343478,25.14024259136451]},"properties":{"permit_id":"11500726","city":"taipei","city_label":"臺北市","district":"北投","district_display":"北投區","addr":"中央北路3段40巷34弄及岡山路5巷","npurp":"道路維護","app_name":"新工處","tc_na":"磐碩營造股份有限公司","co_ti":"自08時30分至17時30分; 依交維計畫訂定時間施工","start_date":"2026-04-20","end_date":"2026-05-07","status_label":"施工中"}},{"type":"Feature","geometry":{"type":"Point","coordinates":[121.48676451343478,25.14024259136451]},"properties":{"permit_id":"11500726","city":"taipei","city_label":"臺北市","district":"北投","district_display":"北投區","addr":"中央北路3段40巷34弄及岡山路5巷","npurp":"道路維護","app_name":"新工處","tc_na":"磐碩營造股份有限公司","co_ti":"自08時30分至17時30分; 依交維計畫訂定時間施工","start_date":"2026-04-20","end_date":"2026-05-07","status_label":"施工中"}},{"type":"Feature","geometry":{"type":"Point","coordinates":[121.50299689704345,25.134469580625336]},"properties":{"permit_id":"11500805","city":"taipei","city_label":"臺北市","district":"北投","district_display":"北投區","addr":"北投區溫泉路37巷","npurp":"道路維護","app_name":"新工處","tc_na":"達客利科技有限公司","co_ti":"自09時00分至17時00分; 依交維計畫訂定時間施工","start_date":"2026-04-20","end_date":"2026-05-29","status_label":"施工中"}},{"type":"Feature","geometry":{"type":"Point","coordinates":[121.50299689704345,25.134469580625336]},"properties":{"permit_id":"11500805","city":"taipei","city_label":"臺北市","district":"北投","district_display":"北投區","addr":"北投區溫泉路37巷","npurp":"道路維護","app_name":"新工處","tc_na":"達客利科技有限公司","co_ti":"自09時00分至17時00分; 依交維計畫訂定時間施工","start_date":"2026-04-20","end_date":"2026-05-29","status_label":"施工中"}},{"type":"Feature","geometry":{"type":"Point","coordinates":[121.50299689704345,25.134469580625336]},"properties":{"permit_id":"11500805","city":"taipei","city_label":"臺北市","district":"北投","district_display":"北投區","addr":"北投區溫泉路37巷","npurp":"道路維護","app_name":"新工處","tc_na":"達客利科技有限公司","co_ti":"自09時00分至17時00分; 依交維計畫訂定時間施工","start_date":"2026-04-20","end_date":"2026-05-29","status_label":"施工中"}},{"type":"Feature","geometry":{"type":"Point","coordinates":[121.50299689704345,25.134469580625336]},"properties":{"permit_id":"11500805","city":"taipei","city_label":"臺北市","district":"北投","district_display":"北投區","addr":"北投區溫泉路37巷","npurp":"道路維護","app_name":"新工處","tc_na":"達客利科技有限公司","co_ti":"自09時00分至17時00分; 依交維計畫訂定時間施工","start_date":"2026-04-20","end_date":"2026-05-29","status_label":"施工中"}},{"type":"Feature","geometry":{"type":"Point","coordinates":[121.50299689704345,25.134469580625336]},"properties":{"permit_id":"11500805","city":"taipei","city_label":"臺北市","district":"北投","district_display":"北投區","addr":"北投區溫泉路37巷","npurp":"道路維護","app_name":"新工處","tc_na":"達客利科技有限公司","co_ti":"自09時00分至17時00分; 依交維計畫訂定時間施工","start_date":"2026-04-20","end_date":"2026-05-29","status_label":"施工中"}},{"type":"Feature","geometry":{"type":"Point","coordinates":[121.50671707731716,25.117923998136057]},"properties":{"permit_id":"11500816","city":"taipei","city_label":"臺北市","district":"北投","district_display":"北投區","addr":"尊賢街251巷","npurp":"道路維護","app_name":"新工處","tc_na":"磐碩營造股份有限公司","co_ti":"自08時30分至17時30分; 依交維計畫訂定時間施工","start_date":"2026-04-23","end_date":"2026-05-24","status_label":"施工中"}},{"type":"Feature","geometry":{"type":"Point","coordinates":[121.5055459973911,25.117567995143588]},"properties":{"permit_id":"11500816","city":"taipei","city_label":"臺北市","district":"北投","district_display":"北投區","addr":"尊賢街251巷","npurp":"道路維護","app_name":"新工處","tc_na":"磐碩營造股份有限公司","co_ti":"自08時30分至17時30分; 依交維計畫訂定時間施工","start_date":"2026-04-23","end_date":"2026-05-24","status_label":"施工中"}},{"type":"Feature","geometry":{"type":"Point","coordinates":[121.50563100062196,25.11761199669061]},"properties":{"permit_id":"11500816","city":"taipei","city_label":"臺北市","district":"北投","district_display":"北投區","addr":"尊賢街251巷","npurp":"道路維護","app_name":"新工處","tc_na":"磐碩營造股份有限公司","co_ti":"自08時30分至17時30分; 依交維計畫訂定時間施工","start_date":"2026-04-23","end_date":"2026-05-24","status_label":"施工中"}},{"type":"Feature","geometry":{"type":"Point","coordinates":[121.50668800050865,25.11795699559164]},"properties":{"permit_id":"11500816","city":"taipei","city_label":"臺北市","district":"北投","district_display":"北投區","addr":"尊賢街251巷","npurp":"道路維護","app_name":"新工處","tc_na":"磐碩營造股份有限公司","co_ti":"自08時30分至17時30分; 依交維計畫訂定時間施工","start_date":"2026-04-23","end_date":"2026-05-24","status_label":"施工中"}},{"type":"Feature","geometry":{"type":"Point","coordinates":[121.50555567358646,25.11763743271015]},"properties":{"permit_id":"11500816","city":"taipei","city_label":"臺北市","district":"北投","district_display":"北投區","addr":"尊賢街251巷","npurp":"道路維護","app_name":"新工處","tc_na":"磐碩營造股份有限公司","co_ti":"自08時30分至17時30分; 依交維計畫訂定時間施工","start_date":"2026-04-23","end_date":"2026-05-24","status_label":"施工中"}},{"type":"Feature","geometry":{"type":"Point","coordinates":[121.4792976381928,25.135533070400665]},"properties":{"permit_id":"11500887","city":"taipei","city_label":"臺北市","district":"北投","district_display":"北投區","addr":"中央北路3段(全線)雙側溝蓋更新工程","npurp":"道路維護","app_name":"新工處","tc_na":"金煌營造有限公司","co_ti":"自09時00分至17時00分；工區24小時圍設; 依交維計畫訂定時間施工","start_date":"2026-04-29","end_date":"2026-07-01","status_label":"施工中"}},{"type":"Feature","geometry":{"type":"Point","coordinates":[121.4792976381928,25.135533070400665]},"properties":{"permit_id":"11500887","city":"taipei","city_label":"臺北市","district":"北投","district_display":"北投區","addr":"中央北路3段(全線)雙側溝蓋更新工程","npurp":"道路維護","app_name":"新工處","tc_na":"金煌營造有限公司","co_ti":"自09時00分至17時00分；工區24小時圍設; 依交維計畫訂定時間施工","start_date":"2026-04-29","end_date":"2026-07-01","status_label":"施工中"}},{"type":"Feature","geometry":{"type":"Point","coordinates":[121.61663185263932,25.05898777865408]},"properties":{"permit_id":"11500360","city":"taipei","city_label":"臺北市","district":"南港","district_display":"南港區","addr":"南港區經貿二路西側人行道(經貿二路105巷-157巷間)","npurp":"道路維護","app_name":"榮工工程股份有限公司","tc_na":"榮工工程股份有限公司","co_ti":"施工圍籬內08時00分至17時00分(機具材料日間 09:30~16:00 進出); 依交維計畫訂定時間施工","start_date":"2026-02-25","end_date":"2027-04-30","status_label":"施工中"}},{"type":"Feature","geometry":{"type":"Point","coordinates":[121.62001359175,25.03600865671136]},"properties":{"permit_id":"11405367-1","city":"taipei","city_label":"臺北市","district":"南港","district_display":"南港區","addr":"南深路(21巷至舊莊街)標線型人行道、南深路舊庄段一小段至南深路33號","npurp":"道路維護","app_name":"新工處","tc_na":"金煌營造有限公司","co_ti":"0800至1700; 依交維計畫訂定時間施工","start_date":"2026-04-11","end_date":"2026-06-29","status_label":"施工中"}},{"type":"Feature","geometry":{"type":"Point","coordinates":[121.61978507029436,25.035679122076377]},"properties":{"permit_id":"11405367-1","city":"taipei","city_label":"臺北市","district":"南港","district_display":"南港區","addr":"南深路(21巷至舊莊街)標線型人行道、南深路舊庄段一小段至南深路33號","npurp":"道路維護","app_name":"新工處","tc_na":"金煌營造有限公司","co_ti":"0800至1700; 依交維計畫訂定時間施工","start_date":"2026-04-11","end_date":"2026-06-29","status_label":"施工中"}},{"type":"Feature","geometry":{"type":"Point","coordinates":[121.6198784076493,25.03580355386239]},"properties":{"permit_id":"11405367-1","city":"taipei","city_label":"臺北市","district":"南港","district_display":"南港區","addr":"南深路(21巷至舊莊街)標線型人行道、南深路舊庄段一小段至南深路33號","npurp":"道路維護","app_name":"新工處","tc_na":"金煌營造有限公司","co_ti":"0800至1700; 依交維計畫訂定時間施工","start_date":"2026-04-11","end_date":"2026-06-29","status_label":"施工中"}},{"type":"Feature","geometry":{"type":"Point","coordinates":[121.62016057923128,25.036345970320134]},"properties":{"permit_id":"11405367-1","city":"taipei","city_label":"臺北市","district":"南港","district_display":"南港區","addr":"南深路(21巷至舊莊街)標線型人行道、南深路舊庄段一小段至南深路33號","npurp":"道路維護","app_name":"新工處","tc_na":"金煌營造有限公司","co_ti":"0800至1700; 依交維計畫訂定時間施工","start_date":"2026-04-11","end_date":"2026-06-29","status_label":"施工中"}},{"type":"Feature","geometry":{"type":"Point","coordinates":[121.61987799839758,25.03580099161816]},"properties":{"permit_id":"11405367-1","city":"taipei","city_label":"臺北市","district":"南港","district_display":"南港區","addr":"南深路(21巷至舊莊街)標線型人行道、南深路舊庄段一小段至南深路33號","npurp":"道路維護","app_name":"新工處","tc_na":"金煌營造有限公司","co_ti":"0800至1700; 依交維計畫訂定時間施工","start_date":"2026-04-11","end_date":"2026-06-29","status_label":"施工中"}},{"type":"Feature","geometry":{"type":"Point","coordinates":[121.6198784076493,25.03580355386239]},"properties":{"permit_id":"11405367-1","city":"taipei","city_label":"臺北市","district":"南港","district_display":"南港區","addr":"南深路(21巷至舊莊街)標線型人行道、南深路舊庄段一小段至南深路33號","npurp":"道路維護","app_name":"新工處","tc_na":"金煌營造有限公司","co_ti":"0800至1700; 依交維計畫訂定時間施工","start_date":"2026-04-11","end_date":"2026-06-29","status_label":"施工中"}},{"type":"Feature","geometry":{"type":"Point","coordinates":[121.58792786045817,25.04287180525037]},"properties":{"permit_id":"11500707","city":"taipei","city_label":"臺北市","district":"南港","district_display":"南港區","addr":"115年度南港區成福路121巷56弄旁擋土牆美化工程","npurp":"道路維護","app_name":"新工處","tc_na":"興成營造有限公司","co_ti":"0900-1700(工區24小時圍設); 依交維計畫訂定時間施工","start_date":"2026-04-15","end_date":"2026-07-01","status_label":"施工中"}},{"type":"Feature","geometry":{"type":"Point","coordinates":[121.58796863342684,25.042936925537987]},"properties":{"permit_id":"11500707","city":"taipei","city_label":"臺北市","district":"南港","district_display":"南港區","addr":"115年度南港區成福路121巷56弄旁擋土牆美化工程","npurp":"道路維護","app_name":"新工處","tc_na":"興成營造有限公司","co_ti":"0900-1700(工區24小時圍設); 依交維計畫訂定時間施工","start_date":"2026-04-15","end_date":"2026-07-01","status_label":"施工中"}},{"type":"Feature","geometry":{"type":"Point","coordinates":[121.5877401102112,25.042529645680787]},"properties":{"permit_id":"11500707","city":"taipei","city_label":"臺北市","district":"南港","district_display":"南港區","addr":"115年度南港區成福路121巷56弄旁擋土牆美化工程","npurp":"道路維護","app_name":"新工處","tc_na":"興成營造有限公司","co_ti":"0900-1700(工區24小時圍設); 依交維計畫訂定時間施工","start_date":"2026-04-15","end_date":"2026-07-01","status_label":"施工中"}},{"type":"Feature","geometry":{"type":"Point","coordinates":[121.58776049099777,25.042526730256785]},"properties":{"permit_id":"11500707","city":"taipei","city_label":"臺北市","district":"南港","district_display":"南港區","addr":"115年度南港區成福路121巷56弄旁擋土牆美化工程","npurp":"道路維護","app_name":"新工處","tc_na":"興成營造有限公司","co_ti":"0900-1700(工區24小時圍設); 依交維計畫訂定時間施工","start_date":"2026-04-15","end_date":"2026-07-01","status_label":"施工中"}},{"type":"Feature","geometry":{"type":"Point","coordinates":[121.58792786045817,25.04287180525037]},"properties":{"permit_id":"11500707","city":"taipei","city_label":"臺北市","district":"南港","district_display":"南港區","addr":"115年度南港區成福路121巷56弄旁擋土牆美化工程","npurp":"道路維護","app_name":"新工處","tc_na":"興成營造有限公司","co_ti":"0900-1700(工區24小時圍設); 依交維計畫訂定時間施工","start_date":"2026-04-15","end_date":"2026-07-01","status_label":"施工中"}},{"type":"Feature","geometry":{"type":"Point","coordinates":[121.58792786045817,25.04287180525037]},"properties":{"permit_id":"11500707","city":"taipei","city_label":"臺北市","district":"南港","district_display":"南港區","addr":"115年度南港區成福路121巷56弄旁擋土牆美化工程","npurp":"道路維護","app_name":"新工處","tc_na":"興成營造有限公司","co_ti":"0900-1700(工區24小時圍設); 依交維計畫訂定時間施工","start_date":"2026-04-15","end_date":"2026-07-01","status_label":"施工中"}},{"type":"Feature","geometry":{"type":"Point","coordinates":[121.60380395228442,25.05185595996862]},"properties":{"permit_id":"11500734","city":"taipei","city_label":"臺北市","district":"南港","district_display":"南港區","addr":"114年度南港區忠孝東路7段與忠孝東路7段265巷口路面高程改善工程","npurp":"道路維護","app_name":"新工處","tc_na":"磐碩營造股份有限公司","co_ti":"降孔蓋及溝蓋副署0900-1600、路改及銑鋪2300-翌日0600; 依交維計畫訂定時間施工","start_date":"2026-04-15","end_date":"2026-05-09","status_label":"施工中"}},{"type":"Feature","geometry":{"type":"Point","coordinates":[121.6036423486266,25.051837739270283]},"properties":{"permit_id":"11500734","city":"taipei","city_label":"臺北市","district":"南港","district_display":"南港區","addr":"114年度南港區忠孝東路7段與忠孝東路7段265巷口路面高程改善工程","npurp":"道路維護","app_name":"新工處","tc_na":"磐碩營造股份有限公司","co_ti":"降孔蓋及溝蓋副署0900-1600、路改及銑鋪2300-翌日0600; 依交維計畫訂定時間施工","start_date":"2026-04-15","end_date":"2026-05-09","status_label":"施工中"}},{"type":"Feature","geometry":{"type":"Point","coordinates":[121.60382104576506,25.0517502629288]},"properties":{"permit_id":"11500734","city":"taipei","city_label":"臺北市","district":"南港","district_display":"南港區","addr":"114年度南港區忠孝東路7段與忠孝東路7段265巷口路面高程改善工程","npurp":"道路維護","app_name":"新工處","tc_na":"磐碩營造股份有限公司","co_ti":"降孔蓋及溝蓋副署0900-1600、路改及銑鋪2300-翌日0600; 依交維計畫訂定時間施工","start_date":"2026-04-15","end_date":"2026-05-09","status_label":"施工中"}},{"type":"Feature","geometry":{"type":"Point","coordinates":[121.60380395228442,25.05185595996862]},"properties":{"permit_id":"11500734","city":"taipei","city_label":"臺北市","district":"南港","district_display":"南港區","addr":"114年度南港區忠孝東路7段與忠孝東路7段265巷口路面高程改善工程","npurp":"道路維護","app_name":"新工處","tc_na":"磐碩營造股份有限公司","co_ti":"降孔蓋及溝蓋副署0900-1600、路改及銑鋪2300-翌日0600; 依交維計畫訂定時間施工","start_date":"2026-04-15","end_date":"2026-05-09","status_label":"施工中"}},{"type":"Feature","geometry":{"type":"Point","coordinates":[121.58991235105728,25.046487722834524]},"properties":{"permit_id":"11500705","city":"taipei","city_label":"臺北市","district":"南港","district_display":"南港區","addr":"115年度南港區東新街(168巷至170巷)南側及東新街170巷(全線)西側溝蓋更新工程","npurp":"道路維護","app_name":"新工處","tc_na":"興成營造有限公司","co_ti":"0800-1800(工區24小時圍設); 依交維計畫訂定時間施工","start_date":"2026-04-17","end_date":"2026-06-23","status_label":"施工中"}},{"type":"Feature","geometry":{"type":"Point","coordinates":[121.59267422183972,25.04566893936721]},"properties":{"permit_id":"11500705","city":"taipei","city_label":"臺北市","district":"南港","district_display":"南港區","addr":"115年度南港區東新街(168巷至170巷)南側及東新街170巷(全線)西側溝蓋更新工程","npurp":"道路維護","app_name":"新工處","tc_na":"興成營造有限公司","co_ti":"0800-1800(工區24小時圍設); 依交維計畫訂定時間施工","start_date":"2026-04-17","end_date":"2026-06-23","status_label":"施工中"}},{"type":"Feature","geometry":{"type":"Point","coordinates":[121.59176000302888,25.046039996912945]},"properties":{"permit_id":"11500705","city":"taipei","city_label":"臺北市","district":"南港","district_display":"南港區","addr":"115年度南港區東新街(168巷至170巷)南側及東新街170巷(全線)西側溝蓋更新工程","npurp":"道路維護","app_name":"新工處","tc_na":"興成營造有限公司","co_ti":"0800-1800(工區24小時圍設); 依交維計畫訂定時間施工","start_date":"2026-04-17","end_date":"2026-06-23","status_label":"施工中"}},{"type":"Feature","geometry":{"type":"Point","coordinates":[121.58991235105728,25.046487722834524]},"properties":{"permit_id":"11500705","city":"taipei","city_label":"臺北市","district":"南港","district_display":"南港區","addr":"115年度南港區東新街(168巷至170巷)南側及東新街170巷(全線)西側溝蓋更新工程","npurp":"道路維護","app_name":"新工處","tc_na":"興成營造有限公司","co_ti":"0800-1800(工區24小時圍設); 依交維計畫訂定時間施工","start_date":"2026-04-17","end_date":"2026-06-23","status_label":"施工中"}},{"type":"Feature","geometry":{"type":"Point","coordinates":[121.58991235105728,25.046487722834524]},"properties":{"permit_id":"11500705","city":"taipei","city_label":"臺北市","district":"南港","district_display":"南港區","addr":"115年度南港區東新街(168巷至170巷)南側及東新街170巷(全線)西側溝蓋更新工程","npurp":"道路維護","app_name":"新工處","tc_na":"興成營造有限公司","co_ti":"0800-1800(工區24小時圍設); 依交維計畫訂定時間施工","start_date":"2026-04-17","end_date":"2026-06-23","status_label":"施工中"}},{"type":"Feature","geometry":{"type":"Point","coordinates":[121.59202137462351,25.045979975536515]},"properties":{"permit_id":"11500705","city":"taipei","city_label":"臺北市","district":"南港","district_display":"南港區","addr":"115年度南港區東新街(168巷至170巷)南側及東新街170巷(全線)西側溝蓋更新工程","npurp":"道路維護","app_name":"新工處","tc_na":"興成營造有限公司","co_ti":"0800-1800(工區24小時圍設); 依交維計畫訂定時間施工","start_date":"2026-04-17","end_date":"2026-06-23","status_label":"施工中"}},{"type":"Feature","geometry":{"type":"Point","coordinates":[121.59125345534416,25.046152390306386]},"properties":{"permit_id":"11500705","city":"taipei","city_label":"臺北市","district":"南港","district_display":"南港區","addr":"115年度南港區東新街(168巷至170巷)南側及東新街170巷(全線)西側溝蓋更新工程","npurp":"道路維護","app_name":"新工處","tc_na":"興成營造有限公司","co_ti":"0800-1800(工區24小時圍設); 依交維計畫訂定時間施工","start_date":"2026-04-17","end_date":"2026-06-23","status_label":"施工中"}},{"type":"Feature","geometry":{"type":"Point","coordinates":[121.59102700372917,25.04621799518207]},"properties":{"permit_id":"11500705","city":"taipei","city_label":"臺北市","district":"南港","district_display":"南港區","addr":"115年度南港區東新街(168巷至170巷)南側及東新街170巷(全線)西側溝蓋更新工程","npurp":"道路維護","app_name":"新工處","tc_na":"興成營造有限公司","co_ti":"0800-1800(工區24小時圍設); 依交維計畫訂定時間施工","start_date":"2026-04-17","end_date":"2026-06-23","status_label":"施工中"}},{"type":"Feature","geometry":{"type":"Point","coordinates":[121.59125345534416,25.046152390306386]},"properties":{"permit_id":"11500705","city":"taipei","city_label":"臺北市","district":"南港","district_display":"南港區","addr":"115年度南港區東新街(168巷至170巷)南側及東新街170巷(全線)西側溝蓋更新工程","npurp":"道路維護","app_name":"新工處","tc_na":"興成營造有限公司","co_ti":"0800-1800(工區24小時圍設); 依交維計畫訂定時間施工","start_date":"2026-04-17","end_date":"2026-06-23","status_label":"施工中"}},{"type":"Feature","geometry":{"type":"Point","coordinates":[121.58991235105728,25.046487722834524]},"properties":{"permit_id":"11500705","city":"taipei","city_label":"臺北市","district":"南港","district_display":"南港區","addr":"115年度南港區東新街(168巷至170巷)南側及東新街170巷(全線)西側溝蓋更新工程","npurp":"道路維護","app_name":"新工處","tc_na":"興成營造有限公司","co_ti":"0800-1800(工區24小時圍設); 依交維計畫訂定時間施工","start_date":"2026-04-17","end_date":"2026-06-23","status_label":"施工中"}},{"type":"Feature","geometry":{"type":"Point","coordinates":[121.5920160090894,25.04596880217913]},"properties":{"permit_id":"11500705","city":"taipei","city_label":"臺北市","district":"南港","district_display":"南港區","addr":"115年度南港區東新街(168巷至170巷)南側及東新街170巷(全線)西側溝蓋更新工程","npurp":"道路維護","app_name":"新工處","tc_na":"興成營造有限公司","co_ti":"0800-1800(工區24小時圍設); 依交維計畫訂定時間施工","start_date":"2026-04-17","end_date":"2026-06-23","status_label":"施工中"}},{"type":"Feature","geometry":{"type":"Point","coordinates":[121.58991235105728,25.046487722834524]},"properties":{"permit_id":"11500705","city":"taipei","city_label":"臺北市","district":"南港","district_display":"南港區","addr":"115年度南港區東新街(168巷至170巷)南側及東新街170巷(全線)西側溝蓋更新工程","npurp":"道路維護","app_name":"新工處","tc_na":"興成營造有限公司","co_ti":"0800-1800(工區24小時圍設); 依交維計畫訂定時間施工","start_date":"2026-04-17","end_date":"2026-06-23","status_label":"施工中"}},{"type":"Feature","geometry":{"type":"Point","coordinates":[121.58991235105728,25.046487722834524]},"properties":{"permit_id":"11500705","city":"taipei","city_label":"臺北市","district":"南港","district_display":"南港區","addr":"115年度南港區東新街(168巷至170巷)南側及東新街170巷(全線)西側溝蓋更新工程","npurp":"道路維護","app_name":"新工處","tc_na":"興成營造有限公司","co_ti":"0800-1800(工區24小時圍設); 依交維計畫訂定時間施工","start_date":"2026-04-17","end_date":"2026-06-23","status_label":"施工中"}},{"type":"Feature","geometry":{"type":"Point","coordinates":[121.58991235105728,25.046487722834524]},"properties":{"permit_id":"11500705","city":"taipei","city_label":"臺北市","district":"南港","district_display":"南港區","addr":"115年度南港區東新街(168巷至170巷)南側及東新街170巷(全線)西側溝蓋更新工程","npurp":"道路維護","app_name":"新工處","tc_na":"興成營造有限公司","co_ti":"0800-1800(工區24小時圍設); 依交維計畫訂定時間施工","start_date":"2026-04-17","end_date":"2026-06-23","status_label":"施工中"}},{"type":"Feature","geometry":{"type":"Point","coordinates":[121.61291812738402,25.062019787577302]},"properties":{"permit_id":"115000878","city":"taipei","city_label":"臺北市","district":"南港","district_display":"南港區","addr":"重陽路501號至551號附近地區(南港抽水站)","npurp":"市政建設(衛工處-污水管線)","app_name":"衛工處","tc_na":"廣信工程股份有限公司","co_ti":"日間施工9時至17時","start_date":"2026-04-20","end_date":"2026-06-20","status_label":"施工中"}},{"type":"Feature","geometry":{"type":"Point","coordinates":[121.61291812738402,25.062019787577302]},"properties":{"permit_id":"115000878","city":"taipei","city_label":"臺北市","district":"南港","district_display":"南港區","addr":"重陽路501號至551號附近地區(南港抽水站)","npurp":"市政建設(衛工處-污水管線)","app_name":"衛工處","tc_na":"廣信工程股份有限公司","co_ti":"日間施工9時至17時","start_date":"2026-04-20","end_date":"2026-06-20","status_label":"施工中"}},{"type":"Feature","geometry":{"type":"Point","coordinates":[121.61326050909985,25.06233819893228]},"properties":{"permit_id":"115000878","city":"taipei","city_label":"臺北市","district":"南港","district_display":"南港區","addr":"重陽路501號至551號附近地區(南港抽水站)","npurp":"市政建設(衛工處-污水管線)","app_name":"衛工處","tc_na":"廣信工程股份有限公司","co_ti":"日間施工9時至17時","start_date":"2026-04-20","end_date":"2026-06-20","status_label":"施工中"}},{"type":"Feature","geometry":{"type":"Point","coordinates":[121.6131893854278,25.06301352320743]},"properties":{"permit_id":"115000878","city":"taipei","city_label":"臺北市","district":"南港","district_display":"南港區","addr":"重陽路501號至551號附近地區(南港抽水站)","npurp":"市政建設(衛工處-污水管線)","app_name":"衛工處","tc_na":"廣信工程股份有限公司","co_ti":"日間施工9時至17時","start_date":"2026-04-20","end_date":"2026-06-20","status_label":"施工中"}},{"type":"Feature","geometry":{"type":"Point","coordinates":[121.6131893854278,25.06301352320743]},"properties":{"permit_id":"115000878","city":"taipei","city_label":"臺北市","district":"南港","district_display":"南港區","addr":"重陽路501號至551號附近地區(南港抽水站)","npurp":"市政建設(衛工處-污水管線)","app_name":"衛工處","tc_na":"廣信工程股份有限公司","co_ti":"日間施工9時至17時","start_date":"2026-04-20","end_date":"2026-06-20","status_label":"施工中"}},{"type":"Feature","geometry":{"type":"Point","coordinates":[121.61326050909985,25.06233819893228]},"properties":{"permit_id":"115000878","city":"taipei","city_label":"臺北市","district":"南港","district_display":"南港區","addr":"重陽路501號至551號附近地區(南港抽水站)","npurp":"市政建設(衛工處-污水管線)","app_name":"衛工處","tc_na":"廣信工程股份有限公司","co_ti":"日間施工9時至17時","start_date":"2026-04-20","end_date":"2026-06-20","status_label":"施工中"}},{"type":"Feature","geometry":{"type":"Point","coordinates":[121.61326050909985,25.06233819893228]},"properties":{"permit_id":"115000878","city":"taipei","city_label":"臺北市","district":"南港","district_display":"南港區","addr":"重陽路501號至551號附近地區(南港抽水站)","npurp":"市政建設(衛工處-污水管線)","app_name":"衛工處","tc_na":"廣信工程股份有限公司","co_ti":"日間施工9時至17時","start_date":"2026-04-20","end_date":"2026-06-20","status_label":"施工中"}},{"type":"Feature","geometry":{"type":"Point","coordinates":[121.61326050909985,25.06233819893228]},"properties":{"permit_id":"115000878","city":"taipei","city_label":"臺北市","district":"南港","district_display":"南港區","addr":"重陽路501號至551號附近地區(南港抽水站)","npurp":"市政建設(衛工處-污水管線)","app_name":"衛工處","tc_na":"廣信工程股份有限公司","co_ti":"日間施工9時至17時","start_date":"2026-04-20","end_date":"2026-06-20","status_label":"施工中"}},{"type":"Feature","geometry":{"type":"Point","coordinates":[121.58708637728836,25.046346055217523]},"properties":{"permit_id":"11500763","city":"taipei","city_label":"臺北市","district":"南港","district_display":"南港區","addr":"115年度南港區同德路(同德路85巷至東新街108巷)側溝蓋更新工程","npurp":"道路維護","app_name":"新工處","tc_na":"興成營造有限公司","co_ti":"0800-1800(工區24小時圍設); 依交維計畫訂定時間施工","start_date":"2026-04-22","end_date":"2026-05-11","status_label":"施工中"}},{"type":"Feature","geometry":{"type":"Point","coordinates":[121.5870814961598,25.04644900296495]},"properties":{"permit_id":"11500763","city":"taipei","city_label":"臺北市","district":"南港","district_display":"南港區","addr":"115年度南港區同德路(同德路85巷至東新街108巷)側溝蓋更新工程","npurp":"道路維護","app_name":"新工處","tc_na":"興成營造有限公司","co_ti":"0800-1800(工區24小時圍設); 依交維計畫訂定時間施工","start_date":"2026-04-22","end_date":"2026-05-11","status_label":"施工中"}},{"type":"Feature","geometry":{"type":"Point","coordinates":[121.58713161557354,25.046457995416365]},"properties":{"permit_id":"11500763","city":"taipei","city_label":"臺北市","district":"南港","district_display":"南港區","addr":"115年度南港區同德路(同德路85巷至東新街108巷)側溝蓋更新工程","npurp":"道路維護","app_name":"新工處","tc_na":"興成營造有限公司","co_ti":"0800-1800(工區24小時圍設); 依交維計畫訂定時間施工","start_date":"2026-04-22","end_date":"2026-05-11","status_label":"施工中"}},{"type":"Feature","geometry":{"type":"Point","coordinates":[121.58721500397616,25.046362998008227]},"properties":{"permit_id":"11500763","city":"taipei","city_label":"臺北市","district":"南港","district_display":"南港區","addr":"115年度南港區同德路(同德路85巷至東新街108巷)側溝蓋更新工程","npurp":"道路維護","app_name":"新工處","tc_na":"興成營造有限公司","co_ti":"0800-1800(工區24小時圍設); 依交維計畫訂定時間施工","start_date":"2026-04-22","end_date":"2026-05-11","status_label":"施工中"}},{"type":"Feature","geometry":{"type":"Point","coordinates":[121.59828791249888,25.056170001837398]},"properties":{"permit_id":"11500978","city":"taipei","city_label":"臺北市","district":"南港","district_display":"南港區","addr":"忠孝東路6段269號等5處零星修繕工程(設施修復)","npurp":"道路維護","app_name":"新工處","tc_na":"聖東營造股份有限公司","co_ti":"自09時00分至18時00分; 依交維計畫訂定時間施工","start_date":"2026-04-30","end_date":"2026-05-13","status_label":"施工中"}},{"type":"Feature","geometry":{"type":"Point","coordinates":[121.58972586193694,25.049755223512047]},"properties":{"permit_id":"11500978","city":"taipei","city_label":"臺北市","district":"南港","district_display":"南港區","addr":"忠孝東路6段269號等5處零星修繕工程(設施修復)","npurp":"道路維護","app_name":"新工處","tc_na":"聖東營造股份有限公司","co_ti":"自09時00分至18時00分; 依交維計畫訂定時間施工","start_date":"2026-04-30","end_date":"2026-05-13","status_label":"施工中"}},{"type":"Feature","geometry":{"type":"Point","coordinates":[121.51175218930764,25.088150286113933]},"properties":{"permit_id":"113003842","city":"taipei","city_label":"臺北市","district":"士林","district_display":"士林區","addr":"中正路(中正路493號至521號)、通河西街二段10旁","npurp":"市政建設(捷運局-捷運工程)","app_name":"捷運一工處(東區)","tc_na":"皇昌營造股份有限公司","co_ti":"交通易壅塞路段 日夜間施工0時至24時","start_date":"2024-09-30","end_date":"2032-09-07","status_label":"施工中"}},{"type":"Feature","geometry":{"type":"Point","coordinates":[121.51662549562953,25.091136538812105]},"properties":{"permit_id":"113003842","city":"taipei","city_label":"臺北市","district":"士林","district_display":"士林區","addr":"中正路(中正路493號至521號)、通河西街二段10旁","npurp":"市政建設(捷運局-捷運工程)","app_name":"捷運一工處(東區)","tc_na":"皇昌營造股份有限公司","co_ti":"交通易壅塞路段 日夜間施工0時至24時","start_date":"2024-09-30","end_date":"2032-09-07","status_label":"施工中"}},{"type":"Feature","geometry":{"type":"Point","coordinates":[121.51662549562953,25.091136538812105]},"properties":{"permit_id":"113003842","city":"taipei","city_label":"臺北市","district":"士林","district_display":"士林區","addr":"中正路(中正路493號至521號)、通河西街二段10旁","npurp":"市政建設(捷運局-捷運工程)","app_name":"捷運一工處(東區)","tc_na":"皇昌營造股份有限公司","co_ti":"交通易壅塞路段 日夜間施工0時至24時","start_date":"2024-09-30","end_date":"2032-09-07","status_label":"施工中"}},{"type":"Feature","geometry":{"type":"Point","coordinates":[121.54968190466344,25.099874497983013]},"properties":{"permit_id":"114002532-1","city":"taipei","city_label":"臺北市","district":"士林","district_display":"士林區","addr":"至善路2段113巷交叉口(故宮路)至2段221號(故宮博物院前)","npurp":"市政建設(捷運局-捷運工程)","app_name":"捷運一工處(東區)","tc_na":"大陸工程股份有限公司","co_ti":"易壅塞路段 日夜間施工0時至24時","start_date":"2025-09-08","end_date":"2034-09-18","status_label":"施工中"}},{"type":"Feature","geometry":{"type":"Point","coordinates":[121.54896468143674,25.099401333709626]},"properties":{"permit_id":"114002532-1","city":"taipei","city_label":"臺北市","district":"士林","district_display":"士林區","addr":"至善路2段113巷交叉口(故宮路)至2段221號(故宮博物院前)","npurp":"市政建設(捷運局-捷運工程)","app_name":"捷運一工處(東區)","tc_na":"大陸工程股份有限公司","co_ti":"易壅塞路段 日夜間施工0時至24時","start_date":"2025-09-08","end_date":"2034-09-18","status_label":"施工中"}},{"type":"Feature","geometry":{"type":"Point","coordinates":[121.54896468143674,25.099401333709626]},"properties":{"permit_id":"114002532-1","city":"taipei","city_label":"臺北市","district":"士林","district_display":"士林區","addr":"至善路2段113巷交叉口(故宮路)至2段221號(故宮博物院前)","npurp":"市政建設(捷運局-捷運工程)","app_name":"捷運一工處(東區)","tc_na":"大陸工程股份有限公司","co_ti":"易壅塞路段 日夜間施工0時至24時","start_date":"2025-09-08","end_date":"2034-09-18","status_label":"施工中"}},{"type":"Feature","geometry":{"type":"Point","coordinates":[121.54968190466344,25.099874497983013]},"properties":{"permit_id":"114002532-1","city":"taipei","city_label":"臺北市","district":"士林","district_display":"士林區","addr":"至善路2段113巷交叉口(故宮路)至2段221號(故宮博物院前)","npurp":"市政建設(捷運局-捷運工程)","app_name":"捷運一工處(東區)","tc_na":"大陸工程股份有限公司","co_ti":"易壅塞路段 日夜間施工0時至24時","start_date":"2025-09-08","end_date":"2034-09-18","status_label":"施工中"}},{"type":"Feature","geometry":{"type":"Point","coordinates":[121.53083758304054,25.11094243163121]},"properties":{"permit_id":"114003917","city":"taipei","city_label":"臺北市","district":"士林","district_display":"士林區","addr":"忠誠路2段54號至46之1、德行東路109巷與忠誠路2段40巷交叉口及忠誠路2段40巷與德行東路109巷交叉口附近地區","npurp":"市政建設(衛工處-污水管線)","app_name":"衛工處","tc_na":"廣信工程股份有限公司","co_ti":"明挖日間施工9時30分至16時及推管日夜施工8時至19時","start_date":"2025-10-21","end_date":"2026-05-11","status_label":"施工中"}},{"type":"Feature","geometry":{"type":"Point","coordinates":[121.53083758304054,25.11094243163121]},"properties":{"permit_id":"114003917","city":"taipei","city_label":"臺北市","district":"士林","district_display":"士林區","addr":"忠誠路2段54號至46之1、德行東路109巷與忠誠路2段40巷交叉口及忠誠路2段40巷與德行東路109巷交叉口附近地區","npurp":"市政建設(衛工處-污水管線)","app_name":"衛工處","tc_na":"廣信工程股份有限公司","co_ti":"明挖日間施工9時30分至16時及推管日夜施工8時至19時","start_date":"2025-10-21","end_date":"2026-05-11","status_label":"施工中"}},{"type":"Feature","geometry":{"type":"Point","coordinates":[121.53202595394936,25.09651346870412]},"properties":{"permit_id":"114004083-1","city":"taipei","city_label":"臺北市","district":"士林","district_display":"士林區","addr":"中正路(中正路229號至雨農路)、志成街(中正路至志成街22巷)、雨農路2號對面(志成公園旁)及福林路(四號廣場前)","npurp":"市政建設(捷運局-捷運工程)","app_name":"捷運一工處(東區)","tc_na":"皇昌營造股份有限公司","co_ti":"易壅塞路段 日夜間施工0時至24時","start_date":"2025-11-07","end_date":"2034-08-31","status_label":"施工中"}},{"type":"Feature","geometry":{"type":"Point","coordinates":[121.53199516842987,25.096648385422963]},"properties":{"permit_id":"114004083-1","city":"taipei","city_label":"臺北市","district":"士林","district_display":"士林區","addr":"中正路(中正路229號至雨農路)、志成街(中正路至志成街22巷)、雨農路2號對面(志成公園旁)及福林路(四號廣場前)","npurp":"市政建設(捷運局-捷運工程)","app_name":"捷運一工處(東區)","tc_na":"皇昌營造股份有限公司","co_ti":"易壅塞路段 日夜間施工0時至24時","start_date":"2025-11-07","end_date":"2034-08-31","status_label":"施工中"}},{"type":"Feature","geometry":{"type":"Point","coordinates":[121.53202595394936,25.09651346870412]},"properties":{"permit_id":"114004083-1","city":"taipei","city_label":"臺北市","district":"士林","district_display":"士林區","addr":"中正路(中正路229號至雨農路)、志成街(中正路至志成街22巷)、雨農路2號對面(志成公園旁)及福林路(四號廣場前)","npurp":"市政建設(捷運局-捷運工程)","app_name":"捷運一工處(東區)","tc_na":"皇昌營造股份有限公司","co_ti":"易壅塞路段 日夜間施工0時至24時","start_date":"2025-11-07","end_date":"2034-08-31","status_label":"施工中"}},{"type":"Feature","geometry":{"type":"Point","coordinates":[121.53199516842987,25.096648385422963]},"properties":{"permit_id":"114004083-1","city":"taipei","city_label":"臺北市","district":"士林","district_display":"士林區","addr":"中正路(中正路229號至雨農路)、志成街(中正路至志成街22巷)、雨農路2號對面(志成公園旁)及福林路(四號廣場前)","npurp":"市政建設(捷運局-捷運工程)","app_name":"捷運一工處(東區)","tc_na":"皇昌營造股份有限公司","co_ti":"易壅塞路段 日夜間施工0時至24時","start_date":"2025-11-07","end_date":"2034-08-31","status_label":"施工中"}},{"type":"Feature","geometry":{"type":"Point","coordinates":[121.53199516842987,25.096648385422963]},"properties":{"permit_id":"114004083-1","city":"taipei","city_label":"臺北市","district":"士林","district_display":"士林區","addr":"中正路(中正路229號至雨農路)、志成街(中正路至志成街22巷)、雨農路2號對面(志成公園旁)及福林路(四號廣場前)","npurp":"市政建設(捷運局-捷運工程)","app_name":"捷運一工處(東區)","tc_na":"皇昌營造股份有限公司","co_ti":"易壅塞路段 日夜間施工0時至24時","start_date":"2025-11-07","end_date":"2034-08-31","status_label":"施工中"}},{"type":"Feature","geometry":{"type":"Point","coordinates":[121.53199516842987,25.096648385422963]},"properties":{"permit_id":"114004083-1","city":"taipei","city_label":"臺北市","district":"士林","district_display":"士林區","addr":"中正路(中正路229號至雨農路)、志成街(中正路至志成街22巷)、雨農路2號對面(志成公園旁)及福林路(四號廣場前)","npurp":"市政建設(捷運局-捷運工程)","app_name":"捷運一工處(東區)","tc_na":"皇昌營造股份有限公司","co_ti":"易壅塞路段 日夜間施工0時至24時","start_date":"2025-11-07","end_date":"2034-08-31","status_label":"施工中"}},{"type":"Feature","geometry":{"type":"Point","coordinates":[121.53199516842987,25.096648385422963]},"properties":{"permit_id":"114004083-1","city":"taipei","city_label":"臺北市","district":"士林","district_display":"士林區","addr":"中正路(中正路229號至雨農路)、志成街(中正路至志成街22巷)、雨農路2號對面(志成公園旁)及福林路(四號廣場前)","npurp":"市政建設(捷運局-捷運工程)","app_name":"捷運一工處(東區)","tc_na":"皇昌營造股份有限公司","co_ti":"易壅塞路段 日夜間施工0時至24時","start_date":"2025-11-07","end_date":"2034-08-31","status_label":"施工中"}},{"type":"Feature","geometry":{"type":"Point","coordinates":[121.53199516842987,25.096648385422963]},"properties":{"permit_id":"114004083-1","city":"taipei","city_label":"臺北市","district":"士林","district_display":"士林區","addr":"中正路(中正路229號至雨農路)、志成街(中正路至志成街22巷)、雨農路2號對面(志成公園旁)及福林路(四號廣場前)","npurp":"市政建設(捷運局-捷運工程)","app_name":"捷運一工處(東區)","tc_na":"皇昌營造股份有限公司","co_ti":"易壅塞路段 日夜間施工0時至24時","start_date":"2025-11-07","end_date":"2034-08-31","status_label":"施工中"}},{"type":"Feature","geometry":{"type":"Point","coordinates":[121.52004246565106,25.09317982351612]},"properties":{"permit_id":"114004157-3","city":"taipei","city_label":"臺北市","district":"士林","district_display":"士林區","addr":"中正路中正路281號至493號旁及中正路435巷5號","npurp":"市政建設(捷運局-捷運工程)","app_name":"捷運一工處(東區)","tc_na":"皇昌營造股份有限公司","co_ti":"易壅塞路段 日夜間施工0時至24時","start_date":"2025-11-14","end_date":"2034-08-31","status_label":"施工中"}},{"type":"Feature","geometry":{"type":"Point","coordinates":[121.5198252068082,25.09344702013172]},"properties":{"permit_id":"114004157-3","city":"taipei","city_label":"臺北市","district":"士林","district_display":"士林區","addr":"中正路中正路281號至493號旁及中正路435巷5號","npurp":"市政建設(捷運局-捷運工程)","app_name":"捷運一工處(東區)","tc_na":"皇昌營造股份有限公司","co_ti":"易壅塞路段 日夜間施工0時至24時","start_date":"2025-11-14","end_date":"2034-08-31","status_label":"施工中"}},{"type":"Feature","geometry":{"type":"Point","coordinates":[121.5261274896051,25.09537678868841]},"properties":{"permit_id":"114004157-6","city":"taipei","city_label":"臺北市","district":"士林","district_display":"士林區","addr":"中正路220至281號、文林路424至464號","npurp":"市政建設(捷運局-捷運工程)","app_name":"捷運一工處(東區)","tc_na":"皇昌營造股份有限公司","co_ti":"易壅塞路段 日夜間施工0時至24時","start_date":"2025-12-11","end_date":"2034-08-31","status_label":"施工中"}},{"type":"Feature","geometry":{"type":"Point","coordinates":[121.51857546289118,25.09241472304054]},"properties":{"permit_id":"113003842","city":"taipei","city_label":"臺北市","district":"士林","district_display":"士林區","addr":"中正路(中正路493號至521號)、通河西街二段10旁","npurp":"市政建設(捷運局-捷運工程)","app_name":"捷運一工處(東區)","tc_na":"皇昌營造股份有限公司","co_ti":"交通易壅塞路段 日夜間施工0時至24時","start_date":"2026-01-01","end_date":"2032-09-07","status_label":"施工中"}},{"type":"Feature","geometry":{"type":"Point","coordinates":[121.54658555126896,25.098254869986285]},"properties":{"permit_id":"114002532-1","city":"taipei","city_label":"臺北市","district":"士林","district_display":"士林區","addr":"至善路2段113巷交叉口(故宮路)至2段221號(故宮博物院前)","npurp":"市政建設(捷運局-捷運工程)","app_name":"捷運一工處(東區)","tc_na":"大陸工程股份有限公司","co_ti":"易壅塞路段 日夜間施工0時至24時","start_date":"2026-01-01","end_date":"2034-09-18","status_label":"施工中"}},{"type":"Feature","geometry":{"type":"Point","coordinates":[121.5250503736798,25.08623524868189]},"properties":{"permit_id":"11500524","city":"taipei","city_label":"臺北市","district":"士林","district_display":"士林區","addr":"士林夜市商圈意象改造工程","npurp":"道路維護","app_name":"新工處","tc_na":"永溢營造股份有限公司","co_ti":"08:00-17:00; 依交維計畫訂定時間施工","start_date":"2026-04-07","end_date":"2026-06-05","status_label":"施工中"}},{"type":"Feature","geometry":{"type":"Point","coordinates":[121.52294238344837,25.105522813650087]},"properties":{"permit_id":"11500694","city":"taipei","city_label":"臺北市","district":"士林","district_display":"士林區","addr":"德行西路49號至63號人行道","npurp":"道路維護","app_name":"新工處","tc_na":"達客利科技有限公司","co_ti":"自09時00分至17時00分; 依交維計畫訂定時間施工","start_date":"2026-04-16","end_date":"2026-05-31","status_label":"施工中"}},{"type":"Feature","geometry":{"type":"Point","coordinates":[121.52294238344837,25.105522813650087]},"properties":{"permit_id":"11500694","city":"taipei","city_label":"臺北市","district":"士林","district_display":"士林區","addr":"德行西路49號至63號人行道","npurp":"道路維護","app_name":"新工處","tc_na":"達客利科技有限公司","co_ti":"自09時00分至17時00分; 依交維計畫訂定時間施工","start_date":"2026-04-16","end_date":"2026-05-31","status_label":"施工中"}},{"type":"Feature","geometry":{"type":"Point","coordinates":[121.52294238344837,25.105522813650087]},"properties":{"permit_id":"11500694","city":"taipei","city_label":"臺北市","district":"士林","district_display":"士林區","addr":"德行西路49號至63號人行道","npurp":"道路維護","app_name":"新工處","tc_na":"達客利科技有限公司","co_ti":"自09時00分至17時00分; 依交維計畫訂定時間施工","start_date":"2026-04-16","end_date":"2026-05-31","status_label":"施工中"}},{"type":"Feature","geometry":{"type":"Point","coordinates":[121.52294238344837,25.105522813650087]},"properties":{"permit_id":"11500694","city":"taipei","city_label":"臺北市","district":"士林","district_display":"士林區","addr":"德行西路49號至63號人行道","npurp":"道路維護","app_name":"新工處","tc_na":"達客利科技有限公司","co_ti":"自09時00分至17時00分; 依交維計畫訂定時間施工","start_date":"2026-04-16","end_date":"2026-05-31","status_label":"施工中"}},{"type":"Feature","geometry":{"type":"Point","coordinates":[121.52294238344837,25.105522813650087]},"properties":{"permit_id":"11500694","city":"taipei","city_label":"臺北市","district":"士林","district_display":"士林區","addr":"德行西路49號至63號人行道","npurp":"道路維護","app_name":"新工處","tc_na":"達客利科技有限公司","co_ti":"自09時00分至17時00分; 依交維計畫訂定時間施工","start_date":"2026-04-16","end_date":"2026-05-31","status_label":"施工中"}},{"type":"Feature","geometry":{"type":"Point","coordinates":[121.5229394969272,25.105461911830364]},"properties":{"permit_id":"11500694","city":"taipei","city_label":"臺北市","district":"士林","district_display":"士林區","addr":"德行西路49號至63號人行道","npurp":"道路維護","app_name":"新工處","tc_na":"達客利科技有限公司","co_ti":"自09時00分至17時00分; 依交維計畫訂定時間施工","start_date":"2026-04-16","end_date":"2026-05-31","status_label":"施工中"}},{"type":"Feature","geometry":{"type":"Point","coordinates":[121.52294238344837,25.105522813650087]},"properties":{"permit_id":"11500694","city":"taipei","city_label":"臺北市","district":"士林","district_display":"士林區","addr":"德行西路49號至63號人行道","npurp":"道路維護","app_name":"新工處","tc_na":"達客利科技有限公司","co_ti":"自09時00分至17時00分; 依交維計畫訂定時間施工","start_date":"2026-04-16","end_date":"2026-05-31","status_label":"施工中"}},{"type":"Feature","geometry":{"type":"Point","coordinates":[121.52294238344837,25.105522813650087]},"properties":{"permit_id":"11500694","city":"taipei","city_label":"臺北市","district":"士林","district_display":"士林區","addr":"德行西路49號至63號人行道","npurp":"道路維護","app_name":"新工處","tc_na":"達客利科技有限公司","co_ti":"自09時00分至17時00分; 依交維計畫訂定時間施工","start_date":"2026-04-16","end_date":"2026-05-31","status_label":"施工中"}},{"type":"Feature","geometry":{"type":"Point","coordinates":[121.52294238344837,25.105522813650087]},"properties":{"permit_id":"11500694","city":"taipei","city_label":"臺北市","district":"士林","district_display":"士林區","addr":"德行西路49號至63號人行道","npurp":"道路維護","app_name":"新工處","tc_na":"達客利科技有限公司","co_ti":"自09時00分至17時00分; 依交維計畫訂定時間施工","start_date":"2026-04-16","end_date":"2026-05-31","status_label":"施工中"}},{"type":"Feature","geometry":{"type":"Point","coordinates":[121.52294238344837,25.105522813650087]},"properties":{"permit_id":"11500694","city":"taipei","city_label":"臺北市","district":"士林","district_display":"士林區","addr":"德行西路49號至63號人行道","npurp":"道路維護","app_name":"新工處","tc_na":"達客利科技有限公司","co_ti":"自09時00分至17時00分; 依交維計畫訂定時間施工","start_date":"2026-04-16","end_date":"2026-05-31","status_label":"施工中"}},{"type":"Feature","geometry":{"type":"Point","coordinates":[121.52294238344837,25.105522813650087]},"properties":{"permit_id":"11500694","city":"taipei","city_label":"臺北市","district":"士林","district_display":"士林區","addr":"德行西路49號至63號人行道","npurp":"道路維護","app_name":"新工處","tc_na":"達客利科技有限公司","co_ti":"自09時00分至17時00分; 依交維計畫訂定時間施工","start_date":"2026-04-16","end_date":"2026-05-31","status_label":"施工中"}},{"type":"Feature","geometry":{"type":"Point","coordinates":[121.51743832589902,25.09011488344993]},"properties":{"permit_id":"11500807","city":"taipei","city_label":"臺北市","district":"士林","district_display":"士林區","addr":"承德路四段342號前斜坡道","npurp":"道路維護","app_name":"新工處","tc_na":"達客利科技有限公司","co_ti":"自09時00分至17時00分; 依交維計畫訂定時間施工","start_date":"2026-04-20","end_date":"2026-05-29","status_label":"施工中"}},{"type":"Feature","geometry":{"type":"Point","coordinates":[121.51735249728198,25.090179868625157]},"properties":{"permit_id":"11500807","city":"taipei","city_label":"臺北市","district":"士林","district_display":"士林區","addr":"承德路四段342號前斜坡道","npurp":"道路維護","app_name":"新工處","tc_na":"達客利科技有限公司","co_ti":"自09時00分至17時00分; 依交維計畫訂定時間施工","start_date":"2026-04-20","end_date":"2026-05-29","status_label":"施工中"}},{"type":"Feature","geometry":{"type":"Point","coordinates":[121.51735249728198,25.090179868625157]},"properties":{"permit_id":"11500807","city":"taipei","city_label":"臺北市","district":"士林","district_display":"士林區","addr":"承德路四段342號前斜坡道","npurp":"道路維護","app_name":"新工處","tc_na":"達客利科技有限公司","co_ti":"自09時00分至17時00分; 依交維計畫訂定時間施工","start_date":"2026-04-20","end_date":"2026-05-29","status_label":"施工中"}},{"type":"Feature","geometry":{"type":"Point","coordinates":[121.51735249728198,25.090179868625157]},"properties":{"permit_id":"11500807","city":"taipei","city_label":"臺北市","district":"士林","district_display":"士林區","addr":"承德路四段342號前斜坡道","npurp":"道路維護","app_name":"新工處","tc_na":"達客利科技有限公司","co_ti":"自09時00分至17時00分; 依交維計畫訂定時間施工","start_date":"2026-04-20","end_date":"2026-05-29","status_label":"施工中"}},{"type":"Feature","geometry":{"type":"Point","coordinates":[121.51735249728198,25.090179868625157]},"properties":{"permit_id":"11500807","city":"taipei","city_label":"臺北市","district":"士林","district_display":"士林區","addr":"承德路四段342號前斜坡道","npurp":"道路維護","app_name":"新工處","tc_na":"達客利科技有限公司","co_ti":"自09時00分至17時00分; 依交維計畫訂定時間施工","start_date":"2026-04-20","end_date":"2026-05-29","status_label":"施工中"}},{"type":"Feature","geometry":{"type":"Point","coordinates":[121.5326861064331,25.09957303116254]},"properties":{"permit_id":"11500869","city":"taipei","city_label":"臺北市","district":"士林","district_display":"士林區","addr":"雨農路72號前人行道","npurp":"道路維護","app_name":"新工處","tc_na":"達客利科技有限公司","co_ti":"自09時00分至17時00分; 依交維計畫訂定時間施工","start_date":"2026-04-27","end_date":"2026-05-31","status_label":"施工中"}},{"type":"Feature","geometry":{"type":"Point","coordinates":[121.5326861064331,25.09957303116254]},"properties":{"permit_id":"11500869","city":"taipei","city_label":"臺北市","district":"士林","district_display":"士林區","addr":"雨農路72號前人行道","npurp":"道路維護","app_name":"新工處","tc_na":"達客利科技有限公司","co_ti":"自09時00分至17時00分; 依交維計畫訂定時間施工","start_date":"2026-04-27","end_date":"2026-05-31","status_label":"施工中"}},{"type":"Feature","geometry":{"type":"Point","coordinates":[121.5326861064331,25.09957303116254]},"properties":{"permit_id":"11500869","city":"taipei","city_label":"臺北市","district":"士林","district_display":"士林區","addr":"雨農路72號前人行道","npurp":"道路維護","app_name":"新工處","tc_na":"達客利科技有限公司","co_ti":"自09時00分至17時00分; 依交維計畫訂定時間施工","start_date":"2026-04-27","end_date":"2026-05-31","status_label":"施工中"}},{"type":"Feature","geometry":{"type":"Point","coordinates":[121.50872699927874,25.05682599077244]},"properties":{"permit_id":"11500580","city":"taipei","city_label":"臺北市","district":"大同","district_display":"大同區","addr":"大同區民生西路(西寧北路至貴德街)人行道鋪面更新工程","npurp":"道路維護","app_name":"新工處","tc_na":"安宏營造有限公司","co_ti":"自8時30分至17時00分；工區24小時圍設; 依交維計畫訂定時間施工","start_date":"2026-03-27","end_date":"2026-05-27","status_label":"施工中"}},{"type":"Feature","geometry":{"type":"Point","coordinates":[121.5088720040902,25.05681499433721]},"properties":{"permit_id":"11500580","city":"taipei","city_label":"臺北市","district":"大同","district_display":"大同區","addr":"大同區民生西路(西寧北路至貴德街)人行道鋪面更新工程","npurp":"道路維護","app_name":"新工處","tc_na":"安宏營造有限公司","co_ti":"自8時30分至17時00分；工區24小時圍設; 依交維計畫訂定時間施工","start_date":"2026-03-27","end_date":"2026-05-27","status_label":"施工中"}},{"type":"Feature","geometry":{"type":"Point","coordinates":[121.50891400140596,25.056830270398635]},"properties":{"permit_id":"11500580","city":"taipei","city_label":"臺北市","district":"大同","district_display":"大同區","addr":"大同區民生西路(西寧北路至貴德街)人行道鋪面更新工程","npurp":"道路維護","app_name":"新工處","tc_na":"安宏營造有限公司","co_ti":"自8時30分至17時00分；工區24小時圍設; 依交維計畫訂定時間施工","start_date":"2026-03-27","end_date":"2026-05-27","status_label":"施工中"}},{"type":"Feature","geometry":{"type":"Point","coordinates":[121.50887511633344,25.05681022587325]},"properties":{"permit_id":"11500580","city":"taipei","city_label":"臺北市","district":"大同","district_display":"大同區","addr":"大同區民生西路(西寧北路至貴德街)人行道鋪面更新工程","npurp":"道路維護","app_name":"新工處","tc_na":"安宏營造有限公司","co_ti":"自8時30分至17時00分；工區24小時圍設; 依交維計畫訂定時間施工","start_date":"2026-03-27","end_date":"2026-05-27","status_label":"施工中"}},{"type":"Feature","geometry":{"type":"Point","coordinates":[121.50887511633344,25.05681022587325]},"properties":{"permit_id":"11500580","city":"taipei","city_label":"臺北市","district":"大同","district_display":"大同區","addr":"大同區民生西路(西寧北路至貴德街)人行道鋪面更新工程","npurp":"道路維護","app_name":"新工處","tc_na":"安宏營造有限公司","co_ti":"自8時30分至17時00分；工區24小時圍設; 依交維計畫訂定時間施工","start_date":"2026-03-27","end_date":"2026-05-27","status_label":"施工中"}},{"type":"Feature","geometry":{"type":"Point","coordinates":[121.50887511633344,25.05681022587325]},"properties":{"permit_id":"11500580","city":"taipei","city_label":"臺北市","district":"大同","district_display":"大同區","addr":"大同區民生西路(西寧北路至貴德街)人行道鋪面更新工程","npurp":"道路維護","app_name":"新工處","tc_na":"安宏營造有限公司","co_ti":"自8時30分至17時00分；工區24小時圍設; 依交維計畫訂定時間施工","start_date":"2026-03-27","end_date":"2026-05-27","status_label":"施工中"}},{"type":"Feature","geometry":{"type":"Point","coordinates":[121.50844864096884,25.05682055212342]},"properties":{"permit_id":"11500580","city":"taipei","city_label":"臺北市","district":"大同","district_display":"大同區","addr":"大同區民生西路(西寧北路至貴德街)人行道鋪面更新工程","npurp":"道路維護","app_name":"新工處","tc_na":"安宏營造有限公司","co_ti":"自8時30分至17時00分；工區24小時圍設; 依交維計畫訂定時間施工","start_date":"2026-03-27","end_date":"2026-05-27","status_label":"施工中"}},{"type":"Feature","geometry":{"type":"Point","coordinates":[121.5087190026265,25.05682399587337]},"properties":{"permit_id":"11500580","city":"taipei","city_label":"臺北市","district":"大同","district_display":"大同區","addr":"大同區民生西路(西寧北路至貴德街)人行道鋪面更新工程","npurp":"道路維護","app_name":"新工處","tc_na":"安宏營造有限公司","co_ti":"自8時30分至17時00分；工區24小時圍設; 依交維計畫訂定時間施工","start_date":"2026-03-27","end_date":"2026-05-27","status_label":"施工中"}},{"type":"Feature","geometry":{"type":"Point","coordinates":[121.5159810760904,25.065829172596683]},"properties":{"permit_id":"11500941","city":"taipei","city_label":"臺北市","district":"大同","district_display":"大同區","addr":"115年度大同區昌吉街(大龍街至重慶北路3段)側溝蓋更新工程","npurp":"道路維護","app_name":"新工處","tc_na":"輝德營造有限公司","co_ti":"自9時00分至17時00分；工區24小時圍設; 依交維計畫訂定時間施工","start_date":"2026-04-27","end_date":"2026-05-21","status_label":"施工中"}},{"type":"Feature","geometry":{"type":"Point","coordinates":[121.51597244075506,25.065970654349115]},"properties":{"permit_id":"11500941","city":"taipei","city_label":"臺北市","district":"大同","district_display":"大同區","addr":"115年度大同區昌吉街(大龍街至重慶北路3段)側溝蓋更新工程","npurp":"道路維護","app_name":"新工處","tc_na":"輝德營造有限公司","co_ti":"自9時00分至17時00分；工區24小時圍設; 依交維計畫訂定時間施工","start_date":"2026-04-27","end_date":"2026-05-21","status_label":"施工中"}},{"type":"Feature","geometry":{"type":"Point","coordinates":[121.5160036068192,25.065819939837287]},"properties":{"permit_id":"11500941","city":"taipei","city_label":"臺北市","district":"大同","district_display":"大同區","addr":"115年度大同區昌吉街(大龍街至重慶北路3段)側溝蓋更新工程","npurp":"道路維護","app_name":"新工處","tc_na":"輝德營造有限公司","co_ti":"自9時00分至17時00分；工區24小時圍設; 依交維計畫訂定時間施工","start_date":"2026-04-27","end_date":"2026-05-21","status_label":"施工中"}},{"type":"Feature","geometry":{"type":"Point","coordinates":[121.51506961058276,25.065976975970383]},"properties":{"permit_id":"11500941","city":"taipei","city_label":"臺北市","district":"大同","district_display":"大同區","addr":"115年度大同區昌吉街(大龍街至重慶北路3段)側溝蓋更新工程","npurp":"道路維護","app_name":"新工處","tc_na":"輝德營造有限公司","co_ti":"自9時00分至17時00分；工區24小時圍設; 依交維計畫訂定時間施工","start_date":"2026-04-27","end_date":"2026-05-21","status_label":"施工中"}},{"type":"Feature","geometry":{"type":"Point","coordinates":[121.54613697747509,25.038931103712887]},"properties":{"permit_id":"11404744","city":"taipei","city_label":"臺北市","district":"大安","district_display":"大安區","addr":"大安路一段(信義路至市民大道)","npurp":"道路維護","app_name":"新工處","tc_na":"稻田營造有限公司","co_ti":"每日施工時間自09時00分至17時00分；工區24小時留設; 依交維計畫訂定時間施工","start_date":"2025-11-17","end_date":"2026-08-18","status_label":"施工中"}},{"type":"Feature","geometry":{"type":"Point","coordinates":[121.54594415736932,25.03433779591724]},"properties":{"permit_id":"11404744","city":"taipei","city_label":"臺北市","district":"大安","district_display":"大安區","addr":"大安路一段(信義路至市民大道)","npurp":"道路維護","app_name":"新工處","tc_na":"稻田營造有限公司","co_ti":"每日施工時間自09時00分至17時00分；工區24小時留設; 依交維計畫訂定時間施工","start_date":"2025-11-17","end_date":"2026-08-18","status_label":"施工中"}},{"type":"Feature","geometry":{"type":"Point","coordinates":[121.54611112560713,25.038573614906124]},"properties":{"permit_id":"11404744","city":"taipei","city_label":"臺北市","district":"大安","district_display":"大安區","addr":"大安路一段(信義路至市民大道)","npurp":"道路維護","app_name":"新工處","tc_na":"稻田營造有限公司","co_ti":"每日施工時間自09時00分至17時00分；工區24小時留設; 依交維計畫訂定時間施工","start_date":"2025-11-17","end_date":"2026-08-18","status_label":"施工中"}},{"type":"Feature","geometry":{"type":"Point","coordinates":[121.54602593726467,25.03935146150548]},"properties":{"permit_id":"11404744","city":"taipei","city_label":"臺北市","district":"大安","district_display":"大安區","addr":"大安路一段(信義路至市民大道)","npurp":"道路維護","app_name":"新工處","tc_na":"稻田營造有限公司","co_ti":"每日施工時間自09時00分至17時00分；工區24小時留設; 依交維計畫訂定時間施工","start_date":"2025-11-17","end_date":"2026-08-18","status_label":"施工中"}},{"type":"Feature","geometry":{"type":"Point","coordinates":[121.54611112560713,25.038573614906124]},"properties":{"permit_id":"11404744","city":"taipei","city_label":"臺北市","district":"大安","district_display":"大安區","addr":"大安路一段(信義路至市民大道)","npurp":"道路維護","app_name":"新工處","tc_na":"稻田營造有限公司","co_ti":"每日施工時間自09時00分至17時00分；工區24小時留設; 依交維計畫訂定時間施工","start_date":"2025-11-17","end_date":"2026-08-18","status_label":"施工中"}},{"type":"Feature","geometry":{"type":"Point","coordinates":[121.54615202422224,25.03908636732992]},"properties":{"permit_id":"11404744","city":"taipei","city_label":"臺北市","district":"大安","district_display":"大安區","addr":"大安路一段(信義路至市民大道)","npurp":"道路維護","app_name":"新工處","tc_na":"稻田營造有限公司","co_ti":"每日施工時間自09時00分至17時00分；工區24小時留設; 依交維計畫訂定時間施工","start_date":"2025-11-17","end_date":"2026-08-18","status_label":"施工中"}},{"type":"Feature","geometry":{"type":"Point","coordinates":[121.54600450016405,25.038175796575043]},"properties":{"permit_id":"11404744","city":"taipei","city_label":"臺北市","district":"大安","district_display":"大安區","addr":"大安路一段(信義路至市民大道)","npurp":"道路維護","app_name":"新工處","tc_na":"稻田營造有限公司","co_ti":"每日施工時間自09時00分至17時00分；工區24小時留設; 依交維計畫訂定時間施工","start_date":"2025-11-17","end_date":"2026-08-18","status_label":"施工中"}},{"type":"Feature","geometry":{"type":"Point","coordinates":[121.546133923931,25.03840714376898]},"properties":{"permit_id":"11404744","city":"taipei","city_label":"臺北市","district":"大安","district_display":"大安區","addr":"大安路一段(信義路至市民大道)","npurp":"道路維護","app_name":"新工處","tc_na":"稻田營造有限公司","co_ti":"每日施工時間自09時00分至17時00分；工區24小時留設; 依交維計畫訂定時間施工","start_date":"2025-11-17","end_date":"2026-08-18","status_label":"施工中"}},{"type":"Feature","geometry":{"type":"Point","coordinates":[121.54600195043132,25.038470599554028]},"properties":{"permit_id":"11404744","city":"taipei","city_label":"臺北市","district":"大安","district_display":"大安區","addr":"大安路一段(信義路至市民大道)","npurp":"道路維護","app_name":"新工處","tc_na":"稻田營造有限公司","co_ti":"每日施工時間自09時00分至17時00分；工區24小時留設; 依交維計畫訂定時間施工","start_date":"2025-11-17","end_date":"2026-08-18","status_label":"施工中"}},{"type":"Feature","geometry":{"type":"Point","coordinates":[121.5461260851343,25.039170198018347]},"properties":{"permit_id":"11404744","city":"taipei","city_label":"臺北市","district":"大安","district_display":"大安區","addr":"大安路一段(信義路至市民大道)","npurp":"道路維護","app_name":"新工處","tc_na":"稻田營造有限公司","co_ti":"每日施工時間自09時00分至17時00分；工區24小時留設; 依交維計畫訂定時間施工","start_date":"2025-11-17","end_date":"2026-08-18","status_label":"施工中"}},{"type":"Feature","geometry":{"type":"Point","coordinates":[121.54615202422224,25.03908636732992]},"properties":{"permit_id":"11404744","city":"taipei","city_label":"臺北市","district":"大安","district_display":"大安區","addr":"大安路一段(信義路至市民大道)","npurp":"道路維護","app_name":"新工處","tc_na":"稻田營造有限公司","co_ti":"每日施工時間自09時00分至17時00分；工區24小時留設; 依交維計畫訂定時間施工","start_date":"2025-11-17","end_date":"2026-08-18","status_label":"施工中"}},{"type":"Feature","geometry":{"type":"Point","coordinates":[121.54597899551156,25.038189856714823]},"properties":{"permit_id":"11404744","city":"taipei","city_label":"臺北市","district":"大安","district_display":"大安區","addr":"大安路一段(信義路至市民大道)","npurp":"道路維護","app_name":"新工處","tc_na":"稻田營造有限公司","co_ti":"每日施工時間自09時00分至17時00分；工區24小時留設; 依交維計畫訂定時間施工","start_date":"2025-11-17","end_date":"2026-08-18","status_label":"施工中"}},{"type":"Feature","geometry":{"type":"Point","coordinates":[121.54598905860637,25.03863639327897]},"properties":{"permit_id":"11404744","city":"taipei","city_label":"臺北市","district":"大安","district_display":"大安區","addr":"大安路一段(信義路至市民大道)","npurp":"道路維護","app_name":"新工處","tc_na":"稻田營造有限公司","co_ti":"每日施工時間自09時00分至17時00分；工區24小時留設; 依交維計畫訂定時間施工","start_date":"2025-11-17","end_date":"2026-08-18","status_label":"施工中"}},{"type":"Feature","geometry":{"type":"Point","coordinates":[121.55027600297994,25.044506994081047]},"properties":{"permit_id":"11500406","city":"taipei","city_label":"臺北市","district":"大安","district_display":"大安區","addr":"市民大道4段南側(忠孝東路4段147巷至忠孝東路4段223巷)人行道","npurp":"道路維護","app_name":"新工處","tc_na":"金煌營造有限公司","co_ti":"0800至1700; 依交維計畫訂定時間施工","start_date":"2026-03-10","end_date":"2026-06-07","status_label":"施工中"}},{"type":"Feature","geometry":{"type":"Point","coordinates":[121.55138000392012,25.044424997778247]},"properties":{"permit_id":"11500406","city":"taipei","city_label":"臺北市","district":"大安","district_display":"大安區","addr":"市民大道4段南側（忠孝東路4段147巷至忠孝東路4段223巷）人行道鋪面更新工程","npurp":"道路維護","app_name":"新工處","tc_na":"金煌營造有限公司","co_ti":"0800至1700; 依交維計畫訂定時間施工","start_date":"2026-03-10","end_date":"2026-06-07","status_label":"施工中"}},{"type":"Feature","geometry":{"type":"Point","coordinates":[121.5506005447371,25.044516778812124]},"properties":{"permit_id":"11500406","city":"taipei","city_label":"臺北市","district":"大安","district_display":"大安區","addr":"市民大道4段南側（忠孝東路4段147巷至忠孝東路4段223巷）人行道鋪面更新工程","npurp":"道路維護","app_name":"新工處","tc_na":"金煌營造有限公司","co_ti":"0800至1700; 依交維計畫訂定時間施工","start_date":"2026-03-10","end_date":"2026-06-07","status_label":"施工中"}},{"type":"Feature","geometry":{"type":"Point","coordinates":[121.54976999892986,25.04456666503656]},"properties":{"permit_id":"11500406","city":"taipei","city_label":"臺北市","district":"大安","district_display":"大安區","addr":"市民大道4段南側（忠孝東路4段147巷至忠孝東路4段223巷）人行道鋪面更新工程","npurp":"道路維護","app_name":"新工處","tc_na":"金煌營造有限公司","co_ti":"0800至1700; 依交維計畫訂定時間施工","start_date":"2026-03-10","end_date":"2026-06-07","status_label":"施工中"}},{"type":"Feature","geometry":{"type":"Point","coordinates":[121.55075328335944,25.044450966891]},"properties":{"permit_id":"11500406","city":"taipei","city_label":"臺北市","district":"大安","district_display":"大安區","addr":"市民大道4段南側（忠孝東路4段147巷至忠孝東路4段223巷）人行道鋪面更新工程","npurp":"道路維護","app_name":"新工處","tc_na":"金煌營造有限公司","co_ti":"0800至1700; 依交維計畫訂定時間施工","start_date":"2026-03-10","end_date":"2026-06-07","status_label":"施工中"}},{"type":"Feature","geometry":{"type":"Point","coordinates":[121.55289532446535,25.04426365031097]},"properties":{"permit_id":"11500406","city":"taipei","city_label":"臺北市","district":"大安","district_display":"大安區","addr":"市民大道4段南側（忠孝東路4段147巷至忠孝東路4段223巷）人行道鋪面更新工程","npurp":"道路維護","app_name":"新工處","tc_na":"金煌營造有限公司","co_ti":"0800至1700; 依交維計畫訂定時間施工","start_date":"2026-03-10","end_date":"2026-06-07","status_label":"施工中"}},{"type":"Feature","geometry":{"type":"Point","coordinates":[121.5506005447371,25.044516778812124]},"properties":{"permit_id":"11500406","city":"taipei","city_label":"臺北市","district":"大安","district_display":"大安區","addr":"市民大道4段南側（忠孝東路4段147巷至忠孝東路4段223巷）人行道鋪面更新工程","npurp":"道路維護","app_name":"新工處","tc_na":"金煌營造有限公司","co_ti":"0800至1700; 依交維計畫訂定時間施工","start_date":"2026-03-10","end_date":"2026-06-07","status_label":"施工中"}},{"type":"Feature","geometry":{"type":"Point","coordinates":[121.55240917508893,25.04429064699294]},"properties":{"permit_id":"11500406","city":"taipei","city_label":"臺北市","district":"大安","district_display":"大安區","addr":"市民大道4段南側（忠孝東路4段147巷至忠孝東路4段223巷）人行道鋪面更新工程","npurp":"道路維護","app_name":"新工處","tc_na":"金煌營造有限公司","co_ti":"0800至1700; 依交維計畫訂定時間施工","start_date":"2026-03-10","end_date":"2026-06-07","status_label":"施工中"}},{"type":"Feature","geometry":{"type":"Point","coordinates":[121.54973255118352,25.04460284362216]},"properties":{"permit_id":"11500406","city":"taipei","city_label":"臺北市","district":"大安","district_display":"大安區","addr":"市民大道4段南側（忠孝東路4段147巷至忠孝東路4段223巷）人行道鋪面更新工程","npurp":"道路維護","app_name":"新工處","tc_na":"金煌營造有限公司","co_ti":"0800至1700; 依交維計畫訂定時間施工","start_date":"2026-03-10","end_date":"2026-06-07","status_label":"施工中"}},{"type":"Feature","geometry":{"type":"Point","coordinates":[121.54971765164552,25.044564032954447]},"properties":{"permit_id":"11500406","city":"taipei","city_label":"臺北市","district":"大安","district_display":"大安區","addr":"市民大道4段南側(忠孝東路4段147巷至忠孝東路4段223巷)人行道","npurp":"道路維護","app_name":"新工處","tc_na":"金煌營造有限公司","co_ti":"0800至1700; 依交維計畫訂定時間施工","start_date":"2026-03-10","end_date":"2026-06-07","status_label":"施工中"}},{"type":"Feature","geometry":{"type":"Point","coordinates":[121.5506005447371,25.044516778812124]},"properties":{"permit_id":"11500406","city":"taipei","city_label":"臺北市","district":"大安","district_display":"大安區","addr":"市民大道4段南側(忠孝東路4段147巷至忠孝東路4段223巷)人行道","npurp":"道路維護","app_name":"新工處","tc_na":"金煌營造有限公司","co_ti":"0800至1700; 依交維計畫訂定時間施工","start_date":"2026-03-10","end_date":"2026-06-07","status_label":"施工中"}},{"type":"Feature","geometry":{"type":"Point","coordinates":[121.5506005447371,25.044516778812124]},"properties":{"permit_id":"11500406","city":"taipei","city_label":"臺北市","district":"大安","district_display":"大安區","addr":"市民大道4段南側(忠孝東路4段147巷至忠孝東路4段223巷)人行道","npurp":"道路維護","app_name":"新工處","tc_na":"金煌營造有限公司","co_ti":"0800至1700; 依交維計畫訂定時間施工","start_date":"2026-03-10","end_date":"2026-06-07","status_label":"施工中"}},{"type":"Feature","geometry":{"type":"Point","coordinates":[121.54971765164552,25.044564032954447]},"properties":{"permit_id":"11500406","city":"taipei","city_label":"臺北市","district":"大安","district_display":"大安區","addr":"市民大道4段南側(忠孝東路4段147巷至忠孝東路4段223巷)人行道","npurp":"道路維護","app_name":"新工處","tc_na":"金煌營造有限公司","co_ti":"0800至1700; 依交維計畫訂定時間施工","start_date":"2026-03-10","end_date":"2026-06-07","status_label":"施工中"}},{"type":"Feature","geometry":{"type":"Point","coordinates":[121.54971765164552,25.044564032954447]},"properties":{"permit_id":"11500406","city":"taipei","city_label":"臺北市","district":"大安","district_display":"大安區","addr":"市民大道4段南側(忠孝東路4段147巷至忠孝東路4段223巷)人行道","npurp":"道路維護","app_name":"新工處","tc_na":"金煌營造有限公司","co_ti":"0800至1700; 依交維計畫訂定時間施工","start_date":"2026-03-10","end_date":"2026-06-07","status_label":"施工中"}},{"type":"Feature","geometry":{"type":"Point","coordinates":[121.54973255118352,25.04460284362216]},"properties":{"permit_id":"11500406","city":"taipei","city_label":"臺北市","district":"大安","district_display":"大安區","addr":"市民大道4段南側(忠孝東路4段147巷至忠孝東路4段223巷)人行道","npurp":"道路維護","app_name":"新工處","tc_na":"金煌營造有限公司","co_ti":"0800至1700; 依交維計畫訂定時間施工","start_date":"2026-03-10","end_date":"2026-06-07","status_label":"施工中"}},{"type":"Feature","geometry":{"type":"Point","coordinates":[121.55253396688536,25.04430246109657]},"properties":{"permit_id":"11500406","city":"taipei","city_label":"臺北市","district":"大安","district_display":"大安區","addr":"市民大道4段南側(忠孝東路4段147巷至忠孝東路4段223巷)人行道","npurp":"道路維護","app_name":"新工處","tc_na":"金煌營造有限公司","co_ti":"0800至1700; 依交維計畫訂定時間施工","start_date":"2026-03-10","end_date":"2026-06-07","status_label":"施工中"}},{"type":"Feature","geometry":{"type":"Point","coordinates":[121.55253396688536,25.04430246109657]},"properties":{"permit_id":"11500406","city":"taipei","city_label":"臺北市","district":"大安","district_display":"大安區","addr":"市民大道4段南側(忠孝東路4段147巷至忠孝東路4段223巷)人行道","npurp":"道路維護","app_name":"新工處","tc_na":"金煌營造有限公司","co_ti":"0800至1700; 依交維計畫訂定時間施工","start_date":"2026-03-10","end_date":"2026-06-07","status_label":"施工中"}},{"type":"Feature","geometry":{"type":"Point","coordinates":[121.54971765164552,25.044564032954447]},"properties":{"permit_id":"11500406","city":"taipei","city_label":"臺北市","district":"大安","district_display":"大安區","addr":"市民大道4段南側(忠孝東路4段147巷至忠孝東路4段223巷)人行道","npurp":"道路維護","app_name":"新工處","tc_na":"金煌營造有限公司","co_ti":"0800至1700; 依交維計畫訂定時間施工","start_date":"2026-03-10","end_date":"2026-06-07","status_label":"施工中"}},{"type":"Feature","geometry":{"type":"Point","coordinates":[121.5506005447371,25.044516778812124]},"properties":{"permit_id":"11500406","city":"taipei","city_label":"臺北市","district":"大安","district_display":"大安區","addr":"市民大道4段南側(忠孝東路4段147巷至忠孝東路4段223巷)人行道","npurp":"道路維護","app_name":"新工處","tc_na":"金煌營造有限公司","co_ti":"0800至1700; 依交維計畫訂定時間施工","start_date":"2026-03-10","end_date":"2026-06-07","status_label":"施工中"}},{"type":"Feature","geometry":{"type":"Point","coordinates":[121.5506005447371,25.044516778812124]},"properties":{"permit_id":"11500406","city":"taipei","city_label":"臺北市","district":"大安","district_display":"大安區","addr":"市民大道4段南側(忠孝東路4段147巷至忠孝東路4段223巷)人行道","npurp":"道路維護","app_name":"新工處","tc_na":"金煌營造有限公司","co_ti":"0800至1700; 依交維計畫訂定時間施工","start_date":"2026-03-10","end_date":"2026-06-07","status_label":"施工中"}},{"type":"Feature","geometry":{"type":"Point","coordinates":[121.55240917508893,25.04429064699294]},"properties":{"permit_id":"11500406","city":"taipei","city_label":"臺北市","district":"大安","district_display":"大安區","addr":"市民大道4段南側(忠孝東路4段147巷至忠孝東路4段223巷)人行道","npurp":"道路維護","app_name":"新工處","tc_na":"金煌營造有限公司","co_ti":"0800至1700; 依交維計畫訂定時間施工","start_date":"2026-03-10","end_date":"2026-06-07","status_label":"施工中"}},{"type":"Feature","geometry":{"type":"Point","coordinates":[121.55019200212368,25.044541990991423]},"properties":{"permit_id":"11500406","city":"taipei","city_label":"臺北市","district":"大安","district_display":"大安區","addr":"市民大道4段南側(忠孝東路4段147巷至忠孝東路4段223巷)人行道","npurp":"道路維護","app_name":"新工處","tc_na":"金煌營造有限公司","co_ti":"0800至1700; 依交維計畫訂定時間施工","start_date":"2026-03-10","end_date":"2026-06-07","status_label":"施工中"}},{"type":"Feature","geometry":{"type":"Point","coordinates":[121.5506005447371,25.044516778812124]},"properties":{"permit_id":"11500406","city":"taipei","city_label":"臺北市","district":"大安","district_display":"大安區","addr":"市民大道4段南側(忠孝東路4段147巷至忠孝東路4段223巷)人行道","npurp":"道路維護","app_name":"新工處","tc_na":"金煌營造有限公司","co_ti":"0800至1700; 依交維計畫訂定時間施工","start_date":"2026-03-10","end_date":"2026-06-07","status_label":"施工中"}},{"type":"Feature","geometry":{"type":"Point","coordinates":[121.54971765164552,25.044564032954447]},"properties":{"permit_id":"11500406","city":"taipei","city_label":"臺北市","district":"大安","district_display":"大安區","addr":"市民大道4段南側(忠孝東路4段147巷至忠孝東路4段223巷)人行道","npurp":"道路維護","app_name":"新工處","tc_na":"金煌營造有限公司","co_ti":"0800至1700; 依交維計畫訂定時間施工","start_date":"2026-03-10","end_date":"2026-06-07","status_label":"施工中"}},{"type":"Feature","geometry":{"type":"Point","coordinates":[121.5506005447371,25.044516778812124]},"properties":{"permit_id":"11500406","city":"taipei","city_label":"臺北市","district":"大安","district_display":"大安區","addr":"市民大道4段南側(忠孝東路4段147巷至忠孝東路4段223巷)人行道","npurp":"道路維護","app_name":"新工處","tc_na":"金煌營造有限公司","co_ti":"0800至1700; 依交維計畫訂定時間施工","start_date":"2026-03-10","end_date":"2026-06-07","status_label":"施工中"}},{"type":"Feature","geometry":{"type":"Point","coordinates":[121.54973255118352,25.04460284362216]},"properties":{"permit_id":"11500406","city":"taipei","city_label":"臺北市","district":"大安","district_display":"大安區","addr":"市民大道4段南側(忠孝東路4段147巷至忠孝東路4段223巷)人行道","npurp":"道路維護","app_name":"新工處","tc_na":"金煌營造有限公司","co_ti":"0800至1700; 依交維計畫訂定時間施工","start_date":"2026-03-10","end_date":"2026-06-07","status_label":"施工中"}},{"type":"Feature","geometry":{"type":"Point","coordinates":[121.54971765164552,25.044564032954447]},"properties":{"permit_id":"11500406","city":"taipei","city_label":"臺北市","district":"大安","district_display":"大安區","addr":"市民大道4段南側(忠孝東路4段147巷至忠孝東路4段223巷)人行道","npurp":"道路維護","app_name":"新工處","tc_na":"金煌營造有限公司","co_ti":"0800至1700; 依交維計畫訂定時間施工","start_date":"2026-03-10","end_date":"2026-06-07","status_label":"施工中"}},{"type":"Feature","geometry":{"type":"Point","coordinates":[121.55000700193084,25.044544797584276]},"properties":{"permit_id":"11500406","city":"taipei","city_label":"臺北市","district":"大安","district_display":"大安區","addr":"市民大道4段南側(忠孝東路4段147巷至忠孝東路4段223巷)人行道","npurp":"道路維護","app_name":"新工處","tc_na":"金煌營造有限公司","co_ti":"0800至1700; 依交維計畫訂定時間施工","start_date":"2026-03-10","end_date":"2026-06-07","status_label":"施工中"}},{"type":"Feature","geometry":{"type":"Point","coordinates":[121.5506005447371,25.044516778812124]},"properties":{"permit_id":"11500406","city":"taipei","city_label":"臺北市","district":"大安","district_display":"大安區","addr":"市民大道4段南側(忠孝東路4段147巷至忠孝東路4段223巷)人行道","npurp":"道路維護","app_name":"新工處","tc_na":"金煌營造有限公司","co_ti":"0800至1700; 依交維計畫訂定時間施工","start_date":"2026-03-10","end_date":"2026-06-07","status_label":"施工中"}},{"type":"Feature","geometry":{"type":"Point","coordinates":[121.5506005447371,25.044516778812124]},"properties":{"permit_id":"11500406","city":"taipei","city_label":"臺北市","district":"大安","district_display":"大安區","addr":"市民大道4段南側(忠孝東路4段147巷至忠孝東路4段223巷)人行道","npurp":"道路維護","app_name":"新工處","tc_na":"金煌營造有限公司","co_ti":"0800至1700; 依交維計畫訂定時間施工","start_date":"2026-03-10","end_date":"2026-06-07","status_label":"施工中"}},{"type":"Feature","geometry":{"type":"Point","coordinates":[121.5506005447371,25.044516778812124]},"properties":{"permit_id":"11500406","city":"taipei","city_label":"臺北市","district":"大安","district_display":"大安區","addr":"市民大道4段南側(忠孝東路4段147巷至忠孝東路4段223巷)人行道","npurp":"道路維護","app_name":"新工處","tc_na":"金煌營造有限公司","co_ti":"0800至1700; 依交維計畫訂定時間施工","start_date":"2026-03-10","end_date":"2026-06-07","status_label":"施工中"}},{"type":"Feature","geometry":{"type":"Point","coordinates":[121.5506005447371,25.044516778812124]},"properties":{"permit_id":"11500406","city":"taipei","city_label":"臺北市","district":"大安","district_display":"大安區","addr":"市民大道4段南側(忠孝東路4段147巷至忠孝東路4段223巷)人行道","npurp":"道路維護","app_name":"新工處","tc_na":"金煌營造有限公司","co_ti":"0800至1700; 依交維計畫訂定時間施工","start_date":"2026-03-10","end_date":"2026-06-07","status_label":"施工中"}},{"type":"Feature","geometry":{"type":"Point","coordinates":[121.55027800436368,25.04451799187283]},"properties":{"permit_id":"11500406","city":"taipei","city_label":"臺北市","district":"大安","district_display":"大安區","addr":"市民大道4段南側(忠孝東路4段147巷至忠孝東路4段223巷)人行道","npurp":"道路維護","app_name":"新工處","tc_na":"金煌營造有限公司","co_ti":"0800至1700; 依交維計畫訂定時間施工","start_date":"2026-03-10","end_date":"2026-06-07","status_label":"施工中"}},{"type":"Feature","geometry":{"type":"Point","coordinates":[121.5505699964999,25.04448899531928]},"properties":{"permit_id":"11500406","city":"taipei","city_label":"臺北市","district":"大安","district_display":"大安區","addr":"市民大道4段南側(忠孝東路4段147巷至忠孝東路4段223巷)人行道","npurp":"道路維護","app_name":"新工處","tc_na":"金煌營造有限公司","co_ti":"0800至1700; 依交維計畫訂定時間施工","start_date":"2026-03-10","end_date":"2026-06-07","status_label":"施工中"}},{"type":"Feature","geometry":{"type":"Point","coordinates":[121.55127166396196,25.044446660899077]},"properties":{"permit_id":"11500406","city":"taipei","city_label":"臺北市","district":"大安","district_display":"大安區","addr":"市民大道4段南側(忠孝東路4段147巷至忠孝東路4段223巷)人行道","npurp":"道路維護","app_name":"新工處","tc_na":"金煌營造有限公司","co_ti":"0800至1700; 依交維計畫訂定時間施工","start_date":"2026-03-10","end_date":"2026-06-07","status_label":"施工中"}},{"type":"Feature","geometry":{"type":"Point","coordinates":[121.55286667024508,25.044258331081878]},"properties":{"permit_id":"11500406","city":"taipei","city_label":"臺北市","district":"大安","district_display":"大安區","addr":"市民大道4段南側(忠孝東路4段147巷至忠孝東路4段223巷)人行道","npurp":"道路維護","app_name":"新工處","tc_na":"金煌營造有限公司","co_ti":"0800至1700; 依交維計畫訂定時間施工","start_date":"2026-03-10","end_date":"2026-06-07","status_label":"施工中"}},{"type":"Feature","geometry":{"type":"Point","coordinates":[121.5506005447371,25.044516778812124]},"properties":{"permit_id":"11500406","city":"taipei","city_label":"臺北市","district":"大安","district_display":"大安區","addr":"市民大道4段南側(忠孝東路4段147巷至忠孝東路4段223巷)人行道","npurp":"道路維護","app_name":"新工處","tc_na":"金煌營造有限公司","co_ti":"0800至1700; 依交維計畫訂定時間施工","start_date":"2026-03-10","end_date":"2026-06-07","status_label":"施工中"}},{"type":"Feature","geometry":{"type":"Point","coordinates":[121.54973255118352,25.04460284362216]},"properties":{"permit_id":"11500406","city":"taipei","city_label":"臺北市","district":"大安","district_display":"大安區","addr":"市民大道4段南側(忠孝東路4段147巷至忠孝東路4段223巷)人行道","npurp":"道路維護","app_name":"新工處","tc_na":"金煌營造有限公司","co_ti":"0800至1700; 依交維計畫訂定時間施工","start_date":"2026-03-10","end_date":"2026-06-07","status_label":"施工中"}},{"type":"Feature","geometry":{"type":"Point","coordinates":[121.54971765164552,25.044564032954447]},"properties":{"permit_id":"11500406","city":"taipei","city_label":"臺北市","district":"大安","district_display":"大安區","addr":"市民大道4段南側(忠孝東路4段147巷至忠孝東路4段223巷)人行道","npurp":"道路維護","app_name":"新工處","tc_na":"金煌營造有限公司","co_ti":"0800至1700; 依交維計畫訂定時間施工","start_date":"2026-03-10","end_date":"2026-06-07","status_label":"施工中"}},{"type":"Feature","geometry":{"type":"Point","coordinates":[121.54971765164552,25.044564032954447]},"properties":{"permit_id":"11500406","city":"taipei","city_label":"臺北市","district":"大安","district_display":"大安區","addr":"市民大道4段南側(忠孝東路4段147巷至忠孝東路4段223巷)人行道","npurp":"道路維護","app_name":"新工處","tc_na":"金煌營造有限公司","co_ti":"0800至1700; 依交維計畫訂定時間施工","start_date":"2026-03-10","end_date":"2026-06-07","status_label":"施工中"}},{"type":"Feature","geometry":{"type":"Point","coordinates":[121.54971765164552,25.044564032954447]},"properties":{"permit_id":"11500406","city":"taipei","city_label":"臺北市","district":"大安","district_display":"大安區","addr":"市民大道4段南側(忠孝東路4段147巷至忠孝東路4段223巷)人行道","npurp":"道路維護","app_name":"新工處","tc_na":"金煌營造有限公司","co_ti":"0800至1700; 依交維計畫訂定時間施工","start_date":"2026-03-10","end_date":"2026-06-07","status_label":"施工中"}},{"type":"Feature","geometry":{"type":"Point","coordinates":[121.5506005447371,25.044516778812124]},"properties":{"permit_id":"11500406","city":"taipei","city_label":"臺北市","district":"大安","district_display":"大安區","addr":"市民大道4段南側(忠孝東路4段147巷至忠孝東路4段223巷)人行道","npurp":"道路維護","app_name":"新工處","tc_na":"金煌營造有限公司","co_ti":"0800至1700; 依交維計畫訂定時間施工","start_date":"2026-03-10","end_date":"2026-06-07","status_label":"施工中"}},{"type":"Feature","geometry":{"type":"Point","coordinates":[121.54971765164552,25.044564032954447]},"properties":{"permit_id":"11500406","city":"taipei","city_label":"臺北市","district":"大安","district_display":"大安區","addr":"市民大道4段南側(忠孝東路4段147巷至忠孝東路4段223巷)人行道","npurp":"道路維護","app_name":"新工處","tc_na":"金煌營造有限公司","co_ti":"0800至1700; 依交維計畫訂定時間施工","start_date":"2026-03-10","end_date":"2026-06-07","status_label":"施工中"}},{"type":"Feature","geometry":{"type":"Point","coordinates":[121.54971765164552,25.044564032954447]},"properties":{"permit_id":"11500406","city":"taipei","city_label":"臺北市","district":"大安","district_display":"大安區","addr":"市民大道4段南側(忠孝東路4段147巷至忠孝東路4段223巷)人行道","npurp":"道路維護","app_name":"新工處","tc_na":"金煌營造有限公司","co_ti":"0800至1700; 依交維計畫訂定時間施工","start_date":"2026-03-10","end_date":"2026-06-07","status_label":"施工中"}},{"type":"Feature","geometry":{"type":"Point","coordinates":[121.54971765164552,25.044564032954447]},"properties":{"permit_id":"11500406","city":"taipei","city_label":"臺北市","district":"大安","district_display":"大安區","addr":"市民大道4段南側(忠孝東路4段147巷至忠孝東路4段223巷)人行道","npurp":"道路維護","app_name":"新工處","tc_na":"金煌營造有限公司","co_ti":"0800至1700; 依交維計畫訂定時間施工","start_date":"2026-03-10","end_date":"2026-06-07","status_label":"施工中"}},{"type":"Feature","geometry":{"type":"Point","coordinates":[121.54971765164552,25.044564032954447]},"properties":{"permit_id":"11500406","city":"taipei","city_label":"臺北市","district":"大安","district_display":"大安區","addr":"市民大道4段南側(忠孝東路4段147巷至忠孝東路4段223巷)人行道","npurp":"道路維護","app_name":"新工處","tc_na":"金煌營造有限公司","co_ti":"0800至1700; 依交維計畫訂定時間施工","start_date":"2026-03-10","end_date":"2026-06-07","status_label":"施工中"}},{"type":"Feature","geometry":{"type":"Point","coordinates":[121.55253396688536,25.04430246109657]},"properties":{"permit_id":"11500406","city":"taipei","city_label":"臺北市","district":"大安","district_display":"大安區","addr":"市民大道4段南側(忠孝東路4段147巷至忠孝東路4段223巷)人行道","npurp":"道路維護","app_name":"新工處","tc_na":"金煌營造有限公司","co_ti":"0800至1700; 依交維計畫訂定時間施工","start_date":"2026-03-10","end_date":"2026-06-07","status_label":"施工中"}},{"type":"Feature","geometry":{"type":"Point","coordinates":[121.55289199617825,25.04422199821226]},"properties":{"permit_id":"11500406","city":"taipei","city_label":"臺北市","district":"大安","district_display":"大安區","addr":"市民大道4段南側(忠孝東路4段147巷至忠孝東路4段223巷)人行道","npurp":"道路維護","app_name":"新工處","tc_na":"金煌營造有限公司","co_ti":"0800至1700; 依交維計畫訂定時間施工","start_date":"2026-03-10","end_date":"2026-06-07","status_label":"施工中"}},{"type":"Feature","geometry":{"type":"Point","coordinates":[121.55292698770718,25.044206276533647]},"properties":{"permit_id":"11500406","city":"taipei","city_label":"臺北市","district":"大安","district_display":"大安區","addr":"市民大道4段南側(忠孝東路4段147巷至忠孝東路4段223巷)人行道","npurp":"道路維護","app_name":"新工處","tc_na":"金煌營造有限公司","co_ti":"0800至1700; 依交維計畫訂定時間施工","start_date":"2026-03-10","end_date":"2026-06-07","status_label":"施工中"}},{"type":"Feature","geometry":{"type":"Point","coordinates":[121.5528760040251,25.044215990870885]},"properties":{"permit_id":"11500406","city":"taipei","city_label":"臺北市","district":"大安","district_display":"大安區","addr":"市民大道4段南側(忠孝東路4段147巷至忠孝東路4段223巷)人行道","npurp":"道路維護","app_name":"新工處","tc_na":"金煌營造有限公司","co_ti":"0800至1700; 依交維計畫訂定時間施工","start_date":"2026-03-10","end_date":"2026-06-07","status_label":"施工中"}},{"type":"Feature","geometry":{"type":"Point","coordinates":[121.54973255118352,25.04460284362216]},"properties":{"permit_id":"11500406","city":"taipei","city_label":"臺北市","district":"大安","district_display":"大安區","addr":"市民大道4段南側(忠孝東路4段147巷至忠孝東路4段223巷)人行道","npurp":"道路維護","app_name":"新工處","tc_na":"金煌營造有限公司","co_ti":"0800至1700; 依交維計畫訂定時間施工","start_date":"2026-03-10","end_date":"2026-06-07","status_label":"施工中"}},{"type":"Feature","geometry":{"type":"Point","coordinates":[121.54973255118352,25.04460284362216]},"properties":{"permit_id":"11500406","city":"taipei","city_label":"臺北市","district":"大安","district_display":"大安區","addr":"市民大道4段南側(忠孝東路4段147巷至忠孝東路4段223巷)人行道","npurp":"道路維護","app_name":"新工處","tc_na":"金煌營造有限公司","co_ti":"0800至1700; 依交維計畫訂定時間施工","start_date":"2026-03-10","end_date":"2026-06-07","status_label":"施工中"}},{"type":"Feature","geometry":{"type":"Point","coordinates":[121.55253396688536,25.04430246109657]},"properties":{"permit_id":"11500406","city":"taipei","city_label":"臺北市","district":"大安","district_display":"大安區","addr":"市民大道4段南側(忠孝東路4段147巷至忠孝東路4段223巷)人行道","npurp":"道路維護","app_name":"新工處","tc_na":"金煌營造有限公司","co_ti":"0800至1700; 依交維計畫訂定時間施工","start_date":"2026-03-10","end_date":"2026-06-07","status_label":"施工中"}},{"type":"Feature","geometry":{"type":"Point","coordinates":[121.53808097809964,25.02943387987437]},"properties":{"permit_id":"11500490","city":"taipei","city_label":"臺北市","district":"大安","district_display":"大安區","addr":"建國南路2段79巷至建國南路2段151巷間人行道鋪面更新工程","npurp":"道路維護","app_name":"新工處","tc_na":"福呈營造股份有限公司","co_ti":"0900-1700; 依交維計畫訂定時間施工","start_date":"2026-03-23","end_date":"2026-06-30","status_label":"施工中"}},{"type":"Feature","geometry":{"type":"Point","coordinates":[121.53808191129256,25.029245694994632]},"properties":{"permit_id":"11500490","city":"taipei","city_label":"臺北市","district":"大安","district_display":"大安區","addr":"建國南路2段79巷至建國南路2段151巷間人行道鋪面更新工程","npurp":"道路維護","app_name":"新工處","tc_na":"福呈營造股份有限公司","co_ti":"0900-1700; 依交維計畫訂定時間施工","start_date":"2026-03-23","end_date":"2026-06-30","status_label":"施工中"}},{"type":"Feature","geometry":{"type":"Point","coordinates":[121.53806981152326,25.028888741033697]},"properties":{"permit_id":"11500490","city":"taipei","city_label":"臺北市","district":"大安","district_display":"大安區","addr":"建國南路2段79巷至建國南路2段151巷間人行道鋪面更新工程","npurp":"道路維護","app_name":"新工處","tc_na":"福呈營造股份有限公司","co_ti":"0900-1700; 依交維計畫訂定時間施工","start_date":"2026-03-23","end_date":"2026-06-30","status_label":"施工中"}},{"type":"Feature","geometry":{"type":"Point","coordinates":[121.53808191129256,25.029245694994632]},"properties":{"permit_id":"11500490","city":"taipei","city_label":"臺北市","district":"大安","district_display":"大安區","addr":"建國南路2段79巷至建國南路2段151巷間人行道鋪面更新工程","npurp":"道路維護","app_name":"新工處","tc_na":"福呈營造股份有限公司","co_ti":"0900-1700; 依交維計畫訂定時間施工","start_date":"2026-03-23","end_date":"2026-06-30","status_label":"施工中"}},{"type":"Feature","geometry":{"type":"Point","coordinates":[121.53809223288808,25.030662634242795]},"properties":{"permit_id":"11500490","city":"taipei","city_label":"臺北市","district":"大安","district_display":"大安區","addr":"建國南路2段79巷至建國南路2段151巷間人行道鋪面更新工程","npurp":"道路維護","app_name":"新工處","tc_na":"福呈營造股份有限公司","co_ti":"0900-1700; 依交維計畫訂定時間施工","start_date":"2026-03-23","end_date":"2026-06-30","status_label":"施工中"}},{"type":"Feature","geometry":{"type":"Point","coordinates":[121.53808097809964,25.02943387987437]},"properties":{"permit_id":"11500490","city":"taipei","city_label":"臺北市","district":"大安","district_display":"大安區","addr":"建國南路2段79巷至建國南路2段151巷間人行道鋪面更新工程","npurp":"道路維護","app_name":"新工處","tc_na":"福呈營造股份有限公司","co_ti":"0900-1700; 依交維計畫訂定時間施工","start_date":"2026-03-23","end_date":"2026-06-30","status_label":"施工中"}},{"type":"Feature","geometry":{"type":"Point","coordinates":[121.53806981152326,25.028888741033697]},"properties":{"permit_id":"11500490","city":"taipei","city_label":"臺北市","district":"大安","district_display":"大安區","addr":"建國南路2段79巷至建國南路2段151巷間人行道鋪面更新工程","npurp":"道路維護","app_name":"新工處","tc_na":"福呈營造股份有限公司","co_ti":"0900-1700; 依交維計畫訂定時間施工","start_date":"2026-03-23","end_date":"2026-06-30","status_label":"施工中"}},{"type":"Feature","geometry":{"type":"Point","coordinates":[121.53754960066776,25.00979435440541]},"properties":{"permit_id":"115000845","city":"taipei","city_label":"臺北市","district":"大安","district_display":"大安區","addr":"羅斯福路4段與羅斯福路4段123巷21弄口(東側道路)","npurp":"市政建設(交通局-交通號誌)","app_name":"交工處","tc_na":"誌亨工程有限公司","co_ti":"易壅塞路段日間施工10時至15時","start_date":"2026-04-20","end_date":"2026-05-05","status_label":"施工中"}},{"type":"Feature","geometry":{"type":"Point","coordinates":[121.54682333510016,25.02458332410829]},"properties":{"permit_id":"11500780","city":"taipei","city_label":"臺北市","district":"大安","district_display":"大安區","addr":"和平東路3段(雙號側)(基隆路2段至臥龍街)","npurp":"道路維護","app_name":"新工處","tc_na":"鋐城營造有限公司","co_ti":"每日施工時間9時至17時;工區24小時留設; 依交維計畫訂定時間施工","start_date":"2026-04-23","end_date":"2026-05-18","status_label":"施工中"}},{"type":"Feature","geometry":{"type":"Point","coordinates":[121.5468313960078,25.02459569001942]},"properties":{"permit_id":"11500780","city":"taipei","city_label":"臺北市","district":"大安","district_display":"大安區","addr":"和平東路3段(雙號側)(基隆路2段至臥龍街)","npurp":"道路維護","app_name":"新工處","tc_na":"鋐城營造有限公司","co_ti":"每日施工時間9時至17時;工區24小時留設; 依交維計畫訂定時間施工","start_date":"2026-04-23","end_date":"2026-05-18","status_label":"施工中"}},{"type":"Feature","geometry":{"type":"Point","coordinates":[121.55208822932924,25.024260854443543]},"properties":{"permit_id":"11500780","city":"taipei","city_label":"臺北市","district":"大安","district_display":"大安區","addr":"和平東路3段(雙號側)(基隆路2段至臥龍街)","npurp":"道路維護","app_name":"新工處","tc_na":"鋐城營造有限公司","co_ti":"每日施工時間9時至17時;工區24小時留設; 依交維計畫訂定時間施工","start_date":"2026-04-23","end_date":"2026-05-18","status_label":"施工中"}},{"type":"Feature","geometry":{"type":"Point","coordinates":[121.54676404451354,25.02460171573607]},"properties":{"permit_id":"11500780","city":"taipei","city_label":"臺北市","district":"大安","district_display":"大安區","addr":"和平東路3段(雙號側)(基隆路2段至臥龍街)","npurp":"道路維護","app_name":"新工處","tc_na":"鋐城營造有限公司","co_ti":"每日施工時間9時至17時;工區24小時留設; 依交維計畫訂定時間施工","start_date":"2026-04-23","end_date":"2026-05-18","status_label":"施工中"}},{"type":"Feature","geometry":{"type":"Point","coordinates":[121.55208822932924,25.024260854443543]},"properties":{"permit_id":"11500780","city":"taipei","city_label":"臺北市","district":"大安","district_display":"大安區","addr":"和平東路3段(雙號側)(基隆路2段至臥龍街)","npurp":"道路維護","app_name":"新工處","tc_na":"鋐城營造有限公司","co_ti":"每日施工時間9時至17時;工區24小時留設; 依交維計畫訂定時間施工","start_date":"2026-04-23","end_date":"2026-05-18","status_label":"施工中"}},{"type":"Feature","geometry":{"type":"Point","coordinates":[121.5369090145529,25.034588325979453]},"properties":{"permit_id":"115000933","city":"taipei","city_label":"臺北市","district":"大安","district_display":"大安區","addr":"新生南路1段161巷31號","npurp":"市政建設(水利處-側溝更新)","app_name":"水利處","tc_na":"安宏營造有限公司","co_ti":"新生南路1段本線日間施工9時至17時；其餘路段日間施工9時至18時。","start_date":"2026-04-28","end_date":"2026-07-21","status_label":"施工中"}},{"type":"Feature","geometry":{"type":"Point","coordinates":[121.5367269169353,25.03459446380758]},"properties":{"permit_id":"115000933","city":"taipei","city_label":"臺北市","district":"大安","district_display":"大安區","addr":"新生南路1段161巷31號","npurp":"市政建設(水利處-側溝更新)","app_name":"水利處","tc_na":"安宏營造有限公司","co_ti":"新生南路1段本線日間施工9時至17時；其餘路段日間施工9時至18時。","start_date":"2026-04-28","end_date":"2026-07-21","status_label":"施工中"}},{"type":"Feature","geometry":{"type":"Point","coordinates":[121.5369090145529,25.034588325979453]},"properties":{"permit_id":"115000933","city":"taipei","city_label":"臺北市","district":"大安","district_display":"大安區","addr":"新生南路1段161巷31號","npurp":"市政建設(水利處-側溝更新)","app_name":"水利處","tc_na":"安宏營造有限公司","co_ti":"新生南路1段本線日間施工9時至17時；其餘路段日間施工9時至18時。","start_date":"2026-04-28","end_date":"2026-07-21","status_label":"施工中"}},{"type":"Feature","geometry":{"type":"Point","coordinates":[121.53132141506904,25.02330132204423]},"properties":{"permit_id":"11404311-1","city":"taipei","city_label":"臺北市","district":"大安","district_display":"大安區","addr":"龍坡里泰順街46-1號對向溝蓋更新","npurp":"道路維護","app_name":"新工處","tc_na":"立向營造有限公司","co_ti":"08:00-18:00; 依交維計畫訂定時間施工","start_date":"2026-04-29","end_date":"2026-05-29","status_label":"施工中"}},{"type":"Feature","geometry":{"type":"Point","coordinates":[121.53132141506904,25.02330132204423]},"properties":{"permit_id":"11404311-1","city":"taipei","city_label":"臺北市","district":"大安","district_display":"大安區","addr":"龍坡里泰順街46-1號對向溝蓋更新","npurp":"道路維護","app_name":"新工處","tc_na":"立向營造有限公司","co_ti":"08:00-18:00; 依交維計畫訂定時間施工","start_date":"2026-04-29","end_date":"2026-05-29","status_label":"施工中"}},{"type":"Feature","geometry":{"type":"Point","coordinates":[121.561762375422,24.98904880110687]},"properties":{"permit_id":"114003534","city":"taipei","city_label":"臺北市","district":"文山","district_display":"文山區","addr":"木柵路2段138巷","npurp":"市政建設(捷運局-捷運工程)","app_name":"捷運二工處(南區)","tc_na":"東鑫龍營造有限公司","co_ti":"24小時施工，施工車輛請避開上、下午尖峰時段。","start_date":"2025-09-20","end_date":"2026-07-31","status_label":"施工中"}},{"type":"Feature","geometry":{"type":"Point","coordinates":[121.56067714207634,24.98873746967225]},"properties":{"permit_id":"114003796","city":"taipei","city_label":"臺北市","district":"文山","district_display":"文山區","addr":"木柵路2段木柵路二段67巷至木柵路二段125號","npurp":"市政建設(捷運局-捷運工程)","app_name":"捷運二工處(南區)","tc_na":"大陸工程股份有限公司","co_ti":"24小時施工，施工車輛請避開上、下午尖峰時段。","start_date":"2025-11-01","end_date":"2035-01-13","status_label":"施工中"}},{"type":"Feature","geometry":{"type":"Point","coordinates":[121.55158752196152,24.987690059634904]},"properties":{"permit_id":"114004032","city":"taipei","city_label":"臺北市","district":"文山","district_display":"文山區","addr":"木柵路1段木柵路一段(試院路雙號-辛亥路6段)","npurp":"市政建設(捷運局-捷運工程)","app_name":"捷運二工處(南區)","tc_na":"大陸工程股份有限公司","co_ti":"24小時施工，施工車輛請避開上、下午尖峰時段。","start_date":"2025-11-15","end_date":"2035-01-13","status_label":"施工中"}},{"type":"Feature","geometry":{"type":"Point","coordinates":[121.57918954557292,24.998035840648704]},"properties":{"permit_id":"114004238","city":"taipei","city_label":"臺北市","district":"文山","district_display":"文山區","addr":"新光路2段台北市立動物園前","npurp":"市政建設(捷運局-捷運工程)","app_name":"捷運二工處(南區)","tc_na":"日商華大林組營造股份有限公司","co_ti":"24小時施工，施工車輛請避開上、下午尖峰時段。","start_date":"2025-11-17","end_date":"2026-11-16","status_label":"施工中"}},{"type":"Feature","geometry":{"type":"Point","coordinates":[121.58159168313922,24.999497784922816]},"properties":{"permit_id":"114004238","city":"taipei","city_label":"臺北市","district":"文山","district_display":"文山區","addr":"新光路2段台北市立動物園前","npurp":"市政建設(捷運局-捷運工程)","app_name":"捷運二工處(南區)","tc_na":"日商華大林組營造股份有限公司","co_ti":"24小時施工，施工車輛請避開上、下午尖峰時段。","start_date":"2025-11-17","end_date":"2026-11-16","status_label":"施工中"}},{"type":"Feature","geometry":{"type":"Point","coordinates":[121.58121617039475,24.99923524430684]},"properties":{"permit_id":"114004238","city":"taipei","city_label":"臺北市","district":"文山","district_display":"文山區","addr":"新光路2段台北市立動物園前","npurp":"市政建設(捷運局-捷運工程)","app_name":"捷運二工處(南區)","tc_na":"日商華大林組營造股份有限公司","co_ti":"24小時施工，施工車輛請避開上、下午尖峰時段。","start_date":"2025-11-17","end_date":"2026-11-16","status_label":"施工中"}},{"type":"Feature","geometry":{"type":"Point","coordinates":[121.58083599320692,24.99901904402005]},"properties":{"permit_id":"114004238","city":"taipei","city_label":"臺北市","district":"文山","district_display":"文山區","addr":"新光路2段台北市立動物園前","npurp":"市政建設(捷運局-捷運工程)","app_name":"捷運二工處(南區)","tc_na":"日商華大林組營造股份有限公司","co_ti":"24小時施工，施工車輛請避開上、下午尖峰時段。","start_date":"2025-11-17","end_date":"2026-11-16","status_label":"施工中"}},{"type":"Feature","geometry":{"type":"Point","coordinates":[121.57917359809736,24.99796648577768]},"properties":{"permit_id":"113000851","city":"taipei","city_label":"臺北市","district":"文山","district_display":"文山區","addr":"新光路2段8號至32號、秀明路二段與萬壽路交叉路口","npurp":"市政建設(捷運局-捷運工程)","app_name":"捷運二工處(南區)","tc_na":"大陸工程股份有限公司","co_ti":"24小時施工，施工車輛請避開上、下午尖峰時段。","start_date":"2026-01-01","end_date":"2032-04-10","status_label":"施工中"}},{"type":"Feature","geometry":{"type":"Point","coordinates":[121.57086347924292,24.99034824843688]},"properties":{"permit_id":"114003599","city":"taipei","city_label":"臺北市","district":"文山","district_display":"文山區","addr":"木新路1段木新路一段開元街口至木柵路三段246號","npurp":"市政建設(捷運局-捷運工程)","app_name":"捷運二工處(南區)","tc_na":"大陸工程股份有限公司","co_ti":"24小時施工，施工車輛請避開上、下午尖峰時段。","start_date":"2026-01-01","end_date":"2035-01-13","status_label":"施工中"}},{"type":"Feature","geometry":{"type":"Point","coordinates":[121.5606874958159,24.9869799360614]},"properties":{"permit_id":"115000194","city":"taipei","city_label":"臺北市","district":"文山","district_display":"文山區","addr":"興隆路4段西側木柵公園候車亭","npurp":"市政建設(交通局-候車亭)","app_name":"都發局","tc_na":"宏燁營造有限公司","co_ti":"日間施工9時30分至16時","start_date":"2026-01-28","end_date":"2026-05-29","status_label":"施工中"}},{"type":"Feature","geometry":{"type":"Point","coordinates":[121.5607045896765,24.986935579707485]},"properties":{"permit_id":"115000194","city":"taipei","city_label":"臺北市","district":"文山","district_display":"文山區","addr":"興隆路4段西側木柵公園候車亭","npurp":"市政建設(交通局-候車亭)","app_name":"都發局","tc_na":"宏燁營造有限公司","co_ti":"日間施工9時30分至16時","start_date":"2026-01-28","end_date":"2026-05-29","status_label":"施工中"}},{"type":"Feature","geometry":{"type":"Point","coordinates":[121.5606874958159,24.9869799360614]},"properties":{"permit_id":"115000194","city":"taipei","city_label":"臺北市","district":"文山","district_display":"文山區","addr":"興隆路4段西側木柵公園候車亭","npurp":"市政建設(交通局-候車亭)","app_name":"都發局","tc_na":"宏燁營造有限公司","co_ti":"日間施工9時30分至16時","start_date":"2026-01-28","end_date":"2026-05-29","status_label":"施工中"}},{"type":"Feature","geometry":{"type":"Point","coordinates":[121.5606874958159,24.9869799360614]},"properties":{"permit_id":"115000194","city":"taipei","city_label":"臺北市","district":"文山","district_display":"文山區","addr":"興隆路4段西側木柵公園候車亭","npurp":"市政建設(交通局-候車亭)","app_name":"都發局","tc_na":"宏燁營造有限公司","co_ti":"日間施工9時30分至16時","start_date":"2026-01-28","end_date":"2026-05-29","status_label":"施工中"}},{"type":"Feature","geometry":{"type":"Point","coordinates":[121.5606874958159,24.9869799360614]},"properties":{"permit_id":"115000194","city":"taipei","city_label":"臺北市","district":"文山","district_display":"文山區","addr":"興隆路4段西側木柵公園候車亭","npurp":"市政建設(交通局-候車亭)","app_name":"都發局","tc_na":"宏燁營造有限公司","co_ti":"日間施工9時30分至16時","start_date":"2026-01-28","end_date":"2026-05-29","status_label":"施工中"}},{"type":"Feature","geometry":{"type":"Point","coordinates":[121.5606874958159,24.9869799360614]},"properties":{"permit_id":"115000194","city":"taipei","city_label":"臺北市","district":"文山","district_display":"文山區","addr":"興隆路4段西側木柵公園候車亭","npurp":"市政建設(交通局-候車亭)","app_name":"都發局","tc_na":"宏燁營造有限公司","co_ti":"日間施工9時30分至16時","start_date":"2026-01-28","end_date":"2026-05-29","status_label":"施工中"}},{"type":"Feature","geometry":{"type":"Point","coordinates":[121.55119181392394,24.999068744890565]},"properties":{"permit_id":"11500444","city":"taipei","city_label":"臺北市","district":"文山","district_display":"文山區","addr":"興隆路2段96巷23之1號至興隆路2段220巷65弄29號","npurp":"道路維護","app_name":"新工處","tc_na":"鋐城營造有限公司","co_ti":"每日施工時間9時至17時;工區24小時留設; 依交維計畫訂定時間施工","start_date":"2026-03-16","end_date":"2026-05-18","status_label":"施工中"}},{"type":"Feature","geometry":{"type":"Point","coordinates":[121.5508236795132,24.99966674935102]},"properties":{"permit_id":"11500444","city":"taipei","city_label":"臺北市","district":"文山","district_display":"文山區","addr":"興隆路2段96巷23之1號至興隆路2段220巷65弄29號","npurp":"道路維護","app_name":"新工處","tc_na":"鋐城營造有限公司","co_ti":"每日施工時間9時至17時;工區24小時留設; 依交維計畫訂定時間施工","start_date":"2026-03-16","end_date":"2026-05-18","status_label":"施工中"}},{"type":"Feature","geometry":{"type":"Point","coordinates":[121.5508236795132,24.99966674935102]},"properties":{"permit_id":"11500444","city":"taipei","city_label":"臺北市","district":"文山","district_display":"文山區","addr":"興隆路2段96巷23之1號至興隆路2段220巷65弄29號","npurp":"道路維護","app_name":"新工處","tc_na":"鋐城營造有限公司","co_ti":"每日施工時間9時至17時;工區24小時留設; 依交維計畫訂定時間施工","start_date":"2026-03-16","end_date":"2026-05-18","status_label":"施工中"}},{"type":"Feature","geometry":{"type":"Point","coordinates":[121.55111506896024,24.99949753958652]},"properties":{"permit_id":"11500444","city":"taipei","city_label":"臺北市","district":"文山","district_display":"文山區","addr":"興隆路2段96巷23之1號至興隆路2段220巷65弄29號","npurp":"道路維護","app_name":"新工處","tc_na":"鋐城營造有限公司","co_ti":"每日施工時間9時至17時;工區24小時留設; 依交維計畫訂定時間施工","start_date":"2026-03-16","end_date":"2026-05-18","status_label":"施工中"}},{"type":"Feature","geometry":{"type":"Point","coordinates":[121.55111239025076,24.99947444656909]},"properties":{"permit_id":"11500444","city":"taipei","city_label":"臺北市","district":"文山","district_display":"文山區","addr":"興隆路2段96巷23之1號至興隆路2段220巷65弄29號","npurp":"道路維護","app_name":"新工處","tc_na":"鋐城營造有限公司","co_ti":"每日施工時間9時至17時;工區24小時留設; 依交維計畫訂定時間施工","start_date":"2026-03-16","end_date":"2026-05-18","status_label":"施工中"}},{"type":"Feature","geometry":{"type":"Point","coordinates":[121.55111506896024,24.99949753958652]},"properties":{"permit_id":"11500444","city":"taipei","city_label":"臺北市","district":"文山","district_display":"文山區","addr":"興隆路2段96巷23之1號至興隆路2段220巷65弄29號","npurp":"道路維護","app_name":"新工處","tc_na":"鋐城營造有限公司","co_ti":"每日施工時間9時至17時;工區24小時留設; 依交維計畫訂定時間施工","start_date":"2026-03-16","end_date":"2026-05-18","status_label":"施工中"}},{"type":"Feature","geometry":{"type":"Point","coordinates":[121.55111506896024,24.99949753958652]},"properties":{"permit_id":"11500444","city":"taipei","city_label":"臺北市","district":"文山","district_display":"文山區","addr":"興隆路2段96巷23之1號至興隆路2段220巷65弄29號","npurp":"道路維護","app_name":"新工處","tc_na":"鋐城營造有限公司","co_ti":"每日施工時間9時至17時;工區24小時留設; 依交維計畫訂定時間施工","start_date":"2026-03-16","end_date":"2026-05-18","status_label":"施工中"}},{"type":"Feature","geometry":{"type":"Point","coordinates":[121.55111239025076,24.99947444656909]},"properties":{"permit_id":"11500444","city":"taipei","city_label":"臺北市","district":"文山","district_display":"文山區","addr":"興隆路2段96巷23之1號至興隆路2段220巷65弄29號","npurp":"道路維護","app_name":"新工處","tc_na":"鋐城營造有限公司","co_ti":"每日施工時間9時至17時;工區24小時留設; 依交維計畫訂定時間施工","start_date":"2026-03-16","end_date":"2026-05-18","status_label":"施工中"}},{"type":"Feature","geometry":{"type":"Point","coordinates":[121.5511053109792,24.999475321437693]},"properties":{"permit_id":"11500444","city":"taipei","city_label":"臺北市","district":"文山","district_display":"文山區","addr":"興隆路2段96巷23之1號至興隆路2段220巷65弄29號","npurp":"道路維護","app_name":"新工處","tc_na":"鋐城營造有限公司","co_ti":"每日施工時間9時至17時;工區24小時留設; 依交維計畫訂定時間施工","start_date":"2026-03-16","end_date":"2026-05-18","status_label":"施工中"}},{"type":"Feature","geometry":{"type":"Point","coordinates":[121.55110311985824,24.99950157427933]},"properties":{"permit_id":"11500444","city":"taipei","city_label":"臺北市","district":"文山","district_display":"文山區","addr":"興隆路2段96巷23之1號至興隆路2段220巷65弄29號","npurp":"道路維護","app_name":"新工處","tc_na":"鋐城營造有限公司","co_ti":"每日施工時間9時至17時;工區24小時留設; 依交維計畫訂定時間施工","start_date":"2026-03-16","end_date":"2026-05-18","status_label":"施工中"}},{"type":"Feature","geometry":{"type":"Point","coordinates":[121.55109860883408,24.9994807902184]},"properties":{"permit_id":"11500444","city":"taipei","city_label":"臺北市","district":"文山","district_display":"文山區","addr":"興隆路2段96巷23之1號至興隆路2段220巷65弄29號","npurp":"道路維護","app_name":"新工處","tc_na":"鋐城營造有限公司","co_ti":"每日施工時間9時至17時;工區24小時留設; 依交維計畫訂定時間施工","start_date":"2026-03-16","end_date":"2026-05-18","status_label":"施工中"}},{"type":"Feature","geometry":{"type":"Point","coordinates":[121.55111239025076,24.99947444656909]},"properties":{"permit_id":"11500444","city":"taipei","city_label":"臺北市","district":"文山","district_display":"文山區","addr":"興隆路2段96巷23之1號至興隆路2段220巷65弄29號","npurp":"道路維護","app_name":"新工處","tc_na":"鋐城營造有限公司","co_ti":"每日施工時間9時至17時;工區24小時留設; 依交維計畫訂定時間施工","start_date":"2026-03-16","end_date":"2026-05-18","status_label":"施工中"}},{"type":"Feature","geometry":{"type":"Point","coordinates":[121.57111406149038,24.995339817704608]},"properties":{"permit_id":"11500489","city":"taipei","city_label":"臺北市","district":"文山","district_display":"文山區","addr":"萬芳路東側(自木柵路四段至原野運動公園前)人行道鋪面更新工程","npurp":"道路維護","app_name":"新工處","tc_na":"福呈營造股份有限公司","co_ti":"0900-1700; 依交維計畫訂定時間施工","start_date":"2026-03-23","end_date":"2026-06-20","status_label":"施工中"}},{"type":"Feature","geometry":{"type":"Point","coordinates":[121.5708229961524,24.99571899534813]},"properties":{"permit_id":"11500489","city":"taipei","city_label":"臺北市","district":"文山","district_display":"文山區","addr":"萬芳路東側(自木柵路四段至原野運動公園前)人行道鋪面更新工程","npurp":"道路維護","app_name":"新工處","tc_na":"福呈營造股份有限公司","co_ti":"0900-1700; 依交維計畫訂定時間施工","start_date":"2026-03-23","end_date":"2026-06-20","status_label":"施工中"}},{"type":"Feature","geometry":{"type":"Point","coordinates":[121.57091021171009,24.99553915503124]},"properties":{"permit_id":"11500489","city":"taipei","city_label":"臺北市","district":"文山","district_display":"文山區","addr":"萬芳路東側(自木柵路四段至原野運動公園前)人行道鋪面更新工程","npurp":"道路維護","app_name":"新工處","tc_na":"福呈營造股份有限公司","co_ti":"0900-1700; 依交維計畫訂定時間施工","start_date":"2026-03-23","end_date":"2026-06-20","status_label":"施工中"}},{"type":"Feature","geometry":{"type":"Point","coordinates":[121.57118380113798,24.99762007425224]},"properties":{"permit_id":"11500489","city":"taipei","city_label":"臺北市","district":"文山","district_display":"文山區","addr":"萬芳路東側(自木柵路四段至原野運動公園前)人行道鋪面更新工程","npurp":"道路維護","app_name":"新工處","tc_na":"福呈營造股份有限公司","co_ti":"0900-1700; 依交維計畫訂定時間施工","start_date":"2026-03-23","end_date":"2026-06-20","status_label":"施工中"}},{"type":"Feature","geometry":{"type":"Point","coordinates":[121.57130718107187,24.99517451209489]},"properties":{"permit_id":"11500489","city":"taipei","city_label":"臺北市","district":"文山","district_display":"文山區","addr":"萬芳路東側(自木柵路四段至原野運動公園前)人行道鋪面更新工程","npurp":"道路維護","app_name":"新工處","tc_na":"福呈營造股份有限公司","co_ti":"0900-1700; 依交維計畫訂定時間施工","start_date":"2026-03-23","end_date":"2026-06-20","status_label":"施工中"}},{"type":"Feature","geometry":{"type":"Point","coordinates":[121.5709740012633,24.99689699785173]},"properties":{"permit_id":"11500489","city":"taipei","city_label":"臺北市","district":"文山","district_display":"文山區","addr":"萬芳路東側(自木柵路四段至原野運動公園前)人行道鋪面更新工程","npurp":"道路維護","app_name":"新工處","tc_na":"福呈營造股份有限公司","co_ti":"0900-1700; 依交維計畫訂定時間施工","start_date":"2026-03-23","end_date":"2026-06-20","status_label":"施工中"}},{"type":"Feature","geometry":{"type":"Point","coordinates":[121.57164514072248,24.995014066666933]},"properties":{"permit_id":"11500489","city":"taipei","city_label":"臺北市","district":"文山","district_display":"文山區","addr":"萬芳路東側(自木柵路四段至原野運動公園前)人行道鋪面更新工程","npurp":"道路維護","app_name":"新工處","tc_na":"福呈營造股份有限公司","co_ti":"0900-1700; 依交維計畫訂定時間施工","start_date":"2026-03-23","end_date":"2026-06-20","status_label":"施工中"}},{"type":"Feature","geometry":{"type":"Point","coordinates":[121.5481609090725,25.000044625164573]},"properties":{"permit_id":"11500325-1","city":"taipei","city_label":"臺北市","district":"文山","district_display":"文山區","addr":"興隆路2段78巷至88號","npurp":"道路維護","app_name":"新工處","tc_na":"文昌營造工程有限公司","co_ti":"自9時0分至17時0分; 依交維計畫訂定時間施工","start_date":"2026-04-01","end_date":"2026-05-07","status_label":"施工中"}},{"type":"Feature","geometry":{"type":"Point","coordinates":[121.54852499674205,25.000470990035403]},"properties":{"permit_id":"11500325-1","city":"taipei","city_label":"臺北市","district":"文山","district_display":"文山區","addr":"興隆路2段78巷至88號","npurp":"道路維護","app_name":"新工處","tc_na":"文昌營造工程有限公司","co_ti":"自9時0分至17時0分; 依交維計畫訂定時間施工","start_date":"2026-04-01","end_date":"2026-05-07","status_label":"施工中"}},{"type":"Feature","geometry":{"type":"Point","coordinates":[121.55463904790336,24.979533404656717]},"properties":{"permit_id":"11500696","city":"taipei","city_label":"臺北市","district":"文山","district_display":"文山區","addr":"文山區樟新里樟新街8巷5弄、樟新街15巷(樟新街至一壽街20巷)路面及溝蓋更新","npurp":"道路維護","app_name":"新工處","tc_na":"立向營造有限公司","co_ti":"08:00-18:00; 依交維計畫訂定時間施工","start_date":"2026-04-10","end_date":"2026-05-31","status_label":"施工中"}},{"type":"Feature","geometry":{"type":"Point","coordinates":[121.55463904790336,24.979533404656717]},"properties":{"permit_id":"11500696","city":"taipei","city_label":"臺北市","district":"文山","district_display":"文山區","addr":"文山區樟新里樟新街8巷5弄、樟新街15巷(樟新街至一壽街20巷)路面及溝蓋更新","npurp":"道路維護","app_name":"新工處","tc_na":"立向營造有限公司","co_ti":"08:00-18:00; 依交維計畫訂定時間施工","start_date":"2026-04-10","end_date":"2026-05-31","status_label":"施工中"}},{"type":"Feature","geometry":{"type":"Point","coordinates":[121.5548294900396,24.978681224530288]},"properties":{"permit_id":"11500696","city":"taipei","city_label":"臺北市","district":"文山","district_display":"文山區","addr":"文山區樟新里樟新街8巷5弄、樟新街15巷(樟新街至一壽街20巷)路面及溝蓋更新","npurp":"道路維護","app_name":"新工處","tc_na":"立向營造有限公司","co_ti":"08:00-18:00; 依交維計畫訂定時間施工","start_date":"2026-04-10","end_date":"2026-05-31","status_label":"施工中"}},{"type":"Feature","geometry":{"type":"Point","coordinates":[121.55455724394685,24.979511518297816]},"properties":{"permit_id":"11500696","city":"taipei","city_label":"臺北市","district":"文山","district_display":"文山區","addr":"文山區樟新里樟新街8巷5弄、樟新街15巷(樟新街至一壽街20巷)路面及溝蓋更新","npurp":"道路維護","app_name":"新工處","tc_na":"立向營造有限公司","co_ti":"08:00-18:00; 依交維計畫訂定時間施工","start_date":"2026-04-10","end_date":"2026-05-31","status_label":"施工中"}},{"type":"Feature","geometry":{"type":"Point","coordinates":[121.55451834981211,24.979529755577403]},"properties":{"permit_id":"11500696","city":"taipei","city_label":"臺北市","district":"文山","district_display":"文山區","addr":"文山區樟新里樟新街8巷5弄、樟新街15巷(樟新街至一壽街20巷)路面及溝蓋更新","npurp":"道路維護","app_name":"新工處","tc_na":"立向營造有限公司","co_ti":"08:00-18:00; 依交維計畫訂定時間施工","start_date":"2026-04-10","end_date":"2026-05-31","status_label":"施工中"}},{"type":"Feature","geometry":{"type":"Point","coordinates":[121.5643195677857,24.988566964251177]},"properties":{"permit_id":"11500711","city":"taipei","city_label":"臺北市","district":"文山","district_display":"文山區","addr":"木柵路2段(169號至久康街口)及木柵路3段(77號至125號及104號至144號)","npurp":"道路維護","app_name":"新工處","tc_na":"鋐城營造有限公司","co_ti":"每日施工時間9時至17時;工區24小時留設; 依交維計畫訂定時間施工","start_date":"2026-04-16","end_date":"2026-06-30","status_label":"施工中"}},{"type":"Feature","geometry":{"type":"Point","coordinates":[121.56792298285396,24.988827520620926]},"properties":{"permit_id":"11500711","city":"taipei","city_label":"臺北市","district":"文山","district_display":"文山區","addr":"木柵路2段(169號至久康街口)及木柵路3段(77號至125號及104號至144號)","npurp":"道路維護","app_name":"新工處","tc_na":"鋐城營造有限公司","co_ti":"每日施工時間9時至17時;工區24小時留設; 依交維計畫訂定時間施工","start_date":"2026-04-16","end_date":"2026-06-30","status_label":"施工中"}},{"type":"Feature","geometry":{"type":"Point","coordinates":[121.56465219091588,24.988521726563544]},"properties":{"permit_id":"11500711","city":"taipei","city_label":"臺北市","district":"文山","district_display":"文山區","addr":"木柵路2段(169號至久康街口)及木柵路3段(77號至125號及104號至144號)","npurp":"道路維護","app_name":"新工處","tc_na":"鋐城營造有限公司","co_ti":"每日施工時間9時至17時;工區24小時留設; 依交維計畫訂定時間施工","start_date":"2026-04-16","end_date":"2026-06-30","status_label":"施工中"}},{"type":"Feature","geometry":{"type":"Point","coordinates":[121.56695563137453,24.98862152245128]},"properties":{"permit_id":"11500711","city":"taipei","city_label":"臺北市","district":"文山","district_display":"文山區","addr":"木柵路2段(169號至久康街口)及木柵路3段(77號至125號及104號至144號)","npurp":"道路維護","app_name":"新工處","tc_na":"鋐城營造有限公司","co_ti":"每日施工時間9時至17時;工區24小時留設; 依交維計畫訂定時間施工","start_date":"2026-04-16","end_date":"2026-06-30","status_label":"施工中"}},{"type":"Feature","geometry":{"type":"Point","coordinates":[121.56566090935692,24.988404186548223]},"properties":{"permit_id":"11500711","city":"taipei","city_label":"臺北市","district":"文山","district_display":"文山區","addr":"木柵路2段(169號至久康街口)及木柵路3段(77號至125號及104號至144號)","npurp":"道路維護","app_name":"新工處","tc_na":"鋐城營造有限公司","co_ti":"每日施工時間9時至17時;工區24小時留設; 依交維計畫訂定時間施工","start_date":"2026-04-16","end_date":"2026-06-30","status_label":"施工中"}},{"type":"Feature","geometry":{"type":"Point","coordinates":[121.56425597252286,24.988590615301707]},"properties":{"permit_id":"11500711","city":"taipei","city_label":"臺北市","district":"文山","district_display":"文山區","addr":"木柵路2段(169號至久康街口)及木柵路3段(77號至125號及104號至144號)","npurp":"道路維護","app_name":"新工處","tc_na":"鋐城營造有限公司","co_ti":"每日施工時間9時至17時;工區24小時留設; 依交維計畫訂定時間施工","start_date":"2026-04-16","end_date":"2026-06-30","status_label":"施工中"}},{"type":"Feature","geometry":{"type":"Point","coordinates":[121.56085111710271,24.988152767155576]},"properties":{"permit_id":"11500712","city":"taipei","city_label":"臺北市","district":"文山","district_display":"文山區","addr":"文山區興隆路4段101巷(興隆路至木柵路2段138巷)及木柵路2段138巷(26號至27號)","npurp":"道路維護","app_name":"新工處","tc_na":"鋐城營造有限公司","co_ti":"每日施工時間9時至17時;工區24小時留設; 依交維計畫訂定時間施工","start_date":"2026-04-18","end_date":"2026-05-05","status_label":"施工中"}},{"type":"Feature","geometry":{"type":"Point","coordinates":[121.56055707457358,24.98811690493051]},"properties":{"permit_id":"11500712","city":"taipei","city_label":"臺北市","district":"文山","district_display":"文山區","addr":"文山區興隆路4段101巷(興隆路至木柵路2段138巷)及木柵路2段138巷(26號至27號)","npurp":"道路維護","app_name":"新工處","tc_na":"鋐城營造有限公司","co_ti":"每日施工時間9時至17時;工區24小時留設; 依交維計畫訂定時間施工","start_date":"2026-04-18","end_date":"2026-05-05","status_label":"施工中"}},{"type":"Feature","geometry":{"type":"Point","coordinates":[121.56585252794645,24.984873303057167]},"properties":{"permit_id":"11500713","city":"taipei","city_label":"臺北市","district":"文山","district_display":"文山區","addr":"忠順街2段90巷","npurp":"道路維護","app_name":"新工處","tc_na":"鋐城營造有限公司","co_ti":"每日施工時間9時至17時;工區24小時留設; 依交維計畫訂定時間施工","start_date":"2026-04-20","end_date":"2026-05-16","status_label":"施工中"}},{"type":"Feature","geometry":{"type":"Point","coordinates":[121.56571252931823,24.984540715849143]},"properties":{"permit_id":"11500713","city":"taipei","city_label":"臺北市","district":"文山","district_display":"文山區","addr":"忠順街2段90巷","npurp":"道路維護","app_name":"新工處","tc_na":"鋐城營造有限公司","co_ti":"每日施工時間9時至17時;工區24小時留設; 依交維計畫訂定時間施工","start_date":"2026-04-20","end_date":"2026-05-16","status_label":"施工中"}},{"type":"Feature","geometry":{"type":"Point","coordinates":[121.56521297019326,24.98458536203378]},"properties":{"permit_id":"11500713","city":"taipei","city_label":"臺北市","district":"文山","district_display":"文山區","addr":"忠順街2段90巷","npurp":"道路維護","app_name":"新工處","tc_na":"鋐城營造有限公司","co_ti":"每日施工時間9時至17時;工區24小時留設; 依交維計畫訂定時間施工","start_date":"2026-04-20","end_date":"2026-05-16","status_label":"施工中"}},{"type":"Feature","geometry":{"type":"Point","coordinates":[121.53642536343892,25.002159992804597]},"properties":{"permit_id":"11500781","city":"taipei","city_label":"臺北市","district":"文山","district_display":"文山區","addr":"汀州路4段","npurp":"道路維護","app_name":"新工處","tc_na":"鋐城營造有限公司","co_ti":"每日施工時間9時至17時;工區24小時留設; 依交維計畫訂定時間施工","start_date":"2026-04-22","end_date":"2026-05-11","status_label":"施工中"}},{"type":"Feature","geometry":{"type":"Point","coordinates":[121.53670498798655,25.002136296488025]},"properties":{"permit_id":"11500781","city":"taipei","city_label":"臺北市","district":"文山","district_display":"文山區","addr":"汀州路4段","npurp":"道路維護","app_name":"新工處","tc_na":"鋐城營造有限公司","co_ti":"每日施工時間9時至17時;工區24小時留設; 依交維計畫訂定時間施工","start_date":"2026-04-22","end_date":"2026-05-11","status_label":"施工中"}},{"type":"Feature","geometry":{"type":"Point","coordinates":[121.53644881412836,25.010732314680435]},"properties":{"permit_id":"11500779","city":"taipei","city_label":"臺北市","district":"文山","district_display":"文山區","addr":"溪洲街82巷(汀州路4段10-1號前)","npurp":"道路維護","app_name":"新工處","tc_na":"鋐城營造有限公司","co_ti":"每日施工時間9時至17時;工區24小時留設; 依交維計畫訂定時間施工","start_date":"2026-04-25","end_date":"2026-06-14","status_label":"施工中"}},{"type":"Feature","geometry":{"type":"Point","coordinates":[121.53581245614876,25.01048066601856]},"properties":{"permit_id":"11500779","city":"taipei","city_label":"臺北市","district":"文山","district_display":"文山區","addr":"溪洲街82巷(汀州路4段10-1號前)","npurp":"道路維護","app_name":"新工處","tc_na":"鋐城營造有限公司","co_ti":"每日施工時間9時至17時;工區24小時留設; 依交維計畫訂定時間施工","start_date":"2026-04-25","end_date":"2026-06-14","status_label":"施工中"}},{"type":"Feature","geometry":{"type":"Point","coordinates":[121.53575999757167,25.010448994798068]},"properties":{"permit_id":"11500779","city":"taipei","city_label":"臺北市","district":"文山","district_display":"文山區","addr":"溪洲街82巷(汀州路4段10-1號前)","npurp":"道路維護","app_name":"新工處","tc_na":"鋐城營造有限公司","co_ti":"每日施工時間9時至17時;工區24小時留設; 依交維計畫訂定時間施工","start_date":"2026-04-25","end_date":"2026-06-14","status_label":"施工中"}},{"type":"Feature","geometry":{"type":"Point","coordinates":[121.53595931185626,25.01055548547583]},"properties":{"permit_id":"11500779","city":"taipei","city_label":"臺北市","district":"文山","district_display":"文山區","addr":"溪洲街82巷(汀州路4段10-1號前)","npurp":"道路維護","app_name":"新工處","tc_na":"鋐城營造有限公司","co_ti":"每日施工時間9時至17時;工區24小時留設; 依交維計畫訂定時間施工","start_date":"2026-04-25","end_date":"2026-06-14","status_label":"施工中"}},{"type":"Feature","geometry":{"type":"Point","coordinates":[121.53639500264634,25.010776990298123]},"properties":{"permit_id":"11500779","city":"taipei","city_label":"臺北市","district":"文山","district_display":"文山區","addr":"溪洲街82巷(汀州路4段10-1號前)","npurp":"道路維護","app_name":"新工處","tc_na":"鋐城營造有限公司","co_ti":"每日施工時間9時至17時;工區24小時留設; 依交維計畫訂定時間施工","start_date":"2026-04-25","end_date":"2026-06-14","status_label":"施工中"}},{"type":"Feature","geometry":{"type":"Point","coordinates":[121.57690160599596,24.990301325731444]},"properties":{"permit_id":"11500902","city":"taipei","city_label":"臺北市","district":"文山","district_display":"文山區","addr":"秀明路二段167號、秀明路一段107號、秀明路一段7號，共3處設施修復工程","npurp":"道路維護","app_name":"新工處","tc_na":"磐碩營造股份有限公司","co_ti":"自9時00分至18時00分; 依交維計畫訂定時間施工","start_date":"2026-04-28","end_date":"2026-05-17","status_label":"施工中"}},{"type":"Feature","geometry":{"type":"Point","coordinates":[121.56659594968627,24.99077869655173]},"properties":{"permit_id":"11500902","city":"taipei","city_label":"臺北市","district":"文山","district_display":"文山區","addr":"秀明路二段167號、秀明路一段107號、秀明路一段7號，共3處設施修復工程","npurp":"道路維護","app_name":"新工處","tc_na":"磐碩營造股份有限公司","co_ti":"自9時00分至18時00分; 依交維計畫訂定時間施工","start_date":"2026-04-28","end_date":"2026-05-17","status_label":"施工中"}},{"type":"Feature","geometry":{"type":"Point","coordinates":[121.54697059977514,24.98686083994958]},"properties":{"permit_id":"11500905","city":"taipei","city_label":"臺北市","district":"文山","district_display":"文山區","addr":"興隆路四段105號、木柵路二段169號、木柵路一段366號、木柵路一段54號，共4處設施修復工程","npurp":"道路維護","app_name":"新工處","tc_na":"磐碩營造股份有限公司","co_ti":"自9時00分至18時00分; 依交維計畫訂定時間施工","start_date":"2026-04-28","end_date":"2026-05-17","status_label":"施工中"}},{"type":"Feature","geometry":{"type":"Point","coordinates":[121.56298451643912,25.028617072355228]},"properties":{"permit_id":"11500754","city":"taipei","city_label":"臺北市","district":"松山","district_display":"松山區","addr":"光復南路56號及信義區莊敬路290號等二十一處設施零星修繕工程","npurp":"道路維護","app_name":"新工處","tc_na":"聖東營造股份有限公司","co_ti":"自08時00分至17時00分; 依交維計畫訂定時間施工","start_date":"2026-04-20","end_date":"2026-05-04","status_label":"施工中"}},{"type":"Feature","geometry":{"type":"Point","coordinates":[121.55503118755344,25.050187703168035]},"properties":{"permit_id":"11500761","city":"taipei","city_label":"臺北市","district":"松山","district_display":"松山區","addr":"寧安公園(南京東路4段120巷側)人行道更新工程","npurp":"道路維護","app_name":"新工處","tc_na":"福呈營造股份有限公司","co_ti":"0800至1800(24小時工區，尖峰時段不占用道路); 依交維計畫訂定時間施工","start_date":"2026-04-20","end_date":"2026-06-28","status_label":"施工中"}},{"type":"Feature","geometry":{"type":"Point","coordinates":[121.55497926654932,25.05015923310896]},"properties":{"permit_id":"11500761","city":"taipei","city_label":"臺北市","district":"松山","district_display":"松山區","addr":"寧安公園(南京東路4段120巷側)人行道更新工程","npurp":"道路維護","app_name":"新工處","tc_na":"福呈營造股份有限公司","co_ti":"0800至1800(24小時工區，尖峰時段不占用道路); 依交維計畫訂定時間施工","start_date":"2026-04-20","end_date":"2026-06-28","status_label":"施工中"}},{"type":"Feature","geometry":{"type":"Point","coordinates":[121.55365713059832,25.05220191478462]},"properties":{"permit_id":"11500981","city":"taipei","city_label":"臺北市","district":"松山","district_display":"松山區","addr":"南京東路四段75巷14弄1號轉角處","npurp":"道路維護","app_name":"水利處","tc_na":"泇溢營造有限公司","co_ti":"自09時00分至18時00分; 依交維計畫訂定時間施工","start_date":"2026-04-30","end_date":"2026-05-09","status_label":"施工中"}},{"type":"Feature","geometry":{"type":"Point","coordinates":[121.55364505639773,25.052218923490777]},"properties":{"permit_id":"11500981","city":"taipei","city_label":"臺北市","district":"松山","district_display":"松山區","addr":"南京東路四段75巷14弄1號轉角處","npurp":"道路維護","app_name":"水利處","tc_na":"泇溢營造有限公司","co_ti":"自09時00分至18時00分; 依交維計畫訂定時間施工","start_date":"2026-04-30","end_date":"2026-05-09","status_label":"施工中"}},{"type":"Feature","geometry":{"type":"Point","coordinates":[121.49950552958698,25.022656381456024]},"properties":{"permit_id":"106000338","city":"taipei","city_label":"臺北市","district":"萬華","district_display":"萬華區","addr":"萬大萬大路上344巷至493巷間；萬大路至長泰街73巷口；萬大路至萬大路423巷20弄巷口；萬大路至萬大路322巷5弄巷口；萬大路至東園街215號；萬大路至長泰街100號；萬大路387巷11號","npurp":"市政建設(捷運局-捷運工程)","app_name":"捷運二工處(南區)","tc_na":"大陸工程股份有限公司","co_ti":"依交維計畫全日施工","start_date":"2024-06-03","end_date":"2027-02-01","status_label":"施工中"}},{"type":"Feature","geometry":{"type":"Point","coordinates":[121.5001050013353,25.01787799474118]},"properties":{"permit_id":"11400992","city":"taipei","city_label":"臺北市","district":"萬華","district_display":"萬華區","addr":"富民路(151號至富民路155巷口)、富民路155巷(155巷口至水源路口)","npurp":"道路維護","app_name":"新工處","tc_na":"中華工程股份有限公司","co_ti":"自00時00分至24時00分; 依交維計畫訂定時間施工","start_date":"2025-04-01","end_date":"2026-06-30","status_label":"施工中"}},{"type":"Feature","geometry":{"type":"Point","coordinates":[121.50014700342732,25.0178759936626]},"properties":{"permit_id":"11400992","city":"taipei","city_label":"臺北市","district":"萬華","district_display":"萬華區","addr":"富民路(151號至富民路155巷口)、富民路155巷(155巷口至水源路口)","npurp":"道路維護","app_name":"新工處","tc_na":"中華工程股份有限公司","co_ti":"自00時00分至24時00分","start_date":"2025-04-01","end_date":"2026-06-30","status_label":"施工中"}},{"type":"Feature","geometry":{"type":"Point","coordinates":[121.50393250183288,25.030080290892137]},"properties":{"permit_id":"11200189-19","city":"taipei","city_label":"臺北市","district":"萬華","district_display":"萬華區","addr":"南海路/羅斯福路至南海路/和平西路口西藏路/汀洲路口至萬大路/長泰街口","npurp":"道路維護","app_name":"捷運二工處(南區)","tc_na":"大陸工程股份有限公司","co_ti":"自00時00分至23時59分","start_date":"2026-01-01","end_date":"2026-06-30","status_label":"施工中"}},{"type":"Feature","geometry":{"type":"Point","coordinates":[121.4939259957433,25.035058992131283]},"properties":{"permit_id":"11404794-1","city":"taipei","city_label":"臺北市","district":"萬華","district_display":"萬華區","addr":"環河南路2段162號至276-5號間","npurp":"道路維護","app_name":"新工處","tc_na":"安宏營造有限公司","co_ti":"自9時0分至17時0分；工區24小時圍設; 依交維計畫訂定時間施工","start_date":"2026-03-26","end_date":"2026-05-31","status_label":"施工中"}},{"type":"Feature","geometry":{"type":"Point","coordinates":[121.49384197655591,25.035005301236453]},"properties":{"permit_id":"11404794-1","city":"taipei","city_label":"臺北市","district":"萬華","district_display":"萬華區","addr":"環河南路2段162號至276-5號間","npurp":"道路維護","app_name":"新工處","tc_na":"安宏營造有限公司","co_ti":"自9時0分至17時0分；工區24小時圍設; 依交維計畫訂定時間施工","start_date":"2026-03-26","end_date":"2026-05-31","status_label":"施工中"}},{"type":"Feature","geometry":{"type":"Point","coordinates":[121.4939884483724,25.035143937805262]},"properties":{"permit_id":"11404794-1","city":"taipei","city_label":"臺北市","district":"萬華","district_display":"萬華區","addr":"環河南路2段162號至276-5號間","npurp":"道路維護","app_name":"新工處","tc_na":"安宏營造有限公司","co_ti":"自9時0分至17時0分；工區24小時圍設; 依交維計畫訂定時間施工","start_date":"2026-03-26","end_date":"2026-05-31","status_label":"施工中"}},{"type":"Feature","geometry":{"type":"Point","coordinates":[121.4940402754174,25.035240574082263]},"properties":{"permit_id":"11404794-1","city":"taipei","city_label":"臺北市","district":"萬華","district_display":"萬華區","addr":"環河南路2段162號至276-5號間","npurp":"道路維護","app_name":"新工處","tc_na":"安宏營造有限公司","co_ti":"自9時0分至17時0分；工區24小時圍設; 依交維計畫訂定時間施工","start_date":"2026-03-26","end_date":"2026-05-31","status_label":"施工中"}},{"type":"Feature","geometry":{"type":"Point","coordinates":[121.49384197655591,25.035005301236453]},"properties":{"permit_id":"11404794-1","city":"taipei","city_label":"臺北市","district":"萬華","district_display":"萬華區","addr":"環河南路2段162號至276-5號間","npurp":"道路維護","app_name":"新工處","tc_na":"安宏營造有限公司","co_ti":"自9時0分至17時0分；工區24小時圍設; 依交維計畫訂定時間施工","start_date":"2026-03-26","end_date":"2026-05-31","status_label":"施工中"}},{"type":"Feature","geometry":{"type":"Point","coordinates":[121.49384197655591,25.035005301236453]},"properties":{"permit_id":"11404794-1","city":"taipei","city_label":"臺北市","district":"萬華","district_display":"萬華區","addr":"環河南路2段162號至276-5號間","npurp":"道路維護","app_name":"新工處","tc_na":"安宏營造有限公司","co_ti":"自9時0分至17時0分；工區24小時圍設; 依交維計畫訂定時間施工","start_date":"2026-03-26","end_date":"2026-05-31","status_label":"施工中"}},{"type":"Feature","geometry":{"type":"Point","coordinates":[121.49384197655591,25.035005301236453]},"properties":{"permit_id":"11404794-1","city":"taipei","city_label":"臺北市","district":"萬華","district_display":"萬華區","addr":"環河南路2段162號至276-5號間","npurp":"道路維護","app_name":"新工處","tc_na":"安宏營造有限公司","co_ti":"自9時0分至17時0分；工區24小時圍設; 依交維計畫訂定時間施工","start_date":"2026-03-26","end_date":"2026-05-31","status_label":"施工中"}},{"type":"Feature","geometry":{"type":"Point","coordinates":[121.493607364235,25.034696695911784]},"properties":{"permit_id":"11404794-1","city":"taipei","city_label":"臺北市","district":"萬華","district_display":"萬華區","addr":"環河南路2段162號至276-5號間","npurp":"道路維護","app_name":"新工處","tc_na":"安宏營造有限公司","co_ti":"自9時0分至17時0分；工區24小時圍設; 依交維計畫訂定時間施工","start_date":"2026-03-26","end_date":"2026-05-31","status_label":"施工中"}},{"type":"Feature","geometry":{"type":"Point","coordinates":[121.50352660622144,25.01968120096068]},"properties":{"permit_id":"11500729","city":"taipei","city_label":"臺北市","district":"萬華","district_display":"萬華區","addr":"水源路(青年路至水源路213巷)","npurp":"道路維護","app_name":"新工處","tc_na":"稻田營造有限公司","co_ti":"自08時00分至18時00分; 依交維計畫訂定時間施工","start_date":"2026-04-15","end_date":"2026-06-27","status_label":"施工中"}},{"type":"Feature","geometry":{"type":"Point","coordinates":[121.50333000194304,25.01955832569873]},"properties":{"permit_id":"11500729","city":"taipei","city_label":"臺北市","district":"萬華","district_display":"萬華區","addr":"水源路(青年路至水源路213巷)","npurp":"道路維護","app_name":"新工處","tc_na":"稻田營造有限公司","co_ti":"自08時00分至18時00分; 依交維計畫訂定時間施工","start_date":"2026-04-15","end_date":"2026-06-27","status_label":"施工中"}},{"type":"Feature","geometry":{"type":"Point","coordinates":[121.5031232088732,25.019468608872728]},"properties":{"permit_id":"11500729","city":"taipei","city_label":"臺北市","district":"萬華","district_display":"萬華區","addr":"水源路(青年路至水源路213巷)","npurp":"道路維護","app_name":"新工處","tc_na":"稻田營造有限公司","co_ti":"自08時00分至18時00分; 依交維計畫訂定時間施工","start_date":"2026-04-15","end_date":"2026-06-27","status_label":"施工中"}},{"type":"Feature","geometry":{"type":"Point","coordinates":[121.50283710148712,25.01939601554907]},"properties":{"permit_id":"11500729","city":"taipei","city_label":"臺北市","district":"萬華","district_display":"萬華區","addr":"水源路(青年路至水源路213巷)","npurp":"道路維護","app_name":"新工處","tc_na":"稻田營造有限公司","co_ti":"自08時00分至18時00分; 依交維計畫訂定時間施工","start_date":"2026-04-15","end_date":"2026-06-27","status_label":"施工中"}},{"type":"Feature","geometry":{"type":"Point","coordinates":[121.5033120300127,25.01958786339629]},"properties":{"permit_id":"11500729","city":"taipei","city_label":"臺北市","district":"萬華","district_display":"萬華區","addr":"水源路(青年路至水源路213巷)","npurp":"道路維護","app_name":"新工處","tc_na":"稻田營造有限公司","co_ti":"自08時00分至18時00分; 依交維計畫訂定時間施工","start_date":"2026-04-15","end_date":"2026-06-27","status_label":"施工中"}},{"type":"Feature","geometry":{"type":"Point","coordinates":[121.5022237043169,25.019118090260385]},"properties":{"permit_id":"11500729","city":"taipei","city_label":"臺北市","district":"萬華","district_display":"萬華區","addr":"水源路(青年路至水源路213巷)","npurp":"道路維護","app_name":"新工處","tc_na":"稻田營造有限公司","co_ti":"自08時00分至18時00分; 依交維計畫訂定時間施工","start_date":"2026-04-15","end_date":"2026-06-27","status_label":"施工中"}},{"type":"Feature","geometry":{"type":"Point","coordinates":[121.50288332947063,25.019399994080835]},"properties":{"permit_id":"11500729","city":"taipei","city_label":"臺北市","district":"萬華","district_display":"萬華區","addr":"水源路(青年路至水源路213巷)","npurp":"道路維護","app_name":"新工處","tc_na":"稻田營造有限公司","co_ti":"自08時00分至18時00分; 依交維計畫訂定時間施工","start_date":"2026-04-15","end_date":"2026-06-27","status_label":"施工中"}},{"type":"Feature","geometry":{"type":"Point","coordinates":[121.50221339554328,25.01909268379729]},"properties":{"permit_id":"11500729","city":"taipei","city_label":"臺北市","district":"萬華","district_display":"萬華區","addr":"水源路(青年路至水源路213巷)","npurp":"道路維護","app_name":"新工處","tc_na":"稻田營造有限公司","co_ti":"自08時00分至18時00分; 依交維計畫訂定時間施工","start_date":"2026-04-15","end_date":"2026-06-27","status_label":"施工中"}},{"type":"Feature","geometry":{"type":"Point","coordinates":[121.49617004692162,25.02953677707269]},"properties":{"permit_id":"115000819","city":"taipei","city_label":"臺北市","district":"萬華","district_display":"萬華區","addr":"西園路2段133號(華江高中(西園)往北)","npurp":"市政建設(交通局-候車亭)","app_name":"公運處","tc_na":"日昌晟股份有限公司","co_ti":"臺北市易壅塞路段日間施工10時至15時30分","start_date":"2026-04-20","end_date":"2026-05-06","status_label":"施工中"}},{"type":"Feature","geometry":{"type":"Point","coordinates":[121.49617004692162,25.02953677707269]},"properties":{"permit_id":"115000819","city":"taipei","city_label":"臺北市","district":"萬華","district_display":"萬華區","addr":"西園路2段133號(華江高中(西園)往北)","npurp":"市政建設(交通局-候車亭)","app_name":"公運處","tc_na":"日昌晟股份有限公司","co_ti":"臺北市易壅塞路段日間施工10時至15時30分","start_date":"2026-04-20","end_date":"2026-05-06","status_label":"施工中"}},{"type":"Feature","geometry":{"type":"Point","coordinates":[121.4913544853248,25.03339281727229]},"properties":{"permit_id":"11500775","city":"taipei","city_label":"臺北市","district":"萬華","district_display":"萬華區","addr":"環河南路2段250巷5號至15號","npurp":"道路維護","app_name":"新工處","tc_na":"安宏營造有限公司","co_ti":"自9時0分至17時0分；工區24小時圍設; 依交維計畫訂定時間施工","start_date":"2026-04-22","end_date":"2026-05-28","status_label":"施工中"}},{"type":"Feature","geometry":{"type":"Point","coordinates":[121.4913544853248,25.03339281727229]},"properties":{"permit_id":"11500775","city":"taipei","city_label":"臺北市","district":"萬華","district_display":"萬華區","addr":"環河南路2段250巷5號至15號","npurp":"道路維護","app_name":"新工處","tc_na":"安宏營造有限公司","co_ti":"自9時0分至17時0分；工區24小時圍設; 依交維計畫訂定時間施工","start_date":"2026-04-22","end_date":"2026-05-28","status_label":"施工中"}},{"type":"Feature","geometry":{"type":"Point","coordinates":[121.4913544853248,25.03339281727229]},"properties":{"permit_id":"11500775","city":"taipei","city_label":"臺北市","district":"萬華","district_display":"萬華區","addr":"環河南路2段250巷5號至15號","npurp":"道路維護","app_name":"新工處","tc_na":"安宏營造有限公司","co_ti":"自9時0分至17時0分；工區24小時圍設; 依交維計畫訂定時間施工","start_date":"2026-04-22","end_date":"2026-05-28","status_label":"施工中"}},{"type":"Feature","geometry":{"type":"Point","coordinates":[121.4913544853248,25.03339281727229]},"properties":{"permit_id":"11500775","city":"taipei","city_label":"臺北市","district":"萬華","district_display":"萬華區","addr":"環河南路2段250巷5號至15號","npurp":"道路維護","app_name":"新工處","tc_na":"安宏營造有限公司","co_ti":"自9時0分至17時0分；工區24小時圍設; 依交維計畫訂定時間施工","start_date":"2026-04-22","end_date":"2026-05-28","status_label":"施工中"}},{"type":"Feature","geometry":{"type":"Point","coordinates":[121.4913544853248,25.03339281727229]},"properties":{"permit_id":"11500775","city":"taipei","city_label":"臺北市","district":"萬華","district_display":"萬華區","addr":"環河南路2段250巷5號至15號","npurp":"道路維護","app_name":"新工處","tc_na":"安宏營造有限公司","co_ti":"自9時0分至17時0分；工區24小時圍設; 依交維計畫訂定時間施工","start_date":"2026-04-22","end_date":"2026-05-28","status_label":"施工中"}},{"type":"Feature","geometry":{"type":"Point","coordinates":[121.4913544853248,25.03339281727229]},"properties":{"permit_id":"11500775","city":"taipei","city_label":"臺北市","district":"萬華","district_display":"萬華區","addr":"環河南路2段250巷5號至15號","npurp":"道路維護","app_name":"新工處","tc_na":"安宏營造有限公司","co_ti":"自9時0分至17時0分；工區24小時圍設; 依交維計畫訂定時間施工","start_date":"2026-04-22","end_date":"2026-05-28","status_label":"施工中"}},{"type":"Feature","geometry":{"type":"Point","coordinates":[121.49371284111903,25.029908233339796]},"properties":{"permit_id":"11500462-1","city":"taipei","city_label":"臺北市","district":"萬華","district_display":"萬華區","addr":"雙園街60巷 (西藏路至雙園街)","npurp":"道路維護","app_name":"新工處","tc_na":"華三營造股份有限公司","co_ti":"09:00-18:00; 依交維計畫訂定時間施工","start_date":"2026-05-01","end_date":"2026-05-31","status_label":"施工中"}},{"type":"Feature","geometry":{"type":"Point","coordinates":[121.49390478178309,25.030082154525108]},"properties":{"permit_id":"11500462-1","city":"taipei","city_label":"臺北市","district":"萬華","district_display":"萬華區","addr":"雙園街60巷 (西藏路至雙園街)","npurp":"道路維護","app_name":"新工處","tc_na":"華三營造股份有限公司","co_ti":"09:00-18:00; 依交維計畫訂定時間施工","start_date":"2026-05-01","end_date":"2026-05-31","status_label":"施工中"}}]}